ISO-10303-21;
HEADER;
FILE_DESCRIPTION (( 'STEP AP214' ),
    '1' );
FILE_NAME ('IRB660_180-315_BALANCE_b_CAD_rev02.STEP',
    '2016-12-02T12:01:57',
    ( 'ABB' ),
    ( 'ABB' ),
    'SwSTEP 2.0',
    'SolidWorks 2014',
    '' );
FILE_SCHEMA (( 'AUTOMOTIVE_DESIGN' ));
ENDSEC;

DATA;
#1 = CARTESIAN_POINT ( 'NONE',  ( 354.0788713641795200, 284.1186197365474300, 1123.197362197347000 ) ) ;
#2 = DIRECTION ( 'NONE',  ( -0.03972146605918087900, -2.471269613751844700E-016, 0.9992107911417437100 ) ) ;
#3 = PLANE ( 'NONE',  #298 ) ;
#4 = VECTOR ( 'NONE', #1111, 999.9999999999998900 ) ;
#5 = ORIENTED_EDGE ( 'NONE', *, *, #611, .F. ) ;
#6 = AXIS2_PLACEMENT_3D ( 'NONE', #755, #349, #732 ) ;
#7 = EDGE_LOOP ( 'NONE', ( #1106, #644, #76, #1192, #851 ) ) ;
#8 = DIRECTION ( 'NONE',  ( 0.9992107911417432700, 0.0000000000000000000, 0.03972146605919171800 ) ) ;
#9 = ORIENTED_EDGE ( 'NONE', *, *, #1441, .T. ) ;
#10 = CIRCLE ( 'NONE', #602, 39.00000000000005000 ) ;
#11 = ORIENTED_EDGE ( 'NONE', *, *, #1410, .F. ) ;
#12 = DIRECTION ( 'NONE',  ( 0.9992107911417437100, 2.896256122257998500E-031, 0.03972146605918087900 ) ) ;
#13 = CARTESIAN_POINT ( 'NONE',  ( 303.5257440883027000, 269.2499999999932900, 1991.308377377486100 ) ) ;
#14 = LINE ( 'NONE', #1115, #4 ) ;
#15 = ORIENTED_EDGE ( 'NONE', *, *, #1356, .T. ) ;
#16 = DIRECTION ( 'NONE',  ( 3.457182549974561700E-032, -1.000000000000000000, -3.664789652638603500E-015 ) ) ;
#17 = CIRCLE ( 'NONE', #253, 34.99999999999992200 ) ;
#18 = ORIENTED_EDGE ( 'NONE', *, *, #566, .F. ) ;
#19 = CARTESIAN_POINT ( 'NONE',  ( 387.5816850781994800, 197.2499999999961600, 1135.609767310389500 ) ) ;
#20 = DIRECTION ( 'NONE',  ( 0.9992107911417381600, -2.820968403229531700E-031, 0.03972146605931793600 ) ) ;
#21 = CARTESIAN_POINT ( 'NONE',  ( 371.6524675043176000, 269.2499999999962500, 1113.862289276172100 ) ) ;
#22 = DIRECTION ( 'NONE',  ( 0.0000000000000000000, 3.172065784643311700E-015, -1.000000000000000000 ) ) ;
#23 = AXIS2_PLACEMENT_3D ( 'NONE', #775, #312, #795 ) ;
#24 = DIRECTION ( 'NONE',  ( 0.0000000000000000000, 4.325544251786326300E-015, -1.000000000000000000 ) ) ;
#25 = ORIENTED_EDGE ( 'NONE', *, *, #784, .F. ) ;
#26 = VECTOR ( 'NONE', #1328, 1000.000000000000100 ) ;
#27 = VERTEX_POINT ( 'NONE', #417 ) ;
#28 = DIRECTION ( 'NONE',  ( 3.457182549974561700E-032, -1.000000000000000000, -3.664789652638603500E-015 ) ) ;
#29 = CIRCLE ( 'NONE', #257, 38.49999999999997900 ) ;
#30 = CARTESIAN_POINT ( 'NONE',  ( 340.1837594782790600, 269.2499999999965900, 1069.160023011081900 ) ) ;
#31 = LINE ( 'NONE', #1289, #26 ) ;
#32 = ORIENTED_EDGE ( 'NONE', *, *, #1329, .F. ) ;
#33 = ORIENTED_EDGE ( 'NONE', *, *, #1425, .F. ) ;
#34 = CARTESIAN_POINT ( 'NONE',  ( 336.3277307599840400, 269.2499999999960200, 1166.160106052634500 ) ) ;
#35 = CIRCLE ( 'NONE', #99, 44.99999999999962300 ) ;
#36 = B_SPLINE_CURVE_WITH_KNOTS ( 'NONE', 3,
 ( #981, #979, #978, #976, #969, #968 ),
 .UNSPECIFIED., .F., .F.,
 ( 4, 2, 4 ),
 ( 0.0000000000000000000, 0.005289393262130760500, 0.01057878652426152100 ),
 .UNSPECIFIED. ) ;
#37 = DIRECTION ( 'NONE',  ( 2.374581140776497600E-033, -1.000000000000000000, -3.444825727078166500E-015 ) ) ;
#38 =( GEOMETRIC_REPRESENTATION_CONTEXT ( 3 ) GLOBAL_UNCERTAINTY_ASSIGNED_CONTEXT ( ( #159 ) ) GLOBAL_UNIT_ASSIGNED_CONTEXT ( ( #887, #915, #898 ) ) REPRESENTATION_CONTEXT ( 'NONE', 'WORKASPACE' ) );
#39 = CARTESIAN_POINT ( 'NONE',  ( 316.6187351598883900, 282.2499999999962500, 1117.338705571116900 ) ) ;
#40 = CARTESIAN_POINT ( 'NONE',  ( 339.6643339089560500, 369.7499999999965300, 1102.226399596728900 ) ) ;
#41 = VECTOR ( 'NONE', #1297, 1000.000000000000000 ) ;
#42 = CARTESIAN_POINT ( 'NONE',  ( 302.8107576992372300, 269.2499999999932900, 2009.294171618037400 ) ) ;
#43 = CARTESIAN_POINT ( 'NONE',  ( 339.6643339089560500, 282.2499999999964800, 1082.226399596728700 ) ) ;
#44 = EDGE_LOOP ( 'NONE', ( #649, #73, #551, #735 ) ) ;
#45 = CARTESIAN_POINT ( 'NONE',  ( 339.6643339089560500, 287.9999999999963600, 1082.226399596728700 ) ) ;
#46 = CIRCLE ( 'NONE', #255, 100.5000000000000400 ) ;
#47 = EDGE_LOOP ( 'NONE', ( #118, #1017, #450, #387, #230, #155, #796, #1459, #121, #90 ) ) ;
#48 = VECTOR ( 'NONE', #1310, 1000.000000000000000 ) ;
#49 = STYLED_ITEM ( 'NONE', ( #857 ), #314 ) ;
#50 = ORIENTED_EDGE ( 'NONE', *, *, #351, .T. ) ;
#51 = ORIENTED_EDGE ( 'NONE', *, *, #162, .F. ) ;
#52 = DIRECTION ( 'NONE',  ( -0.03972146605919264800, -3.375800051292017000E-015, 0.9992107911417432700 ) ) ;
#53 = CARTESIAN_POINT ( 'NONE',  ( 339.6643339089560500, 287.9999999999963600, 1082.226399596728700 ) ) ;
#54 = CARTESIAN_POINT ( 'NONE',  ( 388.1949006879123700, 250.2499999999961900, 1120.184061380790600 ) ) ;
#55 = DIRECTION ( 'NONE',  ( 0.9992107911417381600, -2.820968403229531700E-031, 0.03972146605931793600 ) ) ;
#56 = CARTESIAN_POINT ( 'NONE',  ( 315.3129069393052100, 282.2499999999962500, 1116.126350366251700 ) ) ;
#57 = CIRCLE ( 'NONE', #251, 40.49999999999918300 ) ;
#58 = ORIENTED_EDGE ( 'NONE', *, *, #624, .F. ) ;
#59 = ORIENTED_EDGE ( 'NONE', *, *, #930, .F. ) ;
#60 = CARTESIAN_POINT ( 'NONE',  ( 358.7665620031748400, 269.2499999999932900, 2011.518573717352000 ) ) ;
#61 = CARTESIAN_POINT ( 'NONE',  ( 339.6643339089560500, 294.4999999999963600, 1082.226399596728700 ) ) ;
#62 = ORIENTED_EDGE ( 'NONE', *, *, #674, .F. ) ;
#63 = VERTEX_POINT ( 'NONE', #308 ) ;
#64 = VERTEX_POINT ( 'NONE', #609 ) ;
#65 = AXIS2_PLACEMENT_3D ( 'NONE', #1283, #1099, #1270 ) ;
#66 = ORIENTED_EDGE ( 'NONE', *, *, #624, .T. ) ;
#67 = DIRECTION ( 'NONE',  ( 0.0000000000000000000, 4.325544251786326300E-015, -1.000000000000000000 ) ) ;
#68 = CARTESIAN_POINT ( 'NONE',  ( 339.0013634236734700, 269.2499999999963100, 1098.903711106718400 ) ) ;
#69 = CARTESIAN_POINT ( 'NONE',  ( 339.0013634236767100, 269.2499999999962500, 1098.903711106716400 ) ) ;
#70 = CARTESIAN_POINT ( 'NONE',  ( 352.7168777582713800, 253.5749956688207500, 1123.784035348927800 ) ) ;
#71 = ADVANCED_BREP_SHAPE_REPRESENTATION ( 'IRB660_180-315_BALANCE_b_CAD_rev02', ( #314, #198 ), #234 ) ;
#72 = CARTESIAN_POINT ( 'NONE',  ( 318.2518962979196400, 282.3966405491493100, 1118.924181831173700 ) ) ;
#73 = ORIENTED_EDGE ( 'NONE', *, *, #1089, .T. ) ;
#74 = LINE ( 'NONE', #1322, #48 ) ;
#75 = ORIENTED_EDGE ( 'NONE', *, *, #152, .T. ) ;
#76 = ORIENTED_EDGE ( 'NONE', *, *, #1389, .T. ) ;
#77 =( NAMED_UNIT ( * ) SI_UNIT ( $, .STERADIAN. ) SOLID_ANGLE_UNIT ( ) );
#78 = B_SPLINE_CURVE_WITH_KNOTS ( 'NONE', 3,
 ( #958, #954, #946, #945, #943, #942, #941, #939, #935, #934, #931, #928, #923, #922 ),
 .UNSPECIFIED., .F., .F.,
 ( 4, 2, 2, 2, 2, 2, 4 ),
 ( -0.01125580538455229500, -0.005627631831020310900, -0.002813545054254247600, 5.417225118174717700E-007, 0.005628715276043973600, 0.008442802052810031600, 0.01125688882957608600 ),
 .UNSPECIFIED. ) ;
#79 = DIRECTION ( 'NONE',  ( -0.03972146605931793600, -1.288669016111149900E-016, 0.9992107911417383900 ) ) ;
#80 = AXIS2_PLACEMENT_3D ( 'NONE', #1358, #1353, #1314 ) ;
#81 = LINE ( 'NONE', #325, #41 ) ;
#82 = ORIENTED_EDGE ( 'NONE', *, *, #850, .T. ) ;
#83 = VECTOR ( 'NONE', #1335, 999.9999999999998900 ) ;
#84 = ORIENTED_EDGE ( 'NONE', *, *, #1344, .T. ) ;
#85 = VERTEX_POINT ( 'NONE', #410 ) ;
#86 = DIRECTION ( 'NONE',  ( 0.0000000000000000000, 3.172065784643311700E-015, -1.000000000000000000 ) ) ;
#87 = B_SPLINE_CURVE_WITH_KNOTS ( 'NONE', 3,
 ( #1357, #1326, #1098, #1177, #1180, #1454, #1, #342, #299, #1391, #1435, #1330, #1324, #1317 ),
 .UNSPECIFIED., .F., .F.,
 ( 4, 2, 2, 2, 2, 2, 4 ),
 ( 1.241267076623636600E-016, 0.003393013271702131600, 0.005089519907553168700, 0.006786026543404205000, 0.01017903981510676600, 0.01187554645095793700, 0.01357205308680910700 ),
 .UNSPECIFIED. ) ;
#88 = DIRECTION ( 'NONE',  ( -0.9992107911417432700, 9.011458049746536300E-017, -0.03972146605919266900 ) ) ;
#89 = CARTESIAN_POINT ( 'NONE',  ( 340.1837594782813300, 269.2499999999963100, 1069.160023011082300 ) ) ;
#90 = ORIENTED_EDGE ( 'NONE', *, *, #1408, .T. ) ;
#91 = AXIS2_PLACEMENT_3D ( 'NONE', #53, #158, #136 ) ;
#92 = CYLINDRICAL_SURFACE ( 'NONE', #595, 56.00000000000003600 ) ;
#93 = ORIENTED_EDGE ( 'NONE', *, *, #585, .F. ) ;
#94 = ORIENTED_EDGE ( 'NONE', *, *, #1377, .F. ) ;
#95 = EDGE_LOOP ( 'NONE', ( #1407, #59, #714, #1313 ) ) ;
#96 = ORIENTED_EDGE ( 'NONE', *, *, #256, .T. ) ;
#97 = DIRECTION ( 'NONE',  ( 0.9992107911417437100, 2.156608082980281000E-031, 0.03972146605918051200 ) ) ;
#98 = DIRECTION ( 'NONE',  ( -0.9992107911417431600, 0.0000000000000000000, -0.03972146605919358400 ) ) ;
#99 = AXIS2_PLACEMENT_3D ( 'NONE', #193, #187, #526 ) ;
#100 = CARTESIAN_POINT ( 'NONE',  ( 339.6643339089560500, 294.4999999999963600, 1082.226399596728700 ) ) ;
#101 = DIRECTION ( 'NONE',  ( 0.9992107911417437100, 2.156608082980281000E-031, 0.03972146605918051200 ) ) ;
#102 = CARTESIAN_POINT ( 'NONE',  ( 340.1837594782813300, 269.2499999999963100, 1069.160023011082300 ) ) ;
#103 = CARTESIAN_POINT ( 'NONE',  ( 339.0013634236767100, 269.2499999999962500, 1098.903711106716400 ) ) ;
#104 = DIRECTION ( 'NONE',  ( -0.03972146605916836200, -1.303464845555425300E-014, 0.9992107911417442700 ) ) ;
#105 = ORIENTED_EDGE ( 'NONE', *, *, #162, .T. ) ;
#106 = DIRECTION ( 'NONE',  ( 0.9992107911417597000, 0.0000000000000000000, 0.03972146605877577300 ) ) ;
#107 = VERTEX_POINT ( 'NONE', #343 ) ;
#108 = ORIENTED_EDGE ( 'NONE', *, *, #1372, .F. ) ;
#109 = DIRECTION ( 'NONE',  ( -0.03972146605918051200, -1.228574036550911500E-016, 0.9992107911417438300 ) ) ;
#110 = EDGE_LOOP ( 'NONE', ( #62, #405, #51, #731 ) ) ;
#111 = DIRECTION ( 'NONE',  ( -0.03972146605931793600, -1.288669016111149900E-016, 0.9992107911417383900 ) ) ;
#112 =( NAMED_UNIT ( * ) PLANE_ANGLE_UNIT ( ) SI_UNIT ( $, .RADIAN. ) );
#113 = EDGE_CURVE ( 'NONE', #881, #827, #10, .T. ) ;
#114 = CARTESIAN_POINT ( 'NONE',  ( 315.9789309700947800, 282.2499999999962500, 1116.719681842511100 ) ) ;
#115 = CARTESIAN_POINT ( 'NONE',  ( 316.6187351598897000, 282.2499999999962500, 1117.338705571115500 ) ) ;
#116 =( LENGTH_UNIT ( ) NAMED_UNIT ( * ) SI_UNIT ( .MILLI., .METRE. ) );
#117 = CARTESIAN_POINT ( 'NONE',  ( 313.2345433416448400, 282.2499999999962500, 1114.469015892787900 ) ) ;
#118 = ORIENTED_EDGE ( 'NONE', *, *, #1389, .F. ) ;
#119 = CARTESIAN_POINT ( 'NONE',  ( 307.9131173061167600, 282.2499999999962500, 1111.328469127332500 ) ) ;
#120 = DIRECTION ( 'NONE',  ( 0.03972146605919259900, 3.262621210481110000E-015, -0.9992107911417432700 ) ) ;
#121 = ORIENTED_EDGE ( 'NONE', *, *, #926, .T. ) ;
#122 = CARTESIAN_POINT ( 'NONE',  ( 351.8709345899553100, 282.2499999999963100, 1118.740080591865800 ) ) ;
#123 = CARTESIAN_POINT ( 'NONE',  ( 380.0896915835311300, 256.2499999999963600, 1070.746397119259400 ) ) ;
#124 = CARTESIAN_POINT ( 'NONE',  ( 303.5257440883027000, 269.2499999999932900, 1991.308377377486100 ) ) ;
#125 =( NAMED_UNIT ( * ) PLANE_ANGLE_UNIT ( ) SI_UNIT ( $, .RADIAN. ) );
#126 = DIRECTION ( 'NONE',  ( 0.0000000000000000000, -3.664789652638603500E-015, 1.000000000000000000 ) ) ;
#127 = DIRECTION ( 'NONE',  ( -0.9992107911417431600, 0.0000000000000000000, -0.03972146605919372300 ) ) ;
#128 = VERTEX_POINT ( 'NONE', #742 ) ;
#129 = DIRECTION ( 'NONE',  ( -0.03972146605918051200, -1.228574036550911500E-016, 0.9992107911417438300 ) ) ;
#130 = EDGE_CURVE ( 'NONE', #483, #64, #397, .T. ) ;
#131 = ORIENTED_EDGE ( 'NONE', *, *, #1408, .F. ) ;
#132 = ORIENTED_EDGE ( 'NONE', *, *, #590, .T. ) ;
#133 = PLANE ( 'NONE',  #321 ) ;
#134 = CARTESIAN_POINT ( 'NONE',  ( 313.9405899236060700, 282.2499999999960800, 1115.001047236417200 ) ) ;
#135 = CARTESIAN_POINT ( 'NONE',  ( 339.6643339089560500, 287.9999999999963600, 1082.226399596728700 ) ) ;
#136 = DIRECTION ( 'NONE',  ( 0.0000000000000000000, 3.172065784643311700E-015, -1.000000000000000000 ) ) ;
#137 = DIRECTION ( 'NONE',  ( 0.9992107911417431600, 0.0000000000000000000, 0.03972146605919180100 ) ) ;
#138 = SURFACE_STYLE_FILL_AREA ( #468 ) ;
#139 = DIRECTION ( 'NONE',  ( -3.457182549974561700E-032, 1.000000000000000000, 3.664789652638603500E-015 ) ) ;
#140 = B_SPLINE_CURVE_WITH_KNOTS ( 'NONE', 3,
 ( #1161, #1187, #1081, #1076, #1074, #1069, #1060, #1058, #1057, #1056, #1055, #1052, #1051, #1049, #1048, #1047, #1045, #1042, #1037, #1036 ),
 .UNSPECIFIED., .F., .F.,
 ( 4, 2, 2, 2, 2, 2, 2, 2, 2, 4 ),
 ( 2.288783399261118700E-016, 0.004362702088352912200, 0.005453377610441094100, 0.006544053132529275900, 0.008725404176705571200, 0.01090675522088186700, 0.01308810626505816300, 0.01417878178714631100, 0.01526945730923445800, 0.01745080835341075400 ),
 .UNSPECIFIED. ) ;
#141 = SURFACE_STYLE_USAGE ( .BOTH. , #165 ) ;
#142 = EDGE_LOOP ( 'NONE', ( #228, #1103, #677, #536, #9 ) ) ;
#143 = DIRECTION ( 'NONE',  ( 0.9992107911417432700, 0.0000000000000000000, 0.03972146605919265500 ) ) ;
#144 = ORIENTED_EDGE ( 'NONE', *, *, #1296, .T. ) ;
#145 = EDGE_CURVE ( 'NONE', #907, #307, #163, .T. ) ;
#146 = ORIENTED_EDGE ( 'NONE', *, *, #1431, .F. ) ;
#147 = PLANE ( 'NONE',  #327 ) ;
#148 = DIRECTION ( 'NONE',  ( -0.03972146605919334900, 0.0000000000000000000, 0.9992107911417430500 ) ) ;
#149 = B_SPLINE_CURVE_WITH_KNOTS ( 'NONE', 3,
 ( #917, #918, #894, #892, #889, #888, #884, #879 ),
 .UNSPECIFIED., .F., .F.,
 ( 4, 2, 2, 4 ),
 ( 0.0000000000000000000, 0.003370950576367818200, 0.005056425864551726900, 0.006741901152735636400 ),
 .UNSPECIFIED. ) ;
#150 = DIRECTION ( 'NONE',  ( -0.03972146605919268200, -3.550487635213138600E-015, 0.9992107911417432700 ) ) ;
#151 = CARTESIAN_POINT ( 'NONE',  ( 303.6051870204211100, 325.2499999999934100, 1989.309955795202800 ) ) ;
#152 = EDGE_CURVE ( 'NONE', #708, #853, #35, .T. ) ;
#153 = DIRECTION ( 'NONE',  ( 0.0000000000000000000, -3.444825727078166900E-015, 1.000000000000000000 ) ) ;
#154 = ORIENTED_EDGE ( 'NONE', *, *, #921, .T. ) ;
#155 = ORIENTED_EDGE ( 'NONE', *, *, #1382, .F. ) ;
#156 = DIRECTION ( 'NONE',  ( 4.880076189404741500E-018, -1.000000000000000000, -1.227604435038241600E-016 ) ) ;
#157 = DIRECTION ( 'NONE',  ( 0.0000000000000000000, 0.0000000000000000000, -1.000000000000000000 ) ) ;
#158 = DIRECTION ( 'NONE',  ( 3.457182549974562200E-032, -1.000000000000000000, -3.664789652638604200E-015 ) ) ;
#159 = UNCERTAINTY_MEASURE_WITH_UNIT (LENGTH_MEASURE( 1.000000000000000100E-005 ), #887, 'distance_accuracy_value', 'NONE');
#160 = CARTESIAN_POINT ( 'NONE',  ( 367.1624508391072400, 269.2499999999963100, 1070.232502594680200 ) ) ;
#161 = PLANE ( 'NONE',  #530 ) ;
#162 = EDGE_CURVE ( 'NONE', #751, #727, #882, .T. ) ;
#163 = B_SPLINE_CURVE_WITH_KNOTS ( 'NONE', 3,
 ( #119, #614, #320, #117, #134, #56, #114, #39 ),
 .UNSPECIFIED., .F., .F.,
 ( 4, 2, 2, 4 ),
 ( 1.110223024625156500E-016, 0.005291459226686363300, 0.007937188840029677300, 0.01058291845337299400 ),
 .UNSPECIFIED. ) ;
#164 = ORIENTED_EDGE ( 'NONE', *, *, #1341, .T. ) ;
#165 = SURFACE_SIDE_STYLE ('',( #1194 ) ) ;
#166 = VERTEX_POINT ( 'NONE', #123 ) ;
#167 = DIRECTION ( 'NONE',  ( -0.03972146605919265500, -3.375800051292018200E-015, 0.9992107911417432700 ) ) ;
#168 = EDGE_LOOP ( 'NONE', ( #1233, #1066 ) ) ;
#169 = EDGE_LOOP ( 'NONE', ( #1302, #357 ) ) ;
#170 = ORIENTED_EDGE ( 'NONE', *, *, #1382, .T. ) ;
#171 = ORIENTED_EDGE ( 'NONE', *, *, #1331, .T. ) ;
#172 = FILL_AREA_STYLE ('',( #190 ) ) ;
#173 = DIRECTION ( 'NONE',  ( -0.03972146605919334900, 0.0000000000000000000, 0.9992107911417430500 ) ) ;
#174 = ORIENTED_EDGE ( 'NONE', *, *, #1218, .F. ) ;
#175 = VERTEX_POINT ( 'NONE', #584 ) ;
#176 = CARTESIAN_POINT ( 'NONE',  ( 388.1949006879123700, 288.2499999999961900, 1120.184061380790800 ) ) ;
#177 = CARTESIAN_POINT ( 'NONE',  ( 378.5063344723837400, 256.2499999999963100, 1103.407171467729500 ) ) ;
#178 = ORIENTED_EDGE ( 'NONE', *, *, #873, .F. ) ;
#179 = ORIENTED_EDGE ( 'NONE', *, *, #183, .T. ) ;
#180 = DIRECTION ( 'NONE',  ( 0.0000000000000000000, 0.0000000000000000000, -1.000000000000000000 ) ) ;
#181 = DIRECTION ( 'NONE',  ( 0.9992107911417441600, 2.860086915983862300E-029, 0.03972146605916835500 ) ) ;
#182 = ORIENTED_EDGE ( 'NONE', *, *, #674, .T. ) ;
#183 = EDGE_CURVE ( 'NONE', #705, #853, #685, .T. ) ;
#184 = CARTESIAN_POINT ( 'NONE',  ( 302.8107576992372300, 269.2499999999932900, 2009.294171618037400 ) ) ;
#185 = DIRECTION ( 'NONE',  ( 0.9992107911417432700, 0.0000000000000000000, 0.03972146605919265500 ) ) ;
#186 = CARTESIAN_POINT ( 'NONE',  ( 365.9800547845002300, 269.2499999999962500, 1099.976190690317900 ) ) ;
#187 = DIRECTION ( 'NONE',  ( -0.03972146605919982900, -4.930430341242135500E-015, 0.9992107911417429400 ) ) ;
#188 = PRODUCT_RELATED_PRODUCT_CATEGORY ( 'part', '', ( #837 ) ) ;
#189 = CYLINDRICAL_SURFACE ( 'NONE', #572, 42.00000000000002100 ) ;
#190 = FILL_AREA_STYLE_COLOUR ( '', #1224 ) ;
#191 = PRODUCT_DEFINITION_FORMATION_WITH_SPECIFIED_SOURCE ( 'ANY', '', #837, .NOT_KNOWN. ) ;
#192 = ORIENTED_EDGE ( 'NONE', *, *, #863, .T. ) ;
#193 = CARTESIAN_POINT ( 'NONE',  ( 303.6051870204211100, 269.2499999999932400, 1989.309955795203200 ) ) ;
#194 = UNCERTAINTY_MEASURE_WITH_UNIT (LENGTH_MEASURE( 1.000000000000000100E-005 ), #938, 'distance_accuracy_value', 'NONE');
#195 = PRODUCT_DEFINITION ( 'UNKNOWN', '', #191, #341 ) ;
#196 = ORIENTED_EDGE ( 'NONE', *, *, #488, .F. ) ;
#197 = DIRECTION ( 'NONE',  ( 5.118782258515367400E-018, -1.000000000000000000, -1.287651987108267400E-016 ) ) ;
#198 = AXIS2_PLACEMENT_3D ( 'NONE', #800, #757, #756 ) ;
#199 = DIRECTION ( 'NONE',  ( -0.03972146605919264800, -3.375800051292017000E-015, 0.9992107911417432700 ) ) ;
#200 = VERTEX_POINT ( 'NONE', #712 ) ;
#201 = EDGE_LOOP ( 'NONE', ( #482, #179, #719, #629 ) ) ;
#202 = CARTESIAN_POINT ( 'NONE',  ( 339.6643339089560500, 294.4999999999963600, 1082.226399596728700 ) ) ;
#203 = CARTESIAN_POINT ( 'NONE',  ( 339.6643339089560500, 282.7818193624460700, 1120.726399596728700 ) ) ;
#204 = DIRECTION ( 'NONE',  ( 0.0000000000000000000, 3.172065784643311700E-015, -1.000000000000000000 ) ) ;
#205 = EDGE_CURVE ( 'NONE', #620, #1138, #936, .T. ) ;
#206 = DIRECTION ( 'NONE',  ( -0.9992107911417432700, 9.011458049746536300E-017, -0.03972146605919266900 ) ) ;
#207 = DIRECTION ( 'NONE',  ( -2.374581140776497600E-033, 1.000000000000000000, 3.444825727078166900E-015 ) ) ;
#208 = DIRECTION ( 'NONE',  ( -3.457182549974562200E-032, 1.000000000000000000, 3.664789652638604200E-015 ) ) ;
#209 = FACE_OUTER_BOUND ( 'NONE', #44, .T. ) ;
#210 = CARTESIAN_POINT ( 'NONE',  ( 316.6187351598801500, 256.2499999999961300, 1117.338705571111900 ) ) ;
#211 = CARTESIAN_POINT ( 'NONE',  ( 358.0961240720689600, 256.1033594508460900, 1120.508103016977900 ) ) ;
#212 =( GEOMETRIC_REPRESENTATION_CONTEXT ( 3 ) GLOBAL_UNCERTAINTY_ASSIGNED_CONTEXT ( ( #521 ) ) GLOBAL_UNIT_ASSIGNED_CONTEXT ( ( #761, #760, #759 ) ) REPRESENTATION_CONTEXT ( 'NONE', 'WORKASPACE' ) );
#213 = ORIENTED_EDGE ( 'NONE', *, *, #1319, .T. ) ;
#214 = ORIENTED_EDGE ( 'NONE', *, *, #596, .T. ) ;
#215 = EDGE_CURVE ( 'NONE', #267, #751, #886, .T. ) ;
#216 = FACE_OUTER_BOUND ( 'NONE', #272, .T. ) ;
#217 = CARTESIAN_POINT ( 'NONE',  ( 358.9623710277821300, 256.2499999999971600, 1119.788999077055900 ) ) ;
#218 = MECHANICAL_DESIGN_GEOMETRIC_PRESENTATION_REPRESENTATION (  '', ( #223 ), #212 ) ;
#219 = EDGE_LOOP ( 'NONE', ( #75, #214 ) ) ;
#220 = EDGE_LOOP ( 'NONE', ( #687, #617, #1379, #546 ) ) ;
#221 = CARTESIAN_POINT ( 'NONE',  ( 354.9964319799627200, 254.8820648785055000, 1122.697904118545200 ) ) ;
#222 = PRESENTATION_LAYER_ASSIGNMENT (  '', '', ( #223 ) ) ;
#223 = STYLED_ITEM ( 'NONE', ( #1206 ), #71 ) ;
#224 = CARTESIAN_POINT ( 'NONE',  ( 391.9510463447106800, 256.2499999999965300, 1025.696580284798100 ) ) ;
#225 = COLOUR_RGB ( '',0.2901960784313725200, 0.3294117647058823500, 0.3490196078431372400 ) ;
#226 = CARTESIAN_POINT ( 'NONE',  ( 247.6493827164833900, 269.2499999999933500, 1987.085553695887900 ) ) ;
#227 = CARTESIAN_POINT ( 'NONE',  ( 353.6429554718319000, 254.1276484608855200, 1123.405794495118200 ) ) ;
#228 = ORIENTED_EDGE ( 'NONE', *, *, #607, .F. ) ;
#229 = EDGE_CURVE ( 'NONE', #250, #200, #830, .T. ) ;
#230 = ORIENTED_EDGE ( 'NONE', *, *, #1418, .F. ) ;
#231 = DIRECTION ( 'NONE',  ( 2.374581140776497600E-033, -1.000000000000000000, -3.444825727078166500E-015 ) ) ;
#232 = CARTESIAN_POINT ( 'NONE',  ( 303.5257440883027000, 312.2499999999932900, 1991.308377377486300 ) ) ;
#233 = EDGE_LOOP ( 'NONE', ( #737, #1075 ) ) ;
#234 =( GEOMETRIC_REPRESENTATION_CONTEXT ( 3 ) GLOBAL_UNCERTAINTY_ASSIGNED_CONTEXT ( ( #700 ) ) GLOBAL_UNIT_ASSIGNED_CONTEXT ( ( #783, #782, #778 ) ) REPRESENTATION_CONTEXT ( 'NONE', 'WORKASPACE' ) );
#235 = CARTESIAN_POINT ( 'NONE',  ( 388.1949006879125400, 256.2499999999961300, 1120.184061380786000 ) ) ;
#236 = AXIS2_PLACEMENT_3D ( 'NONE', #788, #786, #785 ) ;
#237 = CARTESIAN_POINT ( 'NONE',  ( 339.6643339089560500, 294.4999999999963600, 1082.226399596728700 ) ) ;
#238 = AXIS2_PLACEMENT_3D ( 'NONE', #860, #856, #854 ) ;
#239 = CARTESIAN_POINT ( 'NONE',  ( 382.1506127062333500, 269.2499999999963600, 1070.828324585567500 ) ) ;
#240 = AXIS2_PLACEMENT_3D ( 'NONE', #870, #868, #867 ) ;
#241 = AXIS2_PLACEMENT_3D ( 'NONE', #953, #950, #949 ) ;
#242 = FILL_AREA_STYLE_COLOUR ( '', #763 ) ;
#243 = DIRECTION ( 'NONE',  ( 0.9992107911417431600, 0.0000000000000000000, 0.03972146605919171100 ) ) ;
#244 = ORIENTED_EDGE ( 'NONE', *, *, #183, .F. ) ;
#245 = DIRECTION ( 'NONE',  ( 0.0000000000000000000, 2.775557561562889000E-015, -1.000000000000000000 ) ) ;
#246 = ORIENTED_EDGE ( 'NONE', *, *, #1134, .T. ) ;
#247 = DIRECTION ( 'NONE',  ( 0.9992107911417432700, 0.0000000000000000000, 0.03972146605919260600 ) ) ;
#248 = DIRECTION ( 'NONE',  ( 0.03972146605919264800, 3.375800051292017000E-015, -0.9992107911417432700 ) ) ;
#249 = AXIS2_PLACEMENT_3D ( 'NONE', #963, #962, #960 ) ;
#250 = VERTEX_POINT ( 'NONE', #1117 ) ;
#251 = AXIS2_PLACEMENT_3D ( 'NONE', #1095, #1093, #1091 ) ;
#252 = SURFACE_SIDE_STYLE ('',( #1067 ) ) ;
#253 = AXIS2_PLACEMENT_3D ( 'NONE', #1159, #1156, #1152 ) ;
#254 = CARTESIAN_POINT ( 'NONE',  ( 355.4414892315568900, 255.1082963687448200, 1122.425472317085500 ) ) ;
#255 = AXIS2_PLACEMENT_3D ( 'NONE', #1272, #1271, #1269 ) ;
#256 = EDGE_CURVE ( 'NONE', #479, #305, #883, .T. ) ;
#257 = AXIS2_PLACEMENT_3D ( 'NONE', #1287, #1286, #1281 ) ;
#258 =( NAMED_UNIT ( * ) SI_UNIT ( $, .STERADIAN. ) SOLID_ANGLE_UNIT ( ) );
#259 = ORIENTED_EDGE ( 'NONE', *, *, #130, .F. ) ;
#260 = AXIS2_PLACEMENT_3D ( 'NONE', #1307, #1304, #1303 ) ;
#261 = ORIENTED_EDGE ( 'NONE', *, *, #880, .T. ) ;
#262 = AXIS2_PLACEMENT_3D ( 'NONE', #1368, #1387, #1359 ) ;
#263 = ORIENTED_EDGE ( 'NONE', *, *, #850, .F. ) ;
#264 = CARTESIAN_POINT ( 'NONE',  ( 339.6643339089560500, 294.4999999999964800, 1047.226399596728700 ) ) ;
#265 = ORIENTED_EDGE ( 'NONE', *, *, #1372, .T. ) ;
#266 = AXIS2_PLACEMENT_3D ( 'NONE', #1347, #1346, #1345 ) ;
#267 = VERTEX_POINT ( 'NONE', #1308 ) ;
#268 = AXIS2_PLACEMENT_3D ( 'NONE', #1417, #1385, #1384 ) ;
#269 = CARTESIAN_POINT ( 'NONE',  ( 303.4065796901250600, 269.2499999999933500, 1994.306009750911200 ) ) ;
#270 = AXIS2_PLACEMENT_3D ( 'NONE', #1416, #1402, #1401 ) ;
#271 = EDGE_CURVE ( 'NONE', #827, #881, #910, .T. ) ;
#272 = EDGE_LOOP ( 'NONE', ( #1010, #504, #246, #972 ) ) ;
#273 = VERTEX_POINT ( 'NONE', #1305 ) ;
#274 = ORIENTED_EDGE ( 'NONE', *, *, #1390, .T. ) ;
#275 = CARTESIAN_POINT ( 'NONE',  ( 403.8272641998702900, 269.2499999999933500, 1998.298017089860400 ) ) ;
#276 = ORIENTED_EDGE ( 'NONE', *, *, #1450, .F. ) ;
#277 = ORIENTED_EDGE ( 'NONE', *, *, #660, .T. ) ;
#278 = DIRECTION ( 'NONE',  ( -0.9992107911417432700, 9.011458049746536300E-017, -0.03972146605919266900 ) ) ;
#279 =( NAMED_UNIT ( * ) PLANE_ANGLE_UNIT ( ) SI_UNIT ( $, .RADIAN. ) );
#280 = EDGE_CURVE ( 'NONE', #771, #500, #439, .T. ) ;
#281 = AXIS2_PLACEMENT_3D ( 'NONE', #1428, #1458, #1419 ) ;
#282 =( LENGTH_UNIT ( ) NAMED_UNIT ( * ) SI_UNIT ( .MILLI., .METRE. ) );
#283 = DIRECTION ( 'NONE',  ( -0.9992107911417430500, 0.0000000000000000000, -0.03972146605919726900 ) ) ;
#284 = SURFACE_STYLE_USAGE ( .BOTH. , #252 ) ;
#285 = AXIS2_PLACEMENT_3D ( 'NONE', #1411, #1409, #1406 ) ;
#286 = AXIS2_PLACEMENT_3D ( 'NONE', #1442, #1448, #1430 ) ;
#287 = EDGE_LOOP ( 'NONE', ( #469, #1168 ) ) ;
#288 = AXIS2_PLACEMENT_3D ( 'NONE', #13, #1443, #1446 ) ;
#289 = DIRECTION ( 'NONE',  ( -0.03972146605919982900, -4.930430341242135500E-015, 0.9992107911417429400 ) ) ;
#290 = ORIENTED_EDGE ( 'NONE', *, *, #859, .F. ) ;
#291 = ORIENTED_EDGE ( 'NONE', *, *, #1360, .T. ) ;
#292 = CARTESIAN_POINT ( 'NONE',  ( 356.3323023002062700, 255.5096182315069200, 1121.831037815554500 ) ) ;
#293 = CARTESIAN_POINT ( 'NONE',  ( 303.5257440883027600, 269.2499999999932400, 1991.308377377485800 ) ) ;
#294 = EDGE_LOOP ( 'NONE', ( #385, #1078, #693, #164, #774, #438, #291, #525, #1164, #382, #650, #1199, #96 ) ) ;
#295 = DIRECTION ( 'NONE',  ( -0.03972146605919264800, -3.375800051292017000E-015, 0.9992107911417432700 ) ) ;
#296 = EDGE_CURVE ( 'NONE', #307, #682, #1294, .T. ) ;
#297 = CARTESIAN_POINT ( 'NONE',  ( 356.7780088815646300, 255.6840871966055000, 1121.508807683370800 ) ) ;
#298 = AXIS2_PLACEMENT_3D ( 'NONE', #19, #1457, #1451 ) ;
#299 = CARTESIAN_POINT ( 'NONE',  ( 356.3115939008770900, 282.9664903981722500, 1121.861803962706500 ) ) ;
#300 = AXIS2_PLACEMENT_3D ( 'NONE', #45, #16, #67 ) ;
#301 = CARTESIAN_POINT ( 'NONE',  ( 387.9601926414957800, 287.2081109339901600, 1126.088244584849000 ) ) ;
#302 = ORIENTED_EDGE ( 'NONE', *, *, #1395, .F. ) ;
#303 = CARTESIAN_POINT ( 'NONE',  ( 337.8848122295043500, 269.2499999999960800, 1126.991043039876800 ) ) ;
#304 = AXIS2_PLACEMENT_3D ( 'NONE', #69, #79, #55 ) ;
#305 = VERTEX_POINT ( 'NONE', #878 ) ;
#306 = EDGE_LOOP ( 'NONE', ( #797, #707 ) ) ;
#307 = VERTEX_POINT ( 'NONE', #1025 ) ;
#308 = CARTESIAN_POINT ( 'NONE',  ( 359.8499871017705200, 282.2499999999962500, 1119.057270584550000 ) ) ;
#309 = AXIS2_PLACEMENT_3D ( 'NONE', #68, #104, #181 ) ;
#310 = CARTESIAN_POINT ( 'NONE',  ( 307.9131173061167600, 282.2499999999962500, 1111.328469127332500 ) ) ;
#311 = AXIS2_PLACEMENT_3D ( 'NONE', #89, #109, #101 ) ;
#312 = DIRECTION ( 'NONE',  ( 0.03972146605919264800, 3.375800051292017000E-015, -0.9992107911417432700 ) ) ;
#313 = AXIS2_PLACEMENT_3D ( 'NONE', #124, #120, #127 ) ;
#314 = MANIFOLD_SOLID_BREP ( 'Boss-Extrude2', #772 ) ;
#315 = DIRECTION ( 'NONE',  ( -0.03972146605909866000, -1.020554268036944500E-014, 0.9992107911417469300 ) ) ;
#316 = DIRECTION ( 'NONE',  ( 0.9992107911417469300, 0.0000000000000000000, 0.03972146605909623200 ) ) ;
#317 = CARTESIAN_POINT ( 'NONE',  ( 339.0013634236740900, 269.2499999999960200, 1098.903711106715700 ) ) ;
#318 = AXIS2_PLACEMENT_3D ( 'NONE', #43, #28, #24 ) ;
#319 = CIRCLE ( 'NONE', #414, 100.5000000000000400 ) ;
#320 = CARTESIAN_POINT ( 'NONE',  ( 311.0571248138027700, 282.2499999999962500, 1112.964189091246000 ) ) ;
#321 = AXIS2_PLACEMENT_3D ( 'NONE', #135, #139, #126 ) ;
#322 = EDGE_LOOP ( 'NONE', ( #768, #1295 ) ) ;
#323 = ORIENTED_EDGE ( 'NONE', *, *, #1445, .T. ) ;
#324 = AXIS2_PLACEMENT_3D ( 'NONE', #102, #129, #97 ) ;
#325 = CARTESIAN_POINT ( 'NONE',  ( 246.8549533952995600, 269.2499999999932900, 2007.069769518722500 ) ) ;
#326 = FILL_AREA_STYLE ('',( #242 ) ) ;
#327 = AXIS2_PLACEMENT_3D ( 'NONE', #151, #167, #143 ) ;
#328 = AXIS2_PLACEMENT_3D ( 'NONE', #176, #206, #173 ) ;
#329 = CARTESIAN_POINT ( 'NONE',  ( 264.5565232337746700, 269.2499999999932900, 1989.759240201177400 ) ) ;
#330 = EDGE_LOOP ( 'NONE', ( #11, #698, #717, #335 ) ) ;
#331 = AXIS2_PLACEMENT_3D ( 'NONE', #160, #156, #157 ) ;
#332 = EDGE_LOOP ( 'NONE', ( #419, #263, #93, #577 ) ) ;
#333 = EDGE_CURVE ( 'NONE', #346, #415, #1155, .T. ) ;
#334 = ORIENTED_EDGE ( 'NONE', *, *, #271, .T. ) ;
#335 = ORIENTED_EDGE ( 'NONE', *, *, #1418, .T. ) ;
#336 = AXIS2_PLACEMENT_3D ( 'NONE', #186, #197, #180 ) ;
#337 = CARTESIAN_POINT ( 'NONE',  ( 378.9072955289247500, 256.2499999999962500, 1100.490085214896700 ) ) ;
#338 = AXIS2_PLACEMENT_3D ( 'NONE', #202, #208, #204 ) ;
#339 = EDGE_CURVE ( 'NONE', #273, #951, #319, .T. ) ;
#340 = AXIS2_PLACEMENT_3D ( 'NONE', #237, #231, #245 ) ;
#341 = PRODUCT_DEFINITION_CONTEXT ( 'detailed design', #753, 'design' ) ;
#342 = CARTESIAN_POINT ( 'NONE',  ( 355.4372518142346300, 283.3768391979326100, 1122.458955773981400 ) ) ;
#343 = CARTESIAN_POINT ( 'NONE',  ( 359.3623839940627200, 269.2499999999933500, 1996.530411850226100 ) ) ;
#344 = AXIS2_PLACEMENT_3D ( 'NONE', #269, #248, #243 ) ;
#345 = EDGE_LOOP ( 'NONE', ( #105, #366 ) ) ;
#346 = VERTEX_POINT ( 'NONE', #368 ) ;
#347 = AXIS2_PLACEMENT_3D ( 'NONE', #293, #289, #283 ) ;
#348 = AXIS2_PLACEMENT_3D ( 'NONE', #317, #315, #316 ) ;
#349 = DIRECTION ( 'NONE',  ( 3.457182549974561700E-032, -1.000000000000000000, -3.664789652638603500E-015 ) ) ;
#350 = AXIS2_PLACEMENT_3D ( 'NONE', #392, #374, #376 ) ;
#351 = EDGE_CURVE ( 'NONE', #713, #107, #1236, .T. ) ;
#352 = AXIS2_PLACEMENT_3D ( 'NONE', #401, #395, #399 ) ;
#353 = DIRECTION ( 'NONE',  ( 0.9992107911417431600, 0.0000000000000000000, 0.03972146605919171100 ) ) ;
#354 = ORIENTED_EDGE ( 'NONE', *, *, #956, .T. ) ;
#355 = AXIS2_PLACEMENT_3D ( 'NONE', #411, #409, #394 ) ;
#356 = AXIS2_PLACEMENT_3D ( 'NONE', #431, #428, #422 ) ;
#357 = ORIENTED_EDGE ( 'NONE', *, *, #351, .F. ) ;
#358 = AXIS2_PLACEMENT_3D ( 'NONE', #499, #502, #491 ) ;
#359 = PLANE ( 'NONE',  #523 ) ;
#360 =( NAMED_UNIT ( * ) SI_UNIT ( $, .STERADIAN. ) SOLID_ANGLE_UNIT ( ) );
#361 = AXIS2_PLACEMENT_3D ( 'NONE', #528, #514, #522 ) ;
#362 = CYLINDRICAL_SURFACE ( 'NONE', #446, 38.49999999999997900 ) ;
#363 = AXIS2_PLACEMENT_3D ( 'NONE', #558, #557, #547 ) ;
#364 = AXIS2_PLACEMENT_3D ( 'NONE', #690, #686, #683 ) ;
#365 =( LENGTH_UNIT ( ) NAMED_UNIT ( * ) SI_UNIT ( .MILLI., .METRE. ) );
#366 = ORIENTED_EDGE ( 'NONE', *, *, #1366, .T. ) ;
#367 = EDGE_LOOP ( 'NONE', ( #641, #146, #628, #642 ) ) ;
#368 = CARTESIAN_POINT ( 'NONE',  ( 339.6643339089560500, 287.9999999999965300, 1043.726399596728700 ) ) ;
#369 = EDGE_CURVE ( 'NONE', #346, #599, #1323, .T. ) ;
#370 = CARTESIAN_POINT ( 'NONE',  ( 336.3277307599840400, 269.2499999999960200, 1166.160106052634500 ) ) ;
#371 = UNCERTAINTY_MEASURE_WITH_UNIT (LENGTH_MEASURE( 1.000000000000000100E-005 ), #365, 'distance_accuracy_value', 'NONE');
#372 = AXIS2_PLACEMENT_3D ( 'NONE', #709, #704, #702 ) ;
#373 = DIRECTION ( 'NONE',  ( 0.0000000000000000000, 2.775557561562889000E-015, -1.000000000000000000 ) ) ;
#374 = DIRECTION ( 'NONE',  ( -0.03972146605919268200, -3.550487635213138600E-015, 0.9992107911417432700 ) ) ;
#375 = AXIS2_PLACEMENT_3D ( 'NONE', #744, #738, #726 ) ;
#376 = DIRECTION ( 'NONE',  ( 0.9992107911417432700, 0.0000000000000000000, 0.03972146605919171800 ) ) ;
#377 = DIRECTION ( 'NONE',  ( -0.9992107911417432700, 9.011458049746536300E-017, -0.03972146605919266900 ) ) ;
#378 = AXIS2_PLACEMENT_3D ( 'NONE', #781, #779, #762 ) ;
#379 = SURFACE_STYLE_USAGE ( .BOTH. , #391 ) ;
#380 = AXIS2_PLACEMENT_3D ( 'NONE', #897, #904, #891 ) ;
#381 = AXIS2_PLACEMENT_3D ( 'NONE', #1002, #1003, #903 ) ;
#382 = ORIENTED_EDGE ( 'NONE', *, *, #1421, .T. ) ;
#383 = CARTESIAN_POINT ( 'NONE',  ( 298.9155913749763200, 269.2499999999960800, 1125.441905863568100 ) ) ;
#384 = AXIS2_PLACEMENT_3D ( 'NONE', #1039, #1166, #1033 ) ;
#385 = ORIENTED_EDGE ( 'NONE', *, *, #1352, .T. ) ;
#386 = CARTESIAN_POINT ( 'NONE',  ( 348.8434033883348800, 251.2918890659975400, 1124.533241145696800 ) ) ;
#387 = ORIENTED_EDGE ( 'NONE', *, *, #1413, .F. ) ;
#388 = AXIS2_PLACEMENT_3D ( 'NONE', #1070, #1183, #1193 ) ;
#389 = EDGE_LOOP ( 'NONE', ( #1170, #487 ) ) ;
#390 = AXIS2_PLACEMENT_3D ( 'NONE', #1100, #1090, #1154 ) ;
#391 = SURFACE_SIDE_STYLE ('',( #1040 ) ) ;
#392 = CARTESIAN_POINT ( 'NONE',  ( 340.1837594782806500, 269.2499999999963600, 1069.160023011067800 ) ) ;
#393 = AXIS2_PLACEMENT_3D ( 'NONE', #1268, #1278, #1277 ) ;
#394 = DIRECTION ( 'NONE',  ( 0.9992107911417431600, 0.0000000000000000000, 0.03972146605919171100 ) ) ;
#395 = DIRECTION ( 'NONE',  ( 0.03972146605918051200, 1.228574036550911500E-016, -0.9992107911417438300 ) ) ;
#396 = AXIS2_PLACEMENT_3D ( 'NONE', #989, #1463, #1405 ) ;
#397 = B_SPLINE_CURVE_WITH_KNOTS ( 'NONE', 3,
 ( #689, #217, #211, #297, #292, #254, #221, #711, #227, #70, #424, #481, #436, #386 ),
 .UNSPECIFIED., .F., .F.,
 ( 4, 2, 2, 2, 2, 2, 4 ),
 ( 2.830524433501837900E-016, 0.003402546066007043800, 0.005103819099010423900, 0.006805092132013804000, 0.008506365165017184100, 0.01020763819802056500, 0.01361018426402733700 ),
 .UNSPECIFIED. ) ;
#398 = AXIS2_PLACEMENT_3D ( 'NONE', #1079, #1063, #1316 ) ;
#399 = DIRECTION ( 'NONE',  ( 0.9992107911417434900, 8.223874256482816400E-015, 0.03972146605918260000 ) ) ;
#400 = ORIENTED_EDGE ( 'NONE', *, *, #1348, .T. ) ;
#401 = CARTESIAN_POINT ( 'NONE',  ( 340.4434722629432000, 269.2499999999963100, 1062.626834718259700 ) ) ;
#402 = VERTEX_POINT ( 'NONE', #701 ) ;
#403 = VERTEX_POINT ( 'NONE', #848 ) ;
#404 = EDGE_LOOP ( 'NONE', ( #244, #261, #84, #1136 ) ) ;
#405 = ORIENTED_EDGE ( 'NONE', *, *, #556, .T. ) ;
#406 = AXIS2_PLACEMENT_3D ( 'NONE', #1120, #1113, #98 ) ;
#407 = ADVANCED_FACE ( 'NONE', ( #789 ), #1153, .F. ) ;
#408 =( GEOMETRIC_REPRESENTATION_CONTEXT ( 3 ) GLOBAL_UNCERTAINTY_ASSIGNED_CONTEXT ( ( #194 ) ) GLOBAL_UNIT_ASSIGNED_CONTEXT ( ( #938, #1440, #1383 ) ) REPRESENTATION_CONTEXT ( 'NONE', 'WORKASPACE' ) );
#409 = DIRECTION ( 'NONE',  ( -0.03972146605919264800, -3.375800051292017000E-015, 0.9992107911417432700 ) ) ;
#410 = CARTESIAN_POINT ( 'NONE',  ( 339.6643339089560500, 294.4999999999964200, 1062.226399596728700 ) ) ;
#411 = CARTESIAN_POINT ( 'NONE',  ( 303.6051870204210600, 269.2499999999933500, 1989.309955795202800 ) ) ;
#412 = MECHANICAL_DESIGN_GEOMETRIC_PRESENTATION_REPRESENTATION (  '', ( #49 ), #38 ) ;
#413 = CARTESIAN_POINT ( 'NONE',  ( 300.2778273730296500, 282.2499999999964200, 1067.573648902890000 ) ) ;
#414 = AXIS2_PLACEMENT_3D ( 'NONE', #799, #829, #815 ) ;
#415 = VERTEX_POINT ( 'NONE', #720 ) ;
#416 = EDGE_CURVE ( 'NONE', #500, #128, #1157, .T. ) ;
#417 = CARTESIAN_POINT ( 'NONE',  ( 369.0052275788545400, 282.2499999999962500, 1113.757053972688700 ) ) ;
#418 = AXIS2_PLACEMENT_3D ( 'NONE', #729, #725, #684 ) ;
#419 = ORIENTED_EDGE ( 'NONE', *, *, #1296, .F. ) ;
#420 = EDGE_LOOP ( 'NONE', ( #497, #354, #66, #1016 ) ) ;
#421 = EDGE_LOOP ( 'NONE', ( #33, #144, #486, #170 ) ) ;
#422 = DIRECTION ( 'NONE',  ( -0.9992107911417436000, 0.0000000000000000000, -0.03972146605918220500 ) ) ;
#423 = ORIENTED_EDGE ( 'NONE', *, *, #956, .F. ) ;
#424 = CARTESIAN_POINT ( 'NONE',  ( 352.2446152332848900, 253.2862217080441700, 1123.944274588481000 ) ) ;
#425 = PRESENTATION_LAYER_ASSIGNMENT (  '', '', ( #49 ) ) ;
#426 = AXIS2_PLACEMENT_3D ( 'NONE', #519, #477, #676 ) ;
#427 =( GEOMETRIC_REPRESENTATION_CONTEXT ( 3 ) GLOBAL_UNCERTAINTY_ASSIGNED_CONTEXT ( ( #371 ) ) GLOBAL_UNIT_ASSIGNED_CONTEXT ( ( #365, #125, #360 ) ) REPRESENTATION_CONTEXT ( 'NONE', 'WORKASPACE' ) );
#428 = DIRECTION ( 'NONE',  ( 0.03972146605918051200, 1.228574036550911500E-016, -0.9992107911417438300 ) ) ;
#429 = FILL_AREA_STYLE ('',( #1275 ) ) ;
#430 = ORIENTED_EDGE ( 'NONE', *, *, #296, .T. ) ;
#431 = CARTESIAN_POINT ( 'NONE',  ( 340.1837594782813300, 269.2499999999963100, 1069.160023011082100 ) ) ;
#432 = PRESENTATION_LAYER_ASSIGNMENT (  '', '', ( #448 ) ) ;
#433 = VERTEX_POINT ( 'NONE', #741 ) ;
#434 = AXIS2_PLACEMENT_3D ( 'NONE', #474, #576, #492 ) ;
#435 = ORIENTED_EDGE ( 'NONE', *, *, #975, .F. ) ;
#436 = CARTESIAN_POINT ( 'NONE',  ( 349.8501381238662000, 251.8392011840139200, 1124.476679593171400 ) ) ;
#437 = ORIENTED_EDGE ( 'NONE', *, *, #590, .F. ) ;
#438 = ORIENTED_EDGE ( 'NONE', *, *, #1450, .T. ) ;
#439 = B_SPLINE_CURVE_WITH_KNOTS ( 'NONE', 3,
 ( #1254, #1349, #1301, #1207, #1181, #952, #1239, #1130, #1234, #1124, #1221, #1053, #1202, #1189, #1092, #1174, #177, #1163, #1151, #1147 ),
 .UNSPECIFIED., .F., .F.,
 ( 4, 2, 2, 2, 2, 2, 2, 2, 2, 4 ),
 ( 5.551115123125782700E-017, 0.004365348405124406000, 0.005456685506405658000, 0.006548022607686910900, 0.008730696810249068800, 0.009822033911530145600, 0.01091337101281122400, 0.01309604521537338300, 0.01527871941793554000, 0.01746139362049769700 ),
 .UNSPECIFIED. ) ;
#440 = DIRECTION ( 'NONE',  ( 0.9992107911417432700, 0.0000000000000000000, 0.03972146605919171800 ) ) ;
#441 = AXIS2_PLACEMENT_3D ( 'NONE', #591, #692, #1333 ) ;
#442 = AXIS2_PLACEMENT_3D ( 'NONE', #658, #1437, #636 ) ;
#443 = MECHANICAL_DESIGN_GEOMETRIC_PRESENTATION_REPRESENTATION (  '', ( #448 ), #427 ) ;
#444 = ADVANCED_FACE ( 'NONE', ( #896, #806 ), #715, .F. ) ;
#445 = VERTEX_POINT ( 'NONE', #733 ) ;
#446 = AXIS2_PLACEMENT_3D ( 'NONE', #586, #485, #560 ) ;
#447 = VERTEX_POINT ( 'NONE', #1109 ) ;
#448 = STYLED_ITEM ( 'NONE', ( #819 ), #498 ) ;
#449 = ADVANCED_FACE ( 'NONE', ( #899 ), #1034, .T. ) ;
#450 = ORIENTED_EDGE ( 'NONE', *, *, #1356, .F. ) ;
#451 = DIRECTION ( 'NONE',  ( 2.374581140776497600E-033, -1.000000000000000000, -3.444825727078166500E-015 ) ) ;
#452 = EDGE_LOOP ( 'NONE', ( #462, #1160, #651, #480 ) ) ;
#453 = AXIS2_PLACEMENT_3D ( 'NONE', #534, #626, #568 ) ;
#454 = ADVANCED_FACE ( 'NONE', ( #802 ), #724, .F. ) ;
#455 = CARTESIAN_POINT ( 'NONE',  ( 339.6643339089560500, 369.7499999999965900, 1082.226399596728900 ) ) ;
#456 =( GEOMETRIC_REPRESENTATION_CONTEXT ( 3 ) GLOBAL_UNCERTAINTY_ASSIGNED_CONTEXT ( ( #1143 ) ) GLOBAL_UNIT_ASSIGNED_CONTEXT ( ( #668, #893, #667 ) ) REPRESENTATION_CONTEXT ( 'NONE', 'WORKASPACE' ) );
#457 = ADVANCED_FACE ( 'NONE', ( #817 ), #769, .T. ) ;
#458 = AXIS2_PLACEMENT_3D ( 'NONE', #653, #645, #655 ) ;
#459 = ADVANCED_FACE ( 'NONE', ( #1062 ), #874, .T. ) ;
#460 = CARTESIAN_POINT ( 'NONE',  ( 202.3900731894919700, 269.2499999999932900, 2005.302164279088400 ) ) ;
#461 = CARTESIAN_POINT ( 'NONE',  ( 348.5696726217991600, 269.2499999999932400, 1991.097421767867200 ) ) ;
#462 = ORIENTED_EDGE ( 'NONE', *, *, #256, .F. ) ;
#463 = ADVANCED_FACE ( 'NONE', ( #792 ), #362, .T. ) ;
#464 = VERTEX_POINT ( 'NONE', #531 ) ;
#465 = MECHANICAL_DESIGN_GEOMETRIC_PRESENTATION_REPRESENTATION (  '', ( #478 ), #456 ) ;
#466 = DIRECTION ( 'NONE',  ( -0.03972146605919264800, -3.375800051292017000E-015, 0.9992107911417432700 ) ) ;
#467 = AXIS2_PLACEMENT_3D ( 'NONE', #736, #673, #247 ) ;
#468 = FILL_AREA_STYLE ('',( #977 ) ) ;
#469 = ORIENTED_EDGE ( 'NONE', *, *, #611, .T. ) ;
#470 = ADVANCED_FACE ( 'NONE', ( #872 ), #1101, .F. ) ;
#471 = PRESENTATION_LAYER_ASSIGNMENT (  '', '', ( #478 ) ) ;
#472 = ORIENTED_EDGE ( 'NONE', *, *, #369, .T. ) ;
#473 = CIRCLE ( 'NONE', #249, 40.49999999999913300 ) ;
#474 = CARTESIAN_POINT ( 'NONE',  ( 337.5193747417595200, 269.2499999999960200, 1136.183782318383700 ) ) ;
#475 = ADVANCED_FACE ( 'NONE', ( #706 ), #924, .F. ) ;
#476 = STYLED_ITEM ( 'NONE', ( #1226 ), #506 ) ;
#477 = DIRECTION ( 'NONE',  ( 0.03972146605919982900, 4.930430341242135500E-015, -0.9992107911417429400 ) ) ;
#478 = STYLED_ITEM ( 'NONE', ( #929 ), #449 ) ;
#479 = VERTEX_POINT ( 'NONE', #413 ) ;
#480 = ORIENTED_EDGE ( 'NONE', *, *, #876, .F. ) ;
#481 = CARTESIAN_POINT ( 'NONE',  ( 350.8201776135235300, 252.4204094200824800, 1124.334000881948000 ) ) ;
#482 = ORIENTED_EDGE ( 'NONE', *, *, #610, .T. ) ;
#483 = VERTEX_POINT ( 'NONE', #842 ) ;
#484 = AXIS2_PLACEMENT_3D ( 'NONE', #749, #745, #743 ) ;
#485 = DIRECTION ( 'NONE',  ( 3.457182549974561700E-032, -1.000000000000000000, -3.664789652638603500E-015 ) ) ;
#486 = ORIENTED_EDGE ( 'NONE', *, *, #416, .F. ) ;
#487 = ORIENTED_EDGE ( 'NONE', *, *, #1460, .F. ) ;
#488 = EDGE_CURVE ( 'NONE', #273, #794, #846, .T. ) ;
#489 = PRESENTATION_LAYER_ASSIGNMENT (  '', '', ( #476 ) ) ;
#490 = B_SPLINE_CURVE_WITH_KNOTS ( 'NONE', 3,
 ( #1215, #1214, #1178, #1176, #1175, #1171 ),
 .UNSPECIFIED., .F., .F.,
 ( 4, 2, 4 ),
 ( 5.551115123125782700E-017, 0.005289393262130614800, 0.01057878652426117400 ),
 .UNSPECIFIED. ) ;
#491 = DIRECTION ( 'NONE',  ( 0.0000000000000000000, 2.775557561562889000E-015, -1.000000000000000000 ) ) ;
#492 = DIRECTION ( 'NONE',  ( 0.9992107911417433800, 1.570319757548707000E-029, 0.03972146605918985800 ) ) ;
#493 = AXIS2_PLACEMENT_3D ( 'NONE', #455, #451, #373 ) ;
#494 = AXIS2_PLACEMENT_3D ( 'NONE', #370, #570, #440 ) ;
#495 = CARTESIAN_POINT ( 'NONE',  ( 305.2658773806551800, 269.2499999999961900, 1111.223233823849100 ) ) ;
#496 = MECHANICAL_DESIGN_GEOMETRIC_PRESENTATION_REPRESENTATION (  '', ( #476 ), #505 ) ;
#497 = ORIENTED_EDGE ( 'NONE', *, *, #416, .T. ) ;
#498 = ADVANCED_FACE ( 'NONE', ( #804 ), #1096, .F. ) ;
#499 = CARTESIAN_POINT ( 'NONE',  ( 339.6643339089560500, 256.2499999999963600, 1082.226399596728500 ) ) ;
#500 = VERTEX_POINT ( 'NONE', #337 ) ;
#501 = ADVANCED_FACE ( 'NONE', ( #948 ), #1129, .T. ) ;
#502 = DIRECTION ( 'NONE',  ( 2.374581140776497600E-033, -1.000000000000000000, -3.444825727078166500E-015 ) ) ;
#503 = VERTEX_POINT ( 'NONE', #329 ) ;
#504 = ORIENTED_EDGE ( 'NONE', *, *, #859, .T. ) ;
#505 =( GEOMETRIC_REPRESENTATION_CONTEXT ( 3 ) GLOBAL_UNCERTAINTY_ASSIGNED_CONTEXT ( ( #1267 ) ) GLOBAL_UNIT_ASSIGNED_CONTEXT ( ( #282, #279, #258 ) ) REPRESENTATION_CONTEXT ( 'NONE', 'WORKASPACE' ) );
#506 = ADVANCED_FACE ( 'NONE', ( #844, #808 ), #359, .F. ) ;
#507 = ADVANCED_FACE ( 'NONE', ( #1186 ), #1223, .T. ) ;
#508 = STYLED_ITEM ( 'NONE', ( #1217 ), #513 ) ;
#509 = ADVANCED_FACE ( 'NONE', ( #1291, #1292 ), #161, .F. ) ;
#510 = CARTESIAN_POINT ( 'NONE',  ( 299.0954313184225300, 256.2499999999963100, 1097.317336998541400 ) ) ;
#511 = B_SPLINE_CURVE_WITH_KNOTS ( 'NONE', 3,
 ( #1288, #1265, #1211, #1209, #1208, #1205, #1200, #1196 ),
 .UNSPECIFIED., .F., .F.,
 ( 4, 2, 2, 4 ),
 ( 2.482534153247273100E-016, 0.003371150903211858400, 0.005056726354817664100, 0.006742301806423468800 ),
 .UNSPECIFIED. ) ;
#512 = CARTESIAN_POINT ( 'NONE',  ( 202.3900731894919700, 269.2499999999932900, 2005.302164279088900 ) ) ;
#513 = ADVANCED_FACE ( 'NONE', ( #1188 ), #1369, .T. ) ;
#514 = DIRECTION ( 'NONE',  ( 3.457182549974561700E-032, -1.000000000000000000, -3.664789652638603500E-015 ) ) ;
#515 = ADVANCED_FACE ( 'NONE', ( #1361 ), #1453, .F. ) ;
#516 = LINE ( 'NONE', #1351, #83 ) ;
#517 = ADVANCED_FACE ( 'NONE', ( #1422 ), #1397, .T. ) ;
#518 = ORIENTED_EDGE ( 'NONE', *, *, #205, .F. ) ;
#519 = CARTESIAN_POINT ( 'NONE',  ( 303.6051870204211100, 269.2499999999932400, 1989.309955795202800 ) ) ;
#520 = EDGE_LOOP ( 'NONE', ( #1038, #171, #50, #902 ) ) ;
#521 = UNCERTAINTY_MEASURE_WITH_UNIT (LENGTH_MEASURE( 1.000000000000000100E-005 ), #761, 'distance_accuracy_value', 'NONE');
#522 = DIRECTION ( 'NONE',  ( 0.0000000000000000000, 4.325544251786326300E-015, -1.000000000000000000 ) ) ;
#523 = AXIS2_PLACEMENT_3D ( 'NONE', #224, #207, #153 ) ;
#524 = EDGE_LOOP ( 'NONE', ( #435, #1396, #995, #82 ) ) ;
#525 = ORIENTED_EDGE ( 'NONE', *, *, #710, .F. ) ;
#526 = DIRECTION ( 'NONE',  ( -0.9992107911417429400, 0.0000000000000000000, -0.03972146605920017600 ) ) ;
#527 = ORIENTED_EDGE ( 'NONE', *, *, #1377, .T. ) ;
#528 = CARTESIAN_POINT ( 'NONE',  ( 339.6643339089560500, 287.9999999999963600, 1082.226399596728700 ) ) ;
#529 = AXIS2_PLACEMENT_3D ( 'NONE', #944, #295, #353 ) ;
#530 = AXIS2_PLACEMENT_3D ( 'NONE', #232, #787, #185 ) ;
#531 = CARTESIAN_POINT ( 'NONE',  ( 302.1168670218882000, 282.2499999999964800, 1061.103243337197700 ) ) ;
#532 = PRESENTATION_LAYER_ASSIGNMENT (  '', '', ( #508 ) ) ;
#533 = MECHANICAL_DESIGN_GEOMETRIC_PRESENTATION_REPRESENTATION (  '', ( #508 ), #535 ) ;
#534 = CARTESIAN_POINT ( 'NONE',  ( 339.6643339089558800, 269.2499999999963100, 1082.226399596728500 ) ) ;
#535 =( GEOMETRIC_REPRESENTATION_CONTEXT ( 3 ) GLOBAL_UNCERTAINTY_ASSIGNED_CONTEXT ( ( #593 ) ) GLOBAL_UNIT_ASSIGNED_CONTEXT ( ( #116, #112, #77 ) ) REPRESENTATION_CONTEXT ( 'NONE', 'WORKASPACE' ) );
#536 = ORIENTED_EDGE ( 'NONE', *, *, #1341, .F. ) ;
#537 = ADVANCED_FACE ( 'NONE', ( #1400 ), #656, .T. ) ;
#538 = CARTESIAN_POINT ( 'NONE',  ( 378.9072955289248100, 282.2499999999963100, 1100.490085214896900 ) ) ;
#539 = STYLED_ITEM ( 'NONE', ( #1426 ), #555 ) ;
#540 = ADVANCED_FACE ( 'NONE', ( #1447 ), #746, .T. ) ;
#541 = AXIS2_PLACEMENT_3D ( 'NONE', #103, #111, #20 ) ;
#542 = ADVANCED_FACE ( 'NONE', ( #1449 ), #1363, .T. ) ;
#543 = DIRECTION ( 'NONE',  ( 3.457182549974562200E-032, -1.000000000000000000, -3.664789652638604200E-015 ) ) ;
#544 = CARTESIAN_POINT ( 'NONE',  ( 376.8540330840323800, 269.2499999999960800, 1128.540180216185300 ) ) ;
#545 = AXIS2_PLACEMENT_3D ( 'NONE', #184, #199, #137 ) ;
#546 = ORIENTED_EDGE ( 'NONE', *, *, #113, .T. ) ;
#547 = DIRECTION ( 'NONE',  ( 0.9992107911417431600, 0.0000000000000000000, 0.03972146605919463200 ) ) ;
#548 = AXIS2_PLACEMENT_3D ( 'NONE', #54, #88, #148 ) ;
#549 = ADVANCED_FACE ( 'NONE', ( #728 ), #189, .T. ) ;
#550 = ORIENTED_EDGE ( 'NONE', *, *, #890, .F. ) ;
#551 = ORIENTED_EDGE ( 'NONE', *, *, #229, .T. ) ;
#552 = ADVANCED_FACE ( 'NONE', ( #216 ), #92, .T. ) ;
#553 = ORIENTED_EDGE ( 'NONE', *, *, #880, .F. ) ;
#554 = AXIS2_PLACEMENT_3D ( 'NONE', #30, #2, #12 ) ;
#555 = ADVANCED_FACE ( 'NONE', ( #209 ), #1420, .F. ) ;
#556 = EDGE_CURVE ( 'NONE', #567, #727, #1444, .T. ) ;
#557 = DIRECTION ( 'NONE',  ( 0.03972146605918985800, 1.001833037399961500E-014, -0.9992107911417434900 ) ) ;
#558 = CARTESIAN_POINT ( 'NONE',  ( 337.8848122295041200, 269.2499999999960800, 1126.991043039878200 ) ) ;
#559 = AXIS2_PLACEMENT_3D ( 'NONE', #61, #869, #22 ) ;
#560 = DIRECTION ( 'NONE',  ( 0.0000000000000000000, 4.325544251786326300E-015, -1.000000000000000000 ) ) ;
#561 = AXIS2_PLACEMENT_3D ( 'NONE', #100, #1046, #86 ) ;
#562 = ORIENTED_EDGE ( 'NONE', *, *, #587, .F. ) ;
#563 = EDGE_LOOP ( 'NONE', ( #196, #1399, #618, #1128 ) ) ;
#564 = EDGE_CURVE ( 'NONE', #1285, #63, #87, .T. ) ;
#565 = CARTESIAN_POINT ( 'NONE',  ( 339.6643339089560500, 287.9999999999964800, 1047.226399596728700 ) ) ;
#566 = EDGE_CURVE ( 'NONE', #694, #810, #1432, .T. ) ;
#567 = VERTEX_POINT ( 'NONE', #1212 ) ;
#568 = DIRECTION ( 'NONE',  ( 0.7682399587776590500, -0.4666941672009194400, -0.4381825190921482800 ) ) ;
#569 = CARTESIAN_POINT ( 'NONE',  ( 327.1559027804823900, 251.2918890659979600, 1123.671101418083000 ) ) ;
#570 = DIRECTION ( 'NONE',  ( -0.03972146605919268200, -3.550487635213138600E-015, 0.9992107911417432700 ) ) ;
#571 = MECHANICAL_DESIGN_GEOMETRIC_PRESENTATION_REPRESENTATION (  '', ( #539 ), #408 ) ;
#572 = AXIS2_PLACEMENT_3D ( 'NONE', #34, #150, #8 ) ;
#573 = CARTESIAN_POINT ( 'NONE',  ( 369.0052275788545400, 256.2499999999962500, 1113.757053972688900 ) ) ;
#574 = CARTESIAN_POINT ( 'NONE',  ( 339.6643339089560500, 287.9999999999962500, 1117.226399596728700 ) ) ;
#575 = PRESENTATION_LAYER_ASSIGNMENT (  '', '', ( #539 ) ) ;
#576 = DIRECTION ( 'NONE',  ( -0.03972146605918985800, -1.001833037399961500E-014, 0.9992107911417434900 ) ) ;
#577 = ORIENTED_EDGE ( 'NONE', *, *, #604, .F. ) ;
#578 = EDGE_CURVE ( 'NONE', #1339, #810, #1404, .T. ) ;
#579 = SURFACE_SIDE_STYLE ('',( #1252 ) ) ;
#580 = CARTESIAN_POINT ( 'NONE',  ( 380.9115093041829100, 269.2499999999963100, 1064.235554093656400 ) ) ;
#581 = EDGE_CURVE ( 'NONE', #402, #794, #1423, .T. ) ;
#582 = EDGE_LOOP ( 'NONE', ( #1198, #430, #550, #639, #276, #108, #718 ) ) ;
#583 = VERTEX_POINT ( 'NONE', #1394 ) ;
#584 = CARTESIAN_POINT ( 'NONE',  ( 324.5977876716945600, 282.2499999999962500, 1117.655895563796300 ) ) ;
#585 = EDGE_CURVE ( 'NONE', #747, #1429, #1373, .T. ) ;
#586 = CARTESIAN_POINT ( 'NONE',  ( 339.6643339089560500, 287.9999999999963600, 1082.226399596728700 ) ) ;
#587 = EDGE_CURVE ( 'NONE', #810, #907, #1388, .T. ) ;
#588 = CARTESIAN_POINT ( 'NONE',  ( 369.0052275788545400, 282.2499999999962500, 1113.757053972688700 ) ) ;
#589 = CARTESIAN_POINT ( 'NONE',  ( 339.6643339089560500, 287.9999999999965300, 1043.726399596728700 ) ) ;
#590 = EDGE_CURVE ( 'NONE', #27, #1138, #1365, .T. ) ;
#591 = CARTESIAN_POINT ( 'NONE',  ( 302.8107576992372300, 269.2499999999932900, 2009.294171618037400 ) ) ;
#592 = AXIS2_PLACEMENT_3D ( 'NONE', #1403, #640, #1393 ) ;
#593 = UNCERTAINTY_MEASURE_WITH_UNIT (LENGTH_MEASURE( 1.000000000000000100E-005 ), #116, 'distance_accuracy_value', 'NONE');
#594 = DIRECTION ( 'NONE',  ( -0.9992107911417431600, 0.0000000000000000000, -0.03972146605919372300 ) ) ;
#595 = AXIS2_PLACEMENT_3D ( 'NONE', #42, #734, #1364 ) ;
#596 = EDGE_CURVE ( 'NONE', #853, #708, #1392, .T. ) ;
#597 = ORIENTED_EDGE ( 'NONE', *, *, #145, .F. ) ;
#598 = CARTESIAN_POINT ( 'NONE',  ( 369.6956600506889600, 282.2499999999962500, 1113.499292701690400 ) ) ;
#599 = VERTEX_POINT ( 'NONE', #1245 ) ;
#600 = CARTESIAN_POINT ( 'NONE',  ( 370.3648239612225000, 282.2499999999963100, 1113.197152522905500 ) ) ;
#601 = ORIENTED_EDGE ( 'NONE', *, *, #130, .T. ) ;
#602 = AXIS2_PLACEMENT_3D ( 'NONE', #303, #678, #594 ) ;
#603 = EDGE_LOOP ( 'NONE', ( #1375, #748, #688, #131, #1367, #5, #259, #302, #58, #518 ) ) ;
#604 = EDGE_CURVE ( 'NONE', #128, #747, #1362, .T. ) ;
#605 = ORIENTED_EDGE ( 'NONE', *, *, #296, .F. ) ;
#606 = CARTESIAN_POINT ( 'NONE',  ( 371.3357667474351200, 282.2499999999961900, 1112.675495460252300 ) ) ;
#607 = EDGE_CURVE ( 'NONE', #599, #970, #1354, .T. ) ;
#608 = CARTESIAN_POINT ( 'NONE',  ( 373.4599819601373300, 282.2499999999962500, 1111.244687503561900 ) ) ;
#609 = CARTESIAN_POINT ( 'NONE',  ( 348.8434033883348800, 251.2918890659975400, 1124.533241145696800 ) ) ;
#610 = EDGE_CURVE ( 'NONE', #433, #705, #1340, .T. ) ;
#611 = EDGE_CURVE ( 'NONE', #64, #740, #1080, .T. ) ;
#612 = CARTESIAN_POINT ( 'NONE',  ( 372.2759523618380500, 282.2499999999961900, 1112.097767301998800 ) ) ;
#613 = CARTESIAN_POINT ( 'NONE',  ( 372.5781741539599400, 282.2499999999962500, 1111.891914586001600 ) ) ;
#614 = CARTESIAN_POINT ( 'NONE',  ( 309.5269758405036700, 282.2499999999963600, 1112.081888347705700 ) ) ;
#615 = EDGE_CURVE ( 'NONE', #503, #1231, #1332, .T. ) ;
#616 = CARTESIAN_POINT ( 'NONE',  ( 374.0148304557173400, 282.2499999999962500, 1110.773787491269800 ) ) ;
#617 = ORIENTED_EDGE ( 'NONE', *, *, #1460, .T. ) ;
#618 = ORIENTED_EDGE ( 'NONE', *, *, #1329, .T. ) ;
#619 = CARTESIAN_POINT ( 'NONE',  ( 371.6548310093218700, 282.2499999999962500, 1112.489566861864200 ) ) ;
#620 = VERTEX_POINT ( 'NONE', #1235 ) ;
#621 = EDGE_LOOP ( 'NONE', ( #25, #909 ) ) ;
#622 = CARTESIAN_POINT ( 'NONE',  ( 375.0565737366559900, 282.2499999999962500, 1109.750880819543000 ) ) ;
#623 = CARTESIAN_POINT ( 'NONE',  ( 376.4280517179173000, 282.2499999999963600, 1108.027376685413400 ) ) ;
#624 = EDGE_CURVE ( 'NONE', #1138, #771, #1398, .T. ) ;
#625 = CARTESIAN_POINT ( 'NONE',  ( 375.5465044140505000, 282.2499999999961900, 1109.194132998819700 ) ) ;
#626 = DIRECTION ( 'NONE',  ( -0.2584910683473634100, 0.4000548198232279400, -0.8792829514558118100 ) ) ;
#627 = ORIENTED_EDGE ( 'NONE', *, *, #1410, .T. ) ;
#628 = ORIENTED_EDGE ( 'NONE', *, *, #1438, .T. ) ;
#629 = ORIENTED_EDGE ( 'NONE', *, *, #1344, .F. ) ;
#630 = FILL_AREA_STYLE ('',( #699 ) ) ;
#631 = ORIENTED_EDGE ( 'NONE', *, *, #1439, .T. ) ;
#632 = EDGE_LOOP ( 'NONE', ( #472, #730, #265, #703, #791 ) ) ;
#633 = CARTESIAN_POINT ( 'NONE',  ( 377.3442162228952300, 282.2499999999963600, 1106.456090209676900 ) ) ;
#634 = CARTESIAN_POINT ( 'NONE',  ( 377.5064589839383900, 282.2499999999963100, 1106.129082982203700 ) ) ;
#635 = B_SPLINE_CURVE_WITH_KNOTS ( 'NONE', 3,
 ( #966, #947, #916, #914, #913, #911, #908, #901 ),
 .UNSPECIFIED., .F., .F.,
 ( 4, 2, 2, 4 ),
 ( 2.220446049250313100E-016, 0.003370950576367813900, 0.005056425864551609800, 0.006741901152735405700 ),
 .UNSPECIFIED. ) ;
#636 = DIRECTION ( 'NONE',  ( 0.9992107911417432700, 0.0000000000000000000, 0.03972146605919171800 ) ) ;
#637 = CARTESIAN_POINT ( 'NONE',  ( 377.8069785668129200, 282.2499999999963600, 1105.460511020553400 ) ) ;
#638 = CARTESIAN_POINT ( 'NONE',  ( 377.9456903880684400, 282.2499999999963600, 1105.117543622610100 ) ) ;
#639 = ORIENTED_EDGE ( 'NONE', *, *, #564, .T. ) ;
#640 = DIRECTION ( 'NONE',  ( 3.979427699205764600E-016, -1.000000000000000000, -1.001042381892351300E-014 ) ) ;
#641 = ORIENTED_EDGE ( 'NONE', *, *, #1089, .F. ) ;
#642 = ORIENTED_EDGE ( 'NONE', *, *, #784, .T. ) ;
#643 = VERTEX_POINT ( 'NONE', #885 ) ;
#644 = ORIENTED_EDGE ( 'NONE', *, *, #876, .T. ) ;
#645 = DIRECTION ( 'NONE',  ( 0.03972146605919982900, 4.930430341242135500E-015, -0.9992107911417429400 ) ) ;
#646 = CARTESIAN_POINT ( 'NONE',  ( 378.5678515081838200, 282.2499999999963100, 1103.391450598280000 ) ) ;
#647 = B_SPLINE_CURVE_WITH_KNOTS ( 'NONE', 3,
 ( #1082, #1085, #1024, #1023, #1022, #1020, #1019, #1015, #1011, #1009, #1006, #1004, #1000, #999 ),
 .UNSPECIFIED., .F., .F.,
 ( 4, 2, 2, 2, 2, 2, 4 ),
 ( 0.0000000000000000000, 0.003393013271706719900, 0.005089519907560038200, 0.006786026543413355700, 0.01017903981511999100, 0.01187554645097356100, 0.01357205308682712900 ),
 .UNSPECIFIED. ) ;
#648 = CARTESIAN_POINT ( 'NONE',  ( 378.8486867083343000, 282.2499999999963600, 1101.964415641248700 ) ) ;
#649 = ORIENTED_EDGE ( 'NONE', *, *, #921, .F. ) ;
#650 = ORIENTED_EDGE ( 'NONE', *, *, #1182, .T. ) ;
#651 = ORIENTED_EDGE ( 'NONE', *, *, #1266, .T. ) ;
#652 = VERTEX_POINT ( 'NONE', #770 ) ;
#653 = CARTESIAN_POINT ( 'NONE',  ( 303.6051870204211100, 269.2499999999932400, 1989.309955795202800 ) ) ;
#654 = CARTESIAN_POINT ( 'NONE',  ( 247.4507753861874200, 269.2499999999933500, 1992.081607651596600 ) ) ;
#655 = DIRECTION ( 'NONE',  ( -0.9992107911417430500, 0.0000000000000000000, -0.03972146605919978800 ) ) ;
#656 = CYLINDRICAL_SURFACE ( 'NONE', #559, 34.99999999999992200 ) ;
#657 = CARTESIAN_POINT ( 'NONE',  ( 378.9072955289248100, 282.2499999999963100, 1100.490085214896900 ) ) ;
#658 = CARTESIAN_POINT ( 'NONE',  ( 336.3277307599840400, 269.2499999999960200, 1166.160106052634500 ) ) ;
#659 = ORIENTED_EDGE ( 'NONE', *, *, #1360, .F. ) ;
#660 = EDGE_CURVE ( 'NONE', #794, #402, #1318, .T. ) ;
#661 = CARTESIAN_POINT ( 'NONE',  ( 258.6407014190430700, 269.2499999999932400, 1987.522489822539200 ) ) ;
#662 = CARTESIAN_POINT ( 'NONE',  ( 300.2778273730296500, 282.2499999999964200, 1067.573648902890000 ) ) ;
#663 = ORIENTED_EDGE ( 'NONE', *, *, #369, .F. ) ;
#664 = ORIENTED_EDGE ( 'NONE', *, *, #1455, .F. ) ;
#665 = ORIENTED_EDGE ( 'NONE', *, *, #710, .T. ) ;
#666 = CARTESIAN_POINT ( 'NONE',  ( 300.3004670225250800, 282.2499999999964200, 1067.004138652453300 ) ) ;
#667 =( NAMED_UNIT ( * ) SI_UNIT ( $, .STERADIAN. ) SOLID_ANGLE_UNIT ( ) );
#668 =( LENGTH_UNIT ( ) NAMED_UNIT ( * ) SI_UNIT ( .MILLI., .METRE. ) );
#669 = SURFACE_STYLE_USAGE ( .BOTH. , #579 ) ;
#670 = CARTESIAN_POINT ( 'NONE',  ( 300.5377407353806800, 282.2499999999963600, 1065.313945549347000 ) ) ;
#671 = EDGE_LOOP ( 'NONE', ( #967, #323, #334, #664 ) ) ;
#672 = CARTESIAN_POINT ( 'NONE',  ( 300.3570359960607400, 282.2499999999964200, 1066.438302252057400 ) ) ;
#673 = DIRECTION ( 'NONE',  ( -0.03972146605919260600, -3.262621210481111200E-015, 0.9992107911417432700 ) ) ;
#674 = EDGE_CURVE ( 'NONE', #567, #267, #1315, .T. ) ;
#675 = EDGE_LOOP ( 'NONE', ( #1381, #527, #15, #178 ) ) ;
#676 = DIRECTION ( 'NONE',  ( -0.9992107911417430500, 0.0000000000000000000, -0.03972146605919978800 ) ) ;
#677 = ORIENTED_EDGE ( 'NONE', *, *, #333, .T. ) ;
#678 = DIRECTION ( 'NONE',  ( -0.03972146605919259900, -3.262621210481110000E-015, 0.9992107911417432700 ) ) ;
#679 = CARTESIAN_POINT ( 'NONE',  ( 301.1252863890582000, 282.2499999999964800, 1063.135119345322000 ) ) ;
#680 = CARTESIAN_POINT ( 'NONE',  ( 300.6614457463313700, 282.2499999999963600, 1064.759512823653700 ) ) ;
#681 = CARTESIAN_POINT ( 'NONE',  ( 318.2182401671112800, 269.2499999999961300, 1126.209240960074300 ) ) ;
#682 = VERTEX_POINT ( 'NONE', #721 ) ;
#683 = DIRECTION ( 'NONE',  ( 0.0000000000000000000, 3.172065784643311700E-015, -1.000000000000000000 ) ) ;
#684 = DIRECTION ( 'NONE',  ( 0.9992107911417430500, 0.0000000000000000000, 0.03972146605919688700 ) ) ;
#685 = LINE ( 'NONE', #1210, #821 ) ;
#686 = DIRECTION ( 'NONE',  ( -3.457182549974562200E-032, 1.000000000000000000, 3.664789652638604200E-015 ) ) ;
#687 = ORIENTED_EDGE ( 'NONE', *, *, #1445, .F. ) ;
#688 = ORIENTED_EDGE ( 'NONE', *, *, #578, .F. ) ;
#689 = CARTESIAN_POINT ( 'NONE',  ( 359.8499871017825700, 256.2499999999961900, 1119.057270584543900 ) ) ;
#690 = CARTESIAN_POINT ( 'NONE',  ( 339.6643339089560500, 294.4999999999963600, 1082.226399596728700 ) ) ;
#691 = EDGE_CURVE ( 'NONE', #464, #479, #974, .T. ) ;
#692 = DIRECTION ( 'NONE',  ( -0.03972146605919264800, -3.375800051292017000E-015, 0.9992107911417432700 ) ) ;
#693 = ORIENTED_EDGE ( 'NONE', *, *, #1050, .T. ) ;
#694 = VERTEX_POINT ( 'NONE', #681 ) ;
#695 = ORIENTED_EDGE ( 'NONE', *, *, #205, .T. ) ;
#696 = CARTESIAN_POINT ( 'NONE',  ( 302.1168670218882000, 282.2499999999964800, 1061.103243337197700 ) ) ;
#697 = ORIENTED_EDGE ( 'NONE', *, *, #1415, .T. ) ;
#698 = ORIENTED_EDGE ( 'NONE', *, *, #975, .T. ) ;
#699 = FILL_AREA_STYLE_COLOUR ( '', #990 ) ;
#700 = UNCERTAINTY_MEASURE_WITH_UNIT (LENGTH_MEASURE( 1.000000000000000100E-005 ), #783, 'distance_accuracy_value', 'NONE');
#701 = CARTESIAN_POINT ( 'NONE',  ( 403.2314422089824600, 269.2499999999932900, 2013.286178956986500 ) ) ;
#702 = DIRECTION ( 'NONE',  ( 0.9992107911417431600, 0.0000000000000000000, 0.03972146605919180100 ) ) ;
#703 = ORIENTED_EDGE ( 'NONE', *, *, #1104, .F. ) ;
#704 = DIRECTION ( 'NONE',  ( 0.03972146605919264800, 3.375800051292017000E-015, -0.9992107911417432700 ) ) ;
#705 = VERTEX_POINT ( 'NONE', #776 ) ;
#706 = FACE_OUTER_BOUND ( 'NONE', #404, .T. ) ;
#707 = ORIENTED_EDGE ( 'NONE', *, *, #271, .F. ) ;
#708 = VERTEX_POINT ( 'NONE', #661 ) ;
#709 = CARTESIAN_POINT ( 'NONE',  ( 302.8107576992372300, 269.2499999999932900, 2009.294171618037600 ) ) ;
#710 = EDGE_CURVE ( 'NONE', #747, #27, #866, .T. ) ;
#711 = CARTESIAN_POINT ( 'NONE',  ( 354.0971710117766000, 254.3917351860650100, 1123.188070506424800 ) ) ;
#712 = CARTESIAN_POINT ( 'NONE',  ( 339.6643339089560500, 256.2499999999964200, 1062.226399596728500 ) ) ;
#713 = VERTEX_POINT ( 'NONE', #654 ) ;
#714 = ORIENTED_EDGE ( 'NONE', *, *, #215, .T. ) ;
#715 = PLANE ( 'NONE',  #467 ) ;
#716 = VERTEX_POINT ( 'NONE', #580 ) ;
#717 = ORIENTED_EDGE ( 'NONE', *, *, #1425, .T. ) ;
#718 = ORIENTED_EDGE ( 'NONE', *, *, #1441, .F. ) ;
#719 = ORIENTED_EDGE ( 'NONE', *, *, #152, .F. ) ;
#720 = CARTESIAN_POINT ( 'NONE',  ( 339.6643339089560500, 282.2499999999965900, 1043.726399596728700 ) ) ;
#721 = CARTESIAN_POINT ( 'NONE',  ( 327.1559027804826200, 287.2081109339945900, 1123.671101418083500 ) ) ;
#722 = EDGE_CURVE ( 'NONE', #620, #694, #1336, .T. ) ;
#723 = CARTESIAN_POINT ( 'NONE',  ( 301.5580587932640800, 282.2499999999964800, 1062.096552916632400 ) ) ;
#724 = CONICAL_SURFACE ( 'NONE', #458, 45.00000000000006400, 0.7853981633974069800 ) ;
#725 = DIRECTION ( 'NONE',  ( -0.03972146605919449300, -1.030577249273362700E-014, 0.9992107911417431600 ) ) ;
#726 = DIRECTION ( 'NONE',  ( -0.9992107911417433800, 0.0000000000000000000, -0.03972146605918684000 ) ) ;
#727 = VERTEX_POINT ( 'NONE', #574 ) ;
#728 = FACE_OUTER_BOUND ( 'NONE', #452, .T. ) ;
#729 = CARTESIAN_POINT ( 'NONE',  ( 339.0013634236736400, 269.2499999999962500, 1098.903711106719100 ) ) ;
#730 = ORIENTED_EDGE ( 'NONE', *, *, #607, .T. ) ;
#731 = ORIENTED_EDGE ( 'NONE', *, *, #215, .F. ) ;
#732 = DIRECTION ( 'NONE',  ( 0.0000000000000000000, 4.325544251786326300E-015, -1.000000000000000000 ) ) ;
#733 = CARTESIAN_POINT ( 'NONE',  ( 378.7700775039956500, 256.2499999999964200, 1064.150426099319500 ) ) ;
#734 = DIRECTION ( 'NONE',  ( -0.03972146605919264800, -3.375800051292017000E-015, 0.9992107911417432700 ) ) ;
#735 = ORIENTED_EDGE ( 'NONE', *, *, #1438, .F. ) ;
#736 = CARTESIAN_POINT ( 'NONE',  ( 337.8848122295042900, 269.2499999999961300, 1126.991043039878200 ) ) ;
#737 = ORIENTED_EDGE ( 'NONE', *, *, #1348, .F. ) ;
#738 = DIRECTION ( 'NONE',  ( 0.03972146605918985800, 1.001833037399961500E-014, -0.9992107911417434900 ) ) ;
#739 = CIRCLE ( 'NONE', #260, 19.68210535428761100 ) ;
#740 = VERTEX_POINT ( 'NONE', #569 ) ;
#741 = CARTESIAN_POINT ( 'NONE',  ( 260.5596800692069900, 269.2499999999932400, 1989.600354336940200 ) ) ;
#742 = CARTESIAN_POINT ( 'NONE',  ( 380.9682166516270200, 269.2499999999962500, 1100.572012681205000 ) ) ;
#743 = DIRECTION ( 'NONE',  ( 0.9992107911417433800, 1.570319757548707000E-029, 0.03972146605918985800 ) ) ;
#744 = CARTESIAN_POINT ( 'NONE',  ( 338.4591724424854500, 269.2499999999961900, 1112.542761550010700 ) ) ;
#745 = DIRECTION ( 'NONE',  ( -0.03972146605918985800, -1.001833037399961500E-014, 0.9992107911417434900 ) ) ;
#746 = CYLINDRICAL_SURFACE ( 'NONE', #561, 34.99999999999992200 ) ;
#747 = VERTEX_POINT ( 'NONE', #538 ) ;
#748 = ORIENTED_EDGE ( 'NONE', *, *, #566, .T. ) ;
#749 = CARTESIAN_POINT ( 'NONE',  ( 337.5193747417595200, 269.2499999999960200, 1136.183782318383700 ) ) ;
#750 = APPLICATION_PROTOCOL_DEFINITION ( 'draft international standard', 'automotive_design', 1998, #753 ) ;
#751 = VERTEX_POINT ( 'NONE', #565 ) ;
#752 = PRODUCT_DEFINITION_SHAPE ( 'NONE', 'NONE',  #195 ) ;
#753 = APPLICATION_CONTEXT ( 'automotive_design' ) ;
#754 = PRODUCT_CONTEXT ( 'NONE', #773, 'mechanical' ) ;
#755 = CARTESIAN_POINT ( 'NONE',  ( 339.6643339089560500, 287.9999999999963600, 1082.226399596728700 ) ) ;
#756 = DIRECTION ( 'NONE',  ( 1.000000000000000000, 0.0000000000000000000, 0.0000000000000000000 ) ) ;
#757 = DIRECTION ( 'NONE',  ( 0.0000000000000000000, 0.0000000000000000000, 1.000000000000000000 ) ) ;
#758 = EDGE_CURVE ( 'NONE', #599, #346, #1309, .T. ) ;
#759 =( NAMED_UNIT ( * ) SI_UNIT ( $, .STERADIAN. ) SOLID_ANGLE_UNIT ( ) );
#760 =( NAMED_UNIT ( * ) PLANE_ANGLE_UNIT ( ) SI_UNIT ( $, .RADIAN. ) );
#761 =( LENGTH_UNIT ( ) NAMED_UNIT ( * ) SI_UNIT ( .MILLI., .METRE. ) );
#762 = DIRECTION ( 'NONE',  ( -0.9992107911417431600, 0.0000000000000000000, -0.03972146605919372300 ) ) ;
#763 = COLOUR_RGB ( '',0.2901960784313725200, 0.3294117647058823500, 0.3490196078431372400 ) ;
#764 = SURFACE_STYLE_USAGE ( .BOTH. , #765 ) ;
#765 = SURFACE_SIDE_STYLE ('',( #1116 ) ) ;
#766 = CIRCLE ( 'NONE', #266, 56.00000000000003600 ) ;
#767 = FILL_AREA_STYLE ('',( #841 ) ) ;
#768 = ORIENTED_EDGE ( 'NONE', *, *, #722, .F. ) ;
#769 = CYLINDRICAL_SURFACE ( 'NONE', #442, 42.00000000000002100 ) ;
#770 = CARTESIAN_POINT ( 'NONE',  ( 378.7700775039955900, 282.2499999999964800, 1064.150426099319500 ) ) ;
#771 = VERTEX_POINT ( 'NONE', #573 ) ;
#772 = CLOSED_SHELL ( 'NONE', ( #1165, #407, #454, #1087, #1065, #501, #555, #463, #507, #537, #513, #1043, #444, #509, #470, #475, #1146, #515, #506, #517, #1173, #1027, #1184, #1084, #1030, #549, #542, #459, #1071, #457, #498, #1140, #552, #1179, #1035, #1201, #540, #449, #1191 ) ) ;
#773 = APPLICATION_CONTEXT ( 'automotive_design' ) ;
#774 = ORIENTED_EDGE ( 'NONE', *, *, #1104, .T. ) ;
#775 = CARTESIAN_POINT ( 'NONE',  ( 303.4065796901250600, 269.2499999999933500, 1994.306009750911200 ) ) ;
#776 = CARTESIAN_POINT ( 'NONE',  ( 346.4918081073983600, 269.2499999999932400, 1993.016400418031300 ) ) ;
#777 = APPLICATION_PROTOCOL_DEFINITION ( 'draft international standard', 'automotive_design', 1998, #773 ) ;
#778 =( NAMED_UNIT ( * ) SI_UNIT ( $, .STERADIAN. ) SOLID_ANGLE_UNIT ( ) );
#779 = DIRECTION ( 'NONE',  ( 0.03972146605919259900, 3.262621210481110000E-015, -0.9992107911417432700 ) ) ;
#780 = B_SPLINE_CURVE_WITH_KNOTS ( 'NONE', 3,
 ( #1167, #1169, #1148, #1144, #1141, #1135, #1132, #1123, #1121, #1118 ),
 .UNSPECIFIED., .F., .F.,
 ( 4, 2, 2, 2, 4 ),
 ( 0.01540302953399104800, 0.01850040347616777000, 0.02159777741834449600, 0.02469515136052122300, 0.02779252530269794500 ),
 .UNSPECIFIED. ) ;
#781 = CARTESIAN_POINT ( 'NONE',  ( 303.5257440883027000, 269.2499999999932900, 1991.308377377486100 ) ) ;
#782 =( NAMED_UNIT ( * ) PLANE_ANGLE_UNIT ( ) SI_UNIT ( $, .RADIAN. ) );
#783 =( LENGTH_UNIT ( ) NAMED_UNIT ( * ) SI_UNIT ( .MILLI., .METRE. ) );
#784 = EDGE_CURVE ( 'NONE', #200, #250, #1312, .T. ) ;
#785 = DIRECTION ( 'NONE',  ( -0.9992107911417431600, 0.0000000000000000000, -0.03972146605919372300 ) ) ;
#786 = DIRECTION ( 'NONE',  ( 0.03972146605919259900, 3.262621210481110000E-015, -0.9992107911417432700 ) ) ;
#787 = DIRECTION ( 'NONE',  ( -0.03972146605919265500, -3.375800051292018200E-015, 0.9992107911417432700 ) ) ;
#788 = CARTESIAN_POINT ( 'NONE',  ( 303.5257440883027000, 269.2499999999932900, 1991.308377377486100 ) ) ;
#789 = FACE_OUTER_BOUND ( 'NONE', #603, .T. ) ;
#790 = VECTOR ( 'NONE', #466, 1000.000000000000000 ) ;
#791 = ORIENTED_EDGE ( 'NONE', *, *, #333, .F. ) ;
#792 = FACE_OUTER_BOUND ( 'NONE', #632, .T. ) ;
#793 = CARTESIAN_POINT ( 'NONE',  ( 327.1559027804823900, 251.2918890659979600, 1123.671101418083000 ) ) ;
#794 = VERTEX_POINT ( 'NONE', #512 ) ;
#795 = DIRECTION ( 'NONE',  ( 0.9992107911417431600, 0.0000000000000000000, 0.03972146605919171100 ) ) ;
#796 = ORIENTED_EDGE ( 'NONE', *, *, #280, .F. ) ;
#797 = ORIENTED_EDGE ( 'NONE', *, *, #113, .F. ) ;
#798 = DIRECTION ( 'NONE',  ( 0.03972146605919259900, 3.262621210481110000E-015, -0.9992107911417432700 ) ) ;
#799 = CARTESIAN_POINT ( 'NONE',  ( 303.4065796901250600, 269.2499999999933500, 1994.306009750911500 ) ) ;
#800 = CARTESIAN_POINT ( 'NONE',  ( 0.0000000000000000000, 0.0000000000000000000, 0.0000000000000000000 ) ) ;
#801 = CARTESIAN_POINT ( 'NONE',  ( 327.9837350019066700, 250.8383838036905600, 1123.784038472131000 ) ) ;
#802 = FACE_OUTER_BOUND ( 'NONE', #201, .T. ) ;
#803 = CARTESIAN_POINT ( 'NONE',  ( 264.5565232337746700, 269.2499999999932900, 1989.759240201177400 ) ) ;
#804 = FACE_OUTER_BOUND ( 'NONE', #367, .T. ) ;
#805 = DIRECTION ( 'NONE',  ( 0.9992107911417440500, 0.0000000000000000000, 0.03972146605917031100 ) ) ;
#806 = FACE_BOUND ( 'NONE', #322, .T. ) ;
#807 = CARTESIAN_POINT ( 'NONE',  ( 336.0796238744291000, 248.5179040332382400, 1124.515359403876100 ) ) ;
#808 = FACE_BOUND ( 'NONE', #621, .T. ) ;
#809 = VERTEX_POINT ( 'NONE', #510 ) ;
#810 = VERTEX_POINT ( 'NONE', #495 ) ;
#811 = CARTESIAN_POINT ( 'NONE',  ( 351.8709345899553700, 282.2499999999962500, 1118.740080591865800 ) ) ;
#812 = DIRECTION ( 'NONE',  ( 0.03972146605919259900, 3.262621210481110000E-015, -0.9992107911417432700 ) ) ;
#813 = CARTESIAN_POINT ( 'NONE',  ( 334.2209897294918600, 248.7547983585770600, 1124.399669566192400 ) ) ;
#814 = CARTESIAN_POINT ( 'NONE',  ( 342.4949649428307300, 269.2499999999932900, 1992.857514553794500 ) ) ;
#815 = DIRECTION ( 'NONE',  ( 0.9992107911417431600, 0.0000000000000000000, 0.03972146605919180100 ) ) ;
#816 = CARTESIAN_POINT ( 'NONE',  ( 328.8359980099140200, 250.4384411848302800, 1123.888494720513600 ) ) ;
#817 = FACE_OUTER_BOUND ( 'NONE', #332, .T. ) ;
#818 = CARTESIAN_POINT ( 'NONE',  ( 339.6643339089560500, 282.7818193624460700, 1120.726399596728700 ) ) ;
#819 = PRESENTATION_STYLE_ASSIGNMENT (( #379 ) ) ;
#820 = CARTESIAN_POINT ( 'NONE',  ( 339.0145793800810500, 282.7934756718507900, 1120.726399596728700 ) ) ;
#821 = VECTOR ( 'NONE', #1290, 1000.000000000000100 ) ;
#822 = COLOUR_RGB ( '',0.2901960784313725200, 0.3294117647058823500, 0.3490196078431372400 ) ;
#823 = CARTESIAN_POINT ( 'NONE',  ( 338.3655768645849100, 282.7978313652147300, 1120.709961522302600 ) ) ;
#824 = EDGE_LOOP ( 'NONE', ( #663, #1321 ) ) ;
#825 = CARTESIAN_POINT ( 'NONE',  ( 337.0690725700620800, 282.7913759601112200, 1120.644311134482200 ) ) ;
#826 = CARTESIAN_POINT ( 'NONE',  ( 331.4930165022238400, 249.4531295205657700, 1124.167993003712100 ) ) ;
#827 = VERTEX_POINT ( 'NONE', #544 ) ;
#828 = CARTESIAN_POINT ( 'NONE',  ( 336.4204865767392800, 282.7805327066271300, 1120.594978906395200 ) ) ;
#829 = DIRECTION ( 'NONE',  ( -0.03972146605919264800, -3.375800051292017000E-015, 0.9992107911417432700 ) ) ;
#830 = CIRCLE ( 'NONE', #80, 20.00000000000001800 ) ;
#831 = CARTESIAN_POINT ( 'NONE',  ( 334.4852329621011800, 282.7276865231815500, 1120.398491606596700 ) ) ;
#832 = CARTESIAN_POINT ( 'NONE',  ( 333.2123323738172800, 282.6649645174350700, 1120.203595914913200 ) ) ;
#833 = CARTESIAN_POINT ( 'NONE',  ( 330.5894374365319100, 249.7457948836446600, 1124.080427611309200 ) ) ;
#834 = CARTESIAN_POINT ( 'NONE',  ( 330.6985453845807100, 282.5190413293883000, 1119.689853790590400 ) ) ;
#835 = CARTESIAN_POINT ( 'NONE',  ( 339.8746124687471000, 248.5777009793237400, 1124.655668833005600 ) ) ;
#836 = CARTESIAN_POINT ( 'NONE',  ( 325.2011821827127800, 286.0795905799112100, 1123.315573072224000 ) ) ;
#837 = PRODUCT ( 'IRB660_180-315_BALANCE_b_CAD_rev02', 'IRB660_180-315_BALANCE_b_CAD_rev02', '', ( #754 ) ) ;
#838 = CARTESIAN_POINT ( 'NONE',  ( 329.4576505160372900, 282.4360242016688900, 1119.371008042237000 ) ) ;
#839 = CARTESIAN_POINT ( 'NONE',  ( 327.0057346587579400, 282.3017407934544300, 1118.608513161999600 ) ) ;
#840 = CARTESIAN_POINT ( 'NONE',  ( 338.9297008790658800, 248.5178345951778500, 1124.628670310656600 ) ) ;
#841 = FILL_AREA_STYLE_COLOUR ( '', #1204 ) ;
#842 = CARTESIAN_POINT ( 'NONE',  ( 359.8499871017825700, 256.2499999999961900, 1119.057270584543900 ) ) ;
#843 = DIRECTION ( 'NONE',  ( -0.9992107911417432700, 0.0000000000000000000, -0.03972146605919268200 ) ) ;
#844 = FACE_OUTER_BOUND ( 'NONE', #47, .T. ) ;
#845 = EDGE_LOOP ( 'NONE', ( #18, #213, #695, #437, #659, #1320, #1110, #605, #597, #562 ) ) ;
#846 = LINE ( 'NONE', #460, #790 ) ;
#847 = CARTESIAN_POINT ( 'NONE',  ( 348.8434033883347600, 251.2918890659977600, 1124.533241145696800 ) ) ;
#848 = CARTESIAN_POINT ( 'NONE',  ( 339.6643339089560500, 294.4999999999963100, 1102.226399596728700 ) ) ;
#849 = B_SPLINE_CURVE_WITH_KNOTS ( 'NONE', 3,
 ( #864, #861, #839, #838, #834, #832, #831, #828, #825, #823, #820, #818 ),
 .UNSPECIFIED., .F., .F.,
 ( 4, 2, 2, 2, 2, 4 ),
 ( 1.110223024625156500E-016, 0.003850757383497869100, 0.007701514766995627200, 0.01155227215049338600, 0.01347765084224221600, 0.01540302953399104800 ),
 .UNSPECIFIED. ) ;
#850 = EDGE_CURVE ( 'NONE', #1429, #932, #1298, .T. ) ;
#851 = ORIENTED_EDGE ( 'NONE', *, *, #587, .T. ) ;
#852 = CARTESIAN_POINT ( 'NONE',  ( 342.6912420257186800, 248.9951837360415500, 1124.693966239016600 ) ) ;
#853 = VERTEX_POINT ( 'NONE', #461 ) ;
#854 = DIRECTION ( 'NONE',  ( 0.0000000000000000000, 2.775557561562889000E-015, -1.000000000000000000 ) ) ;
#855 = ORIENTED_EDGE ( 'NONE', *, *, #604, .T. ) ;
#856 = DIRECTION ( 'NONE',  ( 2.374581140776497600E-033, -1.000000000000000000, -3.444825727078166500E-015 ) ) ;
#857 = PRESENTATION_STYLE_ASSIGNMENT (( #925 ) ) ;
#858 = CARTESIAN_POINT ( 'NONE',  ( 341.7542950989069900, 248.8157667489282400, 1124.688380981154300 ) ) ;
#859 = EDGE_CURVE ( 'NONE', #927, #583, #1311, .T. ) ;
#860 = CARTESIAN_POINT ( 'NONE',  ( 339.6643339089560500, 294.4999999999963600, 1082.226399596728700 ) ) ;
#861 = CARTESIAN_POINT ( 'NONE',  ( 325.7947263131749200, 282.2499999999963600, 1118.164898892598800 ) ) ;
#862 = DIRECTION ( 'NONE',  ( 3.457182549974561700E-032, -1.000000000000000000, -3.664789652638603500E-015 ) ) ;
#863 = EDGE_CURVE ( 'NONE', #652, #716, #1306, .T. ) ;
#864 = CARTESIAN_POINT ( 'NONE',  ( 324.5977876716945600, 282.2499999999962500, 1117.655895563796300 ) ) ;
#865 = CARTESIAN_POINT ( 'NONE',  ( 339.6643339089560500, 369.7499999999966500, 1062.226399596728900 ) ) ;
#866 = B_SPLINE_CURVE_WITH_KNOTS ( 'NONE', 3,
 ( #657, #648, #646, #638, #637, #634, #633, #964, #623, #625, #622, #616, #608, #613, #612, #619, #606, #600, #598, #588 ),
 .UNSPECIFIED., .F., .F.,
 ( 4, 2, 2, 2, 2, 2, 2, 2, 2, 4 ),
 ( 2.288783399261118700E-016, 0.004362702088352341500, 0.005453377610440369800, 0.006544053132528397300, 0.008725404176705038600, 0.01090675522088168000, 0.01308810626505832100, 0.01417878178714664300, 0.01526945730923496200, 0.01745080835341143700 ),
 .UNSPECIFIED. ) ;
#867 = DIRECTION ( 'NONE',  ( -0.9992107911417436000, 0.0000000000000000000, -0.03972146605918220500 ) ) ;
#868 = DIRECTION ( 'NONE',  ( 0.03972146605918051200, 1.228574036550911500E-016, -0.9992107911417438300 ) ) ;
#869 = DIRECTION ( 'NONE',  ( 3.457182549974562200E-032, -1.000000000000000000, -3.664789652638604200E-015 ) ) ;
#870 = CARTESIAN_POINT ( 'NONE',  ( 340.1837594782813300, 269.2499999999963100, 1069.160023011082100 ) ) ;
#871 = DIRECTION ( 'NONE',  ( 2.374581140776497600E-033, -1.000000000000000000, -3.444825727078166500E-015 ) ) ;
#872 = FACE_OUTER_BOUND ( 'NONE', #845, .T. ) ;
#873 = EDGE_CURVE ( 'NONE', #479, #447, #1299, .T. ) ;
#874 = SPHERICAL_SURFACE ( 'NONE', #453, 45.00000000000007100 ) ;
#875 = CARTESIAN_POINT ( 'NONE',  ( 345.4283341472199700, 249.6980691135097500, 1124.678737876069800 ) ) ;
#876 = EDGE_CURVE ( 'NONE', #305, #809, #1293, .T. ) ;
#877 = CARTESIAN_POINT ( 'NONE',  ( 380.0896915835311300, 282.2499999999964200, 1070.746397119259400 ) ) ;
#878 = CARTESIAN_POINT ( 'NONE',  ( 299.0954313184225300, 282.2499999999963100, 1097.317336998541600 ) ) ;
#879 = CARTESIAN_POINT ( 'NONE',  ( 378.7700775039955900, 282.2499999999964800, 1064.150426099319500 ) ) ;
#880 = EDGE_CURVE ( 'NONE', #705, #433, #1280, .T. ) ;
#881 = VERTEX_POINT ( 'NONE', #383 ) ;
#882 = CIRCLE ( 'NONE', #91, 34.99999999999992200 ) ;
#883 = LINE ( 'NONE', #1386, #1021 ) ;
#884 = CARTESIAN_POINT ( 'NONE',  ( 379.0092083784767300, 282.2499999999964200, 1064.667764247909400 ) ) ;
#885 = CARTESIAN_POINT ( 'NONE',  ( 302.1168670218882000, 256.2499999999963600, 1061.103243337197700 ) ) ;
#886 = LINE ( 'NONE', #264, #940 ) ;
#887 =( LENGTH_UNIT ( ) NAMED_UNIT ( * ) SI_UNIT ( .MILLI., .METRE. ) );
#888 = CARTESIAN_POINT ( 'NONE',  ( 379.2171396362732000, 282.2499999999964200, 1065.197060271644900 ) ) ;
#889 = CARTESIAN_POINT ( 'NONE',  ( 379.5701987376701800, 282.2499999999964200, 1066.279722979766800 ) ) ;
#890 = EDGE_CURVE ( 'NONE', #1285, #682, #1258, .T. ) ;
#891 = DIRECTION ( 'NONE',  ( -0.9992107911417430500, 0.0000000000000000000, -0.03972146605919726900 ) ) ;
#892 = CARTESIAN_POINT ( 'NONE',  ( 379.7138630816036800, 282.2499999999964200, 1066.829311662494500 ) ) ;
#893 =( NAMED_UNIT ( * ) PLANE_ANGLE_UNIT ( ) SI_UNIT ( $, .RADIAN. ) );
#894 = CARTESIAN_POINT ( 'NONE',  ( 380.0445973717085600, 282.2499999999963600, 1068.485910213230500 ) ) ;
#895 = CARTESIAN_POINT ( 'NONE',  ( 347.1751470538603100, 250.3849402188075100, 1124.626969081128000 ) ) ;
#896 = FACE_OUTER_BOUND ( 'NONE', #306, .T. ) ;
#897 = CARTESIAN_POINT ( 'NONE',  ( 303.5257440883027600, 269.2499999999932400, 1991.308377377485800 ) ) ;
#898 =( NAMED_UNIT ( * ) SI_UNIT ( $, .STERADIAN. ) SOLID_ANGLE_UNIT ( ) );
#899 = FACE_OUTER_BOUND ( 'NONE', #563, .T. ) ;
#900 = EDGE_CURVE ( 'NONE', #107, #713, #1276, .T. ) ;
#901 = CARTESIAN_POINT ( 'NONE',  ( 378.7700775039956500, 256.2499999999964200, 1064.150426099319500 ) ) ;
#902 = ORIENTED_EDGE ( 'NONE', *, *, #1134, .F. ) ;
#903 = DIRECTION ( 'NONE',  ( 0.9992107911417430500, 0.0000000000000000000, 0.03972146605919688700 ) ) ;
#904 = DIRECTION ( 'NONE',  ( -0.03972146605919982900, -4.930430341242135500E-015, 0.9992107911417429400 ) ) ;
#905 = CARTESIAN_POINT ( 'NONE',  ( 321.1679801073231600, 283.6179351214914300, 1121.353127105725900 ) ) ;
#906 = CARTESIAN_POINT ( 'NONE',  ( 348.8434033883348800, 251.2918890659975400, 1124.533241145696800 ) ) ;
#907 = VERTEX_POINT ( 'NONE', #310 ) ;
#908 = CARTESIAN_POINT ( 'NONE',  ( 379.0092083784766700, 256.2499999999964200, 1064.667764247909200 ) ) ;
#909 = ORIENTED_EDGE ( 'NONE', *, *, #229, .F. ) ;
#910 = CIRCLE ( 'NONE', #65, 39.00000000000005000 ) ;
#911 = CARTESIAN_POINT ( 'NONE',  ( 379.2171396362732000, 256.2499999999964200, 1065.197060271645100 ) ) ;
#912 = ORIENTED_EDGE ( 'NONE', *, *, #488, .T. ) ;
#913 = CARTESIAN_POINT ( 'NONE',  ( 379.5701987376703000, 256.2499999999964200, 1066.279722979766600 ) ) ;
#914 = CARTESIAN_POINT ( 'NONE',  ( 379.7138630816036200, 256.2499999999963100, 1066.829311662494500 ) ) ;
#915 =( NAMED_UNIT ( * ) PLANE_ANGLE_UNIT ( ) SI_UNIT ( $, .RADIAN. ) );
#916 = CARTESIAN_POINT ( 'NONE',  ( 380.0445973717085600, 256.2499999999963600, 1068.485910213230500 ) ) ;
#917 = CARTESIAN_POINT ( 'NONE',  ( 380.0896915835311300, 282.2499999999964200, 1070.746397119259400 ) ) ;
#918 = CARTESIAN_POINT ( 'NONE',  ( 380.1349740285777400, 282.2499999999964200, 1069.607297477960600 ) ) ;
#919 = SURFACE_SIDE_STYLE ('',( #138 ) ) ;
#920 = SURFACE_SIDE_STYLE ('',( #973 ) ) ;
#921 = EDGE_CURVE ( 'NONE', #403, #85, #1279, .T. ) ;
#922 = CARTESIAN_POINT ( 'NONE',  ( 348.8434033883523900, 287.2081109339882200, 1124.533241145696600 ) ) ;
#923 = CARTESIAN_POINT ( 'NONE',  ( 348.0092184958878100, 287.6616161962949100, 1124.580108300414600 ) ) ;
#924 = CONICAL_SURFACE ( 'NONE', #426, 45.00000000000006400, 0.7853981633974069800 ) ;
#925 = SURFACE_STYLE_USAGE ( .BOTH. , #920 ) ;
#926 = EDGE_CURVE ( 'NONE', #483, #959, #1284, .T. ) ;
#927 = VERTEX_POINT ( 'NONE', #226 ) ;
#928 = CARTESIAN_POINT ( 'NONE',  ( 347.1513531187272900, 288.0615588151549700, 1124.616582089830900 ) ) ;
#929 = PRESENTATION_STYLE_ASSIGNMENT (( #669 ) ) ;
#930 = EDGE_CURVE ( 'NONE', #267, #567, #1253, .T. ) ;
#931 = CARTESIAN_POINT ( 'NONE',  ( 345.3882111495727300, 288.7542051163425200, 1124.668720885331600 ) ) ;
#932 = VERTEX_POINT ( 'NONE', #239 ) ;
#933 = ORIENTED_EDGE ( 'NONE', *, *, #930, .T. ) ;
#934 = CARTESIAN_POINT ( 'NONE',  ( 344.4805324472704900, 289.0468704794222400, 1124.684283638658400 ) ) ;
#935 = CARTESIAN_POINT ( 'NONE',  ( 341.7427770443190400, 289.7452016414132500, 1124.698681968959800 ) ) ;
#936 = CIRCLE ( 'NONE', #592, 26.00000000000291000 ) ;
#937 = CARTESIAN_POINT ( 'NONE',  ( 320.7459529742586100, 283.3917036312523100, 1121.046226238018600 ) ) ;
#938 =( LENGTH_UNIT ( ) NAMED_UNIT ( * ) SI_UNIT ( .MILLI., .METRE. ) );
#939 = CARTESIAN_POINT ( 'NONE',  ( 339.8808244996948800, 289.9820959667532600, 1124.666467921677600 ) ) ;
#940 = VECTOR ( 'NONE', #543, 1000.000000000000000 ) ;
#941 = CARTESIAN_POINT ( 'NONE',  ( 337.0307465223722800, 289.9821654048148500, 1124.553181483178600 ) ) ;
#942 = CARTESIAN_POINT ( 'NONE',  ( 336.0866735369497700, 289.9222990206691900, 1124.505087505174300 ) ) ;
#943 = CARTESIAN_POINT ( 'NONE',  ( 334.2103257159860700, 289.6842332510652200, 1124.388486778198300 ) ) ;
#944 = CARTESIAN_POINT ( 'NONE',  ( 302.8107576992372300, 269.2499999999932900, 2009.294171618037400 ) ) ;
#945 = CARTESIAN_POINT ( 'NONE',  ( 333.2758920501929700, 289.5048162639520800, 1124.319679343995900 ) ) ;
#946 = CARTESIAN_POINT ( 'NONE',  ( 330.5486458995131900, 288.8019308864840000, 1124.087228019549000 ) ) ;
#947 = CARTESIAN_POINT ( 'NONE',  ( 380.1349740285776900, 256.2499999999963600, 1069.607297477959700 ) ) ;
#948 = FACE_OUTER_BOUND ( 'NONE', #421, .T. ) ;
#949 = DIRECTION ( 'NONE',  ( 0.0000000000000000000, -3.865560750182194800E-015, 1.000000000000000000 ) ) ;
#950 = DIRECTION ( 'NONE',  ( -2.374581140776497600E-033, 1.000000000000000000, 3.444825727078166900E-015 ) ) ;
#951 = VERTEX_POINT ( 'NONE', #275 ) ;
#952 = CARTESIAN_POINT ( 'NONE',  ( 373.9992010654655100, 256.2499999999963100, 1110.770078382075600 ) ) ;
#953 = CARTESIAN_POINT ( 'NONE',  ( 339.6643339089558800, 256.2499999999963100, 1082.226399596728500 ) ) ;
#954 = CARTESIAN_POINT ( 'NONE',  ( 328.8114546368541400, 288.1150597811849300, 1123.896960166562200 ) ) ;
#955 = FACE_OUTER_BOUND ( 'NONE', #233, .T. ) ;
#956 = EDGE_CURVE ( 'NONE', #128, #1138, #1248, .T. ) ;
#957 = ORIENTED_EDGE ( 'NONE', *, *, #1182, .F. ) ;
#958 = CARTESIAN_POINT ( 'NONE',  ( 327.1559027804826200, 287.2081109339945900, 1123.671101418083500 ) ) ;
#959 = VERTEX_POINT ( 'NONE', #210 ) ;
#960 = DIRECTION ( 'NONE',  ( 0.9992107911417434900, 0.0000000000000000000, 0.03972146605918260000 ) ) ;
#961 = FILL_AREA_STYLE ('',( #1018 ) ) ;
#962 = DIRECTION ( 'NONE',  ( 0.03972146605918051200, 1.228574036550911500E-016, -0.9992107911417438300 ) ) ;
#963 = CARTESIAN_POINT ( 'NONE',  ( 340.4434722629432000, 269.2499999999963100, 1062.626834718259700 ) ) ;
#964 = CARTESIAN_POINT ( 'NONE',  ( 376.8224459623934900, 282.2499999999963100, 1107.415826524725200 ) ) ;
#965 = CARTESIAN_POINT ( 'NONE',  ( 319.9051372966376900, 282.9903817684899500, 1120.382954577121200 ) ) ;
#966 = CARTESIAN_POINT ( 'NONE',  ( 380.0896915835311300, 256.2499999999963600, 1070.746397119259400 ) ) ;
#967 = ORIENTED_EDGE ( 'NONE', *, *, #615, .T. ) ;
#968 = CARTESIAN_POINT ( 'NONE',  ( 307.9131173061169300, 256.2499999999962500, 1111.328469127332500 ) ) ;
#969 = CARTESIAN_POINT ( 'NONE',  ( 309.5333976219255900, 256.2499999999962500, 1112.084886314038800 ) ) ;
#970 = VERTEX_POINT ( 'NONE', #203 ) ;
#971 = CARTESIAN_POINT ( 'NONE',  ( 327.1559027804826200, 287.2081109339945900, 1123.671101418083500 ) ) ;
#972 = ORIENTED_EDGE ( 'NONE', *, *, #900, .T. ) ;
#973 = SURFACE_STYLE_FILL_AREA ( #961 ) ;
#974 = B_SPLINE_CURVE_WITH_KNOTS ( 'NONE', 3,
 ( #696, #723, #679, #680, #670, #672, #666, #662 ),
 .UNSPECIFIED., .F., .F.,
 ( 4, 2, 2, 4 ),
 ( 0.0000000000000000000, 0.003371150903211493300, 0.005056726354816919900, 0.006742301806422347300 ),
 .UNSPECIFIED. ) ;
#975 = EDGE_CURVE ( 'NONE', #716, #932, #1220, .T. ) ;
#976 = CARTESIAN_POINT ( 'NONE',  ( 311.0653113425438500, 256.2499999999961300, 1112.969299431681100 ) ) ;
#977 = FILL_AREA_STYLE_COLOUR ( '', #225 ) ;
#978 = CARTESIAN_POINT ( 'NONE',  ( 313.9656946205679400, 256.2499999999961900, 1114.974868836501200 ) ) ;
#979 = CARTESIAN_POINT ( 'NONE',  ( 315.3342338926733000, 256.2499999999961300, 1116.095924144367500 ) ) ;
#980 = SURFACE_STYLE_USAGE ( .BOTH. , #919 ) ;
#981 = CARTESIAN_POINT ( 'NONE',  ( 316.6187351598801500, 256.2499999999961300, 1117.338705571111900 ) ) ;
#982 = CARTESIAN_POINT ( 'NONE',  ( 359.8499871017825700, 256.2499999999961900, 1119.057270584543900 ) ) ;
#983 = CARTESIAN_POINT ( 'NONE',  ( 360.5369105811202500, 256.2499999999961900, 1118.490988047831300 ) ) ;
#984 = ORIENTED_EDGE ( 'NONE', *, *, #1431, .T. ) ;
#985 = CARTESIAN_POINT ( 'NONE',  ( 326.1568347560817600, 286.6607988159787500, 1123.534803510670600 ) ) ;
#986 = LINE ( 'NONE', #1338, #991 ) ;
#987 = CARTESIAN_POINT ( 'NONE',  ( 361.2479317053653700, 256.2499999999961900, 1117.952398026402100 ) ) ;
#988 = ORIENTED_EDGE ( 'NONE', *, *, #926, .F. ) ;
#989 = CARTESIAN_POINT ( 'NONE',  ( 339.6643339089560500, 369.7499999999965900, 1082.226399596728900 ) ) ;
#990 = COLOUR_RGB ( '',0.2901960784313725200, 0.3294117647058823500, 0.3490196078431372400 ) ;
#991 = VECTOR ( 'NONE', #1334, 1000.000000000000000 ) ;
#992 = CARTESIAN_POINT ( 'NONE',  ( 362.7052450785299100, 256.2499999999961900, 1116.939580738845500 ) ) ;
#993 = CARTESIAN_POINT ( 'NONE',  ( 363.4512964402581500, 256.2499999999961900, 1116.465274411496700 ) ) ;
#994 = FACE_BOUND ( 'NONE', #169, .T. ) ;
#995 = ORIENTED_EDGE ( 'NONE', *, *, #1421, .F. ) ;
#996 = CARTESIAN_POINT ( 'NONE',  ( 365.7412974337674400, 256.2499999999961300, 1115.138040220508600 ) ) ;
#997 = CARTESIAN_POINT ( 'NONE',  ( 339.6643339089560500, 287.9999999999961900, 1120.726399596728700 ) ) ;
#998 = CARTESIAN_POINT ( 'NONE',  ( 323.8121760684614400, 285.2137782919508000, 1122.814004401973300 ) ) ;
#999 = CARTESIAN_POINT ( 'NONE',  ( 316.6187351598801500, 256.2499999999961300, 1117.338705571111900 ) ) ;
#1000 = CARTESIAN_POINT ( 'NONE',  ( 317.0327031355057600, 256.2499999999960800, 1117.739228112045300 ) ) ;
#1001 = FACE_OUTER_BOUND ( 'NONE', #1260, .T. ) ;
#1002 = CARTESIAN_POINT ( 'NONE',  ( 339.0013634236736400, 269.2499999999962500, 1098.903711106719100 ) ) ;
#1003 = DIRECTION ( 'NONE',  ( -0.03972146605919449300, -1.030577249273362700E-014, 0.9992107911417431600 ) ) ;
#1004 = CARTESIAN_POINT ( 'NONE',  ( 317.4434552508244000, 256.2132274605636400, 1118.137609551213900 ) ) ;
#1005 = CARTESIAN_POINT ( 'NONE',  ( 323.3541236387506500, 284.9250043311749300, 1122.616782501479700 ) ) ;
#1006 = CARTESIAN_POINT ( 'NONE',  ( 318.2670198484223600, 256.0678854645134900, 1118.921442382400800 ) ) ;
#1007 = CARTESIAN_POINT ( 'NONE',  ( 322.4609930943969400, 284.3723515391108700, 1122.166222954046800 ) ) ;
#1008 = FACE_OUTER_BOUND ( 'NONE', #1452, .T. ) ;
#1009 = CARTESIAN_POINT ( 'NONE',  ( 318.6822058200237400, 255.9582691164273700, 1119.308928930235700 ) ) ;
#1010 = ORIENTED_EDGE ( 'NONE', *, *, #1331, .F. ) ;
#1011 = CARTESIAN_POINT ( 'NONE',  ( 319.9233381247556700, 255.5335096018184800, 1120.415267476536700 ) ) ;
#1012 = CYLINDRICAL_SURFACE ( 'NONE', #288, 39.00000000000005000 ) ;
#1013 = CARTESIAN_POINT ( 'NONE',  ( 322.0254938537460100, 284.1082648139316100, 1121.913130276611100 ) ) ;
#1014 = CIRCLE ( 'NONE', #285, 43.08131845707619300 ) ;
#1015 = CARTESIAN_POINT ( 'NONE',  ( 320.7475190953476300, 255.1231608020571000, 1121.079940402041800 ) ) ;
#1016 = ORIENTED_EDGE ( 'NONE', *, *, #280, .T. ) ;
#1017 = ORIENTED_EDGE ( 'NONE', *, *, #1266, .F. ) ;
#1018 = FILL_AREA_STYLE_COLOUR ( '', #1061 ) ;
#1019 = CARTESIAN_POINT ( 'NONE',  ( 322.0429981785532600, 254.3813802634407500, 1121.923845277096700 ) ) ;
#1020 = CARTESIAN_POINT ( 'NONE',  ( 322.4859884806351700, 254.1123676972692900, 1122.179985925360600 ) ) ;
#1021 = VECTOR ( 'NONE', #1327, 1000.000000000000100 ) ;
#1022 = CARTESIAN_POINT ( 'NONE',  ( 323.3770387820447400, 253.5606199452756200, 1122.627125309956900 ) ) ;
#1023 = CARTESIAN_POINT ( 'NONE',  ( 323.8278505822136100, 253.2763995178671300, 1122.820181852805000 ) ) ;
#1024 = CARTESIAN_POINT ( 'NONE',  ( 325.2050939388981300, 252.4180766241889600, 1123.315930670160700 ) ) ;
#1025 = CARTESIAN_POINT ( 'NONE',  ( 316.6187351598883900, 282.2499999999962500, 1117.338705571116900 ) ) ;
#1026 = CARTESIAN_POINT ( 'NONE',  ( 369.0052275788545400, 256.2499999999962500, 1113.757053972688900 ) ) ;
#1027 = ADVANCED_FACE ( 'NONE', ( #1213 ), #1190, .F. ) ;
#1028 = CARTESIAN_POINT ( 'NONE',  ( 367.3366551250844100, 256.2499999999962500, 1114.379987241303300 ) ) ;
#1029 = FACE_BOUND ( 'NONE', #1342, .T. ) ;
#1030 = ADVANCED_FACE ( 'NONE', ( #1227, #1185 ), #147, .F. ) ;
#1031 = DIRECTION ( 'NONE',  ( 3.457182549974561700E-032, -1.000000000000000000, -3.664789652638603500E-015 ) ) ;
#1032 = CYLINDRICAL_SURFACE ( 'NONE', #300, 38.49999999999997900 ) ;
#1033 = DIRECTION ( 'NONE',  ( -0.9992107911417429400, 0.0000000000000000000, -0.03972146605920017600 ) ) ;
#1034 = CYLINDRICAL_SURFACE ( 'NONE', #441, 100.5000000000000400 ) ;
#1035 = ADVANCED_FACE ( 'NONE', ( #1216, #1158 ), #133, .T. ) ;
#1036 = CARTESIAN_POINT ( 'NONE',  ( 307.9131173061169300, 256.2499999999962500, 1111.328469127332500 ) ) ;
#1037 = CARTESIAN_POINT ( 'NONE',  ( 307.2453247061809500, 256.2499999999963100, 1111.016714553251200 ) ) ;
#1038 = ORIENTED_EDGE ( 'NONE', *, *, #1218, .T. ) ;
#1039 = CARTESIAN_POINT ( 'NONE',  ( 303.6051870204211100, 269.2499999999932400, 1989.309955795203200 ) ) ;
#1040 = SURFACE_STYLE_FILL_AREA ( #429 ) ;
#1041 = FACE_OUTER_BOUND ( 'NONE', #671, .T. ) ;
#1042 = CARTESIAN_POINT ( 'NONE',  ( 306.6022563608232200, 256.2499999999962500, 1110.662409416404900 ) ) ;
#1043 = ADVANCED_FACE ( 'NONE', ( #1162 ), #1133, .T. ) ;
#1044 = VERTEX_POINT ( 'NONE', #122 ) ;
#1045 = CARTESIAN_POINT ( 'NONE',  ( 305.6757867319470800, 256.2499999999963100, 1110.065324822830500 ) ) ;
#1046 = DIRECTION ( 'NONE',  ( 3.457182549974562200E-032, -1.000000000000000000, -3.664789652638604200E-015 ) ) ;
#1047 = CARTESIAN_POINT ( 'NONE',  ( 305.3724883618119700, 256.2499999999962500, 1109.854655542712600 ) ) ;
#1048 = CARTESIAN_POINT ( 'NONE',  ( 304.7844281546136900, 256.2499999999963600, 1109.414787582556800 ) ) ;
#1049 = CARTESIAN_POINT ( 'NONE',  ( 304.4995006874578400, 256.2499999999962500, 1109.185594016380000 ) ) ;
#1050 = EDGE_CURVE ( 'NONE', #307, #175, #1149, .T. ) ;
#1051 = CARTESIAN_POINT ( 'NONE',  ( 303.6718525428755100, 256.2499999999963600, 1108.470411206150600 ) ) ;
#1052 = CARTESIAN_POINT ( 'NONE',  ( 303.1561350751727600, 256.2499999999963600, 1107.956953157104000 ) ) ;
#1053 = CARTESIAN_POINT ( 'NONE',  ( 376.7989761174853200, 256.2499999999962500, 1107.428139494047600 ) ) ;
#1054 = FACE_OUTER_BOUND ( 'NONE', #142, .T. ) ;
#1055 = CARTESIAN_POINT ( 'NONE',  ( 302.1988776806731500, 256.2499999999963600, 1106.854580532661700 ) ) ;
#1056 = CARTESIAN_POINT ( 'NONE',  ( 301.7546877963673100, 256.2499999999963600, 1106.260698767313700 ) ) ;
#1057 = CARTESIAN_POINT ( 'NONE',  ( 300.9685396845280800, 256.2499999999962500, 1105.027646825957800 ) ) ;
#1058 = CARTESIAN_POINT ( 'NONE',  ( 300.6239349819819600, 256.2499999999963100, 1104.386719358847400 ) ) ;
#1059 = FACE_OUTER_BOUND ( 'NONE', #294, .T. ) ;
#1060 = CARTESIAN_POINT ( 'NONE',  ( 300.1799953086336400, 256.2499999999963100, 1103.388593331937700 ) ) ;
#1061 = COLOUR_RGB ( '',0.8431372549019607900, 0.8431372549019607900, 0.8431372549019607900 ) ;
#1062 = FACE_OUTER_BOUND ( 'NONE', #1433, .T. ) ;
#1063 = DIRECTION ( 'NONE',  ( -2.755747402160534200E-016, 1.000000000000000000, 1.001528829555019600E-014 ) ) ;
#1064 = VECTOR ( 'NONE', #52, 1000.000000000000000 ) ;
#1065 = ADVANCED_FACE ( 'NONE', ( #1195 ), #1127, .T. ) ;
#1066 = ORIENTED_EDGE ( 'NONE', *, *, #660, .F. ) ;
#1067 = SURFACE_STYLE_FILL_AREA ( #326 ) ;
#1068 = FACE_OUTER_BOUND ( 'NONE', #287, .T. ) ;
#1069 = CARTESIAN_POINT ( 'NONE',  ( 300.0442224297619300, 256.2499999999962500, 1103.049739136606800 ) ) ;
#1070 = CARTESIAN_POINT ( 'NONE',  ( 338.4591724424854500, 269.2499999999961900, 1112.542761550010700 ) ) ;
#1071 = ADVANCED_FACE ( 'NONE', ( #1150 ), #1126, .T. ) ;
#1072 = CARTESIAN_POINT ( 'NONE',  ( 319.4864158860250400, 282.8159128033911400, 1120.026360977842800 ) ) ;
#1073 = FACE_OUTER_BOUND ( 'NONE', #168, .T. ) ;
#1074 = CARTESIAN_POINT ( 'NONE',  ( 299.7977225628628200, 256.2499999999962500, 1102.359421598647300 ) ) ;
#1075 = ORIENTED_EDGE ( 'NONE', *, *, #339, .F. ) ;
#1076 = CARTESIAN_POINT ( 'NONE',  ( 299.6866732918701400, 256.2499999999963100, 1102.006525488128100 ) ) ;
#1077 = VECTOR ( 'NONE', #805, 1000.000000000000200 ) ;
#1078 = ORIENTED_EDGE ( 'NONE', *, *, #145, .T. ) ;
#1079 = CARTESIAN_POINT ( 'NONE',  ( 293.5540999315196000, 269.2499999999960200, 1134.436037811779200 ) ) ;
#1080 = B_SPLINE_CURVE_WITH_KNOTS ( 'NONE', 3,
 ( #906, #895, #875, #852, #858, #835, #840, #807, #813, #826, #833, #816, #801, #793 ),
 .UNSPECIFIED., .F., .F.,
 ( 4, 2, 2, 2, 2, 2, 4 ),
 ( 5.551115123125782700E-017, 0.005629474852937157300, 0.008444212279405699500, 0.01125894970587424200, 0.01688842455881130200, 0.01970316198527971200, 0.02251789941174812300 ),
 .UNSPECIFIED. ) ;
#1081 = CARTESIAN_POINT ( 'NONE',  ( 299.2034931269906800, 256.2499999999963100, 1100.236492009266400 ) ) ;
#1082 = CARTESIAN_POINT ( 'NONE',  ( 327.1559027804823900, 251.2918890659979600, 1123.671101418083000 ) ) ;
#1083 = CARTESIAN_POINT ( 'NONE',  ( 317.4454655019851500, 282.2499999999970400, 1118.138584201304200 ) ) ;
#1084 = ADVANCED_FACE ( 'NONE', ( #1197 ), #1122, .T. ) ;
#1085 = CARTESIAN_POINT ( 'NONE',  ( 326.1569581387330500, 251.8391335921996000, 1123.534820343155200 ) ) ;
#1086 = LINE ( 'NONE', #814, #1461 ) ;
#1087 = ADVANCED_FACE ( 'NONE', ( #1102 ), #1105, .T. ) ;
#1088 = LINE ( 'NONE', #803, #1112 ) ;
#1089 = EDGE_CURVE ( 'NONE', #403, #250, #1097, .T. ) ;
#1090 = DIRECTION ( 'NONE',  ( 0.03972146605919355000, -0.0000000000000000000, -0.9992107911417431600 ) ) ;
#1091 = DIRECTION ( 'NONE',  ( 0.9992107911417437100, 0.0000000000000000000, 0.03972146605918255200 ) ) ;
#1092 = CARTESIAN_POINT ( 'NONE',  ( 377.8148088930321400, 256.2499999999963100, 1105.477241290826900 ) ) ;
#1093 = DIRECTION ( 'NONE',  ( -0.03972146605918087900, -2.471269613751844700E-016, 0.9992107911417437100 ) ) ;
#1094 = VECTOR ( 'NONE', #37, 1000.000000000000000 ) ;
#1095 = CARTESIAN_POINT ( 'NONE',  ( 340.4434722629409900, 269.2499999999965900, 1062.626834718258400 ) ) ;
#1096 = CYLINDRICAL_SURFACE ( 'NONE', #493, 20.00000000000001800 ) ;
#1097 = LINE ( 'NONE', #40, #1094 ) ;
#1098 = CARTESIAN_POINT ( 'NONE',  ( 350.8162498150373400, 286.0819233757960700, 1124.334046835325100 ) ) ;
#1099 = DIRECTION ( 'NONE',  ( -0.03972146605919259900, -3.262621210481110000E-015, 0.9992107911417432700 ) ) ;
#1100 = CARTESIAN_POINT ( 'NONE',  ( 338.4591724424855700, 269.2499999999962500, 1112.542761550010500 ) ) ;
#1101 = TOROIDAL_SURFACE ( 'NONE', #434, 44.00000000000320500, 26.00000000000294500 ) ;
#1102 = FACE_OUTER_BOUND ( 'NONE', #420, .T. ) ;
#1103 = ORIENTED_EDGE ( 'NONE', *, *, #758, .T. ) ;
#1104 = EDGE_CURVE ( 'NONE', #415, #1044, #1107, .T. ) ;
#1105 = TOROIDAL_SURFACE ( 'NONE', #304, 26.99999999999661800, 15.00000000000081400 ) ;
#1106 = ORIENTED_EDGE ( 'NONE', *, *, #1352, .F. ) ;
#1107 = CIRCLE ( 'NONE', #318, 38.49999999999997900 ) ;
#1108 = LINE ( 'NONE', #865, #1114 ) ;
#1109 = CARTESIAN_POINT ( 'NONE',  ( 300.2778273730295400, 256.2499999999963600, 1067.573648902890900 ) ) ;
#1110 = ORIENTED_EDGE ( 'NONE', *, *, #1415, .F. ) ;
#1111 = DIRECTION ( 'NONE',  ( 0.03972146605919088500, 3.729688205485801400E-015, -0.9992107911417433800 ) ) ;
#1112 = VECTOR ( 'NONE', #798, 1000.000000000000000 ) ;
#1113 = DIRECTION ( 'NONE',  ( 0.03972146605919355000, -0.0000000000000000000, -0.9992107911417431600 ) ) ;
#1114 = VECTOR ( 'NONE', #871, 1000.000000000000000 ) ;
#1115 = CARTESIAN_POINT ( 'NONE',  ( 378.9072955289247500, 256.2499999999962500, 1100.490085214896900 ) ) ;
#1116 = SURFACE_STYLE_FILL_AREA ( #767 ) ;
#1117 = CARTESIAN_POINT ( 'NONE',  ( 339.6643339089560500, 256.2499999999963100, 1102.226399596728500 ) ) ;
#1118 = CARTESIAN_POINT ( 'NONE',  ( 351.8709345899553100, 282.2499999999963100, 1118.740080591865800 ) ) ;
#1119 = CIRCLE ( 'NONE', #236, 39.00000000000005000 ) ;
#1120 = CARTESIAN_POINT ( 'NONE',  ( 338.4591724424855700, 269.2499999999962500, 1112.542761550010500 ) ) ;
#1121 = CARTESIAN_POINT ( 'NONE',  ( 350.8788219305153600, 282.2499999999961900, 1119.071745949460400 ) ) ;
#1122 = TOROIDAL_SURFACE ( 'NONE', #309, 27.00000000000060400, 14.99999999999942300 ) ;
#1123 = CARTESIAN_POINT ( 'NONE',  ( 349.8811818363719200, 282.2837396073311400, 1119.360409873515900 ) ) ;
#1124 = CARTESIAN_POINT ( 'NONE',  ( 376.1910674921910000, 256.2499999999962500, 1108.342082502522500 ) ) ;
#1125 = LINE ( 'NONE', #60, #1064 ) ;
#1126 = TOROIDAL_SURFACE ( 'NONE', #311, 26.99999999999885600, 14.99999999999999600 ) ;
#1127 = TOROIDAL_SURFACE ( 'NONE', #324, 26.99999999999885600, 14.99999999999999600 ) ;
#1128 = ORIENTED_EDGE ( 'NONE', *, *, #581, .T. ) ;
#1129 = CYLINDRICAL_SURFACE ( 'NONE', #494, 42.00000000000002100 ) ;
#1130 = CARTESIAN_POINT ( 'NONE',  ( 375.0508543328735400, 256.2499999999961900, 1109.757028272964100 ) ) ;
#1131 = VECTOR ( 'NONE', #106, 1000.000000000000200 ) ;
#1132 = CARTESIAN_POINT ( 'NONE',  ( 347.8736943701628100, 282.3793805418105800, 1119.855179827111700 ) ) ;
#1133 = CYLINDRICAL_SURFACE ( 'NONE', #313, 39.00000000000005000 ) ;
#1134 = EDGE_CURVE ( 'NONE', #583, #107, #1125, .T. ) ;
#1135 = CARTESIAN_POINT ( 'NONE',  ( 346.8638542644748700, 282.4415041341703700, 1120.061271001448900 ) ) ;
#1136 = ORIENTED_EDGE ( 'NONE', *, *, #596, .F. ) ;
#1137 = LINE ( 'NONE', #847, #1142 ) ;
#1138 = VERTEX_POINT ( 'NONE', #21 ) ;
#1139 = CARTESIAN_POINT ( 'NONE',  ( 316.6187351598883900, 282.2499999999962500, 1117.338705571116900 ) ) ;
#1140 = ADVANCED_FACE ( 'NONE', ( #1054 ), #1032, .T. ) ;
#1141 = CARTESIAN_POINT ( 'NONE',  ( 344.8308928392248700, 282.5649324522870500, 1120.392055052666400 ) ) ;
#1142 = VECTOR ( 'NONE', #843, 1000.000000000000000 ) ;
#1143 = UNCERTAINTY_MEASURE_WITH_UNIT (LENGTH_MEASURE( 1.000000000000000100E-005 ), #668, 'distance_accuracy_value', 'NONE');
#1144 = CARTESIAN_POINT ( 'NONE',  ( 343.8077711257001300, 282.6262426314791600, 1120.516744048402900 ) ) ;
#1145 = LINE ( 'NONE', #811, #1077 ) ;
#1146 = ADVANCED_FACE ( 'NONE', ( #1068 ), #3, .F. ) ;
#1147 = CARTESIAN_POINT ( 'NONE',  ( 378.9072955289247500, 256.2499999999962500, 1100.490085214896700 ) ) ;
#1148 = CARTESIAN_POINT ( 'NONE',  ( 341.7471269254887100, 282.7253664403535300, 1120.683915421952000 ) ) ;
#1149 = LINE ( 'NONE', #115, #1131 ) ;
#1150 = FACE_OUTER_BOUND ( 'NONE', #524, .T. ) ;
#1151 = CARTESIAN_POINT ( 'NONE',  ( 378.8779614853365300, 256.2499999999963100, 1101.227995866475800 ) ) ;
#1152 = DIRECTION ( 'NONE',  ( 0.0000000000000000000, 3.172065784643311700E-015, -1.000000000000000000 ) ) ;
#1153 = TOROIDAL_SURFACE ( 'NONE', #484, 44.00000000000320500, 26.00000000000294500 ) ;
#1154 = DIRECTION ( 'NONE',  ( -0.9992107911417431600, 0.0000000000000000000, -0.03972146605919358400 ) ) ;
#1155 = LINE ( 'NONE', #589, #1203 ) ;
#1156 = DIRECTION ( 'NONE',  ( 3.457182549974562200E-032, -1.000000000000000000, -3.664789652638604200E-015 ) ) ;
#1157 = CIRCLE ( 'NONE', #418, 42.00000000000014200 ) ;
#1158 = FACE_OUTER_BOUND ( 'NONE', #824, .T. ) ;
#1159 = CARTESIAN_POINT ( 'NONE',  ( 339.6643339089560500, 287.9999999999963600, 1082.226399596728700 ) ) ;
#1160 = ORIENTED_EDGE ( 'NONE', *, *, #873, .T. ) ;
#1161 = CARTESIAN_POINT ( 'NONE',  ( 299.0954313184225300, 256.2499999999963100, 1097.317336998541400 ) ) ;
#1162 = FACE_OUTER_BOUND ( 'NONE', #220, .T. ) ;
#1163 = CARTESIAN_POINT ( 'NONE',  ( 378.7912760066726000, 256.2499999999961900, 1101.962212627303000 ) ) ;
#1164 = ORIENTED_EDGE ( 'NONE', *, *, #585, .T. ) ;
#1165 = ADVANCED_FACE ( 'NONE', ( #1041 ), #1012, .T. ) ;
#1166 = DIRECTION ( 'NONE',  ( -0.03972146605919982900, -4.930430341242135500E-015, 0.9992107911417429400 ) ) ;
#1167 = CARTESIAN_POINT ( 'NONE',  ( 339.6643339089560500, 282.7818193624460700, 1120.726399596728700 ) ) ;
#1168 = ORIENTED_EDGE ( 'NONE', *, *, #1439, .F. ) ;
#1169 = CARTESIAN_POINT ( 'NONE',  ( 340.7095998377697000, 282.7630677531305400, 1120.726399596728900 ) ) ;
#1170 = ORIENTED_EDGE ( 'NONE', *, *, #615, .F. ) ;
#1171 = CARTESIAN_POINT ( 'NONE',  ( 369.0052275788545400, 282.2499999999962500, 1113.757053972688700 ) ) ;
#1172 = CIRCLE ( 'NONE', #240, 41.99999999999889900 ) ;
#1173 = ADVANCED_FACE ( 'NONE', ( #1059 ), #1436, .T. ) ;
#1174 = CARTESIAN_POINT ( 'NONE',  ( 378.3101071818935600, 256.2499999999964200, 1104.109832919202500 ) ) ;
#1175 = CARTESIAN_POINT ( 'NONE',  ( 367.3300156288941000, 282.2499999999962500, 1114.382465984766900 ) ) ;
#1176 = CARTESIAN_POINT ( 'NONE',  ( 365.7327310783208000, 282.2499999999962500, 1115.142484586233900 ) ) ;
#1177 = CARTESIAN_POINT ( 'NONE',  ( 352.2284998143738300, 285.2236004821190200, 1123.949188299224700 ) ) ;
#1178 = CARTESIAN_POINT ( 'NONE',  ( 362.6822976492185300, 282.2499999999963100, 1116.911492130481500 ) ) ;
#1179 = ADVANCED_FACE ( 'NONE', ( #1029, #1001 ), #1424, .T. ) ;
#1180 = CARTESIAN_POINT ( 'NONE',  ( 352.6932139112040500, 284.9393800547111400, 1123.792526510282600 ) ) ;
#1181 = CARTESIAN_POINT ( 'NONE',  ( 373.4377306050205300, 256.2499999999962500, 1111.246217720492300 ) ) ;
#1182 = EDGE_CURVE ( 'NONE', #652, #464, #1014, .T. ) ;
#1183 = DIRECTION ( 'NONE',  ( 0.03972146605918985800, 1.001833037399961500E-014, -0.9992107911417434900 ) ) ;
#1184 = ADVANCED_FACE ( 'NONE', ( #1008 ), #1414, .T. ) ;
#1185 = FACE_BOUND ( 'NONE', #219, .T. ) ;
#1186 = FACE_OUTER_BOUND ( 'NONE', #520, .T. ) ;
#1187 = CARTESIAN_POINT ( 'NONE',  ( 299.0368224978316200, 256.2499999999962500, 1098.791667424892900 ) ) ;
#1188 = FACE_OUTER_BOUND ( 'NONE', #1255, .T. ) ;
#1189 = CARTESIAN_POINT ( 'NONE',  ( 377.5157211923599900, 256.2499999999962500, 1106.141982053481800 ) ) ;
#1190 = CYLINDRICAL_SURFACE ( 'NONE', #328, 5.999999999999956500 ) ;
#1191 = ADVANCED_FACE ( 'NONE', ( #1073 ), #1412, .F. ) ;
#1192 = ORIENTED_EDGE ( 'NONE', *, *, #578, .T. ) ;
#1193 = DIRECTION ( 'NONE',  ( -0.9992107911417433800, 0.0000000000000000000, -0.03972146605918684000 ) ) ;
#1194 = SURFACE_STYLE_FILL_AREA ( #172 ) ;
#1195 = FACE_OUTER_BOUND ( 'NONE', #330, .T. ) ;
#1196 = CARTESIAN_POINT ( 'NONE',  ( 300.2778273730295400, 256.2499999999963600, 1067.573648902890900 ) ) ;
#1197 = FACE_OUTER_BOUND ( 'NONE', #7, .T. ) ;
#1198 = ORIENTED_EDGE ( 'NONE', *, *, #1050, .F. ) ;
#1199 = ORIENTED_EDGE ( 'NONE', *, *, #691, .T. ) ;
#1200 = CARTESIAN_POINT ( 'NONE',  ( 300.3004670225250800, 256.2499999999963600, 1067.004138652454200 ) ) ;
#1201 = ADVANCED_FACE ( 'NONE', ( #955, #994 ), #1380, .F. ) ;
#1202 = CARTESIAN_POINT ( 'NONE',  ( 376.9883067265568000, 256.2499999999963100, 1107.110048957890300 ) ) ;
#1203 = VECTOR ( 'NONE', #862, 1000.000000000000000 ) ;
#1204 = COLOUR_RGB ( '',0.8431372549019607900, 0.8431372549019607900, 0.8431372549019607900 ) ;
#1205 = CARTESIAN_POINT ( 'NONE',  ( 300.3570359960608600, 256.2499999999963600, 1066.438302252057800 ) ) ;
#1206 = PRESENTATION_STYLE_ASSIGNMENT (( #764 ) ) ;
#1207 = CARTESIAN_POINT ( 'NONE',  ( 373.1478488441227900, 256.2499999999962500, 1111.474477733537700 ) ) ;
#1208 = CARTESIAN_POINT ( 'NONE',  ( 300.5377407353808500, 256.2499999999964200, 1065.313945549348100 ) ) ;
#1209 = CARTESIAN_POINT ( 'NONE',  ( 300.6614457463315900, 256.2499999999964200, 1064.759512823655300 ) ) ;
#1210 = CARTESIAN_POINT ( 'NONE',  ( 348.5696726217996100, 269.2499999999932400, 1991.097421767866800 ) ) ;
#1211 = CARTESIAN_POINT ( 'NONE',  ( 301.1252863890580300, 256.2499999999963100, 1063.135119345321500 ) ) ;
#1212 = CARTESIAN_POINT ( 'NONE',  ( 339.6643339089560500, 294.4999999999962500, 1117.226399596728700 ) ) ;
#1213 = FACE_OUTER_BOUND ( 'NONE', #582, .T. ) ;
#1214 = CARTESIAN_POINT ( 'NONE',  ( 361.2290872917423600, 282.2499999999962500, 1117.920374878631500 ) ) ;
#1215 = CARTESIAN_POINT ( 'NONE',  ( 359.8499871017705200, 282.2499999999962500, 1119.057270584550000 ) ) ;
#1216 = FACE_BOUND ( 'NONE', #345, .T. ) ;
#1217 = PRESENTATION_STYLE_ASSIGNMENT (( #141 ) ) ;
#1218 = EDGE_CURVE ( 'NONE', #583, #927, #766, .T. ) ;
#1219 = CARTESIAN_POINT ( 'NONE',  ( 378.9072955289247500, 282.2499999999963100, 1100.490085214896900 ) ) ;
#1220 = CIRCLE ( 'NONE', #331, 14.99999999999990200 ) ;
#1221 = CARTESIAN_POINT ( 'NONE',  ( 376.4007273271957400, 256.2499999999963100, 1108.043422347359000 ) ) ;
#1222 = CARTESIAN_POINT ( 'NONE',  ( 307.9131173061167600, 282.2499999999962500, 1111.328469127332500 ) ) ;
#1223 = CYLINDRICAL_SURFACE ( 'NONE', #529, 56.00000000000003600 ) ;
#1224 = COLOUR_RGB ( '',0.2901960784313725200, 0.3294117647058823500, 0.3490196078431372400 ) ;
#1225 = CARTESIAN_POINT ( 'NONE',  ( 307.2453247061806100, 282.2499999999961900, 1111.016714553251600 ) ) ;
#1226 = PRESENTATION_STYLE_ASSIGNMENT (( #284 ) ) ;
#1227 = FACE_OUTER_BOUND ( 'NONE', #1343, .T. ) ;
#1228 = ORIENTED_EDGE ( 'NONE', *, *, #610, .F. ) ;
#1229 = VECTOR ( 'NONE', #377, 1000.000000000000000 ) ;
#1230 = CARTESIAN_POINT ( 'NONE',  ( 306.6022563608228200, 282.2499999999962500, 1110.662409416404900 ) ) ;
#1231 = VERTEX_POINT ( 'NONE', #1350 ) ;
#1232 = CARTESIAN_POINT ( 'NONE',  ( 305.6757867319469100, 282.2499999999962500, 1110.065324822830500 ) ) ;
#1233 = ORIENTED_EDGE ( 'NONE', *, *, #581, .F. ) ;
#1234 = CARTESIAN_POINT ( 'NONE',  ( 375.5314015062461400, 256.2499999999962500, 1109.211903299309800 ) ) ;
#1235 = CARTESIAN_POINT ( 'NONE',  ( 357.5513842918970200, 269.2499999999960800, 1127.772845119682000 ) ) ;
#1236 = CIRCLE ( 'NONE', #23, 56.00000000000003600 ) ;
#1237 = CARTESIAN_POINT ( 'NONE',  ( 305.3724883618118600, 282.2499999999963100, 1109.854655542712600 ) ) ;
#1238 = CARTESIAN_POINT ( 'NONE',  ( 304.7844281546134100, 282.2499999999962500, 1109.414787582556800 ) ) ;
#1239 = CARTESIAN_POINT ( 'NONE',  ( 374.2696857881978200, 256.2499999999963100, 1110.523270341055000 ) ) ;
#1240 = B_SPLINE_CURVE_WITH_KNOTS ( 'NONE', 3,
 ( #1026, #1028, #996, #993, #992, #987, #983, #982 ),
 .UNSPECIFIED., .F., .F.,
 ( 4, 2, 2, 4 ),
 ( 1.665334536937734800E-016, 0.005291459226675176100, 0.007937188840012680500, 0.01058291845335018600 ),
 .UNSPECIFIED. ) ;
#1241 = CARTESIAN_POINT ( 'NONE',  ( 304.4995006874576100, 282.2499999999963100, 1109.185594016379800 ) ) ;
#1242 = CARTESIAN_POINT ( 'NONE',  ( 303.6718525428752900, 282.2499999999963600, 1108.470411206150400 ) ) ;
#1243 = CARTESIAN_POINT ( 'NONE',  ( 303.1561350751726400, 282.2499999999963600, 1107.956953157104200 ) ) ;
#1244 = CARTESIAN_POINT ( 'NONE',  ( 302.1988776806729800, 282.2499999999963600, 1106.854580532661400 ) ) ;
#1245 = CARTESIAN_POINT ( 'NONE',  ( 339.6643339089560500, 287.9999999999961900, 1120.726399596728700 ) ) ;
#1246 = CARTESIAN_POINT ( 'NONE',  ( 301.7546877963671400, 282.2499999999963100, 1106.260698767313400 ) ) ;
#1247 = CARTESIAN_POINT ( 'NONE',  ( 300.9685396845280800, 282.2499999999964200, 1105.027646825958800 ) ) ;
#1248 = CIRCLE ( 'NONE', #336, 15.00000000000079000 ) ;
#1249 = CARTESIAN_POINT ( 'NONE',  ( 300.6239349819819000, 282.2499999999963100, 1104.386719358847100 ) ) ;
#1250 = CARTESIAN_POINT ( 'NONE',  ( 300.1799953086336900, 282.2499999999963600, 1103.388593331938200 ) ) ;
#1251 = CARTESIAN_POINT ( 'NONE',  ( 300.0442224297619300, 282.2499999999963100, 1103.049739136607300 ) ) ;
#1252 = SURFACE_STYLE_FILL_AREA ( #630 ) ;
#1253 = CIRCLE ( 'NONE', #338, 34.99999999999992200 ) ;
#1254 = CARTESIAN_POINT ( 'NONE',  ( 369.0052275788545400, 256.2499999999962500, 1113.757053972688900 ) ) ;
#1255 = EDGE_LOOP ( 'NONE', ( #400, #912, #277, #32 ) ) ;
#1256 = VECTOR ( 'NONE', #278, 1000.000000000000000 ) ;
#1257 = CARTESIAN_POINT ( 'NONE',  ( 299.7977225628627600, 282.2499999999963100, 1102.359421598647500 ) ) ;
#1258 = LINE ( 'NONE', #301, #1256 ) ;
#1259 = EDGE_LOOP ( 'NONE', ( #423, #855, #665, #132 ) ) ;
#1260 = EDGE_LOOP ( 'NONE', ( #933, #182 ) ) ;
#1261 = CARTESIAN_POINT ( 'NONE',  ( 299.6866732918700200, 282.2499999999963100, 1102.006525488128100 ) ) ;
#1262 = SHAPE_DEFINITION_REPRESENTATION ( #752, #71 ) ;
#1263 = DIRECTION ( 'NONE',  ( 0.03972146605919117700, 3.729688205485829100E-015, -0.9992107911417432700 ) ) ;
#1264 = CARTESIAN_POINT ( 'NONE',  ( 299.2034931269906200, 282.2499999999963100, 1100.236492009266400 ) ) ;
#1265 = CARTESIAN_POINT ( 'NONE',  ( 301.5580587932640800, 256.2499999999964800, 1062.096552916632400 ) ) ;
#1266 = EDGE_CURVE ( 'NONE', #447, #809, #516, .T. ) ;
#1267 = UNCERTAINTY_MEASURE_WITH_UNIT (LENGTH_MEASURE( 1.000000000000000100E-005 ), #282, 'distance_accuracy_value', 'NONE');
#1268 = CARTESIAN_POINT ( 'NONE',  ( 302.8107576992372300, 269.2499999999932900, 2009.294171618037600 ) ) ;
#1269 = DIRECTION ( 'NONE',  ( 0.9992107911417431600, 0.0000000000000000000, 0.03972146605919180100 ) ) ;
#1270 = DIRECTION ( 'NONE',  ( -0.9992107911417431600, 0.0000000000000000000, -0.03972146605919372300 ) ) ;
#1271 = DIRECTION ( 'NONE',  ( -0.03972146605919264800, -3.375800051292017000E-015, 0.9992107911417432700 ) ) ;
#1272 = CARTESIAN_POINT ( 'NONE',  ( 303.4065796901250600, 269.2499999999933500, 1994.306009750911500 ) ) ;
#1273 = CARTESIAN_POINT ( 'NONE',  ( 299.0368224978316800, 282.2499999999963600, 1098.791667424893100 ) ) ;
#1274 = CARTESIAN_POINT ( 'NONE',  ( 299.0954313184225300, 282.2499999999963100, 1097.317336998541600 ) ) ;
#1275 = FILL_AREA_STYLE_COLOUR ( '', #822 ) ;
#1276 = CIRCLE ( 'NONE', #344, 56.00000000000003600 ) ;
#1277 = DIRECTION ( 'NONE',  ( 0.9992107911417431600, 0.0000000000000000000, 0.03972146605919180100 ) ) ;
#1278 = DIRECTION ( 'NONE',  ( 0.03972146605919264800, 3.375800051292017000E-015, -0.9992107911417432700 ) ) ;
#1279 = CIRCLE ( 'NONE', #340, 20.00000000000001800 ) ;
#1280 = CIRCLE ( 'NONE', #347, 43.00000000000080300 ) ;
#1281 = DIRECTION ( 'NONE',  ( 0.0000000000000000000, 4.325544251786326300E-015, -1.000000000000000000 ) ) ;
#1282 = EDGE_LOOP ( 'NONE', ( #1228, #553 ) ) ;
#1283 = CARTESIAN_POINT ( 'NONE',  ( 337.8848122295043500, 269.2499999999960800, 1126.991043039876800 ) ) ;
#1284 = LINE ( 'NONE', #235, #1229 ) ;
#1285 = VERTEX_POINT ( 'NONE', #1355 ) ;
#1286 = DIRECTION ( 'NONE',  ( 3.457182549974561700E-032, -1.000000000000000000, -3.664789652638603500E-015 ) ) ;
#1287 = CARTESIAN_POINT ( 'NONE',  ( 339.6643339089560500, 282.2499999999964800, 1082.226399596728700 ) ) ;
#1288 = CARTESIAN_POINT ( 'NONE',  ( 302.1168670218882000, 256.2499999999963600, 1061.103243337197700 ) ) ;
#1289 = CARTESIAN_POINT ( 'NONE',  ( 258.6407014190426100, 269.2499999999932400, 1987.522489822538800 ) ) ;
#1290 = DIRECTION ( 'NONE',  ( 0.7346360442602049000, 3.572936334083907600E-015, -0.6784614082420003000 ) ) ;
#1291 = FACE_OUTER_BOUND ( 'NONE', #1282, .T. ) ;
#1292 = FACE_BOUND ( 'NONE', #389, .T. ) ;
#1293 = CIRCLE ( 'NONE', #348, 42.00000000000036200 ) ;
#1294 = B_SPLINE_CURVE_WITH_KNOTS ( 'NONE', 3,
 ( #1139, #1083, #72, #1072, #965, #937, #905, #1013, #1007, #1005, #998, #836, #985, #971 ),
 .UNSPECIFIED., .F., .F.,
 ( 4, 2, 2, 2, 2, 2, 4 ),
 ( 5.551115123125782700E-017, 0.003402546066000874300, 0.005103819099001437100, 0.006805092132002000900, 0.008506365165002563800, 0.01020763819800312800, 0.01361018426400458500 ),
 .UNSPECIFIED. ) ;
#1295 = ORIENTED_EDGE ( 'NONE', *, *, #1319, .F. ) ;
#1296 = EDGE_CURVE ( 'NONE', #932, #128, #986, .T. ) ;
#1297 = DIRECTION ( 'NONE',  ( -0.03972146605919264800, -3.375800051292017000E-015, 0.9992107911417432700 ) ) ;
#1298 = CIRCLE ( 'NONE', #356, 41.99999999999889900 ) ;
#1299 = CIRCLE ( 'NONE', #350, 42.00000000000002100 ) ;
#1300 = ORIENTED_EDGE ( 'NONE', *, *, #1413, .T. ) ;
#1301 = CARTESIAN_POINT ( 'NONE',  ( 371.6708272740190800, 256.2499999999961900, 1112.555001446927000 ) ) ;
#1302 = ORIENTED_EDGE ( 'NONE', *, *, #900, .F. ) ;
#1303 = DIRECTION ( 'NONE',  ( 0.9992107911417431600, 0.0000000000000000000, 0.03972146605919463200 ) ) ;
#1304 = DIRECTION ( 'NONE',  ( 0.03972146605918985800, 1.001833037399961500E-014, -0.9992107911417434900 ) ) ;
#1305 = CARTESIAN_POINT ( 'NONE',  ( 202.9858951803798600, 269.2499999999933500, 1990.314002411962700 ) ) ;
#1306 = CIRCLE ( 'NONE', #352, 40.49999999999913300 ) ;
#1307 = CARTESIAN_POINT ( 'NONE',  ( 337.8848122295041200, 269.2499999999960800, 1126.991043039878200 ) ) ;
#1308 = CARTESIAN_POINT ( 'NONE',  ( 339.6643339089560500, 294.4999999999964800, 1047.226399596728700 ) ) ;
#1309 = CIRCLE ( 'NONE', #361, 38.49999999999997900 ) ;
#1310 = DIRECTION ( 'NONE',  ( -0.03972146605919264800, -3.375800051292017000E-015, 0.9992107911417432700 ) ) ;
#1311 = CIRCLE ( 'NONE', #355, 56.00000000000003600 ) ;
#1312 = CIRCLE ( 'NONE', #358, 20.00000000000001800 ) ;
#1313 = ORIENTED_EDGE ( 'NONE', *, *, #1366, .F. ) ;
#1314 = DIRECTION ( 'NONE',  ( 0.0000000000000000000, 2.775557561562889000E-015, -1.000000000000000000 ) ) ;
#1315 = CIRCLE ( 'NONE', #364, 34.99999999999992200 ) ;
#1316 = DIRECTION ( 'NONE',  ( 0.0000000000000000000, -1.067522139062531000E-014, 1.000000000000000000 ) ) ;
#1317 = CARTESIAN_POINT ( 'NONE',  ( 359.8499871017705200, 282.2499999999962500, 1119.057270584550000 ) ) ;
#1318 = CIRCLE ( 'NONE', #372, 100.5000000000000400 ) ;
#1319 = EDGE_CURVE ( 'NONE', #694, #620, #739, .T. ) ;
#1320 = ORIENTED_EDGE ( 'NONE', *, *, #564, .F. ) ;
#1321 = ORIENTED_EDGE ( 'NONE', *, *, #758, .F. ) ;
#1322 = CARTESIAN_POINT ( 'NONE',  ( 403.2314422089824600, 269.2499999999932900, 2013.286178956986100 ) ) ;
#1323 = CIRCLE ( 'NONE', #6, 38.49999999999997900 ) ;
#1324 = CARTESIAN_POINT ( 'NONE',  ( 359.4055318657957500, 282.2499999999962500, 1119.423668365456700 ) ) ;
#1325 = CARTESIAN_POINT ( 'NONE',  ( 307.9131173061169300, 256.2499999999962500, 1111.328469127332500 ) ) ;
#1326 = CARTESIAN_POINT ( 'NONE',  ( 349.8500137944060400, 286.6608664077852500, 1124.476686578394700 ) ) ;
#1327 = DIRECTION ( 'NONE',  ( -0.03972146605919486100, -3.729688205484074600E-015, 0.9992107911417431600 ) ) ;
#1328 = DIRECTION ( 'NONE',  ( -0.6784614082419395700, 3.486340728460362100E-015, -0.7346360442602609700 ) ) ;
#1329 = EDGE_CURVE ( 'NONE', #951, #402, #74, .T. ) ;
#1330 = CARTESIAN_POINT ( 'NONE',  ( 358.9644523033534800, 282.2867725394286300, 1119.788187076783700 ) ) ;
#1331 = EDGE_CURVE ( 'NONE', #927, #713, #81, .T. ) ;
#1332 = CIRCLE ( 'NONE', #378, 39.00000000000005000 ) ;
#1333 = DIRECTION ( 'NONE',  ( 0.9992107911417431600, 0.0000000000000000000, 0.03972146605919180100 ) ) ;
#1334 = DIRECTION ( 'NONE',  ( -0.03972146605919268200, -3.550487635213138600E-015, 0.9992107911417432700 ) ) ;
#1335 = DIRECTION ( 'NONE',  ( -0.03972146605919381300, -1.864844102742162300E-015, 0.9992107911417432700 ) ) ;
#1336 = CIRCLE ( 'NONE', #363, 19.68210535428761100 ) ;
#1337 = VECTOR ( 'NONE', #1031, 1000.000000000000000 ) ;
#1338 = CARTESIAN_POINT ( 'NONE',  ( 378.2945839879372400, 269.2499999999960200, 1167.828407627120700 ) ) ;
#1339 = VERTEX_POINT ( 'NONE', #1325 ) ;
#1340 = CIRCLE ( 'NONE', #380, 43.00000000000080300 ) ;
#1341 = EDGE_CURVE ( 'NONE', #175, #415, #29, .T. ) ;
#1342 = EDGE_LOOP ( 'NONE', ( #984, #154 ) ) ;
#1343 = EDGE_LOOP ( 'NONE', ( #174, #290 ) ) ;
#1344 = EDGE_CURVE ( 'NONE', #433, #708, #31, .T. ) ;
#1345 = DIRECTION ( 'NONE',  ( 0.9992107911417431600, 0.0000000000000000000, 0.03972146605919171100 ) ) ;
#1346 = DIRECTION ( 'NONE',  ( -0.03972146605919264800, -3.375800051292017000E-015, 0.9992107911417432700 ) ) ;
#1347 = CARTESIAN_POINT ( 'NONE',  ( 303.6051870204210600, 269.2499999999933500, 1989.309955795202800 ) ) ;
#1348 = EDGE_CURVE ( 'NONE', #951, #273, #46, .T. ) ;
#1349 = CARTESIAN_POINT ( 'NONE',  ( 370.3869263242941100, 256.2499999999963100, 1113.241220144920400 ) ) ;
#1350 = CARTESIAN_POINT ( 'NONE',  ( 342.4949649428307300, 269.2499999999932900, 1992.857514553794500 ) ) ;
#1351 = CARTESIAN_POINT ( 'NONE',  ( 300.2778273730294800, 256.2499999999963600, 1067.573648902891800 ) ) ;
#1352 = EDGE_CURVE ( 'NONE', #305, #907, #1374, .T. ) ;
#1353 = DIRECTION ( 'NONE',  ( 2.374581140776497600E-033, -1.000000000000000000, -3.444825727078166500E-015 ) ) ;
#1354 = LINE ( 'NONE', #997, #1337 ) ;
#1355 = CARTESIAN_POINT ( 'NONE',  ( 348.8434033883523900, 287.2081109339882200, 1124.533241145696600 ) ) ;
#1356 = EDGE_CURVE ( 'NONE', #643, #447, #511, .T. ) ;
#1357 = CARTESIAN_POINT ( 'NONE',  ( 348.8434033883523900, 287.2081109339882200, 1124.533241145696600 ) ) ;
#1358 = CARTESIAN_POINT ( 'NONE',  ( 339.6643339089560500, 256.2499999999963600, 1082.226399596728500 ) ) ;
#1359 = DIRECTION ( 'NONE',  ( 0.9992107911417432700, 0.0000000000000000000, 0.03972146605919265500 ) ) ;
#1360 = EDGE_CURVE ( 'NONE', #63, #27, #490, .T. ) ;
#1361 = FACE_OUTER_BOUND ( 'NONE', #1456, .T. ) ;
#1362 = CIRCLE ( 'NONE', #381, 42.00000000000014200 ) ;
#1363 = TOROIDAL_SURFACE ( 'NONE', #554, 26.99999999999685900, 15.00000000000221700 ) ;
#1364 = DIRECTION ( 'NONE',  ( 0.9992107911417431600, 0.0000000000000000000, 0.03972146605919171100 ) ) ;
#1365 = CIRCLE ( 'NONE', #388, 33.21951219512207100 ) ;
#1366 = EDGE_CURVE ( 'NONE', #727, #751, #17, .T. ) ;
#1367 = ORIENTED_EDGE ( 'NONE', *, *, #1390, .F. ) ;
#1368 = CARTESIAN_POINT ( 'NONE',  ( 303.4065796901251100, 369.7499999999933500, 1994.306009750911700 ) ) ;
#1369 = CYLINDRICAL_SURFACE ( 'NONE', #545, 100.5000000000000400 ) ;
#1370 = VECTOR ( 'NONE', #1263, 1000.000000000000100 ) ;
#1371 = CARTESIAN_POINT ( 'NONE',  ( 339.6643339089560500, 294.4999999999962500, 1117.226399596728700 ) ) ;
#1372 = EDGE_CURVE ( 'NONE', #970, #1044, #780, .T. ) ;
#1373 = LINE ( 'NONE', #1219, #1370 ) ;
#1374 = B_SPLINE_CURVE_WITH_KNOTS ( 'NONE', 3,
 ( #1274, #1273, #1264, #1261, #1257, #1251, #1250, #1249, #1247, #1246, #1244, #1243, #1242, #1241, #1238, #1237, #1232, #1230, #1225, #1222 ),
 .UNSPECIFIED., .F., .F.,
 ( 4, 2, 2, 2, 2, 2, 2, 2, 2, 4 ),
 ( 2.288783399261118700E-016, 0.004362702088352594800, 0.005453377610440697700, 0.006544053132528798900, 0.008725404176705071600, 0.01090675522088134300, 0.01308810626505761500, 0.01417878178714581300, 0.01526945730923401400, 0.01745080835341054900 ),
 .UNSPECIFIED. ) ;
#1375 = ORIENTED_EDGE ( 'NONE', *, *, #722, .T. ) ;
#1376 = DIRECTION ( 'NONE',  ( 3.457182549974562200E-032, -1.000000000000000000, -3.664789652638604200E-015 ) ) ;
#1377 = EDGE_CURVE ( 'NONE', #464, #643, #57, .T. ) ;
#1378 = ORIENTED_EDGE ( 'NONE', *, *, #890, .T. ) ;
#1379 = ORIENTED_EDGE ( 'NONE', *, *, #1455, .T. ) ;
#1380 = PLANE ( 'NONE',  #262 ) ;
#1381 = ORIENTED_EDGE ( 'NONE', *, *, #691, .F. ) ;
#1382 = EDGE_CURVE ( 'NONE', #500, #166, #14, .T. ) ;
#1383 =( NAMED_UNIT ( * ) SI_UNIT ( $, .STERADIAN. ) SOLID_ANGLE_UNIT ( ) );
#1384 = DIRECTION ( 'NONE',  ( -0.9992107911417432700, 0.0000000000000000000, -0.03972146605919265500 ) ) ;
#1385 = DIRECTION ( 'NONE',  ( 0.03972146605919265500, 3.375800051292018200E-015, -0.9992107911417432700 ) ) ;
#1386 = CARTESIAN_POINT ( 'NONE',  ( 300.2778273730296000, 282.2499999999964200, 1067.573648902890000 ) ) ;
#1387 = DIRECTION ( 'NONE',  ( -0.03972146605919265500, -3.375800051292018200E-015, 0.9992107911417432700 ) ) ;
#1388 = CIRCLE ( 'NONE', #390, 33.21951219512202200 ) ;
#1389 = EDGE_CURVE ( 'NONE', #809, #1339, #140, .T. ) ;
#1390 = EDGE_CURVE ( 'NONE', #740, #959, #647, .T. ) ;
#1391 = CARTESIAN_POINT ( 'NONE',  ( 357.6366311151036300, 282.5417308835643000, 1120.857477941044600 ) ) ;
#1392 = CIRCLE ( 'NONE', #384, 44.99999999999962300 ) ;
#1393 = DIRECTION ( 'NONE',  ( 0.0000000000000000000, 1.067522139062531000E-014, -1.000000000000000000 ) ) ;
#1394 = CARTESIAN_POINT ( 'NONE',  ( 359.5609913243587200, 269.2499999999933500, 1991.534357894517600 ) ) ;
#1395 = EDGE_CURVE ( 'NONE', #771, #483, #1240, .T. ) ;
#1396 = ORIENTED_EDGE ( 'NONE', *, *, #863, .F. ) ;
#1397 = TOROIDAL_SURFACE ( 'NONE', #541, 26.99999999999661800, 15.00000000000081400 ) ;
#1398 = CIRCLE ( 'NONE', #375, 33.21951219512207100 ) ;
#1399 = ORIENTED_EDGE ( 'NONE', *, *, #339, .T. ) ;
#1400 = FACE_OUTER_BOUND ( 'NONE', #110, .T. ) ;
#1401 = DIRECTION ( 'NONE',  ( 0.0000000000000000000, 0.9847842900570893400, 0.1737811901695768300 ) ) ;
#1402 = DIRECTION ( 'NONE',  ( 0.03911800773610425000, 0.1736481776669311600, -0.9840305340098508500 ) ) ;
#1403 = CARTESIAN_POINT ( 'NONE',  ( 381.4846495519994400, 269.2499999999960200, 1137.931526824988400 ) ) ;
#1404 = CIRCLE ( 'NONE', #406, 33.21951219512202200 ) ;
#1405 = DIRECTION ( 'NONE',  ( 0.0000000000000000000, 2.775557561562889000E-015, -1.000000000000000000 ) ) ;
#1406 = DIRECTION ( 'NONE',  ( 0.0000000000000000000, -3.865560750182194800E-015, 1.000000000000000000 ) ) ;
#1407 = ORIENTED_EDGE ( 'NONE', *, *, #556, .F. ) ;
#1408 = EDGE_CURVE ( 'NONE', #959, #1339, #36, .T. ) ;
#1409 = DIRECTION ( 'NONE',  ( -3.457182549974561700E-032, 1.000000000000000000, 3.664789652638603500E-015 ) ) ;
#1410 = EDGE_CURVE ( 'NONE', #716, #445, #473, .T. ) ;
#1411 = CARTESIAN_POINT ( 'NONE',  ( 339.6643339089558800, 282.2499999999963600, 1082.226399596728500 ) ) ;
#1412 = PLANE ( 'NONE',  #268 ) ;
#1413 = EDGE_CURVE ( 'NONE', #445, #643, #1434, .T. ) ;
#1414 = PLANE ( 'NONE',  #270 ) ;
#1415 = EDGE_CURVE ( 'NONE', #682, #1285, #78, .T. ) ;
#1416 = CARTESIAN_POINT ( 'NONE',  ( 387.5816850781994800, 341.2499999999963100, 1135.609767310390200 ) ) ;
#1417 = CARTESIAN_POINT ( 'NONE',  ( 302.8107576992372300, 269.2499999999932900, 2009.294171618037400 ) ) ;
#1418 = EDGE_CURVE ( 'NONE', #166, #445, #635, .T. ) ;
#1419 = DIRECTION ( 'NONE',  ( 0.0000000000000000000, -3.664789652638603500E-015, 1.000000000000000000 ) ) ;
#1420 = CYLINDRICAL_SURFACE ( 'NONE', #396, 20.00000000000001800 ) ;
#1421 = EDGE_CURVE ( 'NONE', #1429, #652, #149, .T. ) ;
#1422 = FACE_OUTER_BOUND ( 'NONE', #1259, .T. ) ;
#1423 = CIRCLE ( 'NONE', #393, 100.5000000000000400 ) ;
#1424 = PLANE ( 'NONE',  #281 ) ;
#1425 = EDGE_CURVE ( 'NONE', #932, #166, #1172, .T. ) ;
#1426 = PRESENTATION_STYLE_ASSIGNMENT (( #980 ) ) ;
#1427 = VECTOR ( 'NONE', #1376, 1000.000000000000000 ) ;
#1428 = CARTESIAN_POINT ( 'NONE',  ( 339.6643339089560500, 294.4999999999963600, 1082.226399596728700 ) ) ;
#1429 = VERTEX_POINT ( 'NONE', #877 ) ;
#1430 = DIRECTION ( 'NONE',  ( 0.0000000000000000000, -3.664789652638603500E-015, 1.000000000000000000 ) ) ;
#1431 = EDGE_CURVE ( 'NONE', #85, #403, #1462, .T. ) ;
#1432 = CIRCLE ( 'NONE', #398, 26.00000000000291000 ) ;
#1433 = EDGE_LOOP ( 'NONE', ( #1300, #94, #957, #192, #627 ) ) ;
#1434 = CIRCLE ( 'NONE', #241, 43.08131845707619300 ) ;
#1435 = CARTESIAN_POINT ( 'NONE',  ( 358.0812657033625300, 282.4321145354783800, 1120.504171701797800 ) ) ;
#1436 = PLANE ( 'NONE',  #286 ) ;
#1437 = DIRECTION ( 'NONE',  ( -0.03972146605919268200, -3.550487635213138600E-015, 0.9992107911417432700 ) ) ;
#1438 = EDGE_CURVE ( 'NONE', #85, #200, #1108, .T. ) ;
#1439 = EDGE_CURVE ( 'NONE', #64, #740, #1137, .T. ) ;
#1440 =( NAMED_UNIT ( * ) PLANE_ANGLE_UNIT ( ) SI_UNIT ( $, .RADIAN. ) );
#1441 = EDGE_CURVE ( 'NONE', #175, #970, #849, .T. ) ;
#1442 = CARTESIAN_POINT ( 'NONE',  ( 391.9510463447106800, 282.2499999999965300, 1025.696580284798100 ) ) ;
#1443 = DIRECTION ( 'NONE',  ( 0.03972146605919259900, 3.262621210481110000E-015, -0.9992107911417432700 ) ) ;
#1444 = LINE ( 'NONE', #1371, #1427 ) ;
#1445 = EDGE_CURVE ( 'NONE', #1231, #827, #1086, .T. ) ;
#1446 = DIRECTION ( 'NONE',  ( -0.9992107911417431600, 0.0000000000000000000, -0.03972146605919372300 ) ) ;
#1447 = FACE_OUTER_BOUND ( 'NONE', #95, .T. ) ;
#1448 = DIRECTION ( 'NONE',  ( -3.457182549974561700E-032, 1.000000000000000000, 3.664789652638603500E-015 ) ) ;
#1449 = FACE_OUTER_BOUND ( 'NONE', #675, .T. ) ;
#1450 = EDGE_CURVE ( 'NONE', #1044, #63, #1145, .T. ) ;
#1451 = DIRECTION ( 'NONE',  ( 0.0000000000000000000, -0.9847842900570905600, 0.1737811901695698600 ) ) ;
#1452 = EDGE_LOOP ( 'NONE', ( #697, #1378 ) ) ;
#1453 = CYLINDRICAL_SURFACE ( 'NONE', #548, 5.999999999999956500 ) ;
#1454 = CARTESIAN_POINT ( 'NONE',  ( 353.6169464528812200, 284.3876323027186000, 1123.417529896506500 ) ) ;
#1455 = EDGE_CURVE ( 'NONE', #503, #881, #1088, .T. ) ;
#1456 = EDGE_LOOP ( 'NONE', ( #631, #274, #988, #601 ) ) ;
#1457 = DIRECTION ( 'NONE',  ( -0.03911800773610427100, 0.1736481776669242000, 0.9840305340098520800 ) ) ;
#1458 = DIRECTION ( 'NONE',  ( -3.457182549974561700E-032, 1.000000000000000000, 3.664789652638603500E-015 ) ) ;
#1459 = ORIENTED_EDGE ( 'NONE', *, *, #1395, .T. ) ;
#1460 = EDGE_CURVE ( 'NONE', #1231, #503, #1119, .T. ) ;
#1461 = VECTOR ( 'NONE', #812, 1000.000000000000000 ) ;
#1462 = CIRCLE ( 'NONE', #238, 20.00000000000001800 ) ;
#1463 = DIRECTION ( 'NONE',  ( 2.374581140776497600E-033, -1.000000000000000000, -3.444825727078166500E-015 ) ) ;
ENDSEC;
END-ISO-10303-21;
