ISO-10303-21;
HEADER;
FILE_DESCRIPTION (( 'STEP AP214' ),
    '1' );
FILE_NAME ('IRB660_180-315_LINK2_CAD_rev02.STEP',
    '2016-12-02T12:01:47',
    ( 'ABB' ),
    ( 'ABB' ),
    'SwSTEP 2.0',
    'SolidWorks 2014',
    '' );
FILE_SCHEMA (( 'AUTOMOTIVE_DESIGN' ));
ENDSEC;

DATA;
#1 = ORIENTED_EDGE ( 'NONE', *, *, #3933, .T. ) ;
#2 = EDGE_CURVE ( 'NONE', #416, #3369, #2820, .T. ) ;
#3 =( NAMED_UNIT ( * ) SI_UNIT ( $, .STERADIAN. ) SOLID_ANGLE_UNIT ( ) );
#4 = CARTESIAN_POINT ( 'NONE',  ( 461.2250122368136500, 185.4999999999906500, 1065.492750879178200 ) ) ;
#5 = CARTESIAN_POINT ( 'NONE',  ( -148.5785477756843100, -82.50000000001180900, 962.1921282783504200 ) ) ;
#6 = LINE ( 'NONE', #252, #1847 ) ;
#7 = EDGE_LOOP ( 'NONE', ( #3745, #372, #3115, #4256 ) ) ;
#8 = ORIENTED_EDGE ( 'NONE', *, *, #4313, .F. ) ;
#9 = CARTESIAN_POINT ( 'NONE',  ( 299.9999999999972700, -110.0000000000154500, 2017.500000000000500 ) ) ;
#10 = CARTESIAN_POINT ( 'NONE',  ( 281.9999999999976700, 44.49999999998427600, 1950.000000000002700 ) ) ;
#11 = VERTEX_POINT ( 'NONE', #2386 ) ;
#12 = ORIENTED_EDGE ( 'NONE', *, *, #1728, .T. ) ;
#13 = AXIS2_PLACEMENT_3D ( 'NONE', #4557, #4548, #4537 ) ;
#14 = EDGE_CURVE ( 'NONE', #1403, #4536, #2221, .T. ) ;
#15 = DIRECTION ( 'NONE',  ( 0.0000000000000000000, -3.491483361109382500E-015, 1.000000000000000000 ) ) ;
#16 = ORIENTED_EDGE ( 'NONE', *, *, #2045, .T. ) ;
#17 = LINE ( 'NONE', #4315, #4217 ) ;
#18 = AXIS2_PLACEMENT_3D ( 'NONE', #4280, #4266, #4264 ) ;
#19 = DIRECTION ( 'NONE',  ( -0.0000000000000000000, 1.000000000000000000, 3.491483361109382100E-015 ) ) ;
#20 = ORIENTED_EDGE ( 'NONE', *, *, #14, .F. ) ;
#21 = DIRECTION ( 'NONE',  ( -0.0000000000000000000, 1.000000000000000000, 3.491483361109382500E-015 ) ) ;
#22 = VECTOR ( 'NONE', #247, 1000.000000000000100 ) ;
#23 = ORIENTED_EDGE ( 'NONE', *, *, #1070, .T. ) ;
#24 = DIRECTION ( 'NONE',  ( 0.0000000000000000000, 3.497202527569243100E-015, -1.000000000000000000 ) ) ;
#25 = VECTOR ( 'NONE', #2739, 1000.000000000000200 ) ;
#26 = DIRECTION ( 'NONE',  ( 7.729400804352684800E-015, -3.513364001978493200E-015, 1.000000000000000000 ) ) ;
#27 = ORIENTED_EDGE ( 'NONE', *, *, #1969, .T. ) ;
#28 = EDGE_LOOP ( 'NONE', ( #4310, #4466, #279, #3010 ) ) ;
#29 = DIRECTION ( 'NONE',  ( -0.0000000000000000000, -1.000000000000000000, -3.491483361109382100E-015 ) ) ;
#30 = CARTESIAN_POINT ( 'NONE',  ( 340.2760325083133400, 157.4999999999878100, 1083.075597146539600 ) ) ;
#31 = ORIENTED_EDGE ( 'NONE', *, *, #3242, .T. ) ;
#32 = ORIENTED_EDGE ( 'NONE', *, *, #4131, .T. ) ;
#33 = EDGE_CURVE ( 'NONE', #1403, #4440, #4504, .T. ) ;
#34 = DIRECTION ( 'NONE',  ( 0.6327053285625117200, -0.0000000000000000000, 0.7743926440821892200 ) ) ;
#35 = CARTESIAN_POINT ( 'NONE',  ( 299.9999999999972700, 109.9999999999843400, 2080.000000000001400 ) ) ;
#36 = ORIENTED_EDGE ( 'NONE', *, *, #4523, .T. ) ;
#37 = EDGE_CURVE ( 'NONE', #4503, #1131, #611, .T. ) ;
#38 = CIRCLE ( 'NONE', #2706, 78.99999999999663200 ) ;
#39 = ORIENTED_EDGE ( 'NONE', *, *, #1835, .F. ) ;
#40 = PLANE ( 'NONE',  #960 ) ;
#41 = EDGE_CURVE ( 'NONE', #2743, #560, #3050, .T. ) ;
#42 = CIRCLE ( 'NONE', #2900, 499.9999999999999400 ) ;
#43 = ORIENTED_EDGE ( 'NONE', *, *, #3216, .F. ) ;
#44 = CARTESIAN_POINT ( 'NONE',  ( 299.9999999999972700, 44.49999999998877300, 800.0000000000013600 ) ) ;
#45 = EDGE_CURVE ( 'NONE', #4324, #2872, #3283, .T. ) ;
#46 = DIRECTION ( 'NONE',  ( -1.183291357831513500E-029, -1.000000000000000000, -3.330669073875457800E-015 ) ) ;
#47 = EDGE_CURVE ( 'NONE', #2502, #729, #4306, .T. ) ;
#48 = FACE_OUTER_BOUND ( 'NONE', #2434, .T. ) ;
#49 = ORIENTED_EDGE ( 'NONE', *, *, #2571, .F. ) ;
#50 = CARTESIAN_POINT ( 'NONE',  ( 310.7388939418466400, 182.4999999999877800, 1087.222752630814700 ) ) ;
#51 = PLANE ( 'NONE',  #1050 ) ;
#52 = LINE ( 'NONE', #4090, #3098 ) ;
#53 = ORIENTED_EDGE ( 'NONE', *, *, #1405, .T. ) ;
#54 = CARTESIAN_POINT ( 'NONE',  ( 299.9999999999972700, -44.50000000001123400, 800.0000000000009100 ) ) ;
#55 = VERTEX_POINT ( 'NONE', #2056 ) ;
#56 = CARTESIAN_POINT ( 'NONE',  ( 455.9474159670483600, 132.4999999999879200, 1041.438681501361300 ) ) ;
#57 = DIRECTION ( 'NONE',  ( -0.2588190451025247900, 0.0000000000000000000, -0.9659258262890672000 ) ) ;
#58 = FACE_OUTER_BOUND ( 'NONE', #575, .T. ) ;
#59 = CARTESIAN_POINT ( 'NONE',  ( 299.9999999999972700, -110.0000000000156600, 2080.000000000000500 ) ) ;
#60 = VERTEX_POINT ( 'NONE', #2181 ) ;
#61 = PLANE ( 'NONE',  #13 ) ;
#62 = LINE ( 'NONE', #1554, #3111 ) ;
#63 = CARTESIAN_POINT ( 'NONE',  ( 357.9999999999973300, -44.50000000001053000, 600.0000000000011400 ) ) ;
#64 = EDGE_CURVE ( 'NONE', #3968, #738, #348, .T. ) ;
#65 = ORIENTED_EDGE ( 'NONE', *, *, #1963, .T. ) ;
#66 = EDGE_LOOP ( 'NONE', ( #792, #4179, #2954, #3513 ) ) ;
#67 = CARTESIAN_POINT ( 'NONE',  ( 474.0869084536533400, 182.4999999999881500, 1014.814155386822000 ) ) ;
#68 = DIRECTION ( 'NONE',  ( 0.9659733311317945100, 0.0000000000000000000, -0.2586416894898123700 ) ) ;
#69 = DIRECTION ( 'NONE',  ( 0.2586353318232659800, -0.007011516132835165400, 0.9659495865593547000 ) ) ;
#70 = ORIENTED_EDGE ( 'NONE', *, *, #4156, .F. ) ;
#71 = LINE ( 'NONE', #4062, #1743 ) ;
#72 = DIRECTION ( 'NONE',  ( 0.01786657392528067500, 0.9996313384200474800, 0.02044438271792364800 ) ) ;
#73 = EDGE_CURVE ( 'NONE', #1093, #3433, #4128, .T. ) ;
#74 = PLANE ( 'NONE',  #1141 ) ;
#75 = ORIENTED_EDGE ( 'NONE', *, *, #41, .T. ) ;
#76 = DIRECTION ( 'NONE',  ( -0.9869963665602319300, -0.0000000000000000000, 0.1607425656038264400 ) ) ;
#77 = B_SPLINE_CURVE_WITH_KNOTS ( 'NONE', 3,
 ( #4455, #1932, #1290, #3601, #900, #3238, #545, #2883, #198, #2475 ),
 .UNSPECIFIED., .F., .F.,
 ( 4, 2, 2, 2, 4 ),
 ( 4.742874840267547100E-016, 0.02612595702331769700, 0.05225191404663491500, 0.07837787106995214300, 0.1045038280932693600 ),
 .UNSPECIFIED. ) ;
#78 = VECTOR ( 'NONE', #2939, 1000.000000000000000 ) ;
#79 = CARTESIAN_POINT ( 'NONE',  ( 368.9999999999973900, -110.0000000000152600, 1950.000000000000500 ) ) ;
#80 = ORIENTED_EDGE ( 'NONE', *, *, #2208, .F. ) ;
#81 = CARTESIAN_POINT ( 'NONE',  ( 260.1764384182916400, 7.021974374302070400, 1049.738729315220800 ) ) ;
#82 = ORIENTED_EDGE ( 'NONE', *, *, #742, .F. ) ;
#83 = VERTEX_POINT ( 'NONE', #2012 ) ;
#84 = ORIENTED_EDGE ( 'NONE', *, *, #533, .T. ) ;
#85 = CARTESIAN_POINT ( 'NONE',  ( 299.9999999999972700, 109.9999999999840600, 2158.999999999998200 ) ) ;
#86 = SURFACE_STYLE_USAGE ( .BOTH. , #216 ) ;
#87 = ORIENTED_EDGE ( 'NONE', *, *, #1922, .F. ) ;
#88 = DIRECTION ( 'NONE',  ( -0.0000000000000000000, -1.000000000000000000, -3.491483361109382100E-015 ) ) ;
#89 = CARTESIAN_POINT ( 'NONE',  ( 299.9999999999973300, 94.99999999998411200, 2130.000000000000900 ) ) ;
#90 = DIRECTION ( 'NONE',  ( -0.0000000000000000000, -3.491483361109382500E-015, 1.000000000000000000 ) ) ;
#91 = CARTESIAN_POINT ( 'NONE',  ( 463.0214347244344100, 132.4999999999914200, 1066.022577651572200 ) ) ;
#92 = LINE ( 'NONE', #1456, #4683 ) ;
#93 = VERTEX_POINT ( 'NONE', #1577 ) ;
#94 = DIRECTION ( 'NONE',  ( 0.0000000000000000000, -3.492845917557926000E-015, 1.000000000000000000 ) ) ;
#95 = CIRCLE ( 'NONE', #2841, 78.99999999999663200 ) ;
#96 = ORIENTED_EDGE ( 'NONE', *, *, #1448, .T. ) ;
#97 = CARTESIAN_POINT ( 'NONE',  ( 357.9999999999973300, -44.50000000001507100, 1899.999999999999100 ) ) ;
#98 = LINE ( 'NONE', #734, #929 ) ;
#99 = DIRECTION ( 'NONE',  ( 0.0000000000000000000, 1.000000000000000000, 3.491483361109382100E-015 ) ) ;
#100 = CARTESIAN_POINT ( 'NONE',  ( -4262.022683541780700, 109.9999999999883000, 930.0000000000268300 ) ) ;
#101 = ORIENTED_EDGE ( 'NONE', *, *, #1203, .T. ) ;
#102 = EDGE_CURVE ( 'NONE', #3433, #11, #1017, .T. ) ;
#103 = VECTOR ( 'NONE', #2907, 1000.000000000000000 ) ;
#104 = CARTESIAN_POINT ( 'NONE',  ( 241.8249861761683500, -83.23538991140441100, 1835.541311410120200 ) ) ;
#105 = EDGE_CURVE ( 'NONE', #1825, #4503, #2690, .T. ) ;
#106 = DIRECTION ( 'NONE',  ( 0.0000000000000000000, 3.330669073875469600E-015, -1.000000000000000000 ) ) ;
#107 = DIRECTION ( 'NONE',  ( 0.0000000000000000000, 3.330669073875469600E-015, -1.000000000000000000 ) ) ;
#108 = EDGE_CURVE ( 'NONE', #506, #3299, #4058, .T. ) ;
#109 = ORIENTED_EDGE ( 'NONE', *, *, #1085, .T. ) ;
#110 = FACE_OUTER_BOUND ( 'NONE', #1606, .T. ) ;
#111 = DIRECTION ( 'NONE',  ( 0.0000000000000000000, 8.273296577735546700E-015, -1.000000000000000000 ) ) ;
#112 = ORIENTED_EDGE ( 'NONE', *, *, #4131, .F. ) ;
#114 = AXIS2_PLACEMENT_3D ( 'NONE', #1421, #1460, #1447 ) ;
#113 = VECTOR ( 'NONE', #1310, 1000.000000000000200 ) ;
#115 = CARTESIAN_POINT ( 'NONE',  ( 221.3803443595896300, -132.5000000000156900, 2072.257277805387300 ) ) ;
#116 = DIRECTION ( 'NONE',  ( -0.5000000000000015500, 0.8660254037844378200, 0.0000000000000000000 ) ) ;
#117 = EDGE_CURVE ( 'NONE', #1093, #1395, #4269, .T. ) ;
#118 = ORIENTED_EDGE ( 'NONE', *, *, #117, .F. ) ;
#119 = FACE_OUTER_BOUND ( 'NONE', #3451, .T. ) ;
#120 = DIRECTION ( 'NONE',  ( 0.8660254037844378200, 0.5000000000000015500, -0.0000000000000000000 ) ) ;
#121 = ORIENTED_EDGE ( 'NONE', *, *, #1068, .F. ) ;
#122 = CIRCLE ( 'NONE', #1769, 59.85509528937305400 ) ;
#123 = AXIS2_PLACEMENT_3D ( 'NONE', #2312, #2306, #2317 ) ;
#124 = EDGE_LOOP ( 'NONE', ( #2677, #4351, #797, #1943 ) ) ;
#125 = CARTESIAN_POINT ( 'NONE',  ( 299.9999999999972700, 132.4999999999943700, 800.0000000000014800 ) ) ;
#126 = LINE ( 'NONE', #3121, #459 ) ;
#127 = CARTESIAN_POINT ( 'NONE',  ( 438.0000000000000000, 186.4999999999878600, 2158.999999999998200 ) ) ;
#128 = PLANE ( 'NONE',  #1282 ) ;
#129 =( GEOMETRIC_REPRESENTATION_CONTEXT ( 3 ) GLOBAL_UNCERTAINTY_ASSIGNED_CONTEXT ( ( #2744 ) ) GLOBAL_UNIT_ASSIGNED_CONTEXT ( ( #4607, #4602, #4593 ) ) REPRESENTATION_CONTEXT ( 'NONE', 'WORKASPACE' ) );
#130 = VERTEX_POINT ( 'NONE', #1547 ) ;
#131 = EDGE_CURVE ( 'NONE', #2390, #3437, #4054, .T. ) ;
#132 = DIRECTION ( 'NONE',  ( 1.000000000000000000, 3.652049423109066300E-016, 1.275106979473442500E-030 ) ) ;
#133 = DIRECTION ( 'NONE',  ( -1.183291357831513500E-029, -1.000000000000000000, -3.330669073875457800E-015 ) ) ;
#134 = CARTESIAN_POINT ( 'NONE',  ( 461.8241894804322100, 167.8333535617474900, 1065.670127588979300 ) ) ;
#135 = ORIENTED_EDGE ( 'NONE', *, *, #4478, .T. ) ;
#136 = ORIENTED_EDGE ( 'NONE', *, *, #2303, .T. ) ;
#137 = DIRECTION ( 'NONE',  ( 0.0000000000000000000, 1.000000000000000000, 3.491483361109382100E-015 ) ) ;
#138 = VERTEX_POINT ( 'NONE', #1369 ) ;
#139 = CARTESIAN_POINT ( 'NONE',  ( 340.2760325083132800, 157.4999999999878100, 1083.075597146539600 ) ) ;
#140 = CARTESIAN_POINT ( 'NONE',  ( 489.1428031937746300, 105.4999999999890200, 735.0000000000014800 ) ) ;
#141 = EDGE_CURVE ( 'NONE', #560, #2743, #1482, .T. ) ;
#142 = ORIENTED_EDGE ( 'NONE', *, *, #4012, .F. ) ;
#143 = CARTESIAN_POINT ( 'NONE',  ( 376.6035989024429700, 109.9999999999842500, 2099.310324575024900 ) ) ;
#144 = CIRCLE ( 'NONE', #2697, 47.93967459998582800 ) ;
#145 = ORIENTED_EDGE ( 'NONE', *, *, #798, .T. ) ;
#146 = CARTESIAN_POINT ( 'NONE',  ( 249.0422493309682700, 496.3703305156061600, 1827.000000000001600 ) ) ;
#147 =( LENGTH_UNIT ( ) NAMED_UNIT ( * ) SI_UNIT ( .MILLI., .METRE. ) );
#148 = CARTESIAN_POINT ( 'NONE',  ( 259.9969821760516300, -132.5000000000120800, 1046.778764412534900 ) ) ;
#149 = CARTESIAN_POINT ( 'NONE',  ( 462.4229954805518900, 150.1666867723453200, 1065.846733404693900 ) ) ;
#150 = CIRCLE ( 'NONE', #2911, 78.99999999999663200 ) ;
#151 = EDGE_CURVE ( 'NONE', #152, #1093, #715, .T. ) ;
#152 = VERTEX_POINT ( 'NONE', #1493 ) ;
#153 = CARTESIAN_POINT ( 'NONE',  ( 207.9123225399429200, -27.63528328799577200, 1051.107313354493500 ) ) ;
#154 = CARTESIAN_POINT ( 'NONE',  ( 279.9558429024702900, 157.4999999999879200, 1075.769088115750900 ) ) ;
#155 = CIRCLE ( 'NONE', #3284, 49.99999999999982200 ) ;
#156 = VERTEX_POINT ( 'NONE', #1299 ) ;
#157 = MECHANICAL_DESIGN_GEOMETRIC_PRESENTATION_REPRESENTATION (  '', ( #220 ), #129 ) ;
#158 = DIRECTION ( 'NONE',  ( -0.5511924129318347400, -0.0000000000000000000, 0.8343781660172932000 ) ) ;
#159 = DIRECTION ( 'NONE',  ( 0.0000000000000000000, 0.1622066002983213200, 0.9867568184814637900 ) ) ;
#160 = CONICAL_SURFACE ( 'NONE', #1897, 50.00000000000004300, 0.03490658503988255900 ) ;
#161 = DIRECTION ( 'NONE',  ( 0.0000000000000000000, 0.9867568184814639000, -0.1622066002983213500 ) ) ;
#162 = EDGE_CURVE ( 'NONE', #4574, #152, #2873, .T. ) ;
#163 = VECTOR ( 'NONE', #3837, 1000.000000000000000 ) ;
#164 = DIRECTION ( 'NONE',  ( 0.0000000000000000000, 3.582305327979368800E-015, -1.000000000000000000 ) ) ;
#165 = AXIS2_PLACEMENT_3D ( 'NONE', #59, #46, #107 ) ;
#166 = COLOUR_RGB ( '',0.2901960784313725200, 0.3294117647058823500, 0.3490196078431372400 ) ;
#167 = DIRECTION ( 'NONE',  ( 3.038931636747691100E-016, -1.000000000000000000, -3.545420242872311100E-015 ) ) ;
#168 = DIRECTION ( 'NONE',  ( 1.665334536937728100E-015, -1.000000000000000000, -4.718447854656902700E-015 ) ) ;
#169 = ORIENTED_EDGE ( 'NONE', *, *, #1609, .T. ) ;
#170 = EDGE_CURVE ( 'NONE', #2906, #2172, #3949, .T. ) ;
#171 = VECTOR ( 'NONE', #811, 1000.000000000000200 ) ;
#172 = CARTESIAN_POINT ( 'NONE',  ( 299.9999999999972700, -44.50000000001119100, 800.0000000000009100 ) ) ;
#173 = CARTESIAN_POINT ( 'NONE',  ( 441.1206401019646300, -82.50000000001136900, 830.0000000000009100 ) ) ;
#174 = ORIENTED_EDGE ( 'NONE', *, *, #2869, .F. ) ;
#175 = CARTESIAN_POINT ( 'NONE',  ( 455.8480210135346100, 182.4999999999881200, 1041.589142532897300 ) ) ;
#176 = FACE_OUTER_BOUND ( 'NONE', #2124, .T. ) ;
#177 = CARTESIAN_POINT ( 'NONE',  ( 99.99999999999727200, 32.49999999998501500, 1827.000000000001800 ) ) ;
#178 = CARTESIAN_POINT ( 'NONE',  ( 299.9999999999972700, -110.0000000000156600, 2080.000000000000500 ) ) ;
#179 = EDGE_LOOP ( 'NONE', ( #2187, #2301, #3961, #885 ) ) ;
#181 = EDGE_LOOP ( 'NONE', ( #3587, #2736, #53, #2915 ) ) ;
#180 = CARTESIAN_POINT ( 'NONE',  ( 299.9999999999972700, -44.50000000001094900, 732.2053079228347800 ) ) ;
#182 = EDGE_CURVE ( 'NONE', #612, #970, #3823, .T. ) ;
#183 = PLANE ( 'NONE',  #1352 ) ;
#184 = EDGE_LOOP ( 'NONE', ( #4672, #1268, #1774, #840 ) ) ;
#185 = LINE ( 'NONE', #3624, #1687 ) ;
#186 = VERTEX_POINT ( 'NONE', #977 ) ;
#187 = FACE_OUTER_BOUND ( 'NONE', #4362, .T. ) ;
#188 = CARTESIAN_POINT ( 'NONE',  ( 310.6661415115063400, 157.4999999999878100, 1087.897874114654300 ) ) ;
#189 = SURFACE_STYLE_FILL_AREA ( #219 ) ;
#190 = EDGE_CURVE ( 'NONE', #3684, #4574, #1767, .T. ) ;
#191 = VERTEX_POINT ( 'NONE', #1038 ) ;
#192 = DIRECTION ( 'NONE',  ( 0.0000000000000000000, 1.000000000000000000, 3.491483361109382100E-015 ) ) ;
#193 = ORIENTED_EDGE ( 'NONE', *, *, #1409, .T. ) ;
#194 = DIRECTION ( 'NONE',  ( 0.0000000000000000000, -1.000000000000000000, -3.491483361109382500E-015 ) ) ;
#195 = UNCERTAINTY_MEASURE_WITH_UNIT (LENGTH_MEASURE( 1.000000000000000100E-005 ), #3595, 'distance_accuracy_value', 'NONE');
#196 = DIRECTION ( 'NONE',  ( -9.146278524964403400E-017, -1.000000000000000000, -3.492822851699537800E-015 ) ) ;
#197 = PRESENTATION_LAYER_ASSIGNMENT (  '', '', ( #220 ) ) ;
#198 = CARTESIAN_POINT ( 'NONE',  ( 521.7143936124401800, -91.67615084131502100, 938.0444722287555800 ) ) ;
#199 = ORIENTED_EDGE ( 'NONE', *, *, #2683, .F. ) ;
#200 = EDGE_CURVE ( 'NONE', #2845, #4420, #3479, .T. ) ;
#201 = ORIENTED_EDGE ( 'NONE', *, *, #356, .T. ) ;
#202 = CARTESIAN_POINT ( 'NONE',  ( 357.9999999999972700, 109.9999999999847700, 1950.000000000001800 ) ) ;
#203 = CARTESIAN_POINT ( 'NONE',  ( 455.9474159670484700, 132.4999999999879500, 1041.438681501361300 ) ) ;
#204 = ORIENTED_EDGE ( 'NONE', *, *, #702, .T. ) ;
#205 = EDGE_CURVE ( 'NONE', #471, #1875, #3866, .T. ) ;
#206 = CARTESIAN_POINT ( 'NONE',  ( 357.9999999999973300, -44.50000000001206500, 1043.178946457131800 ) ) ;
#207 = CIRCLE ( 'NONE', #2635, 200.0000000000000600 ) ;
#208 = ORIENTED_EDGE ( 'NONE', *, *, #1339, .F. ) ;
#209 = CARTESIAN_POINT ( 'NONE',  ( 521.5470771595282700, -132.5000000000116200, 915.8313109744899500 ) ) ;
#210 = CIRCLE ( 'NONE', #2854, 599.9999999999997700 ) ;
#211 = CARTESIAN_POINT ( 'NONE',  ( 448.8111071708380600, 109.9999999999836700, 1761.976814352561400 ) ) ;
#212 = EDGE_LOOP ( 'NONE', ( #1567, #4214, #2814, #550, #2371, #3615 ) ) ;
#213 = LINE ( 'NONE', #3294, #806 ) ;
#214 = CARTESIAN_POINT ( 'NONE',  ( 521.5470771595282700, -82.50000000001163900, 915.8313109744899500 ) ) ;
#215 = EDGE_LOOP ( 'NONE', ( #4397, #3948, #1435, #2183 ) ) ;
#216 = SURFACE_SIDE_STYLE ('',( #189 ) ) ;
#217 = EDGE_CURVE ( 'NONE', #506, #2778, #3266, .T. ) ;
#218 = FACE_OUTER_BOUND ( 'NONE', #2942, .T. ) ;
#219 = FILL_AREA_STYLE ('',( #238 ) ) ;
#220 = STYLED_ITEM ( 'NONE', ( #3643 ), #2381 ) ;
#221 = CYLINDRICAL_SURFACE ( 'NONE', #4226, 40.00000000000003600 ) ;
#222 = EDGE_CURVE ( 'NONE', #3234, #4675, #2366, .T. ) ;
#223 = CARTESIAN_POINT ( 'NONE',  ( 299.9999999999972700, 132.4999999999884300, 800.0000000000014800 ) ) ;
#224 = ORIENTED_EDGE ( 'NONE', *, *, #598, .T. ) ;
#225 = FACE_OUTER_BOUND ( 'NONE', #227, .T. ) ;
#226 = DIRECTION ( 'NONE',  ( 0.0000000000000000000, -1.000000000000000000, -3.491483361109382100E-015 ) ) ;
#227 = EDGE_LOOP ( 'NONE', ( #2562, #2626, #3346, #3450, #3540, #2296, #1025, #306, #3293, #1174 ) ) ;
#228 = VERTEX_POINT ( 'NONE', #355 ) ;
#229 = DIRECTION ( 'NONE',  ( 0.0000000000000000000, 8.273296577735542000E-015, -1.000000000000000000 ) ) ;
#230 = CYLINDRICAL_SURFACE ( 'NONE', #3519, 76.99999999999995700 ) ;
#231 = EDGE_LOOP ( 'NONE', ( #4369, #3282, #1556, #2887 ) ) ;
#232 = DIRECTION ( 'NONE',  ( 2.401924812890963500E-015, -1.000000000000000000, -8.273296577735542000E-015 ) ) ;
#233 = ORIENTED_EDGE ( 'NONE', *, *, #951, .F. ) ;
#234 = DIRECTION ( 'NONE',  ( 0.07410849019539254800, -0.0000000000000000000, -0.9972501850994860400 ) ) ;
#235 = ORIENTED_EDGE ( 'NONE', *, *, #1434, .T. ) ;
#236 = CARTESIAN_POINT ( 'NONE',  ( 300.5535446251042800, 132.4999999999877200, 1117.546489444005600 ) ) ;
#237 = VECTOR ( 'NONE', #4141, 1000.000000000000100 ) ;
#238 = FILL_AREA_STYLE_COLOUR ( '', #2315 ) ;
#239 = CARTESIAN_POINT ( 'NONE',  ( 521.5470771595282700, -82.50000000001163900, 915.8313109744899500 ) ) ;
#240 = EDGE_LOOP ( 'NONE', ( #2630, #4657, #1850, #1868 ) ) ;
#241 = FACE_OUTER_BOUND ( 'NONE', #3249, .T. ) ;
#242 = DIRECTION ( 'NONE',  ( -0.0000000000000000000, 1.000000000000000000, 3.491483361109382500E-015 ) ) ;
#243 = ORIENTED_EDGE ( 'NONE', *, *, #3583, .T. ) ;
#244 = AXIS2_PLACEMENT_3D ( 'NONE', #4652, #4646, #4637 ) ;
#245 = ORIENTED_EDGE ( 'NONE', *, *, #3344, .F. ) ;
#246 = EDGE_LOOP ( 'NONE', ( #4097, #403, #1904, #660 ) ) ;
#247 = DIRECTION ( 'NONE',  ( -0.9300900468830154400, -0.0000000000000000000, -0.3673316004499884700 ) ) ;
#248 = EDGE_CURVE ( 'NONE', #4563, #152, #3430, .T. ) ;
#249 = CARTESIAN_POINT ( 'NONE',  ( 301.1938319275419600, 147.8961201267333900, 1118.444334192741700 ) ) ;
#250 = VERTEX_POINT ( 'NONE', #582 ) ;
#251 = CARTESIAN_POINT ( 'NONE',  ( 310.7388939418466400, 132.4999999999878400, 1087.222752630814700 ) ) ;
#252 = CARTESIAN_POINT ( 'NONE',  ( 357.9999999999973300, 839.6067811865353900, 1043.178946457134800 ) ) ;
#253 = PRESENTATION_LAYER_ASSIGNMENT (  '', '', ( #803 ) ) ;
#254 = DIRECTION ( 'NONE',  ( 0.9655948276329359100, 0.02617694830787398200, -0.2587303542799098700 ) ) ;
#255 = ORIENTED_EDGE ( 'NONE', *, *, #3119, .T. ) ;
#256 = CARTESIAN_POINT ( 'NONE',  ( 271.9306312753487900, 76.40310002820524500, 1912.420604319468800 ) ) ;
#257 = DIRECTION ( 'NONE',  ( -1.189524669241289600E-015, 1.000000000000000000, 2.775557561563004900E-015 ) ) ;
#258 = ORIENTED_EDGE ( 'NONE', *, *, #2767, .F. ) ;
#259 = DIRECTION ( 'NONE',  ( 0.0000000000000000000, 1.000000000000000000, 3.491483361109382100E-015 ) ) ;
#260 = DIRECTION ( 'NONE',  ( 0.0000000000000000000, -3.150632907720041700E-015, 1.000000000000000000 ) ) ;
#261 = LINE ( 'NONE', #115, #2151 ) ;
#262 = ORIENTED_EDGE ( 'NONE', *, *, #1207, .F. ) ;
#263 = EDGE_CURVE ( 'NONE', #481, #2688, #3830, .T. ) ;
#264 = DIRECTION ( 'NONE',  ( 0.0000000000000000000, -2.775557561563008100E-015, 1.000000000000000000 ) ) ;
#265 = DIRECTION ( 'NONE',  ( 0.2588190451025247900, -0.0000000000000000000, 0.9659258262890672000 ) ) ;
#266 = FACE_OUTER_BOUND ( 'NONE', #215, .T. ) ;
#267 = EDGE_CURVE ( 'NONE', #600, #596, #3545, .T. ) ;
#268 = ORIENTED_EDGE ( 'NONE', *, *, #1475, .F. ) ;
#269 = CARTESIAN_POINT ( 'NONE',  ( 260.2157755089043000, -7.309158980972832800, 1050.800280064612000 ) ) ;
#270 = CARTESIAN_POINT ( 'NONE',  ( 318.7173881591232900, 177.4999999999876600, 1102.076176627262400 ) ) ;
#271 = DIRECTION ( 'NONE',  ( 0.6691306063588609000, 0.0000000000000000000, -0.7431448254773916900 ) ) ;
#272 = CYLINDRICAL_SURFACE ( 'NONE', #4007, 78.99999999999663200 ) ;
#273 = EDGE_LOOP ( 'NONE', ( #1379, #3944, #4623, #2318 ) ) ;
#274 = AXIS2_PLACEMENT_3D ( 'NONE', #2064, #2049, #2040 ) ;
#275 = EDGE_CURVE ( 'NONE', #729, #462, #3005, .T. ) ;
#276 = FACE_OUTER_BOUND ( 'NONE', #179, .T. ) ;
#277 = DIRECTION ( 'NONE',  ( 0.7413345620328570800, -0.06975647374412770300, 0.6675006378321574100 ) ) ;
#278 = CARTESIAN_POINT ( 'NONE',  ( 279.9558429024702900, 157.4999999999879200, 1075.769088115750900 ) ) ;
#279 = ORIENTED_EDGE ( 'NONE', *, *, #1944, .T. ) ;
#280 = LINE ( 'NONE', #278, #3716 ) ;
#281 = CARTESIAN_POINT ( 'NONE',  ( 302.3200426495491200, 177.4999999999876100, 1120.287273760173800 ) ) ;
#282 = LINE ( 'NONE', #897, #382 ) ;
#283 = EDGE_CURVE ( 'NONE', #1183, #2459, #903, .T. ) ;
#284 = PLANE ( 'NONE',  #1511 ) ;
#285 = CARTESIAN_POINT ( 'NONE',  ( 281.9999999999977300, -44.50000000001558200, 1950.000000000002700 ) ) ;
#286 = ORIENTED_EDGE ( 'NONE', *, *, #367, .F. ) ;
#287 = CIRCLE ( 'NONE', #4065, 59.85509528937305400 ) ;
#288 = DIRECTION ( 'NONE',  ( -4.440892098500626200E-015, 3.486794186713382300E-015, -1.000000000000000000 ) ) ;
#289 = EDGE_LOOP ( 'NONE', ( #988, #1029, #3349, #2588 ) ) ;
#290 = ORIENTED_EDGE ( 'NONE', *, *, #798, .F. ) ;
#291 = CARTESIAN_POINT ( 'NONE',  ( 290.2842758726102900, 177.4999999999876100, 1133.654346968207200 ) ) ;
#292 = EDGE_LOOP ( 'NONE', ( #573, #3131 ) ) ;
#293 = VECTOR ( 'NONE', #4391, 1000.000000000000100 ) ;
#294 = DIRECTION ( 'NONE',  ( -0.0000000000000000000, 1.000000000000000000, 3.491483361109382100E-015 ) ) ;
#295 = ORIENTED_EDGE ( 'NONE', *, *, #605, .T. ) ;
#296 = CARTESIAN_POINT ( 'NONE',  ( 441.4226497308104100, 185.4999999999901700, 1076.549343668125200 ) ) ;
#297 = LINE ( 'NONE', #339, #1263 ) ;
#298 = CARTESIAN_POINT ( 'NONE',  ( 289.9999999999972700, 182.4999999999876600, 1120.000000000001400 ) ) ;
#299 = ORIENTED_EDGE ( 'NONE', *, *, #2822, .T. ) ;
#300 = ORIENTED_EDGE ( 'NONE', *, *, #3270, .F. ) ;
#301 = AXIS2_PLACEMENT_3D ( 'NONE', #2766, #2754, #2751 ) ;
#302 = CARTESIAN_POINT ( 'NONE',  ( 448.8111071708390800, -110.0000000000145200, 1761.976814352559400 ) ) ;
#303 = EDGE_CURVE ( 'NONE', #729, #2019, #2117, .T. ) ;
#304 = DIRECTION ( 'NONE',  ( 0.0000000000000000000, 3.491483361109382500E-015, -1.000000000000000000 ) ) ;
#305 = VERTEX_POINT ( 'NONE', #1206 ) ;
#306 = ORIENTED_EDGE ( 'NONE', *, *, #200, .T. ) ;
#307 = AXIS2_PLACEMENT_3D ( 'NONE', #1071, #875, #491 ) ;
#308 = CARTESIAN_POINT ( 'NONE',  ( 299.9999999999973300, 132.4999999999885200, 800.0000000000015900 ) ) ;
#309 = ORIENTED_EDGE ( 'NONE', *, *, #1674, .F. ) ;
#310 = EDGE_CURVE ( 'NONE', #4421, #729, #280, .T. ) ;
#311 = CARTESIAN_POINT ( 'NONE',  ( 260.2275131006895800, 7.255251579007141200, 1051.331267891164800 ) ) ;
#312 = LINE ( 'NONE', #2422, #4130 ) ;
#313 = ORIENTED_EDGE ( 'NONE', *, *, #951, .T. ) ;
#314 = CARTESIAN_POINT ( 'NONE',  ( -148.5785477756843100, -48.50000000001179500, 962.1921282783505400 ) ) ;
#315 = LINE ( 'NONE', #846, #1150 ) ;
#316 = DIRECTION ( 'NONE',  ( 0.4344452574044248000, -0.0000000000000000000, 0.9006982393225840800 ) ) ;
#317 = ORIENTED_EDGE ( 'NONE', *, *, #2099, .T. ) ;
#318 = CARTESIAN_POINT ( 'NONE',  ( 299.9999999999972700, 105.4999999999887200, 800.0000000000013600 ) ) ;
#319 = AXIS2_PLACEMENT_3D ( 'NONE', #3444, #3424, #3394 ) ;
#320 = CIRCLE ( 'NONE', #3012, 59.85509528937305400 ) ;
#321 = ORIENTED_EDGE ( 'NONE', *, *, #1594, .T. ) ;
#322 = DIRECTION ( 'NONE',  ( -0.9844702839913726000, 0.1736481776669343600, 0.02577926164378666100 ) ) ;
#323 = DIRECTION ( 'NONE',  ( -6.703910803126626900E-016, 1.000000000000000000, 3.202979605938280100E-015 ) ) ;
#324 = LINE ( 'NONE', #3196, #3255 ) ;
#325 = DIRECTION ( 'NONE',  ( 2.401924812890963500E-015, -1.000000000000000000, -8.273296577735542000E-015 ) ) ;
#326 = CARTESIAN_POINT ( 'NONE',  ( 299.9999999999972700, -82.50000000001122700, 800.0000000000006800 ) ) ;
#327 = EDGE_CURVE ( 'NONE', #4421, #920, #723, .T. ) ;
#328 = SURFACE_STYLE_FILL_AREA ( #860 ) ;
#329 = CARTESIAN_POINT ( 'NONE',  ( 268.6025403784408400, 44.49999999998455300, 1900.000000000000900 ) ) ;
#330 = LINE ( 'NONE', #2413, #549 ) ;
#331 = DIRECTION ( 'NONE',  ( -0.1606874831412248000, 0.02617694830787665700, -0.9866581475561966300 ) ) ;
#332 = ORIENTED_EDGE ( 'NONE', *, *, #3371, .F. ) ;
#333 = B_SPLINE_CURVE_WITH_KNOTS ( 'NONE', 3,
 ( #1083, #1215, #1090, #3870 ),
 .UNSPECIFIED., .F., .F.,
 ( 4, 4 ),
 ( 0.0000000000000000000, 1.000000000000000000 ),
 .UNSPECIFIED. ) ;
#334 = DIRECTION ( 'NONE',  ( -0.3907311284892732200, -3.329131875019151700E-015, 0.9205048534524407100 ) ) ;
#335 = FACE_OUTER_BOUND ( 'NONE', #4259, .T. ) ;
#336 = AXIS2_PLACEMENT_3D ( 'NONE', #125, #325, #111 ) ;
#337 = ORIENTED_EDGE ( 'NONE', *, *, #2358, .T. ) ;
#338 = EDGE_CURVE ( 'NONE', #3861, #4421, #2996, .T. ) ;
#339 = CARTESIAN_POINT ( 'NONE',  ( 429.1159927526272200, 182.4999999999881200, 1056.287689913887800 ) ) ;
#340 = LINE ( 'NONE', #1356, #1313 ) ;
#341 = DIRECTION ( 'NONE',  ( 0.02752746094923406300, 0.9994718956726940100, -0.01726756074608695700 ) ) ;
#342 = ORIENTED_EDGE ( 'NONE', *, *, #33, .T. ) ;
#343 = EDGE_CURVE ( 'NONE', #2570, #60, #2482, .T. ) ;
#344 = LINE ( 'NONE', #4427, #2762 ) ;
#345 = EDGE_CURVE ( 'NONE', #992, #3198, #1380, .T. ) ;
#346 = DIRECTION ( 'NONE',  ( -0.9006982393225843000, -0.0000000000000000000, 0.4344452574044243000 ) ) ;
#347 = EDGE_LOOP ( 'NONE', ( #3328, #1975, #1019, #4500 ) ) ;
#348 = CIRCLE ( 'NONE', #656, 49.99999999999982200 ) ;
#349 = PLANE ( 'NONE',  #1607 ) ;
#350 = ORIENTED_EDGE ( 'NONE', *, *, #3935, .F. ) ;
#351 = VECTOR ( 'NONE', #2903, 1000.000000000000000 ) ;
#352 = DIRECTION ( 'NONE',  ( 0.0000000000000000000, 1.000000000000000000, 3.491483361109382900E-015 ) ) ;
#353 = CARTESIAN_POINT ( 'NONE',  ( 394.9593634660229800, 182.4999999999882000, 982.4599489236342200 ) ) ;
#354 = ORIENTED_EDGE ( 'NONE', *, *, #275, .T. ) ;
#355 = CARTESIAN_POINT ( 'NONE',  ( 299.9999999999972700, 79.49999999998904300, 730.9079400067896600 ) ) ;
#356 = EDGE_CURVE ( 'NONE', #1748, #3861, #4512, .T. ) ;
#357 = CARTESIAN_POINT ( 'NONE',  ( 340.1708027029200700, 182.4999999999878900, 1082.429461910444200 ) ) ;
#358 = ORIENTED_EDGE ( 'NONE', *, *, #1826, .F. ) ;
#359 = DIRECTION ( 'NONE',  ( 0.0000000000000000000, -3.608224830031771400E-015, 1.000000000000000000 ) ) ;
#360 = ORIENTED_EDGE ( 'NONE', *, *, #2199, .T. ) ;
#361 = ORIENTED_EDGE ( 'NONE', *, *, #3076, .F. ) ;
#362 =( BOUNDED_CURVE ( )  B_SPLINE_CURVE ( 3, ( #834, #971, #814, #810 ),
 .UNSPECIFIED., .F., .T. ) 
 B_SPLINE_CURVE_WITH_KNOTS ( ( 4, 4 ),
 ( 4.638662364922431000, 4.651666915763306600 ),
 .UNSPECIFIED. ) 
 CURVE ( )  GEOMETRIC_REPRESENTATION_ITEM ( )  RATIONAL_B_SPLINE_CURVE ( ( 1.000000000000000000, 0.9999859068544401100, 0.9999859068544401100, 1.000000000000000000 ) ) 
 REPRESENTATION_ITEM ( '' )  );
#363 = DIRECTION ( 'NONE',  ( 0.0000000000000000000, 1.000000000000000000, 3.491483361109382100E-015 ) ) ;
#364 = ORIENTED_EDGE ( 'NONE', *, *, #4243, .F. ) ;
#365 = CARTESIAN_POINT ( 'NONE',  ( 299.9999999999973300, 94.99999999998429700, 2080.000000000000900 ) ) ;
#366 = AXIS2_PLACEMENT_3D ( 'NONE', #44, #19, #24 ) ;
#367 = EDGE_CURVE ( 'NONE', #4275, #2833, #1011, .T. ) ;
#368 = LINE ( 'NONE', #3952, #1088 ) ;
#369 = VERTEX_POINT ( 'NONE', #4691 ) ;
#370 = CARTESIAN_POINT ( 'NONE',  ( 250.7069475202323200, 76.40310002820838500, 1833.212738221601300 ) ) ;
#371 = VECTOR ( 'NONE', #132, 1000.000000000000000 ) ;
#372 = ORIENTED_EDGE ( 'NONE', *, *, #1954, .T. ) ;
#373 = VECTOR ( 'NONE', #2400, 1000.000000000000000 ) ;
#374 = CARTESIAN_POINT ( 'NONE',  ( 745.5189084080598100, -48.50000000000997600, 433.3367999772985400 ) ) ;
#375 = ORIENTED_EDGE ( 'NONE', *, *, #151, .T. ) ;
#376 = FACE_OUTER_BOUND ( 'NONE', #273, .T. ) ;
#377 = DIRECTION ( 'NONE',  ( 0.9655948276329352500, -0.02617694830787353800, -0.2587303542799124800 ) ) ;
#378 = CIRCLE ( 'NONE', #1023, 69.09205999321154900 ) ;
#379 = EDGE_CURVE ( 'NONE', #3861, #3189, #2884, .T. ) ;
#380 = EDGE_LOOP ( 'NONE', ( #3302, #1619, #3640, #583, #3185 ) ) ;
#381 = EDGE_LOOP ( 'NONE', ( #3680, #2406, #4237, #4216 ) ) ;
#382 = VECTOR ( 'NONE', #890, 1000.000000000000100 ) ;
#383 = DIRECTION ( 'NONE',  ( 0.0000000000000000000, -1.000000000000000000, -3.491483361109382500E-015 ) ) ;
#384 = EDGE_LOOP ( 'NONE', ( #3151, #350 ) ) ;
#385 = CARTESIAN_POINT ( 'NONE',  ( 329.1934364790141100, -115.8333333333456200, 1115.310754250832600 ) ) ;
#386 =( GEOMETRIC_REPRESENTATION_CONTEXT ( 3 ) GLOBAL_UNCERTAINTY_ASSIGNED_CONTEXT ( ( #3797 ) ) GLOBAL_UNIT_ASSIGNED_CONTEXT ( ( #689, #700, #3 ) ) REPRESENTATION_CONTEXT ( 'NONE', 'WORKASPACE' ) );
#387 = LINE ( 'NONE', #1715, #4105 ) ;
#388 = CARTESIAN_POINT ( 'NONE',  ( 301.7835228297509500, 162.9179827227889600, 1119.359260535027900 ) ) ;
#389 = EDGE_CURVE ( 'NONE', #1748, #842, #1074, .T. ) ;
#390 = EDGE_LOOP ( 'NONE', ( #3840, #313, #255, #690, #1214, #2847, #1885, #1408 ) ) ;
#391 = VECTOR ( 'NONE', #322, 1000.000000000000200 ) ;
#392 = CARTESIAN_POINT ( 'NONE',  ( 284.4023523141938800, 157.4999999999880100, 1015.934077009781700 ) ) ;
#393 = AXIS2_PLACEMENT_3D ( 'NONE', #4633, #4625, #4620 ) ;
#394 = CARTESIAN_POINT ( 'NONE',  ( 235.9793230400172500, -48.06405698849484800, 1922.252357782104600 ) ) ;
#395 = ORIENTED_EDGE ( 'NONE', *, *, #2045, .F. ) ;
#396 = DIRECTION ( 'NONE',  ( 0.0000000000000000000, -3.491483361109382500E-015, 1.000000000000000000 ) ) ;
#397 = VECTOR ( 'NONE', #4649, 1000.000000000000200 ) ;
#398 = VERTEX_POINT ( 'NONE', #3511 ) ;
#399 = PRESENTATION_STYLE_ASSIGNMENT (( #86 ) ) ;
#400 = DIRECTION ( 'NONE',  ( 0.0000000000000000000, -1.000000000000000000, -3.491483361109382100E-015 ) ) ;
#401 = PLANE ( 'NONE',  #1739 ) ;
#402 = VERTEX_POINT ( 'NONE', #4177 ) ;
#403 = ORIENTED_EDGE ( 'NONE', *, *, #327, .T. ) ;
#404 = DIRECTION ( 'NONE',  ( 0.0000000000000000000, 3.497202527569243500E-015, -1.000000000000000000 ) ) ;
#405 = EDGE_CURVE ( 'NONE', #4026, #4563, #344, .T. ) ;
#406 = CARTESIAN_POINT ( 'NONE',  ( -3968.848264171508200, -132.5000000000120200, 1019.589786660808200 ) ) ;
#407 = CARTESIAN_POINT ( 'NONE',  ( 284.4023523141938800, 157.4999999999880100, 1015.934077009781700 ) ) ;
#408 = VERTEX_POINT ( 'NONE', #173 ) ;
#409 = B_SPLINE_CURVE_WITH_KNOTS ( 'NONE', 3,
 ( #1314, #1344, #1258, #1202, #1219, #1177, #1186, #1157 ),
 .UNSPECIFIED., .F., .F.,
 ( 4, 2, 2, 4 ),
 ( 1.387778780781445700E-017, 0.01920357270514795600, 0.03840714541029589800, 0.07681429082059229600 ),
 .UNSPECIFIED. ) ;
#410 = EDGE_LOOP ( 'NONE', ( #204, #4477, #4283, #4681 ) ) ;
#411 = EDGE_CURVE ( 'NONE', #3449, #462, #3795, .T. ) ;
#412 = DIRECTION ( 'NONE',  ( 0.0000000000000000000, -1.000000000000000000, -3.491483361109382100E-015 ) ) ;
#413 = CONICAL_SURFACE ( 'NONE', #123, 19.62038896415219100, 0.05235987755982553900 ) ;
#414 = DIRECTION ( 'NONE',  ( -0.5000000000000015500, -0.8660254037844378200, 0.0000000000000000000 ) ) ;
#415 = LINE ( 'NONE', #2174, #2653 ) ;
#416 = VERTEX_POINT ( 'NONE', #3743 ) ;
#417 = VECTOR ( 'NONE', #2658, 1000.000000000000000 ) ;
#418 = VECTOR ( 'NONE', #2252, 1000.000000000000100 ) ;
#419 = ORIENTED_EDGE ( 'NONE', *, *, #1536, .F. ) ;
#420 = DIRECTION ( 'NONE',  ( -0.8660254037844378200, 0.5000000000000015500, 0.0000000000000000000 ) ) ;
#421 = EDGE_CURVE ( 'NONE', #462, #1748, #1014, .T. ) ;
#422 = PRODUCT_DEFINITION_SHAPE ( 'NONE', 'NONE',  #2456 ) ;
#423 = VECTOR ( 'NONE', #526, 1000.000000000000200 ) ;
#424 = VERTEX_POINT ( 'NONE', #4408 ) ;
#425 = CARTESIAN_POINT ( 'NONE',  ( 429.6785294646140300, 132.4999999999880100, 1054.109288215171300 ) ) ;
#426 = PLANE ( 'NONE',  #1805 ) ;
#427 = MECHANICAL_DESIGN_GEOMETRIC_PRESENTATION_REPRESENTATION (  '', ( #603 ), #386 ) ;
#428 = DIRECTION ( 'NONE',  ( -0.0000000000000000000, 1.000000000000000000, 3.491483361109382500E-015 ) ) ;
#429 = DIRECTION ( 'NONE',  ( 0.0000000000000000000, 3.505967446184703500E-015, -1.000000000000000000 ) ) ;
#430 = EDGE_CURVE ( 'NONE', #1829, #2615, #1749, .T. ) ;
#431 = CIRCLE ( 'NONE', #3029, 8.950000000000013500 ) ;
#432 = ORIENTED_EDGE ( 'NONE', *, *, #2530, .T. ) ;
#433 = CYLINDRICAL_SURFACE ( 'NONE', #3578, 8.950000000000013500 ) ;
#434 = EDGE_CURVE ( 'NONE', #1595, #2201, #667, .T. ) ;
#435 = DIRECTION ( 'NONE',  ( -0.9869963665602319300, -0.0000000000000000000, 0.1607425656038264100 ) ) ;
#436 = CARTESIAN_POINT ( 'NONE',  ( 440.0000000000000000, 183.0358983848501300, 2158.999999999998200 ) ) ;
#437 = AXIS2_PLACEMENT_3D ( 'NONE', #2094, #2070, #2065 ) ;
#438 = SURFACE_STYLE_FILL_AREA ( #1751 ) ;
#439 = ORIENTED_EDGE ( 'NONE', *, *, #327, .F. ) ;
#440 = CARTESIAN_POINT ( 'NONE',  ( 521.7144186124423900, -44.50000000001526200, 1950.000000000001400 ) ) ;
#441 = VECTOR ( 'NONE', #547, 1000.000000000000100 ) ;
#442 = DIRECTION ( 'NONE',  ( 0.001814713940810585200, -0.9999754190178185000, 0.006772604628305064000 ) ) ;
#443 =( BOUNDED_CURVE ( )  B_SPLINE_CURVE ( 3, ( #3912, #3966, #3899, #3886 ),
 .UNSPECIFIED., .F., .T. ) 
 B_SPLINE_CURVE_WITH_KNOTS ( ( 4, 4 ),
 ( 3.132362357183212400, 3.137514314772395200 ),
 .UNSPECIFIED. ) 
 CURVE ( )  GEOMETRIC_REPRESENTATION_ITEM ( )  RATIONAL_B_SPLINE_CURVE ( ( 1.000000000000000000, 0.9999977881123063300, 0.9999977881123063300, 1.000000000000000000 ) ) 
 REPRESENTATION_ITEM ( '' )  );
#444 = VERTEX_POINT ( 'NONE', #3044 ) ;
#445 = LINE ( 'NONE', #1480, #4262 ) ;
#446 = DIRECTION ( 'NONE',  ( 0.0000000000000000000, 1.000000000000000000, 3.491483361109382500E-015 ) ) ;
#447 = ORIENTED_EDGE ( 'NONE', *, *, #2214, .T. ) ;
#448 = FACE_BOUND ( 'NONE', #2282, .T. ) ;
#449 = CARTESIAN_POINT ( 'NONE',  ( 414.3640375835974500, 182.4999999999880900, 1025.703721460201000 ) ) ;
#450 = DIRECTION ( 'NONE',  ( -0.9988519961506771000, -0.04013179253256352700, 0.02615586003042046400 ) ) ;
#451 = DIRECTION ( 'NONE',  ( 0.0000000000000000000, 3.491483361109382500E-015, -1.000000000000000000 ) ) ;
#452 = VERTEX_POINT ( 'NONE', #3099 ) ;
#453 = PRESENTATION_LAYER_ASSIGNMENT (  '', '', ( #603 ) ) ;
#454 = CONICAL_SURFACE ( 'NONE', #1917, 19.62038896415219100, 0.05235987755982553900 ) ;
#455 = EDGE_CURVE ( 'NONE', #1461, #3544, #2063, .T. ) ;
#456 = DIRECTION ( 'NONE',  ( -0.9006982393225876300, -0.0000000000000000000, 0.4344452574044178600 ) ) ;
#457 = DIRECTION ( 'NONE',  ( -1.000000000000000000, -0.0000000000000000000, -0.0000000000000000000 ) ) ;
#458 = DIRECTION ( 'NONE',  ( 0.0000000000000000000, -1.000000000000000000, -3.491483361109382100E-015 ) ) ;
#459 = VECTOR ( 'NONE', #3118, 1000.000000000000100 ) ;
#460 = ORIENTED_EDGE ( 'NONE', *, *, #567, .F. ) ;
#461 = CARTESIAN_POINT ( 'NONE',  ( 299.9999999999972700, 148.9999999999887700, 800.0000000000015900 ) ) ;
#462 = VERTEX_POINT ( 'NONE', #3092 ) ;
#463 = AXIS2_PLACEMENT_3D ( 'NONE', #2372, #2364, #2379 ) ;
#464 = ORIENTED_EDGE ( 'NONE', *, *, #561, .T. ) ;
#465 = DIRECTION ( 'NONE',  ( -0.02617694830786632100, 0.0000000000000000000, -0.9996573249755574800 ) ) ;
#466 = ORIENTED_EDGE ( 'NONE', *, *, #2890, .F. ) ;
#467 = CARTESIAN_POINT ( 'NONE',  ( 327.0790301836186100, 132.4999999999880600, 1005.221163928857800 ) ) ;
#468 = DIRECTION ( 'NONE',  ( 0.9996573249755574800, 1.536327487810042500E-017, -0.02617694830786632100 ) ) ;
#469 = DIRECTION ( 'NONE',  ( 0.0000000000000000000, 3.497202527569243100E-015, -1.000000000000000000 ) ) ;
#470 = DIRECTION ( 'NONE',  ( 0.9990482215818576900, -0.0000000000000000000, -0.04361938736533930300 ) ) ;
#471 = VERTEX_POINT ( 'NONE', #3032 ) ;
#472 = DIRECTION ( 'NONE',  ( 0.0000000000000000000, -1.000000000000000000, -3.491483361109382100E-015 ) ) ;
#473 = LINE ( 'NONE', #4199, #4287 ) ;
#474 = CARTESIAN_POINT ( 'NONE',  ( 328.6603533474434500, 132.4999999999910800, 1110.680839682785100 ) ) ;
#475 = ORIENTED_EDGE ( 'NONE', *, *, #2850, .T. ) ;
#476 = AXIS2_PLACEMENT_3D ( 'NONE', #3038, #1147, #1128 ) ;
#477 = CARTESIAN_POINT ( 'NONE',  ( 429.0888891283038900, 182.4999999999880100, 1054.393696951083700 ) ) ;
#478 = LINE ( 'NONE', #67, #3887 ) ;
#479 = CARTESIAN_POINT ( 'NONE',  ( 299.9999999999972700, -44.50000000001119800, 800.0000000000010200 ) ) ;
#480 = CARTESIAN_POINT ( 'NONE',  ( 236.1072099364448900, 32.23917152085929400, 1096.384772699057100 ) ) ;
#481 = VERTEX_POINT ( 'NONE', #3061 ) ;
#482 = EDGE_CURVE ( 'NONE', #11, #2262, #1918, .T. ) ;
#483 = CARTESIAN_POINT ( 'NONE',  ( 359.4539964426678000, -48.50000000001108400, 751.0692090091031300 ) ) ;
#484 = FACE_OUTER_BOUND ( 'NONE', #1810, .T. ) ;
#485 = PLANE ( 'NONE',  #1832 ) ;
#486 = AXIS2_PLACEMENT_3D ( 'NONE', #2023, #1995, #1990 ) ;
#487 = ORIENTED_EDGE ( 'NONE', *, *, #3334, .T. ) ;
#488 = CARTESIAN_POINT ( 'NONE',  ( 99.99999999999727200, -32.50000000001500000, 1827.000000000000900 ) ) ;
#489 = DIRECTION ( 'NONE',  ( 0.9996327355678214000, 0.02709970444846252600, 0.0000000000000000000 ) ) ;
#490 = FACE_OUTER_BOUND ( 'NONE', #3262, .T. ) ;
#491 = DIRECTION ( 'NONE',  ( 0.0000000000000000000, -3.330669073875481500E-015, 1.000000000000000000 ) ) ;
#492 = CARTESIAN_POINT ( 'NONE',  ( 299.9999999999973300, -198.0000000000158000, 2080.000000000000000 ) ) ;
#493 = ORIENTED_EDGE ( 'NONE', *, *, #3076, .T. ) ;
#494 = VECTOR ( 'NONE', #2403, 1000.000000000000000 ) ;
#495 = LINE ( 'NONE', #939, #1372 ) ;
#496 = DIRECTION ( 'NONE',  ( -0.9869963665602304900, 0.0000000000000000000, 0.1607425656038346500 ) ) ;
#497 = EDGE_CURVE ( 'NONE', #784, #11, #1680, .T. ) ;
#498 = ORIENTED_EDGE ( 'NONE', *, *, #3257, .F. ) ;
#499 = CARTESIAN_POINT ( 'NONE',  ( 325.2222238594889100, 177.4999999999888900, 1109.796590190175300 ) ) ;
#500 = EDGE_LOOP ( 'NONE', ( #3136, #3418, #4444, #3292, #432 ) ) ;
#501 = PLANE ( 'NONE',  #3493 ) ;
#502 = LINE ( 'NONE', #3114, #391 ) ;
#503 = AXIS2_PLACEMENT_3D ( 'NONE', #976, #972, #942 ) ;
#504 = CARTESIAN_POINT ( 'NONE',  ( 327.5248219147679300, 147.2862055225798200, 1110.396758184724100 ) ) ;
#505 = EDGE_CURVE ( 'NONE', #3684, #2589, #502, .T. ) ;
#506 = VERTEX_POINT ( 'NONE', #3093 ) ;
#507 = CARTESIAN_POINT ( 'NONE',  ( 505.7550574980215300, -48.50000000001151100, 879.6002773315179900 ) ) ;
#508 = VECTOR ( 'NONE', #1967, 1000.000000000000200 ) ;
#509 = DIRECTION ( 'NONE',  ( 0.9996327355678214000, 0.02709970444846252600, 0.0000000000000000000 ) ) ;
#510 = DIRECTION ( 'NONE',  ( 0.02709970444846252600, -0.9996327355678214000, -3.363296893231768100E-015 ) ) ;
#511 = CARTESIAN_POINT ( 'NONE',  ( 250.7576489843439400, 48.46469239293330800, 1833.401958661683700 ) ) ;
#512 = ORIENTED_EDGE ( 'NONE', *, *, #4579, .T. ) ;
#513 = EDGE_CURVE ( 'NONE', #3528, #3973, #4554, .T. ) ;
#514 = LINE ( 'NONE', #370, #3343 ) ;
#515 = DIRECTION ( 'NONE',  ( 1.000000000000000000, -0.0000000000000000000, 0.0000000000000000000 ) ) ;
#516 = PLANE ( 'NONE',  #1928 ) ;
#517 = ORIENTED_EDGE ( 'NONE', *, *, #1235, .F. ) ;
#518 = ORIENTED_EDGE ( 'NONE', *, *, #389, .F. ) ;
#519 = PLANE ( 'NONE',  #2042 ) ;
#520 = EDGE_LOOP ( 'NONE', ( #3287, #3662, #4545, #1794, #2717, #2072, #3914, #4102, #1315, #1800, #493, #4524, #3059, #3651, #4002, #1002, #3164, #1857, #337 ) ) ;
#521 = ORIENTED_EDGE ( 'NONE', *, *, #542, .F. ) ;
#522 = VECTOR ( 'NONE', #2347, 1000.000000000000100 ) ;
#523 = DIRECTION ( 'NONE',  ( 2.930413241157243800E-016, -1.000000000000000000, -2.477079248411710400E-017 ) ) ;
#524 = VERTEX_POINT ( 'NONE', #2978 ) ;
#525 = CARTESIAN_POINT ( 'NONE',  ( 249.9999999999972700, -82.50000000001171000, 928.5002709085237000 ) ) ;
#526 = DIRECTION ( 'NONE',  ( 0.03003401431716886500, 0.9993150019883697600, 0.02162139646231549900 ) ) ;
#527 = VECTOR ( 'NONE', #2808, 1000.000000000000100 ) ;
#528 = VERTEX_POINT ( 'NONE', #672 ) ;
#529 = CARTESIAN_POINT ( 'NONE',  ( 456.3942450438938700, 157.4999999999879800, 1041.949979565261400 ) ) ;
#530 = CARTESIAN_POINT ( 'NONE',  ( 235.9793230400174500, 48.06405698846448600, 1922.252357782105500 ) ) ;
#531 = AXIS2_PLACEMENT_3D ( 'NONE', #3672, #3669, #3678 ) ;
#532 = VECTOR ( 'NONE', #3919, 1000.000000000000000 ) ;
#533 = EDGE_CURVE ( 'NONE', #1791, #3684, #3064, .T. ) ;
#534 = ORIENTED_EDGE ( 'NONE', *, *, #2729, .F. ) ;
#535 = DIRECTION ( 'NONE',  ( 0.4342963838652180200, -0.02617694830787628500, 0.9003895925314120400 ) ) ;
#536 = DIRECTION ( 'NONE',  ( 0.02437450461727657500, 0.9993869806674000600, 0.02513058688451432300 ) ) ;
#537 = LINE ( 'NONE', #1353, #2477 ) ;
#538 = ORIENTED_EDGE ( 'NONE', *, *, #1633, .F. ) ;
#539 = AXIS2_PLACEMENT_3D ( 'NONE', #3002, #3170, #1891 ) ;
#540 = CARTESIAN_POINT ( 'NONE',  ( 376.6035989024429700, 147.9999999999842500, 2099.310324575024900 ) ) ;
#541 = CARTESIAN_POINT ( 'NONE',  ( 221.3803443595889200, -110.0000000000157000, 2072.257277805387300 ) ) ;
#542 = EDGE_CURVE ( 'NONE', #1815, #2067, #3395, .T. ) ;
#543 = FACE_OUTER_BOUND ( 'NONE', #3606, .T. ) ;
#544 = ORIENTED_EDGE ( 'NONE', *, *, #3933, .F. ) ;
#545 = CARTESIAN_POINT ( 'NONE',  ( 521.6143944484875900, -102.2388981330867600, 961.9365942035705100 ) ) ;
#546 = CARTESIAN_POINT ( 'NONE',  ( 450.0379509725985900, 147.9999999999850800, 1865.288230696959100 ) ) ;
#547 = DIRECTION ( 'NONE',  ( -0.02709970444846332100, 0.9996327355678214000, 6.344131569286607600E-015 ) ) ;
#548 = DIRECTION ( 'NONE',  ( -0.3253617993951508100, -0.008820448039266048600, -0.9455484647498171300 ) ) ;
#549 = VECTOR ( 'NONE', #2395, 1000.000000000000000 ) ;
#550 = ORIENTED_EDGE ( 'NONE', *, *, #3593, .F. ) ;
#551 = CYLINDRICAL_SURFACE ( 'NONE', #2205, 78.99999999999663200 ) ;
#552 = CARTESIAN_POINT ( 'NONE',  ( 429.3732978642162800, 157.4999999999878900, 1054.983337287393900 ) ) ;
#553 = CARTESIAN_POINT ( 'NONE',  ( 326.3786564578147700, 162.2862055225793400, 1110.102144125902700 ) ) ;
#554 = ORIENTED_EDGE ( 'NONE', *, *, #47, .F. ) ;
#555 = CIRCLE ( 'NONE', #3530, 8500.000000000000000 ) ;
#556 = CARTESIAN_POINT ( 'NONE',  ( 249.9999999999972100, -48.50000000001168100, 928.5002709085237000 ) ) ;
#557 = CARTESIAN_POINT ( 'NONE',  ( 235.9793230400173900, 48.06405698846449300, 1922.252357782105300 ) ) ;
#558 = VERTEX_POINT ( 'NONE', #3129 ) ;
#560 = VERTEX_POINT ( 'NONE', #3130 ) ;
#559 = DIRECTION ( 'NONE',  ( -0.02617694830786632100, 0.0000000000000000000, -0.9996573249755574800 ) ) ;
#561 = EDGE_CURVE ( 'NONE', #4420, #1815, #4170, .T. ) ;
#562 = ORIENTED_EDGE ( 'NONE', *, *, #1211, .T. ) ;
#563 = CONICAL_SURFACE ( 'NONE', #3022, 69.99999999999705800, 0.03490658503988929000 ) ;
#564 = DIRECTION ( 'NONE',  ( -0.2588190451025247900, 0.0000000000000000000, -0.9659258262890672000 ) ) ;
#565 = ORIENTED_EDGE ( 'NONE', *, *, #2416, .F. ) ;
#566 = FACE_OUTER_BOUND ( 'NONE', #3647, .T. ) ;
#567 = EDGE_CURVE ( 'NONE', #4420, #2081, #126, .T. ) ;
#568 = PRODUCT_DEFINITION_CONTEXT ( 'detailed design', #838, 'design' ) ;
#569 = DIRECTION ( 'NONE',  ( 1.093356242223630900E-016, 0.9848077530122079100, 0.1736481776669313000 ) ) ;
#570 = ORIENTED_EDGE ( 'NONE', *, *, #1869, .T. ) ;
#571 = PLANE ( 'NONE',  #2108 ) ;
#572 = EDGE_CURVE ( 'NONE', #3144, #2951, #3663, .T. ) ;
#573 = ORIENTED_EDGE ( 'NONE', *, *, #2729, .T. ) ;
#574 = EDGE_CURVE ( 'NONE', #4197, #2843, #4265, .T. ) ;
#575 = EDGE_LOOP ( 'NONE', ( #4679, #3813, #3758, #944 ) ) ;
#576 = CARTESIAN_POINT ( 'NONE',  ( 429.3732978642161700, 157.4999999999880100, 1054.983337287393900 ) ) ;
#577 = CARTESIAN_POINT ( 'NONE',  ( 281.9999999999972700, 496.3703305156061600, 1950.000000000002700 ) ) ;
#578 = CARTESIAN_POINT ( 'NONE',  ( 269.7922471791068200, 83.99357287242170900, 1912.938065028028600 ) ) ;
#579 = ORIENTED_EDGE ( 'NONE', *, *, #1457, .T. ) ;
#580 = DIRECTION ( 'NONE',  ( 0.9659258262890672000, 9.036623895136835600E-016, -0.2588190451025247900 ) ) ;
#581 = PRESENTATION_STYLE_ASSIGNMENT (( #973 ) ) ;
#582 = CARTESIAN_POINT ( 'NONE',  ( 473.7820983365253900, 132.4999999999880100, 1014.441086436886300 ) ) ;
#583 = ORIENTED_EDGE ( 'NONE', *, *, #3342, .F. ) ;
#584 = DIRECTION ( 'NONE',  ( 0.0000000000000000000, -3.469446951953611000E-015, 1.000000000000000000 ) ) ;
#585 = EDGE_CURVE ( 'NONE', #3198, #992, #1801, .T. ) ;
#586 = VECTOR ( 'NONE', #4569, 1000.000000000000200 ) ;
#587 = DIRECTION ( 'NONE',  ( 0.0000000000000000000, 1.000000000000000000, 3.491483361109382100E-015 ) ) ;
#588 = FACE_OUTER_BOUND ( 'NONE', #124, .T. ) ;
#589 = CARTESIAN_POINT ( 'NONE',  ( 299.9999999999972700, -132.5000000000156900, 2080.000000000000500 ) ) ;
#590 = VERTEX_POINT ( 'NONE', #3162 ) ;
#591 = EDGE_CURVE ( 'NONE', #2374, #778, #2104, .T. ) ;
#592 = DIRECTION ( 'NONE',  ( 0.0000000000000000000, 1.000000000000000000, 3.491483361109382100E-015 ) ) ;
#593 = DIRECTION ( 'NONE',  ( 0.0000000000000000000, 1.000000000000000000, 3.491483361109382100E-015 ) ) ;
#594 = VECTOR ( 'NONE', #456, 999.9999999999998900 ) ;
#595 = DIRECTION ( 'NONE',  ( 0.0000000000000000000, -3.513364001978493200E-015, 1.000000000000000000 ) ) ;
#596 = VERTEX_POINT ( 'NONE', #2962 ) ;
#597 = DIRECTION ( 'NONE',  ( -0.5150380749100551500, 0.0000000000000000000, -0.8571673007021116700 ) ) ;
#598 = EDGE_CURVE ( 'NONE', #4298, #4026, #4113, .T. ) ;
#599 = VECTOR ( 'NONE', #2764, 1000.000000000000100 ) ;
#600 = VERTEX_POINT ( 'NONE', #3187 ) ;
#601 = DIRECTION ( 'NONE',  ( 0.8568735708763921500, 0.02617694830787499500, -0.5148615842251465000 ) ) ;
#602 = DIRECTION ( 'NONE',  ( 0.0000000000000000000, 2.829258448070552800E-015, -1.000000000000000000 ) ) ;
#603 = STYLED_ITEM ( 'NONE', ( #1301 ), #2352 ) ;
#604 = CARTESIAN_POINT ( 'NONE',  ( 180.2470515341606500, 105.4999999999879100, 1053.099251942275500 ) ) ;
#605 = EDGE_CURVE ( 'NONE', #424, #3928, #1543, .T. ) ;
#606 = PLANE ( 'NONE',  #2269 ) ;
#607 = CARTESIAN_POINT ( 'NONE',  ( 407.0130327245473200, 132.4999999999881800, 978.0995947075742800 ) ) ;
#608 = LINE ( 'NONE', #63, #3646 ) ;
#609 = DIRECTION ( 'NONE',  ( 1.000000000000000000, 0.0000000000000000000, 0.0000000000000000000 ) ) ;
#610 = VERTEX_POINT ( 'NONE', #2909 ) ;
#611 = LINE ( 'NONE', #2368, #4601 ) ;
#612 = VERTEX_POINT ( 'NONE', #3211 ) ;
#613 = DIRECTION ( 'NONE',  ( 0.0000000000000000000, -2.775557561563008100E-015, 1.000000000000000000 ) ) ;
#614 = ORIENTED_EDGE ( 'NONE', *, *, #200, .F. ) ;
#615 = EDGE_CURVE ( 'NONE', #4627, #4645, #1812, .T. ) ;
#616 = DIRECTION ( 'NONE',  ( 0.9844702839913726000, -0.1736481776669342700, -0.02577926164378655300 ) ) ;
#617 = ORIENTED_EDGE ( 'NONE', *, *, #2498, .T. ) ;
#618 = CARTESIAN_POINT ( 'NONE',  ( 299.9999999999972700, 109.9999999999841100, 2142.500000000001400 ) ) ;
#619 = CONICAL_SURFACE ( 'NONE', #3280, 50.00000000000004300, 0.03490658503988255900 ) ;
#620 = DIRECTION ( 'NONE',  ( 1.189524669241289600E-015, -1.000000000000000000, -2.775557561563004900E-015 ) ) ;
#621 = CARTESIAN_POINT ( 'NONE',  ( 299.9999999999972700, 105.4999999999887700, 800.0000000000013600 ) ) ;
#622 = CARTESIAN_POINT ( 'NONE',  ( 260.1764384182915300, -7.021974374313503900, 1049.738729315220800 ) ) ;
#623 = EDGE_LOOP ( 'NONE', ( #1762, #1780, #3878, #3972 ) ) ;
#624 = VECTOR ( 'NONE', #3241, 1000.000000000000100 ) ;
#625 = CARTESIAN_POINT ( 'NONE',  ( 270.7407368348029900, 49.00642712754795800, 1912.938065028028600 ) ) ;
#626 = EDGE_CURVE ( 'NONE', #3035, #3862, #4015, .T. ) ;
#627 = PLANE ( 'NONE',  #2143 ) ;
#628 = ORIENTED_EDGE ( 'NONE', *, *, #4366, .F. ) ;
#629 = VECTOR ( 'NONE', #346, 1000.000000000000100 ) ;
#630 = CARTESIAN_POINT ( 'NONE',  ( 339.9426799755360700, 132.4999999999878100, 1084.206935728832100 ) ) ;
#631 =( GEOMETRIC_REPRESENTATION_CONTEXT ( 3 ) GLOBAL_UNCERTAINTY_ASSIGNED_CONTEXT ( ( #1042 ) ) GLOBAL_UNIT_ASSIGNED_CONTEXT ( ( #2669, #2583, #2058 ) ) REPRESENTATION_CONTEXT ( 'NONE', 'WORKASPACE' ) );
#632 = VERTEX_POINT ( 'NONE', #4674 ) ;
#633 = EDGE_LOOP ( 'NONE', ( #2936, #70, #3132, #1924 ) ) ;
#634 = CARTESIAN_POINT ( 'NONE',  ( 297.9999999999972700, 132.4999999999876900, 1137.000000000001400 ) ) ;
#635 = EDGE_CURVE ( 'NONE', #3035, #524, #3060, .T. ) ;
#636 = CARTESIAN_POINT ( 'NONE',  ( 249.9999999999973000, -48.50000000001209300, 928.5002709085238200 ) ) ;
#637 = ORIENTED_EDGE ( 'NONE', *, *, #783, .F. ) ;
#638 = DIRECTION ( 'NONE',  ( 0.02709970444846252600, -0.9996327355678214000, -3.363296893231768100E-015 ) ) ;
#639 = EDGE_LOOP ( 'NONE', ( #1341, #2667, #4185, #2399 ) ) ;
#640 = ORIENTED_EDGE ( 'NONE', *, *, #626, .T. ) ;
#641 = DIRECTION ( 'NONE',  ( 0.02617694830786632100, -0.0000000000000000000, 0.9996573249755574800 ) ) ;
#642 = CARTESIAN_POINT ( 'NONE',  ( 236.1072099364448900, 32.23917152085945000, 1096.384772699057100 ) ) ;
#643 = CIRCLE ( 'NONE', #2665, 19.62038896415219100 ) ;
#644 = DIRECTION ( 'NONE',  ( -0.0000000000000000000, -1.000000000000000000, -2.121943836052914800E-015 ) ) ;
#645 = LINE ( 'NONE', #2415, #3466 ) ;
#646 = ORIENTED_EDGE ( 'NONE', *, *, #4387, .F. ) ;
#647 = DIRECTION ( 'NONE',  ( 0.2556168193706017100, -0.1568178011770292600, 0.9539749571602279500 ) ) ;
#648 = CARTESIAN_POINT ( 'NONE',  ( -3968.848264171508200, -132.5000000000146100, 1755.000000000000700 ) ) ;
#649 = VECTOR ( 'NONE', #1534, 1000.000000000000200 ) ;
#650 = EDGE_CURVE ( 'NONE', #558, #3035, #4010, .T. ) ;
#651 = ORIENTED_EDGE ( 'NONE', *, *, #1645, .T. ) ;
#652 = CARTESIAN_POINT ( 'NONE',  ( 299.9999999999972700, 79.49999999995031900, 850.0000000000012500 ) ) ;
#653 = FACE_OUTER_BOUND ( 'NONE', #3667, .T. ) ;
#654 = DIRECTION ( 'NONE',  ( 0.9869963665602319300, 0.0000000000000000000, -0.1607425656038264100 ) ) ;
#655 = ORIENTED_EDGE ( 'NONE', *, *, #1288, .T. ) ;
#656 = AXIS2_PLACEMENT_3D ( 'NONE', #1942, #1959, #1883 ) ;
#657 = EDGE_CURVE ( 'NONE', #558, #1985, #2829, .T. ) ;
#658 = PRESENTATION_STYLE_ASSIGNMENT (( #2710 ) ) ;
#659 = DIRECTION ( 'NONE',  ( 0.1606874831412291600, 0.02617694830786979400, 0.9866581475561960700 ) ) ;
#660 = ORIENTED_EDGE ( 'NONE', *, *, #303, .F. ) ;
#661 = MECHANICAL_DESIGN_GEOMETRIC_PRESENTATION_REPRESENTATION (  '', ( #706 ), #631 ) ;
#662 = LINE ( 'NONE', #648, #4451 ) ;
#663 = EDGE_CURVE ( 'NONE', #1815, #590, #4615, .T. ) ;
#664 = ORIENTED_EDGE ( 'NONE', *, *, #497, .T. ) ;
#665 = CARTESIAN_POINT ( 'NONE',  ( 281.9999999999972700, -44.50000000001519100, 1900.000000000000900 ) ) ;
#666 = DIRECTION ( 'NONE',  ( -1.000000000000000000, -0.0000000000000000000, -0.0000000000000000000 ) ) ;
#667 = B_SPLINE_CURVE_WITH_KNOTS ( 'NONE', 3,
 ( #1362, #4608, #4493, #3301 ),
 .UNSPECIFIED., .F., .F.,
 ( 4, 4 ),
 ( 2.423651445728339100E-016, 0.01532425756258168200 ),
 .UNSPECIFIED. ) ;
#668 = CARTESIAN_POINT ( 'NONE',  ( 299.9999999999971600, 185.4999999999880100, 1025.782279224908500 ) ) ;
#669 = ORIENTED_EDGE ( 'NONE', *, *, #2898, .T. ) ;
#670 = EDGE_CURVE ( 'NONE', #2789, #3676, #1158, .T. ) ;
#671 = VECTOR ( 'NONE', #3332, 1000.000000000000000 ) ;
#672 = CARTESIAN_POINT ( 'NONE',  ( 439.9999999869385200, 183.0358984074732400, 1077.344539990394700 ) ) ;
#673 = ORIENTED_EDGE ( 'NONE', *, *, #2691, .T. ) ;
#674 = FACE_BOUND ( 'NONE', #787, .T. ) ;
#675 = DIRECTION ( 'NONE',  ( -0.5511924129318519500, -3.431216184051291500E-015, 0.8343781660172818700 ) ) ;
#676 = VERTEX_POINT ( 'NONE', #4604 ) ;
#677 = VECTOR ( 'NONE', #341, 1000.000000000000100 ) ;
#678 = CARTESIAN_POINT ( 'NONE',  ( 297.9999999999973300, 182.4999999999876600, 1120.000000000001400 ) ) ;
#679 = ORIENTED_EDGE ( 'NONE', *, *, #626, .F. ) ;
#680 = EDGE_CURVE ( 'NONE', #3762, #2493, #2938, .T. ) ;
#681 = ORIENTED_EDGE ( 'NONE', *, *, #1244, .T. ) ;
#682 = ORIENTED_EDGE ( 'NONE', *, *, #2245, .F. ) ;
#683 = AXIS2_PLACEMENT_3D ( 'NONE', #4402, #4392, #4413 ) ;
#684 = CARTESIAN_POINT ( 'NONE',  ( 340.2760325083133400, 157.4999999999877800, 1083.075597146539600 ) ) ;
#685 = AXIS2_PLACEMENT_3D ( 'NONE', #3850, #3844, #3423 ) ;
#686 = CARTESIAN_POINT ( 'NONE',  ( 209.1164621621047700, -67.50000000001225000, 1097.091550303368900 ) ) ;
#687 = ORIENTED_EDGE ( 'NONE', *, *, #1311, .F. ) ;
#688 = EDGE_CURVE ( 'NONE', #632, #4421, #4367, .T. ) ;
#689 =( LENGTH_UNIT ( ) NAMED_UNIT ( * ) SI_UNIT ( .MILLI., .METRE. ) );
#690 = ORIENTED_EDGE ( 'NONE', *, *, #217, .F. ) ;
#691 = VECTOR ( 'NONE', #3008, 1000.000000000000200 ) ;
#692 = FACE_BOUND ( 'NONE', #347, .T. ) ;
#693 = VERTEX_POINT ( 'NONE', #4575 ) ;
#694 = DIRECTION ( 'NONE',  ( -0.3255882442564675400, 0.0000000000000000000, -0.9455116578879346800 ) ) ;
#695 = CIRCLE ( 'NONE', #2946, 400.0000000000000000 ) ;
#696 = ORIENTED_EDGE ( 'NONE', *, *, #4446, .T. ) ;
#697 = PLANE ( 'NONE',  #2375 ) ;
#698 = CIRCLE ( 'NONE', #3407, 20.07855776470757200 ) ;
#699 = ORIENTED_EDGE ( 'NONE', *, *, #3141, .T. ) ;
#700 =( NAMED_UNIT ( * ) PLANE_ANGLE_UNIT ( ) SI_UNIT ( $, .RADIAN. ) );
#701 = PLANE ( 'NONE',  #2414 ) ;
#702 = EDGE_CURVE ( 'NONE', #2000, #558, #2516, .T. ) ;
#703 = COLOUR_RGB ( '',0.2901960784313725200, 0.3294117647058823500, 0.3490196078431372400 ) ;
#704 = CARTESIAN_POINT ( 'NONE',  ( 299.9999999999972700, -48.50000000001096400, 723.0000000000010200 ) ) ;
#705 = LINE ( 'NONE', #153, #3045 ) ;
#706 = STYLED_ITEM ( 'NONE', ( #658 ), #2321 ) ;
#707 = ORIENTED_EDGE ( 'NONE', *, *, #1143, .F. ) ;
#708 = EDGE_CURVE ( 'NONE', #55, #3236, #4109, .T. ) ;
#709 = CARTESIAN_POINT ( 'NONE',  ( 210.2592446005194200, -82.37965336241005300, 1850.262536643051600 ) ) ;
#710 = ORIENTED_EDGE ( 'NONE', *, *, #865, .F. ) ;
#711 = CARTESIAN_POINT ( 'NONE',  ( 327.0790301836187300, 132.4999999999880600, 1005.221163928857800 ) ) ;
#712 = ORIENTED_EDGE ( 'NONE', *, *, #1645, .F. ) ;
#713 = AXIS2_PLACEMENT_3D ( 'NONE', #2011, #2009, #2003 ) ;
#714 = DIRECTION ( 'NONE',  ( 1.306013927181205200E-016, 0.9848077530122090200, -0.1736481776669249700 ) ) ;
#715 = LINE ( 'NONE', #1477, #1731 ) ;
#716 = DIRECTION ( 'NONE',  ( 0.0000000000000000000, 3.491483361109382500E-015, -1.000000000000000000 ) ) ;
#717 = ORIENTED_EDGE ( 'NONE', *, *, #4291, .T. ) ;
#718 = VECTOR ( 'NONE', #4289, 1000.000000000000100 ) ;
#719 = SURFACE_STYLE_USAGE ( .BOTH. , #739 ) ;
#720 = AXIS2_PLACEMENT_3D ( 'NONE', #2159, #2155, #2152 ) ;
#721 = DIRECTION ( 'NONE',  ( 0.0000000000000000000, -1.000000000000000000, -3.491483361109382500E-015 ) ) ;
#722 = ORIENTED_EDGE ( 'NONE', *, *, #2171, .F. ) ;
#723 = LINE ( 'NONE', #154, #677 ) ;
#724 = DIRECTION ( 'NONE',  ( 0.0000000000000000000, 0.1622066002983254000, -0.9867568184814631300 ) ) ;
#725 = ORIENTED_EDGE ( 'NONE', *, *, #4472, .F. ) ;
#726 = LINE ( 'NONE', #2815, #841 ) ;
#727 = EDGE_CURVE ( 'NONE', #4390, #2000, #1617, .T. ) ;
#728 = CARTESIAN_POINT ( 'NONE',  ( 473.7820983365255100, 132.4999999999880300, 1014.441086436886500 ) ) ;
#729 = VERTEX_POINT ( 'NONE', #4535 ) ;
#730 = CARTESIAN_POINT ( 'NONE',  ( -4262.022683541780700, -148.0000000000116800, 930.0000000000259200 ) ) ;
#731 = ORIENTED_EDGE ( 'NONE', *, *, #2914, .T. ) ;
#732 = EDGE_CURVE ( 'NONE', #4401, #83, #3040, .T. ) ;
#733 = VERTEX_POINT ( 'NONE', #4526 ) ;
#734 = CARTESIAN_POINT ( 'NONE',  ( 299.9999999999972700, 109.9999999999845200, 2017.500000000001400 ) ) ;
#735 = ORIENTED_EDGE ( 'NONE', *, *, #591, .T. ) ;
#736 = DIRECTION ( 'NONE',  ( 0.0000000000000000000, -3.491483361109382500E-015, 1.000000000000000000 ) ) ;
#737 = EDGE_CURVE ( 'NONE', #2000, #3713, #4274, .T. ) ;
#738 = VERTEX_POINT ( 'NONE', #4510 ) ;
#739 = SURFACE_SIDE_STYLE ('',( #328 ) ) ;
#740 = DIRECTION ( 'NONE',  ( -0.0000000000000000000, 1.000000000000000000, 3.491483361109382500E-015 ) ) ;
#741 = AXIS2_PLACEMENT_3D ( 'NONE', #4191, #4186, #4147 ) ;
#742 = EDGE_CURVE ( 'NONE', #4440, #2189, #4312, .T. ) ;
#743 = VECTOR ( 'NONE', #3214, 1000.000000000000000 ) ;
#744 = UNCERTAINTY_MEASURE_WITH_UNIT (LENGTH_MEASURE( 1.000000000000000100E-005 ), #1037, 'distance_accuracy_value', 'NONE');
#745 = EDGE_LOOP ( 'NONE', ( #4454, #1927, #4344, #889 ) ) ;
#746 = DIRECTION ( 'NONE',  ( -0.02617694830786626900, 3.620292471603788000E-015, -0.9996573249755574800 ) ) ;
#747 = PLANE ( 'NONE',  #2600 ) ;
#748 = LINE ( 'NONE', #2200, #4433 ) ;
#749 = ORIENTED_EDGE ( 'NONE', *, *, #2199, .F. ) ;
#750 = LINE ( 'NONE', #1520, #649 ) ;
#751 = CARTESIAN_POINT ( 'NONE',  ( 285.0120887098240700, 182.4999999999879200, 1016.562727056526700 ) ) ;
#752 = DIRECTION ( 'NONE',  ( 0.02709970444846410100, -0.9996327355678212800, 0.0000000000000000000 ) ) ;
#753 = ORIENTED_EDGE ( 'NONE', *, *, #1634, .T. ) ;
#754 = EDGE_CURVE ( 'NONE', #1337, #4295, #3366, .T. ) ;
#755 = CARTESIAN_POINT ( 'NONE',  ( 209.1164621621047700, 67.49999999998775000, 1097.091550303369300 ) ) ;
#756 = LINE ( 'NONE', #3936, #163 ) ;
#757 = ORIENTED_EDGE ( 'NONE', *, *, #2857, .T. ) ;
#758 = CARTESIAN_POINT ( 'NONE',  ( -3968.848264171508200, 105.4999999999880200, 1019.589786660809100 ) ) ;
#759 = DIRECTION ( 'NONE',  ( 6.085409953726634200E-013, 3.469446951953611000E-015, -1.000000000000000000 ) ) ;
#760 = VECTOR ( 'NONE', #4061, 1000.000000000000000 ) ;
#761 = DIRECTION ( 'NONE',  ( -0.02709970444846493100, 0.9996327355678212800, 0.0000000000000000000 ) ) ;
#762 = EDGE_CURVE ( 'NONE', #2459, #1825, #2125, .T. ) ;
#763 = EDGE_CURVE ( 'NONE', #4390, #1696, #3958, .T. ) ;
#764 = ORIENTED_EDGE ( 'NONE', *, *, #3926, .F. ) ;
#765 = FACE_OUTER_BOUND ( 'NONE', #1013, .T. ) ;
#766 = CARTESIAN_POINT ( 'NONE',  ( 281.9999999999972700, 32.49999999998493600, 1827.000000000001100 ) ) ;
#767 = CARTESIAN_POINT ( 'NONE',  ( 250.7069475202324300, 76.40310002820859800, 1833.212738221601500 ) ) ;
#768 = ORIENTED_EDGE ( 'NONE', *, *, #3312, .F. ) ;
#769 = DIRECTION ( 'NONE',  ( 0.9452011984298134300, -0.02562408393641664500, -0.3254813371136108200 ) ) ;
#770 = PRESENTATION_LAYER_ASSIGNMENT (  '', '', ( #706 ) ) ;
#771 = DIRECTION ( 'NONE',  ( 0.0000000000000000000, 0.1622066002983222600, 0.9867568184814636800 ) ) ;
#772 = EDGE_CURVE ( 'NONE', #982, #3862, #2708, .T. ) ;
#773 = CARTESIAN_POINT ( 'NONE',  ( 474.5938630796956700, 157.4999999999880900, 1014.399956084068400 ) ) ;
#774 = ORIENTED_EDGE ( 'NONE', *, *, #3141, .F. ) ;
#775 = LINE ( 'NONE', #2342, #3387 ) ;
#776 = CARTESIAN_POINT ( 'NONE',  ( 241.8249861761684900, 83.23538991137466800, 1835.541311410120700 ) ) ;
#777 = DIRECTION ( 'NONE',  ( -1.000000000000000000, -0.0000000000000000000, -0.0000000000000000000 ) ) ;
#778 = VERTEX_POINT ( 'NONE', #4453 ) ;
#779 = DIRECTION ( 'NONE',  ( 0.0000000000000000000, -1.000000000000000000, -3.491483361109382500E-015 ) ) ;
#780 = FACE_OUTER_BOUND ( 'NONE', #2554, .T. ) ;
#781 = EDGE_LOOP ( 'NONE', ( #1208, #1097, #1415, #3692 ) ) ;
#782 = DIRECTION ( 'NONE',  ( 0.7933264000454052200, -2.044040785522250200E-015, 0.6087965366121901300 ) ) ;
#783 = EDGE_CURVE ( 'NONE', #2863, #3849, #4589, .T. ) ;
#784 = VERTEX_POINT ( 'NONE', #4438 ) ;
#785 = FACE_OUTER_BOUND ( 'NONE', #3832, .T. ) ;
#786 = DIRECTION ( 'NONE',  ( 0.0000000000000000000, -3.491483361109382500E-015, 1.000000000000000000 ) ) ;
#787 = EDGE_LOOP ( 'NONE', ( #717, #2121, #4162, #3908, #2638 ) ) ;
#788 = ORIENTED_EDGE ( 'NONE', *, *, #4508, .F. ) ;
#789 = CARTESIAN_POINT ( 'NONE',  ( 436.4926554045109700, 132.4999999999881500, 968.8010878389897000 ) ) ;
#790 = CARTESIAN_POINT ( 'NONE',  ( 521.7144186124423900, 109.9999999999847700, 1950.000000000001800 ) ) ;
#791 = DIRECTION ( 'NONE',  ( -0.0000000000000000000, 1.000000000000000000, 3.491483361109382500E-015 ) ) ;
#792 = ORIENTED_EDGE ( 'NONE', *, *, #1590, .F. ) ;
#793 = ORIENTED_EDGE ( 'NONE', *, *, #4017, .T. ) ;
#794 = PLANE ( 'NONE',  #2668 ) ;
#795 = ORIENTED_EDGE ( 'NONE', *, *, #3754, .F. ) ;
#796 =( GEOMETRIC_REPRESENTATION_CONTEXT ( 3 ) GLOBAL_UNCERTAINTY_ASSIGNED_CONTEXT ( ( #195 ) ) GLOBAL_UNIT_ASSIGNED_CONTEXT ( ( #3595, #3554, #3529 ) ) REPRESENTATION_CONTEXT ( 'NONE', 'WORKASPACE' ) );
#797 = ORIENTED_EDGE ( 'NONE', *, *, #1241, .T. ) ;
#798 = EDGE_CURVE ( 'NONE', #3862, #4390, #1912, .T. ) ;
#799 = SHAPE_DEFINITION_REPRESENTATION ( #422, #1266 ) ;
#800 = VECTOR ( 'NONE', #4303, 1000.000000000000000 ) ;
#801 = EDGE_LOOP ( 'NONE', ( #16, #1190, #1991, #3732 ) ) ;
#802 = CARTESIAN_POINT ( 'NONE',  ( 414.3640375835974500, 182.4999999999881500, 1025.703721460200800 ) ) ;
#803 = STYLED_ITEM ( 'NONE', ( #399 ), #1476 ) ;
#804 = DIRECTION ( 'NONE',  ( 0.9848179273624645400, 0.1735904661710989400, 0.0000000000000000000 ) ) ;
#805 = EDGE_CURVE ( 'NONE', #4654, #424, #3998, .T. ) ;
#806 = VECTOR ( 'NONE', #647, 1000.000000000000100 ) ;
#807 = ORIENTED_EDGE ( 'NONE', *, *, #2004, .T. ) ;
#808 = DIRECTION ( 'NONE',  ( 0.1735886727734009000, -0.9848077530122085800, -0.004545579370545784300 ) ) ;
#809 = VERTEX_POINT ( 'NONE', #4399 ) ;
#810 = CARTESIAN_POINT ( 'NONE',  ( 246.6378172271404000, -132.5000000000145800, 1755.000000000000700 ) ) ;
#811 = DIRECTION ( 'NONE',  ( -0.01643446960853361900, 0.9995223162399505800, 0.02617341297978411800 ) ) ;
#812 = PLANE ( 'NONE',  #2763 ) ;
#813 = LINE ( 'NONE', #867, #3752 ) ;
#814 = CARTESIAN_POINT ( 'NONE',  ( 244.4017971496067500, -137.6688920907056100, 1791.778578280375100 ) ) ;
#815 = EDGE_CURVE ( 'NONE', #3140, #3676, #2243, .T. ) ;
#816 = FACE_OUTER_BOUND ( 'NONE', #1996, .T. ) ;
#817 = CARTESIAN_POINT ( 'NONE',  ( 455.9474159670487000, 182.4999999999880100, 1041.438681501361300 ) ) ;
#818 = CARTESIAN_POINT ( 'NONE',  ( 180.2470515341606500, -82.50000000001212200, 1053.099251942274800 ) ) ;
#819 = APPLICATION_PROTOCOL_DEFINITION ( 'draft international standard', 'automotive_design', 1998, #838 ) ;
#820 = ORIENTED_EDGE ( 'NONE', *, *, #3342, .T. ) ;
#821 = CYLINDRICAL_SURFACE ( 'NONE', #531, 80.00000000000007100 ) ;
#822 = PRESENTATION_STYLE_ASSIGNMENT (( #1043 ) ) ;
#823 = AXIS2_PLACEMENT_3D ( 'NONE', #3841, #3821, #3798 ) ;
#824 = DIRECTION ( 'NONE',  ( 0.0000000000000000000, -3.608224830031771400E-015, 1.000000000000000000 ) ) ;
#825 = ORIENTED_EDGE ( 'NONE', *, *, #805, .T. ) ;
#826 = LINE ( 'NONE', #3486, #2888 ) ;
#827 = CARTESIAN_POINT ( 'NONE',  ( 249.0422493309687600, -32.50000000001545400, 1827.000000000001100 ) ) ;
#828 = DIRECTION ( 'NONE',  ( 0.9869963665602319300, 0.0000000000000000000, -0.1607425656038264400 ) ) ;
#829 = DIRECTION ( 'NONE',  ( 0.1606874831412291600, -0.02617694830787663600, 0.9866581475561959600 ) ) ;
#830 = ORIENTED_EDGE ( 'NONE', *, *, #4243, .T. ) ;
#831 = MECHANICAL_DESIGN_GEOMETRIC_PRESENTATION_REPRESENTATION (  '', ( #899 ), #796 ) ;
#832 = FACE_OUTER_BOUND ( 'NONE', #781, .T. ) ;
#833 = EDGE_CURVE ( 'NONE', #4124, #1522, #122, .T. ) ;
#834 = CARTESIAN_POINT ( 'NONE',  ( 239.2125751663343700, -148.0000000000149800, 1865.288230696958400 ) ) ;
#835 = CARTESIAN_POINT ( 'NONE',  ( 521.7143936124415400, 132.4999999999883200, 929.9999999999997700 ) ) ;
#836 = ORIENTED_EDGE ( 'NONE', *, *, #2612, .T. ) ;
#837 = VECTOR ( 'NONE', #4653, 999.9999999999998900 ) ;
#838 = APPLICATION_CONTEXT ( 'automotive_design' ) ;
#839 = DIRECTION ( 'NONE',  ( 0.9003895925314087100, 0.02617694830787472100, -0.4342963838652247300 ) ) ;
#840 = ORIENTED_EDGE ( 'NONE', *, *, #2408, .T. ) ;
#841 = VECTOR ( 'NONE', #2765, 1000.000000000000000 ) ;
#842 = VERTEX_POINT ( 'NONE', #4373 ) ;
#843 = VERTEX_POINT ( 'NONE', #4361 ) ;
#844 = PLANE ( 'NONE',  #2828 ) ;
#845 = CARTESIAN_POINT ( 'NONE',  ( 394.8317259090732100, 182.4999999999891100, 960.3686302440644300 ) ) ;
#846 = CARTESIAN_POINT ( 'NONE',  ( 242.7734758318647400, 48.24824416650090300, 1835.541311410120700 ) ) ;
#847 = VECTOR ( 'NONE', #2123, 1000.000000000000000 ) ;
#848 = VERTEX_POINT ( 'NONE', #4349 ) ;
#849 = EDGE_LOOP ( 'NONE', ( #3675, #4622, #2855, #1513 ) ) ;
#850 = CARTESIAN_POINT ( 'NONE',  ( 299.9999999999972700, 94.99999999998407000, 2139.855095289374300 ) ) ;
#851 = CARTESIAN_POINT ( 'NONE',  ( 209.1164621621047700, -37.00000000001225700, 1097.091550303369300 ) ) ;
#852 = CARTESIAN_POINT ( 'NONE',  ( 395.2820438583575500, 132.4999999999879800, 958.5759506298920800 ) ) ;
#853 = DIRECTION ( 'NONE',  ( 0.02162139646230894600, 0.9993150019883698700, -0.03003401431716900100 ) ) ;
#854 = PRODUCT_CONTEXT ( 'NONE', #1064, 'mechanical' ) ;
#855 = ORIENTED_EDGE ( 'NONE', *, *, #1070, .F. ) ;
#856 = CARTESIAN_POINT ( 'NONE',  ( 395.1332520958900400, 149.1081303693949800, 959.1727215888489600 ) ) ;
#857 = VECTOR ( 'NONE', #3538, 1000.000000000000200 ) ;
#858 = ORIENTED_EDGE ( 'NONE', *, *, #2182, .T. ) ;
#859 = PRESENTATION_LAYER_ASSIGNMENT (  '', '', ( #899 ) ) ;
#860 = FILL_AREA_STYLE ('',( #882 ) ) ;
#861 = LINE ( 'NONE', #3733, #1773 ) ;
#862 = DIRECTION ( 'NONE',  ( -1.188800042952668400E-015, 0.9993908270190954300, 0.03489949670250644400 ) ) ;
#863 = CARTESIAN_POINT ( 'NONE',  ( 394.9831461127953400, 165.7747970360619000, 959.7702814602395200 ) ) ;
#864 = VERTEX_POINT ( 'NONE', #4424 ) ;
#865 = EDGE_CURVE ( 'NONE', #3676, #481, #1862, .T. ) ;
#866 = CARTESIAN_POINT ( 'NONE',  ( 394.8317259090732100, 182.4999999999891100, 960.3686302440644300 ) ) ;
#867 = CARTESIAN_POINT ( 'NONE',  ( 299.9999999999972700, 138.4999999999892600, 662.5000000000012500 ) ) ;
#868 = FACE_OUTER_BOUND ( 'NONE', #877, .T. ) ;
#869 = DIRECTION ( 'NONE',  ( -0.6691306063588609000, 0.0000000000000000000, 0.7431448254773916900 ) ) ;
#870 = ORIENTED_EDGE ( 'NONE', *, *, #102, .F. ) ;
#871 = DIRECTION ( 'NONE',  ( -0.7413345620328573000, -0.06975647374412301300, -0.6675006378321576300 ) ) ;
#872 = APPLICATION_PROTOCOL_DEFINITION ( 'draft international standard', 'automotive_design', 1998, #1064 ) ;
#873 = CYLINDRICAL_SURFACE ( 'NONE', #3723, 8500.000000000001800 ) ;
#874 = DIRECTION ( 'NONE',  ( 0.0000000000000000000, -3.608224830031771400E-015, 1.000000000000000000 ) ) ;
#875 = DIRECTION ( 'NONE',  ( 0.0000000000000000000, 1.000000000000000000, 3.491483361109382100E-015 ) ) ;
#876 = DIRECTION ( 'NONE',  ( 0.0000000000000000000, 1.000000000000000000, 3.491483361109382100E-015 ) ) ;
#877 = EDGE_LOOP ( 'NONE', ( #2550, #2134, #4230, #2458 ) ) ;
#878 = CARTESIAN_POINT ( 'NONE',  ( 299.9999999999973300, 94.99999999998429700, 2080.000000000000900 ) ) ;
#880 = AXIS2_PLACEMENT_3D ( 'NONE', #2500, #2518, #2485 ) ;
#879 = FACE_OUTER_BOUND ( 'NONE', #3193, .T. ) ;
#881 = CARTESIAN_POINT ( 'NONE',  ( 315.2677708115305700, 132.4999999999877800, 1088.225499868927500 ) ) ;
#882 = FILL_AREA_STYLE_COLOUR ( '', #2225 ) ;
#883 = CARTESIAN_POINT ( 'NONE',  ( 297.7157241273842500, 177.4999999999876100, 1140.345653031796200 ) ) ;
#884 = EDGE_CURVE ( 'NONE', #4295, #481, #4018, .T. ) ;
#885 = ORIENTED_EDGE ( 'NONE', *, *, #64, .F. ) ;
#886 = PLANE ( 'NONE',  #2866 ) ;
#887 = FACE_OUTER_BOUND ( 'NONE', #2173, .T. ) ;
#888 = DIRECTION ( 'NONE',  ( 1.000000000000000000, 0.0000000000000000000, 0.0000000000000000000 ) ) ;
#889 = ORIENTED_EDGE ( 'NONE', *, *, #1027, .T. ) ;
#890 = DIRECTION ( 'NONE',  ( 0.04011804036957296300, 0.9991943951144460800, -0.001050527858601572100 ) ) ;
#891 = VECTOR ( 'NONE', #4668, 1000.000000000000100 ) ;
#892 = EDGE_CURVE ( 'NONE', #3083, #3035, #17, .T. ) ;
#893 = EDGE_CURVE ( 'NONE', #55, #2481, #1117, .T. ) ;
#894 = ORIENTED_EDGE ( 'NONE', *, *, #73, .T. ) ;
#895 = DIRECTION ( 'NONE',  ( 1.000000000000000000, -0.0000000000000000000, 0.0000000000000000000 ) ) ;
#896 = FACE_OUTER_BOUND ( 'NONE', #4600, .T. ) ;
#897 = CARTESIAN_POINT ( 'NONE',  ( 259.8945034386719000, -1.203204202937513400E-011, 1049.746112042484600 ) ) ;
#898 =( BOUNDED_CURVE ( )  B_SPLINE_CURVE ( 3, ( #1682, #1722, #1727, #1675 ),
 .UNSPECIFIED., .F., .T. ) 
 B_SPLINE_CURVE_WITH_KNOTS ( ( 4, 4 ),
 ( 4.515607301996335600, 4.539063133942630800 ),
 .UNSPECIFIED. ) 
 CURVE ( )  GEOMETRIC_REPRESENTATION_ITEM ( )  RATIONAL_B_SPLINE_CURVE ( ( 1.000000000000000000, 0.9999541525211497200, 0.9999541525211497200, 1.000000000000000000 ) ) 
 REPRESENTATION_ITEM ( '' )  );
#899 = STYLED_ITEM ( 'NONE', ( #3996 ), #2311 ) ;
#900 = CARTESIAN_POINT ( 'NONE',  ( 521.3976542219489800, -113.2927839200188100, 985.6094548327016600 ) ) ;
#901 = ORIENTED_EDGE ( 'NONE', *, *, #3070, .T. ) ;
#902 = EDGE_CURVE ( 'NONE', #2251, #738, #1386, .T. ) ;
#903 = CIRCLE ( 'NONE', #3819, 184.9999999999998300 ) ;
#904 = CIRCLE ( 'NONE', #4647, 19.62038896415219100 ) ;
#905 = ORIENTED_EDGE ( 'NONE', *, *, #2489, .F. ) ;
#906 = ORIENTED_EDGE ( 'NONE', *, *, #1701, .T. ) ;
#907 = DIRECTION ( 'NONE',  ( 0.0000000000000000000, 0.0000000000000000000, 1.000000000000000000 ) ) ;
#908 = EDGE_CURVE ( 'NONE', #590, #1322, #2702, .T. ) ;
#909 = DIRECTION ( 'NONE',  ( 0.0000000000000000000, 3.491483361109382500E-015, -1.000000000000000000 ) ) ;
#910 = ORIENTED_EDGE ( 'NONE', *, *, #1536, .T. ) ;
#911 = EDGE_LOOP ( 'NONE', ( #3177, #4267 ) ) ;
#912 = CARTESIAN_POINT ( 'NONE',  ( 260.2157750858431800, -76.72076680685246700, 1050.800260926083200 ) ) ;
#913 = FACE_OUTER_BOUND ( 'NONE', #3940, .T. ) ;
#914 = DIRECTION ( 'NONE',  ( 0.0000000000000000000, 3.101181633031158700E-015, -1.000000000000000000 ) ) ;
#915 = EDGE_CURVE ( 'NONE', #1116, #250, #3438, .T. ) ;
#916 = ORIENTED_EDGE ( 'NONE', *, *, #1590, .T. ) ;
#917 = DIRECTION ( 'NONE',  ( 1.224606353822377300E-016, -1.000000000000000000, -3.491483361109382500E-015 ) ) ;
#918 = DIRECTION ( 'NONE',  ( 0.0000000000000000000, 3.469446951953611000E-015, -1.000000000000000000 ) ) ;
#919 = CARTESIAN_POINT ( 'NONE',  ( 376.6035989024429700, -148.0000000000157700, 2099.310324575024400 ) ) ;
#920 = VERTEX_POINT ( 'NONE', #4252 ) ;
#921 = DIRECTION ( 'NONE',  ( 0.0000000000000000000, -1.000000000000000000, -3.491483361109382100E-015 ) ) ;
#922 = CARTESIAN_POINT ( 'NONE',  ( 481.4031960335339600, -48.50000000001162400, 911.3333333333341700 ) ) ;
#923 =( NAMED_UNIT ( * ) SI_UNIT ( $, .STERADIAN. ) SOLID_ANGLE_UNIT ( ) );
#924 = AXIS2_PLACEMENT_3D ( 'NONE', #927, #839, #4225 ) ;
#925 = LINE ( 'NONE', #2096, #2908 ) ;
#926 = ORIENTED_EDGE ( 'NONE', *, *, #1594, .F. ) ;
#927 = CARTESIAN_POINT ( 'NONE',  ( 430.2952734252476100, 132.4999999999878900, 1055.718872442063000 ) ) ;
#928 = CARTESIAN_POINT ( 'NONE',  ( 260.1764384182915300, -76.71873278172017800, 1049.738729315220600 ) ) ;
#929 = VECTOR ( 'NONE', #714, 1000.000000000000000 ) ;
#930 = ORIENTED_EDGE ( 'NONE', *, *, #1826, .T. ) ;
#931 = AXIS2_PLACEMENT_3D ( 'NONE', #4682, #4398, #4342 ) ;
#932 = DIRECTION ( 'NONE',  ( -0.0000000000000000000, -1.000000000000000000, -3.491483361109382100E-015 ) ) ;
#933 = EDGE_CURVE ( 'NONE', #1697, #4275, #1250, .T. ) ;
#934 = PLANE ( 'NONE',  #2953 ) ;
#935 = VERTEX_POINT ( 'NONE', #4272 ) ;
#936 = DIRECTION ( 'NONE',  ( 0.0000000000000000000, 1.000000000000000000, 3.491483361109382100E-015 ) ) ;
#937 = CARTESIAN_POINT ( 'NONE',  ( 293.9999999999972700, 185.4999999999876100, 1137.000000000001600 ) ) ;
#938 = DIRECTION ( 'NONE',  ( 0.03367423364548458700, -0.9993869806673998400, 0.009576474345366814800 ) ) ;
#939 = CARTESIAN_POINT ( 'NONE',  ( 398.9621298459069900, 157.4999999999881500, 991.9344605348128400 ) ) ;
#940 = EDGE_CURVE ( 'NONE', #2863, #3134, #2488, .T. ) ;
#941 = VECTOR ( 'NONE', #265, 1000.000000000000100 ) ;
#942 = DIRECTION ( 'NONE',  ( 0.0000000000000000000, -3.431598439750482400E-015, 1.000000000000000000 ) ) ;
#943 = CARTESIAN_POINT ( 'NONE',  ( 260.2275131006896300, -76.72038485627722100, 1051.331267891165000 ) ) ;
#944 = ORIENTED_EDGE ( 'NONE', *, *, #4664, .F. ) ;
#945 = LINE ( 'NONE', #1210, #3052 ) ;
#946 = ORIENTED_EDGE ( 'NONE', *, *, #1761, .T. ) ;
#948 = FACE_OUTER_BOUND ( 'NONE', #2581, .T. ) ;
#947 = CARTESIAN_POINT ( 'NONE',  ( 234.9030703142830100, 32.23917152085945000, 1050.400535750181200 ) ) ;
#949 = CARTESIAN_POINT ( 'NONE',  ( 99.99999999999727200, 32.49999999998483700, 1827.000000000001100 ) ) ;
#950 = DIRECTION ( 'NONE',  ( 0.0000000000000000000, 1.000000000000000000, 3.491483361109382100E-015 ) ) ;
#951 = EDGE_CURVE ( 'NONE', #4295, #2529, #4152, .T. ) ;
#952 = CARTESIAN_POINT ( 'NONE',  ( 436.6315433659448200, 182.4999999999882000, 967.9363974391371800 ) ) ;
#953 = ORIENTED_EDGE ( 'NONE', *, *, #3242, .F. ) ;
#954 = LINE ( 'NONE', #4140, #3337 ) ;
#955 =( LENGTH_UNIT ( ) NAMED_UNIT ( * ) SI_UNIT ( .MILLI., .METRE. ) );
#956 =( BOUNDED_SURFACE ( )  B_SPLINE_SURFACE ( 3, 3, ( 
 ( #1267, #1217, #1199, #1198, #1194, #1193, #1185 ),
 ( #1182, #1175, #1173, #1167, #1163, #1161, #1154 ),
 ( #1149, #1142, #1140, #1136, #385, #1130, #1124 ),
 ( #1123, #1119, #1118, #1115, #1109, #1103, #1102 ) ),
 .UNSPECIFIED., .F., .F., .T. ) 
 B_SPLINE_SURFACE_WITH_KNOTS ( ( 4, 4 ),
 ( 4, 3, 4 ),
 ( 0.2442755774218314200, 0.4244073745598741500 ),
 ( 0.0000000000000000000, 0.5000000000000000000, 1.000000000000000000 ),
 .UNSPECIFIED. ) 
 GEOMETRIC_REPRESENTATION_ITEM ( )  RATIONAL_B_SPLINE_SURFACE ( (
 ( 0.5002621521108275800, 0.5002621521108277000, 0.5002621521108277000, 0.5002621521108277000, 0.5002621521108277000, 0.5002621521108277000, 0.5002621521108277000),
 ( 0.4947626826357178200, 0.4947626826357178800, 0.4947626826357180400, 0.4947626826357181000, 0.4947626826357182700, 0.4947626826357183200, 0.4947626826357184900),
 ( 0.5757897847344241000, 0.5757897847344239900, 0.5757897847344239900, 0.5757897847344238800, 0.5757897847344237700, 0.5757897847344236600, 0.5757897847344236600),
 ( 0.7433434584069459300, 0.7433434584069459300, 0.7433434584069459300, 0.7433434584069459300, 0.7433434584069460400, 0.7433434584069460400, 0.7433434584069460400) ) ) 
 REPRESENTATION_ITEM ( '' )  SURFACE ( )  );
#957 = DIRECTION ( 'NONE',  ( -0.0000000000000000000, -1.000000000000000000, -2.121943836052914800E-015 ) ) ;
#958 = EDGE_CURVE ( 'NONE', #3562, #864, #2041, .T. ) ;
#959 = VERTEX_POINT ( 'NONE', #4253 ) ;
#960 = AXIS2_PLACEMENT_3D ( 'NONE', #2220, #331, #2640 ) ;
#961 = VECTOR ( 'NONE', #2923, 1000.000000000000100 ) ;
#962 = CARTESIAN_POINT ( 'NONE',  ( 260.1987496288837200, -76.72021609712817300, 1050.269397184833700 ) ) ;
#963 = CARTESIAN_POINT ( 'NONE',  ( 357.9999999999972700, 44.49999999998577500, 1950.000000000001800 ) ) ;
#964 = ORIENTED_EDGE ( 'NONE', *, *, #2571, .T. ) ;
#965 = FACE_OUTER_BOUND ( 'NONE', #1205, .T. ) ;
#966 = CARTESIAN_POINT ( 'NONE',  ( -8237.696528343014500, -132.5000000000127600, 1239.179573321616100 ) ) ;
#967 = EDGE_CURVE ( 'NONE', #3736, #3621, #2759, .T. ) ;
#968 = DIRECTION ( 'NONE',  ( -0.0000000000000000000, 1.000000000000000000, 3.491483361109382100E-015 ) ) ;
#969 = VERTEX_POINT ( 'NONE', #4238 ) ;
#970 = VERTEX_POINT ( 'NONE', #4172 ) ;
#971 = CARTESIAN_POINT ( 'NONE',  ( 241.9266815805071600, -142.8356315729840300, 1828.541839956025600 ) ) ;
#972 = DIRECTION ( 'NONE',  ( -0.0000000000000000000, -1.000000000000000000, -3.491483361109382900E-015 ) ) ;
#973 = SURFACE_STYLE_USAGE ( .BOTH. , #1005 ) ;
#974 = VERTEX_POINT ( 'NONE', #4164 ) ;
#975 = VERTEX_POINT ( 'NONE', #4182 ) ;
#976 = CARTESIAN_POINT ( 'NONE',  ( 299.9999999999972700, 148.9999999999887700, 800.0000000000012500 ) ) ;
#977 = CARTESIAN_POINT ( 'NONE',  ( 299.9999999999972100, 138.4999999999888000, 847.9396745999873700 ) ) ;
#978 = ORIENTED_EDGE ( 'NONE', *, *, #1564, .F. ) ;
#979 = DIRECTION ( 'NONE',  ( 0.0000000000000000000, -3.513364001978493200E-015, 1.000000000000000000 ) ) ;
#980 = VECTOR ( 'NONE', #3659, 1000.000000000000000 ) ;
#981 = DIRECTION ( 'NONE',  ( 0.0000000000000000000, -3.490671803894976700E-015, 1.000000000000000000 ) ) ;
#982 = VERTEX_POINT ( 'NONE', #4144 ) ;
#983 = EDGE_CURVE ( 'NONE', #2481, #2473, #2373, .T. ) ;
#984 = DIRECTION ( 'NONE',  ( -0.0000000000000000000, 1.000000000000000000, 3.491483361109382100E-015 ) ) ;
#985 = DIRECTION ( 'NONE',  ( -0.0000000000000000000, -1.000000000000000000, -3.491483361109382100E-015 ) ) ;
#986 = VECTOR ( 'NONE', #2973, 1000.000000000000000 ) ;
#987 = CARTESIAN_POINT ( 'NONE',  ( 340.2760325083133400, 157.4999999999877800, 1083.075597146539600 ) ) ;
#988 = ORIENTED_EDGE ( 'NONE', *, *, #2632, .F. ) ;
#989 = DIRECTION ( 'NONE',  ( 0.0000000000000000000, -3.330669073875481500E-015, 1.000000000000000000 ) ) ;
#990 =( NAMED_UNIT ( * ) PLANE_ANGLE_UNIT ( ) SI_UNIT ( $, .RADIAN. ) );
#991 = FACE_OUTER_BOUND ( 'NONE', #3514, .T. ) ;
#992 = VERTEX_POINT ( 'NONE', #4155 ) ;
#993 = EDGE_CURVE ( 'NONE', #3140, #2529, #1324, .T. ) ;
#994 = DIRECTION ( 'NONE',  ( 0.0000000000000000000, 1.000000000000000000, 3.491483361109382100E-015 ) ) ;
#995 = FACE_OUTER_BOUND ( 'NONE', #410, .T. ) ;
#996 = AXIS2_PLACEMENT_3D ( 'NONE', #3629, #2197, #2203 ) ;
#997 = CARTESIAN_POINT ( 'NONE',  ( 299.9999999999972700, 147.9999999999843400, 2080.000000000001400 ) ) ;
#998 = EDGE_CURVE ( 'NONE', #2390, #843, #1192, .T. ) ;
#999 = CARTESIAN_POINT ( 'NONE',  ( 211.2077342562157600, 47.39250761750644600, 1850.262536643052000 ) ) ;
#1000 = DIRECTION ( 'NONE',  ( 0.0000000000000000000, 1.000000000000000000, 3.491483361109382100E-015 ) ) ;
#1001 = DIRECTION ( 'NONE',  ( -0.03003401431717321300, 0.9993150019883699800, -0.02162139646229768700 ) ) ;
#1002 = ORIENTED_EDGE ( 'NONE', *, *, #4378, .T. ) ;
#1003 = DIRECTION ( 'NONE',  ( 0.0000000000000000000, -3.513364001978493200E-015, 1.000000000000000000 ) ) ;
#1004 = LINE ( 'NONE', #767, #1110 ) ;
#1005 = SURFACE_SIDE_STYLE ('',( #1578 ) ) ;
#1006 = VERTEX_POINT ( 'NONE', #4122 ) ;
#1007 = CARTESIAN_POINT ( 'NONE',  ( 299.9999999999972700, 105.4999999999885200, 869.9999999999984100 ) ) ;
#1008 = VECTOR ( 'NONE', #1555, 1000.000000000000200 ) ;
#1009 = DIRECTION ( 'NONE',  ( -0.0000000000000000000, -1.000000000000000000, -3.491483361109382100E-015 ) ) ;
#1010 = ORIENTED_EDGE ( 'NONE', *, *, #3520, .T. ) ;
#1011 = CIRCLE ( 'NONE', #4497, 68.50000000000000000 ) ;
#1012 = DIRECTION ( 'NONE',  ( 1.000000000000000000, 0.0000000000000000000, 0.0000000000000000000 ) ) ;
#1013 = EDGE_LOOP ( 'NONE', ( #20, #2823, #3277, #3910, #174, #722, #2242, #774, #1081, #1481 ) ) ;
#1014 = LINE ( 'NONE', #4540, #837 ) ;
#1015 = DIRECTION ( 'NONE',  ( 0.0000000000000000000, 1.000000000000000000, 3.491483361109382100E-015 ) ) ;
#1016 = EDGE_CURVE ( 'NONE', #4518, #3299, #3720, .T. ) ;
#1017 =( BOUNDED_CURVE ( )  B_SPLINE_CURVE ( 3, ( #1790, #1807, #1720, #1758 ),
 .UNSPECIFIED., .F., .F. ) 
 B_SPLINE_CURVE_WITH_KNOTS ( ( 4, 4 ),
 ( 6.279106968362183800, 6.299024264820500800 ),
 .UNSPECIFIED. ) 
 CURVE ( )  GEOMETRIC_REPRESENTATION_ITEM ( )  RATIONAL_B_SPLINE_CURVE ( ( 1.000000000000000000, 0.9999669420483599000, 0.9999669420483599000, 1.000000000000000000 ) ) 
 REPRESENTATION_ITEM ( '' )  );
#1018 = CARTESIAN_POINT ( 'NONE',  ( 299.9999999999972700, -132.5000000000156900, 2080.000000000000500 ) ) ;
#1019 = ORIENTED_EDGE ( 'NONE', *, *, #2454, .F. ) ;
#1020 = FILL_AREA_STYLE ('',( #1145 ) ) ;
#1021 = VECTOR ( 'NONE', #2195, 1000.000000000000000 ) ;
#1022 = DIRECTION ( 'NONE',  ( -0.02709970444846410100, 0.9996327355678212800, 0.0000000000000000000 ) ) ;
#1023 = AXIS2_PLACEMENT_3D ( 'NONE', #4067, #4222, #4181 ) ;
#1024 = VERTEX_POINT ( 'NONE', #4101 ) ;
#1025 = ORIENTED_EDGE ( 'NONE', *, *, #3593, .T. ) ;
#1026 = CARTESIAN_POINT ( 'NONE',  ( 299.9999999999973300, -95.00000000001568900, 2080.000000000000500 ) ) ;
#1027 = EDGE_CURVE ( 'NONE', #2473, #3236, #954, .T. ) ;
#1028 = CARTESIAN_POINT ( 'NONE',  ( 489.1428031937746300, 132.4999999999889700, 735.0000000000014800 ) ) ;
#1029 = ORIENTED_EDGE ( 'NONE', *, *, #2683, .T. ) ;
#1030 = ORIENTED_EDGE ( 'NONE', *, *, #635, .F. ) ;
#1031 = ORIENTED_EDGE ( 'NONE', *, *, #650, .T. ) ;
#1032 = DIRECTION ( 'NONE',  ( 0.0000000000000000000, 3.245989808722221800E-015, -1.000000000000000000 ) ) ;
#1033 =( NAMED_UNIT ( * ) SI_UNIT ( $, .STERADIAN. ) SOLID_ANGLE_UNIT ( ) );
#1034 =( NAMED_UNIT ( * ) PLANE_ANGLE_UNIT ( ) SI_UNIT ( $, .RADIAN. ) );
#1035 = CIRCLE ( 'NONE', #2598, 4783.737077154221000 ) ;
#1036 = ORIENTED_EDGE ( 'NONE', *, *, #1387, .F. ) ;
#1037 =( LENGTH_UNIT ( ) NAMED_UNIT ( * ) SI_UNIT ( .MILLI., .METRE. ) );
#1038 = CARTESIAN_POINT ( 'NONE',  ( 211.2077342562157600, 47.39250761750644600, 1850.262536643052000 ) ) ;
#1039 = VECTOR ( 'NONE', #3272, 1000.000000000000200 ) ;
#1040 = ORIENTED_EDGE ( 'NONE', *, *, #1681, .F. ) ;
#1041 = DIRECTION ( 'NONE',  ( -1.183291357831513500E-029, -1.000000000000000000, -3.330669073875457800E-015 ) ) ;
#1042 = UNCERTAINTY_MEASURE_WITH_UNIT (LENGTH_MEASURE( 1.000000000000000100E-005 ), #2669, 'distance_accuracy_value', 'NONE');
#1043 = SURFACE_STYLE_USAGE ( .BOTH. , #1049 ) ;
#1044 = VECTOR ( 'NONE', #771, 1000.000000000000000 ) ;
#1045 = EDGE_CURVE ( 'NONE', #3299, #1916, #3222, .T. ) ;
#1046 = ORIENTED_EDGE ( 'NONE', *, *, #3883, .F. ) ;
#1047 = DIRECTION ( 'NONE',  ( -0.2588190451025247900, 0.0000000000000000000, -0.9659258262890672000 ) ) ;
#1048 = FACE_OUTER_BOUND ( 'NONE', #4150, .T. ) ;
#1049 = SURFACE_SIDE_STYLE ('',( #2932 ) ) ;
#1050 = AXIS2_PLACEMENT_3D ( 'NONE', #54, #21, #15 ) ;
#1051 = EDGE_CURVE ( 'NONE', #1916, #3464, #71, .T. ) ;
#1052 = CARTESIAN_POINT ( 'NONE',  ( 299.9999999999973300, -148.0000000000156900, 2080.000000000000000 ) ) ;
#1053 = ORIENTED_EDGE ( 'NONE', *, *, #4263, .F. ) ;
#1054 = CARTESIAN_POINT ( 'NONE',  ( 299.9999999999972700, -95.00000000001567500, 2080.000000000000500 ) ) ;
#1055 = CYLINDRICAL_SURFACE ( 'NONE', #1641, 499.9999999999999400 ) ;
#1056 = PLANE ( 'NONE',  #924 ) ;
#1057 = ORIENTED_EDGE ( 'NONE', *, *, #1232, .T. ) ;
#1058 = FACE_BOUND ( 'NONE', #1527, .T. ) ;
#1059 = FACE_OUTER_BOUND ( 'NONE', #2709, .T. ) ;
#1060 = CARTESIAN_POINT ( 'NONE',  ( 339.5246674668246100, 132.4999999999878100, 1082.534691715837400 ) ) ;
#1061 = FILL_AREA_STYLE ('',( #1066 ) ) ;
#1062 = ORIENTED_EDGE ( 'NONE', *, *, #1701, .F. ) ;
#1063 = VECTOR ( 'NONE', #1618, 1000.000000000000100 ) ;
#1064 = APPLICATION_CONTEXT ( 'automotive_design' ) ;
#1065 = CARTESIAN_POINT ( 'NONE',  ( 405.1516058998458900, 182.4999999999884300, 977.5437947730267800 ) ) ;
#1066 = FILL_AREA_STYLE_COLOUR ( '', #1854 ) ;
#1067 = ORIENTED_EDGE ( 'NONE', *, *, #1471, .F. ) ;
#1068 = EDGE_CURVE ( 'NONE', #4026, #2505, #3911, .T. ) ;
#1069 = ORIENTED_EDGE ( 'NONE', *, *, #3539, .F. ) ;
#1070 = EDGE_CURVE ( 'NONE', #3988, #974, #4509, .T. ) ;
#1071 = CARTESIAN_POINT ( 'NONE',  ( 299.9999999999973300, -198.0000000000158000, 2080.000000000000000 ) ) ;
#1072 = EDGE_LOOP ( 'NONE', ( #4429, #3622, #2469, #3088, #3310, #317 ) ) ;
#1073 = CARTESIAN_POINT ( 'NONE',  ( 297.9999999999972700, 182.4999999999875800, 1154.000000000001600 ) ) ;
#1074 = LINE ( 'NONE', #139, #1853 ) ;
#1075 = EDGE_LOOP ( 'NONE', ( #1046, #299, #2279, #258 ) ) ;
#1076 = AXIS2_PLACEMENT_3D ( 'NONE', #492, #259, #3598 ) ;
#1077 = DIRECTION ( 'NONE',  ( 0.0000000000000000000, 3.497202527569243500E-015, -1.000000000000000000 ) ) ;
#1078 = FACE_OUTER_BOUND ( 'NONE', #3860, .T. ) ;
#1079 =( NAMED_UNIT ( * ) SI_UNIT ( $, .STERADIAN. ) SOLID_ANGLE_UNIT ( ) );
#1080 = ORIENTED_EDGE ( 'NONE', *, *, #1747, .T. ) ;
#1081 = ORIENTED_EDGE ( 'NONE', *, *, #3334, .F. ) ;
#1082 = DIRECTION ( 'NONE',  ( -0.0000000000000000000, 1.000000000000000000, 3.491483361109382100E-015 ) ) ;
#1083 = CARTESIAN_POINT ( 'NONE',  ( 260.2275131006895800, 7.255251579007141200, 1051.331267891164800 ) ) ;
#1084 = ORIENTED_EDGE ( 'NONE', *, *, #2208, .T. ) ;
#1085 = EDGE_CURVE ( 'NONE', #632, #2502, #3435, .T. ) ;
#1086 = CARTESIAN_POINT ( 'NONE',  ( 745.5189084080598100, -82.50000000000999000, 433.3367999772984300 ) ) ;
#1087 = ORIENTED_EDGE ( 'NONE', *, *, #2358, .F. ) ;
#1088 = VECTOR ( 'NONE', #3924, 1000.000000000000100 ) ;
#1089 = VERTEX_POINT ( 'NONE', #4024 ) ;
#1090 = CARTESIAN_POINT ( 'NONE',  ( 260.1987496955137500, 7.231399912125514400, 1050.269398769616100 ) ) ;
#1091 = AXIS2_PLACEMENT_3D ( 'NONE', #4068, #4030, #4008 ) ;
#1092 = LINE ( 'NONE', #56, #3984 ) ;
#1093 = VERTEX_POINT ( 'NONE', #3991 ) ;
#1094 = CARTESIAN_POINT ( 'NONE',  ( 357.9999999999972700, 44.49999999998832600, 600.0000000000013600 ) ) ;
#1095 = CARTESIAN_POINT ( 'NONE',  ( 299.9999999999972700, 109.9999999999843400, 2080.000000000001400 ) ) ;
#1096 = CONICAL_SURFACE ( 'NONE', #3347, 62.50000000000000000, 0.1745329251994307000 ) ;
#1097 = ORIENTED_EDGE ( 'NONE', *, *, #1127, .F. ) ;
#1098 = CIRCLE ( 'NONE', #713, 49.99999999999982200 ) ;
#1099 = EDGE_CURVE ( 'NONE', #3464, #4518, #4257, .T. ) ;
#1100 = VECTOR ( 'NONE', #4326, 1000.000000000000000 ) ;
#1101 = CARTESIAN_POINT ( 'NONE',  ( 299.9999999999972700, -132.5000000000159700, 2158.999999999997300 ) ) ;
#1102 = CARTESIAN_POINT ( 'NONE',  ( 189.9652303555735400, -132.5000000000122200, 1095.156483020954300 ) ) ;
#1103 = CARTESIAN_POINT ( 'NONE',  ( 201.4004590251075200, -124.1666666666788600, 1087.054455987604800 ) ) ;
#1104 = CONICAL_SURFACE ( 'NONE', #931, 20.00000000000001800, 0.02617993877991174300 ) ;
#1105 =( NAMED_UNIT ( * ) PLANE_ANGLE_UNIT ( ) SI_UNIT ( $, .RADIAN. ) );
#1106 = EDGE_CURVE ( 'NONE', #250, #2000, #1440, .T. ) ;
#1107 = ORIENTED_EDGE ( 'NONE', *, *, #3305, .F. ) ;
#1108 = EDGE_CURVE ( 'NONE', #452, #3925, #3125, .T. ) ;
#1109 = CARTESIAN_POINT ( 'NONE',  ( 212.8356876946414800, -115.8333333333454900, 1078.952428954255100 ) ) ;
#1110 = VECTOR ( 'NONE', #761, 1000.000000000000100 ) ;
#1111 = CARTESIAN_POINT ( 'NONE',  ( -3968.848264171508200, 132.4999999999875500, 1156.620388964153600 ) ) ;
#1112 = EDGE_LOOP ( 'NONE', ( #31, #199, #466, #3306 ) ) ;
#1113 = DIRECTION ( 'NONE',  ( 0.0000000000000000000, 1.000000000000000000, 3.491483361109382100E-015 ) ) ;
#1114 = VECTOR ( 'NONE', #1668, 1000.000000000000100 ) ;
#1115 = CARTESIAN_POINT ( 'NONE',  ( 224.2709163641754600, -107.5000000000121800, 1070.850401920905800 ) ) ;
#1116 = VERTEX_POINT ( 'NONE', #3974 ) ;
#1117 = LINE ( 'NONE', #4304, #718 ) ;
#1118 = CARTESIAN_POINT ( 'NONE',  ( 235.7061450337094500, -99.16666666667882200, 1062.748374887556600 ) ) ;
#1119 = CARTESIAN_POINT ( 'NONE',  ( 247.1413737032434000, -90.83333333334545000, 1054.646347854206900 ) ) ;
#1120 = ORIENTED_EDGE ( 'NONE', *, *, #102, .T. ) ;
#1121 =( LENGTH_UNIT ( ) NAMED_UNIT ( * ) SI_UNIT ( .MILLI., .METRE. ) );
#1122 = VECTOR ( 'NONE', #3705, 1000.000000000000000 ) ;
#1123 = CARTESIAN_POINT ( 'NONE',  ( 258.5766023727774200, -82.50000000001209300, 1046.544320820856900 ) ) ;
#1124 = CARTESIAN_POINT ( 'NONE',  ( 313.0820787450282400, -132.5000000000124200, 1141.054624621047200 ) ) ;
#1125 = ORIENTED_EDGE ( 'NONE', *, *, #4247, .F. ) ;
#1126 = VECTOR ( 'NONE', #470, 999.9999999999998900 ) ;
#1127 = EDGE_CURVE ( 'NONE', #3925, #60, #2627, .T. ) ;
#1128 = DIRECTION ( 'NONE',  ( -0.8433914458128869400, 0.0000000000000000000, 0.5372996083468218900 ) ) ;
#1129 = VERTEX_POINT ( 'NONE', #4046 ) ;
#1130 = CARTESIAN_POINT ( 'NONE',  ( 321.1377576120211200, -124.1666666666790300, 1128.182689435939900 ) ) ;
#1131 = VERTEX_POINT ( 'NONE', #3922 ) ;
#1132 = ADVANCED_FACE ( 'NONE', ( #241 ), #2770, .T. ) ;
#1133 = ORIENTED_EDGE ( 'NONE', *, *, #3791, .F. ) ;
#1134 = CARTESIAN_POINT ( 'NONE',  ( 521.3809676350404100, -132.5000000000116000, 910.0000000000003400 ) ) ;
#1135 = EDGE_LOOP ( 'NONE', ( #354, #1057, #2891, #2110 ) ) ;
#1136 = CARTESIAN_POINT ( 'NONE',  ( 337.2491153460070400, -107.5000000000122200, 1102.438819065725300 ) ) ;
#1137 = EDGE_CURVE ( 'NONE', #974, #55, #4558, .T. ) ;
#1138 = ORIENTED_EDGE ( 'NONE', *, *, #2402, .T. ) ;
#1139 = DIRECTION ( 'NONE',  ( 8.728708402773577400E-016, -1.000000000000000000, -2.338850367489974100E-016 ) ) ;
#1140 = CARTESIAN_POINT ( 'NONE',  ( 345.3047942129999800, -99.16666666667883600, 1089.566883880618000 ) ) ;
#1141 = AXIS2_PLACEMENT_3D ( 'NONE', #104, #69, #68 ) ;
#1142 = CARTESIAN_POINT ( 'NONE',  ( 353.3604730799929700, -90.83333333334547900, 1076.694948695510700 ) ) ;
#1143 = EDGE_CURVE ( 'NONE', #3182, #1500, #3391, .T. ) ;
#1144 = CIRCLE ( 'NONE', #2592, 8500.000000000001800 ) ;
#1145 = FILL_AREA_STYLE_COLOUR ( '', #2659 ) ;
#1146 = VERTEX_POINT ( 'NONE', #3909 ) ;
#1147 = DIRECTION ( 'NONE',  ( -0.5371154891903986400, -0.02617694830787031800, -0.8431024366285783100 ) ) ;
#1148 = ADVANCED_FACE ( 'NONE', ( #3658 ), #563, .T. ) ;
#1149 = CARTESIAN_POINT ( 'NONE',  ( 361.4161519469858500, -82.50000000001206500, 1063.823013510403600 ) ) ;
#1150 = VECTOR ( 'NONE', #254, 1000.000000000000000 ) ;
#1151 = ORIENTED_EDGE ( 'NONE', *, *, #2038, .T. ) ;
#1152 = CARTESIAN_POINT ( 'NONE',  ( 250.7069475202323800, -76.40310002823108000, 1833.212738221600800 ) ) ;
#1153 = LINE ( 'NONE', #949, #4039 ) ;
#1154 = CARTESIAN_POINT ( 'NONE',  ( 453.9681768097594800, -132.5000000000123900, 1114.485303383067000 ) ) ;
#1155 = DIRECTION ( 'NONE',  ( 0.005552112817139376700, 0.9993869806674000600, -0.03456641311683091000 ) ) ;
#1156 = ORIENTED_EDGE ( 'NONE', *, *, #1137, .F. ) ;
#1157 = CARTESIAN_POINT ( 'NONE',  ( 261.3612424328211400, -132.5000000000123400, 1112.621250739078700 ) ) ;
#1158 = B_SPLINE_CURVE_WITH_KNOTS ( 'NONE', 3,
 ( #4618, #4640, #4648, #4609 ),
 .UNSPECIFIED., .F., .F.,
 ( 4, 4 ),
 ( 1.082467449009527600E-015, 0.005003125534751055700 ),
 .UNSPECIFIED. ) ;
#1159 = DIRECTION ( 'NONE',  ( 0.0000000000000000000, 3.101181633031158700E-015, -1.000000000000000000 ) ) ;
#1160 = CIRCLE ( 'NONE', #3523, 59.85509528937305400 ) ;
#1161 = CARTESIAN_POINT ( 'NONE',  ( 456.1768115550532300, -124.1666666666789900, 1099.064139978176600 ) ) ;
#1162 = ADVANCED_FACE ( 'NONE', ( #187 ), #454, .T. ) ;
#1163 = CARTESIAN_POINT ( 'NONE',  ( 458.3854463003473300, -115.8333333333456100, 1083.642976573287300 ) ) ;
#1164 = CARTESIAN_POINT ( 'NONE',  ( 260.8431223806861700, -76.69227716642119200, 1080.930018189818800 ) ) ;
#1165 = CARTESIAN_POINT ( 'NONE',  ( 261.0825167876396300, -1.226176572912017700E-011, 1095.114511463872100 ) ) ;
#1166 = FACE_OUTER_BOUND ( 'NONE', #2544, .T. ) ;
#1167 = CARTESIAN_POINT ( 'NONE',  ( 460.5940810456411900, -107.5000000000121900, 1068.221813168396900 ) ) ;
#1168 = FACE_BOUND ( 'NONE', #3367, .T. ) ;
#1169 = EDGE_CURVE ( 'NONE', #3592, #4539, #2572, .T. ) ;
#1170 = ORIENTED_EDGE ( 'NONE', *, *, #742, .T. ) ;
#1171 = FACE_OUTER_BOUND ( 'NONE', #1112, .T. ) ;
#1172 = DIRECTION ( 'NONE',  ( -0.0000000000000000000, -1.000000000000000000, -3.491483361109382100E-015 ) ) ;
#1173 = CARTESIAN_POINT ( 'NONE',  ( 462.8027157909352200, -99.16666666667887900, 1052.800649763508800 ) ) ;
#1174 = ORIENTED_EDGE ( 'NONE', *, *, #3184, .T. ) ;
#1175 = CARTESIAN_POINT ( 'NONE',  ( 465.0113505362288600, -90.83333333334543600, 1037.379486358617700 ) ) ;
#1176 = ADVANCED_FACE ( 'NONE', ( #2511 ), #3903, .F. ) ;
#1177 = CARTESIAN_POINT ( 'NONE',  ( 261.0325824654600500, -117.5380381999427600, 1091.842221998553400 ) ) ;
#1178 = AXIS2_PLACEMENT_3D ( 'NONE', #35, #29, #26 ) ;
#1179 = FACE_OUTER_BOUND ( 'NONE', #911, .T. ) ;
#1180 = EDGE_CURVE ( 'NONE', #3369, #416, #3892, .T. ) ;
#1181 = PLANE ( 'NONE',  #476 ) ;
#1182 = CARTESIAN_POINT ( 'NONE',  ( 467.2199852815227800, -82.50000000001207900, 1021.958322953728400 ) ) ;
#1183 = VERTEX_POINT ( 'NONE', #3867 ) ;
#1184 = FACE_OUTER_BOUND ( 'NONE', #4514, .T. ) ;
#1185 = CARTESIAN_POINT ( 'NONE',  ( 548.1537248961097900, -132.5000000000119700, 994.0224956549749300 ) ) ;
#1186 = CARTESIAN_POINT ( 'NONE',  ( 261.2059814818936200, -125.0710117334625800, 1102.194660337505600 ) ) ;
#1187 = ORIENTED_EDGE ( 'NONE', *, *, #574, .T. ) ;
#1188 = ORIENTED_EDGE ( 'NONE', *, *, #3250, .T. ) ;
#1189 = ADVANCED_FACE ( 'NONE', ( #2184 ), #3851, .F. ) ;
#1190 = ORIENTED_EDGE ( 'NONE', *, *, #2774, .F. ) ;
#1191 = CARTESIAN_POINT ( 'NONE',  ( 293.9999999999972700, 182.4999999999876100, 1137.000000000001600 ) ) ;
#1192 = LINE ( 'NONE', #4160, #2122 ) ;
#1193 = CARTESIAN_POINT ( 'NONE',  ( 543.8828037168569800, -124.1666666666785100, 980.6745921096883200 ) ) ;
#1194 = CARTESIAN_POINT ( 'NONE',  ( 539.6118825376040600, -115.8333333333451500, 967.3266885644021600 ) ) ;
#1195 = ORIENTED_EDGE ( 'NONE', *, *, #2771, .T. ) ;
#1196 = ADVANCED_FACE ( 'NONE', ( #566 ), #3817, .T. ) ;
#1197 = CARTESIAN_POINT ( 'NONE',  ( 281.9999999999968700, 496.3703305156061600, 1950.000000000001600 ) ) ;
#1198 = CARTESIAN_POINT ( 'NONE',  ( 535.3409613583512500, -107.5000000000117800, 953.9787850191155500 ) ) ;
#1199 = CARTESIAN_POINT ( 'NONE',  ( 531.0700401790982100, -99.16666666667838100, 940.6308814738296200 ) ) ;
#1200 = ORIENTED_EDGE ( 'NONE', *, *, #732, .F. ) ;
#1201 = ORIENTED_EDGE ( 'NONE', *, *, #434, .T. ) ;
#1202 = CARTESIAN_POINT ( 'NONE',  ( 260.6489536545051900, -102.1204071493558700, 1071.401220343370600 ) ) ;
#1203 = EDGE_CURVE ( 'NONE', #60, #1146, #4358, .T. ) ;
#1204 = ADVANCED_FACE ( 'NONE', ( #2695 ), #3773, .T. ) ;
#1205 = EDGE_LOOP ( 'NONE', ( #1431, #243, #2445, #2255, #3865, #1201, #617, #1491, #4556 ) ) ;
#1206 = CARTESIAN_POINT ( 'NONE',  ( 438.5773502691896500, 185.4999999999894800, 1077.986012836122000 ) ) ;
#1207 = EDGE_CURVE ( 'NONE', #1729, #3978, #4598, .T. ) ;
#1208 = ORIENTED_EDGE ( 'NONE', *, *, #1203, .F. ) ;
#1209 = DIRECTION ( 'NONE',  ( 0.0000000000000000000, -3.491483361109382500E-015, 1.000000000000000000 ) ) ;
#1210 = CARTESIAN_POINT ( 'NONE',  ( 441.4226497308104100, 185.4999999999887700, 800.0000000000017100 ) ) ;
#1211 = EDGE_CURVE ( 'NONE', #3236, #4324, #2507, .T. ) ;
#1212 = VECTOR ( 'NONE', #4052, 1000.000000000000000 ) ;
#1213 = FACE_OUTER_BOUND ( 'NONE', #2715, .T. ) ;
#1214 = ORIENTED_EDGE ( 'NONE', *, *, #108, .T. ) ;
#1215 = CARTESIAN_POINT ( 'NONE',  ( 260.2157755089374400, 7.309158980380266800, 1050.800280066112700 ) ) ;
#1216 = ADVANCED_FACE ( 'NONE', ( #4202 ), #3650, .T. ) ;
#1217 = CARTESIAN_POINT ( 'NONE',  ( 526.7991189998454000, -90.83333333334501000, 927.2829779285428900 ) ) ;
#1218 = CARTESIAN_POINT ( 'NONE',  ( 261.0929362167985300, -76.66799638133254300, 1095.730498430330300 ) ) ;
#1219 = CARTESIAN_POINT ( 'NONE',  ( 260.7479260828560000, -106.0045938523170600, 1076.489519729729200 ) ) ;
#1220 = VECTOR ( 'NONE', #158, 1000.000000000000100 ) ;
#1221 = ORIENTED_EDGE ( 'NONE', *, *, #4664, .T. ) ;
#1222 = CARTESIAN_POINT ( 'NONE',  ( 299.9999999999972700, 182.4999999999880100, 1025.703721460201000 ) ) ;
#1223 = ADVANCED_FACE ( 'NONE', ( #780 ), #3686, .T. ) ;
#1224 = AXIS2_PLACEMENT_3D ( 'NONE', #2170, #2178, #2165 ) ;
#1225 = CARTESIAN_POINT ( 'NONE',  ( 260.5546473524962000, -76.70974003112320400, 1066.130241013774800 ) ) ;
#1226 = FACE_OUTER_BOUND ( 'NONE', #184, .T. ) ;
#1227 = ORIENTED_EDGE ( 'NONE', *, *, #1244, .F. ) ;
#1228 = DIRECTION ( 'NONE',  ( 0.0000000000000000000, -3.491483361109382500E-015, 1.000000000000000000 ) ) ;
#1229 = DIRECTION ( 'NONE',  ( -0.0000000000000000000, 1.000000000000000000, 3.491483361109382500E-015 ) ) ;
#1230 = LINE ( 'NONE', #4525, #1363 ) ;
#1231 = ADVANCED_FACE ( 'NONE', ( #3611 ), #821, .F. ) ;
#1232 = EDGE_CURVE ( 'NONE', #462, #2859, #185, .T. ) ;
#1233 = CARTESIAN_POINT ( 'NONE',  ( 234.9030703142830100, -32.23917152088362300, 1050.400535750181000 ) ) ;
#1234 = CARTESIAN_POINT ( 'NONE',  ( 271.9802886388830500, 49.04003095657817800, 1912.605928123148500 ) ) ;
#1235 = EDGE_CURVE ( 'NONE', #935, #444, #2816, .T. ) ;
#1236 = LINE ( 'NONE', #3857, #2288 ) ;
#1237 = EDGE_LOOP ( 'NONE', ( #2316, #4434, #4037, #1281 ) ) ;
#1238 = VECTOR ( 'NONE', #3373, 1000.000000000000100 ) ;
#1239 = LINE ( 'NONE', #802, #171 ) ;
#1240 = CARTESIAN_POINT ( 'NONE',  ( 299.9999999999971600, 148.9999999999887700, 800.0000000000013600 ) ) ;
#1241 = EDGE_CURVE ( 'NONE', #4486, #3885, #4271, .T. ) ;
#1242 = ORIENTED_EDGE ( 'NONE', *, *, #3350, .T. ) ;
#1243 = ADVANCED_FACE ( 'NONE', ( #832 ), #3618, .T. ) ;
#1244 = EDGE_CURVE ( 'NONE', #444, #4675, #4363, .T. ) ;
#1245 = FACE_OUTER_BOUND ( 'NONE', #801, .T. ) ;
#1246 = PLANE ( 'NONE',  #3325 ) ;
#1247 = EDGE_LOOP ( 'NONE', ( #1820, #554, #3017, #3180 ) ) ;
#1248 = AXIS2_PLACEMENT_3D ( 'NONE', #178, #133, #106 ) ;
#1250 = LINE ( 'NONE', #4248, #1563 ) ;
#1249 = CARTESIAN_POINT ( 'NONE',  ( 249.0422493309686700, 32.49999999998456000, 1827.000000000001600 ) ) ;
#1251 = ADVANCED_FACE ( 'NONE', ( #3442 ), #1318, .T. ) ;
#1252 = EDGE_CURVE ( 'NONE', #3876, #975, #2054, .T. ) ;
#1253 = CARTESIAN_POINT ( 'NONE',  ( 328.4714272132375200, 132.4999999999878900, 1014.665251359287100 ) ) ;
#1254 = CARTESIAN_POINT ( 'NONE',  ( 440.0000000000000000, 183.0358983848501600, 1052.507093805247900 ) ) ;
#1255 = DIRECTION ( 'NONE',  ( 0.5511924129318347400, 0.0000000000000000000, -0.8343781660172932000 ) ) ;
#1256 = ORIENTED_EDGE ( 'NONE', *, *, #505, .T. ) ;
#1257 = VECTOR ( 'NONE', #4107, 1000.000000000000000 ) ;
#1258 = CARTESIAN_POINT ( 'NONE',  ( 260.4435750199204400, -94.25402040605827400, 1061.302394542675100 ) ) ;
#1259 = ADVANCED_FACE ( 'NONE', ( #4403 ), #3644, .T. ) ;
#1260 = DIRECTION ( 'NONE',  ( 0.8340922454588588500, 0.02617694830787137300, 0.5510035330582607700 ) ) ;
#1261 = ORIENTED_EDGE ( 'NONE', *, *, #421, .F. ) ;
#1262 = CARTESIAN_POINT ( 'NONE',  ( 260.2275131006896300, -76.72038485627722100, 1051.331267891165000 ) ) ;
#1263 = VECTOR ( 'NONE', #316, 1000.000000000000100 ) ;
#1264 = ORIENTED_EDGE ( 'NONE', *, *, #513, .F. ) ;
#1265 = ORIENTED_EDGE ( 'NONE', *, *, #1354, .F. ) ;
#1266 = ADVANCED_BREP_SHAPE_REPRESENTATION ( 'IRB660_180-315_LINK2_CAD_rev02', ( #1914, #2465 ), #2558 ) ;
#1267 = CARTESIAN_POINT ( 'NONE',  ( 522.5281978205924800, -82.50000000001163900, 913.9350743832565100 ) ) ;
#1268 = ORIENTED_EDGE ( 'NONE', *, *, #1068, .T. ) ;
#1269 = EDGE_LOOP ( 'NONE', ( #1326, #201, #112, #2320 ) ) ;
#1270 = CARTESIAN_POINT ( 'NONE',  ( 456.3942450438938700, 157.4999999999879800, 1041.949979565261400 ) ) ;
#1271 = ADVANCED_FACE ( 'NONE', ( #896 ), #3543, .T. ) ;
#1272 = CARTESIAN_POINT ( 'NONE',  ( 289.9999999999972700, 132.4999999999875800, 1156.620388964153600 ) ) ;
#1273 = CARTESIAN_POINT ( 'NONE',  ( 0.0000000000000000000, 0.0000000000000000000, 0.0000000000000000000 ) ) ;
#1274 = EDGE_CURVE ( 'NONE', #596, #600, #4098, .T. ) ;
#1275 = ORIENTED_EDGE ( 'NONE', *, *, #1457, .F. ) ;
#1276 = EDGE_CURVE ( 'NONE', #3988, #4324, #2917, .T. ) ;
#1277 = PLANE ( 'NONE',  #3378 ) ;
#1278 = ADVANCED_FACE ( 'NONE', ( #1058, #2639, #119, #674, #3056 ), #3507, .T. ) ;
#1279 = VECTOR ( 'NONE', #2443, 1000.000000000000000 ) ;
#1280 = DIRECTION ( 'NONE',  ( -0.9869963665602323700, -9.516733069772224100E-016, 0.1607425656038236600 ) ) ;
#1281 = ORIENTED_EDGE ( 'NONE', *, *, #1740, .F. ) ;
#1282 = AXIS2_PLACEMENT_3D ( 'NONE', #127, #120, #116 ) ;
#1283 = DIRECTION ( 'NONE',  ( 0.0000000000000000000, 1.000000000000000000, 3.491483361109382100E-015 ) ) ;
#1284 = VECTOR ( 'NONE', #2044, 1000.000000000000000 ) ;
#1285 = DIRECTION ( 'NONE',  ( 0.4344452574044178600, 0.0000000000000000000, 0.9006982393225875200 ) ) ;
#1286 = DIRECTION ( 'NONE',  ( -0.9003895925314121500, -0.02617694830787482100, 0.4342963838652177900 ) ) ;
#1287 = CLOSED_SHELL ( 'NONE', ( #1132, #2055, #1516, #2352, #2248, #2686, #1814, #2160, #1411, #1616, #2321, #2524, #1360, #1658, #2673, #1278, #1539, #1905, #2127, #1759, #2020, #2397, #2714, #1308, #1589, #1925, #1487, #2448, #1738, #2804, #1350, #1690, #1977, #1565, #1231, #2486, #1872, #2073, #2427, #2738, #2338, #1628, #1964, #2188, #2515, #1216, #1452, #1788, #2048, #2407, #2724, #1330, #1602, #2284, #2549, #2153, #2494, #1162, #2435, #2005, #1670, #1300, #1552, #2140, #1476, #2480, #2061, #1997, #1333, #2311, #2621, #1271, #2508, #1896, #1204, #1432, #1765, #2035, #1705, #1316, #2573, #1939, #1259, #1499, #1882, #1196, #2457, #1695, #1581, #1243, #2769, #1340, #2657, #2235, #2115, #1848, #1148, #1384, #2779, #1664, #1289, #2536, #2133, #1861, #1378, #2419, #1711, #2752, #2107, #2209, #1463, #2644, #1717, #1636, #1529, #1223, #2257, #1176, #2381, #2541, #1989, #2100, #1575, #2701, #2597, #1366, #2391, #1646, #1953, #1251, #2299, #1608, #2464, #2268, #2792, #1836, #2088, #2026, #2563, #1189, #1746, #1730, #1684 ) ) ;
#1288 = EDGE_CURVE ( 'NONE', #600, #130, #826, .T. ) ;
#1289 = ADVANCED_FACE ( 'NONE', ( #1622 ), #3471, .F. ) ;
#1290 = CARTESIAN_POINT ( 'NONE',  ( 521.0666983060390300, -124.7127270918797700, 1009.105059484556400 ) ) ;
#1291 = CARTESIAN_POINT ( 'NONE',  ( 259.9969821760516300, -82.50000000001209300, 1046.778764412534900 ) ) ;
#1292 = VECTOR ( 'NONE', #1113, 1000.000000000000000 ) ;
#1293 = DIRECTION ( 'NONE',  ( 0.0000000000000000000, -3.490671803894977500E-015, 1.000000000000000000 ) ) ;
#1294 = VERTEX_POINT ( 'NONE', #3465 ) ;
#1295 = DIRECTION ( 'NONE',  ( 0.0000000000000000000, 1.000000000000000000, 3.491483361109382100E-015 ) ) ;
#1296 = VECTOR ( 'NONE', #3286, 1000.000000000000000 ) ;
#1297 = CARTESIAN_POINT ( 'NONE',  ( -8237.696528343014500, 109.9999999999872500, 1239.179573321616800 ) ) ;
#1298 = AXIS2_PLACEMENT_3D ( 'NONE', #2803, #2793, #2787 ) ;
#1299 = CARTESIAN_POINT ( 'NONE',  ( 299.9999999999972700, -148.0000000000160000, 2158.999999999997300 ) ) ;
#1300 = ADVANCED_FACE ( 'NONE', ( #2442, #4611 ), #3436, .F. ) ;
#1301 = PRESENTATION_STYLE_ASSIGNMENT (( #719 ) ) ;
#1302 = CARTESIAN_POINT ( 'NONE',  ( 281.9999999999972700, 44.49999999998946300, 1827.000000000000900 ) ) ;
#1303 = CIRCLE ( 'NONE', #3330, 47.93967459998582800 ) ;
#1304 = CARTESIAN_POINT ( 'NONE',  ( 299.9999999999973300, 94.99999999998446800, 2030.000000000001100 ) ) ;
#1305 = ORIENTED_EDGE ( 'NONE', *, *, #3070, .F. ) ;
#1306 = FACE_OUTER_BOUND ( 'NONE', #2896, .T. ) ;
#1307 = CARTESIAN_POINT ( 'NONE',  ( 473.7820983365252800, 182.4999999999880600, 1014.441086436885800 ) ) ;
#1308 = ADVANCED_FACE ( 'NONE', ( #4318 ), #3405, .F. ) ;
#1309 = DIRECTION ( 'NONE',  ( 0.0000000000000000000, 2.786502632470820200E-015, -1.000000000000000000 ) ) ;
#1310 = DIRECTION ( 'NONE',  ( 0.4887295563548447200, 0.8465044227671814100, -0.2111248042765168600 ) ) ;
#1311 = EDGE_CURVE ( 'NONE', #4675, #3973, #3653, .T. ) ;
#1312 = ORIENTED_EDGE ( 'NONE', *, *, #4523, .F. ) ;
#1313 = VECTOR ( 'NONE', #1382, 999.9999999999998900 ) ;
#1314 = CARTESIAN_POINT ( 'NONE',  ( 260.2275131006904300, -86.22624537136663000, 1051.331267891164500 ) ) ;
#1315 = ORIENTED_EDGE ( 'NONE', *, *, #3432, .T. ) ;
#1316 = ADVANCED_FACE ( 'NONE', ( #4043 ), #3357, .F. ) ;
#1317 = CARTESIAN_POINT ( 'NONE',  ( 299.9999999999972700, 138.4999999999882900, 937.5000000000013600 ) ) ;
#1318 = CYLINDRICAL_SURFACE ( 'NONE', #3977, 8.950000000000013500 ) ;
#1319 = AXIS2_PLACEMENT_3D ( 'NONE', #100, #99, #94 ) ;
#1320 = DIRECTION ( 'NONE',  ( 0.0000000000000000000, -3.330669073875469600E-015, 1.000000000000000000 ) ) ;
#1321 = EDGE_CURVE ( 'NONE', #3973, #398, #4163, .T. ) ;
#1322 = VERTEX_POINT ( 'NONE', #3321 ) ;
#1323 = DIRECTION ( 'NONE',  ( 0.0000000000000000000, 1.000000000000000000, 2.775557561562888600E-015 ) ) ;
#1324 = LINE ( 'NONE', #4123, #237 ) ;
#1325 = AXIS2_PLACEMENT_3D ( 'NONE', #2520, #2513, #2512 ) ;
#1326 = ORIENTED_EDGE ( 'NONE', *, *, #3371, .T. ) ;
#1327 = VECTOR ( 'NONE', #3477, 1000.000000000000000 ) ;
#1328 = CARTESIAN_POINT ( 'NONE',  ( 399.2707472552124300, 185.4999999999880100, 1045.703721460201000 ) ) ;
#1329 = PLANE ( 'NONE',  #3469 ) ;
#1330 = ADVANCED_FACE ( 'NONE', ( #4412 ), #3307, .T. ) ;
#1331 = EDGE_LOOP ( 'NONE', ( #2463, #2196, #3581, #1956, #4678 ) ) ;
#1332 = B_SPLINE_CURVE_WITH_KNOTS ( 'NONE', 3,
 ( #852, #856, #863, #845 ),
 .UNSPECIFIED., .F., .F.,
 ( 4, 4 ),
 ( 0.0000000000000000000, 1.000000000000000000 ),
 .UNSPECIFIED. ) ;
#1333 = ADVANCED_FACE ( 'NONE', ( #2874 ), #2412, .T. ) ;
#1334 = ORIENTED_EDGE ( 'NONE', *, *, #105, .F. ) ;
#1335 = EDGE_LOOP ( 'NONE', ( #1200, #3399, #4169, #2606 ) ) ;
#1336 = DIRECTION ( 'NONE',  ( 1.110223024625270900E-016, 1.000000000000000000, 3.219646771412965400E-015 ) ) ;
#1337 = VERTEX_POINT ( 'NONE', #3295 ) ;
#1338 = DIRECTION ( 'NONE',  ( 0.0000000000000000000, -1.000000000000000000, -3.491483361109382100E-015 ) ) ;
#1339 = EDGE_CURVE ( 'NONE', #974, #1569, #3820, .T. ) ;
#1340 = ADVANCED_FACE ( 'NONE', ( #948 ), #3276, .T. ) ;
#1341 = ORIENTED_EDGE ( 'NONE', *, *, #1753, .F. ) ;
#1342 = CARTESIAN_POINT ( 'NONE',  ( 398.9621298459069900, 157.4999999999881200, 991.9344605348128400 ) ) ;
#1343 = CARTESIAN_POINT ( 'NONE',  ( 299.9999999999972700, 132.4999999999892600, 657.5000000000013600 ) ) ;
#1344 = CARTESIAN_POINT ( 'NONE',  ( 260.3371644409563700, -90.27190691507055900, 1056.291699972172600 ) ) ;
#1345 = AXIS2_PLACEMENT_3D ( 'NONE', #4201, #4198, #4168 ) ;
#1346 = VECTOR ( 'NONE', #4171, 1000.000000000000100 ) ;
#1347 = ORIENTED_EDGE ( 'NONE', *, *, #1634, .F. ) ;
#1348 = DIRECTION ( 'NONE',  ( 0.0000000000000000000, 1.000000000000000000, 3.491483361109382100E-015 ) ) ;
#1349 = LINE ( 'NONE', #209, #4190 ) ;
#1350 = ADVANCED_FACE ( 'NONE', ( #3165 ), #3258, .T. ) ;
#1351 = ORIENTED_EDGE ( 'NONE', *, *, #1519, .F. ) ;
#1352 = AXIS2_PLACEMENT_3D ( 'NONE', #177, #161, #159 ) ;
#1353 = CARTESIAN_POINT ( 'NONE',  ( 260.2275131006912300, -132.5000000000121100, 1051.331267891164800 ) ) ;
#1354 = EDGE_CURVE ( 'NONE', #2172, #632, #4667, .T. ) ;
#1355 = DIRECTION ( 'NONE',  ( 0.0000000000000000000, 3.514504704576390500E-015, -1.000000000000000000 ) ) ;
#1356 = CARTESIAN_POINT ( 'NONE',  ( 211.2077342562157600, 47.39250761750645300, 1850.262536643052000 ) ) ;
#1357 = VECTOR ( 'NONE', #2517, 1000.000000000000000 ) ;
#1358 = ORIENTED_EDGE ( 'NONE', *, *, #2345, .T. ) ;
#1359 = DIRECTION ( 'NONE',  ( 0.0000000000000000000, 3.504141421473150300E-015, -1.000000000000000000 ) ) ;
#1360 = ADVANCED_FACE ( 'NONE', ( #3558 ), #619, .F. ) ;
#1361 = DIRECTION ( 'NONE',  ( 0.0000000000000000000, -3.490671803894976700E-015, 1.000000000000000000 ) ) ;
#1362 = CARTESIAN_POINT ( 'NONE',  ( 521.7143936124415400, -88.33550566338848900, 930.0000000000008000 ) ) ;
#1363 = VECTOR ( 'NONE', #4422, 1000.000000000000000 ) ;
#1364 = DIRECTION ( 'NONE',  ( 0.0000000000000000000, 0.9996573249755572600, 0.02617694830787670500 ) ) ;
#1365 = DIRECTION ( 'NONE',  ( -9.146278524964403400E-017, -1.000000000000000000, -3.492822851699537800E-015 ) ) ;
#1366 = ADVANCED_FACE ( 'NONE', ( #2582 ), #3218, .T. ) ;
#1367 = FACE_OUTER_BOUND ( 'NONE', #3728, .T. ) ;
#1368 = DIRECTION ( 'NONE',  ( 0.0000000000000000000, 0.02617694830787670500, -0.9996573249755572600 ) ) ;
#1369 = CARTESIAN_POINT ( 'NONE',  ( 357.9999999999972700, -44.50000000001524800, 1950.000000000001100 ) ) ;
#1370 = ORIENTED_EDGE ( 'NONE', *, *, #2295, .F. ) ;
#1371 = DIRECTION ( 'NONE',  ( -0.0000000000000000000, -1.000000000000000000, -3.491483361109382100E-015 ) ) ;
#1372 = VECTOR ( 'NONE', #938, 1000.000000000000000 ) ;
#1373 = PLANE ( 'NONE',  #3547 ) ;
#1374 = ORIENTED_EDGE ( 'NONE', *, *, #2774, .T. ) ;
#1375 = CARTESIAN_POINT ( 'NONE',  ( -8237.696528343014500, -132.5000000000127300, 1239.179573321616100 ) ) ;
#1376 = CARTESIAN_POINT ( 'NONE',  ( 299.9999999999972700, -48.50000000001123400, 800.0000000000009100 ) ) ;
#1377 = EDGE_CURVE ( 'NONE', #3503, #398, #3599, .T. ) ;
#1378 = ADVANCED_FACE ( 'NONE', ( #1184 ), #2825, .F. ) ;
#1379 = ORIENTED_EDGE ( 'NONE', *, *, #1505, .F. ) ;
#1380 = CIRCLE ( 'NONE', #165, 62.50000000000000000 ) ;
#1381 = CARTESIAN_POINT ( 'NONE',  ( 429.6785294646143700, 132.4999999999878900, 1054.109288215171300 ) ) ;
#1382 = DIRECTION ( 'NONE',  ( 0.9060137184700100000, 0.02456172464464635000, -0.4225350442586109400 ) ) ;
#1383 = VERTEX_POINT ( 'NONE', #2531 ) ;
#1384 = ADVANCED_FACE ( 'NONE', ( #3096 ), #2553, .F. ) ;
#1385 = AXIS2_PLACEMENT_3D ( 'NONE', #2851, #2799, #2798 ) ;
#1386 = LINE ( 'NONE', #4300, #4406 ) ;
#1387 = EDGE_CURVE ( 'NONE', #3503, #2910, #2240, .T. ) ;
#1388 = CARTESIAN_POINT ( 'NONE',  ( 299.9999999999972700, -48.50000000001102100, 731.5000000000009100 ) ) ;
#1389 = ORIENTED_EDGE ( 'NONE', *, *, #3935, .T. ) ;
#1390 = CARTESIAN_POINT ( 'NONE',  ( 299.9999999999973300, -198.0000000000156300, 2030.000000000000200 ) ) ;
#1391 = FACE_OUTER_BOUND ( 'NONE', #500, .T. ) ;
#1392 = DIRECTION ( 'NONE',  ( 0.9064060112955454300, 0.0000000000000000000, -0.4224075551967549400 ) ) ;
#1393 = DIRECTION ( 'NONE',  ( -0.0000000000000000000, -1.000000000000000000, -3.491483361109382100E-015 ) ) ;
#1394 = ORIENTED_EDGE ( 'NONE', *, *, #3546, .F. ) ;
#1395 = VERTEX_POINT ( 'NONE', #2830 ) ;
#1396 = CARTESIAN_POINT ( 'NONE',  ( 520.7772891662946200, -132.5000000000120800, 1024.682862248951800 ) ) ;
#1397 = DIRECTION ( 'NONE',  ( 0.4223798621655072700, 0.01145057481852338100, 0.9063465873347638100 ) ) ;
#1398 = PLANE ( 'NONE',  #3610 ) ;
#1399 = DIRECTION ( 'NONE',  ( -0.4344452574044243000, 2.825462608553649100E-015, -0.9006982393225843000 ) ) ;
#1400 = VERTEX_POINT ( 'NONE', #2478 ) ;
#1401 = ORIENTED_EDGE ( 'NONE', *, *, #2602, .F. ) ;
#1402 = DIRECTION ( 'NONE',  ( 0.0000000000000000000, 1.000000000000000000, 3.491483361109382100E-015 ) ) ;
#1403 = VERTEX_POINT ( 'NONE', #2401 ) ;
#1404 = DIRECTION ( 'NONE',  ( 0.0000000000000000000, 3.514504704576390500E-015, -1.000000000000000000 ) ) ;
#1405 = EDGE_CURVE ( 'NONE', #4357, #2493, #775, .T. ) ;
#1406 = LINE ( 'NONE', #2696, #3360 ) ;
#1407 = DIRECTION ( 'NONE',  ( -0.9969084523679316900, 0.02617694830787333300, -0.07408309506670322800 ) ) ;
#1408 = ORIENTED_EDGE ( 'NONE', *, *, #4311, .F. ) ;
#1409 = EDGE_CURVE ( 'NONE', #1873, #3968, #1444, .T. ) ;
#1410 = DIRECTION ( 'NONE',  ( -1.165314503264818000E-029, -0.9848077530122078000, -0.1736481776669317200 ) ) ;
#1411 = ADVANCED_FACE ( 'NONE', ( #2618 ), #4546, .T. ) ;
#1412 = DIRECTION ( 'NONE',  ( 0.0000000000000000000, -1.000000000000000000, -3.491483361109382100E-015 ) ) ;
#1413 = LINE ( 'NONE', #1233, #3245 ) ;
#1414 = DIRECTION ( 'NONE',  ( -0.0000000000000000000, -0.0000000000000000000, -1.000000000000000000 ) ) ;
#1415 = ORIENTED_EDGE ( 'NONE', *, *, #1108, .F. ) ;
#1416 = DIRECTION ( 'NONE',  ( 0.0000000000000000000, -3.513364001978493200E-015, 1.000000000000000000 ) ) ;
#1417 = LINE ( 'NONE', #1134, #1292 ) ;
#1418 = ORIENTED_EDGE ( 'NONE', *, *, #1666, .F. ) ;
#1419 = EDGE_CURVE ( 'NONE', #1569, #2481, #1553, .T. ) ;
#1420 = CARTESIAN_POINT ( 'NONE',  ( 399.2707472552124300, 182.4999999999880100, 1025.703721460201000 ) ) ;
#1421 = CARTESIAN_POINT ( 'NONE',  ( 299.9999999999972700, -82.50000000001128300, 800.0000000000008000 ) ) ;
#1422 = FACE_OUTER_BOUND ( 'NONE', #4309, .T. ) ;
#1423 = EDGE_CURVE ( 'NONE', #1729, #3140, #1845, .T. ) ;
#1424 = DIRECTION ( 'NONE',  ( 0.0000000000000000000, -1.000000000000000000, -3.491483361109382100E-015 ) ) ;
#1425 = LINE ( 'NONE', #2438, #4350 ) ;
#1426 = CARTESIAN_POINT ( 'NONE',  ( 299.9999999999972700, -48.50000000001123400, 800.0000000000009100 ) ) ;
#1427 = PLANE ( 'NONE',  #2622 ) ;
#1428 = VERTEX_POINT ( 'NONE', #1586 ) ;
#1429 = VECTOR ( 'NONE', #548, 1000.000000000000000 ) ;
#1430 = DIRECTION ( 'NONE',  ( -0.0000000000000000000, -1.000000000000000000, -3.491483361109382100E-015 ) ) ;
#1431 = ORIENTED_EDGE ( 'NONE', *, *, #3123, .T. ) ;
#1432 = ADVANCED_FACE ( 'NONE', ( #1492 ), #1427, .T. ) ;
#1434 = EDGE_CURVE ( 'NONE', #2649, #2423, #3670, .T. ) ;
#1433 = CYLINDRICAL_SURFACE ( 'NONE', #3710, 49.99999999999982200 ) ;
#1435 = ORIENTED_EDGE ( 'NONE', *, *, #141, .F. ) ;
#1436 = CARTESIAN_POINT ( 'NONE',  ( 399.2707472552124300, 185.4999999999880300, 1025.782279224908500 ) ) ;
#1437 = VECTOR ( 'NONE', #777, 1000.000000000000000 ) ;
#1438 = FACE_OUTER_BOUND ( 'NONE', #2233, .T. ) ;
#1439 = EDGE_LOOP ( 'NONE', ( #419, #1583, #1704, #3836, #3852, #2006, #268, #1771, #1036, #4588, #1466, #687, #1227, #517 ) ) ;
#1440 = LINE ( 'NONE', #3979, #2229 ) ;
#1441 = EDGE_CURVE ( 'NONE', #1383, #402, #2711, .T. ) ;
#1442 = EDGE_LOOP ( 'NONE', ( #3217, #286 ) ) ;
#1443 = CARTESIAN_POINT ( 'NONE',  ( 299.9999999999972700, -148.0000000000157200, 2080.000000000000500 ) ) ;
#1444 = LINE ( 'NONE', #2226, #1558 ) ;
#1445 = AXIS2_PLACEMENT_3D ( 'NONE', #172, #167, #164 ) ;
#1446 = ORIENTED_EDGE ( 'NONE', *, *, #3959, .T. ) ;
#1447 = DIRECTION ( 'NONE',  ( 0.0000000000000000000, 3.424389199330841800E-015, -1.000000000000000000 ) ) ;
#1448 = EDGE_CURVE ( 'NONE', #2700, #3904, #1626, .T. ) ;
#1449 = ORIENTED_EDGE ( 'NONE', *, *, #1471, .T. ) ;
#1450 = CARTESIAN_POINT ( 'NONE',  ( 439.9999999869385200, 183.0358984074732400, 1077.344539990394700 ) ) ;
#1451 = ORIENTED_EDGE ( 'NONE', *, *, #2981, .F. ) ;
#1452 = ADVANCED_FACE ( 'NONE', ( #3446 ), #1056, .T. ) ;
#1453 = CYLINDRICAL_SURFACE ( 'NONE', #1224, 250.0000000000000000 ) ;
#1454 = ORIENTED_EDGE ( 'NONE', *, *, #1940, .F. ) ;
#1455 = CARTESIAN_POINT ( 'NONE',  ( 440.4748968671922300, 183.8584438871823700, 1077.080690330065400 ) ) ;
#1456 = CARTESIAN_POINT ( 'NONE',  ( 209.1164621621047700, -27.63528328799593600, 1097.091550303369100 ) ) ;
#1457 = EDGE_CURVE ( 'NONE', #1116, #4390, #4221, .T. ) ;
#1458 = ORIENTED_EDGE ( 'NONE', *, *, #2295, .T. ) ;
#1459 = CARTESIAN_POINT ( 'NONE',  ( 440.9491144830087700, 184.6798128916206600, 1076.815624310593000 ) ) ;
#1460 = DIRECTION ( 'NONE',  ( 0.0000000000000000000, -1.000000000000000000, -3.491483361109382100E-015 ) ) ;
#1461 = VERTEX_POINT ( 'NONE', #541 ) ;
#1462 = DIRECTION ( 'NONE',  ( -1.949127501097535700E-016, 1.000000000000000000, -0.0000000000000000000 ) ) ;
#1463 = ADVANCED_FACE ( 'NONE', ( #1391 ), #501, .T. ) ;
#1464 = DIRECTION ( 'NONE',  ( 0.03678070366587370100, 0.9973118481775762300, 0.06337394829478477900 ) ) ;
#1465 = EDGE_CURVE ( 'NONE', #2910, #1131, #2446, .T. ) ;
#1466 = ORIENTED_EDGE ( 'NONE', *, *, #1321, .F. ) ;
#1467 = DIRECTION ( 'NONE',  ( -0.9990482215818576900, 0.0000000000000000000, 0.04361938736533930300 ) ) ;
#1468 = VECTOR ( 'NONE', #782, 1000.000000000000100 ) ;
#1469 = CARTESIAN_POINT ( 'NONE',  ( 242.7734758318647200, 48.24824416650088900, 1835.541311410120700 ) ) ;
#1470 = ORIENTED_EDGE ( 'NONE', *, *, #1994, .T. ) ;
#1471 = EDGE_CURVE ( 'NONE', #3620, #3522, #514, .T. ) ;
#1472 = CARTESIAN_POINT ( 'NONE',  ( 239.2125751663343700, -148.0000000000149800, 1865.288230696958400 ) ) ;
#1473 = AXIS2_PLACEMENT_3D ( 'NONE', #223, #232, #229 ) ;
#1474 = DIRECTION ( 'NONE',  ( -0.04360444009070771300, -0.02617694830786973200, -0.9987058727081077300 ) ) ;
#1475 = EDGE_CURVE ( 'NONE', #1131, #2354, #297, .T. ) ;
#1476 = ADVANCED_FACE ( 'NONE', ( #4116 ), #2834, .F. ) ;
#1477 = CARTESIAN_POINT ( 'NONE',  ( 261.0929362167979700, -132.5000000000122800, 1095.730498430330000 ) ) ;
#1478 = AXIS2_PLACEMENT_3D ( 'NONE', #3416, #3460, #3389 ) ;
#1479 = FACE_OUTER_BOUND ( 'NONE', #1331, .T. ) ;
#1480 = CARTESIAN_POINT ( 'NONE',  ( 440.0000000000000000, 183.0358983848501300, 2158.999999999998200 ) ) ;
#1481 = ORIENTED_EDGE ( 'NONE', *, *, #2273, .F. ) ;
#1482 = CIRCLE ( 'NONE', #4515, 62.50000000000000000 ) ;
#1483 = VECTOR ( 'NONE', #1012, 1000.000000000000000 ) ;
#1484 = CARTESIAN_POINT ( 'NONE',  ( 284.4023523141938800, 157.4999999999880300, 1015.934077009781700 ) ) ;
#1485 = CARTESIAN_POINT ( 'NONE',  ( 259.9627610892969800, -48.50000000001208600, 1046.360880468309500 ) ) ;
#1486 = ORIENTED_EDGE ( 'NONE', *, *, #3364, .T. ) ;
#1487 = ADVANCED_FACE ( 'NONE', ( #3006, #4019 ), #3109, .T. ) ;
#1488 = DIRECTION ( 'NONE',  ( 0.0000000000000000000, -3.469446951953615400E-015, 1.000000000000000000 ) ) ;
#1489 = PLANE ( 'NONE',  #3067 ) ;
#1490 = CARTESIAN_POINT ( 'NONE',  ( 407.0130327245475400, 132.4999999999881500, 978.0995947075741700 ) ) ;
#1491 = ORIENTED_EDGE ( 'NONE', *, *, #2875, .T. ) ;
#1492 = FACE_OUTER_BOUND ( 'NONE', #246, .T. ) ;
#1493 = CARTESIAN_POINT ( 'NONE',  ( 261.0929362167985300, -76.66799638133254300, 1095.730498430330300 ) ) ;
#1494 = EDGE_CURVE ( 'NONE', #1024, #2789, #4673, .T. ) ;
#1495 = DIRECTION ( 'NONE',  ( 0.0000000000000000000, 3.101181633031158700E-015, -1.000000000000000000 ) ) ;
#1496 = EDGE_LOOP ( 'NONE', ( #3352, #2705, #4405, #439 ) ) ;
#1497 = DIRECTION ( 'NONE',  ( 0.0000000000000000000, -3.330669073875481500E-015, 1.000000000000000000 ) ) ;
#1498 = VECTOR ( 'NONE', #3661, 1000.000000000000000 ) ;
#1499 = ADVANCED_FACE ( 'NONE', ( #3561 ), #2824, .T. ) ;
#1500 = VERTEX_POINT ( 'NONE', #2806 ) ;
#1501 = AXIS2_PLACEMENT_3D ( 'NONE', #3461, #3456, #3397 ) ;
#1502 = DIRECTION ( 'NONE',  ( -0.0000000000000000000, -1.000000000000000000, -3.491483361109382100E-015 ) ) ;
#1503 = VECTOR ( 'NONE', #862, 1000.000000000000100 ) ;
#1504 =( NAMED_UNIT ( * ) SI_UNIT ( $, .STERADIAN. ) SOLID_ANGLE_UNIT ( ) );
#1505 = EDGE_CURVE ( 'NONE', #156, #2615, #726, .T. ) ;
#1506 = DIRECTION ( 'NONE',  ( 0.0000000000000000000, 1.000000000000000000, 3.491483361109382100E-015 ) ) ;
#1507 = ORIENTED_EDGE ( 'NONE', *, *, #1321, .T. ) ;
#1508 = EDGE_LOOP ( 'NONE', ( #3406, #3597, #4353, #2207, #1823 ) ) ;
#1509 = CARTESIAN_POINT ( 'NONE',  ( 293.9999999999972700, 185.4999999999876100, 1137.000000000001600 ) ) ;
#1510 =( NAMED_UNIT ( * ) PLANE_ANGLE_UNIT ( ) SI_UNIT ( $, .RADIAN. ) );
#1511 = AXIS2_PLACEMENT_3D ( 'NONE', #291, #277, #271 ) ;
#1512 = CARTESIAN_POINT ( 'NONE',  ( 339.5246674668248400, 132.4999999999878100, 1082.534691715837400 ) ) ;
#1513 = ORIENTED_EDGE ( 'NONE', *, *, #2474, .T. ) ;
#1514 = EDGE_CURVE ( 'NONE', #1875, #3464, #2893, .T. ) ;
#1515 = VERTEX_POINT ( 'NONE', #2593 ) ;
#1516 = ADVANCED_FACE ( 'NONE', ( #785 ), #1754, .T. ) ;
#1517 =( LENGTH_UNIT ( ) NAMED_UNIT ( * ) SI_UNIT ( .MILLI., .METRE. ) );
#1518 = VERTEX_POINT ( 'NONE', #2734 ) ;
#1519 = EDGE_CURVE ( 'NONE', #1875, #4580, #904, .T. ) ;
#1520 = CARTESIAN_POINT ( 'NONE',  ( 339.9426799755361800, 132.4999999999878400, 1084.206935728832100 ) ) ;
#1521 = VECTOR ( 'NONE', #2852, 1000.000000000000100 ) ;
#1522 = VERTEX_POINT ( 'NONE', #2721 ) ;
#1523 = SURFACE_STYLE_USAGE ( .BOTH. , #1524 ) ;
#1524 = SURFACE_SIDE_STYLE ('',( #1913 ) ) ;
#1525 = CARTESIAN_POINT ( 'NONE',  ( 299.9999999999972700, 105.4999999999887700, 800.0000000000013600 ) ) ;
#1526 = LINE ( 'NONE', #2832, #532 ) ;
#1527 = EDGE_LOOP ( 'NONE', ( #1195, #169 ) ) ;
#1528 = FILL_AREA_STYLE ('',( #1599 ) ) ;
#1529 = ADVANCED_FACE ( 'NONE', ( #1870 ), #2699, .F. ) ;
#1530 = DIRECTION ( 'NONE',  ( 0.0000000000000000000, 1.000000000000000000, 3.491483361109382100E-015 ) ) ;
#1531 = CARTESIAN_POINT ( 'NONE',  ( 450.0379509725976300, 132.4999999999854800, 1755.000000000002000 ) ) ;
#1532 = CIRCLE ( 'NONE', #3019, 499.9999999999999400 ) ;
#1533 = ORIENTED_EDGE ( 'NONE', *, *, #1276, .F. ) ;
#1534 = DIRECTION ( 'NONE',  ( 0.03003401431717332000, 0.9993150019883697600, 0.02162139646230663800 ) ) ;
#1535 = CARTESIAN_POINT ( 'NONE',  ( 376.6035989024429700, -110.0000000000157200, 2099.310324575024400 ) ) ;
#1536 = EDGE_CURVE ( 'NONE', #2789, #935, #3869, .T. ) ;
#1537 = FACE_OUTER_BOUND ( 'NONE', #4270, .T. ) ;
#1538 = CARTESIAN_POINT ( 'NONE',  ( 299.9999999999973300, -198.0000000000158000, 2080.000000000000000 ) ) ;
#1539 = ADVANCED_FACE ( 'NONE', ( #965 ), #4415, .T. ) ;
#1540 = EDGE_CURVE ( 'NONE', #1522, #992, #2950, .T. ) ;
#1541 = FACE_OUTER_BOUND ( 'NONE', #28, .T. ) ;
#1542 = ORIENTED_EDGE ( 'NONE', *, *, #4313, .T. ) ;
#1543 =( BOUNDED_CURVE ( )  B_SPLINE_CURVE ( 3, ( #2837, #2993, #3208, #3171 ),
 .UNSPECIFIED., .F., .F. ) 
 B_SPLINE_CURVE_WITH_KNOTS ( ( 4, 4 ),
 ( 4.773111045006072800, 4.786115595846948300 ),
 .UNSPECIFIED. ) 
 CURVE ( )  GEOMETRIC_REPRESENTATION_ITEM ( )  RATIONAL_B_SPLINE_CURVE ( ( 1.000000000000000000, 0.9999859068544401100, 0.9999859068544401100, 1.000000000000000000 ) ) 
 REPRESENTATION_ITEM ( '' )  );
#1544 = EDGE_CURVE ( 'NONE', #4308, #1024, #4560, .T. ) ;
#1545 = LINE ( 'NONE', #557, #1429 ) ;
#1546 = DIRECTION ( 'NONE',  ( 0.4831556297094751800, -0.8368500986197068300, -0.2573762808034711900 ) ) ;
#1547 = CARTESIAN_POINT ( 'NONE',  ( 299.9999999999972700, 132.4999999999882600, 942.5000000000015900 ) ) ;
#1548 = ORIENTED_EDGE ( 'NONE', *, *, #1252, .F. ) ;
#1549 = DIRECTION ( 'NONE',  ( -0.3255882442564672600, 0.0000000000000000000, -0.9455116578879346800 ) ) ;
#1550 = CARTESIAN_POINT ( 'NONE',  ( 250.5153396248648200, 83.47098244614549900, 1833.212738221601300 ) ) ;
#1551 = ORIENTED_EDGE ( 'NONE', *, *, #2822, .F. ) ;
#1552 = ADVANCED_FACE ( 'NONE', ( #1541 ), #221, .T. ) ;
#1553 = LINE ( 'NONE', #1881, #508 ) ;
#1554 = CARTESIAN_POINT ( 'NONE',  ( 438.5773502691895400, 185.4999999999879500, 1053.264937187559800 ) ) ;
#1555 = DIRECTION ( 'NONE',  ( 0.4344452574044251300, -3.543528141721313200E-015, 0.9006982393225839700 ) ) ;
#1556 = ORIENTED_EDGE ( 'NONE', *, *, #4231, .F. ) ;
#1557 = CARTESIAN_POINT ( 'NONE',  ( 357.9999999999973300, 44.49999999998832600, 1043.178946457132000 ) ) ;
#1558 = VECTOR ( 'NONE', #1951, 1000.000000000000000 ) ;
#1559 = CARTESIAN_POINT ( 'NONE',  ( 320.1465162871745600, 182.4999999999901700, 1110.036822627174800 ) ) ;
#1560 = CARTESIAN_POINT ( 'NONE',  ( 452.8127294083121800, 132.4999999999879200, 1044.857741006952400 ) ) ;
#1561 = DIRECTION ( 'NONE',  ( 0.2586353318232664200, 0.007011516132828184000, 0.9659495865593545900 ) ) ;
#1562 = ORIENTED_EDGE ( 'NONE', *, *, #585, .F. ) ;
#1563 = VECTOR ( 'NONE', #4244, 1000.000000000000100 ) ;
#1564 = EDGE_CURVE ( 'NONE', #2599, #733, #2227, .T. ) ;
#1565 = ADVANCED_FACE ( 'NONE', ( #1078 ), #2556, .T. ) ;
#1566 = CARTESIAN_POINT ( 'NONE',  ( 260.1764384182915300, -7.021974374313503900, 1049.738729315220800 ) ) ;
#1567 = ORIENTED_EDGE ( 'NONE', *, *, #574, .F. ) ;
#1568 = AXIS2_PLACEMENT_3D ( 'NONE', #318, #257, #264 ) ;
#1569 = VERTEX_POINT ( 'NONE', #2569 ) ;
#1570 = ORIENTED_EDGE ( 'NONE', *, *, #1954, .F. ) ;
#1571 = CARTESIAN_POINT ( 'NONE',  ( 317.0577952564731800, 132.4999999999878100, 1099.216662144930300 ) ) ;
#1572 = EDGE_CURVE ( 'NONE', #1024, #2337, #3261, .T. ) ;
#1573 = EDGE_LOOP ( 'NONE', ( #905, #2894, #731, #2633 ) ) ;
#1574 = DIRECTION ( 'NONE',  ( 0.9006982393225843000, 0.0000000000000000000, -0.4344452574044243000 ) ) ;
#1575 = ADVANCED_FACE ( 'NONE', ( #4254 ), #2560, .F. ) ;
#1576 = DIRECTION ( 'NONE',  ( 0.4342963838652242900, 0.02617694830787006500, 0.9003895925314091600 ) ) ;
#1577 = CARTESIAN_POINT ( 'NONE',  ( 260.2275131006912300, 132.4999999999878600, 1051.331267891165500 ) ) ;
#1578 = SURFACE_STYLE_FILL_AREA ( #1020 ) ;
#1579 = ORIENTED_EDGE ( 'NONE', *, *, #865, .T. ) ;
#1580 = DIRECTION ( 'NONE',  ( 0.0000000000000000000, -2.812031213550323200E-015, 1.000000000000000000 ) ) ;
#1581 = ADVANCED_FACE ( 'NONE', ( #2353, #4048 ), #2492, .T. ) ;
#1582 = LINE ( 'NONE', #4528, #3521 ) ;
#1583 = ORIENTED_EDGE ( 'NONE', *, *, #1494, .F. ) ;
#1584 = PLANE ( 'NONE',  #3089 ) ;
#1585 = LINE ( 'NONE', #467, #2670 ) ;
#1586 = CARTESIAN_POINT ( 'NONE',  ( 268.6025403784405500, 44.49999999998452400, 1900.000000000000500 ) ) ;
#1587 = DIRECTION ( 'NONE',  ( -1.189524669241289600E-015, 1.000000000000000000, 2.775557561563004900E-015 ) ) ;
#1588 = EDGE_LOOP ( 'NONE', ( #3472, #1950 ) ) ;
#1589 = ADVANCED_FACE ( 'NONE', ( #4149, #1168 ), #2466, .T. ) ;
#1590 = EDGE_CURVE ( 'NONE', #186, #4357, #1303, .T. ) ;
#1591 = DIRECTION ( 'NONE',  ( 5.687419264004427400E-031, 0.0000000000000000000, -1.000000000000000000 ) ) ;
#1592 = CYLINDRICAL_SURFACE ( 'NONE', #3421, 137.5000000000000600 ) ;
#1593 = CARTESIAN_POINT ( 'NONE',  ( 299.9999999999973300, 79.49999999998884400, 800.0000000000012500 ) ) ;
#1594 = EDGE_CURVE ( 'NONE', #3985, #3956, #1425, .T. ) ;
#1595 = VERTEX_POINT ( 'NONE', #2440 ) ;
#1596 = PLANE ( 'NONE',  #3856 ) ;
#1597 = CARTESIAN_POINT ( 'NONE',  ( 261.0929362167971100, 76.66799638130777300, 1095.730498430330700 ) ) ;
#1598 = DIRECTION ( 'NONE',  ( 0.0000000000000000000, -3.490671803894976700E-015, 1.000000000000000000 ) ) ;
#1599 = FILL_AREA_STYLE_COLOUR ( '', #3811 ) ;
#1600 = EDGE_CURVE ( 'NONE', #3189, #920, #330, .T. ) ;
#1601 = ORIENTED_EDGE ( 'NONE', *, *, #650, .F. ) ;
#1602 = ADVANCED_FACE ( 'NONE', ( #3481 ), #2389, .T. ) ;
#1603 = FACE_OUTER_BOUND ( 'NONE', #1237, .T. ) ;
#1604 = DIRECTION ( 'NONE',  ( 1.000000000000000000, 8.868404238194349600E-047, 5.687419264004427400E-031 ) ) ;
#1605 = ORIENTED_EDGE ( 'NONE', *, *, #4094, .F. ) ;
#1606 = EDGE_LOOP ( 'NONE', ( #3957, #830, #1389, #3801 ) ) ;
#1607 = AXIS2_PLACEMENT_3D ( 'NONE', #326, #383, #304 ) ;
#1608 = ADVANCED_FACE ( 'NONE', ( #2491 ), #3976, .F. ) ;
#1609 = EDGE_CURVE ( 'NONE', #130, #1860, #4229, .T. ) ;
#1610 = DIRECTION ( 'NONE',  ( 0.9452011984298134300, 0.02562408393641861200, -0.3254813371136105500 ) ) ;
#1611 = ORIENTED_EDGE ( 'NONE', *, *, #3123, .F. ) ;
#1612 = VECTOR ( 'NONE', #1640, 1000.000000000000100 ) ;
#1613 = DIRECTION ( 'NONE',  ( -2.724926953267933900E-016, 0.9986295347545737200, 0.05233595624294743600 ) ) ;
#1614 = DIRECTION ( 'NONE',  ( -0.0000000000000000000, -1.000000000000000000, -3.491483361109382100E-015 ) ) ;
#1615 = ORIENTED_EDGE ( 'NONE', *, *, #3683, .T. ) ;
#1616 = ADVANCED_FACE ( 'NONE', ( #913 ), #3354, .T. ) ;
#1617 = LINE ( 'NONE', #4576, #4215 ) ;
#1618 = DIRECTION ( 'NONE',  ( -0.9006982393225988500, 0.0000000000000000000, 0.4344452574043942100 ) ) ;
#1619 = ORIENTED_EDGE ( 'NONE', *, *, #1600, .F. ) ;
#1620 = PLANE ( 'NONE',  #3112 ) ;
#1621 = AXIS2_PLACEMENT_3D ( 'NONE', #2161, #2141, #2126 ) ;
#1622 = FACE_OUTER_BOUND ( 'NONE', #3384, .T. ) ;
#1623 = CARTESIAN_POINT ( 'NONE',  ( 395.5281809378478200, 132.4999999999881500, 983.6392295962543800 ) ) ;
#1624 = CARTESIAN_POINT ( 'NONE',  ( 221.3803443595896300, -148.0000000000156900, 2072.257277805387300 ) ) ;
#1625 = ORIENTED_EDGE ( 'NONE', *, *, #4603, .F. ) ;
#1626 = LINE ( 'NONE', #1007, #1503 ) ;
#1627 = CARTESIAN_POINT ( 'NONE',  ( 438.5773502691896500, 185.4999999999887700, 800.0000000000017100 ) ) ;
#1628 = ADVANCED_FACE ( 'NONE', ( #3457 ), #413, .T. ) ;
#1629 = DIRECTION ( 'NONE',  ( 0.9300900468830155500, 0.0000000000000000000, 0.3673316004499884200 ) ) ;
#1630 = ORIENTED_EDGE ( 'NONE', *, *, #1772, .T. ) ;
#1631 = ORIENTED_EDGE ( 'NONE', *, *, #2857, .F. ) ;
#1632 = DIRECTION ( 'NONE',  ( 2.933526405178218500E-014, -3.492845917557926000E-015, 1.000000000000000000 ) ) ;
#1633 = EDGE_CURVE ( 'NONE', #3592, #3956, #4330, .T. ) ;
#1634 = EDGE_CURVE ( 'NONE', #3956, #809, #3735, .T. ) ;
#1635 = DIRECTION ( 'NONE',  ( -0.3672057250848256800, 0.02617694830786990200, 0.9297713282534660900 ) ) ;
#1636 = ADVANCED_FACE ( 'NONE', ( #4235 ), #2286, .F. ) ;
#1637 = ORIENTED_EDGE ( 'NONE', *, *, #1707, .F. ) ;
#1638 = ORIENTED_EDGE ( 'NONE', *, *, #4080, .F. ) ;
#1639 = UNCERTAINTY_MEASURE_WITH_UNIT (LENGTH_MEASURE( 1.000000000000000100E-005 ), #147, 'distance_accuracy_value', 'NONE');
#1640 = DIRECTION ( 'NONE',  ( -0.9844702839913726000, -0.1736481776669340500, 0.02577926164378655300 ) ) ;
#1641 = AXIS2_PLACEMENT_3D ( 'NONE', #374, #400, #404 ) ;
#1642 = CARTESIAN_POINT ( 'NONE',  ( 357.9999999999972700, 44.49999999998946300, 600.0000000000013600 ) ) ;
#1643 = DIRECTION ( 'NONE',  ( -0.0000000000000000000, 3.491483361109382500E-015, -1.000000000000000000 ) ) ;
#1644 = CARTESIAN_POINT ( 'NONE',  ( 310.6661415115063400, 157.4999999999877800, 1087.897874114654300 ) ) ;
#1645 = EDGE_CURVE ( 'NONE', #733, #4325, #4137, .T. ) ;
#1646 = ADVANCED_FACE ( 'NONE', ( #588 ), #2238, .F. ) ;
#1647 = CARTESIAN_POINT ( 'NONE',  ( 299.9999999999972700, -82.50000000001102800, 723.0000000000009100 ) ) ;
#1648 = LINE ( 'NONE', #2788, #4337 ) ;
#1649 = ORIENTED_EDGE ( 'NONE', *, *, #1863, .F. ) ;
#1650 = PLANE ( 'NONE',  #3969 ) ;
#1651 = DIRECTION ( 'NONE',  ( 0.0000000000000000000, -3.245989808722221800E-015, 1.000000000000000000 ) ) ;
#1652 = CARTESIAN_POINT ( 'NONE',  ( -8237.696528343014500, -110.0000000000128000, 1239.179573321616100 ) ) ;
#1653 = VECTOR ( 'NONE', #4354, 1000.000000000000100 ) ;
#1654 = ORIENTED_EDGE ( 'NONE', *, *, #615, .T. ) ;
#1655 = DIRECTION ( 'NONE',  ( 1.110223024625270900E-016, 1.000000000000000000, 3.219646771412965400E-015 ) ) ;
#1656 = CARTESIAN_POINT ( 'NONE',  ( 407.0130327245476000, 132.4999999999881500, 978.0995947075742800 ) ) ;
#1657 = FACE_OUTER_BOUND ( 'NONE', #4410, .T. ) ;
#1658 = ADVANCED_FACE ( 'NONE', ( #1213 ), #3741, .T. ) ;
#1659 = ORIENTED_EDGE ( 'NONE', *, *, #2794, .T. ) ;
#1660 = CARTESIAN_POINT ( 'NONE',  ( 299.9999999999972700, 94.99999999998426900, 2080.000000000001400 ) ) ;
#1661 = FACE_OUTER_BOUND ( 'NONE', #4111, .T. ) ;
#1662 = AXIS2_PLACEMENT_3D ( 'NONE', #3228, #3058, #3013 ) ;
#1663 = DIRECTION ( 'NONE',  ( 0.1607425656038281000, -3.632737639568969100E-015, 0.9869963665602314900 ) ) ;
#1664 = ADVANCED_FACE ( 'NONE', ( #2330 ), #2191, .F. ) ;
#1665 = CARTESIAN_POINT ( 'NONE',  ( 235.0308333843212300, 83.05120273333824300, 1922.252357782105700 ) ) ;
#1666 = EDGE_CURVE ( 'NONE', #305, #4308, #3361, .T. ) ;
#1667 = FACE_OUTER_BOUND ( 'NONE', #1966, .T. ) ;
#1668 = DIRECTION ( 'NONE',  ( 0.9655948276329336900, 0.02617694830787397800, -0.2587303542799179700 ) ) ;
#1669 = EDGE_LOOP ( 'NONE', ( #1305, #3730, #43, #300, #245 ) ) ;
#1670 = ADVANCED_FACE ( 'NONE', ( #4689, #692 ), #1453, .F. ) ;
#1671 = FACE_BOUND ( 'NONE', #4507, .T. ) ;
#1672 = EDGE_CURVE ( 'NONE', #2845, #2540, #2086, .T. ) ;
#1673 = ORIENTED_EDGE ( 'NONE', *, *, #902, .F. ) ;
#1674 = EDGE_CURVE ( 'NONE', #4308, #1710, #415, .T. ) ;
#1675 = CARTESIAN_POINT ( 'NONE',  ( 450.0379509725989400, -132.5000000000146100, 1755.000000000000900 ) ) ;
#1676 = CARTESIAN_POINT ( 'NONE',  ( 293.9999999999972700, 182.4999999999876400, 1128.050000000001500 ) ) ;
#1677 = DIRECTION ( 'NONE',  ( 0.0000000000000000000, 0.1391731009600660800, -0.9902680687415702500 ) ) ;
#1678 = ORIENTED_EDGE ( 'NONE', *, *, #585, .T. ) ;
#1680 = LINE ( 'NONE', #3863, #3505 ) ;
#1679 = DIRECTION ( 'NONE',  ( -0.0000000000000000000, -1.000000000000000000, -3.491483361109382100E-015 ) ) ;
#1681 = EDGE_CURVE ( 'NONE', #4580, #506, #3971, .T. ) ;
#1682 = CARTESIAN_POINT ( 'NONE',  ( 429.3924919526901900, -148.0000000000149800, 1865.288230696958400 ) ) ;
#1683 = DIRECTION ( 'NONE',  ( 0.0000000000000000000, -0.9902680687415702500, -0.1391731009600660800 ) ) ;
#1684 = ADVANCED_FACE ( 'NONE', ( #2258 ), #160, .F. ) ;
#1685 = PLANE ( 'NONE',  #4041 ) ;
#1686 = VERTEX_POINT ( 'NONE', #2083 ) ;
#1687 = VECTOR ( 'NONE', #3612, 999.9999999999998900 ) ;
#1688 = CARTESIAN_POINT ( 'NONE',  ( 293.9999999999972700, 185.4999999999875800, 1145.950000000001600 ) ) ;
#1689 = ORIENTED_EDGE ( 'NONE', *, *, #3959, .F. ) ;
#1690 = ADVANCED_FACE ( 'NONE', ( #4178 ), #2077, .T. ) ;
#1691 = VERTEX_POINT ( 'NONE', #2082 ) ;
#1692 = DIRECTION ( 'NONE',  ( 0.0000000000000000000, 3.505967446184703500E-015, -1.000000000000000000 ) ) ;
#1693 = ORIENTED_EDGE ( 'NONE', *, *, #542, .T. ) ;
#1694 = DIRECTION ( 'NONE',  ( -0.6691306063588476900, -2.624780778565214100E-015, 0.7431448254774036800 ) ) ;
#1695 = ADVANCED_FACE ( 'NONE', ( #4626 ), #2053, .T. ) ;
#1696 = VERTEX_POINT ( 'NONE', #2060 ) ;
#1697 = VERTEX_POINT ( 'NONE', #2036 ) ;
#1698 = DIRECTION ( 'NONE',  ( 0.0000000000000000000, -1.000000000000000000, -3.491483361109382100E-015 ) ) ;
#1699 = CARTESIAN_POINT ( 'NONE',  ( 279.9558429024702900, 157.4999999999878100, 1075.769088115750900 ) ) ;
#1700 = CARTESIAN_POINT ( 'NONE',  ( 246.6378172271409400, -132.5000000000145500, 1755.000000000000700 ) ) ;
#1701 = EDGE_CURVE ( 'NONE', #738, #3968, #1098, .T. ) ;
#1702 = ORIENTED_EDGE ( 'NONE', *, *, #727, .T. ) ;
#1703 = DIRECTION ( 'NONE',  ( -0.03720046948165306500, 0.9992460887528884500, -0.01110761821450882000 ) ) ;
#1704 = ORIENTED_EDGE ( 'NONE', *, *, #1572, .T. ) ;
#1705 = ADVANCED_FACE ( 'NONE', ( #1842 ), #2031, .T. ) ;
#1706 = CARTESIAN_POINT ( 'NONE',  ( 299.9999999999972700, 132.4999999999887700, 800.0000000000014800 ) ) ;
#1707 = EDGE_CURVE ( 'NONE', #398, #1183, #3021, .T. ) ;
#1708 = LINE ( 'NONE', #298, #3631 ) ;
#1709 = CARTESIAN_POINT ( 'NONE',  ( 407.0130327245473700, 132.4999999999881200, 978.0995947075740600 ) ) ;
#1710 = VERTEX_POINT ( 'NONE', #2016 ) ;
#1711 = ADVANCED_FACE ( 'NONE', ( #3097, #3993 ), #1958, .T. ) ;
#1712 = CARTESIAN_POINT ( 'NONE',  ( 300.5535446251042800, 132.4999999999877200, 1117.546489444005600 ) ) ;
#1713 = VECTOR ( 'NONE', #569, 1000.000000000000000 ) ;
#1714 = CARTESIAN_POINT ( 'NONE',  ( 340.2760325083132800, 157.4999999999878600, 1083.075597146539600 ) ) ;
#1715 = CARTESIAN_POINT ( 'NONE',  ( 328.6603533474430500, 132.4999999999877200, 1110.680839682785300 ) ) ;
#1716 = CARTESIAN_POINT ( 'NONE',  ( 293.9999999999972700, 182.4999999999875800, 1145.950000000001600 ) ) ;
#1717 = ADVANCED_FACE ( 'NONE', ( #2322 ), #1979, .T. ) ;
#1718 = VERTEX_POINT ( 'NONE', #1909 ) ;
#1719 = DIRECTION ( 'NONE',  ( 0.0000000000000000000, -3.491483361109382500E-015, 1.000000000000000000 ) ) ;
#1720 = CARTESIAN_POINT ( 'NONE',  ( 260.1987496288837200, 76.72021609710391500, 1050.269397184834100 ) ) ;
#1721 = SURFACE_STYLE_FILL_AREA ( #4631 ) ;
#1722 = CARTESIAN_POINT ( 'NONE',  ( 436.7053141131858600, -142.8447950049808500, 1828.607041162609000 ) ) ;
#1723 = DIRECTION ( 'NONE',  ( -0.0000000000000000000, 1.000000000000000000, 3.491483361109382500E-015 ) ) ;
#1724 = CARTESIAN_POINT ( 'NONE',  ( 299.9999999999972700, 138.4999999999887700, 800.0000000000012500 ) ) ;
#1725 = CONICAL_SURFACE ( 'NONE', #1473, 312.0000000000000000, 0.02617993877990719400 ) ;
#1726 = DIRECTION ( 'NONE',  ( -0.0000000000000000000, -1.000000000000000000, -3.491483361109382100E-015 ) ) ;
#1727 = CARTESIAN_POINT ( 'NONE',  ( 443.5874493150363900, -137.6778914488125500, 1791.842612040569700 ) ) ;
#1728 = EDGE_CURVE ( 'NONE', #4325, #4449, #4613, .T. ) ;
#1729 = VERTEX_POINT ( 'NONE', #1887 ) ;
#1730 = ADVANCED_FACE ( 'NONE', ( #4634 ), #1878, .T. ) ;
#1731 = VECTOR ( 'NONE', #1348, 1000.000000000000000 ) ;
#1732 =( NAMED_UNIT ( * ) SI_UNIT ( $, .STERADIAN. ) SOLID_ANGLE_UNIT ( ) );
#1733 = DIRECTION ( 'NONE',  ( -0.0000000000000000000, -1.000000000000000000, -3.491483361109382100E-015 ) ) ;
#1734 = ORIENTED_EDGE ( 'NONE', *, *, #908, .F. ) ;
#1735 =( NAMED_UNIT ( * ) PLANE_ANGLE_UNIT ( ) SI_UNIT ( $, .RADIAN. ) );
#1736 = ORIENTED_EDGE ( 'NONE', *, *, #737, .T. ) ;
#1737 = EDGE_CURVE ( 'NONE', #3544, #4693, #4117, .T. ) ;
#1738 = ADVANCED_FACE ( 'NONE', ( #1438 ), #4431, .T. ) ;
#1739 = AXIS2_PLACEMENT_3D ( 'NONE', #406, #428, #396 ) ;
#1740 = EDGE_CURVE ( 'NONE', #528, #305, #2646, .T. ) ;
#1741 = VERTEX_POINT ( 'NONE', #1830 ) ;
#1742 = CARTESIAN_POINT ( 'NONE',  ( 211.2077342562157600, 47.39250761750645300, 1850.262536643052000 ) ) ;
#1743 = VECTOR ( 'NONE', #4103, 1000.000000000000000 ) ;
#1744 =( LENGTH_UNIT ( ) NAMED_UNIT ( * ) SI_UNIT ( .MILLI., .METRE. ) );
#1745 = SURFACE_STYLE_USAGE ( .BOTH. , #1750 ) ;
#1746 = ADVANCED_FACE ( 'NONE', ( #448, #4619 ), #1755, .T. ) ;
#1747 = EDGE_CURVE ( 'NONE', #1825, #2910, #2300, .T. ) ;
#1748 = VERTEX_POINT ( 'NONE', #1714 ) ;
#1749 = CIRCLE ( 'NONE', #4465, 78.99999999999663200 ) ;
#1750 = SURFACE_SIDE_STYLE ('',( #438 ) ) ;
#1751 = FILL_AREA_STYLE ('',( #1787 ) ) ;
#1752 = ORIENTED_EDGE ( 'NONE', *, *, #940, .F. ) ;
#1753 = EDGE_CURVE ( 'NONE', #2688, #1337, #387, .T. ) ;
#1754 = CYLINDRICAL_SURFACE ( 'NONE', #301, 142.5000000000000600 ) ;
#1755 = PLANE ( 'NONE',  #4119 ) ;
#1756 = ORIENTED_EDGE ( 'NONE', *, *, #2703, .F. ) ;
#1757 = EDGE_LOOP ( 'NONE', ( #2694, #2757, #4372, #679 ) ) ;
#1758 = CARTESIAN_POINT ( 'NONE',  ( 260.1764384182914700, 76.71873278169594800, 1049.738729315221000 ) ) ;
#1759 = ADVANCED_FACE ( 'NONE', ( #1245 ), #1685, .T. ) ;
#1760 = DIRECTION ( 'NONE',  ( 0.0000000000000000000, -3.491483361109382500E-015, 1.000000000000000000 ) ) ;
#1761 = EDGE_CURVE ( 'NONE', #4338, #3031, #287, .T. ) ;
#1762 = ORIENTED_EDGE ( 'NONE', *, *, #1099, .F. ) ;
#1763 = ORIENTED_EDGE ( 'NONE', *, *, #162, .F. ) ;
#1764 = EDGE_CURVE ( 'NONE', #4449, #693, #3213, .T. ) ;
#1765 = ADVANCED_FACE ( 'NONE', ( #4004 ), #1650, .T. ) ;
#1766 = VERTEX_POINT ( 'NONE', #1676 ) ;
#1767 =( BOUNDED_CURVE ( )  B_SPLINE_CURVE ( 3, ( #928, #962, #912, #943 ),
 .UNSPECIFIED., .F., .T. ) 
 B_SPLINE_CURVE_WITH_KNOTS ( ( 4, 4 ),
 ( 3.125753695948879900, 3.145670992407196400 ),
 .UNSPECIFIED. ) 
 CURVE ( )  GEOMETRIC_REPRESENTATION_ITEM ( )  RATIONAL_B_SPLINE_CURVE ( ( 1.000000000000000000, 0.9999669420483599000, 0.9999669420483599000, 1.000000000000000000 ) ) 
 REPRESENTATION_ITEM ( '' )  );
#1768 = CARTESIAN_POINT ( 'NONE',  ( -4262.022683541780700, -110.0000000000116200, 930.0000000000260300 ) ) ;
#1769 = AXIS2_PLACEMENT_3D ( 'NONE', #4314, #3707, #4328 ) ;
#1770 = LINE ( 'NONE', #3174, #2726 ) ;
#1771 = ORIENTED_EDGE ( 'NONE', *, *, #1465, .F. ) ;
#1772 = EDGE_CURVE ( 'NONE', #305, #809, #2180, .T. ) ;
#1773 = VECTOR ( 'NONE', #1047, 1000.000000000000100 ) ;
#1774 = ORIENTED_EDGE ( 'NONE', *, *, #4416, .T. ) ;
#1775 = AXIS2_PLACEMENT_3D ( 'NONE', #365, #363, #359 ) ;
#1776 = DIRECTION ( 'NONE',  ( -0.0000000000000000000, 1.000000000000000000, 3.491483361109382500E-015 ) ) ;
#1777 = EDGE_CURVE ( 'NONE', #2700, #228, #3327, .T. ) ;
#1778 = CARTESIAN_POINT ( 'NONE',  ( 438.5773502691896500, 185.4999999999894800, 1077.986012836122000 ) ) ;
#1779 = CIRCLE ( 'NONE', #3163, 142.5000000000000600 ) ;
#1780 = ORIENTED_EDGE ( 'NONE', *, *, #1051, .F. ) ;
#1781 = DIRECTION ( 'NONE',  ( 0.0000000000000000000, 3.424389199330841800E-015, -1.000000000000000000 ) ) ;
#1782 = CARTESIAN_POINT ( 'NONE',  ( 439.0521141000902500, 184.6776849232719800, 1077.773401138563700 ) ) ;
#1783 = CYLINDRICAL_SURFACE ( 'NONE', #3664, 200.0000000000000600 ) ;
#1784 = ORIENTED_EDGE ( 'NONE', *, *, #2860, .F. ) ;
#1785 = CARTESIAN_POINT ( 'NONE',  ( 289.9999999999972700, 132.4999999999877200, 1117.379611035849200 ) ) ;
#1786 = COLOUR_RGB ( '',0.2901960784313725200, 0.3294117647058823500, 0.3490196078431372400 ) ;
#1787 = FILL_AREA_STYLE_COLOUR ( '', #2211 ) ;
#1788 = ADVANCED_FACE ( 'NONE', ( #176 ), #1596, .T. ) ;
#1789 = EDGE_CURVE ( 'NONE', #4539, #2570, #3906, .T. ) ;
#1790 = CARTESIAN_POINT ( 'NONE',  ( 260.2275131006500700, 76.72038485624604200, 1051.331267891166400 ) ) ;
#1791 = VERTEX_POINT ( 'NONE', #1566 ) ;
#1792 = ORIENTED_EDGE ( 'NONE', *, *, #772, .F. ) ;
#1793 = LINE ( 'NONE', #668, #3805 ) ;
#1794 = ORIENTED_EDGE ( 'NONE', *, *, #1519, .T. ) ;
#1795 = CARTESIAN_POINT ( 'NONE',  ( 299.9999999999972700, -110.0000000000154500, 2017.500000000000500 ) ) ;
#1796 = DIRECTION ( 'NONE',  ( 0.0000000000000000000, -1.000000000000000000, -3.491483361109382100E-015 ) ) ;
#1797 = CARTESIAN_POINT ( 'NONE',  ( 439.9999999869385200, 183.0358984074732400, 1077.344539990394700 ) ) ;
#1798 = EDGE_CURVE ( 'NONE', #809, #4305, #62, .T. ) ;
#1799 = CARTESIAN_POINT ( 'NONE',  ( 439.5263317079415500, 183.8563159326298800, 1077.559576389852100 ) ) ;
#1800 = ORIENTED_EDGE ( 'NONE', *, *, #3774, .T. ) ;
#1801 = CIRCLE ( 'NONE', #2510, 62.50000000000000000 ) ;
#1802 = CARTESIAN_POINT ( 'NONE',  ( 399.2707472552124300, 182.4999999999880100, 1025.703721460201000 ) ) ;
#1803 = DIRECTION ( 'NONE',  ( 0.0000000000000000000, -3.490671803894976700E-015, 1.000000000000000000 ) ) ;
#1804 = ORIENTED_EDGE ( 'NONE', *, *, #3053, .T. ) ;
#1805 = AXIS2_PLACEMENT_3D ( 'NONE', #436, #420, #414 ) ;
#1806 = VECTOR ( 'NONE', #3488, 1000.000000000000200 ) ;
#1807 = CARTESIAN_POINT ( 'NONE',  ( 260.2157750858431800, 76.72076680682820900, 1050.800260926083600 ) ) ;
#1808 = EDGE_CURVE ( 'NONE', #2599, #693, #2991, .T. ) ;
#1809 = CARTESIAN_POINT ( 'NONE',  ( 299.9999999999972700, -82.50000000001128300, 800.0000000000008000 ) ) ;
#1810 = EDGE_LOOP ( 'NONE', ( #1394, #1840, #978, #2805, #1449 ) ) ;
#1811 = DIRECTION ( 'NONE',  ( 0.0000000000000000000, 1.000000000000000000, 3.491483361109382100E-015 ) ) ;
#1812 = LINE ( 'NONE', #2856, #78 ) ;
#1813 = VECTOR ( 'NONE', #2760, 1000.000000000000100 ) ;
#1814 = ADVANCED_FACE ( 'NONE', ( #887 ), #1433, .F. ) ;
#1815 = VERTEX_POINT ( 'NONE', #1485 ) ;
#1816 = ORIENTED_EDGE ( 'NONE', *, *, #505, .F. ) ;
#1817 = CARTESIAN_POINT ( 'NONE',  ( 299.9999999999972700, 182.4999999999887700, 800.0000000000017100 ) ) ;
#1818 = CARTESIAN_POINT ( 'NONE',  ( -8237.696528343014500, -148.0000000000127900, 1239.179573321616100 ) ) ;
#1819 = ORIENTED_EDGE ( 'NONE', *, *, #815, .T. ) ;
#1820 = ORIENTED_EDGE ( 'NONE', *, *, #310, .T. ) ;
#1821 = DIRECTION ( 'NONE',  ( 0.0000000000000000000, 3.505967446184703500E-015, -1.000000000000000000 ) ) ;
#1822 = CARTESIAN_POINT ( 'NONE',  ( 297.9999999999973900, 182.4999999999876100, 1120.000000000001100 ) ) ;
#1823 = ORIENTED_EDGE ( 'NONE', *, *, #4231, .T. ) ;
#1824 = CARTESIAN_POINT ( 'NONE',  ( 299.9999999999972700, 152.4999999999887700, 800.0000000000015900 ) ) ;
#1825 = VERTEX_POINT ( 'NONE', #1490 ) ;
#1826 = EDGE_CURVE ( 'NONE', #1146, #528, #3637, .T. ) ;
#1827 = DIRECTION ( 'NONE',  ( 0.0000000000000000000, 1.000000000000000000, 3.491483361109382100E-015 ) ) ;
#1828 = LINE ( 'NONE', #3303, #3740 ) ;
#1829 = VERTEX_POINT ( 'NONE', #1535 ) ;
#1830 = CARTESIAN_POINT ( 'NONE',  ( 214.4621796672568300, 105.4999999999881500, 980.7851799587685900 ) ) ;
#1831 = DIRECTION ( 'NONE',  ( 0.0000000000000000000, 1.000000000000000000, 3.491483361109382100E-015 ) ) ;
#1832 = AXIS2_PLACEMENT_3D ( 'NONE', #488, #451, #446 ) ;
#1833 = CIRCLE ( 'NONE', #2980, 80.00000000000007100 ) ;
#1834 = ORIENTED_EDGE ( 'NONE', *, *, #1544, .F. ) ;
#1835 = EDGE_CURVE ( 'NONE', #528, #4305, #445, .T. ) ;
#1836 = ADVANCED_FACE ( 'NONE', ( #3490 ), #1398, .F. ) ;
#1837 = CARTESIAN_POINT ( 'NONE',  ( 261.0929362167949000, 76.66799638130750300, 1095.730498430331000 ) ) ;
#1838 = ORIENTED_EDGE ( 'NONE', *, *, #3660, .T. ) ;
#1839 = EDGE_CURVE ( 'NONE', #2649, #970, #4355, .T. ) ;
#1840 = ORIENTED_EDGE ( 'NONE', *, *, #2004, .F. ) ;
#1841 = DIRECTION ( 'NONE',  ( 0.0000000000000000000, 3.545420242872306300E-015, -1.000000000000000000 ) ) ;
#1842 = FACE_OUTER_BOUND ( 'NONE', #3619, .T. ) ;
#1843 = CIRCLE ( 'NONE', #336, 311.9999999999998300 ) ;
#1844 = DIRECTION ( 'NONE',  ( -3.038931636747691100E-016, 1.000000000000000000, 3.545420242872311100E-015 ) ) ;
#1845 = LINE ( 'NONE', #1571, #4516 ) ;
#1846 = DIRECTION ( 'NONE',  ( 0.0000000000000000000, -3.491483361109382500E-015, 1.000000000000000000 ) ) ;
#1847 = VECTOR ( 'NONE', #226, 1000.000000000000000 ) ;
#1848 = ADVANCED_FACE ( 'NONE', ( #2362 ), #1373, .T. ) ;
#1849 = DIRECTION ( 'NONE',  ( 0.0000000000000000000, -3.469446951953613400E-015, 1.000000000000000000 ) ) ;
#1850 = ORIENTED_EDGE ( 'NONE', *, *, #389, .T. ) ;
#1851 = DIRECTION ( 'NONE',  ( -5.687419264004427400E-031, -0.0000000000000000000, 1.000000000000000000 ) ) ;
#1852 = DIRECTION ( 'NONE',  ( -0.0000000000000000000, 1.000000000000000000, 3.491483361109382500E-015 ) ) ;
#1853 = VECTOR ( 'NONE', #1001, 1000.000000000000100 ) ;
#1854 = COLOUR_RGB ( '',0.8431372549019607900, 0.8431372549019607900, 0.8431372549019607900 ) ;
#1855 = UNCERTAINTY_MEASURE_WITH_UNIT (LENGTH_MEASURE( 1.000000000000000100E-005 ), #1744, 'distance_accuracy_value', 'NONE');
#1856 = EDGE_CURVE ( 'NONE', #191, #4121, #340, .T. ) ;
#1857 = ORIENTED_EDGE ( 'NONE', *, *, #1789, .T. ) ;
#1858 = CARTESIAN_POINT ( 'NONE',  ( 293.9999999999972700, 185.4999999999876400, 1128.050000000001500 ) ) ;
#1859 = VECTOR ( 'NONE', #3623, 1000.000000000000100 ) ;
#1860 = VERTEX_POINT ( 'NONE', #1343 ) ;
#1861 = ADVANCED_FACE ( 'NONE', ( #2236 ), #230, .T. ) ;
#1862 = CIRCLE ( 'NONE', #3786, 310.8216335293868700 ) ;
#1863 = EDGE_CURVE ( 'NONE', #416, #1383, #3268, .T. ) ;
#1864 = ORIENTED_EDGE ( 'NONE', *, *, #2416, .T. ) ;
#1865 = CARTESIAN_POINT ( 'NONE',  ( 299.9999999999972700, 132.4999999999887500, 800.0000000000014800 ) ) ;
#1866 = VECTOR ( 'NONE', #3142, 1000.000000000000000 ) ;
#1867 = DIRECTION ( 'NONE',  ( 0.0000000000000000000, -1.000000000000000000, -3.491483361109382100E-015 ) ) ;
#1868 = ORIENTED_EDGE ( 'NONE', *, *, #3106, .T. ) ;
#1869 = EDGE_CURVE ( 'NONE', #3212, #3876, #555, .T. ) ;
#1870 = FACE_OUTER_BOUND ( 'NONE', #4158, .T. ) ;
#1871 = PLANE ( 'NONE',  #3154 ) ;
#1872 = ADVANCED_FACE ( 'NONE', ( #4055 ), #1329, .T. ) ;
#1873 = VERTEX_POINT ( 'NONE', #1304 ) ;
#1874 = DIRECTION ( 'NONE',  ( 0.3253617993951511400, 0.008820448039266019100, 0.9455484647498171300 ) ) ;
#1875 = VERTEX_POINT ( 'NONE', #1272 ) ;
#1876 = EDGE_LOOP ( 'NONE', ( #825, #295, #1804, #1689 ) ) ;
#1877 = ORIENTED_EDGE ( 'NONE', *, *, #267, .T. ) ;
#1878 = PLANE ( 'NONE',  #4443 ) ;
#1879 = CARTESIAN_POINT ( 'NONE',  ( 281.9999999999973900, -44.50000000001558200, 1950.000000000001400 ) ) ;
#1880 = ORIENTED_EDGE ( 'NONE', *, *, #2831, .T. ) ;
#1881 = CARTESIAN_POINT ( 'NONE',  ( 235.9793230400172500, -48.06405698849486200, 1922.252357782104600 ) ) ;
#1882 = ADVANCED_FACE ( 'NONE', ( #1059 ), #1277, .T. ) ;
#1883 = DIRECTION ( 'NONE',  ( 0.0000000000000000000, -3.330669073875481500E-015, 1.000000000000000000 ) ) ;
#1884 = LINE ( 'NONE', #3359, #2846 ) ;
#1885 = ORIENTED_EDGE ( 'NONE', *, *, #4366, .T. ) ;
#1886 = CARTESIAN_POINT ( 'NONE',  ( 418.4516382367497700, 182.4999999999879200, 1076.386532696817100 ) ) ;
#1887 = CARTESIAN_POINT ( 'NONE',  ( 317.0577952564738700, 132.4999999999877500, 1099.216662144930300 ) ) ;
#1888 = LINE ( 'NONE', #3673, #3789 ) ;
#1889 = EDGE_CURVE ( 'NONE', #4305, #452, #2113, .T. ) ;
#1890 = ORIENTED_EDGE ( 'NONE', *, *, #2402, .F. ) ;
#1891 = DIRECTION ( 'NONE',  ( 0.0000000000000000000, -3.431598439750482400E-015, 1.000000000000000000 ) ) ;
#1892 = CIRCLE ( 'NONE', #3175, 76.99999999999995700 ) ;
#1893 = CARTESIAN_POINT ( 'NONE',  ( 293.9999999999972700, 185.4999999999876100, 1137.000000000001600 ) ) ;
#1894 = DIRECTION ( 'NONE',  ( -0.2588190451025247400, 0.0000000000000000000, -0.9659258262890672000 ) ) ;
#1895 = ORIENTED_EDGE ( 'NONE', *, *, #1889, .T. ) ;
#1896 = ADVANCED_FACE ( 'NONE', ( #1179, #3951 ), #1246, .T. ) ;
#1897 = AXIS2_PLACEMENT_3D ( 'NONE', #2119, #2106, #2098 ) ;
#1898 = EDGE_CURVE ( 'NONE', #452, #1146, #945, .T. ) ;
#1899 = FACE_BOUND ( 'NONE', #4542, .T. ) ;
#1900 = DIRECTION ( 'NONE',  ( 0.9655948276329338100, 0.02617694830787394400, -0.2587303542799180300 ) ) ;
#1901 = CARTESIAN_POINT ( 'NONE',  ( 210.2592446005195100, 82.37965336238022500, 1850.262536643052000 ) ) ;
#1902 = VECTOR ( 'NONE', #4249, 1000.000000000000100 ) ;
#1903 = DIRECTION ( 'NONE',  ( 0.0000000000000000000, 0.1622066002983285600, -0.9867568184814626800 ) ) ;
#1904 = ORIENTED_EDGE ( 'NONE', *, *, #4033, .T. ) ;
#1905 = ADVANCED_FACE ( 'NONE', ( #1978 ), #956, .F. ) ;
#1906 = FACE_OUTER_BOUND ( 'NONE', #2809, .T. ) ;
#1907 = DIRECTION ( 'NONE',  ( 0.0000000000000000000, -0.9867568184814626800, -0.1622066002983285600 ) ) ;
#1908 = EDGE_CURVE ( 'NONE', #2374, #2262, #333, .T. ) ;
#1909 = CARTESIAN_POINT ( 'NONE',  ( 281.9999999999972700, -44.50000000001207200, 1049.351158008140400 ) ) ;
#1910 = ORIENTED_EDGE ( 'NONE', *, *, #1869, .F. ) ;
#1911 = DIRECTION ( 'NONE',  ( 0.0000000000000000000, -3.491483361109382500E-015, 1.000000000000000000 ) ) ;
#1912 = LINE ( 'NONE', #4425, #3201 ) ;
#1913 = SURFACE_STYLE_FILL_AREA ( #1528 ) ;
#1914 = MANIFOLD_SOLID_BREP ( 'Cut-Extrude4', #1287 ) ;
#1915 = DIRECTION ( 'NONE',  ( -0.0000000000000000000, 1.000000000000000000, 3.491483361109382500E-015 ) ) ;
#1916 = VERTEX_POINT ( 'NONE', #1073 ) ;
#1917 = AXIS2_PLACEMENT_3D ( 'NONE', #3893, #3880, #3897 ) ;
#1918 = LINE ( 'NONE', #3049, #3331 ) ;
#1919 = CARTESIAN_POINT ( 'NONE',  ( 299.9999999999972700, -95.00000000001570300, 2080.000000000000500 ) ) ;
#1920 = CARTESIAN_POINT ( 'NONE',  ( 260.2275131006500700, 76.72038485624604200, 1051.331267891166400 ) ) ;
#1921 = CARTESIAN_POINT ( 'NONE',  ( 328.1608410450231800, 182.4999999999878100, 1003.718433845880400 ) ) ;
#1922 = EDGE_CURVE ( 'NONE', #4635, #2354, #2567, .T. ) ;
#1923 = COLOUR_RGB ( '',0.2901960784313725200, 0.3294117647058823500, 0.3490196078431372400 ) ;
#1924 = ORIENTED_EDGE ( 'NONE', *, *, #2723, .F. ) ;
#1925 = ADVANCED_FACE ( 'NONE', ( #3161 ), #3431, .T. ) ;
#1926 = VECTOR ( 'NONE', #3838, 1000.000000000000200 ) ;
#1927 = ORIENTED_EDGE ( 'NONE', *, *, #893, .T. ) ;
#1928 = AXIS2_PLACEMENT_3D ( 'NONE', #480, #468, #465 ) ;
#1929 = CARTESIAN_POINT ( 'NONE',  ( 99.99999999999727200, -44.50000000001541200, 1900.000000000000900 ) ) ;
#1930 = VECTOR ( 'NONE', #1280, 1000.000000000000100 ) ;
#1931 =( NAMED_UNIT ( * ) SI_UNIT ( $, .STERADIAN. ) SOLID_ANGLE_UNIT ( ) );
#1932 = CARTESIAN_POINT ( 'NONE',  ( 520.9312898830259000, -128.5867184042783400, 1016.903686521834400 ) ) ;
#1933 =( NAMED_UNIT ( * ) PLANE_ANGLE_UNIT ( ) SI_UNIT ( $, .RADIAN. ) );
#1934 = EDGE_CURVE ( 'NONE', #191, #4325, #4307, .T. ) ;
#1935 = CARTESIAN_POINT ( 'NONE',  ( 260.2275131006896300, -76.72038485627722100, 1051.331267891165000 ) ) ;
#1936 = ORIENTED_EDGE ( 'NONE', *, *, #1969, .F. ) ;
#1937 = ORIENTED_EDGE ( 'NONE', *, *, #182, .F. ) ;
#1938 =( LENGTH_UNIT ( ) NAMED_UNIT ( * ) SI_UNIT ( .MILLI., .METRE. ) );
#1939 = ADVANCED_FACE ( 'NONE', ( #2425 ), #4207, .F. ) ;
#1940 = EDGE_CURVE ( 'NONE', #3862, #848, #495, .T. ) ;
#1941 = SURFACE_STYLE_USAGE ( .BOTH. , #1946 ) ;
#1942 = CARTESIAN_POINT ( 'NONE',  ( 299.9999999999973300, 147.9999999999843400, 2080.000000000001400 ) ) ;
#1943 = ORIENTED_EDGE ( 'NONE', *, *, #4080, .T. ) ;
#1944 = EDGE_CURVE ( 'NONE', #3054, #4479, #3859, .T. ) ;
#1945 = ORIENTED_EDGE ( 'NONE', *, *, #2408, .F. ) ;
#1946 = SURFACE_SIDE_STYLE ('',( #2740 ) ) ;
#1947 = ORIENTED_EDGE ( 'NONE', *, *, #367, .T. ) ;
#1948 = DIRECTION ( 'NONE',  ( -0.6327053285625118300, 0.0000000000000000000, -0.7743926440821890000 ) ) ;
#1949 = LINE ( 'NONE', #1381, #3025 ) ;
#1950 = ORIENTED_EDGE ( 'NONE', *, *, #2794, .F. ) ;
#1951 = DIRECTION ( 'NONE',  ( 0.0000000000000000000, 1.000000000000000000, 3.491483361109382100E-015 ) ) ;
#1952 = FILL_AREA_STYLE ('',( #1983 ) ) ;
#1953 = ADVANCED_FACE ( 'NONE', ( #2293 ), #934, .F. ) ;
#1954 = EDGE_CURVE ( 'NONE', #4486, #2262, #282, .T. ) ;
#1955 = LINE ( 'NONE', #1795, #4688 ) ;
#1956 = ORIENTED_EDGE ( 'NONE', *, *, #4076, .F. ) ;
#1957 = DIRECTION ( 'NONE',  ( 0.7741272790639500700, -0.02617694830787089000, -0.6324885162485817100 ) ) ;
#1958 = PLANE ( 'NONE',  #4571 ) ;
#1959 = DIRECTION ( 'NONE',  ( -0.0000000000000000000, -1.000000000000000000, -3.491483361109382100E-015 ) ) ;
#1960 = LINE ( 'NONE', #728, #3845 ) ;
#1961 = ORIENTED_EDGE ( 'NONE', *, *, #2976, .T. ) ;
#1962 = CARTESIAN_POINT ( 'NONE',  ( 248.2820997666110000, 165.8489904030579100, 1833.212738221601700 ) ) ;
#1963 = EDGE_CURVE ( 'NONE', #2251, #1873, #3323, .T. ) ;
#1964 = ADVANCED_FACE ( 'NONE', ( #4099 ), #886, .F. ) ;
#1965 = DIRECTION ( 'NONE',  ( 0.0000000000000000000, 2.775557561562889000E-015, -1.000000000000000000 ) ) ;
#1966 = EDGE_LOOP ( 'NONE', ( #4127, #2904, #4529, #1649 ) ) ;
#1967 = DIRECTION ( 'NONE',  ( -0.3253617993951519700, 0.008820448039272723800, -0.9455484647498165800 ) ) ;
#1968 = CARTESIAN_POINT ( 'NONE',  ( 312.9049476426617400, 132.4999999999881200, 984.5493492980688200 ) ) ;
#1969 = EDGE_CURVE ( 'NONE', #2459, #3503, #1332, .T. ) ;
#1970 = ORIENTED_EDGE ( 'NONE', *, *, #657, .T. ) ;
#1971 = DIRECTION ( 'NONE',  ( -0.0000000000000000000, -1.000000000000000000, -2.775557561562888600E-015 ) ) ;
#1972 = DIRECTION ( 'NONE',  ( 0.0000000000000000000, -1.000000000000000000, -3.491483361109382100E-015 ) ) ;
#1973 = VECTOR ( 'NONE', #194, 1000.000000000000000 ) ;
#1974 = CARTESIAN_POINT ( 'NONE',  ( 313.3691243373678500, 149.1081253033777600, 984.9528518762620000 ) ) ;
#1975 = ORIENTED_EDGE ( 'NONE', *, *, #2370, .F. ) ;
#1976 = VECTOR ( 'NONE', #616, 1000.000000000000100 ) ;
#1977 = ADVANCED_FACE ( 'NONE', ( #3209 ), #844, .T. ) ;
#1978 = FACE_OUTER_BOUND ( 'NONE', #212, .T. ) ;
#1979 = PLANE ( 'NONE',  #4490 ) ;
#1980 = EDGE_LOOP ( 'NONE', ( #3784, #1454, #145, #1275 ) ) ;
#1981 = VERTEX_POINT ( 'NONE', #835 ) ;
#1982 = CARTESIAN_POINT ( 'NONE',  ( 399.2707472552124300, 182.4999999999879200, 1045.703721460201000 ) ) ;
#1983 = FILL_AREA_STYLE_COLOUR ( '', #1923 ) ;
#1984 = CARTESIAN_POINT ( 'NONE',  ( 314.3020652960140100, 182.4999999999890900, 985.7595347041980200 ) ) ;
#1985 = VERTEX_POINT ( 'NONE', #817 ) ;
#1986 = VECTOR ( 'NONE', #4419, 1000.000000000000000 ) ;
#1987 = CARTESIAN_POINT ( 'NONE',  ( 474.5938630796956700, 157.4999999999880600, 1014.399956084068400 ) ) ;
#1988 = CARTESIAN_POINT ( 'NONE',  ( 313.8348302218186100, 165.7747919700446700, 985.3562470116384000 ) ) ;
#1989 = ADVANCED_FACE ( 'NONE', ( #3105 ), #812, .F. ) ;
#1990 = DIRECTION ( 'NONE',  ( -0.1607425656038263500, 0.0000000000000000000, -0.9869963665602319300 ) ) ;
#1991 = ORIENTED_EDGE ( 'NONE', *, *, #2314, .T. ) ;
#1992 = VECTOR ( 'NONE', #4505, 1000.000000000000200 ) ;
#1993 = CARTESIAN_POINT ( 'NONE',  ( 261.0825167876396300, -1.226176572912017700E-011, 1095.114511463872100 ) ) ;
#1994 = EDGE_CURVE ( 'NONE', #2354, #3985, #1239, .T. ) ;
#1995 = DIRECTION ( 'NONE',  ( 0.9866581475561960700, 0.02617694830787389800, -0.1606874831412291000 ) ) ;
#1996 = EDGE_LOOP ( 'NONE', ( #4040, #101, #930, #4031, #2148, #2959, #4082, #2015, #1579, #3240, #1087 ) ) ;
#1997 = ADVANCED_FACE ( 'NONE', ( #2043 ), #794, .T. ) ;
#1998 = CARTESIAN_POINT ( 'NONE',  ( 260.5546473524962600, 76.70974003109822100, 1066.130241013776600 ) ) ;
#1999 = EDGE_CURVE ( 'NONE', #3620, #2599, #1004, .T. ) ;
#2000 = VERTEX_POINT ( 'NONE', #773 ) ;
#2001 = CARTESIAN_POINT ( 'NONE',  ( 299.9999999999972700, 109.9999999999845400, 2017.500000000001400 ) ) ;
#2002 = ORIENTED_EDGE ( 'NONE', *, *, #73, .F. ) ;
#2003 = DIRECTION ( 'NONE',  ( 0.0000000000000000000, -3.330669073875481500E-015, 1.000000000000000000 ) ) ;
#2004 = EDGE_CURVE ( 'NONE', #733, #4121, #2175, .T. ) ;
#2005 = ADVANCED_FACE ( 'NONE', ( #3902, #58 ), #747, .F. ) ;
#2006 = ORIENTED_EDGE ( 'NONE', *, *, #1922, .T. ) ;
#2007 = ORIENTED_EDGE ( 'NONE', *, *, #4233, .F. ) ;
#2008 = DIRECTION ( 'NONE',  ( 0.0000000000000000000, 3.101181633031158700E-015, -1.000000000000000000 ) ) ;
#2009 = DIRECTION ( 'NONE',  ( -0.0000000000000000000, -1.000000000000000000, -3.491483361109382100E-015 ) ) ;
#2010 = STYLED_ITEM ( 'NONE', ( #3102 ), #1711 ) ;
#2011 = CARTESIAN_POINT ( 'NONE',  ( 299.9999999999973300, 147.9999999999843400, 2080.000000000001400 ) ) ;
#2012 = CARTESIAN_POINT ( 'NONE',  ( 236.1072099364448900, 32.23917152085937200, 1096.384772699057100 ) ) ;
#2013 = VECTOR ( 'NONE', #2281, 1000.000000000000100 ) ;
#2014 = CARTESIAN_POINT ( 'NONE',  ( 260.8351108177649300, 3.354604629331509300, 1080.519378922329000 ) ) ;
#2015 = ORIENTED_EDGE ( 'NONE', *, *, #670, .T. ) ;
#2016 = CARTESIAN_POINT ( 'NONE',  ( 418.5212064986759500, 185.4999999999878100, 1076.350041885255500 ) ) ;
#2017 = LINE ( 'NONE', #3693, #980 ) ;
#2018 = CARTESIAN_POINT ( 'NONE',  ( 260.8431223806844100, 76.69227716639621000, 1080.930018189823600 ) ) ;
#2019 = VERTEX_POINT ( 'NONE', #751 ) ;
#2020 = ADVANCED_FACE ( 'NONE', ( #879, #4000 ), #4565, .T. ) ;
#2021 = DIRECTION ( 'NONE',  ( -0.0000000000000000000, -1.000000000000000000, -3.491483361109382100E-015 ) ) ;
#2022 = CIRCLE ( 'NONE', #2931, 400.0000000000000000 ) ;
#2023 = CARTESIAN_POINT ( 'NONE',  ( 329.0240529160454900, 157.4999999999880300, 1013.985851487323400 ) ) ;
#2024 = ORIENTED_EDGE ( 'NONE', *, *, #1423, .T. ) ;
#2025 = DIRECTION ( 'NONE',  ( 0.0000000000000000000, -3.469446951953615000E-015, 1.000000000000000000 ) ) ;
#2026 = ADVANCED_FACE ( 'NONE', ( #1906 ), #701, .F. ) ;
#2027 = CARTESIAN_POINT ( 'NONE',  ( 293.9999999999972700, 182.4999999999876100, 1137.000000000001600 ) ) ;
#2028 = LINE ( 'NONE', #2169, #3987 ) ;
#2029 = EDGE_CURVE ( 'NONE', #3985, #2827, #1793, .T. ) ;
#2030 = ORIENTED_EDGE ( 'NONE', *, *, #2029, .T. ) ;
#2031 = PLANE ( 'NONE',  #486 ) ;
#2032 = DIRECTION ( 'NONE',  ( 3.038931636747691100E-016, -1.000000000000000000, -3.545420242872311100E-015 ) ) ;
#2033 = ORIENTED_EDGE ( 'NONE', *, *, #763, .F. ) ;
#2034 = FACE_OUTER_BOUND ( 'NONE', #4329, .T. ) ;
#2035 = ADVANCED_FACE ( 'NONE', ( #4655 ), #697, .T. ) ;
#2036 = CARTESIAN_POINT ( 'NONE',  ( 299.9999999999972700, -44.50000000001143300, 867.7946920771670400 ) ) ;
#2037 = EDGE_CURVE ( 'NONE', #3621, #83, #3709, .T. ) ;
#2038 = EDGE_CURVE ( 'NONE', #3904, #959, #4547, .T. ) ;
#2039 = VERTEX_POINT ( 'NONE', #630 ) ;
#2040 = DIRECTION ( 'NONE',  ( 0.0000000000000000000, -3.625903225114137300E-015, 1.000000000000000000 ) ) ;
#2041 = CIRCLE ( 'NONE', #741, 250.0000000000000000 ) ;
#2042 = AXIS2_PLACEMENT_3D ( 'NONE', #578, #510, #509 ) ;
#2043 = FACE_OUTER_BOUND ( 'NONE', #3492, .T. ) ;
#2044 = DIRECTION ( 'NONE',  ( -0.0000000000000000000, -1.000000000000000000, -3.491483361109382100E-015 ) ) ;
#2045 = EDGE_CURVE ( 'NONE', #610, #3750, #662, .T. ) ;
#2046 = DIRECTION ( 'NONE',  ( -0.07410849019539234000, 0.0000000000000000000, 0.9972501850994860400 ) ) ;
#2047 = EDGE_LOOP ( 'NONE', ( #2902, #235 ) ) ;
#2048 = ADVANCED_FACE ( 'NONE', ( #2753 ), #606, .T. ) ;
#2049 = DIRECTION ( 'NONE',  ( -1.210321891838471900E-016, 1.000000000000000000, 3.625903225114137300E-015 ) ) ;
#2050 = VECTOR ( 'NONE', #1643, 1000.000000000000000 ) ;
#2051 = CARTESIAN_POINT ( 'NONE',  ( 299.9999999999972700, -44.50000000001119100, 800.0000000000009100 ) ) ;
#2052 = ORIENTED_EDGE ( 'NONE', *, *, #4180, .T. ) ;
#2053 = PLANE ( 'NONE',  #274 ) ;
#2054 = LINE ( 'NONE', #3570, #2565 ) ;
#2055 = ADVANCED_FACE ( 'NONE', ( #3600 ), #551, .T. ) ;
#2056 = CARTESIAN_POINT ( 'NONE',  ( 210.2592446005194200, -82.37965336241006800, 1850.262536643051600 ) ) ;
#2057 = ORIENTED_EDGE ( 'NONE', *, *, #3496, .T. ) ;
#2058 =( NAMED_UNIT ( * ) SI_UNIT ( $, .STERADIAN. ) SOLID_ANGLE_UNIT ( ) );
#2059 = EDGE_LOOP ( 'NONE', ( #2718, #4277, #712, #807 ) ) ;
#2060 = CARTESIAN_POINT ( 'NONE',  ( 436.4926554045108600, 182.4999999999881200, 968.8010878389899300 ) ) ;
#2061 = ADVANCED_FACE ( 'NONE', ( #765, #1671, #2628 ), #627, .F. ) ;
#2062 = ORIENTED_EDGE ( 'NONE', *, *, #3037, .T. ) ;
#2063 = LINE ( 'NONE', #3039, #4564 ) ;
#2064 = CARTESIAN_POINT ( 'NONE',  ( 314.0739181907631500, 177.4999999999876900, 1114.705655235679800 ) ) ;
#2065 = DIRECTION ( 'NONE',  ( 0.9300900468830154400, 0.0000000000000000000, 0.3673316004499884700 ) ) ;
#2066 = ORIENTED_EDGE ( 'NONE', *, *, #572, .F. ) ;
#2067 = VERTEX_POINT ( 'NONE', #556 ) ;
#2068 = CARTESIAN_POINT ( 'NONE',  ( 209.1164621621047700, -67.50000000001225000, 1097.091550303368900 ) ) ;
#2069 = EDGE_CURVE ( 'NONE', #3849, #191, #1545, .T. ) ;
#2070 = DIRECTION ( 'NONE',  ( -0.3672057250848256800, -0.02617694830787649700, 0.9297713282534658700 ) ) ;
#2071 = ORIENTED_EDGE ( 'NONE', *, *, #3807, .F. ) ;
#2072 = ORIENTED_EDGE ( 'NONE', *, *, #217, .T. ) ;
#2073 = ADVANCED_FACE ( 'NONE', ( #3484 ), #571, .T. ) ;
#2074 = AXIS2_PLACEMENT_3D ( 'NONE', #479, #472, #469 ) ;
#2075 = PLANE ( 'NONE',  #3186 ) ;
#2076 = ORIENTED_EDGE ( 'NONE', *, *, #4247, .T. ) ;
#2077 = PLANE ( 'NONE',  #437 ) ;
#2078 = EDGE_CURVE ( 'NONE', #3849, #4449, #4352, .T. ) ;
#2079 = DIRECTION ( 'NONE',  ( 0.0000000000000000000, -3.513364001978493200E-015, 1.000000000000000000 ) ) ;
#2080 = CIRCLE ( 'NONE', #2578, 199.9999999999999400 ) ;
#2081 = VERTEX_POINT ( 'NONE', #525 ) ;
#2082 = CARTESIAN_POINT ( 'NONE',  ( 281.9999999999972700, -32.50000000001500700, 1827.000000000000900 ) ) ;
#2083 = CARTESIAN_POINT ( 'NONE',  ( 359.4539964426677400, -82.50000000001111300, 751.0692090091029100 ) ) ;
#2084 = DIRECTION ( 'NONE',  ( 0.0000000000000000000, 3.582305327979368800E-015, -1.000000000000000000 ) ) ;
#2085 = CIRCLE ( 'NONE', #2819, 4783.737077154221000 ) ;
#2086 = B_SPLINE_CURVE_WITH_KNOTS ( 'NONE', 3,
 ( #2137, #2146, #2147, #2131 ),
 .UNSPECIFIED., .F., .F.,
 ( 4, 4 ),
 ( 2.423651445728339100E-016, 0.005887557812683538400 ),
 .UNSPECIFIED. ) ;
#2087 = ORIENTED_EDGE ( 'NONE', *, *, #4680, .F. ) ;
#2088 = ADVANCED_FACE ( 'NONE', ( #3381 ), #519, .F. ) ;
#2089 = DIRECTION ( 'NONE',  ( 0.0000000000000000000, -1.000000000000000000, -3.491483361109382100E-015 ) ) ;
#2090 = LINE ( 'NONE', #766, #1044 ) ;
#2091 = ORIENTED_EDGE ( 'NONE', *, *, #343, .F. ) ;
#2092 = DIRECTION ( 'NONE',  ( 0.06975647374413297700, 0.0000000000000000000, 0.9975640502598237500 ) ) ;
#2093 = ORIENTED_EDGE ( 'NONE', *, *, #1276, .T. ) ;
#2094 = CARTESIAN_POINT ( 'NONE',  ( 310.6661415115063400, 157.4999999999877800, 1087.897874114654300 ) ) ;
#2095 = SURFACE_STYLE_FILL_AREA ( #2878 ) ;
#2096 = CARTESIAN_POINT ( 'NONE',  ( 299.9999999999972700, -48.50000000001104900, 731.5000000000009100 ) ) ;
#2097 = DIRECTION ( 'NONE',  ( -0.9972222099745178300, 0.02617694830787298300, 0.06973256994278767600 ) ) ;
#2098 = DIRECTION ( 'NONE',  ( 0.0000000000000000000, 4.718447854656911400E-015, -1.000000000000000000 ) ) ;
#2099 = EDGE_CURVE ( 'NONE', #2193, #1718, #2496, .T. ) ;
#2100 = ADVANCED_FACE ( 'NONE', ( #1306 ), #516, .F. ) ;
#2101 = CARTESIAN_POINT ( 'NONE',  ( 299.9999999999972700, -48.50000000001123400, 800.0000000000009100 ) ) ;
#2102 = CARTESIAN_POINT ( 'NONE',  ( 452.8127294083121800, 132.4999999999879200, 1044.857741006952400 ) ) ;
#2103 = EDGE_LOOP ( 'NONE', ( #1120, #3062, #1451, #118, #894 ) ) ;
#2104 = LINE ( 'NONE', #4334, #3759 ) ;
#2105 = VECTOR ( 'NONE', #334, 999.9999999999998900 ) ;
#2106 = DIRECTION ( 'NONE',  ( 1.665334536937728100E-015, -1.000000000000000000, -4.718447854656902700E-015 ) ) ;
#2107 = ADVANCED_FACE ( 'NONE', ( #4258 ), #485, .F. ) ;
#2108 = AXIS2_PLACEMENT_3D ( 'NONE', #552, #535, #4629 ) ;
#2109 = DIRECTION ( 'NONE',  ( -0.02437450461734787200, 0.9993869806673985100, -0.02513058688450573900 ) ) ;
#2110 = ORIENTED_EDGE ( 'NONE', *, *, #47, .T. ) ;
#2111 = EDGE_CURVE ( 'NONE', #138, #4586, #2356, .T. ) ;
#2112 = DIRECTION ( 'NONE',  ( 0.0000000000000000000, -3.608224830031771400E-015, 1.000000000000000000 ) ) ;
#2113 = LINE ( 'NONE', #1254, #113 ) ;
#2114 = ORIENTED_EDGE ( 'NONE', *, *, #908, .T. ) ;
#2115 = ADVANCED_FACE ( 'NONE', ( #335 ), #426, .T. ) ;
#2117 = LINE ( 'NONE', #392, #2943 ) ;
#2116 = CARTESIAN_POINT ( 'NONE',  ( 361.7085005108344800, -82.50000000001206500, 1063.266275769246500 ) ) ;
#2118 = DIRECTION ( 'NONE',  ( -0.0000000000000000000, -1.000000000000000000, -3.491483361109382100E-015 ) ) ;
#2119 = CARTESIAN_POINT ( 'NONE',  ( 299.9999999999972700, 79.49999999995057500, 800.0000000000011400 ) ) ;
#2120 = CARTESIAN_POINT ( 'NONE',  ( -3968.848264171508200, 132.4999999999876900, 1117.379611035849200 ) ) ;
#2121 = ORIENTED_EDGE ( 'NONE', *, *, #4680, .T. ) ;
#2122 = VECTOR ( 'NONE', #4126, 1000.000000000000000 ) ;
#2123 = DIRECTION ( 'NONE',  ( 1.000000000000000000, 0.0000000000000000000, 0.0000000000000000000 ) ) ;
#2124 = EDGE_LOOP ( 'NONE', ( #1334, #1080, #4175, #2158 ) ) ;
#2125 = LINE ( 'NONE', #4480, #3864 ) ;
#2126 = DIRECTION ( 'NONE',  ( 0.0000000000000000000, -3.330669073875469600E-015, 1.000000000000000000 ) ) ;
#2127 = ADVANCED_FACE ( 'NONE', ( #2231 ), #401, .F. ) ;
#2128 = CARTESIAN_POINT ( 'NONE',  ( 299.9999999999973300, -95.00000000001568900, 2080.000000000000500 ) ) ;
#2129 = AXIS2_PLACEMENT_3D ( 'NONE', #3260, #3281, #3254 ) ;
#2130 = ORIENTED_EDGE ( 'NONE', *, *, #4416, .F. ) ;
#2131 = CARTESIAN_POINT ( 'NONE',  ( 260.2275131006904300, -86.22624537136663000, 1051.331267891164500 ) ) ;
#2132 = EDGE_CURVE ( 'NONE', #1873, #2251, #3263, .T. ) ;
#2133 = ADVANCED_FACE ( 'NONE', ( #1171 ), #1055, .F. ) ;
#2134 = ORIENTED_EDGE ( 'NONE', *, *, #3018, .T. ) ;
#2135 = ORIENTED_EDGE ( 'NONE', *, *, #345, .T. ) ;
#2136 = DIRECTION ( 'NONE',  ( -0.4645092906775890000, -0.0000000000000000000, -0.8855682463109226800 ) ) ;
#2137 = CARTESIAN_POINT ( 'NONE',  ( 259.9969821760516300, -82.50000000001209300, 1046.778764412534900 ) ) ;
#2138 = CARTESIAN_POINT ( 'NONE',  ( 260.2275131006895800, 7.255251579007141200, 1051.331267891164800 ) ) ;
#2139 = ORIENTED_EDGE ( 'NONE', *, *, #1311, .T. ) ;
#2140 = ADVANCED_FACE ( 'NONE', ( #225 ), #349, .T. ) ;
#2141 = DIRECTION ( 'NONE',  ( 1.110223024625270900E-016, 1.000000000000000000, 3.219646771412965400E-015 ) ) ;
#2142 = ORIENTED_EDGE ( 'NONE', *, *, #2273, .T. ) ;
#2143 = AXIS2_PLACEMENT_3D ( 'NONE', #577, #580, #564 ) ;
#2144 = EDGE_CURVE ( 'NONE', #3687, #3182, #4051, .T. ) ;
#2145 = LINE ( 'NONE', #3800, #3082 ) ;
#2146 = CARTESIAN_POINT ( 'NONE',  ( 260.1169705108624700, -83.74372037068086200, 1048.292739613656100 ) ) ;
#2147 = CARTESIAN_POINT ( 'NONE',  ( 260.1938913742826000, -84.98574867312272800, 1049.810280643002200 ) ) ;
#2148 = ORIENTED_EDGE ( 'NONE', *, *, #1666, .T. ) ;
#2149 = CARTESIAN_POINT ( 'NONE',  ( 260.2275131006895800, -7.255251579047769200, 1051.331267891164800 ) ) ;
#2150 = PLANE ( 'NONE',  #3200 ) ;
#2151 = VECTOR ( 'NONE', #88, 1000.000000000000000 ) ;
#2152 = DIRECTION ( 'NONE',  ( 0.0000000000000000000, 8.310262699611758700E-015, -1.000000000000000000 ) ) ;
#2153 = ADVANCED_FACE ( 'NONE', ( #3155 ), #284, .F. ) ;
#2154 = ORIENTED_EDGE ( 'NONE', *, *, #1940, .T. ) ;
#2155 = DIRECTION ( 'NONE',  ( 2.401924812890963500E-015, -1.000000000000000000, -8.273296577735542000E-015 ) ) ;
#2156 = CARTESIAN_POINT ( 'NONE',  ( 289.9999999999972700, 182.4999999999876400, 1120.000000000001400 ) ) ;
#2157 = CIRCLE ( 'NONE', #3322, 137.5000000000000600 ) ;
#2158 = ORIENTED_EDGE ( 'NONE', *, *, #37, .F. ) ;
#2159 = CARTESIAN_POINT ( 'NONE',  ( 299.9999999999971600, 185.4999999999917900, 800.0000000000019300 ) ) ;
#2160 = ADVANCED_FACE ( 'NONE', ( #110 ), #2926, .T. ) ;
#2161 = CARTESIAN_POINT ( 'NONE',  ( 299.9999999999972700, 109.9999999999843400, 2080.000000000001400 ) ) ;
#2162 = ORIENTED_EDGE ( 'NONE', *, *, #615, .F. ) ;
#2163 = FACE_OUTER_BOUND ( 'NONE', #4059, .T. ) ;
#2164 = DIRECTION ( 'NONE',  ( 0.2588190451025247900, -0.0000000000000000000, 0.9659258262890672000 ) ) ;
#2165 = DIRECTION ( 'NONE',  ( 0.0000000000000000000, 3.552713678800500900E-015, -1.000000000000000000 ) ) ;
#2166 = LINE ( 'NONE', #4095, #4096 ) ;
#2167 = CARTESIAN_POINT ( 'NONE',  ( 241.8249861761683800, -83.23538991140441100, 1835.541311410120200 ) ) ;
#2168 = AXIS2_PLACEMENT_3D ( 'NONE', #2636, #2537, #2367 ) ;
#2169 = CARTESIAN_POINT ( 'NONE',  ( 281.9999999999977300, -76.40310002823197500, 1950.000000000002700 ) ) ;
#2170 = CARTESIAN_POINT ( 'NONE',  ( 299.9999999999972700, 839.6067811865363000, 800.0000000000042100 ) ) ;
#2171 = EDGE_CURVE ( 'NONE', #3739, #4586, #3855, .T. ) ;
#2172 = VERTEX_POINT ( 'NONE', #251 ) ;
#2173 = EDGE_LOOP ( 'NONE', ( #3725, #193, #1062, #1673 ) ) ;
#2174 = CARTESIAN_POINT ( 'NONE',  ( 423.1758859693683800, 185.4999999999877800, 1085.224000746202400 ) ) ;
#2175 = LINE ( 'NONE', #776, #2985 ) ;
#2176 = CARTESIAN_POINT ( 'NONE',  ( 281.9999999999973900, 44.49999999998427600, 1950.000000000001800 ) ) ;
#2177 = ORIENTED_EDGE ( 'NONE', *, *, #1514, .F. ) ;
#2178 = DIRECTION ( 'NONE',  ( 0.0000000000000000000, -1.000000000000000000, -3.491483361109382100E-015 ) ) ;
#2179 = AXIS2_PLACEMENT_3D ( 'NONE', #634, #644, #602 ) ;
#2180 = LINE ( 'NONE', #1627, #2050 ) ;
#2181 = CARTESIAN_POINT ( 'NONE',  ( 461.2250122368136500, 185.4999999999906500, 1065.492750879178200 ) ) ;
#2182 = EDGE_CURVE ( 'NONE', #4670, #2193, #6, .T. ) ;
#2183 = ORIENTED_EDGE ( 'NONE', *, *, #3033, .F. ) ;
#2184 = FACE_OUTER_BOUND ( 'NONE', #745, .T. ) ;
#2185 = DIRECTION ( 'NONE',  ( 0.0000000000000000000, -3.491483361109382500E-015, 1.000000000000000000 ) ) ;
#2186 = CARTESIAN_POINT ( 'NONE',  ( 221.3803443595896300, 109.9999999999843400, 2072.257277805388200 ) ) ;
#2187 = ORIENTED_EDGE ( 'NONE', *, *, #1409, .F. ) ;
#2188 = ADVANCED_FACE ( 'NONE', ( #816 ), #1725, .T. ) ;
#2189 = VERTEX_POINT ( 'NONE', #211 ) ;
#2190 = PLANE ( 'NONE',  #3246 ) ;
#2191 = PLANE ( 'NONE',  #3403 ) ;
#2192 = ORIENTED_EDGE ( 'NONE', *, *, #4094, .T. ) ;
#2193 = VERTEX_POINT ( 'NONE', #206 ) ;
#2194 = VERTEX_POINT ( 'NONE', #203 ) ;
#2195 = DIRECTION ( 'NONE',  ( 0.02709970444846315800, 0.9996327355678214000, 0.0000000000000000000 ) ) ;
#2196 = ORIENTED_EDGE ( 'NONE', *, *, #1211, .F. ) ;
#2197 = DIRECTION ( 'NONE',  ( 0.0000000000000000000, 1.000000000000000000, 3.491483361109382100E-015 ) ) ;
#2198 = ORIENTED_EDGE ( 'NONE', *, *, #3033, .T. ) ;
#2199 = EDGE_CURVE ( 'NONE', #2929, #138, #4599, .T. ) ;
#2200 = CARTESIAN_POINT ( 'NONE',  ( 328.3779176799500300, 182.4999999999880100, 1014.091081292716800 ) ) ;
#2201 = VERTEX_POINT ( 'NONE', #214 ) ;
#2202 = DIRECTION ( 'NONE',  ( -0.0000000000000000000, 1.000000000000000000, 3.612159776829508000E-015 ) ) ;
#2203 = DIRECTION ( 'NONE',  ( 0.0000000000000000000, -3.492845917557926000E-015, 1.000000000000000000 ) ) ;
#2204 = CARTESIAN_POINT ( 'NONE',  ( 260.5501089583903000, 5.773027171606828200, 1065.924932116821100 ) ) ;
#2205 = AXIS2_PLACEMENT_3D ( 'NONE', #589, #587, #595 ) ;
#2206 = LINE ( 'NONE', #2241, #4029 ) ;
#2207 = ORIENTED_EDGE ( 'NONE', *, *, #3084, .T. ) ;
#2208 = EDGE_CURVE ( 'NONE', #1697, #3390, #3946, .T. ) ;
#2209 = ADVANCED_FACE ( 'NONE', ( #3755 ), #183, .F. ) ;
#2210 = LINE ( 'NONE', #2551, #4035 ) ;
#2211 = COLOUR_RGB ( '',0.2901960784313725200, 0.3294117647058823500, 0.3490196078431372400 ) ;
#2212 = ORIENTED_EDGE ( 'NONE', *, *, #3814, .T. ) ;
#2213 = EDGE_CURVE ( 'NONE', #784, #3736, #705, .T. ) ;
#2214 = EDGE_CURVE ( 'NONE', #590, #3562, #2812, .T. ) ;
#2215 = DIRECTION ( 'NONE',  ( -0.0000000000000000000, 1.000000000000000000, 3.491483361109382500E-015 ) ) ;
#2216 = UNCERTAINTY_MEASURE_WITH_UNIT (LENGTH_MEASURE( 1.000000000000000100E-005 ), #1121, 'distance_accuracy_value', 'NONE');
#2217 = VECTOR ( 'NONE', #1015, 1000.000000000000000 ) ;
#2218 = VERTEX_POINT ( 'NONE', #143 ) ;
#2219 = CARTESIAN_POINT ( 'NONE',  ( 399.5517701822171300, 182.4999999999879500, 991.6500517989004500 ) ) ;
#2220 = CARTESIAN_POINT ( 'NONE',  ( 339.9426799755361800, 132.4999999999878400, 1084.206935728832100 ) ) ;
#2221 = LINE ( 'NONE', #2664, #494 ) ;
#2222 = CIRCLE ( 'NONE', #3499, 80.00000000000007100 ) ;
#2223 = DIRECTION ( 'NONE',  ( 1.664320060133659100E-015, -0.9993908270190956500, -0.03489949670250166300 ) ) ;
#2224 = DIRECTION ( 'NONE',  ( -0.9844702839913739300, -0.1736481776669273100, 0.02577926164378581100 ) ) ;
#2225 = COLOUR_RGB ( '',0.2901960784313725200, 0.3294117647058823500, 0.3490196078431372400 ) ;
#2226 = CARTESIAN_POINT ( 'NONE',  ( 299.9999999999973300, -198.0000000000156300, 2030.000000000000200 ) ) ;
#2227 = LINE ( 'NONE', #2576, #3379 ) ;
#2228 = ORIENTED_EDGE ( 'NONE', *, *, #2245, .T. ) ;
#2229 = VECTOR ( 'NONE', #4006, 1000.000000000000000 ) ;
#2230 = DIRECTION ( 'NONE',  ( -0.06975647374415103200, 2.437165084061163000E-015, -0.9975640502598224200 ) ) ;
#2231 = FACE_OUTER_BOUND ( 'NONE', #2968, .T. ) ;
#2232 = CARTESIAN_POINT ( 'NONE',  ( 261.0986430608337500, -1.226534162351400600E-011, 1095.730348991360200 ) ) ;
#2233 = EDGE_LOOP ( 'NONE', ( #2773, #1877, #1542, #4114 ) ) ;
#2234 = ORIENTED_EDGE ( 'NONE', *, *, #591, .F. ) ;
#2235 = ADVANCED_FACE ( 'NONE', ( #1603 ), #128, .T. ) ;
#2236 = FACE_OUTER_BOUND ( 'NONE', #1075, .T. ) ;
#2237 = AXIS2_PLACEMENT_3D ( 'NONE', #818, #791, #759 ) ;
#2238 = PLANE ( 'NONE',  #4211 ) ;
#2239 = EDGE_LOOP ( 'NONE', ( #262, #2024, #1819, #3016, #910, #2071 ) ) ;
#2240 = LINE ( 'NONE', #2418, #3767 ) ;
#2241 = CARTESIAN_POINT ( 'NONE',  ( 234.9030703142829900, -32.23917152088362300, 1050.400535750181000 ) ) ;
#2242 = ORIENTED_EDGE ( 'NONE', *, *, #3018, .F. ) ;
#2243 = LINE ( 'NONE', #4409, #3770 ) ;
#2244 = CARTESIAN_POINT ( 'NONE',  ( 250.5153396248647100, -83.47098244617531300, 1833.212738221600800 ) ) ;
#2245 = EDGE_CURVE ( 'NONE', #2218, #2189, #4498, .T. ) ;
#2246 = CARTESIAN_POINT ( 'NONE',  ( 314.4937863260546500, 132.4999999999880600, 1007.270801045015600 ) ) ;
#2247 = ORIENTED_EDGE ( 'NONE', *, *, #2919, .F. ) ;
#2248 = ADVANCED_FACE ( 'NONE', ( #4394 ), #4302, .T. ) ;
#2249 = CARTESIAN_POINT ( 'NONE',  ( 241.8249861761686100, 83.23538991137466800, 1835.541311410120700 ) ) ;
#2250 = VECTOR ( 'NONE', #2864, 1000.000000000000200 ) ;
#2251 = VERTEX_POINT ( 'NONE', #89 ) ;
#2252 = DIRECTION ( 'NONE',  ( -0.9060137184700075600, -0.02456172464464645800, 0.4225350442586157700 ) ) ;
#2253 = CARTESIAN_POINT ( 'NONE',  ( 395.5281809378476500, 132.4999999999881500, 983.6392295962544900 ) ) ;
#2254 = VERTEX_POINT ( 'NONE', #85 ) ;
#2255 = ORIENTED_EDGE ( 'NONE', *, *, #3496, .F. ) ;
#2256 = DIRECTION ( 'NONE',  ( -0.9659733311317944000, 0.0000000000000000000, 0.2586416894898124800 ) ) ;
#2257 = ADVANCED_FACE ( 'NONE', ( #1479 ), #74, .F. ) ;
#2258 = FACE_OUTER_BOUND ( 'NONE', #181, .T. ) ;
#2259 = ORIENTED_EDGE ( 'NONE', *, *, #3754, .T. ) ;
#2260 = CARTESIAN_POINT ( 'NONE',  ( 521.7144186124423900, -110.0000000000160400, 2180.000000000000900 ) ) ;
#2261 = DIRECTION ( 'NONE',  ( -0.2586353318232661500, -0.007011516132828530000, -0.9659495865593547000 ) ) ;
#2262 = VERTEX_POINT ( 'NONE', #81 ) ;
#2263 = EDGE_CURVE ( 'NONE', #2193, #138, #608, .T. ) ;
#2264 = CARTESIAN_POINT ( 'NONE',  ( 314.4937863260543100, 132.4999999999880600, 1007.270801045015600 ) ) ;
#2265 = LINE ( 'NONE', #4011, #4081 ) ;
#2266 = ORIENTED_EDGE ( 'NONE', *, *, #3084, .F. ) ;
#2267 = EDGE_CURVE ( 'NONE', #2218, #2254, #3425, .T. ) ;
#2268 = ADVANCED_FACE ( 'NONE', ( #490 ), #51, .T. ) ;
#2269 = AXIS2_PLACEMENT_3D ( 'NONE', #607, #601, #597 ) ;
#2270 = LINE ( 'NONE', #175, #1220 ) ;
#2271 = ORIENTED_EDGE ( 'NONE', *, *, #3119, .F. ) ;
#2272 = DIRECTION ( 'NONE',  ( -0.02617694830786632100, 0.0000000000000000000, -0.9996573249755574800 ) ) ;
#2273 = EDGE_CURVE ( 'NONE', #4536, #1428, #2420, .T. ) ;
#2274 = CARTESIAN_POINT ( 'NONE',  ( 270.7407368348029900, 49.00642712754795800, 1912.938065028028600 ) ) ;
#2275 = PRODUCT ( 'IRB660_180-315_LINK2_CAD_rev02', 'IRB660_180-315_LINK2_CAD_rev02', '', ( #854 ) ) ;
#2276 = DIRECTION ( 'NONE',  ( 1.000000000000000000, 0.0000000000000000000, 0.0000000000000000000 ) ) ;
#2277 = VECTOR ( 'NONE', #2230, 1000.000000000000000 ) ;
#2278 = AXIS2_PLACEMENT_3D ( 'NONE', #3333, #3319, #3315 ) ;
#2279 = ORIENTED_EDGE ( 'NONE', *, *, #3081, .T. ) ;
#2280 = DIRECTION ( 'NONE',  ( 0.9996573249755574800, 1.352521087502946800E-016, -0.02617694830786632100 ) ) ;
#2281 = DIRECTION ( 'NONE',  ( 0.9006982393225846400, -0.0000000000000000000, -0.4344452574044237500 ) ) ;
#2282 = EDGE_LOOP ( 'NONE', ( #4375, #916 ) ) ;
#2283 = FACE_OUTER_BOUND ( 'NONE', #4205, .T. ) ;
#2284 = ADVANCED_FACE ( 'NONE', ( #1367 ), #40, .T. ) ;
#2285 = EDGE_CURVE ( 'NONE', #1741, #1515, #3316, .T. ) ;
#2286 = PLANE ( 'NONE',  #4656 ) ;
#2287 = CARTESIAN_POINT ( 'NONE',  ( 430.8982199453820400, 185.4999999999879200, 1056.968909955040500 ) ) ;
#2288 = VECTOR ( 'NONE', #3916, 1000.000000000000000 ) ;
#2289 = DIRECTION ( 'NONE',  ( 0.8433914458128858300, 1.914144997094037100E-015, -0.5372996083468236600 ) ) ;
#2290 = ORIENTED_EDGE ( 'NONE', *, *, #2111, .T. ) ;
#2291 = DIRECTION ( 'NONE',  ( 0.0000000000000000000, -3.431598439750482400E-015, 1.000000000000000000 ) ) ;
#2292 = EDGE_LOOP ( 'NONE', ( #4365, #1370 ) ) ;
#2294 = AXIS2_PLACEMENT_3D ( 'NONE', #3960, #3945, #3913 ) ;
#2293 = FACE_OUTER_BOUND ( 'NONE', #1669, .T. ) ;
#2295 = EDGE_CURVE ( 'NONE', #228, #2700, #378, .T. ) ;
#2296 = ORIENTED_EDGE ( 'NONE', *, *, #2498, .F. ) ;
#2297 = DIRECTION ( 'NONE',  ( -0.0000000000000000000, -1.000000000000000000, -3.491483361109382900E-015 ) ) ;
#2298 = ORIENTED_EDGE ( 'NONE', *, *, #1672, .T. ) ;
#2299 = ADVANCED_FACE ( 'NONE', ( #4203 ), #1104, .T. ) ;
#2300 = LINE ( 'NONE', #1709, #4212 ) ;
#2301 = ORIENTED_EDGE ( 'NONE', *, *, #1963, .F. ) ;
#2302 = VECTOR ( 'NONE', #4553, 1000.000000000000000 ) ;
#2303 = EDGE_CURVE ( 'NONE', #2019, #3449, #2166, .T. ) ;
#2304 = CARTESIAN_POINT ( 'NONE',  ( 209.1164621621047700, -67.50000000001226400, 1097.091550303369100 ) ) ;
#2305 = CARTESIAN_POINT ( 'NONE',  ( 430.2952734252477900, 132.4999999999878600, 1055.718872442063000 ) ) ;
#2306 = DIRECTION ( 'NONE',  ( -0.0000000000000000000, -1.000000000000000000, -2.121943836052914800E-015 ) ) ;
#2307 = EDGE_CURVE ( 'NONE', #4536, #2929, #1236, .T. ) ;
#2308 = ORIENTED_EDGE ( 'NONE', *, *, #117, .T. ) ;
#2309 = ORIENTED_EDGE ( 'NONE', *, *, #2732, .F. ) ;
#2310 = CARTESIAN_POINT ( 'NONE',  ( 299.9999999999973300, 79.49999999998864600, 869.0920599932128400 ) ) ;
#2311 = ADVANCED_FACE ( 'NONE', ( #276 ), #2747, .F. ) ;
#2312 = CARTESIAN_POINT ( 'NONE',  ( 297.9999999999972700, 132.4999999999875800, 1137.000000000001400 ) ) ;
#2313 = ORIENTED_EDGE ( 'NONE', *, *, #205, .F. ) ;
#2314 = EDGE_CURVE ( 'NONE', #3459, #4693, #3702, .T. ) ;
#2315 = COLOUR_RGB ( '',0.2901960784313725200, 0.3294117647058823500, 0.3490196078431372400 ) ;
#2316 = ORIENTED_EDGE ( 'NONE', *, *, #1835, .T. ) ;
#2317 = DIRECTION ( 'NONE',  ( 0.0000000000000000000, 2.829258448070552800E-015, -1.000000000000000000 ) ) ;
#2318 = ORIENTED_EDGE ( 'NONE', *, *, #430, .T. ) ;
#2319 = ORIENTED_EDGE ( 'NONE', *, *, #2801, .F. ) ;
#2320 = ORIENTED_EDGE ( 'NONE', *, *, #170, .F. ) ;
#2321 = ADVANCED_FACE ( 'NONE', ( #1667 ), #4148, .F. ) ;
#2322 = FACE_OUTER_BOUND ( 'NONE', #849, .T. ) ;
#2323 = DIRECTION ( 'NONE',  ( -0.0000000000000000000, -1.000000000000000000, -3.491483361109382100E-015 ) ) ;
#2324 = AXIS2_PLACEMENT_3D ( 'NONE', #2444, #2385, #2383 ) ;
#2325 = VERTEX_POINT ( 'NONE', #1858 ) ;
#2326 = PLANE ( 'NONE',  #3275 ) ;
#2327 = DIRECTION ( 'NONE',  ( 0.0000000000000000000, 3.505967446184703500E-015, -1.000000000000000000 ) ) ;
#2328 = DIRECTION ( 'NONE',  ( 0.0000000000000000000, -1.000000000000000000, -3.491483361109382100E-015 ) ) ;
#2329 = VECTOR ( 'NONE', #2289, 1000.000000000000100 ) ;
#2330 = FACE_OUTER_BOUND ( 'NONE', #4511, .T. ) ;
#2331 = CARTESIAN_POINT ( 'NONE',  ( 259.8945034386719000, -1.190228135164088200E-011, 1049.746112042484600 ) ) ;
#2332 = ORIENTED_EDGE ( 'NONE', *, *, #1764, .T. ) ;
#2333 = CARTESIAN_POINT ( 'NONE',  ( 328.6603533474434500, 132.4999999999910800, 1110.680839682785100 ) ) ;
#2334 = CARTESIAN_POINT ( 'NONE',  ( 299.9999999999972700, 132.4999999999887700, 800.0000000000014800 ) ) ;
#2335 = AXIS2_PLACEMENT_3D ( 'NONE', #3480, #3516, #3512 ) ;
#2336 = LINE ( 'NONE', #3641, #1039 ) ;
#2337 = VERTEX_POINT ( 'NONE', #1886 ) ;
#2338 = ADVANCED_FACE ( 'NONE', ( #3259 ), #1181, .T. ) ;
#2339 = PLANE ( 'NONE',  #3291 ) ;
#2340 = CIRCLE ( 'NONE', #2995, 78.99999999999663200 ) ;
#2341 = DIRECTION ( 'NONE',  ( 0.0000000000000000000, 3.545420242872306300E-015, -1.000000000000000000 ) ) ;
#2342 = CARTESIAN_POINT ( 'NONE',  ( 299.9999999999972700, 79.49999999995080200, 750.0000000000011400 ) ) ;
#2343 = ORIENTED_EDGE ( 'NONE', *, *, #37, .T. ) ;
#2344 = DIRECTION ( 'NONE',  ( -4.346849677591200800E-014, -3.490671803894977500E-015, 1.000000000000000000 ) ) ;
#2345 = EDGE_CURVE ( 'NONE', #4670, #2929, #3376, .T. ) ;
#2346 = FACE_OUTER_BOUND ( 'NONE', #2239, .T. ) ;
#2347 = DIRECTION ( 'NONE',  ( -0.01220090069433740100, 0.9993150019883696400, 0.03493801401384537300 ) ) ;
#2348 = CARTESIAN_POINT ( 'NONE',  ( 285.0120887098258900, 132.4999999999884600, 1016.562727056526500 ) ) ;
#2349 = CARTESIAN_POINT ( 'NONE',  ( 399.8045020775071500, 132.4999999999880900, 992.1740192475691600 ) ) ;
#2350 = VECTOR ( 'NONE', #4463, 1000.000000000000100 ) ;
#2351 = VECTOR ( 'NONE', #1851, 1000.000000000000000 ) ;
#2352 = ADVANCED_FACE ( 'NONE', ( #1166 ), #4595, .F. ) ;
#2353 = FACE_BOUND ( 'NONE', #292, .T. ) ;
#2354 = VERTEX_POINT ( 'NONE', #449 ) ;
#2355 = EDGE_CURVE ( 'NONE', #3369, #402, #813, .T. ) ;
#2356 = LINE ( 'NONE', #440, #4154 ) ;
#2357 = DIRECTION ( 'NONE',  ( 0.0000000000000000000, -3.330669073875469600E-015, 1.000000000000000000 ) ) ;
#2358 = EDGE_CURVE ( 'NONE', #2570, #2688, #1843, .T. ) ;
#2359 = ORIENTED_EDGE ( 'NONE', *, *, #4533, .F. ) ;
#2360 = ORIENTED_EDGE ( 'NONE', *, *, #3364, .F. ) ;
#2361 = CARTESIAN_POINT ( 'NONE',  ( -8237.696528343014500, 147.9999999999872700, 1239.179573321616800 ) ) ;
#2362 = FACE_OUTER_BOUND ( 'NONE', #4459, .T. ) ;
#2363 = CARTESIAN_POINT ( 'NONE',  ( 227.5879493108412000, -82.50000000001134000, 826.1819578143255300 ) ) ;
#2364 = DIRECTION ( 'NONE',  ( 0.0000000000000000000, 1.000000000000000000, 2.764698136279027600E-015 ) ) ;
#2365 = ORIENTED_EDGE ( 'NONE', *, *, #170, .T. ) ;
#2366 = LINE ( 'NONE', #711, #3608 ) ;
#2367 = DIRECTION ( 'NONE',  ( 0.0000000000000000000, 3.491483361109382500E-015, -1.000000000000000000 ) ) ;
#2368 = CARTESIAN_POINT ( 'NONE',  ( 395.5281809378478800, 132.4999999999881200, 983.6392295962542700 ) ) ;
#2369 = DIRECTION ( 'NONE',  ( -0.02709970444846301500, -0.9996327355678214000, 0.0000000000000000000 ) ) ;
#2370 = EDGE_CURVE ( 'NONE', #1400, #4670, #3854, .T. ) ;
#2371 = ORIENTED_EDGE ( 'NONE', *, *, #434, .F. ) ;
#2372 = CARTESIAN_POINT ( 'NONE',  ( 400.7402733105312200, 185.4999999999878400, 1085.676718510368800 ) ) ;
#2373 = LINE ( 'NONE', #4133, #3173 ) ;
#2374 = VERTEX_POINT ( 'NONE', #311 ) ;
#2375 = AXIS2_PLACEMENT_3D ( 'NONE', #684, #659, #654 ) ;
#2376 = DIRECTION ( 'NONE',  ( 1.110223024625270900E-016, 1.000000000000000000, 3.219646771412965400E-015 ) ) ;
#2377 = VECTOR ( 'NONE', #3156, 1000.000000000000000 ) ;
#2378 = DIRECTION ( 'NONE',  ( 0.5150380749100551500, -0.0000000000000000000, 0.8571673007021116700 ) ) ;
#2379 = DIRECTION ( 'NONE',  ( 0.0000000000000000000, -2.764698136279028000E-015, 1.000000000000000000 ) ) ;
#2380 = EDGE_CURVE ( 'NONE', #2337, #676, #2920, .T. ) ;
#2381 = ADVANCED_FACE ( 'NONE', ( #2810, #4494 ), #61, .T. ) ;
#2382 = ORIENTED_EDGE ( 'NONE', *, *, #2078, .T. ) ;
#2383 = DIRECTION ( 'NONE',  ( 0.1607425656038199400, 0.0000000000000000000, 0.9869963665602329300 ) ) ;
#2384 = AXIS2_PLACEMENT_3D ( 'NONE', #621, #620, #613 ) ;
#2385 = DIRECTION ( 'NONE',  ( -0.9866581475561970700, 0.02617694830787265300, 0.1606874831412226900 ) ) ;
#2386 = CARTESIAN_POINT ( 'NONE',  ( 260.1764384182914700, 76.71873278169594800, 1049.738729315221000 ) ) ;
#2387 = ORIENTED_EDGE ( 'NONE', *, *, #2561, .T. ) ;
#2388 = ORIENTED_EDGE ( 'NONE', *, *, #688, .F. ) ;
#2389 = PLANE ( 'NONE',  #2324 ) ;
#2390 = VERTEX_POINT ( 'NONE', #2363 ) ;
#2391 = ADVANCED_FACE ( 'NONE', ( #4200 ), #4532, .F. ) ;
#2392 = CARTESIAN_POINT ( 'NONE',  ( 441.1206401019644000, -48.50000000001134000, 830.0000000000008000 ) ) ;
#2393 = ORIENTED_EDGE ( 'NONE', *, *, #2, .T. ) ;
#2394 = CARTESIAN_POINT ( 'NONE',  ( 299.9999999999972700, -48.50000000001129100, 800.0000000000009100 ) ) ;
#2395 = DIRECTION ( 'NONE',  ( -0.9300900468830155500, -0.0000000000000000000, -0.3673316004499884200 ) ) ;
#2396 = AXIS2_PLACEMENT_3D ( 'NONE', #3847, #3833, #3827 ) ;
#2397 = ADVANCED_FACE ( 'NONE', ( #376 ), #272, .T. ) ;
#2398 = LINE ( 'NONE', #4240, #1346 ) ;
#2399 = ORIENTED_EDGE ( 'NONE', *, *, #754, .F. ) ;
#2400 = DIRECTION ( 'NONE',  ( -1.686296958369301400E-015, 1.000000000000000000, 2.197423629961968900E-015 ) ) ;
#2401 = CARTESIAN_POINT ( 'NONE',  ( 281.9999999999972700, 109.9999999999847700, 1950.000000000001800 ) ) ;
#2402 = EDGE_CURVE ( 'NONE', #1400, #3843, #1230, .T. ) ;
#2403 = DIRECTION ( 'NONE',  ( 8.728708402773577400E-016, -1.000000000000000000, -2.338850367489974100E-016 ) ) ;
#2404 = CARTESIAN_POINT ( 'NONE',  ( 521.3809676350405200, -48.50000000001161700, 910.0000000000008000 ) ) ;
#2405 = VECTOR ( 'NONE', #435, 999.9999999999998900 ) ;
#2406 = ORIENTED_EDGE ( 'NONE', *, *, #2586, .F. ) ;
#2407 = ADVANCED_FACE ( 'NONE', ( #2283 ), #3994, .F. ) ;
#2408 = EDGE_CURVE ( 'NONE', #2589, #4563, #4091, .T. ) ;
#2409 = VECTOR ( 'NONE', #2620, 1000.000000000000100 ) ;
#2410 = ORIENTED_EDGE ( 'NONE', *, *, #4378, .F. ) ;
#2411 = DIRECTION ( 'NONE',  ( 0.0000000000000000000, 0.1391731009600591900, 0.9902680687415711400 ) ) ;
#2412 = CONICAL_SURFACE ( 'NONE', #3605, 62.50000000000000000, 0.1745329251994307000 ) ;
#2413 = CARTESIAN_POINT ( 'NONE',  ( 310.9066144234880100, 182.4999999999877800, 1087.288992489155400 ) ) ;
#2414 = AXIS2_PLACEMENT_3D ( 'NONE', #709, #769, #694 ) ;
#2415 = CARTESIAN_POINT ( 'NONE',  ( 328.4714272132376300, 132.4999999999880300, 1014.665251359287100 ) ) ;
#2416 = EDGE_CURVE ( 'NONE', #3068, #2218, #3202, .T. ) ;
#2417 = DIRECTION ( 'NONE',  ( 0.0000000000000000000, 0.9902680687415712500, -0.1391731009600592200 ) ) ;
#2418 = CARTESIAN_POINT ( 'NONE',  ( 405.8907469391543300, 182.4999999999888300, 978.7739320393112600 ) ) ;
#2419 = ADVANCED_FACE ( 'NONE', ( #2034 ), #2977, .T. ) ;
#2420 = LINE ( 'NONE', #10, #3536 ) ;
#2421 = DIRECTION ( 'NONE',  ( 0.0000000000000000000, -3.431598439750482400E-015, 1.000000000000000000 ) ) ;
#2422 = CARTESIAN_POINT ( 'NONE',  ( 271.9306312753486700, -76.40310002823025600, 1912.420604319467900 ) ) ;
#2423 = VERTEX_POINT ( 'NONE', #4261 ) ;
#2424 = ORIENTED_EDGE ( 'NONE', *, *, #884, .T. ) ;
#2425 = FACE_OUTER_BOUND ( 'NONE', #4016, .T. ) ;
#2426 = DIRECTION ( 'NONE',  ( 0.0000000000000000000, 4.631750356626261500E-015, -1.000000000000000000 ) ) ;
#2427 = ADVANCED_FACE ( 'NONE', ( #995 ), #4208, .T. ) ;
#2428 = CARTESIAN_POINT ( 'NONE',  ( 521.7144186124423900, 109.9999999999847700, 1950.000000000001800 ) ) ;
#2429 = ORIENTED_EDGE ( 'NONE', *, *, #958, .T. ) ;
#2430 = ORIENTED_EDGE ( 'NONE', *, *, #1505, .T. ) ;
#2431 = CARTESIAN_POINT ( 'NONE',  ( 299.9999999999972700, 109.9999999999843300, 2080.000000000001400 ) ) ;
#2432 = DIRECTION ( 'NONE',  ( 1.665334536937728100E-015, -1.000000000000000000, -4.718447854656902700E-015 ) ) ;
#2433 = CARTESIAN_POINT ( 'NONE',  ( 299.9999999999971600, 138.4999999999890300, 800.0000000000014800 ) ) ;
#2434 = EDGE_LOOP ( 'NONE', ( #3517, #579, #1702, #2654 ) ) ;
#2435 = ADVANCED_FACE ( 'NONE', ( #2163 ), #4139, .T. ) ;
#2437 = VECTOR ( 'NONE', #3137, 1000.000000000000100 ) ;
#2436 = CARTESIAN_POINT ( 'NONE',  ( -78.28560638755743600, 132.4999999999883200, 930.0000000000014800 ) ) ;
#2438 = CARTESIAN_POINT ( 'NONE',  ( 429.0452359122700200, 185.4999999999880300, 1056.321818962197500 ) ) ;
#2439 = PRODUCT_RELATED_PRODUCT_CATEGORY ( 'part', '', ( #2275 ) ) ;
#2440 = CARTESIAN_POINT ( 'NONE',  ( 521.7143936124415400, -88.33550566338848900, 930.0000000000008000 ) ) ;
#2441 = ORIENTED_EDGE ( 'NONE', *, *, #411, .T. ) ;
#2442 = FACE_OUTER_BOUND ( 'NONE', #3226, .T. ) ;
#2443 = DIRECTION ( 'NONE',  ( -0.0000000000000000000, -1.000000000000000000, -3.491483361109382100E-015 ) ) ;
#2444 = CARTESIAN_POINT ( 'NONE',  ( 339.9426799755361800, 132.4999999999878400, 1084.206935728832100 ) ) ;
#2445 = ORIENTED_EDGE ( 'NONE', *, *, #572, .T. ) ;
#2446 = LINE ( 'NONE', #353, #629 ) ;
#2447 = PRODUCT_DEFINITION_FORMATION_WITH_SPECIFIED_SOURCE ( 'ANY', '', #2275, .NOT_KNOWN. ) ;
#2448 = ADVANCED_FACE ( 'NONE', ( #3894 ), #873, .F. ) ;
#2449 = AXIS2_PLACEMENT_3D ( 'NONE', #2575, #2547, #2546 ) ;
#2450 = ORIENTED_EDGE ( 'NONE', *, *, #1764, .F. ) ;
#2451 = CARTESIAN_POINT ( 'NONE',  ( 450.0379509725985900, 132.4999999999854800, 1755.000000000001600 ) ) ;
#2452 = ORIENTED_EDGE ( 'NONE', *, *, #1354, .T. ) ;
#2453 = DIRECTION ( 'NONE',  ( 0.4344452574044248000, -0.0000000000000000000, 0.9006982393225840800 ) ) ;
#2454 = EDGE_CURVE ( 'NONE', #1718, #1400, #52, .T. ) ;
#2455 = CARTESIAN_POINT ( 'NONE',  ( 260.2275131006500700, 76.72038485624604200, 1051.331267891166400 ) ) ;
#2456 = PRODUCT_DEFINITION ( 'UNKNOWN', '', #2447, #568 ) ;
#2457 = ADVANCED_FACE ( 'NONE', ( #3796 ), #4075, .T. ) ;
#2458 = ORIENTED_EDGE ( 'NONE', *, *, #3007, .T. ) ;
#2459 = VERTEX_POINT ( 'NONE', #4083 ) ;
#2460 = DIRECTION ( 'NONE',  ( 0.0000000000000000000, 3.514504704576390500E-015, -1.000000000000000000 ) ) ;
#2461 = DIRECTION ( 'NONE',  ( 0.0000000000000000000, 3.491483361109382500E-015, -1.000000000000000000 ) ) ;
#2462 = CARTESIAN_POINT ( 'NONE',  ( 398.9621298459070400, 157.4999999999881500, 991.9344605348128400 ) ) ;
#2463 = ORIENTED_EDGE ( 'NONE', *, *, #45, .F. ) ;
#2464 = ADVANCED_FACE ( 'NONE', ( #1899, #2865 ), #4005, .F. ) ;
#2465 = AXIS2_PLACEMENT_3D ( 'NONE', #1273, #907, #888 ) ;
#2466 = PLANE ( 'NONE',  #4070 ) ;
#2467 = LINE ( 'NONE', #2522, #1279 ) ;
#2468 = DIRECTION ( 'NONE',  ( 0.0000000000000000000, 1.000000000000000000, 3.491483361109382900E-015 ) ) ;
#2469 = ORIENTED_EDGE ( 'NONE', *, *, #2171, .T. ) ;
#2470 = PLANE ( 'NONE',  #3339 ) ;
#2471 = VECTOR ( 'NONE', #2868, 1000.000000000000200 ) ;
#2472 = CARTESIAN_POINT ( 'NONE',  ( 521.7144186124423900, 109.9999999999847700, 1950.000000000001800 ) ) ;
#2473 = VERTEX_POINT ( 'NONE', #3986 ) ;
#2474 = EDGE_CURVE ( 'NONE', #693, #3134, #4644, .T. ) ;
#2475 = CARTESIAN_POINT ( 'NONE',  ( 521.7143936124415400, -88.33550566338848900, 930.0000000000008000 ) ) ;
#2476 = CARTESIAN_POINT ( 'NONE',  ( 399.2707472552124300, 182.4999999999880100, 1025.703721460201000 ) ) ;
#2477 = VECTOR ( 'NONE', #1283, 1000.000000000000000 ) ;
#2478 = CARTESIAN_POINT ( 'NONE',  ( 281.9999999999972700, 44.49999999998789900, 1049.351158008140600 ) ) ;
#2479 = EDGE_CURVE ( 'NONE', #2521, #1718, #756, .T. ) ;
#2480 = ADVANCED_FACE ( 'NONE', ( #1661 ), #2619, .T. ) ;
#2481 = VERTEX_POINT ( 'NONE', #3810 ) ;
#2482 = B_SPLINE_CURVE_WITH_KNOTS ( 'NONE', 3,
 ( #91, #149, #134, #4 ),
 .UNSPECIFIED., .F., .F.,
 ( 4, 4 ),
 ( 1.999172283869599900E-015, 0.05303308260098508300 ),
 .UNSPECIFIED. ) ;
#2483 = FACE_OUTER_BOUND ( 'NONE', #289, .T. ) ;
#2484 = ORIENTED_EDGE ( 'NONE', *, *, #1633, .T. ) ;
#2485 = DIRECTION ( 'NONE',  ( 0.0000000000000000000, -3.491483361109382500E-015, 1.000000000000000000 ) ) ;
#2486 = ADVANCED_FACE ( 'NONE', ( #653 ), #1783, .T. ) ;
#2487 = CARTESIAN_POINT ( 'NONE',  ( 299.9999999999972700, 138.4999999999888000, 800.0000000000012500 ) ) ;
#2488 = LINE ( 'NONE', #4239, #1902 ) ;
#2489 = EDGE_CURVE ( 'NONE', #2254, #3212, #4441, .T. ) ;
#2490 = DIRECTION ( 'NONE',  ( 0.0000000000000000000, -3.491483361109382500E-015, 1.000000000000000000 ) ) ;
#2491 = FACE_OUTER_BOUND ( 'NONE', #381, .T. ) ;
#2492 = PLANE ( 'NONE',  #880 ) ;
#2493 = VERTEX_POINT ( 'NONE', #3760 ) ;
#2494 = ADVANCED_FACE ( 'NONE', ( #1537 ), #3721, .T. ) ;
#2495 =( GEOMETRIC_REPRESENTATION_CONTEXT ( 3 ) GLOBAL_UNCERTAINTY_ASSIGNED_CONTEXT ( ( #1639 ) ) GLOBAL_UNIT_ASSIGNED_CONTEXT ( ( #147, #3203, #4319 ) ) REPRESENTATION_CONTEXT ( 'NONE', 'WORKASPACE' ) );
#2496 = CIRCLE ( 'NONE', #2074, 250.0000000000000000 ) ;
#2497 = CARTESIAN_POINT ( 'NONE',  ( 268.6025403784401500, -44.50000000001538300, 1899.999999999998600 ) ) ;
#2498 = EDGE_CURVE ( 'NONE', #2201, #3247, #2741, .T. ) ;
#2499 = DIRECTION ( 'NONE',  ( -0.0000000000000000000, 1.000000000000000000, 3.491483361109382500E-015 ) ) ;
#2500 = CARTESIAN_POINT ( 'NONE',  ( 297.9999999999972700, 182.4999999999876100, 1137.000000000001600 ) ) ;
#2501 = ORIENTED_EDGE ( 'NONE', *, *, #455, .F. ) ;
#2502 = VERTEX_POINT ( 'NONE', #4110 ) ;
#2503 = DIRECTION ( 'NONE',  ( 0.0000000000000000000, -1.000000000000000000, -3.491483361109382500E-015 ) ) ;
#2504 =( GEOMETRIC_REPRESENTATION_CONTEXT ( 3 ) GLOBAL_UNCERTAINTY_ASSIGNED_CONTEXT ( ( #2987 ) ) GLOBAL_UNIT_ASSIGNED_CONTEXT ( ( #955, #990, #923 ) ) REPRESENTATION_CONTEXT ( 'NONE', 'WORKASPACE' ) );
#2505 = VERTEX_POINT ( 'NONE', #3699 ) ;
#2506 = CARTESIAN_POINT ( 'NONE',  ( 423.1063177074423700, 182.4999999999892300, 1085.260491557764200 ) ) ;
#2507 = LINE ( 'NONE', #3724, #1926 ) ;
#2508 = ADVANCED_FACE ( 'NONE', ( #4346 ), #3689, .F. ) ;
#2509 = ORIENTED_EDGE ( 'NONE', *, *, #4450, .T. ) ;
#2510 = AXIS2_PLACEMENT_3D ( 'NONE', #3199, #3192, #3107 ) ;
#2511 = FACE_OUTER_BOUND ( 'NONE', #1508, .T. ) ;
#2512 = DIRECTION ( 'NONE',  ( -0.9848179273624647600, 0.1735904661710981600, 0.0000000000000000000 ) ) ;
#2513 = DIRECTION ( 'NONE',  ( 0.1735886727734001200, 0.9848077530122088000, -0.004545579370538881800 ) ) ;
#2514 = ORIENTED_EDGE ( 'NONE', *, *, #190, .T. ) ;
#2515 = ADVANCED_FACE ( 'NONE', ( #543 ), #3510, .T. ) ;
#2516 = LINE ( 'NONE', #4538, #2302 ) ;
#2517 = DIRECTION ( 'NONE',  ( 0.0000000000000000000, 0.9996573249755572600, 0.02617694830787670500 ) ) ;
#2518 = DIRECTION ( 'NONE',  ( -0.0000000000000000000, 1.000000000000000000, 3.491483361109382500E-015 ) ) ;
#2519 = MECHANICAL_DESIGN_GEOMETRIC_PRESENTATION_REPRESENTATION (  '', ( #2533 ), #2504 ) ;
#2520 = CARTESIAN_POINT ( 'NONE',  ( 209.1164621621047700, 36.99999999998773600, 1097.091550303369300 ) ) ;
#2521 = VERTEX_POINT ( 'NONE', #3666 ) ;
#2522 = CARTESIAN_POINT ( 'NONE',  ( 376.6035989024434200, -132.5000000000157700, 2099.310324575024400 ) ) ;
#2523 = AXIS2_PLACEMENT_3D ( 'NONE', #2334, #2328, #2327 ) ;
#2524 = ADVANCED_FACE ( 'NONE', ( #1422 ), #433, .T. ) ;
#2525 = ORIENTED_EDGE ( 'NONE', *, *, #762, .F. ) ;
#2526 = ORIENTED_EDGE ( 'NONE', *, *, #4676, .T. ) ;
#2527 = PRESENTATION_LAYER_ASSIGNMENT (  '', '', ( #2533 ) ) ;
#2528 = AXIS2_PLACEMENT_3D ( 'NONE', #730, #721, #716 ) ;
#2529 = VERTEX_POINT ( 'NONE', #3443 ) ;
#2530 = EDGE_CURVE ( 'NONE', #3522, #2863, #3475, .T. ) ;
#2531 = CARTESIAN_POINT ( 'NONE',  ( 299.9999999999972700, 148.9999999999883200, 937.5000000000013600 ) ) ;
#2532 = CARTESIAN_POINT ( 'NONE',  ( 250.7069475202323800, 76.40310002820474700, 1833.212738221601300 ) ) ;
#2533 = STYLED_ITEM ( 'NONE', ( #581 ), #1266 ) ;
#2534 = ORIENTED_EDGE ( 'NONE', *, *, #933, .T. ) ;
#2535 = CARTESIAN_POINT ( 'NONE',  ( 423.1063177074422000, 182.4999999999877800, 1085.260491557764000 ) ) ;
#2536 = ADVANCED_FACE ( 'NONE', ( #2483 ), #3415, .T. ) ;
#2537 = DIRECTION ( 'NONE',  ( 3.652049423109066300E-016, -1.000000000000000000, -3.491483361109382500E-015 ) ) ;
#2538 = DIRECTION ( 'NONE',  ( 0.0000000000000000000, 1.000000000000000000, 3.491483361109382100E-015 ) ) ;
#2539 = CIRCLE ( 'NONE', #2791, 69.99999999999705800 ) ;
#2540 = VERTEX_POINT ( 'NONE', #3372 ) ;
#2541 = ADVANCED_FACE ( 'NONE', ( #3374 ), #3439, .F. ) ;
#2542 = PRESENTATION_LAYER_ASSIGNMENT (  '', '', ( #2010 ) ) ;
#2543 = VECTOR ( 'NONE', #412, 1000.000000000000000 ) ;
#2544 = EDGE_LOOP ( 'NONE', ( #2782, #4475, #1937, #3917 ) ) ;
#2545 = CARTESIAN_POINT ( 'NONE',  ( 299.9999999999971600, 185.4999999999887700, 800.0000000000017100 ) ) ;
#2546 = DIRECTION ( 'NONE',  ( -0.1607425656038264600, 0.0000000000000000000, -0.9869963665602319300 ) ) ;
#2547 = DIRECTION ( 'NONE',  ( 0.9866581475561960700, -0.02617694830787252800, -0.1606874831412292100 ) ) ;
#2548 = LINE ( 'NONE', #2476, #1357 ) ;
#2549 = ADVANCED_FACE ( 'NONE', ( #2346 ), #3392, .T. ) ;
#2550 = ORIENTED_EDGE ( 'NONE', *, *, #3224, .F. ) ;
#2551 = CARTESIAN_POINT ( 'NONE',  ( 293.9999999999972700, 185.4999999999876400, 1128.050000000001500 ) ) ;
#2552 = PLANE ( 'NONE',  #3353 ) ;
#2553 = PLANE ( 'NONE',  #2168 ) ;
#2554 = EDGE_LOOP ( 'NONE', ( #3380, #135, #2093, #3414 ) ) ;
#2555 = EDGE_CURVE ( 'NONE', #1518, #3054, #3698, .T. ) ;
#2556 = PLANE ( 'NONE',  #2449 ) ;
#2557 = CARTESIAN_POINT ( 'NONE',  ( 235.0308333843212300, 83.05120273333824300, 1922.252357782105500 ) ) ;
#2558 =( GEOMETRIC_REPRESENTATION_CONTEXT ( 3 ) GLOBAL_UNCERTAINTY_ASSIGNED_CONTEXT ( ( #2216 ) ) GLOBAL_UNIT_ASSIGNED_CONTEXT ( ( #1121, #1105, #1079 ) ) REPRESENTATION_CONTEXT ( 'NONE', 'WORKASPACE' ) );
#2559 = VECTOR ( 'NONE', #4430, 1000.000000000000000 ) ;
#2560 = PLANE ( 'NONE',  #1325 ) ;
#2561 = EDGE_CURVE ( 'NONE', #3843, #1428, #324, .T. ) ;
#2562 = ORIENTED_EDGE ( 'NONE', *, *, #131, .T. ) ;
#2563 = ADVANCED_FACE ( 'NONE', ( #4145 ), #3179, .T. ) ;
#2564 = EDGE_CURVE ( 'NONE', #3031, #4338, #1160, .T. ) ;
#2565 = VECTOR ( 'NONE', #3565, 1000.000000000000000 ) ;
#2566 = CARTESIAN_POINT ( 'NONE',  ( 400.0055102828719100, 182.4999999999878400, 1065.690219985285000 ) ) ;
#2567 = LINE ( 'NONE', #1222, #1483 ) ;
#2568 = AXIS2_PLACEMENT_3D ( 'NONE', #1443, #1430, #1416 ) ;
#2569 = CARTESIAN_POINT ( 'NONE',  ( 235.9793230400172200, -48.06405698849485500, 1922.252357782104600 ) ) ;
#2570 = VERTEX_POINT ( 'NONE', #3101 ) ;
#2571 = EDGE_CURVE ( 'NONE', #1515, #93, #2222, .T. ) ;
#2572 = LINE ( 'NONE', #3874, #4060 ) ;
#2573 = ADVANCED_FACE ( 'NONE', ( #218 ), #3113, .T. ) ;
#2574 = DIRECTION ( 'NONE',  ( 0.9659733311317944000, 0.0000000000000000000, -0.2586416894898124800 ) ) ;
#2575 = CARTESIAN_POINT ( 'NONE',  ( 329.0240529160454900, 157.4999999999880300, 1013.985851487323400 ) ) ;
#2576 = CARTESIAN_POINT ( 'NONE',  ( 250.5153396248649400, 83.47098244614551300, 1833.212738221601500 ) ) ;
#2577 = ORIENTED_EDGE ( 'NONE', *, *, #405, .T. ) ;
#2578 = AXIS2_PLACEMENT_3D ( 'NONE', #1525, #1506, #1488 ) ;
#2579 = VECTOR ( 'NONE', #4559, 999.9999999999998900 ) ;
#2580 = DIRECTION ( 'NONE',  ( -0.9655948276329358000, -0.02617694830787161900, 0.2587303542799103100 ) ) ;
#2581 = EDGE_LOOP ( 'NONE', ( #3981, #3079, #3632, #1834 ) ) ;
#2582 = FACE_OUTER_BOUND ( 'NONE', #380, .T. ) ;
#2583 =( NAMED_UNIT ( * ) PLANE_ANGLE_UNIT ( ) SI_UNIT ( $, .RADIAN. ) );
#2584 = ORIENTED_EDGE ( 'NONE', *, *, #4669, .T. ) ;
#2585 = VECTOR ( 'NONE', #1155, 1000.000000000000200 ) ;
#2586 = EDGE_CURVE ( 'NONE', #1710, #2337, #3591, .T. ) ;
#2587 = CARTESIAN_POINT ( 'NONE',  ( 521.3809676350405200, -82.50000000001162400, 910.0000000000006800 ) ) ;
#2588 = ORIENTED_EDGE ( 'NONE', *, *, #2555, .F. ) ;
#2589 = VERTEX_POINT ( 'NONE', #2944 ) ;
#2590 = DIRECTION ( 'NONE',  ( 0.2586353318232661500, 0.007011516132828530900, 0.9659495865593547000 ) ) ;
#2591 = CARTESIAN_POINT ( 'NONE',  ( 481.4031960335339600, -48.50000000001162400, 911.3333333333341700 ) ) ;
#2592 = AXIS2_PLACEMENT_3D ( 'NONE', #1652, #1614, #1598 ) ;
#2593 = CARTESIAN_POINT ( 'NONE',  ( 214.4621796672568600, 132.4999999999881200, 980.7851799587685900 ) ) ;
#2594 = ORIENTED_EDGE ( 'NONE', *, *, #1235, .T. ) ;
#2595 = ORIENTED_EDGE ( 'NONE', *, *, #605, .F. ) ;
#2596 = EDGE_CURVE ( 'NONE', #3590, #3054, #3145, .T. ) ;
#2597 = ADVANCED_FACE ( 'NONE', ( #1048 ), #1592, .F. ) ;
#2598 = AXIS2_PLACEMENT_3D ( 'NONE', #1768, #1733, #1632 ) ;
#2599 = VERTEX_POINT ( 'NONE', #2802 ) ;
#2600 = AXIS2_PLACEMENT_3D ( 'NONE', #758, #740, #736 ) ;
#2601 = CARTESIAN_POINT ( 'NONE',  ( 242.7734758318647200, 48.24824416650088900, 1835.541311410120700 ) ) ;
#2602 = EDGE_CURVE ( 'NONE', #4479, #1322, #4488, .T. ) ;
#2603 = LINE ( 'NONE', #3014, #1521 ) ;
#2604 = DIRECTION ( 'NONE',  ( 2.126576849574583100E-017, -0.9848077530122090200, 0.1736481776669251700 ) ) ;
#2605 = CARTESIAN_POINT ( 'NONE',  ( 299.9999999999972700, -110.0000000000158600, 2142.500000000000500 ) ) ;
#2606 = ORIENTED_EDGE ( 'NONE', *, *, #2037, .T. ) ;
#2607 = CARTESIAN_POINT ( 'NONE',  ( 299.9999999999973300, -148.0000000000155500, 2030.000000000000200 ) ) ;
#2608 = VECTOR ( 'NONE', #4134, 1000.000000000000000 ) ;
#2609 = CARTESIAN_POINT ( 'NONE',  ( 423.1420529532058500, 185.4999999999897400, 1085.159499464114600 ) ) ;
#2610 = ORIENTED_EDGE ( 'NONE', *, *, #1137, .T. ) ;
#2611 = DIRECTION ( 'NONE',  ( 0.0000000000000000000, -3.277467503750797400E-015, 1.000000000000000000 ) ) ;
#2612 = EDGE_CURVE ( 'NONE', #3876, #1403, #3639, .T. ) ;
#2613 = CARTESIAN_POINT ( 'NONE',  ( 279.9558429024704100, 157.4999999999879200, 1075.769088115750900 ) ) ;
#2614 = CIRCLE ( 'NONE', #3057, 8500.000000000001800 ) ;
#2615 = VERTEX_POINT ( 'NONE', #2813 ) ;
#2616 = DIRECTION ( 'NONE',  ( 3.038931636747691100E-016, -1.000000000000000000, -3.545420242872311100E-015 ) ) ;
#2617 = DIRECTION ( 'NONE',  ( -0.03493801401384038400, 0.9993150019883698700, -0.01220090069432892000 ) ) ;
#2618 = FACE_OUTER_BOUND ( 'NONE', #4400, .T. ) ;
#2619 = CONICAL_SURFACE ( 'NONE', #3700, 62.50000000000000000, 0.1745329251994310300 ) ;
#2620 = DIRECTION ( 'NONE',  ( -0.0009616926896788357400, 0.9996573249755573700, -0.02615927693732190600 ) ) ;
#2621 = ADVANCED_FACE ( 'NONE', ( #2675 ), #2737, .F. ) ;
#2622 = AXIS2_PLACEMENT_3D ( 'NONE', #1699, #1407, #2046 ) ;
#2623 = DIRECTION ( 'NONE',  ( 8.294094408837083200E-015, -2.764698136279028000E-015, 1.000000000000000000 ) ) ;
#2624 = CARTESIAN_POINT ( 'NONE',  ( 423.1301425314750300, 184.5000000692134600, 1085.193166021028000 ) ) ;
#2625 = EDGE_CURVE ( 'NONE', #1129, #1710, #698, .T. ) ;
#2626 = ORIENTED_EDGE ( 'NONE', *, *, #2767, .T. ) ;
#2627 = LINE ( 'NONE', #3955, #4166 ) ;
#2628 = FACE_BOUND ( 'NONE', #231, .T. ) ;
#2629 = CARTESIAN_POINT ( 'NONE',  ( 271.9802886388830000, -49.04003095660866100, 1912.605928123147800 ) ) ;
#2630 = ORIENTED_EDGE ( 'NONE', *, *, #379, .F. ) ;
#2631 = DIRECTION ( 'NONE',  ( 0.0000000000000000000, 3.469446951953611000E-015, -1.000000000000000000 ) ) ;
#2632 = EDGE_CURVE ( 'NONE', #408, #1518, #4389, .T. ) ;
#2633 = ORIENTED_EDGE ( 'NONE', *, *, #3158, .T. ) ;
#2634 = DIRECTION ( 'NONE',  ( -0.0000000000000000000, -1.000000000000000000, -2.764698136279027600E-015 ) ) ;
#2635 = AXIS2_PLACEMENT_3D ( 'NONE', #1865, #1831, #1849 ) ;
#2636 = CARTESIAN_POINT ( 'NONE',  ( 357.9999999999973300, -44.50000000001053000, 600.0000000000011400 ) ) ;
#2637 = DIRECTION ( 'NONE',  ( -0.04011804036959525800, 0.9991943951144449700, 0.001050527858634165400 ) ) ;
#2638 = ORIENTED_EDGE ( 'NONE', *, *, #3003, .T. ) ;
#2639 = FACE_BOUND ( 'NONE', #4192, .T. ) ;
#2640 = DIRECTION ( 'NONE',  ( -0.9869963665602326000, 0.0000000000000000000, 0.1607425656038220800 ) ) ;
#2641 = ORIENTED_EDGE ( 'NONE', *, *, #4579, .F. ) ;
#2642 = ORIENTED_EDGE ( 'NONE', *, *, #421, .T. ) ;
#2643 = DIRECTION ( 'NONE',  ( 6.703910803126626900E-016, -1.000000000000000000, -3.202979605938280100E-015 ) ) ;
#2644 = ADVANCED_FACE ( 'NONE', ( #484 ), #2679, .F. ) ;
#2645 = ORIENTED_EDGE ( 'NONE', *, *, #1419, .T. ) ;
#2646 =( BOUNDED_CURVE ( )  B_SPLINE_CURVE ( 3, ( #1797, #1799, #1782, #1778 ),
 .UNSPECIFIED., .F., .T. ) 
 B_SPLINE_CURVE_WITH_KNOTS ( ( 4, 4 ),
 ( 1.144249051309657500, 1.149367381583158900 ),
 .UNSPECIFIED. ) 
 CURVE ( )  GEOMETRIC_REPRESENTATION_ITEM ( )  RATIONAL_B_SPLINE_CURVE ( ( 1.000000000000000000, 0.9999978168924590300, 0.9999978168924590300, 1.000000000000000000 ) ) 
 REPRESENTATION_ITEM ( '' )  );
#2647 = AXIS2_PLACEMENT_3D ( 'NONE', #2051, #2032, #2084 ) ;
#2648 = CARTESIAN_POINT ( 'NONE',  ( 400.7402733105312200, 185.4999999999878100, 1085.676718510368800 ) ) ;
#2649 = VERTEX_POINT ( 'NONE', #2607 ) ;
#2650 = CARTESIAN_POINT ( 'NONE',  ( 299.9999999999972700, 182.4999999999894000, 800.0000000000017100 ) ) ;
#2651 = EDGE_LOOP ( 'NONE', ( #2429, #1611, #1734, #447 ) ) ;
#2652 = EDGE_CURVE ( 'NONE', #676, #1129, #3527, .T. ) ;
#2653 = VECTOR ( 'NONE', #2136, 1000.000000000000100 ) ;
#2654 = ORIENTED_EDGE ( 'NONE', *, *, #1106, .F. ) ;
#2655 = AXIS2_PLACEMENT_3D ( 'NONE', #2361, #2323, #2344 ) ;
#2656 = DIRECTION ( 'NONE',  ( 0.0000000000000000000, -3.469446951953615000E-015, 1.000000000000000000 ) ) ;
#2657 = ADVANCED_FACE ( 'NONE', ( #3417 ), #2552, .T. ) ;
#2658 = DIRECTION ( 'NONE',  ( -9.146278524964403400E-017, -1.000000000000000000, -3.492822851699537800E-015 ) ) ;
#2659 = COLOUR_RGB ( '',0.8431372549019607900, 0.8431372549019607900, 0.8431372549019607900 ) ;
#2660 = ORIENTED_EDGE ( 'NONE', *, *, #2564, .F. ) ;
#2661 = CARTESIAN_POINT ( 'NONE',  ( 441.1206401019644500, -82.50000000001134000, 830.0000000000006800 ) ) ;
#2662 = EDGE_CURVE ( 'NONE', #4635, #2827, #2548, .T. ) ;
#2663 = DIRECTION ( 'NONE',  ( 0.0000000000000000000, 1.000000000000000000, 3.491483361109382100E-015 ) ) ;
#2664 = CARTESIAN_POINT ( 'NONE',  ( 281.9999999999969900, 496.3703305156061600, 1950.000000000001800 ) ) ;
#2665 = AXIS2_PLACEMENT_3D ( 'NONE', #2997, #2963, #2949 ) ;
#2666 = VECTOR ( 'NONE', #4584, 1000.000000000000000 ) ;
#2667 = ORIENTED_EDGE ( 'NONE', *, *, #263, .F. ) ;
#2668 = AXIS2_PLACEMENT_3D ( 'NONE', #790, #786, #779 ) ;
#2669 =( LENGTH_UNIT ( ) NAMED_UNIT ( * ) SI_UNIT ( .MILLI., .METRE. ) );
#2670 = VECTOR ( 'NONE', #496, 1000.000000000000100 ) ;
#2671 = ORIENTED_EDGE ( 'NONE', *, *, #2925, .T. ) ;
#2672 = AXIS2_PLACEMENT_3D ( 'NONE', #3149, #3143, #3138 ) ;
#2673 = ADVANCED_FACE ( 'NONE', ( #4195 ), #2470, .T. ) ;
#2674 = ORIENTED_EDGE ( 'NONE', *, *, #533, .F. ) ;
#2675 = FACE_OUTER_BOUND ( 'NONE', #2103, .T. ) ;
#2676 = CARTESIAN_POINT ( 'NONE',  ( -78.28560638755743600, -132.5000000000116800, 930.0000000000005700 ) ) ;
#2677 = ORIENTED_EDGE ( 'NONE', *, *, #3250, .F. ) ;
#2678 = CARTESIAN_POINT ( 'NONE',  ( 259.9627610892969800, -82.50000000001209300, 1046.360880468309500 ) ) ;
#2679 = PLANE ( 'NONE',  #3382 ) ;
#2680 = CARTESIAN_POINT ( 'NONE',  ( 316.5600412837213200, 182.4999999999887700, 1088.015040258141200 ) ) ;
#2681 = AXIS2_PLACEMENT_3D ( 'NONE', #2733, #2693, #2687 ) ;
#2682 = VECTOR ( 'NONE', #76, 999.9999999999998900 ) ;
#2683 = EDGE_CURVE ( 'NONE', #408, #3590, #4297, .T. ) ;
#2684 = DIRECTION ( 'NONE',  ( 8.728708402773577400E-016, -1.000000000000000000, -2.338850367489974100E-016 ) ) ;
#2685 = VECTOR ( 'NONE', #137, 1000.000000000000000 ) ;
#2686 = ADVANCED_FACE ( 'NONE', ( #266 ), #1096, .T. ) ;
#2687 = DIRECTION ( 'NONE',  ( -0.9659733311317944000, 0.0000000000000000000, 0.2586416894898123700 ) ) ;
#2688 = VERTEX_POINT ( 'NONE', #2333 ) ;
#2689 = AXIS2_PLACEMENT_3D ( 'NONE', #3308, #3297, #3279 ) ;
#2690 = LINE ( 'NONE', #1656, #1063 ) ;
#2691 = EDGE_CURVE ( 'NONE', #402, #1383, #2157, .T. ) ;
#2692 = DIRECTION ( 'NONE',  ( 0.9848179273624634300, 0.1735904661711054900, 0.0000000000000000000 ) ) ;
#2693 = DIRECTION ( 'NONE',  ( -0.2586353318232659800, 0.007011516132835164500, -0.9659495865593545900 ) ) ;
#2694 = ORIENTED_EDGE ( 'NONE', *, *, #635, .T. ) ;
#2695 = FACE_OUTER_BOUND ( 'NONE', #3657, .T. ) ;
#2696 = CARTESIAN_POINT ( 'NONE',  ( 521.7143936124406300, -132.5000000000116800, 930.0000000000006800 ) ) ;
#2697 = AXIS2_PLACEMENT_3D ( 'NONE', #3441, #3412, #3398 ) ;
#2698 = SURFACE_SIDE_STYLE ('',( #4544 ) ) ;
#2699 = PLANE ( 'NONE',  #2681 ) ;
#2700 = VERTEX_POINT ( 'NONE', #2310 ) ;
#2701 = ADVANCED_FACE ( 'NONE', ( #1226 ), #2339, .F. ) ;
#2702 = CIRCLE ( 'NONE', #18, 250.0000000000000000 ) ;
#2703 = EDGE_CURVE ( 'NONE', #3528, #1183, #3309, .T. ) ;
#2704 = DIRECTION ( 'NONE',  ( 0.1735886727734074500, -0.9848077530122074700, -0.004545579370545959500 ) ) ;
#2705 = ORIENTED_EDGE ( 'NONE', *, *, #379, .T. ) ;
#2706 = AXIS2_PLACEMENT_3D ( 'NONE', #3489, #3478, #3473 ) ;
#2707 = DIRECTION ( 'NONE',  ( 0.0000000000000000000, 2.829258448070552800E-015, -1.000000000000000000 ) ) ;
#2708 = LINE ( 'NONE', #4487, #2930 ) ;
#2709 = EDGE_LOOP ( 'NONE', ( #3541, #1736, #3160, #3526 ) ) ;
#2710 = SURFACE_STYLE_USAGE ( .BOTH. , #2698 ) ;
#2711 = CIRCLE ( 'NONE', #503, 137.5000000000000600 ) ;
#2712 = DIRECTION ( 'NONE',  ( -0.0000000000000000000, -1.000000000000000000, -2.121943836052914800E-015 ) ) ;
#2713 = CARTESIAN_POINT ( 'NONE',  ( 289.9999999999972700, 132.4999999999876900, 1137.000000000001400 ) ) ;
#2714 = ADVANCED_FACE ( 'NONE', ( #3197, #4086 ), #2326, .T. ) ;
#2715 = EDGE_LOOP ( 'NONE', ( #3207, #1446, #4617, #1864, #2228, #1010, #512, #2509, #4605, #1374, #4053, #1242, #696 ) ) ;
#2716 = EDGE_CURVE ( 'NONE', #2872, #3386, #2028, .T. ) ;
#2717 = ORIENTED_EDGE ( 'NONE', *, *, #1681, .T. ) ;
#2718 = ORIENTED_EDGE ( 'NONE', *, *, #1856, .F. ) ;
#2719 = EDGE_LOOP ( 'NONE', ( #3793, #699, #3939, #475 ) ) ;
#2720 = AXIS2_PLACEMENT_3D ( 'NONE', #3571, #3559, #3589 ) ;
#2721 = CARTESIAN_POINT ( 'NONE',  ( 299.9999999999972700, -95.00000000001585900, 2139.855095289373400 ) ) ;
#2722 = ORIENTED_EDGE ( 'NONE', *, *, #892, .T. ) ;
#2723 = EDGE_CURVE ( 'NONE', #970, #612, #155, .T. ) ;
#2724 = ADVANCED_FACE ( 'NONE', ( #991 ), #2190, .T. ) ;
#2725 = CARTESIAN_POINT ( 'NONE',  ( 209.1164621621047700, 67.49999999998775000, 1097.091550303369600 ) ) ;
#2726 = VECTOR ( 'NONE', #3157, 1000.000000000000100 ) ;
#2727 = ORIENTED_EDGE ( 'NONE', *, *, #1889, .F. ) ;
#2728 = CARTESIAN_POINT ( 'NONE',  ( 209.1164621621047700, 36.99999999998773600, 1097.091550303369300 ) ) ;
#2729 = EDGE_CURVE ( 'NONE', #1766, #4645, #3889, .T. ) ;
#2730 = LINE ( 'NONE', #329, #1653 ) ;
#2731 = ORIENTED_EDGE ( 'NONE', *, *, #1423, .F. ) ;
#2732 = EDGE_CURVE ( 'NONE', #676, #4635, #3091, .T. ) ;
#2733 = CARTESIAN_POINT ( 'NONE',  ( 269.7922471791067100, -83.99357287245200600, 1912.938065028027700 ) ) ;
#2734 = CARTESIAN_POINT ( 'NONE',  ( 505.7550574980215300, -82.50000000001151100, 879.6002773315178700 ) ) ;
#2735 = LINE ( 'NONE', #1302, #4343 ) ;
#2736 = ORIENTED_EDGE ( 'NONE', *, *, #4218, .F. ) ;
#2737 = PLANE ( 'NONE',  #3402 ) ;
#2738 = ADVANCED_FACE ( 'NONE', ( #48 ), #2150, .T. ) ;
#2739 = DIRECTION ( 'NONE',  ( -0.1607425656038194700, -0.0000000000000000000, -0.9869963665602329300 ) ) ;
#2740 = SURFACE_STYLE_FILL_AREA ( #1952 ) ;
#2741 = CIRCLE ( 'NONE', #3655, 599.9999999999998900 ) ;
#2742 = AXIS2_PLACEMENT_3D ( 'NONE', #3775, #3726, #3764 ) ;
#2743 = VERTEX_POINT ( 'NONE', #2001 ) ;
#2744 = UNCERTAINTY_MEASURE_WITH_UNIT (LENGTH_MEASURE( 1.000000000000000100E-005 ), #4607, 'distance_accuracy_value', 'NONE');
#2745 = DIRECTION ( 'NONE',  ( 0.0000000000000000000, -3.492576598299973100E-015, 1.000000000000000000 ) ) ;
#2746 = ORIENTED_EDGE ( 'NONE', *, *, #190, .F. ) ;
#2747 = CYLINDRICAL_SURFACE ( 'NONE', #685, 49.99999999999982200 ) ;
#2748 = CARTESIAN_POINT ( 'NONE',  ( 300.5535446251040000, 132.4999999999876900, 1117.546489444006100 ) ) ;
#2749 = ORIENTED_EDGE ( 'NONE', *, *, #3520, .F. ) ;
#2750 = DIRECTION ( 'NONE',  ( -0.0000000000000000000, -1.000000000000000000, -3.491483361109382100E-015 ) ) ;
#2751 = DIRECTION ( 'NONE',  ( 0.0000000000000000000, 3.505967446184703500E-015, -1.000000000000000000 ) ) ;
#2752 = ADVANCED_FACE ( 'NONE', ( #868 ), #2075, .F. ) ;
#2753 = FACE_OUTER_BOUND ( 'NONE', #4108, .T. ) ;
#2754 = DIRECTION ( 'NONE',  ( 0.0000000000000000000, -1.000000000000000000, -3.491483361109382100E-015 ) ) ;
#2755 = CARTESIAN_POINT ( 'NONE',  ( 207.9123225399429200, -27.63528328799577200, 1051.107313354493500 ) ) ;
#2756 = EDGE_CURVE ( 'NONE', #2833, #4275, #2971, .T. ) ;
#2757 = ORIENTED_EDGE ( 'NONE', *, *, #3344, .T. ) ;
#2758 = CARTESIAN_POINT ( 'NONE',  ( -78.28560638755743600, -48.50000000001168800, 930.0000000000009100 ) ) ;
#2759 = LINE ( 'NONE', #4196, #3219 ) ;
#2760 = DIRECTION ( 'NONE',  ( 0.0000000000000000000, 0.9986295347545740600, -0.05233595624294045500 ) ) ;
#2761 = EDGE_LOOP ( 'NONE', ( #906, #4273 ) ) ;
#2762 = VECTOR ( 'NONE', #3455, 1000.000000000000000 ) ;
#2763 = AXIS2_PLACEMENT_3D ( 'NONE', #851, #808, #804 ) ;
#2764 = DIRECTION ( 'NONE',  ( 0.2588190451024930900, -3.349002395798136900E-015, 0.9659258262890757500 ) ) ;
#2765 = DIRECTION ( 'NONE',  ( 0.0000000000000000000, 1.000000000000000000, 3.491483361109382100E-015 ) ) ;
#2766 = CARTESIAN_POINT ( 'NONE',  ( 299.9999999999972700, 152.4999999999887700, 800.0000000000015900 ) ) ;
#2767 = EDGE_CURVE ( 'NONE', #3437, #1686, #1892, .T. ) ;
#2768 = ORIENTED_EDGE ( 'NONE', *, *, #162, .T. ) ;
#2769 = ADVANCED_FACE ( 'NONE', ( #3792 ), #1871, .T. ) ;
#2770 = CYLINDRICAL_SURFACE ( 'NONE', #2294, 78.99999999999663200 ) ;
#2771 = EDGE_CURVE ( 'NONE', #1860, #130, #1779, .T. ) ;
#2772 = DIRECTION ( 'NONE',  ( 0.0000000000000000000, 3.486794186713382300E-015, -1.000000000000000000 ) ) ;
#2773 = ORIENTED_EDGE ( 'NONE', *, *, #1288, .F. ) ;
#2774 = EDGE_CURVE ( 'NONE', #3459, #3750, #898, .T. ) ;
#2775 = CARTESIAN_POINT ( 'NONE',  ( 368.9999999999975600, 109.9999999999845700, 1950.000000000000900 ) ) ;
#2776 = AXIS2_PLACEMENT_3D ( 'NONE', #4104, #4088, #4064 ) ;
#2777 = CARTESIAN_POINT ( 'NONE',  ( 289.9999999999972700, 182.4999999999875500, 1154.000000000001600 ) ) ;
#2778 = VERTEX_POINT ( 'NONE', #1712 ) ;
#2779 = ADVANCED_FACE ( 'NONE', ( #1657 ), #1620, .F. ) ;
#2780 = ORIENTED_EDGE ( 'NONE', *, *, #3774, .F. ) ;
#2781 = CARTESIAN_POINT ( 'NONE',  ( 243.3896697863899300, 109.9999999999852600, 1805.904285945790900 ) ) ;
#2782 = ORIENTED_EDGE ( 'NONE', *, *, #1434, .F. ) ;
#2783 = CARTESIAN_POINT ( 'NONE',  ( 357.9999999999972700, 44.49999999998946300, 600.0000000000013600 ) ) ;
#2784 = DIRECTION ( 'NONE',  ( 0.4344452574044332900, -3.468302158746820300E-015, 0.9006982393225799700 ) ) ;
#2785 = ORIENTED_EDGE ( 'NONE', *, *, #3037, .F. ) ;
#2786 = CARTESIAN_POINT ( 'NONE',  ( -148.5785477756843100, -48.50000000001180200, 962.1921282783505400 ) ) ;
#2787 = DIRECTION ( 'NONE',  ( 0.0000000000000000000, 8.308161459846379800E-015, -1.000000000000000000 ) ) ;
#2788 = CARTESIAN_POINT ( 'NONE',  ( 395.5281809378474800, 132.4999999999881500, 983.6392295962543800 ) ) ;
#2789 = VERTEX_POINT ( 'NONE', #1559 ) ;
#2790 = VECTOR ( 'NONE', #1874, 1000.000000000000100 ) ;
#2791 = AXIS2_PLACEMENT_3D ( 'NONE', #4395, #4382, #4370 ) ;
#2792 = ADVANCED_FACE ( 'NONE', ( #2858 ), #1584, .F. ) ;
#2793 = DIRECTION ( 'NONE',  ( 2.401924812890963500E-015, -1.000000000000000000, -8.273296577735542000E-015 ) ) ;
#2794 = EDGE_CURVE ( 'NONE', #4627, #2325, #3695, .T. ) ;
#2795 = LINE ( 'NONE', #4621, #691 ) ;
#2796 = ORIENTED_EDGE ( 'NONE', *, *, #2307, .F. ) ;
#2797 = LINE ( 'NONE', #618, #1713 ) ;
#2798 = DIRECTION ( 'NONE',  ( 0.9006982393225876300, 0.0000000000000000000, -0.4344452574044178600 ) ) ;
#2799 = DIRECTION ( 'NONE',  ( 0.4342963838652177900, 0.02617694830787010600, 0.9003895925314123700 ) ) ;
#2800 = ORIENTED_EDGE ( 'NONE', *, *, #3539, .T. ) ;
#2801 = EDGE_CURVE ( 'NONE', #2039, #444, #750, .T. ) ;
#2802 = CARTESIAN_POINT ( 'NONE',  ( 250.5153396248648800, 83.47098244614551300, 1833.212738221601300 ) ) ;
#2803 = CARTESIAN_POINT ( 'NONE',  ( 299.9999999999971600, 182.4999999999917000, 800.0000000000019300 ) ) ;
#2804 = ADVANCED_FACE ( 'NONE', ( #3585 ), #1489, .T. ) ;
#2805 = ORIENTED_EDGE ( 'NONE', *, *, #1999, .F. ) ;
#2806 = CARTESIAN_POINT ( 'NONE',  ( 281.9999999999973300, -110.0000000000152900, 1950.000000000000900 ) ) ;
#2807 = AXIS2_PLACEMENT_3D ( 'NONE', #2989, #168, #4641 ) ;
#2808 = DIRECTION ( 'NONE',  ( 0.6691306063588858800, 2.250584477458802900E-015, -0.7431448254773693800 ) ) ;
#2809 = EDGE_LOOP ( 'NONE', ( #1156, #3831, #2645, #4188 ) ) ;
#2810 = FACE_OUTER_BOUND ( 'NONE', #3103, .T. ) ;
#2811 = UNCERTAINTY_MEASURE_WITH_UNIT (LENGTH_MEASURE( 1.000000000000000100E-005 ), #1517, 'distance_accuracy_value', 'NONE');
#2812 = LINE ( 'NONE', #148, #2685 ) ;
#2813 = CARTESIAN_POINT ( 'NONE',  ( 299.9999999999972700, -110.0000000000159300, 2158.999999999997300 ) ) ;
#2814 = ORIENTED_EDGE ( 'NONE', *, *, #1672, .F. ) ;
#2815 = CARTESIAN_POINT ( 'NONE',  ( 299.9999999999972700, -132.5000000000159700, 2158.999999999997300 ) ) ;
#2816 = LINE ( 'NONE', #3656, #1859 ) ;
#2817 = DIRECTION ( 'NONE',  ( 0.0000000000000000000, -3.431598439750482400E-015, 1.000000000000000000 ) ) ;
#2818 = EDGE_LOOP ( 'NONE', ( #2247, #2952, #565, #4022 ) ) ;
#2819 = AXIS2_PLACEMENT_3D ( 'NONE', #2899, #4651, #4345 ) ;
#2820 = CIRCLE ( 'NONE', #3508, 137.5000000000000600 ) ;
#2821 = CARTESIAN_POINT ( 'NONE',  ( 299.9999999999972700, 147.9999999999840600, 2158.999999999998200 ) ) ;
#2822 = EDGE_CURVE ( 'NONE', #3000, #369, #4642, .T. ) ;
#2823 = ORIENTED_EDGE ( 'NONE', *, *, #2612, .F. ) ;
#2824 = PLANE ( 'NONE',  #1385 ) ;
#2825 = CYLINDRICAL_SURFACE ( 'NONE', #4374, 400.0000000000000000 ) ;
#2826 = EDGE_CURVE ( 'NONE', #4197, #610, #2614, .T. ) ;
#2827 = VERTEX_POINT ( 'NONE', #1436 ) ;
#2828 = AXIS2_PLACEMENT_3D ( 'NONE', #987, #829, #828 ) ;
#2829 = LINE ( 'NONE', #4583, #891 ) ;
#2830 = CARTESIAN_POINT ( 'NONE',  ( 209.1164621621047700, 67.49999999998773600, 1097.091550303369300 ) ) ;
#2831 = EDGE_CURVE ( 'NONE', #2827, #1129, #4437, .T. ) ;
#2832 = CARTESIAN_POINT ( 'NONE',  ( 368.9999999999981200, 365.9304665247316800, 1950.000000000000700 ) ) ;
#2833 = VERTEX_POINT ( 'NONE', #1388 ) ;
#2834 = CYLINDRICAL_SURFACE ( 'NONE', #1076, 49.99999999999982200 ) ;
#2835 =( NAMED_UNIT ( * ) SI_UNIT ( $, .STERADIAN. ) SOLID_ANGLE_UNIT ( ) );
#2836 = DIRECTION ( 'NONE',  ( 0.0000000000000000000, -3.491483361109382500E-015, 1.000000000000000000 ) ) ;
#2837 = CARTESIAN_POINT ( 'NONE',  ( 246.6378172271391000, 132.4999999999854800, 1755.000000000002000 ) ) ;
#2838 = ORIENTED_EDGE ( 'NONE', *, *, #940, .T. ) ;
#2839 = EDGE_LOOP ( 'NONE', ( #3780, #233, #2424, #710, #4492 ) ) ;
#2840 = CARTESIAN_POINT ( 'NONE',  ( 299.9999999999971600, 138.4999999999892600, 752.0603254000157000 ) ) ;
#2841 = AXIS2_PLACEMENT_3D ( 'NONE', #3614, #1679, #2079 ) ;
#2842 = ORIENTED_EDGE ( 'NONE', *, *, #131, .F. ) ;
#2843 = VERTEX_POINT ( 'NONE', #1396 ) ;
#2844 =( NAMED_UNIT ( * ) PLANE_ANGLE_UNIT ( ) SI_UNIT ( $, .RADIAN. ) );
#2845 = VERTEX_POINT ( 'NONE', #1291 ) ;
#2846 = VECTOR ( 'NONE', #3324, 1000.000000000000100 ) ;
#2847 = ORIENTED_EDGE ( 'NONE', *, *, #1045, .T. ) ;
#2848 =( LENGTH_UNIT ( ) NAMED_UNIT ( * ) SI_UNIT ( .MILLI., .METRE. ) );
#2849 = CARTESIAN_POINT ( 'NONE',  ( -4262.022683541780700, 147.9999999999884000, 930.0000000000269400 ) ) ;
#2850 = EDGE_CURVE ( 'NONE', #1691, #1294, #2735, .T. ) ;
#2851 = CARTESIAN_POINT ( 'NONE',  ( 429.3732978642162800, 157.4999999999878900, 1054.983337287393900 ) ) ;
#2852 = DIRECTION ( 'NONE',  ( -0.0000000000000000000, -0.9986295347545740600, 0.05233595624294045500 ) ) ;
#2853 = LINE ( 'NONE', #2219, #2608 ) ;
#2854 = AXIS2_PLACEMENT_3D ( 'NONE', #3290, #592, #2927 ) ;
#2855 = ORIENTED_EDGE ( 'NONE', *, *, #1808, .T. ) ;
#2856 = CARTESIAN_POINT ( 'NONE',  ( 293.9999999999972700, 185.4999999999875800, 1145.950000000001600 ) ) ;
#2857 = EDGE_CURVE ( 'NONE', #3433, #93, #537, .T. ) ;
#2858 = FACE_OUTER_BOUND ( 'NONE', #4087, .T. ) ;
#2859 = VERTEX_POINT ( 'NONE', #1253 ) ;
#2860 = EDGE_CURVE ( 'NONE', #4645, #1766, #431, .T. ) ;
#2861 = SURFACE_STYLE_USAGE ( .BOTH. , #2870 ) ;
#2862 = AXIS2_PLACEMENT_3D ( 'NONE', #2436, #4521, #2025 ) ;
#2863 = VERTEX_POINT ( 'NONE', #1234 ) ;
#2864 = DIRECTION ( 'NONE',  ( 0.3907311284892713800, -0.0000000000000000000, -0.9205048534524412600 ) ) ;
#2865 = FACE_OUTER_BOUND ( 'NONE', #2292, .T. ) ;
#2866 = AXIS2_PLACEMENT_3D ( 'NONE', #883, #871, #869 ) ;
#2867 = ORIENTED_EDGE ( 'NONE', *, *, #182, .T. ) ;
#2868 = DIRECTION ( 'NONE',  ( 0.9869963665602332600, 1.110223024625171500E-015, -0.1607425656038174400 ) ) ;
#2869 = EDGE_CURVE ( 'NONE', #4586, #1500, #4245, .T. ) ;
#2870 = SURFACE_SIDE_STYLE ('',( #2095 ) ) ;
#2871 = AXIS2_PLACEMENT_3D ( 'NONE', #4032, #1424, #3718 ) ;
#2872 = VERTEX_POINT ( 'NONE', #1152 ) ;
#2873 =( BOUNDED_CURVE ( )  B_SPLINE_CURVE ( 3, ( #1262, #1225, #1164, #1218 ),
 .UNSPECIFIED., .F., .F. ) 
 B_SPLINE_CURVE_WITH_KNOTS ( ( 4, 4 ),
 ( 3.145670992407191500, 3.150895429417869000 ),
 .UNSPECIFIED. ) 
 CURVE ( )  GEOMETRIC_REPRESENTATION_ITEM ( )  RATIONAL_B_SPLINE_CURVE ( ( 1.000000000000000000, 0.9999977254394535300, 0.9999977254394535300, 1.000000000000000000 ) ) 
 REPRESENTATION_ITEM ( '' )  );
#2874 = FACE_OUTER_BOUND ( 'NONE', #3487, .T. ) ;
#2875 = EDGE_CURVE ( 'NONE', #3247, #4479, #1417, .T. ) ;
#2876 = VECTOR ( 'NONE', #641, 1000.000000000000000 ) ;
#2877 = ORIENTED_EDGE ( 'NONE', *, *, #2069, .F. ) ;
#2878 = FILL_AREA_STYLE ('',( #2921 ) ) ;
#2880 = AXIS2_PLACEMENT_3D ( 'NONE', #3377, #3340, #3363 ) ;
#2879 = PRESENTATION_STYLE_ASSIGNMENT (( #1523 ) ) ;
#2881 = DIRECTION ( 'NONE',  ( -0.9844702839913742600, -0.1736481776669255000, 0.02577926164378576200 ) ) ;
#2882 = ORIENTED_EDGE ( 'NONE', *, *, #430, .F. ) ;
#2884 = LINE ( 'NONE', #2922, #961 ) ;
#2883 = CARTESIAN_POINT ( 'NONE',  ( 521.6941264521065000, -95.13768760411382200, 946.0350165108077400 ) ) ;
#2885 = FILL_AREA_STYLE ('',( #2984 ) ) ;
#2886 = AXIS2_PLACEMENT_3D ( 'NONE', #4368, #1827, #4047 ) ;
#2887 = ORIENTED_EDGE ( 'NONE', *, *, #3660, .F. ) ;
#2888 = VECTOR ( 'NONE', #3411, 1000.000000000000000 ) ;
#2889 = CARTESIAN_POINT ( 'NONE',  ( 250.5153396248647700, -83.47098244617527000, 1833.212738221600800 ) ) ;
#2890 = EDGE_CURVE ( 'NONE', #1686, #408, #1532, .T. ) ;
#2891 = ORIENTED_EDGE ( 'NONE', *, *, #4042, .F. ) ;
#2892 = ORIENTED_EDGE ( 'NONE', *, *, #1232, .F. ) ;
#2893 = LINE ( 'NONE', #2777, #1813 ) ;
#2894 = ORIENTED_EDGE ( 'NONE', *, *, #2919, .T. ) ;
#2895 = DIRECTION ( 'NONE',  ( 0.0000000000000000000, 1.000000000000000000, 3.491483361109382900E-015 ) ) ;
#2896 = EDGE_LOOP ( 'NONE', ( #142, #3551, #2076, #2800 ) ) ;
#2897 = CARTESIAN_POINT ( 'NONE',  ( 299.9999999999972700, -48.50000000001126200, 800.0000000000009100 ) ) ;
#2898 = EDGE_CURVE ( 'NONE', #1522, #4124, #320, .T. ) ;
#2899 = CARTESIAN_POINT ( 'NONE',  ( -4262.022683541780700, -132.5000000000116800, 930.0000000000259200 ) ) ;
#2900 = AXIS2_PLACEMENT_3D ( 'NONE', #3989, #984, #3317 ) ;
#2901 = ORIENTED_EDGE ( 'NONE', *, *, #998, .F. ) ;
#2902 = ORIENTED_EDGE ( 'NONE', *, *, #4156, .T. ) ;
#2903 = DIRECTION ( 'NONE',  ( -0.4344452574044178600, -0.0000000000000000000, -0.9006982393225875200 ) ) ;
#2904 = ORIENTED_EDGE ( 'NONE', *, *, #2355, .T. ) ;
#2905 = AXIS2_PLACEMENT_3D ( 'NONE', #3296, #3243, #3264 ) ;
#2906 = VERTEX_POINT ( 'NONE', #1060 ) ;
#2907 = DIRECTION ( 'NONE',  ( 0.7933264000454057800, -2.129209151585684500E-015, 0.6087965366121893500 ) ) ;
#2908 = VECTOR ( 'NONE', #3703, 999.9999999999998900 ) ;
#2909 = CARTESIAN_POINT ( 'NONE',  ( 246.6378172271404000, -132.5000000000145800, 1755.000000000000700 ) ) ;
#2910 = VERTEX_POINT ( 'NONE', #1065 ) ;
#2911 = AXIS2_PLACEMENT_3D ( 'NONE', #4003, #1393, #3688 ) ;
#2912 = DIRECTION ( 'NONE',  ( 0.0000000000000000000, 0.05233595624294736700, -0.9986295347545737200 ) ) ;
#2913 = LINE ( 'NONE', #636, #4485 ) ;
#2914 = EDGE_CURVE ( 'NONE', #4377, #969, #2340, .T. ) ;
#2915 = ORIENTED_EDGE ( 'NONE', *, *, #3791, .T. ) ;
#2916 = CARTESIAN_POINT ( 'NONE',  ( 210.2592446005195400, 82.37965336238021100, 1850.262536643052000 ) ) ;
#2917 = LINE ( 'NONE', #3534, #1806 ) ;
#2918 = ORIENTED_EDGE ( 'NONE', *, *, #2831, .F. ) ;
#2919 = EDGE_CURVE ( 'NONE', #2254, #4377, #3470, .T. ) ;
#2920 = CIRCLE ( 'NONE', #244, 20.00000000000001800 ) ;
#2921 = FILL_AREA_STYLE_COLOUR ( '', #3941 ) ;
#2922 = CARTESIAN_POINT ( 'NONE',  ( 310.6661415115063400, 157.4999999999878100, 1087.897874114654300 ) ) ;
#2923 = DIRECTION ( 'NONE',  ( 0.002909024372572106900, 0.9996313384200478100, -0.02699490369946978800 ) ) ;
#2924 = ORIENTED_EDGE ( 'NONE', *, *, #482, .F. ) ;
#2925 = EDGE_CURVE ( 'NONE', #2325, #4627, #4142, .T. ) ;
#2926 = CONICAL_SURFACE ( 'NONE', #1568, 69.99999999999705800, 0.03490658503988929000 ) ;
#2927 = DIRECTION ( 'NONE',  ( 0.0000000000000000000, -3.492576598299973100E-015, 1.000000000000000000 ) ) ;
#2928 = CARTESIAN_POINT ( 'NONE',  ( 441.1206401019646300, -48.50000000001134000, 830.0000000000010200 ) ) ;
#2929 = VERTEX_POINT ( 'NONE', #963 ) ;
#2930 = VECTOR ( 'NONE', #4473, 1000.000000000000000 ) ;
#2931 = AXIS2_PLACEMENT_3D ( 'NONE', #5, #968, #1359 ) ;
#2932 = SURFACE_STYLE_FILL_AREA ( #1061 ) ;
#2933 = CARTESIAN_POINT ( 'NONE',  ( 436.6315433659448800, 157.4999999999881500, 967.9363974391370700 ) ) ;
#2934 = ORIENTED_EDGE ( 'NONE', *, *, #2826, .F. ) ;
#2935 = VECTOR ( 'NONE', #2276, 1000.000000000000000 ) ;
#2936 = ORIENTED_EDGE ( 'NONE', *, *, #1839, .F. ) ;
#2937 = CARTESIAN_POINT ( 'NONE',  ( 299.9999999999972700, 138.4999999999887700, 800.0000000000012500 ) ) ;
#2938 = CIRCLE ( 'NONE', #4597, 50.00000000000004300 ) ;
#2939 = DIRECTION ( 'NONE',  ( -0.0000000000000000000, -1.000000000000000000, -3.491483361109382100E-015 ) ) ;
#2940 = EDGE_CURVE ( 'NONE', #3482, #1294, #1153, .T. ) ;
#2941 = CARTESIAN_POINT ( 'NONE',  ( 441.1206401019647400, -48.50000000001134000, 830.0000000000011400 ) ) ;
#2942 = EDGE_LOOP ( 'NONE', ( #460, #464, #1693, #2062 ) ) ;
#2943 = VECTOR ( 'NONE', #536, 999.9999999999998900 ) ;
#2944 = CARTESIAN_POINT ( 'NONE',  ( 207.9123225399429200, -67.50000000001209300, 1051.107313354493500 ) ) ;
#2945 = DIRECTION ( 'NONE',  ( 0.0000000000000000000, 3.545420242872306300E-015, -1.000000000000000000 ) ) ;
#2946 = AXIS2_PLACEMENT_3D ( 'NONE', #314, #294, #288 ) ;
#2947 = DIRECTION ( 'NONE',  ( -3.038931636747691100E-016, 1.000000000000000000, 3.545420242872311100E-015 ) ) ;
#2948 = EDGE_LOOP ( 'NONE', ( #3445, #2388, #1265, #32 ) ) ;
#2949 = DIRECTION ( 'NONE',  ( 0.0000000000000000000, 2.829258448070552800E-015, -1.000000000000000000 ) ) ;
#2950 = LINE ( 'NONE', #2605, #3824 ) ;
#2951 = VERTEX_POINT ( 'NONE', #1028 ) ;
#2952 = ORIENTED_EDGE ( 'NONE', *, *, #2267, .F. ) ;
#2953 = AXIS2_PLACEMENT_3D ( 'NONE', #952, #917, #909 ) ;
#2954 = ORIENTED_EDGE ( 'NONE', *, *, #680, .T. ) ;
#2955 = EDGE_CURVE ( 'NONE', #4693, #610, #362, .T. ) ;
#2956 = ORIENTED_EDGE ( 'NONE', *, *, #2596, .F. ) ;
#2957 = CARTESIAN_POINT ( 'NONE',  ( 520.7772891662946200, -132.5000000000120800, 1024.682862248951800 ) ) ;
#2958 = CARTESIAN_POINT ( 'NONE',  ( 260.1987496954508300, -7.231399912715734700, 1050.269398768116400 ) ) ;
#2959 = ORIENTED_EDGE ( 'NONE', *, *, #1544, .T. ) ;
#2960 = CARTESIAN_POINT ( 'NONE',  ( 418.4516382367497700, 182.4999999999877800, 1076.386532696816900 ) ) ;
#2961 = CARTESIAN_POINT ( 'NONE',  ( 261.3612424328211400, -132.5000000000123400, 1112.621250739078700 ) ) ;
#2962 = CARTESIAN_POINT ( 'NONE',  ( 299.9999999999972700, 148.9999999999892900, 657.5000000000014800 ) ) ;
#2963 = DIRECTION ( 'NONE',  ( -0.0000000000000000000, -1.000000000000000000, -2.121943836052914800E-015 ) ) ;
#2964 = LINE ( 'NONE', #3426, #857 ) ;
#2965 = ORIENTED_EDGE ( 'NONE', *, *, #3024, .F. ) ;
#2966 = DIRECTION ( 'NONE',  ( -0.0000000000000000000, -1.000000000000000000, -3.491483361109382100E-015 ) ) ;
#2967 = CIRCLE ( 'NONE', #2886, 4783.737077154221000 ) ;
#2968 = EDGE_LOOP ( 'NONE', ( #2934, #1187, #4610, #395 ) ) ;
#2969 = DIRECTION ( 'NONE',  ( -0.02318147420677351200, -0.9996573249755573700, 0.01215943569059334300 ) ) ;
#2970 = DIRECTION ( 'NONE',  ( 0.02410177255257701200, 0.9992460887528884500, -0.03043614088347075900 ) ) ;
#2971 = CIRCLE ( 'NONE', #3190, 68.50000000000000000 ) ;
#2972 = ORIENTED_EDGE ( 'NONE', *, *, #933, .F. ) ;
#2973 = DIRECTION ( 'NONE',  ( 1.000000000000000000, 0.0000000000000000000, 0.0000000000000000000 ) ) ;
#2974 = DIRECTION ( 'NONE',  ( 0.08422964342456691600, 0.0000000000000000000, 0.9964463694392038400 ) ) ;
#2975 = CARTESIAN_POINT ( 'NONE',  ( 260.1764384182915300, -132.5000000000121100, 1049.738729315220300 ) ) ;
#2976 = EDGE_CURVE ( 'NONE', #1294, #3843, #2090, .T. ) ;
#2977 = CONICAL_SURFACE ( 'NONE', #3375, 68.50000000000000000, 0.1745329251994282300 ) ;
#2978 = CARTESIAN_POINT ( 'NONE',  ( 429.6785294646139200, 182.4999999999879500, 1054.109288215171300 ) ) ;
#2979 = CARTESIAN_POINT ( 'NONE',  ( 299.9999999999972700, 152.4999999999892900, 657.5000000000014800 ) ) ;
#2980 = AXIS2_PLACEMENT_3D ( 'NONE', #604, #593, #584 ) ;
#2981 = EDGE_CURVE ( 'NONE', #1395, #784, #3248, .T. ) ;
#2982 = VERTEX_POINT ( 'NONE', #827 ) ;
#2983 = EDGE_CURVE ( 'NONE', #4338, #2743, #98, .T. ) ;
#2984 = FILL_AREA_STYLE_COLOUR ( '', #1786 ) ;
#2985 = VECTOR ( 'NONE', #752, 1000.000000000000200 ) ;
#2986 = AXIS2_PLACEMENT_3D ( 'NONE', #937, #932, #914 ) ;
#2987 = UNCERTAINTY_MEASURE_WITH_UNIT (LENGTH_MEASURE( 1.000000000000000100E-005 ), #955, 'distance_accuracy_value', 'NONE');
#2988 = ORIENTED_EDGE ( 'NONE', *, *, #3746, .F. ) ;
#2990 = EDGE_LOOP ( 'NONE', ( #23, #2610, #4381, #562, #1533 ) ) ;
#2989 = CARTESIAN_POINT ( 'NONE',  ( 299.9999999999972700, 79.49999999995056000, 800.0000000000011400 ) ) ;
#2991 = LINE ( 'NONE', #1550, #4659 ) ;
#2992 = DIRECTION ( 'NONE',  ( -0.9964463694392039500, -2.940863985290517200E-016, 0.08422964342456693000 ) ) ;
#2993 = CARTESIAN_POINT ( 'NONE',  ( 244.4017971496085100, 137.6688920906758300, 1791.778578280372800 ) ) ;
#2994 = ORIENTED_EDGE ( 'NONE', *, *, #2144, .T. ) ;
#2995 = AXIS2_PLACEMENT_3D ( 'NONE', #997, #985, #979 ) ;
#2996 = LINE ( 'NONE', #188, #22 ) ;
#2997 = CARTESIAN_POINT ( 'NONE',  ( 297.9999999999972700, 132.4999999999875500, 1137.000000000001400 ) ) ;
#2998 = AXIS2_PLACEMENT_3D ( 'NONE', #878, #876, #874 ) ;
#2999 = DIRECTION ( 'NONE',  ( 7.729400804352684800E-015, -3.513364001978493200E-015, 1.000000000000000000 ) ) ;
#3000 = VERTEX_POINT ( 'NONE', #704 ) ;
#3001 = VECTOR ( 'NONE', #3950, 1000.000000000000000 ) ;
#3002 = CARTESIAN_POINT ( 'NONE',  ( 299.9999999999972700, 138.4999999999887700, 800.0000000000012500 ) ) ;
#3003 = EDGE_CURVE ( 'NONE', #250, #2194, #1960, .T. ) ;
#3004 = ORIENTED_EDGE ( 'NONE', *, *, #2307, .T. ) ;
#3005 = LINE ( 'NONE', #407, #1126 ) ;
#3006 = FACE_OUTER_BOUND ( 'NONE', #4550, .T. ) ;
#3007 = EDGE_CURVE ( 'NONE', #2521, #1691, #4692, .T. ) ;
#3008 = DIRECTION ( 'NONE',  ( 0.03003401431717000700, 0.9993150019883697600, 0.02162139646231109000 ) ) ;
#3009 = ORIENTED_EDGE ( 'NONE', *, *, #455, .T. ) ;
#3010 = ORIENTED_EDGE ( 'NONE', *, *, #2875, .F. ) ;
#3011 = DIRECTION ( 'NONE',  ( 1.734723475976805500E-015, -3.469446951953611000E-015, 1.000000000000000000 ) ) ;
#3012 = AXIS2_PLACEMENT_3D ( 'NONE', #1054, #1041, #1032 ) ;
#3013 = DIRECTION ( 'NONE',  ( 0.0000000000000000000, -3.491483361109382500E-015, 1.000000000000000000 ) ) ;
#3014 = CARTESIAN_POINT ( 'NONE',  ( 297.9999999999972700, 182.4999999999875500, 1154.000000000001600 ) ) ;
#3015 = AXIS2_PLACEMENT_3D ( 'NONE', #966, #994, #981 ) ;
#3016 = ORIENTED_EDGE ( 'NONE', *, *, #670, .F. ) ;
#3017 = ORIENTED_EDGE ( 'NONE', *, *, #1085, .F. ) ;
#3018 = EDGE_CURVE ( 'NONE', #2982, #3739, #213, .T. ) ;
#3019 = AXIS2_PLACEMENT_3D ( 'NONE', #1086, #1082, #1077 ) ;
#3020 = ORIENTED_EDGE ( 'NONE', *, *, #2474, .F. ) ;
#3021 = B_SPLINE_CURVE_WITH_KNOTS ( 'NONE', 3,
 ( #1984, #1988, #1974, #1968 ),
 .UNSPECIFIED., .F., .F.,
 ( 4, 4 ),
 ( 0.0000000000000000000, 1.000000000000000000 ),
 .UNSPECIFIED. ) ;
#3022 = AXIS2_PLACEMENT_3D ( 'NONE', #3923, #3907, #3930 ) ;
#3023 = DIRECTION ( 'NONE',  ( -0.0000000000000000000, -1.000000000000000000, -3.491483361109382100E-015 ) ) ;
#3024 = EDGE_CURVE ( 'NONE', #3562, #1741, #1833, .T. ) ;
#3025 = VECTOR ( 'NONE', #1399, 1000.000000000000100 ) ;
#3026 = DIRECTION ( 'NONE',  ( -0.0000000000000000000, -1.000000000000000000, -3.491483361109382100E-015 ) ) ;
#3027 = ORIENTED_EDGE ( 'NONE', *, *, #1863, .T. ) ;
#3028 = CARTESIAN_POINT ( 'NONE',  ( 260.1764384182914100, -7.021974374313507500, 1049.738729315220600 ) ) ;
#3029 = AXIS2_PLACEMENT_3D ( 'NONE', #1191, #1172, #1159 ) ;
#3030 = LINE ( 'NONE', #4596, #2666 ) ;
#3031 = VERTEX_POINT ( 'NONE', #850 ) ;
#3032 = CARTESIAN_POINT ( 'NONE',  ( 297.9999999999970400, 132.4999999999875200, 1156.620388964153600 ) ) ;
#3033 = EDGE_CURVE ( 'NONE', #3031, #560, #2797, .T. ) ;
#3034 = VECTOR ( 'NONE', #724, 1000.000000000000100 ) ;
#3035 = VERTEX_POINT ( 'NONE', #576 ) ;
#3036 = PRESENTATION_STYLE_ASSIGNMENT (( #2861 ) ) ;
#3037 = EDGE_CURVE ( 'NONE', #2067, #2081, #2913, .T. ) ;
#3038 = CARTESIAN_POINT ( 'NONE',  ( 436.6315433659448200, 157.4999999999882300, 967.9363974391371800 ) ) ;
#3039 = CARTESIAN_POINT ( 'NONE',  ( 221.3803443595896300, -132.5000000000156900, 2072.257277805387300 ) ) ;
#3040 = LINE ( 'NONE', #4549, #4089 ) ;
#3041 = AXIS2_PLACEMENT_3D ( 'NONE', #1328, #1323, #1309 ) ;
#3042 = AXIS2_PLACEMENT_3D ( 'NONE', #3596, #3617, #3549 ) ;
#3043 = ORIENTED_EDGE ( 'NONE', *, *, #4472, .T. ) ;
#3044 = CARTESIAN_POINT ( 'NONE',  ( 341.4454100585137400, 182.4999999999877500, 1085.288746590236500 ) ) ;
#3045 = VECTOR ( 'NONE', #196, 1000.000000000000000 ) ;
#3046 = CARTESIAN_POINT ( 'NONE',  ( 299.9999999999972700, 94.99999999998445300, 2020.144904710628500 ) ) ;
#3047 = ORIENTED_EDGE ( 'NONE', *, *, #1808, .F. ) ;
#3048 = CARTESIAN_POINT ( 'NONE',  ( 180.2470515341606500, 132.4999999999878400, 1053.099251942275500 ) ) ;
#3049 = CARTESIAN_POINT ( 'NONE',  ( 260.1764384182914700, -132.5000000000121100, 1049.738729315220300 ) ) ;
#3050 = CIRCLE ( 'NONE', #1621, 62.50000000000000000 ) ;
#3051 = AXIS2_PLACEMENT_3D ( 'NONE', #1018, #1000, #1003 ) ;
#3052 = VECTOR ( 'NONE', #1209, 1000.000000000000000 ) ;
#3053 = EDGE_CURVE ( 'NONE', #3928, #1089, #3744, .T. ) ;
#3054 = VERTEX_POINT ( 'NONE', #507 ) ;
#3055 = CARTESIAN_POINT ( 'NONE',  ( 259.9627610892969800, -48.50000000001209300, 1046.360880468309500 ) ) ;
#3056 = FACE_BOUND ( 'NONE', #520, .T. ) ;
#3057 = AXIS2_PLACEMENT_3D ( 'NONE', #1375, #1371, #1361 ) ;
#3058 = DIRECTION ( 'NONE',  ( -4.275692708279658900E-031, 1.000000000000000000, 3.491483361109382500E-015 ) ) ;
#3059 = ORIENTED_EDGE ( 'NONE', *, *, #283, .T. ) ;
#3060 = LINE ( 'NONE', #3176, #3278 ) ;
#3061 = CARTESIAN_POINT ( 'NONE',  ( 325.2222238594889100, 177.4999999999888900, 1109.796590190175300 ) ) ;
#3062 = ORIENTED_EDGE ( 'NONE', *, *, #497, .F. ) ;
#3063 = DIRECTION ( 'NONE',  ( 0.0000000000000000000, -1.000000000000000000, -3.491483361109382100E-015 ) ) ;
#3064 = LINE ( 'NONE', #2975, #1327 ) ;
#3065 = DIRECTION ( 'NONE',  ( -0.0000000000000000000, -1.000000000000000000, -3.491483361109382100E-015 ) ) ;
#3066 = ORIENTED_EDGE ( 'NONE', *, *, #663, .T. ) ;
#3067 = AXIS2_PLACEMENT_3D ( 'NONE', #1484, #1474, #1467 ) ;
#3068 = VERTEX_POINT ( 'NONE', #540 ) ;
#3069 = ORIENTED_EDGE ( 'NONE', *, *, #4012, .T. ) ;
#3070 = EDGE_CURVE ( 'NONE', #1985, #524, #3633, .T. ) ;
#3071 = ORIENTED_EDGE ( 'NONE', *, *, #3807, .T. ) ;
#3072 = DIRECTION ( 'NONE',  ( 0.0000000000000000000, -3.245989808722221800E-015, 1.000000000000000000 ) ) ;
#3073 = ORIENTED_EDGE ( 'NONE', *, *, #1737, .F. ) ;
#3074 = AXIS2_PLACEMENT_3D ( 'NONE', #1426, #1412, #1404 ) ;
#3075 = CARTESIAN_POINT ( 'NONE',  ( 299.9999999999972700, -110.0000000000156600, 2080.000000000000500 ) ) ;
#3076 = EDGE_CURVE ( 'NONE', #3234, #3528, #1585, .T. ) ;
#3077 = CARTESIAN_POINT ( 'NONE',  ( 423.1420529532058500, 185.4999999999897400, 1085.159499464114600 ) ) ;
#3078 = AXIS2_PLACEMENT_3D ( 'NONE', #922, #921, #918 ) ;
#3079 = ORIENTED_EDGE ( 'NONE', *, *, #2586, .T. ) ;
#3080 = DIRECTION ( 'NONE',  ( 1.110223024625270900E-016, 1.000000000000000000, 3.219646771412965400E-015 ) ) ;
#3081 = EDGE_CURVE ( 'NONE', #369, #1686, #4383, .T. ) ;
#3082 = VECTOR ( 'NONE', #3788, 1000.000000000000000 ) ;
#3083 = VERTEX_POINT ( 'NONE', #425 ) ;
#3084 = EDGE_CURVE ( 'NONE', #1569, #4423, #3524, .T. ) ;
#3085 = CARTESIAN_POINT ( 'NONE',  ( 299.9999999999972700, 94.99999999998426900, 2080.000000000001400 ) ) ;
#3086 = DIRECTION ( 'NONE',  ( 0.9844702839913727100, 0.1736481776669338800, -0.02577926164378666100 ) ) ;
#3087 = LINE ( 'NONE', #3335, #986 ) ;
#3088 = ORIENTED_EDGE ( 'NONE', *, *, #2111, .F. ) ;
#3089 = AXIS2_PLACEMENT_3D ( 'NONE', #1742, #1610, #1549 ) ;
#3090 = DIRECTION ( 'NONE',  ( 0.0000000000000000000, -3.612159776829508000E-015, 1.000000000000000000 ) ) ;
#3091 = CIRCLE ( 'NONE', #3232, 20.00000000000001800 ) ;
#3092 = CARTESIAN_POINT ( 'NONE',  ( 329.0240529160454900, 157.4999999999878900, 1013.985851487323400 ) ) ;
#3093 = CARTESIAN_POINT ( 'NONE',  ( 297.9999999999973300, 132.4999999999877500, 1117.379611035849200 ) ) ;
#3094 = ORIENTED_EDGE ( 'NONE', *, *, #1108, .T. ) ;
#3095 = CARTESIAN_POINT ( 'NONE',  ( 310.9772824533394600, 177.4999999999875800, 1125.617200388853200 ) ) ;
#3096 = FACE_OUTER_BOUND ( 'NONE', #1072, .T. ) ;
#3097 = FACE_OUTER_BOUND ( 'NONE', #3921, .T. ) ;
#3098 = VECTOR ( 'NONE', #4167, 1000.000000000000000 ) ;
#3099 = CARTESIAN_POINT ( 'NONE',  ( 441.4226497308104100, 185.4999999999879200, 1051.892527646794900 ) ) ;
#3100 = EDGE_CURVE ( 'NONE', #2067, #843, #695, .T. ) ;
#3101 = CARTESIAN_POINT ( 'NONE',  ( 463.0214347244344100, 132.4999999999914200, 1066.022577651572200 ) ) ;
#3102 = PRESENTATION_STYLE_ASSIGNMENT (( #1941 ) ) ;
#3103 = EDGE_LOOP ( 'NONE', ( #2660, #3627 ) ) ;
#3104 = AXIS2_PLACEMENT_3D ( 'NONE', #1509, #1502, #1495 ) ;
#3105 = FACE_OUTER_BOUND ( 'NONE', #4176, .T. ) ;
#3106 = EDGE_CURVE ( 'NONE', #842, #3189, #3413, .T. ) ;
#3107 = DIRECTION ( 'NONE',  ( 0.0000000000000000000, 3.330669073875469600E-015, -1.000000000000000000 ) ) ;
#3108 = EDGE_LOOP ( 'NONE', ( #2867, #4021 ) ) ;
#3109 = PLANE ( 'NONE',  #3953 ) ;
#3110 = CARTESIAN_POINT ( 'NONE',  ( 236.1072099364448900, -32.23917152088377900, 1096.384772699056800 ) ) ;
#3111 = VECTOR ( 'NONE', #1546, 1000.000000000000200 ) ;
#3112 = AXIS2_PLACEMENT_3D ( 'NONE', #1642, #1604, #1591 ) ;
#3113 = PLANE ( 'NONE',  #3468 ) ;
#3114 = CARTESIAN_POINT ( 'NONE',  ( 260.1764384182914100, -76.71873278172014900, 1049.738729315220600 ) ) ;
#3115 = ORIENTED_EDGE ( 'NONE', *, *, #1908, .F. ) ;
#3116 =( GEOMETRIC_REPRESENTATION_CONTEXT ( 3 ) GLOBAL_UNCERTAINTY_ASSIGNED_CONTEXT ( ( #744 ) ) GLOBAL_UNIT_ASSIGNED_CONTEXT ( ( #1037, #1034, #1033 ) ) REPRESENTATION_CONTEXT ( 'NONE', 'WORKASPACE' ) );
#3117 = VECTOR ( 'NONE', #3943, 999.9999999999998900 ) ;
#3118 = DIRECTION ( 'NONE',  ( -0.08422964342456699900, 3.519870971801587500E-015, -0.9964463694392037300 ) ) ;
#3119 = EDGE_CURVE ( 'NONE', #2529, #2778, #4236, .T. ) ;
#3120 = EDGE_LOOP ( 'NONE', ( #3609, #673 ) ) ;
#3121 = CARTESIAN_POINT ( 'NONE',  ( 259.9627610892969200, -82.50000000001209300, 1046.360880468309500 ) ) ;
#3122 = VECTOR ( 'NONE', #3918, 1000.000000000000000 ) ;
#3123 = EDGE_CURVE ( 'NONE', #1322, #864, #1349, .T. ) ;
#3124 = ORIENTED_EDGE ( 'NONE', *, *, #2691, .F. ) ;
#3125 = LINE ( 'NONE', #3995, #4650 ) ;
#3126 = CARTESIAN_POINT ( 'NONE',  ( 259.9627610892969800, -48.50000000001209300, 1046.360880468309500 ) ) ;
#3127 = ORIENTED_EDGE ( 'NONE', *, *, #283, .F. ) ;
#3128 = EDGE_LOOP ( 'NONE', ( #3771, #3872, #3178, #4660 ) ) ;
#3129 = CARTESIAN_POINT ( 'NONE',  ( 456.3942450438938200, 157.4999999999880100, 1041.949979565261400 ) ) ;
#3130 = CARTESIAN_POINT ( 'NONE',  ( 299.9999999999972700, 109.9999999999841300, 2142.500000000001400 ) ) ;
#3131 = ORIENTED_EDGE ( 'NONE', *, *, #2860, .T. ) ;
#3132 = ORIENTED_EDGE ( 'NONE', *, *, #3668, .T. ) ;
#3133 = CARTESIAN_POINT ( 'NONE',  ( 439.9999999999999400, 183.0358983848501600, 1052.507093805247900 ) ) ;
#3134 = VERTEX_POINT ( 'NONE', #256 ) ;
#3135 = EDGE_CURVE ( 'NONE', #3713, #1985, #2270, .T. ) ;
#3136 = ORIENTED_EDGE ( 'NONE', *, *, #783, .T. ) ;
#3137 = DIRECTION ( 'NONE',  ( -0.08422964342456709700, 3.461206455604898100E-015, -0.9964463694392038400 ) ) ;
#3138 = DIRECTION ( 'NONE',  ( 4.344589739314576500E-014, -3.492845917557926000E-015, 1.000000000000000000 ) ) ;
#3139 = MECHANICAL_DESIGN_GEOMETRIC_PRESENTATION_REPRESENTATION (  '', ( #3348 ), #3116 ) ;
#3140 = VERTEX_POINT ( 'NONE', #270 ) ;
#3141 = EDGE_CURVE ( 'NONE', #3482, #2982, #3304, .T. ) ;
#3142 = DIRECTION ( 'NONE',  ( 0.0000000000000000000, 1.000000000000000000, 3.491483361109382100E-015 ) ) ;
#3143 = DIRECTION ( 'NONE',  ( -0.0000000000000000000, -1.000000000000000000, -3.491483361109382100E-015 ) ) ;
#3144 = VERTEX_POINT ( 'NONE', #140 ) ;
#3145 = LINE ( 'NONE', #2928, #103 ) ;
#3146 = DIRECTION ( 'NONE',  ( 0.9996327355678214000, -0.02709970444846279000, 0.0000000000000000000 ) ) ;
#3147 = DIRECTION ( 'NONE',  ( 0.04014552724202666300, -0.9991938433769794700, 0.0000000000000000000 ) ) ;
#3148 = CARTESIAN_POINT ( 'NONE',  ( 259.9627610892970300, -132.5000000000120800, 1046.360880468309200 ) ) ;
#3149 = CARTESIAN_POINT ( 'NONE',  ( -4262.022683541780700, 147.9999999999883500, 930.0000000000269400 ) ) ;
#3150 = VECTOR ( 'NONE', #3476, 1000.000000000000100 ) ;
#3151 = ORIENTED_EDGE ( 'NONE', *, *, #2038, .F. ) ;
#3152 = DIRECTION ( 'NONE',  ( -0.02709970444846279000, -0.9996327355678214000, -3.423956310716438700E-015 ) ) ;
#3153 = CARTESIAN_POINT ( 'NONE',  ( 489.1428031937745700, -132.5000000000110000, 735.0000000000006800 ) ) ;
#3154 = AXIS2_PLACEMENT_3D ( 'NONE', #1817, #1776, #1760 ) ;
#3155 = FACE_OUTER_BOUND ( 'NONE', #4056, .T. ) ;
#3156 = DIRECTION ( 'NONE',  ( 0.0000000000000000000, 1.000000000000000000, 3.491483361109382100E-015 ) ) ;
#3157 = DIRECTION ( 'NONE',  ( -0.9006982393225868600, -9.516733069772650100E-016, 0.4344452574044191900 ) ) ;
#3158 = EDGE_CURVE ( 'NONE', #969, #3212, #261, .T. ) ;
#3159 = ORIENTED_EDGE ( 'NONE', *, *, #1728, .F. ) ;
#3160 = ORIENTED_EDGE ( 'NONE', *, *, #3135, .T. ) ;
#3161 = FACE_OUTER_BOUND ( 'NONE', #2818, .T. ) ;
#3162 = CARTESIAN_POINT ( 'NONE',  ( 259.9969821760516300, -48.50000000001207200, 1046.778764412535300 ) ) ;
#3163 = AXIS2_PLACEMENT_3D ( 'NONE', #1706, #1698, #1692 ) ;
#3164 = ORIENTED_EDGE ( 'NONE', *, *, #1169, .T. ) ;
#3165 = FACE_OUTER_BOUND ( 'NONE', #1247, .T. ) ;
#3166 = CARTESIAN_POINT ( 'NONE',  ( 353.9920392272450700, -132.5000000000256900, 1124.070053058620500 ) ) ;
#3167 = CARTESIAN_POINT ( 'NONE',  ( 236.1072099364448900, -32.23917152088378700, 1096.384772699056800 ) ) ;
#3168 = EDGE_CURVE ( 'NONE', #3739, #2521, #3191, .T. ) ;
#3169 = EDGE_LOOP ( 'NONE', ( #3696, #2484, #753, #4643, #1895, #3094, #544 ) ) ;
#3170 = DIRECTION ( 'NONE',  ( 0.0000000000000000000, 1.000000000000000000, 3.491483361109382900E-015 ) ) ;
#3171 = CARTESIAN_POINT ( 'NONE',  ( 239.2125751663325600, 147.9999999999850800, 1865.288230696959300 ) ) ;
#3172 = ORIENTED_EDGE ( 'NONE', *, *, #2267, .T. ) ;
#3173 = VECTOR ( 'NONE', #4146, 1000.000000000000200 ) ;
#3174 = CARTESIAN_POINT ( 'NONE',  ( 455.9474159670484700, 132.4999999999879200, 1041.438681501361300 ) ) ;
#3175 = AXIS2_PLACEMENT_3D ( 'NONE', #1809, #1796, #1781 ) ;
#3176 = CARTESIAN_POINT ( 'NONE',  ( 429.3732978642161700, 157.4999999999879800, 1054.983337287393900 ) ) ;
#3177 = ORIENTED_EDGE ( 'NONE', *, *, #1274, .F. ) ;
#3178 = ORIENTED_EDGE ( 'NONE', *, *, #2213, .T. ) ;
#3179 = PLANE ( 'NONE',  #3515 ) ;
#3180 = ORIENTED_EDGE ( 'NONE', *, *, #688, .T. ) ;
#3181 = EDGE_CURVE ( 'NONE', #2194, #558, #1092, .T. ) ;
#3182 = VERTEX_POINT ( 'NONE', #79 ) ;
#3183 = DIRECTION ( 'NONE',  ( -1.000000000000000000, -0.0000000000000000000, -0.0000000000000000000 ) ) ;
#3184 = EDGE_CURVE ( 'NONE', #2081, #2390, #2022, .T. ) ;
#3185 = ORIENTED_EDGE ( 'NONE', *, *, #2303, .F. ) ;
#3186 = AXIS2_PLACEMENT_3D ( 'NONE', #1929, #1907, #1903 ) ;
#3187 = CARTESIAN_POINT ( 'NONE',  ( 299.9999999999972700, 148.9999999999882900, 942.5000000000017100 ) ) ;
#3188 = CIRCLE ( 'NONE', #2742, 8500.000000000000000 ) ;
#3189 = VERTEX_POINT ( 'NONE', #50 ) ;
#3190 = AXIS2_PLACEMENT_3D ( 'NONE', #4581, #1844, #1841 ) ;
#3191 = LINE ( 'NONE', #97, #371 ) ;
#3192 = DIRECTION ( 'NONE',  ( -1.183291357831513500E-029, -1.000000000000000000, -3.330669073875457800E-015 ) ) ;
#3193 = EDGE_LOOP ( 'NONE', ( #498, #2052, #2584, #3400, #3714 ) ) ;
#3194 = DIRECTION ( 'NONE',  ( 0.02617694830786674400, -3.318601432303456200E-015, 0.9996573249755574800 ) ) ;
#3195 = EDGE_CURVE ( 'NONE', #3068, #4377, #150, .T. ) ;
#3196 = CARTESIAN_POINT ( 'NONE',  ( 357.9999999999972700, 44.49999999998492900, 1900.000000000001100 ) ) ;
#3197 = FACE_BOUND ( 'NONE', #4384, .T. ) ;
#3198 = VERTEX_POINT ( 'NONE', #9 ) ;
#3199 = CARTESIAN_POINT ( 'NONE',  ( 299.9999999999972700, -110.0000000000156600, 2080.000000000000500 ) ) ;
#3200 = AXIS2_PLACEMENT_3D ( 'NONE', #1987, #1957, #1948 ) ;
#3201 = VECTOR ( 'NONE', #4461, 999.9999999999998900 ) ;
#3202 = LINE ( 'NONE', #4385, #3313 ) ;
#3203 =( NAMED_UNIT ( * ) PLANE_ANGLE_UNIT ( ) SI_UNIT ( $, .RADIAN. ) );
#3204 = SURFACE_STYLE_FILL_AREA ( #3704 ) ;
#3205 = AXIS2_PLACEMENT_3D ( 'NONE', #3967, #957, #3938 ) ;
#3206 = DIRECTION ( 'NONE',  ( -0.9006982393225874100, -0.0000000000000000000, 0.4344452574044180800 ) ) ;
#3207 = ORIENTED_EDGE ( 'NONE', *, *, #4233, .T. ) ;
#3208 = CARTESIAN_POINT ( 'NONE',  ( 241.9266815805089500, 142.8356315729539900, 1828.541839956023300 ) ) ;
#3209 = FACE_OUTER_BOUND ( 'NONE', #1269, .T. ) ;
#3210 = CARTESIAN_POINT ( 'NONE',  ( 448.8111071708385100, -132.5000000000146100, 1761.976814352559400 ) ) ;
#3211 = CARTESIAN_POINT ( 'NONE',  ( 299.9999999999973300, -95.00000000001585900, 2130.000000000000500 ) ) ;
#3212 = VERTEX_POINT ( 'NONE', #2186 ) ;
#3213 = LINE ( 'NONE', #1665, #1114 ) ;
#3214 = DIRECTION ( 'NONE',  ( -9.146278524964403400E-017, -1.000000000000000000, -3.492822851699537800E-015 ) ) ;
#3215 = AXIS2_PLACEMENT_3D ( 'NONE', #2101, #1972, #2460 ) ;
#3216 = EDGE_CURVE ( 'NONE', #1696, #3713, #478, .T. ) ;
#3217 = ORIENTED_EDGE ( 'NONE', *, *, #2756, .F. ) ;
#3218 = PLANE ( 'NONE',  #1662 ) ;
#3219 = VECTOR ( 'NONE', #4183, 1000.000000000000100 ) ;
#3220 = ORIENTED_EDGE ( 'NONE', *, *, #732, .T. ) ;
#3221 = AXIS2_PLACEMENT_3D ( 'NONE', #461, #458, #429 ) ;
#3222 = CIRCLE ( 'NONE', #1091, 17.00000000000034800 ) ;
#3223 = DIRECTION ( 'NONE',  ( 0.0000000000000000000, 4.718447854656911400E-015, -1.000000000000000000 ) ) ;
#3224 = EDGE_CURVE ( 'NONE', #2982, #1691, #3087, .T. ) ;
#3225 = CARTESIAN_POINT ( 'NONE',  ( 271.9306312753488400, -76.40310002822892000, 1912.420604319468300 ) ) ;
#3226 = EDGE_LOOP ( 'NONE', ( #1401, #4228, #2956, #953, #1551, #768, #3877, #521, #3066, #2114 ) ) ;
#3227 = PRESENTATION_STYLE_ASSIGNMENT (( #1745 ) ) ;
#3228 = CARTESIAN_POINT ( 'NONE',  ( 284.4023523141938800, 182.4999999999880100, 1015.934077009781700 ) ) ;
#3229 = DIRECTION ( 'NONE',  ( 0.0000000000000000000, -1.000000000000000000, -3.491483361109382100E-015 ) ) ;
#3230 = ORIENTED_EDGE ( 'NONE', *, *, #2285, .T. ) ;
#3231 = ORIENTED_EDGE ( 'NONE', *, *, #2489, .T. ) ;
#3232 = AXIS2_PLACEMENT_3D ( 'NONE', #1982, #1971, #1965 ) ;
#3233 = DIRECTION ( 'NONE',  ( 1.665334536937728100E-015, -1.000000000000000000, -4.718447854656902700E-015 ) ) ;
#3234 = VERTEX_POINT ( 'NONE', #4316 ) ;
#3235 = EDGE_LOOP ( 'NONE', ( #3453, #2309, #4606, #2918 ) ) ;
#3236 = VERTEX_POINT ( 'NONE', #2167 ) ;
#3237 = CARTESIAN_POINT ( 'NONE',  ( 235.0308333843210800, -83.05120273336862600, 1922.252357782104600 ) ) ;
#3238 = CARTESIAN_POINT ( 'NONE',  ( 521.5549226676439500, -105.8788214066553800, 969.8475164868967800 ) ) ;
#3239 = LINE ( 'NONE', #2349, #2329 ) ;
#3240 = ORIENTED_EDGE ( 'NONE', *, *, #263, .T. ) ;
#3241 = DIRECTION ( 'NONE',  ( -0.9300900468830155500, 1.715608092025646900E-015, -0.3673316004499884200 ) ) ;
#3242 = EDGE_CURVE ( 'NONE', #369, #3590, #42, .T. ) ;
#3243 = DIRECTION ( 'NONE',  ( -0.8852647841904725000, 0.02617694830787158100, 0.4643501149450522400 ) ) ;
#3244 = CARTESIAN_POINT ( 'NONE',  ( 234.9030703142829900, -27.63528328799577200, 1050.400535750181000 ) ) ;
#3245 = VECTOR ( 'NONE', #3194, 1000.000000000000000 ) ;
#3246 = AXIS2_PLACEMENT_3D ( 'NONE', #2264, #2097, #2092 ) ;
#3247 = VERTEX_POINT ( 'NONE', #2587 ) ;
#3248 = LINE ( 'NONE', #755, #3937 ) ;
#3249 = EDGE_LOOP ( 'NONE', ( #4347, #2430, #1615, #3009 ) ) ;
#3250 = EDGE_CURVE ( 'NONE', #1791, #778, #3388, .T. ) ;
#3251 = CARTESIAN_POINT ( 'NONE',  ( 505.7550574980215300, -48.50000000001151100, 879.6002773315179900 ) ) ;
#3252 = AXIS2_PLACEMENT_3D ( 'NONE', #2027, #2021, #2008 ) ;
#3253 = CARTESIAN_POINT ( 'NONE',  ( 310.7388939418465300, 132.4999999999877800, 1087.222752630814700 ) ) ;
#3254 = DIRECTION ( 'NONE',  ( -0.07410849019539254800, 0.0000000000000000000, 0.9972501850994860400 ) ) ;
#3255 = VECTOR ( 'NONE', #3183, 1000.000000000000000 ) ;
#3256 = CARTESIAN_POINT ( 'NONE',  ( 259.9969821760515700, 105.4999999999880200, 1046.778764412535800 ) ) ;
#3257 = EDGE_CURVE ( 'NONE', #3568, #3459, #2967, .T. ) ;
#3258 = PLANE ( 'NONE',  #2129 ) ;
#3259 = FACE_OUTER_BOUND ( 'NONE', #1980, .T. ) ;
#3260 = CARTESIAN_POINT ( 'NONE',  ( 279.9558429024702900, 157.4999999999878100, 1075.769088115750900 ) ) ;
#3261 = LINE ( 'NONE', #2535, #3150 ) ;
#3262 = EDGE_LOOP ( 'NONE', ( #1312, #80 ) ) ;
#3263 = CIRCLE ( 'NONE', #1775, 49.99999999999982200 ) ;
#3264 = DIRECTION ( 'NONE',  ( 0.4645092906775890000, 0.0000000000000000000, 0.8855682463109226800 ) ) ;
#3265 = EDGE_LOOP ( 'NONE', ( #342, #1170, #682, #3172, #3231, #570, #836 ) ) ;
#3266 = CIRCLE ( 'NONE', #2179, 19.62038896415219100 ) ;
#3267 = DIRECTION ( 'NONE',  ( 0.1607425656038195000, 0.0000000000000000000, 0.9869963665602330400 ) ) ;
#3268 = LINE ( 'NONE', #1317, #4159 ) ;
#3269 = DIRECTION ( 'NONE',  ( 0.02709970444846172100, 0.9996327355678214000, 0.0000000000000000000 ) ) ;
#3270 = EDGE_CURVE ( 'NONE', #982, #1696, #1888, .T. ) ;
#3271 = ORIENTED_EDGE ( 'NONE', *, *, #41, .F. ) ;
#3272 = DIRECTION ( 'NONE',  ( 0.001814713940800541600, 0.9999754190178187200, 0.006772604628271934300 ) ) ;
#3273 = DIRECTION ( 'NONE',  ( -0.9866581475561971800, 0.02617694830787264600, 0.1606874831412222500 ) ) ;
#3274 = CARTESIAN_POINT ( 'NONE',  ( 328.4714272132374000, 182.4999999999880100, 1014.665251359287500 ) ) ;
#3275 = AXIS2_PLACEMENT_3D ( 'NONE', #2260, #2202, #3090 ) ;
#3276 = PLANE ( 'NONE',  #2905 ) ;
#3277 = ORIENTED_EDGE ( 'NONE', *, *, #1252, .T. ) ;
#3278 = VECTOR ( 'NONE', #4658, 1000.000000000000000 ) ;
#3279 = DIRECTION ( 'NONE',  ( 1.243963728778105200E-014, -3.492845917557926000E-015, 1.000000000000000000 ) ) ;
#3280 = AXIS2_PLACEMENT_3D ( 'NONE', #3289, #3233, #3223 ) ;
#3281 = DIRECTION ( 'NONE',  ( -0.9969084523679316900, -0.02617694830787305500, -0.07408309506670343600 ) ) ;
#3282 = ORIENTED_EDGE ( 'NONE', *, *, #4106, .F. ) ;
#3283 = LINE ( 'NONE', #2244, #1021 ) ;
#3284 = AXIS2_PLACEMENT_3D ( 'NONE', #2128, #2118, #2112 ) ;
#3285 = PRESENTATION_LAYER_ASSIGNMENT (  '', '', ( #3348 ) ) ;
#3286 = DIRECTION ( 'NONE',  ( -0.0000000000000000000, 1.000000000000000000, 3.491483361109382100E-015 ) ) ;
#3287 = ORIENTED_EDGE ( 'NONE', *, *, #1753, .T. ) ;
#3288 = EDGE_CURVE ( 'NONE', #3134, #3620, #861, .T. ) ;
#3289 = CARTESIAN_POINT ( 'NONE',  ( 299.9999999999972700, 79.49999999995057500, 800.0000000000011400 ) ) ;
#3290 = CARTESIAN_POINT ( 'NONE',  ( -78.28560638755743600, 105.4999999999883800, 930.0000000000013600 ) ) ;
#3291 = AXIS2_PLACEMENT_3D ( 'NONE', #2304, #2280, #2272 ) ;
#3292 = ORIENTED_EDGE ( 'NONE', *, *, #3546, .T. ) ;
#3293 = ORIENTED_EDGE ( 'NONE', *, *, #567, .T. ) ;
#3294 = CARTESIAN_POINT ( 'NONE',  ( 249.0422493309686400, -32.50000000001546100, 1827.000000000000900 ) ) ;
#3295 = CARTESIAN_POINT ( 'NONE',  ( 314.5089961802542000, 132.4999999999876400, 1126.397514054483300 ) ) ;
#3296 = CARTESIAN_POINT ( 'NONE',  ( 423.1063177074422000, 182.4999999999877800, 1085.260491557764000 ) ) ;
#3297 = DIRECTION ( 'NONE',  ( -0.0000000000000000000, -1.000000000000000000, -3.491483361109382100E-015 ) ) ;
#3298 = ORIENTED_EDGE ( 'NONE', *, *, #222, .T. ) ;
#3299 = VERTEX_POINT ( 'NONE', #678 ) ;
#3300 = VECTOR ( 'NONE', #4038, 1000.000000000000100 ) ;
#3301 = CARTESIAN_POINT ( 'NONE',  ( 521.5470771595282700, -82.50000000001163900, 915.8313109744899500 ) ) ;
#3302 = ORIENTED_EDGE ( 'NONE', *, *, #4033, .F. ) ;
#3303 = CARTESIAN_POINT ( 'NONE',  ( 209.1164621621047700, 36.99999999998773600, 1097.091550303369600 ) ) ;
#3304 = LINE ( 'NONE', #146, #4084 ) ;
#3305 = EDGE_CURVE ( 'NONE', #1791, #4486, #4534, .T. ) ;
#3306 = ORIENTED_EDGE ( 'NONE', *, *, #3081, .F. ) ;
#3307 = PLANE ( 'NONE',  #2278 ) ;
#3308 = CARTESIAN_POINT ( 'NONE',  ( -4262.022683541780700, 132.4999999999883200, 930.0000000000268300 ) ) ;
#3309 = LINE ( 'NONE', #2246, #2277 ) ;
#3310 = ORIENTED_EDGE ( 'NONE', *, *, #2263, .F. ) ;
#3311 = DIRECTION ( 'NONE',  ( 1.110223024625270900E-016, 1.000000000000000000, 3.219646771412965400E-015 ) ) ;
#3312 = EDGE_CURVE ( 'NONE', #843, #3000, #4638, .T. ) ;
#3313 = VECTOR ( 'NONE', #4417, 1000.000000000000000 ) ;
#3314 = CARTESIAN_POINT ( 'NONE',  ( 299.9999999999972700, 109.9999999999843300, 2080.000000000001400 ) ) ;
#3315 = DIRECTION ( 'NONE',  ( 0.9869963665602330400, 0.0000000000000000000, -0.1607425656038193600 ) ) ;
#3316 = LINE ( 'NONE', #4452, #2559 ) ;
#3317 = DIRECTION ( 'NONE',  ( -4.440892098500627000E-015, 3.497202527569243500E-015, -1.000000000000000000 ) ) ;
#3318 = CARTESIAN_POINT ( 'NONE',  ( 269.7922471791067100, -83.99357287245200600, 1912.938065028027700 ) ) ;
#3319 = DIRECTION ( 'NONE',  ( 0.1606874831412221100, 0.02617694830786977700, 0.9866581475561973000 ) ) ;
#3320 = ORIENTED_EDGE ( 'NONE', *, *, #3158, .F. ) ;
#3321 = CARTESIAN_POINT ( 'NONE',  ( 521.5470771595282700, -48.50000000001161000, 915.8313109744902900 ) ) ;
#3322 = AXIS2_PLACEMENT_3D ( 'NONE', #3772, #2297, #2291 ) ;
#3323 = CIRCLE ( 'NONE', #2998, 49.99999999999982200 ) ;
#3324 = DIRECTION ( 'NONE',  ( -1.184526087259810800E-015, 0.9993908270190956500, -0.03489949670250088600 ) ) ;
#3325 = AXIS2_PLACEMENT_3D ( 'NONE', #1240, #1229, #1228 ) ;
#3326 = ORIENTED_EDGE ( 'NONE', *, *, #248, .F. ) ;
#3327 = CIRCLE ( 'NONE', #3983, 69.09205999321154900 ) ;
#3328 = ORIENTED_EDGE ( 'NONE', *, *, #2182, .F. ) ;
#3329 = DIRECTION ( 'NONE',  ( -0.02617694830786632100, 0.0000000000000000000, -0.9996573249755574800 ) ) ;
#3330 = AXIS2_PLACEMENT_3D ( 'NONE', #2433, #2432, #2426 ) ;
#3331 = VECTOR ( 'NONE', #4209, 1000.000000000000000 ) ;
#3332 = DIRECTION ( 'NONE',  ( -0.06975647374413297700, -0.0000000000000000000, -0.9975640502598237500 ) ) ;
#3333 = CARTESIAN_POINT ( 'NONE',  ( 327.0790301836188400, 132.4999999999880600, 1005.221163928857800 ) ) ;
#3334 = EDGE_CURVE ( 'NONE', #1428, #3482, #2730, .T. ) ;
#3335 = CARTESIAN_POINT ( 'NONE',  ( 99.99999999999727200, -32.50000000001501400, 1827.000000000001100 ) ) ;
#3336 = ORIENTED_EDGE ( 'NONE', *, *, #345, .F. ) ;
#3337 = VECTOR ( 'NONE', #4092, 1000.000000000000000 ) ;
#3338 = DIRECTION ( 'NONE',  ( 0.9996573249755574800, 1.352521087502946800E-016, -0.02617694830786632100 ) ) ;
#3339 = AXIS2_PLACEMENT_3D ( 'NONE', #2451, #2417, #2411 ) ;
#3340 = DIRECTION ( 'NONE',  ( 0.02617694830786632100, -3.494020165145031600E-015, 0.9996573249755574800 ) ) ;
#3341 = EDGE_LOOP ( 'NONE', ( #290, #1792, #3420, #2033 ) ) ;
#3342 = EDGE_CURVE ( 'NONE', #3449, #842, #748, .T. ) ;
#3343 = VECTOR ( 'NONE', #442, 1000.000000000000000 ) ;
#3344 = EDGE_CURVE ( 'NONE', #524, #982, #2853, .T. ) ;
#3345 = ORIENTED_EDGE ( 'NONE', *, *, #1377, .F. ) ;
#3346 = ORIENTED_EDGE ( 'NONE', *, *, #2890, .T. ) ;
#3347 = AXIS2_PLACEMENT_3D ( 'NONE', #2431, #2376, #2357 ) ;
#3348 = STYLED_ITEM ( 'NONE', ( #822 ), #1914 ) ;
#3349 = ORIENTED_EDGE ( 'NONE', *, *, #2596, .T. ) ;
#3350 = EDGE_CURVE ( 'NONE', #2843, #1595, #77, .T. ) ;
#3351 = CARTESIAN_POINT ( 'NONE',  ( 315.7998930250715300, 182.4999999999880600, 1007.179469167495100 ) ) ;
#3352 = ORIENTED_EDGE ( 'NONE', *, *, #338, .F. ) ;
#3353 = AXIS2_PLACEMENT_3D ( 'NONE', #2545, #2499, #2490 ) ;
#3354 = CONICAL_SURFACE ( 'NONE', #4364, 68.50000000000000000, 0.1745329251994282300 ) ;
#3355 = ORIENTED_EDGE ( 'NONE', *, *, #892, .F. ) ;
#3356 = CARTESIAN_POINT ( 'NONE',  ( 315.2677708115304000, 132.4999999999878400, 1088.225499868927700 ) ) ;
#3357 = PLANE ( 'NONE',  #2880 ) ;
#3358 = EDGE_CURVE ( 'NONE', #3182, #4440, #1526, .T. ) ;
#3359 = CARTESIAN_POINT ( 'NONE',  ( 299.9999999999972700, 105.4999999999889000, 730.0000000000043200 ) ) ;
#3360 = VECTOR ( 'NONE', #2538, 1000.000000000000000 ) ;
#3361 = CIRCLE ( 'NONE', #720, 310.6121461568334300 ) ;
#3362 = ORIENTED_EDGE ( 'NONE', *, *, #2214, .F. ) ;
#3363 = DIRECTION ( 'NONE',  ( 0.9996573249755574800, 0.0000000000000000000, -0.02617694830786632100 ) ) ;
#3364 = EDGE_CURVE ( 'NONE', #2859, #2906, #645, .T. ) ;
#3365 = CIRCLE ( 'NONE', #2862, 599.9999999999998900 ) ;
#3366 =( BOUNDED_CURVE ( )  B_SPLINE_CURVE ( 3, ( #4468, #4483, #4496, #4442 ),
 .UNSPECIFIED., .F., .F. ) 
 B_SPLINE_CURVE_WITH_KNOTS ( ( 4, 4 ),
 ( 2.221076403647727300, 2.336464979748230400 ),
 .UNSPECIFIED. ) 
 CURVE ( )  GEOMETRIC_REPRESENTATION_ITEM ( )  RATIONAL_B_SPLINE_CURVE ( ( 1.000000000000000000, 0.9988907641130753100, 0.9988907641130753100, 1.000000000000000000 ) ) 
 REPRESENTATION_ITEM ( '' )  );
#3367 = EDGE_LOOP ( 'NONE', ( #4014, #75 ) ) ;
#3368 = VECTOR ( 'NONE', #1139, 1000.000000000000000 ) ;
#3369 = VERTEX_POINT ( 'NONE', #4232 ) ;
#3370 = DIRECTION ( 'NONE',  ( 0.1607425656038263500, -0.0000000000000000000, 0.9869963665602319300 ) ) ;
#3371 = EDGE_CURVE ( 'NONE', #2906, #1748, #4340, .T. ) ;
#3372 = CARTESIAN_POINT ( 'NONE',  ( 260.2275131006904300, -86.22624537136663000, 1051.331267891164500 ) ) ;
#3373 = DIRECTION ( 'NONE',  ( -0.9869963665602330400, -0.0000000000000000000, 0.1607425656038193600 ) ) ;
#3374 = FACE_OUTER_BOUND ( 'NONE', #3128, .T. ) ;
#3375 = AXIS2_PLACEMENT_3D ( 'NONE', #4379, #4299, #4293 ) ;
#3376 = LINE ( 'NONE', #1094, #2351 ) ;
#3377 = CARTESIAN_POINT ( 'NONE',  ( 261.0040707220682600, -27.63528328799577200, 1049.717057000625800 ) ) ;
#3378 = AXIS2_PLACEMENT_3D ( 'NONE', #1270, #1260, #1255 ) ;
#3379 = VECTOR ( 'NONE', #2580, 1000.000000000000100 ) ;
#3380 = ORIENTED_EDGE ( 'NONE', *, *, #2716, .T. ) ;
#3381 = FACE_OUTER_BOUND ( 'NONE', #4448, .T. ) ;
#3382 = AXIS2_PLACEMENT_3D ( 'NONE', #2601, #2590, #2574 ) ;
#3383 = CARTESIAN_POINT ( 'NONE',  ( 326.8685705728323100, 182.4999999999878400, 1003.928893456667100 ) ) ;
#3384 = EDGE_LOOP ( 'NONE', ( #4522, #3567, #4223, #4426, #3410, #1138 ) ) ;
#3385 = VECTOR ( 'NONE', #1402, 1000.000000000000000 ) ;
#3386 = VERTEX_POINT ( 'NONE', #3225 ) ;
#3387 = VECTOR ( 'NONE', #2223, 1000.000000000000100 ) ;
#3388 = B_SPLINE_CURVE_WITH_KNOTS ( 'NONE', 3,
 ( #622, #2958, #269, #2149 ),
 .UNSPECIFIED., .F., .F.,
 ( 4, 4 ),
 ( 0.0000000000000000000, 1.000000000000000000 ),
 .UNSPECIFIED. ) ;
#3389 = DIRECTION ( 'NONE',  ( -0.3907311284892714400, 0.0000000000000000000, 0.9205048534524413700 ) ) ;
#3390 = VERTEX_POINT ( 'NONE', #180 ) ;
#3391 = LINE ( 'NONE', #3931, #3122 ) ;
#3392 = PLANE ( 'NONE',  #3535 ) ;
#3393 = ORIENTED_EDGE ( 'NONE', *, *, #4603, .T. ) ;
#3394 = DIRECTION ( 'NONE',  ( 0.0000000000000000000, 3.491483361109382500E-015, -1.000000000000000000 ) ) ;
#3395 = LINE ( 'NONE', #3126, #2437 ) ;
#3396 = ORIENTED_EDGE ( 'NONE', *, *, #14, .T. ) ;
#3397 = DIRECTION ( 'NONE',  ( 1.949127501097535700E-016, -1.000000000000000000, 0.0000000000000000000 ) ) ;
#3398 = DIRECTION ( 'NONE',  ( 0.0000000000000000000, 4.631750356626261500E-015, -1.000000000000000000 ) ) ;
#3399 = ORIENTED_EDGE ( 'NONE', *, *, #3782, .T. ) ;
#3400 = ORIENTED_EDGE ( 'NONE', *, *, #1737, .T. ) ;
#3401 = DIRECTION ( 'NONE',  ( 0.0000000000000000000, -3.330669073875469600E-015, 1.000000000000000000 ) ) ;
#3402 = AXIS2_PLACEMENT_3D ( 'NONE', #2725, #2704, #2692 ) ;
#3403 = AXIS2_PLACEMENT_3D ( 'NONE', #2783, #2215, #2185 ) ;
#3404 = DIRECTION ( 'NONE',  ( -0.7933264000454050000, 0.0000000000000000000, -0.6087965366121903500 ) ) ;
#3405 = PLANE ( 'NONE',  #1478 ) ;
#3406 = ORIENTED_EDGE ( 'NONE', *, *, #4076, .T. ) ;
#3407 = AXIS2_PLACEMENT_3D ( 'NONE', #2648, #2634, #2623 ) ;
#3408 = DIRECTION ( 'NONE',  ( 0.6087965366121903500, 2.769885925687336600E-015, -0.7933264000454050000 ) ) ;
#3409 = CIRCLE ( 'NONE', #2776, 40.00000000000003600 ) ;
#3410 = ORIENTED_EDGE ( 'NONE', *, *, #2454, .T. ) ;
#3411 = DIRECTION ( 'NONE',  ( 0.0000000000000000000, -1.000000000000000000, -3.491483361109382100E-015 ) ) ;
#3412 = DIRECTION ( 'NONE',  ( 1.665334536937728100E-015, -1.000000000000000000, -4.718447854656902700E-015 ) ) ;
#3413 = LINE ( 'NONE', #357, #2405 ) ;
#3414 = ORIENTED_EDGE ( 'NONE', *, *, #45, .T. ) ;
#3415 = PLANE ( 'NONE',  #3573 ) ;
#3416 = CARTESIAN_POINT ( 'NONE',  ( 368.9999999999972700, 365.9304665247316800, 1950.000000000002700 ) ) ;
#3417 = FACE_OUTER_BOUND ( 'NONE', #3970, .T. ) ;
#3418 = ORIENTED_EDGE ( 'NONE', *, *, #2069, .T. ) ;
#3419 = CARTESIAN_POINT ( 'NONE',  ( 441.1206401019645700, -48.50000000001134000, 830.0000000000009100 ) ) ;
#3420 = ORIENTED_EDGE ( 'NONE', *, *, #3270, .T. ) ;
#3421 = AXIS2_PLACEMENT_3D ( 'NONE', #2937, #2895, #2817 ) ;
#3422 = MECHANICAL_DESIGN_GEOMETRIC_PRESENTATION_REPRESENTATION (  '', ( #803 ), #2495 ) ;
#3423 = DIRECTION ( 'NONE',  ( 0.0000000000000000000, -3.330669073875481500E-015, 1.000000000000000000 ) ) ;
#3424 = DIRECTION ( 'NONE',  ( 0.0000000000000000000, -1.000000000000000000, -3.491483361109382500E-015 ) ) ;
#3425 = CIRCLE ( 'NONE', #1178, 78.99999999999663200 ) ;
#3426 = CARTESIAN_POINT ( 'NONE',  ( 271.9802886388829400, -49.04003095660885900, 1912.605928123147800 ) ) ;
#3427 = AXIS2_PLACEMENT_3D ( 'NONE', #2758, #2750, #2745 ) ;
#3428 = ORIENTED_EDGE ( 'NONE', *, *, #303, .T. ) ;
#3429 = CARTESIAN_POINT ( 'NONE',  ( 246.6378172271409400, -148.0000000000149800, 1865.288230696958400 ) ) ;
#3430 = LINE ( 'NONE', #686, #1976 ) ;
#3431 = CYLINDRICAL_SURFACE ( 'NONE', #3051, 78.99999999999663200 ) ;
#3432 = EDGE_CURVE ( 'NONE', #3978, #2039, #4241, .T. ) ;
#3433 = VERTEX_POINT ( 'NONE', #2455 ) ;
#3434 = DIRECTION ( 'NONE',  ( 0.2588126743486050500, 0.007016323828547468100, 0.9659020503117570200 ) ) ;
#3435 = LINE ( 'NONE', #4013, #3501 ) ;
#3436 = PLANE ( 'NONE',  #319 ) ;
#3437 = VERTEX_POINT ( 'NONE', #1647 ) ;
#3438 = LINE ( 'NONE', #4281, #3701 ) ;
#3439 = PLANE ( 'NONE',  #3553 ) ;
#3440 = ORIENTED_EDGE ( 'NONE', *, *, #3683, .F. ) ;
#3441 = CARTESIAN_POINT ( 'NONE',  ( 299.9999999999971600, 138.4999999999890300, 800.0000000000014800 ) ) ;
#3442 = FACE_OUTER_BOUND ( 'NONE', #4388, .T. ) ;
#3443 = CARTESIAN_POINT ( 'NONE',  ( 302.3200426495491200, 177.4999999999876100, 1120.287273760173800 ) ) ;
#3444 = CARTESIAN_POINT ( 'NONE',  ( 299.9999999999972700, -48.50000000001123400, 800.0000000000009100 ) ) ;
#3445 = ORIENTED_EDGE ( 'NONE', *, *, #338, .T. ) ;
#3446 = FACE_OUTER_BOUND ( 'NONE', #3719, .T. ) ;
#3447 =( GEOMETRIC_REPRESENTATION_CONTEXT ( 3 ) GLOBAL_UNCERTAINTY_ASSIGNED_CONTEXT ( ( #4161 ) ) GLOBAL_UNIT_ASSIGNED_CONTEXT ( ( #2848, #2844, #2835 ) ) REPRESENTATION_CONTEXT ( 'NONE', 'WORKASPACE' ) );
#3448 = CARTESIAN_POINT ( 'NONE',  ( 209.1164621621047700, 67.49999999998775000, 1097.091550303369600 ) ) ;
#3449 = VERTEX_POINT ( 'NONE', #4219 ) ;
#3450 = ORIENTED_EDGE ( 'NONE', *, *, #2632, .T. ) ;
#3451 = EDGE_LOOP ( 'NONE', ( #4049, #964, #2192, #3681, #2007, #2057 ) ) ;
#3452 = CARTESIAN_POINT ( 'NONE',  ( 250.7576489843438900, 48.46469239293310900, 1833.401958661683700 ) ) ;
#3453 = ORIENTED_EDGE ( 'NONE', *, *, #2662, .F. ) ;
#3454 = MECHANICAL_DESIGN_GEOMETRIC_PRESENTATION_REPRESENTATION (  '', ( #3483 ), #3447 ) ;
#3455 = DIRECTION ( 'NONE',  ( -9.146278524964403400E-017, -1.000000000000000000, -3.492822851699537800E-015 ) ) ;
#3456 = DIRECTION ( 'NONE',  ( -1.000000000000000000, -1.949127501097535700E-016, -6.805346238762754500E-031 ) ) ;
#3457 = FACE_OUTER_BOUND ( 'NONE', #390, .T. ) ;
#3458 = CARTESIAN_POINT ( 'NONE',  ( 299.9999999999972700, -48.50000000001150400, 868.5000000000009100 ) ) ;
#3459 = VERTEX_POINT ( 'NONE', #3566 ) ;
#3460 = DIRECTION ( 'NONE',  ( -0.9205048534524413700, 1.364231233787782900E-015, -0.3907311284892714400 ) ) ;
#3461 = CARTESIAN_POINT ( 'NONE',  ( 281.9999999999972700, 44.49999999998946300, 600.0000000000013600 ) ) ;
#3462 = PRESENTATION_LAYER_ASSIGNMENT (  '', '', ( #3483 ) ) ;
#3463 = CIRCLE ( 'NONE', #2655, 8500.000000000000000 ) ;
#3464 = VERTEX_POINT ( 'NONE', #3895 ) ;
#3465 = CARTESIAN_POINT ( 'NONE',  ( 281.9999999999972700, 32.49999999998488000, 1827.000000000000900 ) ) ;
#3466 = VECTOR ( 'NONE', #1663, 1000.000000000000100 ) ;
#3467 = ORIENTED_EDGE ( 'NONE', *, *, #1898, .F. ) ;
#3468 = AXIS2_PLACEMENT_3D ( 'NONE', #3055, #2992, #2974 ) ;
#3469 = AXIS2_PLACEMENT_3D ( 'NONE', #1342, #1286, #1285 ) ;
#3470 = LINE ( 'NONE', #1101, #2217 ) ;
#3471 = PLANE ( 'NONE',  #1501 ) ;
#3472 = ORIENTED_EDGE ( 'NONE', *, *, #2925, .F. ) ;
#3473 = DIRECTION ( 'NONE',  ( 7.729400804352684800E-015, -3.513364001978493200E-015, 1.000000000000000000 ) ) ;
#3474 = DIRECTION ( 'NONE',  ( -0.0000000000000000000, -1.000000000000000000, -3.491483361109382100E-015 ) ) ;
#3475 = LINE ( 'NONE', #3452, #4250 ) ;
#3476 = DIRECTION ( 'NONE',  ( -0.4645092906775845100, 2.769841150769065500E-015, -0.8855682463109250100 ) ) ;
#3477 = DIRECTION ( 'NONE',  ( -0.0000000000000000000, -1.000000000000000000, -3.491483361109382100E-015 ) ) ;
#3478 = DIRECTION ( 'NONE',  ( -0.0000000000000000000, -1.000000000000000000, -3.491483361109382100E-015 ) ) ;
#3479 = CIRCLE ( 'NONE', #2237, 80.00000000000007100 ) ;
#3480 = CARTESIAN_POINT ( 'NONE',  ( 299.9999999999972700, 148.9999999999887700, 800.0000000000015900 ) ) ;
#3481 = FACE_OUTER_BOUND ( 'NONE', #4568, .T. ) ;
#3482 = VERTEX_POINT ( 'NONE', #1249 ) ;
#3483 = STYLED_ITEM ( 'NONE', ( #3036 ), #2597 ) ;
#3484 = FACE_OUTER_BOUND ( 'NONE', #4614, .T. ) ;
#3485 = CARTESIAN_POINT ( 'NONE',  ( 293.9999999999972700, 185.4999999999876100, 1137.000000000001600 ) ) ;
#3486 = CARTESIAN_POINT ( 'NONE',  ( 299.9999999999972700, 152.4999999999882900, 942.5000000000017100 ) ) ;
#3487 = EDGE_LOOP ( 'NONE', ( #3858, #946, #2198, #3271 ) ) ;
#3488 = DIRECTION ( 'NONE',  ( -0.2586353318232663700, 0.007011516132835122000, -0.9659495865593544800 ) ) ;
#3489 = CARTESIAN_POINT ( 'NONE',  ( 299.9999999999972700, -148.0000000000157200, 2080.000000000000500 ) ) ;
#3490 = FACE_OUTER_BOUND ( 'NONE', #2059, .T. ) ;
#3491 = DIRECTION ( 'NONE',  ( -0.0000000000000000000, 1.000000000000000000, 3.491483361109382500E-015 ) ) ;
#3492 = EDGE_LOOP ( 'NONE', ( #3498, #3396, #3004, #360, #2290, #4210, #707, #4278 ) ) ;
#3493 = AXIS2_PLACEMENT_3D ( 'NONE', #625, #638, #489 ) ;
#3494 = VECTOR ( 'NONE', #1613, 1000.000000000000100 ) ;
#3495 = DIRECTION ( 'NONE',  ( 0.0000000000000000000, -3.491483361109382500E-015, 1.000000000000000000 ) ) ;
#3496 = EDGE_CURVE ( 'NONE', #1981, #2951, #3365, .T. ) ;
#3497 = CARTESIAN_POINT ( 'NONE',  ( 299.9999999999972700, 105.4999999999885700, 869.9999999999984100 ) ) ;
#3498 = ORIENTED_EDGE ( 'NONE', *, *, #33, .F. ) ;
#3499 = AXIS2_PLACEMENT_3D ( 'NONE', #3048, #3023, #3011 ) ;
#3500 = CARTESIAN_POINT ( 'NONE',  ( -3968.848264171508200, 132.4999999999880100, 1019.589786660809100 ) ) ;
#3501 = VECTOR ( 'NONE', #3982, 1000.000000000000200 ) ;
#3502 = UNCERTAINTY_MEASURE_WITH_UNIT (LENGTH_MEASURE( 1.000000000000000100E-005 ), #1938, 'distance_accuracy_value', 'NONE');
#3503 = VERTEX_POINT ( 'NONE', #866 ) ;
#3504 = DIRECTION ( 'NONE',  ( -0.4344452574044231400, 0.0000000000000000000, -0.9006982393225848600 ) ) ;
#3505 = VECTOR ( 'NONE', #3086, 1000.000000000000100 ) ;
#3506 = CARTESIAN_POINT ( 'NONE',  ( 314.4937863260543100, 132.4999999999880600, 1007.270801045015600 ) ) ;
#3507 = PLANE ( 'NONE',  #3665 ) ;
#3508 = AXIS2_PLACEMENT_3D ( 'NONE', #2487, #2468, #2421 ) ;
#3509 = ORIENTED_EDGE ( 'NONE', *, *, #1099, .T. ) ;
#3510 = PLANE ( 'NONE',  #3603 ) ;
#3511 = CARTESIAN_POINT ( 'NONE',  ( 314.3020652960140100, 182.4999999999890900, 985.7595347041980200 ) ) ;
#3512 = DIRECTION ( 'NONE',  ( 0.0000000000000000000, 3.505967446184703500E-015, -1.000000000000000000 ) ) ;
#3513 = ORIENTED_EDGE ( 'NONE', *, *, #1405, .F. ) ;
#3514 = EDGE_LOOP ( 'NONE', ( #1756, #3727, #1507, #4120 ) ) ;
#3515 = AXIS2_PLACEMENT_3D ( 'NONE', #3318, #3152, #3146 ) ;
#3516 = DIRECTION ( 'NONE',  ( 0.0000000000000000000, -1.000000000000000000, -3.491483361109382100E-015 ) ) ;
#3517 = ORIENTED_EDGE ( 'NONE', *, *, #915, .F. ) ;
#3518 = ORIENTED_EDGE ( 'NONE', *, *, #2345, .F. ) ;
#3519 = AXIS2_PLACEMENT_3D ( 'NONE', #1376, #1338, #1355 ) ;
#3520 = EDGE_CURVE ( 'NONE', #2189, #3687, #3579, .T. ) ;
#3521 = VECTOR ( 'NONE', #4499, 1000.000000000000000 ) ;
#3522 = VERTEX_POINT ( 'NONE', #511 ) ;
#3523 = AXIS2_PLACEMENT_3D ( 'NONE', #3085, #3080, #3072 ) ;
#3524 = LINE ( 'NONE', #394, #4294 ) ;
#3525 = ORIENTED_EDGE ( 'NONE', *, *, #4508, .T. ) ;
#3526 = ORIENTED_EDGE ( 'NONE', *, *, #657, .F. ) ;
#3527 = LINE ( 'NONE', #2566, #2409 ) ;
#3528 = VERTEX_POINT ( 'NONE', #3882 ) ;
#3529 =( NAMED_UNIT ( * ) SI_UNIT ( $, .STERADIAN. ) SOLID_ANGLE_UNIT ( ) );
#3530 = AXIS2_PLACEMENT_3D ( 'NONE', #1297, #1295, #1293 ) ;
#3531 = DIRECTION ( 'NONE',  ( 0.9996573249755574800, 0.0000000000000000000, -0.02617694830786632100 ) ) ;
#3532 = CARTESIAN_POINT ( 'NONE',  ( 398.9621298459069900, 157.4999999999881200, 991.9344605348128400 ) ) ;
#3533 = CARTESIAN_POINT ( 'NONE',  ( 452.8127294083120700, 132.4999999999879200, 1044.857741006952400 ) ) ;
#3534 = CARTESIAN_POINT ( 'NONE',  ( 271.7234368343727100, -84.04592676906780500, 1912.420604319468600 ) ) ;
#3535 = AXIS2_PLACEMENT_3D ( 'NONE', #3356, #3273, #3267 ) ;
#3536 = VECTOR ( 'NONE', #57, 1000.000000000000100 ) ;
#3537 = CARTESIAN_POINT ( 'NONE',  ( 262.2082103442302200, -27.63528328799593600, 1095.701293949501400 ) ) ;
#3538 = DIRECTION ( 'NONE',  ( -0.2588126743486050000, 0.007016323828554217900, -0.9659020503117569100 ) ) ;
#3539 = EDGE_CURVE ( 'NONE', #4173, #4298, #1413, .T. ) ;
#3540 = ORIENTED_EDGE ( 'NONE', *, *, #4025, .F. ) ;
#3541 = ORIENTED_EDGE ( 'NONE', *, *, #702, .F. ) ;
#3542 = VECTOR ( 'NONE', #1022, 1000.000000000000200 ) ;
#3543 = PLANE ( 'NONE',  #4174 ) ;
#3544 = VERTEX_POINT ( 'NONE', #1624 ) ;
#3545 = CIRCLE ( 'NONE', #3221, 142.5000000000000600 ) ;
#3546 = EDGE_CURVE ( 'NONE', #4121, #3522, #315, .T. ) ;
#3547 = AXIS2_PLACEMENT_3D ( 'NONE', #1420, #1368, #1364 ) ;
#3548 = DIRECTION ( 'NONE',  ( 0.0000000000000000000, 3.101181633031158700E-015, -1.000000000000000000 ) ) ;
#3549 = DIRECTION ( 'NONE',  ( 0.0000000000000000000, -3.491483361109382500E-015, 1.000000000000000000 ) ) ;
#3550 = DIRECTION ( 'NONE',  ( 0.4344452574044180300, 0.0000000000000000000, 0.9006982393225874100 ) ) ;
#3551 = ORIENTED_EDGE ( 'NONE', *, *, #2037, .F. ) ;
#3552 = VECTOR ( 'NONE', #4001, 1000.000000000000000 ) ;
#3553 = AXIS2_PLACEMENT_3D ( 'NONE', #3448, #3338, #3329 ) ;
#3554 =( NAMED_UNIT ( * ) PLANE_ANGLE_UNIT ( ) SI_UNIT ( $, .RADIAN. ) );
#3555 = AXIS2_PLACEMENT_3D ( 'NONE', #3765, #3761, #3769 ) ;
#3556 = DIRECTION ( 'NONE',  ( -0.9003895925314121500, 0.02617694830787157400, 0.4342963838652179600 ) ) ;
#3557 = ORIENTED_EDGE ( 'NONE', *, *, #1540, .T. ) ;
#3558 = FACE_OUTER_BOUND ( 'NONE', #66, .T. ) ;
#3559 = DIRECTION ( 'NONE',  ( 0.0000000000000000000, 1.000000000000000000, 3.491483361109382100E-015 ) ) ;
#3560 = ORIENTED_EDGE ( 'NONE', *, *, #833, .T. ) ;
#3561 = FACE_OUTER_BOUND ( 'NONE', #4573, .T. ) ;
#3562 = VERTEX_POINT ( 'NONE', #3256 ) ;
#3563 = DIRECTION ( 'NONE',  ( -0.9848179273624633200, 0.1735904661711058500, 0.0000000000000000000 ) ) ;
#3564 = ORIENTED_EDGE ( 'NONE', *, *, #3053, .F. ) ;
#3565 = DIRECTION ( 'NONE',  ( -0.0000000000000000000, -1.000000000000000000, -3.491483361109382100E-015 ) ) ;
#3566 = CARTESIAN_POINT ( 'NONE',  ( 429.3924919526901900, -148.0000000000149800, 1865.288230696958400 ) ) ;
#3567 = ORIENTED_EDGE ( 'NONE', *, *, #2850, .F. ) ;
#3568 = VERTEX_POINT ( 'NONE', #919 ) ;
#3569 = CARTESIAN_POINT ( 'NONE',  ( 447.9606561322776800, -132.5000000000256100, 1096.233752630882000 ) ) ;
#3570 = CARTESIAN_POINT ( 'NONE',  ( 243.3896697863886500, -132.5000000000147500, 1805.904285945789300 ) ) ;
#3571 = CARTESIAN_POINT ( 'NONE',  ( 299.9999999999973300, -148.0000000000156900, 2080.000000000000000 ) ) ;
#3572 = ORIENTED_EDGE ( 'NONE', *, *, #3181, .T. ) ;
#3573 = AXIS2_PLACEMENT_3D ( 'NONE', #3419, #3408, #3404 ) ;
#3574 = EDGE_CURVE ( 'NONE', #2325, #1766, #2210, .T. ) ;
#3575 = LINE ( 'NONE', #2755, #417 ) ;
#3576 = ORIENTED_EDGE ( 'NONE', *, *, #2, .F. ) ;
#3577 = DIRECTION ( 'NONE',  ( 0.1735886727734078400, 0.9848077530122074700, -0.004545579370539083900 ) ) ;
#3578 = AXIS2_PLACEMENT_3D ( 'NONE', #3485, #3474, #3548 ) ;
#3579 = LINE ( 'NONE', #3210, #1284 ) ;
#3580 = DIRECTION ( 'NONE',  ( 0.0000000000000000000, 3.101181633031158700E-015, -1.000000000000000000 ) ) ;
#3581 = ORIENTED_EDGE ( 'NONE', *, *, #1027, .F. ) ;
#3582 = CARTESIAN_POINT ( 'NONE',  ( 339.5246674668246100, 132.4999999999878400, 1082.534691715837200 ) ) ;
#3583 = EDGE_CURVE ( 'NONE', #864, #3144, #210, .T. ) ;
#3584 = CARTESIAN_POINT ( 'NONE',  ( 209.1164621621047700, -67.50000000001226400, 1097.091550303369100 ) ) ;
#3585 = FACE_OUTER_BOUND ( 'NONE', #1135, .T. ) ;
#3586 = DIRECTION ( 'NONE',  ( -0.0000000000000000000, -1.000000000000000000, -3.491483361109382100E-015 ) ) ;
#3587 = ORIENTED_EDGE ( 'NONE', *, *, #4093, .F. ) ;
#3588 = DIRECTION ( 'NONE',  ( -0.1607425656038199400, -0.0000000000000000000, -0.9869963665602329300 ) ) ;
#3589 = DIRECTION ( 'NONE',  ( 0.0000000000000000000, -3.330669073875481500E-015, 1.000000000000000000 ) ) ;
#3590 = VERTEX_POINT ( 'NONE', #2941 ) ;
#3591 = LINE ( 'NONE', #2960, #4044 ) ;
#3592 = VERTEX_POINT ( 'NONE', #4292 ) ;
#3593 = EDGE_CURVE ( 'NONE', #2201, #2845, #4336, .T. ) ;
#3594 = CARTESIAN_POINT ( 'NONE',  ( 341.2349504477271000, 182.4999999999877800, 1083.996476118045600 ) ) ;
#3595 =( LENGTH_UNIT ( ) NAMED_UNIT ( * ) SI_UNIT ( .MILLI., .METRE. ) );
#3596 = CARTESIAN_POINT ( 'NONE',  ( 299.9999999999971600, 185.4999999999887700, 800.0000000000017100 ) ) ;
#3597 = ORIENTED_EDGE ( 'NONE', *, *, #983, .F. ) ;
#3598 = DIRECTION ( 'NONE',  ( 0.0000000000000000000, -3.330669073875481500E-015, 1.000000000000000000 ) ) ;
#3599 = CIRCLE ( 'NONE', #4396, 186.3092960784592500 ) ;
#3600 = FACE_OUTER_BOUND ( 'NONE', #1573, .T. ) ;
#3601 = CARTESIAN_POINT ( 'NONE',  ( 521.2998790338093600, -117.0658172112414900, 993.4579194167380400 ) ) ;
#3602 = ORIENTED_EDGE ( 'NONE', *, *, #482, .T. ) ;
#3603 = AXIS2_PLACEMENT_3D ( 'NONE', #3533, #3649, #3504 ) ;
#3604 = CARTESIAN_POINT ( 'NONE',  ( 261.3612424328211400, -132.5000000000123400, 1112.621250739078700 ) ) ;
#3605 = AXIS2_PLACEMENT_3D ( 'NONE', #3314, #3311, #3401 ) ;
#3606 = EDGE_LOOP ( 'NONE', ( #2091, #3848, #1, #3749 ) ) ;
#3607 = CARTESIAN_POINT ( 'NONE',  ( 293.9999999999972700, 185.4999999999876100, 1137.000000000001600 ) ) ;
#3608 = VECTOR ( 'NONE', #853, 1000.000000000000100 ) ;
#3609 = ORIENTED_EDGE ( 'NONE', *, *, #1441, .T. ) ;
#3610 = AXIS2_PLACEMENT_3D ( 'NONE', #1469, #1397, #1392 ) ;
#3611 = FACE_OUTER_BOUND ( 'NONE', #3706, .T. ) ;
#3612 = DIRECTION ( 'NONE',  ( -0.02209147730273753800, -0.9993869806674001700, 0.02715933546831116400 ) ) ;
#3613 = DIRECTION ( 'NONE',  ( 0.02617694830786632100, -3.494020165145031600E-015, 0.9996573249755574800 ) ) ;
#3614 = CARTESIAN_POINT ( 'NONE',  ( 299.9999999999972700, -110.0000000000156600, 2080.000000000000500 ) ) ;
#3615 = ORIENTED_EDGE ( 'NONE', *, *, #3350, .F. ) ;
#3616 = VECTOR ( 'NONE', #2970, 1000.000000000000000 ) ;
#3617 = DIRECTION ( 'NONE',  ( -0.0000000000000000000, 1.000000000000000000, 3.491483361109382500E-015 ) ) ;
#3618 = PLANE ( 'NONE',  #3042 ) ;
#3619 = EDGE_LOOP ( 'NONE', ( #1261, #3711, #820, #518 ) ) ;
#3620 = VERTEX_POINT ( 'NONE', #2532 ) ;
#3621 = VERTEX_POINT ( 'NONE', #947 ) ;
#3622 = ORIENTED_EDGE ( 'NONE', *, *, #3168, .F. ) ;
#3623 = DIRECTION ( 'NONE',  ( 0.9869963665602326000, -0.0000000000000000000, -0.1607425656038220800 ) ) ;
#3624 = CARTESIAN_POINT ( 'NONE',  ( 329.0240529160454900, 157.4999999999879800, 1013.985851487323400 ) ) ;
#3625 = AXIS2_PLACEMENT_3D ( 'NONE', #3584, #3577, #3563 ) ;
#3626 = CARTESIAN_POINT ( 'NONE',  ( 299.9999999999973300, -198.0000000000159700, 2130.000000000000000 ) ) ;
#3627 = ORIENTED_EDGE ( 'NONE', *, *, #1761, .F. ) ;
#3628 = DIRECTION ( 'NONE',  ( 0.0000000000000000000, -3.492576598299972300E-015, 1.000000000000000000 ) ) ;
#3629 = CARTESIAN_POINT ( 'NONE',  ( -4262.022683541780700, -132.5000000000116800, 930.0000000000259200 ) ) ;
#3630 = CARTESIAN_POINT ( 'NONE',  ( 234.9030703142830100, -32.23917152088362300, 1050.400535750181000 ) ) ;
#3631 = VECTOR ( 'NONE', #3652, 1000.000000000000000 ) ;
#3632 = ORIENTED_EDGE ( 'NONE', *, *, #1572, .F. ) ;
#3633 = LINE ( 'NONE', #477, #594 ) ;
#3634 = ORIENTED_EDGE ( 'NONE', *, *, #3814, .F. ) ;
#3635 = DIRECTION ( 'NONE',  ( 0.0000000000000000000, 1.000000000000000000, 3.491483361109382100E-015 ) ) ;
#3636 = ORIENTED_EDGE ( 'NONE', *, *, #2771, .F. ) ;
#3637 =( BOUNDED_CURVE ( )  B_SPLINE_CURVE ( 3, ( #296, #1459, #1455, #1450 ),
 .UNSPECIFIED., .F., .T. ) 
 B_SPLINE_CURVE_WITH_KNOTS ( ( 4, 4 ),
 ( 4.199692573363639000, 4.204824179340009800 ),
 .UNSPECIFIED. ) 
 CURVE ( )  GEOMETRIC_REPRESENTATION_ITEM ( )  RATIONAL_B_SPLINE_CURVE ( ( 1.000000000000000000, 0.9999978055528790900, 0.9999978055528790900, 1.000000000000000000 ) ) 
 REPRESENTATION_ITEM ( '' )  );
#3638 = DIRECTION ( 'NONE',  ( -0.9006982393225846400, 0.0000000000000000000, 0.4344452574044237500 ) ) ;
#3639 = LINE ( 'NONE', #2781, #599 ) ;
#3640 = ORIENTED_EDGE ( 'NONE', *, *, #3106, .F. ) ;
#3641 = CARTESIAN_POINT ( 'NONE',  ( 271.9306312753488400, -76.40310002823042600, 1912.420604319468600 ) ) ;
#3642 = CARTESIAN_POINT ( 'NONE',  ( -78.28560638755743600, -82.50000000001168100, 930.0000000000008000 ) ) ;
#3643 = PRESENTATION_STYLE_ASSIGNMENT (( #4616 ) ) ;
#3644 = PLANE ( 'NONE',  #4435 ) ;
#3645 = AXIS2_PLACEMENT_3D ( 'NONE', #3779, #2912, #3715 ) ;
#3646 = VECTOR ( 'NONE', #90, 1000.000000000000000 ) ;
#3647 = EDGE_LOOP ( 'NONE', ( #3648, #4193, #4457, #4066 ) ) ;
#3648 = ORIENTED_EDGE ( 'NONE', *, *, #763, .T. ) ;
#3649 = DIRECTION ( 'NONE',  ( 0.9003895925314094900, 0.02617694830787472800, -0.4342963838652230700 ) ) ;
#3650 = PLANE ( 'NONE',  #4404 ) ;
#3651 = ORIENTED_EDGE ( 'NONE', *, *, #762, .T. ) ;
#3653 = LINE ( 'NONE', #3383, #1238 ) ;
#3652 = DIRECTION ( 'NONE',  ( 0.0000000000000000000, 0.9986295347545737200, 0.05233595624294736700 ) ) ;
#3654 = SURFACE_STYLE_USAGE ( .BOTH. , #3677 ) ;
#3655 = AXIS2_PLACEMENT_3D ( 'NONE', #3642, #3635, #3628 ) ;
#3656 = CARTESIAN_POINT ( 'NONE',  ( 340.1531395863227700, 182.4999999999877200, 1085.499206201023300 ) ) ;
#3657 = EDGE_LOOP ( 'NONE', ( #3768, #3428, #136, #2441 ) ) ;
#3658 = FACE_OUTER_BOUND ( 'NONE', #4552, .T. ) ;
#3659 = DIRECTION ( 'NONE',  ( -0.002909024372578762600, 0.9996313384200478100, 0.02699490369946975700 ) ) ;
#3660 = EDGE_CURVE ( 'NONE', #3386, #4423, #2336, .T. ) ;
#3661 = DIRECTION ( 'NONE',  ( 0.02617694830786584900, -5.132406178751719100E-015, 0.9996573249755574800 ) ) ;
#3662 = ORIENTED_EDGE ( 'NONE', *, *, #4311, .T. ) ;
#3663 = LINE ( 'NONE', #3153, #2377 ) ;
#3664 = AXIS2_PLACEMENT_3D ( 'NONE', #3802, #3794, #3816 ) ;
#3665 = AXIS2_PLACEMENT_3D ( 'NONE', #3500, #3491, #3495 ) ;
#3666 = CARTESIAN_POINT ( 'NONE',  ( 281.9999999999972700, -44.50000000001502800, 1899.999999999999300 ) ) ;
#3667 = EDGE_LOOP ( 'NONE', ( #1221, #3230, #3826, #2066 ) ) ;
#3668 = EDGE_CURVE ( 'NONE', #2423, #612, #4136, .T. ) ;
#3669 = DIRECTION ( 'NONE',  ( 0.0000000000000000000, 1.000000000000000000, 3.491483361109382100E-015 ) ) ;
#3670 = CIRCLE ( 'NONE', #3829, 49.99999999999982200 ) ;
#3671 =( BOUNDED_CURVE ( )  B_SPLINE_CURVE ( 3, ( #2138, #2204, #2014, #1993 ),
 .UNSPECIFIED., .F., .T. ) 
 B_SPLINE_CURVE_WITH_KNOTS ( ( 4, 4 ),
 ( 0.004078338817398175100, 0.009230296406580440100 ),
 .UNSPECIFIED. ) 
 CURVE ( )  GEOMETRIC_REPRESENTATION_ITEM ( )  RATIONAL_B_SPLINE_CURVE ( ( 1.000000000000000000, 0.9999977881123063300, 0.9999977881123063300, 1.000000000000000000 ) ) 
 REPRESENTATION_ITEM ( '' )  );
#3672 = CARTESIAN_POINT ( 'NONE',  ( 180.2470515341606500, -132.5000000000121100, 1053.099251942274600 ) ) ;
#3673 = CARTESIAN_POINT ( 'NONE',  ( 436.9832855010279800, 182.4999999999880600, 968.4885219954417200 ) ) ;
#3674 = AXIS2_PLACEMENT_3D ( 'NONE', #3751, #3747, #3729 ) ;
#3675 = ORIENTED_EDGE ( 'NONE', *, *, #3288, .T. ) ;
#3676 = VERTEX_POINT ( 'NONE', #4268 ) ;
#3677 = SURFACE_SIDE_STYLE ('',( #3204 ) ) ;
#3678 = DIRECTION ( 'NONE',  ( 0.0000000000000000000, -3.469446951953611000E-015, 1.000000000000000000 ) ) ;
#3679 = DIRECTION ( 'NONE',  ( -0.2588190451025249600, 0.0000000000000000000, -0.9659258262890670900 ) ) ;
#3680 = ORIENTED_EDGE ( 'NONE', *, *, #2380, .F. ) ;
#3681 = ORIENTED_EDGE ( 'NONE', *, *, #805, .F. ) ;
#3682 = CARTESIAN_POINT ( 'NONE',  ( 259.8945034386719000, -1.202883685670272400E-011, 1049.746112042484600 ) ) ;
#3683 = EDGE_CURVE ( 'NONE', #2615, #1461, #95, .T. ) ;
#3684 = VERTEX_POINT ( 'NONE', #3934 ) ;
#3685 = LINE ( 'NONE', #2748, #527 ) ;
#3686 = PLANE ( 'NONE',  #3881 ) ;
#3687 = VERTEX_POINT ( 'NONE', #4578 ) ;
#3688 = DIRECTION ( 'NONE',  ( 7.729400804352684800E-015, -3.513364001978493200E-015, 1.000000000000000000 ) ) ;
#3689 = PLANE ( 'NONE',  #3625 ) ;
#3690 = VECTOR ( 'NONE', #2637, 1000.000000000000100 ) ;
#3691 = DIRECTION ( 'NONE',  ( -0.9990482215818576900, 0.0000000000000000000, 0.04361938736533931700 ) ) ;
#3692 = ORIENTED_EDGE ( 'NONE', *, *, #1898, .T. ) ;
#3693 = CARTESIAN_POINT ( 'NONE',  ( 310.7388939418467500, 132.4999999999878400, 1087.222752630814700 ) ) ;
#3694 = AXIS2_PLACEMENT_3D ( 'NONE', #3990, #4057, #3963 ) ;
#3695 = CIRCLE ( 'NONE', #3104, 8.950000000000013500 ) ;
#3696 = ORIENTED_EDGE ( 'NONE', *, *, #1169, .F. ) ;
#3697 = AXIS2_PLACEMENT_3D ( 'NONE', #2676, #2663, #2656 ) ;
#3698 = LINE ( 'NONE', #3251, #1296 ) ;
#3699 = CARTESIAN_POINT ( 'NONE',  ( 207.9123225399429200, -37.00000000001209300, 1051.107313354493500 ) ) ;
#3700 = AXIS2_PLACEMENT_3D ( 'NONE', #3896, #3891, #3825 ) ;
#3701 = VECTOR ( 'NONE', #4288, 1000.000000000000000 ) ;
#3702 = LINE ( 'NONE', #3429, #760 ) ;
#3703 = DIRECTION ( 'NONE',  ( 2.992763436743208500E-016, -0.9848077530122083500, -0.1736481776669292200 ) ) ;
#3704 = FILL_AREA_STYLE ('',( #4034 ) ) ;
#3705 = DIRECTION ( 'NONE',  ( -0.1607425656038850000, 2.492425422944119000E-015, -0.9869963665602223800 ) ) ;
#3706 = EDGE_LOOP ( 'NONE', ( #870, #757, #49, #4132, #2965, #3362, #3888, #4290, #614, #2298, #3901, #2746, #2674, #1188, #2234, #4393, #2924 ) ) ;
#3707 = DIRECTION ( 'NONE',  ( -1.183291357831513500E-029, -1.000000000000000000, -3.330669073875457800E-015 ) ) ;
#3708 = AXIS2_PLACEMENT_3D ( 'NONE', #4071, #4045, #4023 ) ;
#3709 = LINE ( 'NONE', #642, #2876 ) ;
#3710 = AXIS2_PLACEMENT_3D ( 'NONE', #1538, #1530, #1497 ) ;
#3711 = ORIENTED_EDGE ( 'NONE', *, *, #411, .F. ) ;
#3712 = DIRECTION ( 'NONE',  ( -0.4342963838652236800, 0.02617694830787634400, -0.9003895925314092700 ) ) ;
#3713 = VERTEX_POINT ( 'NONE', #1307 ) ;
#3714 = ORIENTED_EDGE ( 'NONE', *, *, #2314, .F. ) ;
#3715 = DIRECTION ( 'NONE',  ( 0.0000000000000000000, 0.9986295347545737200, 0.05233595624294736700 ) ) ;
#3716 = VECTOR ( 'NONE', #234, 1000.000000000000100 ) ;
#3717 = CARTESIAN_POINT ( 'NONE',  ( 253.6970691388148400, 33.89417125561085700, 1833.212738221601300 ) ) ;
#3718 = DIRECTION ( 'NONE',  ( 0.0000000000000000000, 3.514504704576390500E-015, -1.000000000000000000 ) ) ;
#3719 = EDGE_LOOP ( 'NONE', ( #1470, #321, #538, #2410, #2343, #3890 ) ) ;
#3720 = LINE ( 'NONE', #4112, #1257 ) ;
#3721 = PLANE ( 'NONE',  #3645 ) ;
#3722 = DIRECTION ( 'NONE',  ( 0.9655948276329338100, -0.02617694830787246600, -0.2587303542799183100 ) ) ;
#3723 = AXIS2_PLACEMENT_3D ( 'NONE', #4251, #4100, #4115 ) ;
#3724 = CARTESIAN_POINT ( 'NONE',  ( 241.8249861761683800, -83.23538991140441100, 1835.541311410120200 ) ) ;
#3725 = ORIENTED_EDGE ( 'NONE', *, *, #2132, .F. ) ;
#3726 = DIRECTION ( 'NONE',  ( -0.0000000000000000000, -1.000000000000000000, -3.491483361109382100E-015 ) ) ;
#3727 = ORIENTED_EDGE ( 'NONE', *, *, #513, .T. ) ;
#3728 = EDGE_LOOP ( 'NONE', ( #4572, #3071, #2594, #2319 ) ) ;
#3729 = DIRECTION ( 'NONE',  ( 0.0000000000000000000, -3.513364001978493200E-015, 1.000000000000000000 ) ) ;
#3730 = ORIENTED_EDGE ( 'NONE', *, *, #3135, .F. ) ;
#3731 = EDGE_CURVE ( 'NONE', #3750, #2843, #2085, .T. ) ;
#3732 = ORIENTED_EDGE ( 'NONE', *, *, #2955, .T. ) ;
#3733 = CARTESIAN_POINT ( 'NONE',  ( 281.9999999999976700, 76.40310002820498900, 1950.000000000002700 ) ) ;
#3734 = AXIS2_PLACEMENT_3D ( 'NONE', #4151, #4286, #4129 ) ;
#3735 = LINE ( 'NONE', #2287, #2013 ) ;
#3736 = VERTEX_POINT ( 'NONE', #4562 ) ;
#3737 = CARTESIAN_POINT ( 'NONE',  ( 430.2952734252476100, 132.4999999999878900, 1055.718872442063000 ) ) ;
#3738 = CARTESIAN_POINT ( 'NONE',  ( 242.7734758318646900, 48.24824416650088900, 1835.541311410120700 ) ) ;
#3739 = VERTEX_POINT ( 'NONE', #2497 ) ;
#3740 = VECTOR ( 'NONE', #559, 1000.000000000000000 ) ;
#3741 = CYLINDRICAL_SURFACE ( 'NONE', #996, 4783.737077154221000 ) ;
#3742 = ORIENTED_EDGE ( 'NONE', *, *, #993, .F. ) ;
#3743 = CARTESIAN_POINT ( 'NONE',  ( 299.9999999999972700, 138.4999999999883200, 937.5000000000013600 ) ) ;
#3744 = LINE ( 'NONE', #546, #4587 ) ;
#3745 = ORIENTED_EDGE ( 'NONE', *, *, #1241, .F. ) ;
#3746 = EDGE_CURVE ( 'NONE', #4124, #3198, #1955, .T. ) ;
#3747 = DIRECTION ( 'NONE',  ( -0.0000000000000000000, -1.000000000000000000, -3.491483361109382100E-015 ) ) ;
#3748 = DIRECTION ( 'NONE',  ( 0.0000000000000000000, 1.000000000000000000, 3.491483361109382900E-015 ) ) ;
#3749 = ORIENTED_EDGE ( 'NONE', *, *, #1127, .T. ) ;
#3750 = VERTEX_POINT ( 'NONE', #4020 ) ;
#3751 = CARTESIAN_POINT ( 'NONE',  ( 299.9999999999972700, 109.9999999999843400, 2080.000000000001400 ) ) ;
#3752 = VECTOR ( 'NONE', #352, 1000.000000000000000 ) ;
#3753 = CARTESIAN_POINT ( 'NONE',  ( 284.4023523141938800, 157.4999999999880300, 1015.934077009781700 ) ) ;
#3754 = EDGE_CURVE ( 'NONE', #3390, #2833, #925, .T. ) ;
#3755 = FACE_OUTER_BOUND ( 'NONE', #4069, .T. ) ;
#3756 = AXIS2_PLACEMENT_3D ( 'NONE', #529, #4194, #4189 ) ;
#3757 = DIRECTION ( 'NONE',  ( -0.04360444009070772000, 0.02617694830787668800, -0.9987058727081076200 ) ) ;
#3758 = ORIENTED_EDGE ( 'NONE', *, *, #3024, .T. ) ;
#3759 = VECTOR ( 'NONE', #2966, 1000.000000000000000 ) ;
#3760 = CARTESIAN_POINT ( 'NONE',  ( 299.9999999999972700, 79.49999999995078800, 750.0000000000011400 ) ) ;
#3761 = DIRECTION ( 'NONE',  ( 2.401924812890963500E-015, -1.000000000000000000, -8.273296577735542000E-015 ) ) ;
#3762 = VERTEX_POINT ( 'NONE', #652 ) ;
#3763 = VECTOR ( 'NONE', #3588, 1000.000000000000000 ) ;
#3764 = DIRECTION ( 'NONE',  ( 0.0000000000000000000, -3.490671803894977500E-015, 1.000000000000000000 ) ) ;
#3765 = CARTESIAN_POINT ( 'NONE',  ( 299.9999999999971600, 185.4999999999932100, 800.0000000000019300 ) ) ;
#3766 = ORIENTED_EDGE ( 'NONE', *, *, #3746, .T. ) ;
#3767 = VECTOR ( 'NONE', #2378, 1000.000000000000100 ) ;
#3768 = ORIENTED_EDGE ( 'NONE', *, *, #275, .F. ) ;
#3769 = DIRECTION ( 'NONE',  ( 0.0000000000000000000, 8.310262699611760300E-015, -1.000000000000000000 ) ) ;
#3770 = VECTOR ( 'NONE', #4356, 1000.000000000000200 ) ;
#3771 = ORIENTED_EDGE ( 'NONE', *, *, #4676, .F. ) ;
#3772 = CARTESIAN_POINT ( 'NONE',  ( 299.9999999999972700, 148.9999999999887700, 800.0000000000012500 ) ) ;
#3773 = PLANE ( 'NONE',  #4153 ) ;
#3774 = EDGE_CURVE ( 'NONE', #2039, #3234, #3842, .T. ) ;
#3775 = CARTESIAN_POINT ( 'NONE',  ( -8237.696528343014500, 132.4999999999872400, 1239.179573321616800 ) ) ;
#3776 =( GEOMETRIC_REPRESENTATION_CONTEXT ( 3 ) GLOBAL_UNCERTAINTY_ASSIGNED_CONTEXT ( ( #2811 ) ) GLOBAL_UNIT_ASSIGNED_CONTEXT ( ( #1517, #1510, #1504 ) ) REPRESENTATION_CONTEXT ( 'NONE', 'WORKASPACE' ) );
#3777 = ORIENTED_EDGE ( 'NONE', *, *, #1387, .T. ) ;
#3778 = ORIENTED_EDGE ( 'NONE', *, *, #2826, .T. ) ;
#3779 = CARTESIAN_POINT ( 'NONE',  ( 297.9999999999972700, 182.4999999999876600, 1120.000000000001400 ) ) ;
#3780 = ORIENTED_EDGE ( 'NONE', *, *, #993, .T. ) ;
#3781 = EDGE_LOOP ( 'NONE', ( #361, #3298, #2139, #1264 ) ) ;
#3782 = EDGE_CURVE ( 'NONE', #4401, #3736, #1828, .T. ) ;
#3783 = CARTESIAN_POINT ( 'NONE',  ( 317.0577952564741500, 132.4999999999877500, 1099.216662144930300 ) ) ;
#3784 = ORIENTED_EDGE ( 'NONE', *, *, #4502, .F. ) ;
#3785 = CIRCLE ( 'NONE', #2672, 4783.737077154221000 ) ;
#3786 = AXIS2_PLACEMENT_3D ( 'NONE', #4339, #4323, #4320 ) ;
#3787 = ORIENTED_EDGE ( 'NONE', *, *, #2662, .T. ) ;
#3788 = DIRECTION ( 'NONE',  ( -0.001814713940809034500, -0.9999754190178185000, -0.006772604628306692000 ) ) ;
#3789 = VECTOR ( 'NONE', #4636, 999.9999999999998900 ) ;
#3790 = EDGE_LOOP ( 'NONE', ( #2641, #2994, #4063, #793, #3393, #3440, #2882 ) ) ;
#3791 = EDGE_CURVE ( 'NONE', #2493, #3762, #4585, .T. ) ;
#3792 = FACE_OUTER_BOUND ( 'NONE', #1439, .T. ) ;
#3793 = ORIENTED_EDGE ( 'NONE', *, *, #2940, .F. ) ;
#3794 = DIRECTION ( 'NONE',  ( 0.0000000000000000000, 1.000000000000000000, 3.491483361109382100E-015 ) ) ;
#3795 = LINE ( 'NONE', #3274, #3117 ) ;
#3796 = FACE_OUTER_BOUND ( 'NONE', #3341, .T. ) ;
#3797 = UNCERTAINTY_MEASURE_WITH_UNIT (LENGTH_MEASURE( 1.000000000000000100E-005 ), #689, 'distance_accuracy_value', 'NONE');
#3798 = DIRECTION ( 'NONE',  ( 0.0000000000000000000, -3.431598439750482400E-015, 1.000000000000000000 ) ) ;
#3799 = CARTESIAN_POINT ( 'NONE',  ( 398.9621298459069900, 157.4999999999879800, 991.9344605348128400 ) ) ;
#3800 = CARTESIAN_POINT ( 'NONE',  ( 250.7576489843438300, -48.46469239296341400, 1833.401958661683000 ) ) ;
#3801 = ORIENTED_EDGE ( 'NONE', *, *, #1448, .F. ) ;
#3802 = CARTESIAN_POINT ( 'NONE',  ( 299.9999999999972700, -132.5000000000112300, 800.0000000000005700 ) ) ;
#3803 = VECTOR ( 'NONE', #4077, 1000.000000000000100 ) ;
#3804 = MECHANICAL_DESIGN_GEOMETRIC_PRESENTATION_REPRESENTATION (  '', ( #3905 ), #3776 ) ;
#3805 = VECTOR ( 'NONE', #666, 1000.000000000000000 ) ;
#3806 = CARTESIAN_POINT ( 'NONE',  ( 474.5938630796956700, 157.4999999999880600, 1014.399956084068400 ) ) ;
#3807 = EDGE_CURVE ( 'NONE', #3978, #935, #2795, .T. ) ;
#3808 = CARTESIAN_POINT ( 'NONE',  ( 299.9999999999972700, -95.00000000001547600, 2020.144904710627500 ) ) ;
#3809 = ORIENTED_EDGE ( 'NONE', *, *, #248, .T. ) ;
#3810 = CARTESIAN_POINT ( 'NONE',  ( 211.2077342562155900, -47.39250761753632400, 1850.262536643051600 ) ) ;
#3811 = COLOUR_RGB ( '',0.2901960784313725200, 0.3294117647058823500, 0.3490196078431372400 ) ;
#3812 = DIRECTION ( 'NONE',  ( -0.6327053285625117200, 0.0000000000000000000, -0.7743926440821892200 ) ) ;
#3813 = ORIENTED_EDGE ( 'NONE', *, *, #958, .F. ) ;
#3814 = EDGE_CURVE ( 'NONE', #4580, #4518, #1708, .T. ) ;
#3815 = VECTOR ( 'NONE', #4432, 1000.000000000000100 ) ;
#3816 = DIRECTION ( 'NONE',  ( 0.0000000000000000000, -3.469446951953613400E-015, 1.000000000000000000 ) ) ;
#3817 = PLANE ( 'NONE',  #4577 ) ;
#3818 = ORIENTED_EDGE ( 'NONE', *, *, #1180, .T. ) ;
#3819 = AXIS2_PLACEMENT_3D ( 'NONE', #308, #323, #260 ) ;
#3820 = LINE ( 'NONE', #3237, #4464 ) ;
#3821 = DIRECTION ( 'NONE',  ( 0.0000000000000000000, 1.000000000000000000, 3.491483361109382900E-015 ) ) ;
#3822 = ORIENTED_EDGE ( 'NONE', *, *, #2530, .F. ) ;
#3823 = CIRCLE ( 'NONE', #3875, 49.99999999999982200 ) ;
#3824 = VECTOR ( 'NONE', #2604, 1000.000000000000100 ) ;
#3825 = DIRECTION ( 'NONE',  ( 0.0000000000000000000, 3.330669073875469600E-015, -1.000000000000000000 ) ) ;
#3826 = ORIENTED_EDGE ( 'NONE', *, *, #4555, .F. ) ;
#3827 = DIRECTION ( 'NONE',  ( 0.9064060112955455400, 0.0000000000000000000, -0.4224075551967547100 ) ) ;
#3828 = ORIENTED_EDGE ( 'NONE', *, *, #2355, .F. ) ;
#3829 = AXIS2_PLACEMENT_3D ( 'NONE', #1052, #950, #989 ) ;
#3830 = B_SPLINE_CURVE_WITH_KNOTS ( 'NONE', 3,
 ( #499, #553, #504, #474 ),
 .UNSPECIFIED., .F., .F.,
 ( 4, 4 ),
 ( 0.0000000000000000000, 1.000000000000000000 ),
 .UNSPECIFIED. ) ;
#3831 = ORIENTED_EDGE ( 'NONE', *, *, #1339, .T. ) ;
#3832 = EDGE_LOOP ( 'NONE', ( #3992, #655, #3636, #8 ) ) ;
#3833 = DIRECTION ( 'NONE',  ( 0.4223798621655069900, -0.01145057481852964300, 0.9063465873347638100 ) ) ;
#3834 = DIRECTION ( 'NONE',  ( -0.02709970444846279000, -0.9996327355678214000, -3.423956310716438700E-015 ) ) ;
#3835 = PRESENTATION_LAYER_ASSIGNMENT (  '', '', ( #3905 ) ) ;
#3836 = ORIENTED_EDGE ( 'NONE', *, *, #2380, .T. ) ;
#3837 = DIRECTION ( 'NONE',  ( 0.0000000000000000000, 3.491483361109382500E-015, -1.000000000000000000 ) ) ;
#3838 = DIRECTION ( 'NONE',  ( 0.9655948276329358000, -0.02617694830787316300, -0.2587303542799102600 ) ) ;
#3839 = CARTESIAN_POINT ( 'NONE',  ( 281.9999999999972700, 44.49999999998505000, 1900.000000000002000 ) ) ;
#3840 = ORIENTED_EDGE ( 'NONE', *, *, #754, .T. ) ;
#3841 = CARTESIAN_POINT ( 'NONE',  ( 299.9999999999972700, 138.4999999999888000, 800.0000000000012500 ) ) ;
#3842 = LINE ( 'NONE', #3975, #800 ) ;
#3843 = VERTEX_POINT ( 'NONE', #3839 ) ;
#3844 = DIRECTION ( 'NONE',  ( 0.0000000000000000000, 1.000000000000000000, 3.491483361109382100E-015 ) ) ;
#3845 = VECTOR ( 'NONE', #675, 1000.000000000000000 ) ;
#3846 = DIRECTION ( 'NONE',  ( 0.7741272790639500700, 0.02617694830787550500, -0.6324885162485814900 ) ) ;
#3847 = CARTESIAN_POINT ( 'NONE',  ( 241.8249861761683500, -83.23538991140441100, 1835.541311410120200 ) ) ;
#3848 = ORIENTED_EDGE ( 'NONE', *, *, #1789, .F. ) ;
#3849 = VERTEX_POINT ( 'NONE', #4541 ) ;
#3850 = CARTESIAN_POINT ( 'NONE',  ( 299.9999999999973300, -198.0000000000158000, 2080.000000000000000 ) ) ;
#3851 = PLANE ( 'NONE',  #2396 ) ;
#3852 = ORIENTED_EDGE ( 'NONE', *, *, #2732, .T. ) ;
#3853 = DIRECTION ( 'NONE',  ( 0.9996327355678214000, -0.02709970444846279000, 0.0000000000000000000 ) ) ;
#3854 = CIRCLE ( 'NONE', #366, 250.0000000000000000 ) ;
#3855 = LINE ( 'NONE', #285, #941 ) ;
#3856 = AXIS2_PLACEMENT_3D ( 'NONE', #1623, #1576, #1574 ) ;
#3857 = CARTESIAN_POINT ( 'NONE',  ( 521.7144186124423900, 44.49999999998449600, 1950.000000000001600 ) ) ;
#3858 = ORIENTED_EDGE ( 'NONE', *, *, #2983, .F. ) ;
#3859 = CIRCLE ( 'NONE', #3078, 40.00000000000003600 ) ;
#3860 = EDGE_LOOP ( 'NONE', ( #2360, #2892, #2642, #332 ) ) ;
#3861 = VERTEX_POINT ( 'NONE', #4671 ) ;
#3862 = VERTEX_POINT ( 'NONE', #2462 ) ;
#3863 = CARTESIAN_POINT ( 'NONE',  ( 207.9123225399429200, 67.49999999998792100, 1051.107313354494000 ) ) ;
#3864 = VECTOR ( 'NONE', #4439, 1000.000000000000000 ) ;
#3865 = ORIENTED_EDGE ( 'NONE', *, *, #4446, .F. ) ;
#3866 = LINE ( 'NONE', #1111, #1437 ) ;
#3867 = CARTESIAN_POINT ( 'NONE',  ( 312.9049476426617400, 132.4999999999881200, 984.5493492980688200 ) ) ;
#3868 = ORIENTED_EDGE ( 'NONE', *, *, #967, .F. ) ;
#3869 = LINE ( 'NONE', #2680, #25 ) ;
#3870 = CARTESIAN_POINT ( 'NONE',  ( 260.1764384182916400, 7.021974374302070400, 1049.738729315220800 ) ) ;
#3871 = DIRECTION ( 'NONE',  ( 0.9006982393225860800, 2.220446049250345800E-015, -0.4344452574044208600 ) ) ;
#3872 = ORIENTED_EDGE ( 'NONE', *, *, #2981, .T. ) ;
#3873 = ORIENTED_EDGE ( 'NONE', *, *, #2144, .F. ) ;
#3874 = CARTESIAN_POINT ( 'NONE',  ( 430.2952734252478400, 132.4999999999878600, 1055.718872442062800 ) ) ;
#3875 = AXIS2_PLACEMENT_3D ( 'NONE', #1026, #1009, #824 ) ;
#3876 = VERTEX_POINT ( 'NONE', #4612 ) ;
#3877 = ORIENTED_EDGE ( 'NONE', *, *, #3100, .F. ) ;
#3878 = ORIENTED_EDGE ( 'NONE', *, *, #1045, .F. ) ;
#3879 = CARTESIAN_POINT ( 'NONE',  ( 270.7407368348028700, -49.00642712757826300, 1912.938065028027700 ) ) ;
#3880 = DIRECTION ( 'NONE',  ( -0.0000000000000000000, -1.000000000000000000, -2.121943836052914800E-015 ) ) ;
#3881 = AXIS2_PLACEMENT_3D ( 'NONE', #3717, #3722, #3679 ) ;
#3882 = CARTESIAN_POINT ( 'NONE',  ( 314.4937863260545300, 132.4999999999880600, 1007.270801045015600 ) ) ;
#3883 = EDGE_CURVE ( 'NONE', #3000, #3437, #3030, .T. ) ;
#3884 = CIRCLE ( 'NONE', #2689, 4783.737077154221000 ) ;
#3885 = VERTEX_POINT ( 'NONE', #1165 ) ;
#3886 = CARTESIAN_POINT ( 'NONE',  ( 260.2275131006895800, -7.255251579047769200, 1051.331267891164800 ) ) ;
#3887 = VECTOR ( 'NONE', #34, 1000.000000000000000 ) ;
#3888 = ORIENTED_EDGE ( 'NONE', *, *, #663, .F. ) ;
#3889 = CIRCLE ( 'NONE', #3252, 8.950000000000013500 ) ;
#3890 = ORIENTED_EDGE ( 'NONE', *, *, #1475, .T. ) ;
#3891 = DIRECTION ( 'NONE',  ( -1.183291357831513500E-029, -1.000000000000000000, -3.330669073875457800E-015 ) ) ;
#3892 = CIRCLE ( 'NONE', #823, 137.5000000000000600 ) ;
#3893 = CARTESIAN_POINT ( 'NONE',  ( 289.9999999999972700, 132.4999999999875800, 1137.000000000001400 ) ) ;
#3894 = FACE_OUTER_BOUND ( 'NONE', #4482, .T. ) ;
#3895 = CARTESIAN_POINT ( 'NONE',  ( 289.9999999999972700, 182.4999999999875500, 1154.000000000001600 ) ) ;
#3896 = CARTESIAN_POINT ( 'NONE',  ( 299.9999999999972700, -110.0000000000156600, 2080.000000000000500 ) ) ;
#3897 = DIRECTION ( 'NONE',  ( 0.0000000000000000000, 2.829258448070552800E-015, -1.000000000000000000 ) ) ;
#3898 = CARTESIAN_POINT ( 'NONE',  ( 235.0308333843210300, -83.05120273336862600, 1922.252357782104600 ) ) ;
#3899 = CARTESIAN_POINT ( 'NONE',  ( 260.5501089583921200, -5.773027171635258800, 1065.924932116821800 ) ) ;
#3900 = EDGE_LOOP ( 'NONE', ( #3326, #1945, #1816, #2514, #2768 ) ) ;
#3901 = ORIENTED_EDGE ( 'NONE', *, *, #3926, .T. ) ;
#3902 = FACE_BOUND ( 'NONE', #384, .T. ) ;
#3903 = PLANE ( 'NONE',  #4520 ) ;
#3904 = VERTEX_POINT ( 'NONE', #3497 ) ;
#3905 = STYLED_ITEM ( 'NONE', ( #2879 ), #1814 ) ;
#3906 = LINE ( 'NONE', #1560, #1008 ) ;
#3907 = DIRECTION ( 'NONE',  ( -1.189524669241289600E-015, 1.000000000000000000, 2.775557561563004900E-015 ) ) ;
#3908 = ORIENTED_EDGE ( 'NONE', *, *, #915, .T. ) ;
#3909 = CARTESIAN_POINT ( 'NONE',  ( 441.4226497308104100, 185.4999999999901700, 1076.549343668125200 ) ) ;
#3910 = ORIENTED_EDGE ( 'NONE', *, *, #4017, .F. ) ;
#3911 = LINE ( 'NONE', #4036, #3552 ) ;
#3912 = CARTESIAN_POINT ( 'NONE',  ( 261.0825167876396300, -1.226176572912017700E-011, 1095.114511463872100 ) ) ;
#3913 = DIRECTION ( 'NONE',  ( 0.0000000000000000000, -3.513364001978493200E-015, 1.000000000000000000 ) ) ;
#3914 = ORIENTED_EDGE ( 'NONE', *, *, #4387, .T. ) ;
#3915 = ORIENTED_EDGE ( 'NONE', *, *, #3883, .T. ) ;
#3916 = DIRECTION ( 'NONE',  ( 1.000000000000000000, 0.0000000000000000000, 0.0000000000000000000 ) ) ;
#3917 = ORIENTED_EDGE ( 'NONE', *, *, #3668, .F. ) ;
#3918 = DIRECTION ( 'NONE',  ( -1.000000000000000000, -0.0000000000000000000, -0.0000000000000000000 ) ) ;
#3919 = DIRECTION ( 'NONE',  ( 1.255781471933066400E-015, 1.000000000000000000, 5.330476094982114900E-016 ) ) ;
#3920 = ORIENTED_EDGE ( 'NONE', *, *, #3184, .F. ) ;
#3921 = EDGE_LOOP ( 'NONE', ( #4072, #4630 ) ) ;
#3922 = CARTESIAN_POINT ( 'NONE',  ( 393.7800827934027600, 182.4999999999881500, 983.0287663954591200 ) ) ;
#3923 = CARTESIAN_POINT ( 'NONE',  ( 299.9999999999972700, 105.4999999999887200, 800.0000000000013600 ) ) ;
#3924 = DIRECTION ( 'NONE',  ( 1.668594015826516000E-015, -0.9993908270190959800, 0.03489949670249223300 ) ) ;
#3925 = VERTEX_POINT ( 'NONE', #4513 ) ;
#3926 = EDGE_CURVE ( 'NONE', #2540, #4574, #1582, .T. ) ;
#3927 = CIRCLE ( 'NONE', #2568, 78.99999999999663200 ) ;
#3928 = VERTEX_POINT ( 'NONE', #4484 ) ;
#3929 = VECTOR ( 'NONE', #936, 1000.000000000000000 ) ;
#3930 = DIRECTION ( 'NONE',  ( 0.0000000000000000000, -2.775557561563008100E-015, 1.000000000000000000 ) ) ;
#3931 = CARTESIAN_POINT ( 'NONE',  ( 521.7144186124423900, -110.0000000000152100, 1950.000000000000500 ) ) ;
#3932 = ORIENTED_EDGE ( 'NONE', *, *, #1016, .T. ) ;
#3933 = EDGE_CURVE ( 'NONE', #4539, #3925, #4380, .T. ) ;
#3934 = CARTESIAN_POINT ( 'NONE',  ( 260.1764384182915300, -76.71873278172017800, 1049.738729315220600 ) ) ;
#3935 = EDGE_CURVE ( 'NONE', #959, #3904, #2539, .T. ) ;
#3936 = CARTESIAN_POINT ( 'NONE',  ( 281.9999999999972700, -44.50000000001055900, 600.0000000000011400 ) ) ;
#3937 = VECTOR ( 'NONE', #746, 1000.000000000000000 ) ;
#3938 = DIRECTION ( 'NONE',  ( 0.0000000000000000000, 1.632680918566373300E-015, -1.000000000000000000 ) ) ;
#3939 = ORIENTED_EDGE ( 'NONE', *, *, #3224, .T. ) ;
#3940 = EDGE_LOOP ( 'NONE', ( #36, #2534, #1947, #795 ) ) ;
#3941 = COLOUR_RGB ( '',0.2901960784313725200, 0.3294117647058823500, 0.3490196078431372400 ) ;
#3942 = CARTESIAN_POINT ( 'NONE',  ( 271.7234368343728200, 84.04592676903740800, 1912.420604319469000 ) ) ;
#3943 = DIRECTION ( 'NONE',  ( 0.02209147730274196500, -0.9993869806673998400, -0.02715933546832002800 ) ) ;
#3944 = ORIENTED_EDGE ( 'NONE', *, *, #4180, .F. ) ;
#3945 = DIRECTION ( 'NONE',  ( 0.0000000000000000000, 1.000000000000000000, 3.491483361109382100E-015 ) ) ;
#3946 = CIRCLE ( 'NONE', #1445, 67.79469207716614700 ) ;
#3947 = DIRECTION ( 'NONE',  ( 0.4344452574044231400, -0.0000000000000000000, 0.9006982393225848600 ) ) ;
#3948 = ORIENTED_EDGE ( 'NONE', *, *, #2983, .T. ) ;
#3949 = LINE ( 'NONE', #1512, #1930 ) ;
#3950 = DIRECTION ( 'NONE',  ( -0.3253617993951509700, 0.008820448039272819200, -0.9455484647498170200 ) ) ;
#3951 = FACE_BOUND ( 'NONE', #3120, .T. ) ;
#3952 = CARTESIAN_POINT ( 'NONE',  ( 299.9999999999972700, 79.49999999995033300, 850.0000000000012500 ) ) ;
#3953 = AXIS2_PLACEMENT_3D ( 'NONE', #2849, #242, #2836 ) ;
#3954 = EDGE_LOOP ( 'NONE', ( #2722, #640, #2154, #2087 ) ) ;
#3955 = CARTESIAN_POINT ( 'NONE',  ( 451.5626918953344700, 185.4999999999879200, 1045.460687527087000 ) ) ;
#3956 = VERTEX_POINT ( 'NONE', #4551 ) ;
#3957 = ORIENTED_EDGE ( 'NONE', *, *, #1777, .T. ) ;
#3958 = LINE ( 'NONE', #4376, #2350 ) ;
#3959 = EDGE_CURVE ( 'NONE', #4654, #1089, #4407, .T. ) ;
#3960 = CARTESIAN_POINT ( 'NONE',  ( 299.9999999999972700, -132.5000000000156900, 2080.000000000000500 ) ) ;
#3961 = ORIENTED_EDGE ( 'NONE', *, *, #902, .T. ) ;
#3962 = ORIENTED_EDGE ( 'NONE', *, *, #680, .F. ) ;
#3963 = DIRECTION ( 'NONE',  ( 0.0000000000000000000, -3.491483361109382500E-015, 1.000000000000000000 ) ) ;
#3964 = DIRECTION ( 'NONE',  ( 0.9006982393225846400, -0.0000000000000000000, -0.4344452574044237500 ) ) ;
#3965 = EDGE_LOOP ( 'NONE', ( #3020, #2450, #4418, #637, #2838 ) ) ;
#3966 = CARTESIAN_POINT ( 'NONE',  ( 260.8351108177649300, -3.354604629360264500, 1080.519378922330800 ) ) ;
#3967 = CARTESIAN_POINT ( 'NONE',  ( 289.9999999999972700, 182.4999999999875800, 1137.000000000001400 ) ) ;
#3968 = VERTEX_POINT ( 'NONE', #4255 ) ;
#3969 = AXIS2_PLACEMENT_3D ( 'NONE', #1644, #1635, #1629 ) ;
#3970 = EDGE_LOOP ( 'NONE', ( #4685, #309, #1418, #1630, #1347, #926, #2030, #1880 ) ) ;
#3971 = LINE ( 'NONE', #2120, #847 ) ;
#3972 = ORIENTED_EDGE ( 'NONE', *, *, #1016, .F. ) ;
#3973 = VERTEX_POINT ( 'NONE', #4469 ) ;
#3974 = CARTESIAN_POINT ( 'NONE',  ( 436.4926554045107400, 132.4999999999881200, 968.8010878389898200 ) ) ;
#3975 = CARTESIAN_POINT ( 'NONE',  ( 339.9426799755360700, 132.4999999999878100, 1084.206935728832100 ) ) ;
#3976 = CONICAL_SURFACE ( 'NONE', #463, 20.07855776470757200, 0.02617993877991440700 ) ;
#3977 = AXIS2_PLACEMENT_3D ( 'NONE', #3607, #3586, #3580 ) ;
#3978 = VERTEX_POINT ( 'NONE', #4447 ) ;
#3979 = CARTESIAN_POINT ( 'NONE',  ( 473.7820983365250000, 132.4999999999880100, 1014.441086436886300 ) ) ;
#3980 = CIRCLE ( 'NONE', #2720, 49.99999999999982200 ) ;
#3981 = ORIENTED_EDGE ( 'NONE', *, *, #1674, .T. ) ;
#3982 = DIRECTION ( 'NONE',  ( 0.07410849019539844700, 3.296581940078438100E-015, -0.9972501850994856000 ) ) ;
#3983 = AXIS2_PLACEMENT_3D ( 'NONE', #1593, #1587, #1580 ) ;
#3984 = VECTOR ( 'NONE', #72, 1000.000000000000200 ) ;
#3985 = VERTEX_POINT ( 'NONE', #4282 ) ;
#3986 = CARTESIAN_POINT ( 'NONE',  ( 242.7734758318644300, -48.24824416653068200, 1835.541311410120400 ) ) ;
#3987 = VECTOR ( 'NONE', #2164, 1000.000000000000100 ) ;
#3988 = VERTEX_POINT ( 'NONE', #4348 ) ;
#3989 = CARTESIAN_POINT ( 'NONE',  ( 745.5189084080598100, -48.50000000000995500, 433.3367999772985400 ) ) ;
#3990 = CARTESIAN_POINT ( 'NONE',  ( -3968.848264171508200, 79.49999999998802000, 1019.589786660808800 ) ) ;
#3991 = CARTESIAN_POINT ( 'NONE',  ( 261.0929362167949000, 76.66799638130750300, 1095.730498430331000 ) ) ;
#3992 = ORIENTED_EDGE ( 'NONE', *, *, #1274, .T. ) ;
#3993 = FACE_BOUND ( 'NONE', #3108, .T. ) ;
#3994 = CONICAL_SURFACE ( 'NONE', #683, 186.3092960784592500, 0.02617993877991609000 ) ;
#3995 = CARTESIAN_POINT ( 'NONE',  ( 430.8982199453820400, 185.4999999999879500, 1056.968909955040500 ) ) ;
#3996 = PRESENTATION_STYLE_ASSIGNMENT (( #3654 ) ) ;
#3997 = ORIENTED_EDGE ( 'NONE', *, *, #4042, .T. ) ;
#3998 = LINE ( 'NONE', #4445, #1986 ) ;
#3999 = DIRECTION ( 'NONE',  ( 0.02709970444846729000, -0.9996327355678212800, 0.0000000000000000000 ) ) ;
#4000 = FACE_BOUND ( 'NONE', #2047, .T. ) ;
#4001 = DIRECTION ( 'NONE',  ( -0.02617694830786614100, 3.469446951953613000E-015, -0.9996573249755574800 ) ) ;
#4002 = ORIENTED_EDGE ( 'NONE', *, *, #105, .T. ) ;
#4003 = CARTESIAN_POINT ( 'NONE',  ( 299.9999999999972700, 147.9999999999843400, 2080.000000000001400 ) ) ;
#4004 = FACE_OUTER_BOUND ( 'NONE', #1496, .T. ) ;
#4005 = PLANE ( 'NONE',  #3694 ) ;
#4006 = DIRECTION ( 'NONE',  ( 0.03245344186787572200, 0.9994718956726936800, -0.001644345268020960900 ) ) ;
#4007 = AXIS2_PLACEMENT_3D ( 'NONE', #4458, #4436, #4467 ) ;
#4008 = DIRECTION ( 'NONE',  ( 0.0000000000000000000, 1.632680918566373300E-015, -1.000000000000000000 ) ) ;
#4009 = ORIENTED_EDGE ( 'NONE', *, *, #4687, .T. ) ;
#4010 = LINE ( 'NONE', #4665, #4460 ) ;
#4011 = CARTESIAN_POINT ( 'NONE',  ( 250.7576489843438900, -48.46469239296322200, 1833.401958661683200 ) ) ;
#4012 = EDGE_CURVE ( 'NONE', #83, #4298, #473, .T. ) ;
#4013 = CARTESIAN_POINT ( 'NONE',  ( 280.6443930525146600, 132.4999999999878400, 1075.337170999800500 ) ) ;
#4014 = ORIENTED_EDGE ( 'NONE', *, *, #141, .T. ) ;
#4015 = LINE ( 'NONE', #3799, #351 ) ;
#4016 = EDGE_LOOP ( 'NONE', ( #735, #1638, #2359 ) ) ;
#4017 = EDGE_CURVE ( 'NONE', #1500, #975, #2398, .T. ) ;
#4018 = LINE ( 'NONE', #4301, #293 ) ;
#4019 = FACE_BOUND ( 'NONE', #2761, .T. ) ;
#4020 = CARTESIAN_POINT ( 'NONE',  ( 450.0379509725989400, -132.5000000000146100, 1755.000000000000900 ) ) ;
#4021 = ORIENTED_EDGE ( 'NONE', *, *, #2723, .T. ) ;
#4022 = ORIENTED_EDGE ( 'NONE', *, *, #3195, .T. ) ;
#4023 = DIRECTION ( 'NONE',  ( -0.8433914458128868300, 0.0000000000000000000, 0.5372996083468220000 ) ) ;
#4024 = CARTESIAN_POINT ( 'NONE',  ( 429.3924919526892800, 147.9999999999850800, 1865.288230696959300 ) ) ;
#4025 = EDGE_CURVE ( 'NONE', #3247, #1518, #3409, .T. ) ;
#4026 = VERTEX_POINT ( 'NONE', #4184 ) ;
#4027 = EDGE_LOOP ( 'NONE', ( #65, #4517 ) ) ;
#4028 = ORIENTED_EDGE ( 'NONE', *, *, #2029, .F. ) ;
#4029 = VECTOR ( 'NONE', #2224, 1000.000000000000100 ) ;
#4030 = DIRECTION ( 'NONE',  ( -0.0000000000000000000, -1.000000000000000000, -2.121943836052914800E-015 ) ) ;
#4031 = ORIENTED_EDGE ( 'NONE', *, *, #1740, .T. ) ;
#4032 = CARTESIAN_POINT ( 'NONE',  ( 299.9999999999972700, -48.50000000001123400, 800.0000000000009100 ) ) ;
#4033 = EDGE_CURVE ( 'NONE', #920, #2019, #4481, .T. ) ;
#4034 = FILL_AREA_STYLE_COLOUR ( '', #166 ) ;
#4035 = VECTOR ( 'NONE', #1726, 1000.000000000000000 ) ;
#4036 = CARTESIAN_POINT ( 'NONE',  ( 209.1164621621047700, -37.00000000001225700, 1097.091550303369100 ) ) ;
#4037 = ORIENTED_EDGE ( 'NONE', *, *, #1772, .F. ) ;
#4038 = DIRECTION ( 'NONE',  ( 0.07410849019539234000, -0.0000000000000000000, -0.9972501850994860400 ) ) ;
#4039 = VECTOR ( 'NONE', #895, 1000.000000000000000 ) ;
#4040 = ORIENTED_EDGE ( 'NONE', *, *, #343, .T. ) ;
#4041 = AXIS2_PLACEMENT_3D ( 'NONE', #1700, #1683, #1677 ) ;
#4042 = EDGE_CURVE ( 'NONE', #2502, #2859, #4187, .T. ) ;
#4043 = FACE_OUTER_BOUND ( 'NONE', #4414, .T. ) ;
#4044 = VECTOR ( 'NONE', #2969, 1000.000000000000100 ) ;
#4045 = DIRECTION ( 'NONE',  ( -0.5371154891903986400, 0.02617694830787607400, -0.8431024366285780900 ) ) ;
#4046 = CARTESIAN_POINT ( 'NONE',  ( 400.0026242158197600, 185.4999999999878900, 1065.611715252861800 ) ) ;
#4047 = DIRECTION ( 'NONE',  ( 0.0000000000000000000, -3.492845917557926000E-015, 1.000000000000000000 ) ) ;
#4048 = FACE_OUTER_BOUND ( 'NONE', #623, .T. ) ;
#4049 = ORIENTED_EDGE ( 'NONE', *, *, #4555, .T. ) ;
#4050 = EDGE_LOOP ( 'NONE', ( #2393, #3818 ) ) ;
#4051 = LINE ( 'NONE', #302, #2105 ) ;
#4052 = DIRECTION ( 'NONE',  ( 0.9990482215818731200, 6.380483323647008800E-016, -0.04361938736498462800 ) ) ;
#4053 = ORIENTED_EDGE ( 'NONE', *, *, #3731, .T. ) ;
#4054 = CIRCLE ( 'NONE', #114, 76.99999999999995700 ) ;
#4055 = FACE_OUTER_BOUND ( 'NONE', #3954, .T. ) ;
#4056 = EDGE_LOOP ( 'NONE', ( #2731, #646, #2271, #3742 ) ) ;
#4057 = DIRECTION ( 'NONE',  ( -0.0000000000000000000, 1.000000000000000000, 3.491483361109382500E-015 ) ) ;
#4058 = LINE ( 'NONE', #1822, #3494 ) ;
#4059 = EDGE_LOOP ( 'NONE', ( #628, #4462, #2177, #2313 ) ) ;
#4060 = VECTOR ( 'NONE', #3871, 1000.000000000000200 ) ;
#4061 = DIRECTION ( 'NONE',  ( -1.000000000000000000, -0.0000000000000000000, -0.0000000000000000000 ) ) ;
#4062 = CARTESIAN_POINT ( 'NONE',  ( 297.9999999999972700, 182.4999999999875500, 1154.000000000001600 ) ) ;
#4063 = ORIENTED_EDGE ( 'NONE', *, *, #1143, .T. ) ;
#4064 = DIRECTION ( 'NONE',  ( 0.0000000000000000000, 3.469446951953611000E-015, -1.000000000000000000 ) ) ;
#4065 = AXIS2_PLACEMENT_3D ( 'NONE', #1660, #1655, #1651 ) ;
#4066 = ORIENTED_EDGE ( 'NONE', *, *, #727, .F. ) ;
#4067 = CARTESIAN_POINT ( 'NONE',  ( 299.9999999999973300, 79.49999999998884400, 800.0000000000012500 ) ) ;
#4068 = CARTESIAN_POINT ( 'NONE',  ( 297.9999999999972700, 182.4999999999876400, 1137.000000000001400 ) ) ;
#4069 = EDGE_LOOP ( 'NONE', ( #2387, #487, #4143, #1961 ) ) ;
#4070 = AXIS2_PLACEMENT_3D ( 'NONE', #2472, #2503, #2461 ) ;
#4071 = CARTESIAN_POINT ( 'NONE',  ( 436.6315433659448200, 157.4999999999882300, 967.9363974391371800 ) ) ;
#4072 = ORIENTED_EDGE ( 'NONE', *, *, #833, .F. ) ;
#4073 = ORIENTED_EDGE ( 'NONE', *, *, #1540, .F. ) ;
#4074 = ORIENTED_EDGE ( 'NONE', *, *, #2801, .T. ) ;
#4075 = PLANE ( 'NONE',  #3708 ) ;
#4076 = EDGE_CURVE ( 'NONE', #1006, #2473, #2265, .T. ) ;
#4077 = DIRECTION ( 'NONE',  ( -0.9655948276329335800, 0.02617694830787184500, 0.2587303542799185800 ) ) ;
#4078 = ORIENTED_EDGE ( 'NONE', *, *, #1564, .T. ) ;
#4079 = CARTESIAN_POINT ( 'NONE',  ( 271.7234368343724200, -84.04592676906774800, 1912.420604319467900 ) ) ;
#4080 = EDGE_CURVE ( 'NONE', #3885, #778, #443, .T. ) ;
#4081 = VECTOR ( 'NONE', #4135, 1000.000000000000200 ) ;
#4082 = ORIENTED_EDGE ( 'NONE', *, *, #1494, .T. ) ;
#4083 = CARTESIAN_POINT ( 'NONE',  ( 395.2820438583575500, 132.4999999999879800, 958.5759506298920800 ) ) ;
#4084 = VECTOR ( 'NONE', #2684, 1000.000000000000000 ) ;
#4085 = ORIENTED_EDGE ( 'NONE', *, *, #2370, .T. ) ;
#4086 = FACE_OUTER_BOUND ( 'NONE', #3790, .T. ) ;
#4087 = EDGE_LOOP ( 'NONE', ( #2877, #2382, #3159, #4474 ) ) ;
#4088 = DIRECTION ( 'NONE',  ( -0.0000000000000000000, 1.000000000000000000, 3.491483361109382100E-015 ) ) ;
#4089 = VECTOR ( 'NONE', #4527, 1000.000000000000000 ) ;
#4090 = CARTESIAN_POINT ( 'NONE',  ( 281.9999999999973300, 839.6067811865353900, 1049.351158008143300 ) ) ;
#4091 = LINE ( 'NONE', #4332, #1100 ) ;
#4092 = DIRECTION ( 'NONE',  ( -0.02709970444846174600, -0.9996327355678214000, -6.344131569286610700E-015 ) ) ;
#4093 = EDGE_CURVE ( 'NONE', #186, #3762, #368, .T. ) ;
#4094 = EDGE_CURVE ( 'NONE', #93, #424, #3188, .T. ) ;
#4095 = CARTESIAN_POINT ( 'NONE',  ( 284.4309076606049900, 182.4999999999878900, 1016.588101969136300 ) ) ;
#4096 = VECTOR ( 'NONE', #4279, 999.9999999999998900 ) ;
#4097 = ORIENTED_EDGE ( 'NONE', *, *, #310, .F. ) ;
#4098 = CIRCLE ( 'NONE', #2335, 142.5000000000000600 ) ;
#4099 = FACE_OUTER_BOUND ( 'NONE', #639, .T. ) ;
#4100 = DIRECTION ( 'NONE',  ( 0.0000000000000000000, 1.000000000000000000, 3.491483361109382100E-015 ) ) ;
#4101 = CARTESIAN_POINT ( 'NONE',  ( 423.1063177074423700, 182.4999999999892300, 1085.260491557764200 ) ) ;
#4102 = ORIENTED_EDGE ( 'NONE', *, *, #1207, .T. ) ;
#4103 = DIRECTION ( 'NONE',  ( -1.000000000000000000, -0.0000000000000000000, -0.0000000000000000000 ) ) ;
#4104 = CARTESIAN_POINT ( 'NONE',  ( 481.4031960335339600, -82.50000000001162400, 911.3333333333340500 ) ) ;
#4106 = EDGE_CURVE ( 'NONE', #1006, #2872, #2145, .T. ) ;
#4105 = VECTOR ( 'NONE', #1694, 1000.000000000000100 ) ;
#4107 = DIRECTION ( 'NONE',  ( 1.000000000000000000, -0.0000000000000000000, 0.0000000000000000000 ) ) ;
#4108 = EDGE_LOOP ( 'NONE', ( #2525, #27, #3777, #4371 ) ) ;
#4109 = LINE ( 'NONE', #4566, #2579 ) ;
#4110 = CARTESIAN_POINT ( 'NONE',  ( 285.0120887098254300, 132.4999999999880100, 1016.562727056515000 ) ) ;
#4111 = EDGE_LOOP ( 'NONE', ( #4073, #669, #3766, #3336 ) ) ;
#4112 = CARTESIAN_POINT ( 'NONE',  ( 297.9999999999972700, 182.4999999999876600, 1120.000000000001400 ) ) ;
#4113 = LINE ( 'NONE', #3167, #4663 ) ;
#4114 = ORIENTED_EDGE ( 'NONE', *, *, #1609, .F. ) ;
#4115 = DIRECTION ( 'NONE',  ( 0.0000000000000000000, -3.490671803894976700E-015, 1.000000000000000000 ) ) ;
#4116 = FACE_OUTER_BOUND ( 'NONE', #633, .T. ) ;
#4117 = CIRCLE ( 'NONE', #4470, 8500.000000000001800 ) ;
#4118 = CARTESIAN_POINT ( 'NONE',  ( 280.6086907807671200, 182.4999999999877800, 1075.817603093547600 ) ) ;
#4119 = AXIS2_PLACEMENT_3D ( 'NONE', #1724, #1723, #1719 ) ;
#4120 = ORIENTED_EDGE ( 'NONE', *, *, #1707, .T. ) ;
#4121 = VERTEX_POINT ( 'NONE', #3738 ) ;
#4122 = CARTESIAN_POINT ( 'NONE',  ( 250.7576489843438300, -48.46469239296325100, 1833.401958661683200 ) ) ;
#4123 = CARTESIAN_POINT ( 'NONE',  ( 290.2842758726102900, 177.4999999999876900, 1133.654346968207200 ) ) ;
#4124 = VERTEX_POINT ( 'NONE', #3808 ) ;
#4125 = ORIENTED_EDGE ( 'NONE', *, *, #3195, .F. ) ;
#4126 = DIRECTION ( 'NONE',  ( -0.0000000000000000000, 1.000000000000000000, 3.491483361109382100E-015 ) ) ;
#4127 = ORIENTED_EDGE ( 'NONE', *, *, #1180, .F. ) ;
#4128 =( BOUNDED_CURVE ( )  B_SPLINE_CURVE ( 3, ( #1837, #2018, #1998, #1920 ),
 .UNSPECIFIED., .F., .F. ) 
 B_SPLINE_CURVE_WITH_KNOTS ( ( 4, 4 ),
 ( 6.273882531351509900, 6.279106968362188300 ),
 .UNSPECIFIED. ) 
 CURVE ( )  GEOMETRIC_REPRESENTATION_ITEM ( )  RATIONAL_B_SPLINE_CURVE ( ( 1.000000000000000000, 0.9999977254394535300, 0.9999977254394535300, 1.000000000000000000 ) ) 
 REPRESENTATION_ITEM ( '' )  );
#4129 = DIRECTION ( 'NONE',  ( 0.0000000000000000000, -0.9986295347545741700, 0.05233595624294040000 ) ) ;
#4130 = VECTOR ( 'NONE', #2369, 1000.000000000000100 ) ;
#4131 = EDGE_CURVE ( 'NONE', #2172, #3861, #2017, .T. ) ;
#4132 = ORIENTED_EDGE ( 'NONE', *, *, #2285, .F. ) ;
#4133 = CARTESIAN_POINT ( 'NONE',  ( 211.2077342562155900, -47.39250761753632400, 1850.262536643051600 ) ) ;
#4134 = DIRECTION ( 'NONE',  ( -0.4344452574044180300, -0.0000000000000000000, -0.9006982393225874100 ) ) ;
#4135 = DIRECTION ( 'NONE',  ( -0.9655948276329302500, 0.02617694830787589000, 0.2587303542799306900 ) ) ;
#4136 = LINE ( 'NONE', #3626, #3929 ) ;
#4137 = LINE ( 'NONE', #2249, #418 ) ;
#4138 = ORIENTED_EDGE ( 'NONE', *, *, #3312, .T. ) ;
#4139 = PLANE ( 'NONE',  #3734 ) ;
#4140 = CARTESIAN_POINT ( 'NONE',  ( 242.7734758318645400, -48.24824416653068200, 1835.541311410120400 ) ) ;
#4141 = DIRECTION ( 'NONE',  ( -0.6691306063588609000, -0.0000000000000000000, 0.7431448254773916900 ) ) ;
#4142 = CIRCLE ( 'NONE', #2986, 8.950000000000013500 ) ;
#4143 = ORIENTED_EDGE ( 'NONE', *, *, #2940, .T. ) ;
#4144 = CARTESIAN_POINT ( 'NONE',  ( 399.8045020775072100, 182.4999999999880600, 992.1740192475691600 ) ) ;
#4145 = FACE_OUTER_BOUND ( 'NONE', #2990, .T. ) ;
#4146 = DIRECTION ( 'NONE',  ( 0.9060137184700124400, -0.02456172464464380400, -0.4225350442586053900 ) ) ;
#4147 = DIRECTION ( 'NONE',  ( 1.776356839400250500E-015, 3.497202527569243100E-015, -1.000000000000000000 ) ) ;
#4148 = CYLINDRICAL_SURFACE ( 'NONE', #539, 137.5000000000000600 ) ;
#4149 = FACE_OUTER_BOUND ( 'NONE', #3265, .T. ) ;
#4150 = EDGE_LOOP ( 'NONE', ( #3828, #3576, #3027, #3124 ) ) ;
#4151 = CARTESIAN_POINT ( 'NONE',  ( 297.9999999999972700, 182.4999999999875500, 1154.000000000001600 ) ) ;
#4152 = CIRCLE ( 'NONE', #1345, 17.26203889641553200 ) ;
#4153 = AXIS2_PLACEMENT_3D ( 'NONE', #3753, #3757, #3691 ) ;
#4154 = VECTOR ( 'NONE', #457, 1000.000000000000000 ) ;
#4155 = CARTESIAN_POINT ( 'NONE',  ( 299.9999999999972700, -110.0000000000158600, 2142.500000000000500 ) ) ;
#4156 = EDGE_CURVE ( 'NONE', #2423, #2649, #3980, .T. ) ;
#4157 = CARTESIAN_POINT ( 'NONE',  ( 285.0120887098253200, 132.4999999999880100, 1016.562727056511000 ) ) ;
#4158 = EDGE_LOOP ( 'NONE', ( #2266, #208, #855, #4666, #1838 ) ) ;
#4159 = VECTOR ( 'NONE', #3748, 1000.000000000000000 ) ;
#4160 = CARTESIAN_POINT ( 'NONE',  ( 227.5879493108412000, -48.50000000001132600, 826.1819578143256400 ) ) ;
#4161 = UNCERTAINTY_MEASURE_WITH_UNIT (LENGTH_MEASURE( 1.000000000000000100E-005 ), #2848, 'distance_accuracy_value', 'NONE');
#4162 = ORIENTED_EDGE ( 'NONE', *, *, #4502, .T. ) ;
#4163 = LINE ( 'NONE', #3351, #671 ) ;
#4164 = CARTESIAN_POINT ( 'NONE',  ( 235.0308333843210600, -83.05120273336861200, 1922.252357782104600 ) ) ;
#4165 = ORIENTED_EDGE ( 'NONE', *, *, #2213, .F. ) ;
#4166 = VECTOR ( 'NONE', #3947, 1000.000000000000100 ) ;
#4167 = DIRECTION ( 'NONE',  ( -0.0000000000000000000, 1.000000000000000000, 3.491483361109382100E-015 ) ) ;
#4168 = DIRECTION ( 'NONE',  ( 5.466848827037114800E-014, 1.607896713834445500E-015, -1.000000000000000000 ) ) ;
#4169 = ORIENTED_EDGE ( 'NONE', *, *, #967, .T. ) ;
#4170 = LINE ( 'NONE', #3148, #1866 ) ;
#4171 = DIRECTION ( 'NONE',  ( -0.2588190451025169100, 3.442030240126031200E-015, -0.9659258262890693100 ) ) ;
#4172 = CARTESIAN_POINT ( 'NONE',  ( 299.9999999999973300, -95.00000000001550400, 2030.000000000000700 ) ) ;
#4173 = VERTEX_POINT ( 'NONE', #3630 ) ;
#4174 = AXIS2_PLACEMENT_3D ( 'NONE', #3537, #3613, #3531 ) ;
#4175 = ORIENTED_EDGE ( 'NONE', *, *, #1465, .T. ) ;
#4176 = EDGE_LOOP ( 'NONE', ( #4471, #1069, #3525, #121 ) ) ;
#4177 = CARTESIAN_POINT ( 'NONE',  ( 299.9999999999972700, 148.9999999999892600, 662.5000000000012500 ) ) ;
#4178 = FACE_OUTER_BOUND ( 'NONE', #2948, .T. ) ;
#4179 = ORIENTED_EDGE ( 'NONE', *, *, #4093, .T. ) ;
#4180 = EDGE_CURVE ( 'NONE', #3568, #156, #38, .T. ) ;
#4181 = DIRECTION ( 'NONE',  ( 0.0000000000000000000, -2.812031213550323200E-015, 1.000000000000000000 ) ) ;
#4182 = CARTESIAN_POINT ( 'NONE',  ( 243.3896697863880000, -110.0000000000148800, 1805.904285945796300 ) ) ;
#4183 = DIRECTION ( 'NONE',  ( 0.9844702839913744800, -0.1736481776669243600, -0.02577926164378582400 ) ) ;
#4184 = CARTESIAN_POINT ( 'NONE',  ( 209.1164621621047700, -37.00000000001223600, 1097.091550303369100 ) ) ;
#4185 = ORIENTED_EDGE ( 'NONE', *, *, #884, .F. ) ;
#4186 = DIRECTION ( 'NONE',  ( -0.0000000000000000000, 1.000000000000000000, 3.491483361109382100E-015 ) ) ;
#4187 = LINE ( 'NONE', #4157, #1212 ) ;
#4188 = ORIENTED_EDGE ( 'NONE', *, *, #893, .F. ) ;
#4189 = DIRECTION ( 'NONE',  ( 0.5511924129318346300, 0.0000000000000000000, -0.8343781660172933100 ) ) ;
#4190 = VECTOR ( 'NONE', #192, 1000.000000000000000 ) ;
#4191 = CARTESIAN_POINT ( 'NONE',  ( 299.9999999999972700, 105.4999999999889300, 800.0000000000015900 ) ) ;
#4192 = EDGE_LOOP ( 'NONE', ( #109, #3997, #1486, #2365, #2452 ) ) ;
#4193 = ORIENTED_EDGE ( 'NONE', *, *, #3216, .T. ) ;
#4194 = DIRECTION ( 'NONE',  ( 0.8340922454588589600, -0.02617694830787502600, 0.5510035330582606600 ) ) ;
#4195 = FACE_OUTER_BOUND ( 'NONE', #1876, .T. ) ;
#4196 = CARTESIAN_POINT ( 'NONE',  ( 207.9123225399429200, 36.99999999998783600, 1051.107313354493700 ) ) ;
#4197 = VERTEX_POINT ( 'NONE', #3604 ) ;
#4198 = DIRECTION ( 'NONE',  ( 0.0000000000000000000, 1.000000000000000000, 2.121943836052914800E-015 ) ) ;
#4199 = CARTESIAN_POINT ( 'NONE',  ( 236.1072099364448900, -27.63528328799593600, 1096.384772699056800 ) ) ;
#4200 = FACE_OUTER_BOUND ( 'NONE', #7, .T. ) ;
#4201 = CARTESIAN_POINT ( 'NONE',  ( 297.9999999999972700, 177.4999999999875500, 1137.000000000001400 ) ) ;
#4202 = FACE_OUTER_BOUND ( 'NONE', #3169, .T. ) ;
#4203 = FACE_OUTER_BOUND ( 'NONE', #3235, .T. ) ;
#4204 =( GEOMETRIC_REPRESENTATION_CONTEXT ( 3 ) GLOBAL_UNCERTAINTY_ASSIGNED_CONTEXT ( ( #1855 ) ) GLOBAL_UNIT_ASSIGNED_CONTEXT ( ( #1744, #1735, #1732 ) ) REPRESENTATION_CONTEXT ( 'NONE', 'WORKASPACE' ) );
#4205 = EDGE_LOOP ( 'NONE', ( #3345, #1936, #3127, #1637 ) ) ;
#4206 = VECTOR ( 'NONE', #2109, 1000.000000000000100 ) ;
#4207 = CYLINDRICAL_SURFACE ( 'NONE', #3015, 8500.000000000001800 ) ;
#4208 = PLANE ( 'NONE',  #3756 ) ;
#4209 = DIRECTION ( 'NONE',  ( -0.0000000000000000000, -1.000000000000000000, -3.491483361109382100E-015 ) ) ;
#4210 = ORIENTED_EDGE ( 'NONE', *, *, #2869, .T. ) ;
#4211 = AXIS2_PLACEMENT_3D ( 'NONE', #2232, #450, #3147 ) ;
#4212 = VECTOR ( 'NONE', #1703, 1000.000000000000100 ) ;
#4213 = DIRECTION ( 'NONE',  ( -9.146278524964403400E-017, -1.000000000000000000, -3.492822851699537800E-015 ) ) ;
#4214 = ORIENTED_EDGE ( 'NONE', *, *, #4687, .F. ) ;
#4215 = VECTOR ( 'NONE', #4506, 1000.000000000000100 ) ;
#4216 = ORIENTED_EDGE ( 'NONE', *, *, #2652, .F. ) ;
#4217 = VECTOR ( 'NONE', #4333, 1000.000000000000100 ) ;
#4218 = EDGE_CURVE ( 'NONE', #4357, #186, #144, .T. ) ;
#4219 = CARTESIAN_POINT ( 'NONE',  ( 328.4714272132374000, 182.4999999999879800, 1014.665251359287500 ) ) ;
#4220 = ORIENTED_EDGE ( 'NONE', *, *, #2955, .F. ) ;
#4221 = LINE ( 'NONE', #789, #2585 ) ;
#4222 = DIRECTION ( 'NONE',  ( -1.189524669241289600E-015, 1.000000000000000000, 2.775557561563004900E-015 ) ) ;
#4223 = ORIENTED_EDGE ( 'NONE', *, *, #3007, .F. ) ;
#4224 = ORIENTED_EDGE ( 'NONE', *, *, #3288, .F. ) ;
#4225 = DIRECTION ( 'NONE',  ( -0.4344452574044248000, 0.0000000000000000000, -0.9006982393225840800 ) ) ;
#4226 = AXIS2_PLACEMENT_3D ( 'NONE', #2591, #2089, #2631 ) ;
#4227 = ORIENTED_EDGE ( 'NONE', *, *, #222, .F. ) ;
#4228 = ORIENTED_EDGE ( 'NONE', *, *, #1944, .F. ) ;
#4229 = CIRCLE ( 'NONE', #2523, 142.5000000000000600 ) ;
#4230 = ORIENTED_EDGE ( 'NONE', *, *, #3168, .T. ) ;
#4231 = EDGE_CURVE ( 'NONE', #4423, #1006, #2964, .T. ) ;
#4232 = CARTESIAN_POINT ( 'NONE',  ( 299.9999999999972700, 138.4999999999892600, 662.5000000000012500 ) ) ;
#4233 = EDGE_CURVE ( 'NONE', #1981, #4654, #3884, .T. ) ;
#4234 = CIRCLE ( 'NONE', #2647, 67.79469207716614700 ) ;
#4235 = FACE_OUTER_BOUND ( 'NONE', #3965, .T. ) ;
#4236 =( BOUNDED_CURVE ( )  B_SPLINE_CURVE ( 3, ( #281, #388, #249, #236 ),
 .UNSPECIFIED., .F., .T. ) 
 B_SPLINE_CURVE_WITH_KNOTS ( ( 4, 4 ),
 ( 4.256936706936834000, 4.389114542392093200 ),
 .UNSPECIFIED. ) 
 CURVE ( )  GEOMETRIC_REPRESENTATION_ITEM ( )  RATIONAL_B_SPLINE_CURVE ( ( 1.000000000000000000, 0.9985446148295170600, 0.9985446148295170600, 1.000000000000000000 ) ) 
 REPRESENTATION_ITEM ( '' )  );
#4237 = ORIENTED_EDGE ( 'NONE', *, *, #2625, .F. ) ;
#4238 = CARTESIAN_POINT ( 'NONE',  ( 221.3803443595889200, 147.9999999999843700, 2072.257277805388200 ) ) ;
#4239 = CARTESIAN_POINT ( 'NONE',  ( 271.9802886388829400, 49.04003095657799300, 1912.605928123148300 ) ) ;
#4240 = CARTESIAN_POINT ( 'NONE',  ( 281.9999999999972700, -110.0000000000152100, 1950.000000000000500 ) ) ;
#4241 = LINE ( 'NONE', #881, #2471 ) ;
#4242 = ORIENTED_EDGE ( 'NONE', *, *, #2263, .T. ) ;
#4243 = EDGE_CURVE ( 'NONE', #228, #959, #1884, .T. ) ;
#4244 = DIRECTION ( 'NONE',  ( 3.205421121700779000E-016, -0.9848077530122094600, 0.1736481776669222000 ) ) ;
#4245 = LINE ( 'NONE', #1197, #3368 ) ;
#4246 = EDGE_LOOP ( 'NONE', ( #3560, #3557, #1562, #2988 ) ) ;
#4247 = EDGE_CURVE ( 'NONE', #3621, #4173, #4632, .T. ) ;
#4248 = CARTESIAN_POINT ( 'NONE',  ( 299.9999999999972700, -48.50000000001153200, 868.5000000000009100 ) ) ;
#4249 = DIRECTION ( 'NONE',  ( -0.001814713940800180700, 0.9999754190178187200, -0.006772604628270587200 ) ) ;
#4250 = VECTOR ( 'NONE', #3434, 1000.000000000000000 ) ;
#4251 = CARTESIAN_POINT ( 'NONE',  ( -8237.696528343014500, -132.5000000000127600, 1239.179573321616100 ) ) ;
#4252 = CARTESIAN_POINT ( 'NONE',  ( 280.6443930525150000, 182.4999999999877800, 1075.337170999800700 ) ) ;
#4253 = CARTESIAN_POINT ( 'NONE',  ( 299.9999999999972700, 105.4999999999889600, 730.0000000000043200 ) ) ;
#4254 = FACE_OUTER_BOUND ( 'NONE', #1335, .T. ) ;
#4255 = CARTESIAN_POINT ( 'NONE',  ( 299.9999999999973300, 147.9999999999845100, 2030.000000000001600 ) ) ;
#4256 = ORIENTED_EDGE ( 'NONE', *, *, #4533, .T. ) ;
#4257 = CIRCLE ( 'NONE', #3205, 17.00000000000034800 ) ;
#4258 = FACE_OUTER_BOUND ( 'NONE', #2719, .T. ) ;
#4259 = EDGE_LOOP ( 'NONE', ( #3467, #2727, #39, #358 ) ) ;
#4260 = MECHANICAL_DESIGN_GEOMETRIC_PRESENTATION_REPRESENTATION (  '', ( #4386 ), #4204 ) ;
#4261 = CARTESIAN_POINT ( 'NONE',  ( 299.9999999999973300, -148.0000000000158600, 2130.000000000000000 ) ) ;
#4262 = VECTOR ( 'NONE', #1414, 1000.000000000000000 ) ;
#4263 = EDGE_CURVE ( 'NONE', #1089, #3068, #3785, .T. ) ;
#4264 = DIRECTION ( 'NONE',  ( 1.776356839400250500E-015, 3.497202527569243100E-015, -1.000000000000000000 ) ) ;
#4265 =( BOUNDED_CURVE ( )  B_SPLINE_CURVE ( 3, ( #2961, #3166, #3569, #2957 ),
 .UNSPECIFIED., .F., .T. ) 
 B_SPLINE_CURVE_WITH_KNOTS ( ( 4, 4 ),
 ( 0.0000000000000000000, 0.2816588738154263700 ),
 .UNSPECIFIED. ) 
 CURVE ( )  GEOMETRIC_REPRESENTATION_ITEM ( )  RATIONAL_B_SPLINE_CURVE ( ( 0.6437635472072971200, 0.5555036866703094700, 0.5078824466320368500, 0.5008998270924780400 ) ) 
 REPRESENTATION_ITEM ( '' )  );
#4266 = DIRECTION ( 'NONE',  ( -0.0000000000000000000, 1.000000000000000000, 3.491483361109382100E-015 ) ) ;
#4267 = ORIENTED_EDGE ( 'NONE', *, *, #267, .F. ) ;
#4269 = LINE ( 'NONE', #1597, #1612 ) ;
#4268 = CARTESIAN_POINT ( 'NONE',  ( 320.0363916217940500, 177.4999999999893400, 1110.175161611396100 ) ) ;
#4270 = EDGE_LOOP ( 'NONE', ( #2212, #3932, #4341, #1040 ) ) ;
#4271 = LINE ( 'NONE', #3682, #1498 ) ;
#4272 = CARTESIAN_POINT ( 'NONE',  ( 316.7705008945078500, 182.4999999999880900, 1089.307310730332300 ) ) ;
#4273 = ORIENTED_EDGE ( 'NONE', *, *, #64, .T. ) ;
#4274 = LINE ( 'NONE', #4530, #1992 ) ;
#4275 = VERTEX_POINT ( 'NONE', #3458 ) ;
#4276 = CARTESIAN_POINT ( 'NONE',  ( 259.9969821760516300, -82.50000000001209300, 1046.778764412534900 ) ) ;
#4277 = ORIENTED_EDGE ( 'NONE', *, *, #1934, .T. ) ;
#4278 = ORIENTED_EDGE ( 'NONE', *, *, #3358, .T. ) ;
#4279 = DIRECTION ( 'NONE',  ( 0.9990482215818576900, -0.0000000000000000000, -0.04361938736533931700 ) ) ;
#4280 = CARTESIAN_POINT ( 'NONE',  ( 299.9999999999972700, -48.50000000001119800, 800.0000000000010200 ) ) ;
#4281 = CARTESIAN_POINT ( 'NONE',  ( 436.4926554045105100, 132.4999999999881800, 968.8010878389899300 ) ) ;
#4282 = CARTESIAN_POINT ( 'NONE',  ( 414.3147106120786100, 185.4999999999880100, 1025.782279224908500 ) ) ;
#4283 = ORIENTED_EDGE ( 'NONE', *, *, #3003, .F. ) ;
#4284 = PRESENTATION_LAYER_ASSIGNMENT (  '', '', ( #4386 ) ) ;
#4285 = ORIENTED_EDGE ( 'NONE', *, *, #1994, .F. ) ;
#4286 = DIRECTION ( 'NONE',  ( -0.0000000000000000000, 0.05233595624294040000, 0.9986295347545741700 ) ) ;
#4287 = VECTOR ( 'NONE', #4213, 1000.000000000000000 ) ;
#4288 = DIRECTION ( 'NONE',  ( 0.6327053285625149300, -2.354701385770915000E-015, 0.7743926440821865500 ) ) ;
#4289 = DIRECTION ( 'NONE',  ( 0.02709970444846095100, 0.9996327355678214000, 0.0000000000000000000 ) ) ;
#4290 = ORIENTED_EDGE ( 'NONE', *, *, #561, .F. ) ;
#4291 = EDGE_CURVE ( 'NONE', #2194, #3083, #1770, .T. ) ;
#4292 = CARTESIAN_POINT ( 'NONE',  ( 430.2952734252478400, 132.4999999999878600, 1055.718872442062800 ) ) ;
#4293 = DIRECTION ( 'NONE',  ( 0.0000000000000000000, 3.545420242872306300E-015, -1.000000000000000000 ) ) ;
#4294 = VECTOR ( 'NONE', #377, 1000.000000000000000 ) ;
#4295 = VERTEX_POINT ( 'NONE', #3095 ) ;
#4296 = DIRECTION ( 'NONE',  ( 0.0000000000000000000, 1.000000000000000000, 3.491483361109382100E-015 ) ) ;
#4297 = LINE ( 'NONE', #2392, #373 ) ;
#4298 = VERTEX_POINT ( 'NONE', #3110 ) ;
#4299 = DIRECTION ( 'NONE',  ( 3.038931636747691100E-016, -1.000000000000000000, -3.545420242872311100E-015 ) ) ;
#4300 = CARTESIAN_POINT ( 'NONE',  ( 299.9999999999973300, -198.0000000000159700, 2130.000000000000000 ) ) ;
#4301 = CARTESIAN_POINT ( 'NONE',  ( 297.7157241273842500, 177.4999999999876100, 1140.345653031796200 ) ) ;
#4302 = CONICAL_SURFACE ( 'NONE', #1248, 62.50000000000000000, 0.1745329251994310300 ) ;
#4303 = DIRECTION ( 'NONE',  ( -0.1607425656038208900, 3.468302158746823000E-015, -0.9869963665602328200 ) ) ;
#4304 = CARTESIAN_POINT ( 'NONE',  ( 210.2592446005194200, -82.37965336241006800, 1850.262536643051600 ) ) ;
#4305 = VERTEX_POINT ( 'NONE', #3133 ) ;
#4306 = LINE ( 'NONE', #2348, #4206 ) ;
#4307 = LINE ( 'NONE', #999, #3542 ) ;
#4308 = VERTEX_POINT ( 'NONE', #3077 ) ;
#4309 = EDGE_LOOP ( 'NONE', ( #2671, #1654, #534, #4639 ) ) ;
#4310 = ORIENTED_EDGE ( 'NONE', *, *, #4025, .T. ) ;
#4311 = EDGE_CURVE ( 'NONE', #1337, #471, #643, .T. ) ;
#4312 = LINE ( 'NONE', #4519, #2250 ) ;
#4313 = EDGE_CURVE ( 'NONE', #596, #1860, #4531, .T. ) ;
#4314 = CARTESIAN_POINT ( 'NONE',  ( 299.9999999999972700, -95.00000000001567500, 2080.000000000000500 ) ) ;
#4315 = CARTESIAN_POINT ( 'NONE',  ( 429.6785294646139700, 132.4999999999879500, 1054.109288215171300 ) ) ;
#4316 = CARTESIAN_POINT ( 'NONE',  ( 327.0790301836186700, 132.4999999999880600, 1005.221163928857800 ) ) ;
#4317 = ORIENTED_EDGE ( 'NONE', *, *, #2914, .F. ) ;
#4318 = FACE_OUTER_BOUND ( 'NONE', #4628, .T. ) ;
#4319 =( NAMED_UNIT ( * ) SI_UNIT ( $, .STERADIAN. ) SOLID_ANGLE_UNIT ( ) );
#4320 = DIRECTION ( 'NONE',  ( 0.0000000000000000000, 8.304661753891209500E-015, -1.000000000000000000 ) ) ;
#4321 = ORIENTED_EDGE ( 'NONE', *, *, #151, .F. ) ;
#4322 = CARTESIAN_POINT ( 'NONE',  ( 429.3924919526892800, 147.9999999999850800, 1865.288230696959300 ) ) ;
#4323 = DIRECTION ( 'NONE',  ( -2.401924812890963500E-015, 1.000000000000000000, 8.273296577735542000E-015 ) ) ;
#4324 = VERTEX_POINT ( 'NONE', #2889 ) ;
#4325 = VERTEX_POINT ( 'NONE', #2916 ) ;
#4326 = DIRECTION ( 'NONE',  ( 0.02617694830786626900, -3.620292471603788000E-015, 0.9996573249755574800 ) ) ;
#4327 = ORIENTED_EDGE ( 'NONE', *, *, #2561, .F. ) ;
#4328 = DIRECTION ( 'NONE',  ( 0.0000000000000000000, 3.245989808722221800E-015, -1.000000000000000000 ) ) ;
#4329 = EDGE_LOOP ( 'NONE', ( #2972, #1084, #2259, #4567 ) ) ;
#4330 = LINE ( 'NONE', #2305, #522 ) ;
#4331 = ORIENTED_EDGE ( 'NONE', *, *, #4291, .F. ) ;
#4332 = CARTESIAN_POINT ( 'NONE',  ( 207.9123225399429200, -67.50000000001209300, 1051.107313354493500 ) ) ;
#4333 = DIRECTION ( 'NONE',  ( -0.01220090069433777900, 0.9993150019883697600, 0.03493801401384034900 ) ) ;
#4334 = CARTESIAN_POINT ( 'NONE',  ( 260.2275131006896900, -132.5000000000121100, 1051.331267891164300 ) ) ;
#4335 = CARTESIAN_POINT ( 'NONE',  ( 436.7053141131867700, 142.8447950049510100, 1828.607041162608300 ) ) ;
#4336 =( BOUNDED_CURVE ( )  B_SPLINE_CURVE ( 3, ( #239, #4592, #2116, #4276 ),
 .UNSPECIFIED., .F., .T. ) 
 B_SPLINE_CURVE_WITH_KNOTS ( ( 4, 4 ),
 ( 0.0000000000000000000, 0.3106745393156690200 ),
 .UNSPECIFIED. ) 
 CURVE ( )  GEOMETRIC_REPRESENTATION_ITEM ( )  RATIONAL_B_SPLINE_CURVE ( ( 0.5001734600262880400, 0.4957530423409574100, 0.5758193487626037700, 0.7403723792912274600 ) ) 
 REPRESENTATION_ITEM ( '' )  );
#4337 = VECTOR ( 'NONE', #2784, 1000.000000000000200 ) ;
#4338 = VERTEX_POINT ( 'NONE', #3046 ) ;
#4339 = CARTESIAN_POINT ( 'NONE',  ( 299.9999999999971600, 177.4999999999910500, 800.0000000000018200 ) ) ;
#4340 = LINE ( 'NONE', #3582, #423 ) ;
#4341 = ORIENTED_EDGE ( 'NONE', *, *, #108, .F. ) ;
#4342 = DIRECTION ( 'NONE',  ( 0.0000000000000000000, 2.775557561562889000E-015, -1.000000000000000000 ) ) ;
#4343 = VECTOR ( 'NONE', #1462, 1000.000000000000000 ) ;
#4344 = ORIENTED_EDGE ( 'NONE', *, *, #983, .T. ) ;
#4345 = DIRECTION ( 'NONE',  ( 0.0000000000000000000, -3.492845917557926000E-015, 1.000000000000000000 ) ) ;
#4346 = FACE_OUTER_BOUND ( 'NONE', #3900, .T. ) ;
#4347 = ORIENTED_EDGE ( 'NONE', *, *, #4669, .F. ) ;
#4348 = CARTESIAN_POINT ( 'NONE',  ( 271.7234368343725900, -84.04592676906777600, 1912.420604319468300 ) ) ;
#4349 = CARTESIAN_POINT ( 'NONE',  ( 399.8045020775072100, 132.4999999999881200, 992.1740192475691600 ) ) ;
#4350 = VECTOR ( 'NONE', #2453, 1000.000000000000100 ) ;
#4351 = ORIENTED_EDGE ( 'NONE', *, *, #3305, .T. ) ;
#4352 = LINE ( 'NONE', #530, #441 ) ;
#4353 = ORIENTED_EDGE ( 'NONE', *, *, #1419, .F. ) ;
#4354 = DIRECTION ( 'NONE',  ( -0.2556168193706022700, -0.1568178011770243500, -0.9539749571602286200 ) ) ;
#4355 = LINE ( 'NONE', #1390, #3385 ) ;
#4356 = DIRECTION ( 'NONE',  ( 0.1607425656038194700, 0.0000000000000000000, 0.9869963665602329300 ) ) ;
#4357 = VERTEX_POINT ( 'NONE', #2840 ) ;
#4358 = CIRCLE ( 'NONE', #3555, 310.6121461568333800 ) ;
#4359 = CARTESIAN_POINT ( 'NONE',  ( 443.5874493150373000, 137.6778914487829000, 1791.842612040568800 ) ) ;
#4360 = AXIS2_PLACEMENT_3D ( 'NONE', #1824, #1867, #1821 ) ;
#4361 = CARTESIAN_POINT ( 'NONE',  ( 227.5879493108411400, -48.50000000001132600, 826.1819578143256400 ) ) ;
#4362 = EDGE_LOOP ( 'NONE', ( #3509, #3634, #1351, #4690 ) ) ;
#4363 = LINE ( 'NONE', #3594, #3763 ) ;
#4364 = AXIS2_PLACEMENT_3D ( 'NONE', #2394, #2616, #2341 ) ;
#4365 = ORIENTED_EDGE ( 'NONE', *, *, #1777, .F. ) ;
#4366 = EDGE_CURVE ( 'NONE', #1916, #471, #2603, .T. ) ;
#4367 = LINE ( 'NONE', #4590, #397 ) ;
#4368 = CARTESIAN_POINT ( 'NONE',  ( -4262.022683541780700, -148.0000000000117100, 930.0000000000259200 ) ) ;
#4369 = ORIENTED_EDGE ( 'NONE', *, *, #2716, .F. ) ;
#4370 = DIRECTION ( 'NONE',  ( 0.0000000000000000000, -2.775557561563008100E-015, 1.000000000000000000 ) ) ;
#4371 = ORIENTED_EDGE ( 'NONE', *, *, #1747, .F. ) ;
#4372 = ORIENTED_EDGE ( 'NONE', *, *, #772, .T. ) ;
#4373 = CARTESIAN_POINT ( 'NONE',  ( 339.5246674668245500, 182.4999999999879200, 1082.534691715837900 ) ) ;
#4374 = AXIS2_PLACEMENT_3D ( 'NONE', #2786, #3229, #2772 ) ;
#4375 = ORIENTED_EDGE ( 'NONE', *, *, #4218, .T. ) ;
#4376 = CARTESIAN_POINT ( 'NONE',  ( 436.6315433659448800, 157.4999999999881800, 967.9363974391370700 ) ) ;
#4377 = VERTEX_POINT ( 'NONE', #2821 ) ;
#4378 = EDGE_CURVE ( 'NONE', #4503, #3592, #1648, .T. ) ;
#4379 = CARTESIAN_POINT ( 'NONE',  ( 299.9999999999972700, -48.50000000001129100, 800.0000000000009100 ) ) ;
#4380 = LINE ( 'NONE', #4476, #586 ) ;
#4381 = ORIENTED_EDGE ( 'NONE', *, *, #708, .T. ) ;
#4382 = DIRECTION ( 'NONE',  ( 1.189524669241289600E-015, -1.000000000000000000, -2.775557561563004900E-015 ) ) ;
#4383 = LINE ( 'NONE', #483, #2543 ) ;
#4384 = EDGE_LOOP ( 'NONE', ( #1678, #2135 ) ) ;
#4385 = CARTESIAN_POINT ( 'NONE',  ( 376.6035989024434200, -132.5000000000157700, 2099.310324575024400 ) ) ;
#4386 = STYLED_ITEM ( 'NONE', ( #3227 ), #1746 ) ;
#4387 = EDGE_CURVE ( 'NONE', #2778, #1729, #3685, .T. ) ;
#4388 = EDGE_LOOP ( 'NONE', ( #2162, #1659, #4501, #1784 ) ) ;
#4389 = LINE ( 'NONE', #2661, #1468 ) ;
#4390 = VERTEX_POINT ( 'NONE', #2933 ) ;
#4391 = DIRECTION ( 'NONE',  ( 0.6691306063588609000, -0.0000000000000000000, -0.7431448254773916900 ) ) ;
#4392 = DIRECTION ( 'NONE',  ( -6.703910803126626900E-016, 1.000000000000000000, 3.202979605938280100E-015 ) ) ;
#4393 = ORIENTED_EDGE ( 'NONE', *, *, #1908, .T. ) ;
#4394 = FACE_OUTER_BOUND ( 'NONE', #4246, .T. ) ;
#4395 = CARTESIAN_POINT ( 'NONE',  ( 299.9999999999972700, 105.4999999999887700, 800.0000000000013600 ) ) ;
#4396 = AXIS2_PLACEMENT_3D ( 'NONE', #2650, #2643, #2611 ) ;
#4397 = ORIENTED_EDGE ( 'NONE', *, *, #2564, .T. ) ;
#4398 = DIRECTION ( 'NONE',  ( -0.0000000000000000000, -1.000000000000000000, -2.775557561562888600E-015 ) ) ;
#4399 = CARTESIAN_POINT ( 'NONE',  ( 438.5773502691895900, 185.4999999999878900, 1053.264937187560000 ) ) ;
#4400 = EDGE_LOOP ( 'NONE', ( #4138, #3915, #2842, #4489 ) ) ;
#4401 = VERTEX_POINT ( 'NONE', #2728 ) ;
#4402 = CARTESIAN_POINT ( 'NONE',  ( 299.9999999999972700, 182.4999999999891700, 800.0000000000017100 ) ) ;
#4403 = FACE_OUTER_BOUND ( 'NONE', #1757, .T. ) ;
#4404 = AXIS2_PLACEMENT_3D ( 'NONE', #3737, #3712, #3638 ) ;
#4405 = ORIENTED_EDGE ( 'NONE', *, *, #1600, .T. ) ;
#4406 = VECTOR ( 'NONE', #4296, 1000.000000000000000 ) ;
#4407 =( BOUNDED_CURVE ( )  B_SPLINE_CURVE ( 3, ( #4411, #4359, #4335, #4322 ),
 .UNSPECIFIED., .F., .T. ) 
 B_SPLINE_CURVE_WITH_KNOTS ( ( 4, 4 ),
 ( 4.885714826826748500, 4.909170658773043700 ),
 .UNSPECIFIED. ) 
 CURVE ( )  GEOMETRIC_REPRESENTATION_ITEM ( )  RATIONAL_B_SPLINE_CURVE ( ( 1.000000000000000000, 0.9999541525211497200, 0.9999541525211497200, 1.000000000000000000 ) ) 
 REPRESENTATION_ITEM ( '' )  );
#4408 = CARTESIAN_POINT ( 'NONE',  ( 246.6378172271391000, 132.4999999999854800, 1755.000000000002000 ) ) ;
#4409 = CARTESIAN_POINT ( 'NONE',  ( 316.4308142365022100, 177.4999999999876900, 1088.036086219219900 ) ) ;
#4410 = EDGE_LOOP ( 'NONE', ( #4242, #749, #3518, #858 ) ) ;
#4411 = CARTESIAN_POINT ( 'NONE',  ( 450.0379509725976300, 132.4999999999854800, 1755.000000000002000 ) ) ;
#4412 = FACE_OUTER_BOUND ( 'NONE', #3781, .T. ) ;
#4413 = DIRECTION ( 'NONE',  ( 0.0000000000000000000, -3.277467503750797400E-015, 1.000000000000000000 ) ) ;
#4414 = EDGE_LOOP ( 'NONE', ( #1570, #1107, #84, #1256, #2130, #788, #1125, #3868, #4165, #664, #3602 ) ) ;
#4415 = CYLINDRICAL_SURFACE ( 'NONE', #3697, 599.9999999999998900 ) ;
#4416 = EDGE_CURVE ( 'NONE', #2505, #2589, #3575, .T. ) ;
#4417 = DIRECTION ( 'NONE',  ( -0.0000000000000000000, -1.000000000000000000, -3.491483361109382100E-015 ) ) ;
#4418 = ORIENTED_EDGE ( 'NONE', *, *, #2078, .F. ) ;
#4419 = DIRECTION ( 'NONE',  ( -1.000000000000000000, 0.0000000000000000000, -0.0000000000000000000 ) ) ;
#4420 = VERTEX_POINT ( 'NONE', #2678 ) ;
#4421 = VERTEX_POINT ( 'NONE', #2613 ) ;
#4422 = DIRECTION ( 'NONE',  ( 0.0000000000000000000, -3.491483361109382500E-015, 1.000000000000000000 ) ) ;
#4423 = VERTEX_POINT ( 'NONE', #2629 ) ;
#4424 = CARTESIAN_POINT ( 'NONE',  ( 521.5470771595282700, 105.4999999999885000, 915.8313109744908600 ) ) ;
#4425 = CARTESIAN_POINT ( 'NONE',  ( 436.6315433659448200, 157.4999999999881500, 967.9363974391371800 ) ) ;
#4426 = ORIENTED_EDGE ( 'NONE', *, *, #2479, .T. ) ;
#4427 = CARTESIAN_POINT ( 'NONE',  ( 209.1164621621047700, -27.63528328799593600, 1097.091550303369100 ) ) ;
#4428 = VECTOR ( 'NONE', #3063, 1000.000000000000000 ) ;
#4429 = ORIENTED_EDGE ( 'NONE', *, *, #2479, .F. ) ;
#4430 = DIRECTION ( 'NONE',  ( 0.0000000000000000000, 1.000000000000000000, 3.491483361109382100E-015 ) ) ;
#4431 = CYLINDRICAL_SURFACE ( 'NONE', #4360, 142.5000000000000600 ) ;
#4432 = DIRECTION ( 'NONE',  ( -0.9655948276329318100, -0.02617694830787399900, 0.2587303542799252500 ) ) ;
#4433 = VECTOR ( 'NONE', #3370, 999.9999999999998900 ) ;
#4434 = ORIENTED_EDGE ( 'NONE', *, *, #1798, .F. ) ;
#4435 = AXIS2_PLACEMENT_3D ( 'NONE', #3532, #3556, #3550 ) ;
#4436 = DIRECTION ( 'NONE',  ( 0.0000000000000000000, 1.000000000000000000, 3.491483361109382100E-015 ) ) ;
#4437 = CIRCLE ( 'NONE', #3041, 19.92144223529246400 ) ;
#4438 = CARTESIAN_POINT ( 'NONE',  ( 207.9123225399429200, 67.49999999998792100, 1051.107313354494000 ) ) ;
#4439 = DIRECTION ( 'NONE',  ( 0.5150380749100536000, -3.655747626091713200E-015, 0.8571673007021125600 ) ) ;
#4440 = VERTEX_POINT ( 'NONE', #2775 ) ;
#4441 = CIRCLE ( 'NONE', #3674, 78.99999999999663200 ) ;
#4442 = CARTESIAN_POINT ( 'NONE',  ( 310.9772824533394600, 177.4999999999875800, 1125.617200388853200 ) ) ;
#4443 = AXIS2_PLACEMENT_3D ( 'NONE', #1893, #1852, #1846 ) ;
#4444 = ORIENTED_EDGE ( 'NONE', *, *, #1856, .T. ) ;
#4445 = CARTESIAN_POINT ( 'NONE',  ( 450.0379509725985900, 132.4999999999855000, 1755.000000000001800 ) ) ;
#4446 = EDGE_CURVE ( 'NONE', #1595, #1981, #1406, .T. ) ;
#4447 = CARTESIAN_POINT ( 'NONE',  ( 315.2677708115305100, 132.4999999999877800, 1088.225499868927500 ) ) ;
#4448 = EDGE_LOOP ( 'NONE', ( #4078, #651, #12, #2332, #3047 ) ) ;
#4449 = VERTEX_POINT ( 'NONE', #2557 ) ;
#4450 = EDGE_CURVE ( 'NONE', #1829, #3568, #2467, .T. ) ;
#4451 = VECTOR ( 'NONE', #609, 1000.000000000000000 ) ;
#4452 = CARTESIAN_POINT ( 'NONE',  ( 214.4621796672568600, -132.5000000000118500, 980.7851799587676900 ) ) ;
#4453 = CARTESIAN_POINT ( 'NONE',  ( 260.2275131006895800, -7.255251579047769200, 1051.331267891164800 ) ) ;
#4454 = ORIENTED_EDGE ( 'NONE', *, *, #708, .F. ) ;
#4455 = CARTESIAN_POINT ( 'NONE',  ( 520.7772891662946200, -132.5000000000120800, 1024.682862248951800 ) ) ;
#4456 = CARTESIAN_POINT ( 'NONE',  ( 271.9802886388830000, 49.04003095657827100, 1912.605928123148300 ) ) ;
#4457 = ORIENTED_EDGE ( 'NONE', *, *, #737, .F. ) ;
#4458 = CARTESIAN_POINT ( 'NONE',  ( 299.9999999999972700, -132.5000000000156900, 2080.000000000000500 ) ) ;
#4459 = EDGE_LOOP ( 'NONE', ( #4028, #4285, #87, #3787 ) ) ;
#4460 = VECTOR ( 'NONE', #3206, 1000.000000000000000 ) ;
#4461 = DIRECTION ( 'NONE',  ( 0.8433914458128869400, -0.0000000000000000000, -0.5372996083468218900 ) ) ;
#4462 = ORIENTED_EDGE ( 'NONE', *, *, #1051, .T. ) ;
#4463 = DIRECTION ( 'NONE',  ( -0.005552112817137168400, 0.9993869806673997300, 0.03456641311683984800 ) ) ;
#4464 = VECTOR ( 'NONE', #3269, 1000.000000000000100 ) ;
#4465 = AXIS2_PLACEMENT_3D ( 'NONE', #3075, #3026, #2999 ) ;
#4466 = ORIENTED_EDGE ( 'NONE', *, *, #2555, .T. ) ;
#4467 = DIRECTION ( 'NONE',  ( 0.0000000000000000000, -3.513364001978493200E-015, 1.000000000000000000 ) ) ;
#4468 = CARTESIAN_POINT ( 'NONE',  ( 314.5089961802542000, 132.4999999999876400, 1126.397514054483300 ) ) ;
#4469 = CARTESIAN_POINT ( 'NONE',  ( 315.6997841690209700, 182.4999999999879800, 1005.747845827774900 ) ) ;
#4470 = AXIS2_PLACEMENT_3D ( 'NONE', #1818, #1811, #1803 ) ;
#4471 = ORIENTED_EDGE ( 'NONE', *, *, #598, .F. ) ;
#4472 = EDGE_CURVE ( 'NONE', #3928, #969, #3463, .T. ) ;
#4473 = DIRECTION ( 'NONE',  ( -0.03367423364548023700, -0.9993869806674000600, -0.009576474345366837300 ) ) ;
#4474 = ORIENTED_EDGE ( 'NONE', *, *, #1934, .F. ) ;
#4475 = ORIENTED_EDGE ( 'NONE', *, *, #1839, .T. ) ;
#4476 = CARTESIAN_POINT ( 'NONE',  ( 452.8127294083120700, 132.4999999999878900, 1044.857741006952400 ) ) ;
#4477 = ORIENTED_EDGE ( 'NONE', *, *, #3181, .F. ) ;
#4478 = EDGE_CURVE ( 'NONE', #3386, #3988, #312, .T. ) ;
#4479 = VERTEX_POINT ( 'NONE', #2404 ) ;
#4480 = CARTESIAN_POINT ( 'NONE',  ( 395.2820438583577200, 132.4999999999882300, 958.5759506298920800 ) ) ;
#4481 = LINE ( 'NONE', #4118, #3300 ) ;
#4482 = EDGE_LOOP ( 'NONE', ( #1605, #1631, #2002, #4321, #1763, #764, #4009, #3778, #4220, #3073, #2501, #1625, #1548, #1910, #3320, #725, #2595 ) ) ;
#4483 = CARTESIAN_POINT ( 'NONE',  ( 313.3207169234653400, 148.2328883551747100, 1126.073082407846600 ) ) ;
#4484 = CARTESIAN_POINT ( 'NONE',  ( 239.2125751663325600, 147.9999999999850800, 1865.288230696959300 ) ) ;
#4485 = VECTOR ( 'NONE', #523, 1000.000000000000000 ) ;
#4486 = VERTEX_POINT ( 'NONE', #2331 ) ;
#4487 = CARTESIAN_POINT ( 'NONE',  ( 399.8045020775072100, 182.4999999999880600, 992.1740192475691600 ) ) ;
#4488 = CIRCLE ( 'NONE', #3427, 599.9999999999997700 ) ;
#4489 = ORIENTED_EDGE ( 'NONE', *, *, #998, .T. ) ;
#4490 = AXIS2_PLACEMENT_3D ( 'NONE', #1962, #1900, #1894 ) ;
#4491 = DIRECTION ( 'NONE',  ( -0.04014552724202637100, -0.9991938433769794700, 0.0000000000000000000 ) ) ;
#4492 = ORIENTED_EDGE ( 'NONE', *, *, #815, .F. ) ;
#4493 = CARTESIAN_POINT ( 'NONE',  ( 521.6587655430995500, -84.43035424665009700, 920.5596484175710000 ) ) ;
#4494 = FACE_BOUND ( 'NONE', #4027, .T. ) ;
#4495 = DIRECTION ( 'NONE',  ( -0.9988519961506772100, 0.04013179253256324300, 0.02615586003042074900 ) ) ;
#4496 = CARTESIAN_POINT ( 'NONE',  ( 312.1421717298705400, 163.2495453700383300, 1125.812689014939900 ) ) ;
#4497 = AXIS2_PLACEMENT_3D ( 'NONE', #2897, #2947, #2945 ) ;
#4498 = CIRCLE ( 'NONE', #1319, 4783.737077154221000 ) ;
#4499 = DIRECTION ( 'NONE',  ( 0.0000000000000000000, 1.000000000000000000, 3.491483361109382100E-015 ) ) ;
#4500 = ORIENTED_EDGE ( 'NONE', *, *, #2099, .F. ) ;
#4501 = ORIENTED_EDGE ( 'NONE', *, *, #3574, .T. ) ;
#4502 = EDGE_CURVE ( 'NONE', #848, #1116, #3239, .T. ) ;
#4503 = VERTEX_POINT ( 'NONE', #2253 ) ;
#4504 = LINE ( 'NONE', #2428, #2935 ) ;
#4505 = DIRECTION ( 'NONE',  ( -0.03245344186786020700, 0.9994718956726942300, 0.001644345268003207900 ) ) ;
#4506 = DIRECTION ( 'NONE',  ( 0.6327053285625118300, -0.0000000000000000000, 0.7743926440821890000 ) ) ;
#4507 = EDGE_LOOP ( 'NONE', ( #1067, #4224, #1752, #3822 ) ) ;
#4508 = EDGE_CURVE ( 'NONE', #4173, #2505, #2206, .T. ) ;
#4509 = LINE ( 'NONE', #4079, #3803 ) ;
#4510 = CARTESIAN_POINT ( 'NONE',  ( 299.9999999999973300, 147.9999999999841700, 2130.000000000001400 ) ) ;
#4511 = EDGE_LOOP ( 'NONE', ( #1890, #4085, #1358, #2796, #2142, #4327 ) ) ;
#4512 = LINE ( 'NONE', #30, #2682 ) ;
#4513 = CARTESIAN_POINT ( 'NONE',  ( 452.1656384154688900, 185.4999999999879200, 1046.710725040064500 ) ) ;
#4514 = EDGE_LOOP ( 'NONE', ( #4591, #2901, #3920, #2785 ) ) ;
#4515 = AXIS2_PLACEMENT_3D ( 'NONE', #1095, #1336, #1320 ) ;
#4516 = VECTOR ( 'NONE', #1464, 1000.000000000000300 ) ;
#4517 = ORIENTED_EDGE ( 'NONE', *, *, #2132, .T. ) ;
#4518 = VERTEX_POINT ( 'NONE', #2156 ) ;
#4519 = CARTESIAN_POINT ( 'NONE',  ( 368.9999999999969300, 109.9999999999845500, 1950.000000000002500 ) ) ;
#4520 = AXIS2_PLACEMENT_3D ( 'NONE', #3879, #3834, #3853 ) ;
#4521 = DIRECTION ( 'NONE',  ( 0.0000000000000000000, 1.000000000000000000, 3.491483361109382100E-015 ) ) ;
#4522 = ORIENTED_EDGE ( 'NONE', *, *, #2976, .F. ) ;
#4523 = EDGE_CURVE ( 'NONE', #3390, #1697, #4234, .T. ) ;
#4524 = ORIENTED_EDGE ( 'NONE', *, *, #2703, .T. ) ;
#4525 = CARTESIAN_POINT ( 'NONE',  ( 281.9999999999972700, 44.49999999998946300, 600.0000000000013600 ) ) ;
#4526 = CARTESIAN_POINT ( 'NONE',  ( 241.8249861761684900, 83.23538991137466800, 1835.541311410120700 ) ) ;
#4527 = DIRECTION ( 'NONE',  ( 0.9844702839913744800, -0.1736481776669245300, -0.02577926164378576900 ) ) ;
#4528 = CARTESIAN_POINT ( 'NONE',  ( 260.2275131006912300, -132.5000000000121100, 1051.331267891164800 ) ) ;
#4529 = ORIENTED_EDGE ( 'NONE', *, *, #1441, .F. ) ;
#4530 = CARTESIAN_POINT ( 'NONE',  ( 474.5938630796955500, 157.4999999999880600, 1014.399956084068400 ) ) ;
#4531 = LINE ( 'NONE', #2979, #4428 ) ;
#4532 = PLANE ( 'NONE',  #4684 ) ;
#4533 = EDGE_CURVE ( 'NONE', #2374, #3885, #3671, .T. ) ;
#4534 = LINE ( 'NONE', #3028, #3690 ) ;
#4535 = CARTESIAN_POINT ( 'NONE',  ( 284.4023523141938800, 157.4999999999879800, 1015.934077009781700 ) ) ;
#4536 = VERTEX_POINT ( 'NONE', #2176 ) ;
#4537 = DIRECTION ( 'NONE',  ( 0.0000000000000000000, 3.491483361109382500E-015, -1.000000000000000000 ) ) ;
#4538 = CARTESIAN_POINT ( 'NONE',  ( 456.3942450438938700, 157.4999999999880600, 1041.949979565261400 ) ) ;
#4539 = VERTEX_POINT ( 'NONE', #2102 ) ;
#4540 = CARTESIAN_POINT ( 'NONE',  ( 329.0240529160454900, 157.4999999999879800, 1013.985851487323400 ) ) ;
#4541 = CARTESIAN_POINT ( 'NONE',  ( 235.9793230400174200, 48.06405698846448600, 1922.252357782105500 ) ) ;
#4542 = EDGE_LOOP ( 'NONE', ( #1133, #3962 ) ) ;
#4543 = VECTOR ( 'NONE', #3999, 1000.000000000000000 ) ;
#4544 = SURFACE_STYLE_FILL_AREA ( #2885 ) ;
#4545 = ORIENTED_EDGE ( 'NONE', *, *, #205, .T. ) ;
#4546 = CYLINDRICAL_SURFACE ( 'NONE', #3215, 76.99999999999995700 ) ;
#4547 = CIRCLE ( 'NONE', #2384, 69.99999999999705800 ) ;
#4548 = DIRECTION ( 'NONE',  ( 0.0000000000000000000, -1.000000000000000000, -3.491483361109382500E-015 ) ) ;
#4549 = CARTESIAN_POINT ( 'NONE',  ( 209.1164621621047700, 36.99999999998774300, 1097.091550303369300 ) ) ;
#4550 = EDGE_LOOP ( 'NONE', ( #1053, #3564, #3043, #4317, #4125 ) ) ;
#4551 = CARTESIAN_POINT ( 'NONE',  ( 429.6481824324043800, 185.4999999999879200, 1057.571856475175100 ) ) ;
#4552 = EDGE_LOOP ( 'NONE', ( #364, #1458, #96, #1151 ) ) ;
#4553 = DIRECTION ( 'NONE',  ( -0.5511924129318346300, -0.0000000000000000000, 0.8343781660172933100 ) ) ;
#4554 = LINE ( 'NONE', #3506, #3616 ) ;
#4555 = EDGE_CURVE ( 'NONE', #2951, #1515, #207, .T. ) ;
#4556 = ORIENTED_EDGE ( 'NONE', *, *, #2602, .T. ) ;
#4557 = CARTESIAN_POINT ( 'NONE',  ( 299.9999999999972700, 94.99999999998431100, 2080.000000000001400 ) ) ;
#4558 = LINE ( 'NONE', #3898, #3001 ) ;
#4559 = DIRECTION ( 'NONE',  ( 0.9060137184700098900, -0.02456172464464338000, -0.4225350442586112700 ) ) ;
#4560 = B_SPLINE_CURVE_WITH_KNOTS ( 'NONE', 3,
 ( #2609, #2624, #4570, #2506 ),
 .UNSPECIFIED., .F., .F.,
 ( 4, 4 ),
 ( 1.665334536937734800E-016, 0.003001912125757769900 ),
 .UNSPECIFIED. ) ;
#4561 = CARTESIAN_POINT ( 'NONE',  ( 299.9999999999972700, 79.49999999995056000, 800.0000000000011400 ) ) ;
#4562 = CARTESIAN_POINT ( 'NONE',  ( 207.9123225399429200, 36.99999999998780000, 1051.107313354493700 ) ) ;
#4563 = VERTEX_POINT ( 'NONE', #2068 ) ;
#4564 = VECTOR ( 'NONE', #3065, 1000.000000000000000 ) ;
#4565 = PLANE ( 'NONE',  #2528 ) ;
#4566 = CARTESIAN_POINT ( 'NONE',  ( 210.2592446005194200, -82.37965336241006800, 1850.262536643051600 ) ) ;
#4567 = ORIENTED_EDGE ( 'NONE', *, *, #2756, .T. ) ;
#4568 = EDGE_LOOP ( 'NONE', ( #4227, #2780, #4074, #681 ) ) ;
#4569 = DIRECTION ( 'NONE',  ( -0.01220090069433426600, 0.9993150019883696400, 0.03493801401384538700 ) ) ;
#4570 = CARTESIAN_POINT ( 'NONE',  ( 423.1182307825752700, 183.5000000691889300, 1085.226830051651200 ) ) ;
#4571 = AXIS2_PLACEMENT_3D ( 'NONE', #1919, #1915, #1911 ) ;
#4572 = ORIENTED_EDGE ( 'NONE', *, *, #3432, .F. ) ;
#4573 = EDGE_LOOP ( 'NONE', ( #1601, #1970, #901, #1030 ) ) ;
#4574 = VERTEX_POINT ( 'NONE', #1935 ) ;
#4575 = CARTESIAN_POINT ( 'NONE',  ( 271.7234368343727100, 84.04592676903743600, 1912.420604319469000 ) ) ;
#4576 = CARTESIAN_POINT ( 'NONE',  ( 474.5938630796956700, 157.4999999999881800, 1014.399956084068400 ) ) ;
#4577 = AXIS2_PLACEMENT_3D ( 'NONE', #3806, #3846, #3812 ) ;
#4578 = CARTESIAN_POINT ( 'NONE',  ( 448.8111071708380600, -110.0000000000144800, 1761.976814352561200 ) ) ;
#4579 = EDGE_CURVE ( 'NONE', #3687, #1829, #1035, .T. ) ;
#4580 = VERTEX_POINT ( 'NONE', #1785 ) ;
#4581 = CARTESIAN_POINT ( 'NONE',  ( 299.9999999999972700, -48.50000000001126200, 800.0000000000009100 ) ) ;
#4582 = DIRECTION ( 'NONE',  ( 1.665334536937728100E-015, -1.000000000000000000, -4.718447854656902700E-015 ) ) ;
#4583 = CARTESIAN_POINT ( 'NONE',  ( 456.3942450438938200, 157.4999999999879800, 1041.949979565261400 ) ) ;
#4584 = DIRECTION ( 'NONE',  ( 0.0000000000000000000, -1.000000000000000000, -3.491483361109382100E-015 ) ) ;
#4585 = CIRCLE ( 'NONE', #2807, 50.00000000000004300 ) ;
#4586 = VERTEX_POINT ( 'NONE', #1879 ) ;
#4587 = VECTOR ( 'NONE', #515, 1000.000000000000000 ) ;
#4588 = ORIENTED_EDGE ( 'NONE', *, *, #1377, .T. ) ;
#4589 = LINE ( 'NONE', #4456, #3815 ) ;
#4590 = CARTESIAN_POINT ( 'NONE',  ( 280.6443930525148900, 132.4999999999879500, 1075.337170999800500 ) ) ;
#4591 = ORIENTED_EDGE ( 'NONE', *, *, #3100, .T. ) ;
#4592 = CARTESIAN_POINT ( 'NONE',  ( 466.0961017956731800, -82.50000000001209300, 1021.890729746093900 ) ) ;
#4593 =( NAMED_UNIT ( * ) SI_UNIT ( $, .STERADIAN. ) SOLID_ANGLE_UNIT ( ) );
#4594 = DIRECTION ( 'NONE',  ( 0.0000000000000000000, 4.718447854656911400E-015, -1.000000000000000000 ) ) ;
#4595 = CYLINDRICAL_SURFACE ( 'NONE', #307, 49.99999999999982200 ) ;
#4596 = CARTESIAN_POINT ( 'NONE',  ( 299.9999999999972700, -48.50000000001096400, 723.0000000000010200 ) ) ;
#4597 = AXIS2_PLACEMENT_3D ( 'NONE', #4561, #4582, #4594 ) ;
#4598 = LINE ( 'NONE', #3783, #1122 ) ;
#4599 = LINE ( 'NONE', #202, #1973 ) ;
#4600 = EDGE_LOOP ( 'NONE', ( #3069, #224, #2577, #3809, #375, #2308, #2526, #3220 ) ) ;
#4601 = VECTOR ( 'NONE', #2617, 1000.000000000000100 ) ;
#4602 =( NAMED_UNIT ( * ) PLANE_ANGLE_UNIT ( ) SI_UNIT ( $, .RADIAN. ) );
#4603 = EDGE_CURVE ( 'NONE', #975, #1461, #1144, .T. ) ;
#4604 = CARTESIAN_POINT ( 'NONE',  ( 400.0055102828719100, 182.4999999999878400, 1065.690219985285000 ) ) ;
#4605 = ORIENTED_EDGE ( 'NONE', *, *, #3257, .T. ) ;
#4606 = ORIENTED_EDGE ( 'NONE', *, *, #2652, .T. ) ;
#4607 =( LENGTH_UNIT ( ) NAMED_UNIT ( * ) SI_UNIT ( .MILLI., .METRE. ) );
#4608 = CARTESIAN_POINT ( 'NONE',  ( 521.7143936124422200, -86.37633904344998800, 925.2822102838918000 ) ) ;
#4609 = CARTESIAN_POINT ( 'NONE',  ( 320.0363916217940500, 177.4999999999893400, 1110.175161611396100 ) ) ;
#4610 = ORIENTED_EDGE ( 'NONE', *, *, #3731, .F. ) ;
#4611 = FACE_BOUND ( 'NONE', #1442, .T. ) ;
#4612 = CARTESIAN_POINT ( 'NONE',  ( 243.3896697863889100, 109.9999999999853100, 1805.904285945790000 ) ) ;
#4613 = LINE ( 'NONE', #1901, #2790 ) ;
#4614 = EDGE_LOOP ( 'NONE', ( #1031, #3355, #4331, #3572 ) ) ;
#4615 = CIRCLE ( 'NONE', #393, 80.00000000000007100 ) ;
#4616 = SURFACE_STYLE_USAGE ( .BOTH. , #4624 ) ;
#4617 = ORIENTED_EDGE ( 'NONE', *, *, #4263, .T. ) ;
#4618 = CARTESIAN_POINT ( 'NONE',  ( 320.1465162871745600, 182.4999999999901700, 1110.036822627174800 ) ) ;
#4619 = FACE_OUTER_BOUND ( 'NONE', #4050, .T. ) ;
#4620 = DIRECTION ( 'NONE',  ( 0.0000000000000000000, 3.469446951953611000E-015, -1.000000000000000000 ) ) ;
#4621 = CARTESIAN_POINT ( 'NONE',  ( 315.2677708115304500, 132.4999999999878100, 1088.225499868927700 ) ) ;
#4622 = ORIENTED_EDGE ( 'NONE', *, *, #1999, .T. ) ;
#4623 = ORIENTED_EDGE ( 'NONE', *, *, #4450, .F. ) ;
#4624 = SURFACE_SIDE_STYLE ('',( #1721 ) ) ;
#4625 = DIRECTION ( 'NONE',  ( 0.0000000000000000000, -1.000000000000000000, -3.491483361109382500E-015 ) ) ;
#4626 = FACE_OUTER_BOUND ( 'NONE', #2839, .T. ) ;
#4627 = VERTEX_POINT ( 'NONE', #1688 ) ;
#4628 = EDGE_LOOP ( 'NONE', ( #3873, #2749, #82, #4677 ) ) ;
#4629 = DIRECTION ( 'NONE',  ( 0.9006982393225874100, 0.0000000000000000000, -0.4344452574044180800 ) ) ;
#4630 = ORIENTED_EDGE ( 'NONE', *, *, #2898, .F. ) ;
#4631 = FILL_AREA_STYLE ('',( #4662 ) ) ;
#4632 = LINE ( 'NONE', #3244, #743 ) ;
#4633 = CARTESIAN_POINT ( 'NONE',  ( 180.2470515341606500, -48.50000000001211500, 1053.099251942274800 ) ) ;
#4634 = FACE_OUTER_BOUND ( 'NONE', #1588, .T. ) ;
#4635 = VERTEX_POINT ( 'NONE', #1802 ) ;
#4636 = DIRECTION ( 'NONE',  ( 0.8433914458128868300, -0.0000000000000000000, -0.5372996083468220000 ) ) ;
#4637 = DIRECTION ( 'NONE',  ( 0.0000000000000000000, -2.775557561562889000E-015, 1.000000000000000000 ) ) ;
#4638 = CIRCLE ( 'NONE', #2871, 76.99999999999995700 ) ;
#4639 = ORIENTED_EDGE ( 'NONE', *, *, #3574, .F. ) ;
#4640 = CARTESIAN_POINT ( 'NONE',  ( 320.1098092928273800, 180.8333335140174500, 1110.082943129282300 ) ) ;
#4641 = DIRECTION ( 'NONE',  ( 0.0000000000000000000, 4.718447854656911400E-015, -1.000000000000000000 ) ) ;
#4642 = CIRCLE ( 'NONE', #3074, 76.99999999999995700 ) ;
#4643 = ORIENTED_EDGE ( 'NONE', *, *, #1798, .T. ) ;
#4644 = LINE ( 'NONE', #3942, #4543 ) ;
#4645 = VERTEX_POINT ( 'NONE', #1716 ) ;
#4646 = DIRECTION ( 'NONE',  ( 0.0000000000000000000, 1.000000000000000000, 2.764698136279027600E-015 ) ) ;
#4647 = AXIS2_PLACEMENT_3D ( 'NONE', #2713, #2712, #2707 ) ;
#4648 = CARTESIAN_POINT ( 'NONE',  ( 320.0731010705618500, 179.1666668472465200, 1110.129056121141300 ) ) ;
#4649 = DIRECTION ( 'NONE',  ( -0.02752746094923171800, 0.9994718956726939000, 0.01726756074609575600 ) ) ;
#4650 = VECTOR ( 'NONE', #3964, 1000.000000000000100 ) ;
#4651 = DIRECTION ( 'NONE',  ( 0.0000000000000000000, 1.000000000000000000, 3.491483361109382100E-015 ) ) ;
#4652 = CARTESIAN_POINT ( 'NONE',  ( 400.7402733105312200, 182.4999999999880100, 1085.676718510368800 ) ) ;
#4653 = DIRECTION ( 'NONE',  ( 0.1607425656038264600, -0.0000000000000000000, 0.9869963665602319300 ) ) ;
#4654 = VERTEX_POINT ( 'NONE', #1531 ) ;
#4655 = FACE_OUTER_BOUND ( 'NONE', #240, .T. ) ;
#4656 = AXIS2_PLACEMENT_3D ( 'NONE', #2274, #2261, #2256 ) ;
#4657 = ORIENTED_EDGE ( 'NONE', *, *, #356, .F. ) ;
#4658 = DIRECTION ( 'NONE',  ( 0.01220090069433336900, 0.9993150019883698700, -0.03493801401384043200 ) ) ;
#4659 = VECTOR ( 'NONE', #1561, 1000.000000000000100 ) ;
#4660 = ORIENTED_EDGE ( 'NONE', *, *, #3782, .F. ) ;
#4661 =( GEOMETRIC_REPRESENTATION_CONTEXT ( 3 ) GLOBAL_UNCERTAINTY_ASSIGNED_CONTEXT ( ( #3502 ) ) GLOBAL_UNIT_ASSIGNED_CONTEXT ( ( #1938, #1933, #1931 ) ) REPRESENTATION_CONTEXT ( 'NONE', 'WORKASPACE' ) );
#4662 = FILL_AREA_STYLE_COLOUR ( '', #703 ) ;
#4663 = VECTOR ( 'NONE', #2881, 1000.000000000000100 ) ;
#4664 = EDGE_CURVE ( 'NONE', #3144, #1741, #2080, .T. ) ;
#4665 = CARTESIAN_POINT ( 'NONE',  ( 429.3732978642162800, 157.4999999999879800, 1054.983337287393900 ) ) ;
#4666 = ORIENTED_EDGE ( 'NONE', *, *, #4478, .F. ) ;
#4667 = LINE ( 'NONE', #3253, #624 ) ;
#4668 = DIRECTION ( 'NONE',  ( -0.01786657392526738400, 0.9996313384200477000, -0.02044438271792367600 ) ) ;
#4669 = EDGE_CURVE ( 'NONE', #156, #3544, #3927, .T. ) ;
#4670 = VERTEX_POINT ( 'NONE', #1557 ) ;
#4671 = CARTESIAN_POINT ( 'NONE',  ( 310.6661415115063400, 157.4999999999878100, 1087.897874114654300 ) ) ;
#4672 = ORIENTED_EDGE ( 'NONE', *, *, #405, .F. ) ;
#4673 = CIRCLE ( 'NONE', #1298, 310.6907039215409400 ) ;
#4674 = CARTESIAN_POINT ( 'NONE',  ( 280.6443930525148300, 132.4999999999879500, 1075.337170999800500 ) ) ;
#4675 = VERTEX_POINT ( 'NONE', #1921 ) ;
#4676 = EDGE_CURVE ( 'NONE', #1395, #4401, #92, .T. ) ;
#4677 = ORIENTED_EDGE ( 'NONE', *, *, #3358, .F. ) ;
#4678 = ORIENTED_EDGE ( 'NONE', *, *, #4106, .T. ) ;
#4679 = ORIENTED_EDGE ( 'NONE', *, *, #3583, .F. ) ;
#4680 = EDGE_CURVE ( 'NONE', #3083, #848, #1949, .T. ) ;
#4681 = ORIENTED_EDGE ( 'NONE', *, *, #1106, .T. ) ;
#4682 = CARTESIAN_POINT ( 'NONE',  ( 399.2707472552124300, 182.4999999999878400, 1045.703721460201000 ) ) ;
#4683 = VECTOR ( 'NONE', #1365, 1000.000000000000000 ) ;
#4684 = AXIS2_PLACEMENT_3D ( 'NONE', #4694, #4495, #4491 ) ;
#4685 = ORIENTED_EDGE ( 'NONE', *, *, #2625, .T. ) ;
#4686 = MECHANICAL_DESIGN_GEOMETRIC_PRESENTATION_REPRESENTATION (  '', ( #2010 ), #4661 ) ;
#4687 = EDGE_CURVE ( 'NONE', #2540, #4197, #409, .T. ) ;
#4688 = VECTOR ( 'NONE', #1410, 1000.000000000000200 ) ;
#4689 = FACE_OUTER_BOUND ( 'NONE', #2651, .T. ) ;
#4690 = ORIENTED_EDGE ( 'NONE', *, *, #1514, .T. ) ;
#4691 = CARTESIAN_POINT ( 'NONE',  ( 359.4539964426677400, -48.50000000001106300, 751.0692090091031300 ) ) ;
#4692 = LINE ( 'NONE', #665, #3034 ) ;
#4693 = VERTEX_POINT ( 'NONE', #1472 ) ;
#4694 = CARTESIAN_POINT ( 'NONE',  ( 261.0986430608337500, -1.226534162351400600E-011, 1095.730348991360200 ) ) ;
ENDSEC;
END-ISO-10303-21;
