ISO-10303-21;
HEADER;
FILE_DESCRIPTION (( 'STEP AP214' ),
    '1' );
FILE_NAME ('IRB660_180-315_LINK3b_CAD_rev02.STEP',
    '2016-12-02T12:01:42',
    ( 'ABB' ),
    ( 'ABB' ),
    'SwSTEP 2.0',
    'SolidWorks 2014',
    '' );
FILE_SCHEMA (( 'AUTOMOTIVE_DESIGN' ));
ENDSEC;

DATA;
#1 = CARTESIAN_POINT ( 'NONE',  ( 1686.398592826367800, 129.7333671374013300, 2084.241831191901800 ) ) ;
#2 = ORIENTED_EDGE ( 'NONE', *, *, #249, .T. ) ;
#3 = DIRECTION ( 'NONE',  ( -1.000000000000000000, -3.182809934755971400E-025, 9.115924681779572100E-011 ) ) ;
#4 = ORIENTED_EDGE ( 'NONE', *, *, #7766, .F. ) ;
#5 = ORIENTED_EDGE ( 'NONE', *, *, #1109, .F. ) ;
#6 = DIRECTION ( 'NONE',  ( -9.115878422486879800E-011, 3.491483361109382100E-015, -1.000000000000000000 ) ) ;
#7 = CARTESIAN_POINT ( 'NONE',  ( 1673.891445334239700, 129.5851962966532100, 2004.814795922753500 ) ) ;
#8 = LINE ( 'NONE', #2470, #7023 ) ;
#9 = ORIENTED_EDGE ( 'NONE', *, *, #6085, .T. ) ;
#10 = CARTESIAN_POINT ( 'NONE',  ( 1829.160540857791400, 26.83480033194931400, 1885.500000009618400 ) ) ;
#11 = EDGE_CURVE ( 'NONE', #822, #8511, #3718, .T. ) ;
#12 = ORIENTED_EDGE ( 'NONE', *, *, #6029, .F. ) ;
#13 = ORIENTED_EDGE ( 'NONE', *, *, #3317, .F. ) ;
#14 = DIRECTION ( 'NONE',  ( 0.0000000000000000000, 1.000000000000000000, 0.0000000000000000000 ) ) ;
#15 = EDGE_CURVE ( 'NONE', #8477, #2254, #6837, .T. ) ;
#16 = AXIS2_PLACEMENT_3D ( 'NONE', #3627, #8137, #7438 ) ;
#17 = CARTESIAN_POINT ( 'NONE',  ( 1967.999999953214000, 91.77999999955527200, 1926.294971773100500 ) ) ;
#18 = DIRECTION ( 'NONE',  ( -0.0000000000000000000, 1.000000000000000000, 3.491483361109382500E-015 ) ) ;
#19 = VERTEX_POINT ( 'NONE', #4374 ) ;
#20 = CARTESIAN_POINT ( 'NONE',  ( 1985.276378314607000, 64.78284491844910100, 1919.000000002325800 ) ) ;
#21 = VERTEX_POINT ( 'NONE', #4251 ) ;
#22 = ORIENTED_EDGE ( 'NONE', *, *, #3189, .F. ) ;
#23 = VECTOR ( 'NONE', #6843, 1000.000000000000100 ) ;
#24 = ORIENTED_EDGE ( 'NONE', *, *, #5014, .F. ) ;
#25 = ORIENTED_EDGE ( 'NONE', *, *, #2655, .T. ) ;
#26 = CARTESIAN_POINT ( 'NONE',  ( 1994.999999967201800, -104.0871524983935500, 2305.000000026026600 ) ) ;
#27 = CIRCLE ( 'NONE', #6345, 617.3453722297599600 ) ;
#28 = EDGE_CURVE ( 'NONE', #3121, #167, #188, .T. ) ;
#29 = CARTESIAN_POINT ( 'NONE',  ( 1814.999999952526000, 94.99999999999323600, 1953.800000002324900 ) ) ;
#30 = VECTOR ( 'NONE', #6891, 1000.000000000000000 ) ;
#31 = CARTESIAN_POINT ( 'NONE',  ( 1948.992854323284500, -125.3630688605209000, 2388.088944298553500 ) ) ;
#32 = CARTESIAN_POINT ( 'NONE',  ( 1663.107719958326500, 129.7880364933059800, 2011.491280447512300 ) ) ;
#33 = CARTESIAN_POINT ( 'NONE',  ( 1984.542909608135200, 65.63128458764558100, 1919.000000002323800 ) ) ;
#34 = CARTESIAN_POINT ( 'NONE',  ( 1724.801872398843900, 129.7810507115502200, 2104.050630749639800 ) ) ;
#35 = DIRECTION ( 'NONE',  ( -1.000000000000000000, -0.0000000000000000000, -0.0000000000000000000 ) ) ;
#36 = AXIS2_PLACEMENT_3D ( 'NONE', #5739, #1691, #6343 ) ;
#37 = ORIENTED_EDGE ( 'NONE', *, *, #6482, .T. ) ;
#38 = LINE ( 'NONE', #4001, #5606 ) ;
#39 = CARTESIAN_POINT ( 'NONE',  ( 1938.999999968874100, 64.99999999999634800, 2081.000000008745200 ) ) ;
#40 = LINE ( 'NONE', #1142, #3731 ) ;
#41 = CARTESIAN_POINT ( 'NONE',  ( 1641.999999967202500, 107.4999999999966900, 1995.000000003669600 ) ) ;
#42 = DIRECTION ( 'NONE',  ( 0.2219438358884930900, 0.05103066878236220400, 0.9737231662822479800 ) ) ;
#43 = CARTESIAN_POINT ( 'NONE',  ( 1712.906034026842000, 129.5851962966530100, 2067.830385722304500 ) ) ;
#44 = EDGE_CURVE ( 'NONE', #8061, #3016, #3510, .T. ) ;
#45 = DIRECTION ( 'NONE',  ( -0.5264027796015927600, 2.968582502070803400E-015, -0.8502353283813352000 ) ) ;
#46 = ORIENTED_EDGE ( 'NONE', *, *, #1837, .T. ) ;
#47 = DIRECTION ( 'NONE',  ( -1.000000000000000000, 0.0000000000000000000, 0.0000000000000000000 ) ) ;
#48 = ADVANCED_FACE ( 'NONE', ( #8639 ), #1318, .F. ) ;
#49 = FACE_OUTER_BOUND ( 'NONE', #4560, .T. ) ;
#50 = CARTESIAN_POINT ( 'NONE',  ( 1946.829577122111900, -130.4207028364589600, 2358.020774212580800 ) ) ;
#51 = VERTEX_POINT ( 'NONE', #4009 ) ;
#52 = AXIS2_PLACEMENT_3D ( 'NONE', #7579, #4413, #5667 ) ;
#53 = ORIENTED_EDGE ( 'NONE', *, *, #4975, .F. ) ;
#54 = DIRECTION ( 'NONE',  ( 0.0000000000000000000, -0.0000000000000000000, 1.000000000000000000 ) ) ;
#55 = EDGE_CURVE ( 'NONE', #718, #94, #6636, .T. ) ;
#56 = PLANE ( 'NONE',  #1983 ) ;
#57 = B_SPLINE_CURVE_WITH_KNOTS ( 'NONE', 3,
 ( #3125, #6936, #3101, #7600 ),
 .UNSPECIFIED., .F., .F.,
 ( 4, 4 ),
 ( 0.0000000000000000000, 0.006718888162995212100 ),
 .UNSPECIFIED. ) ;
#58 = LINE ( 'NONE', #6850, #5625 ) ;
#59 = EDGE_CURVE ( 'NONE', #4934, #8685, #3280, .T. ) ;
#60 = CARTESIAN_POINT ( 'NONE',  ( 1697.593142457037600, -80.00000000000336800, 2016.425645147677400 ) ) ;
#61 = DIRECTION ( 'NONE',  ( -0.0000000000000000000, 1.000000000000000000, 3.491483361109382500E-015 ) ) ;
#62 = VERTEX_POINT ( 'NONE', #3983 ) ;
#63 = CARTESIAN_POINT ( 'NONE',  ( 1994.719999397111500, -136.0000000000241000, 2369.254424353543500 ) ) ;
#64 = CARTESIAN_POINT ( 'NONE',  ( 1719.091790829318600, 129.7792128438464400, 2107.585890588432900 ) ) ;
#65 = ORIENTED_EDGE ( 'NONE', *, *, #6747, .T. ) ;
#66 = CARTESIAN_POINT ( 'NONE',  ( 1989.506297372192200, 59.51045046132438900, 1919.000000002325800 ) ) ;
#67 = DIRECTION ( 'NONE',  ( 0.0000000000000000000, -5.676545846528998100E-015, 1.000000000000000000 ) ) ;
#68 = VECTOR ( 'NONE', #2224, 1000.000000000000000 ) ;
#69 = CARTESIAN_POINT ( 'NONE',  ( 1994.999999967202500, -104.5000000000000000, 2330.000000026027900 ) ) ;
#70 = DIRECTION ( 'NONE',  ( 3.182802359415013000E-025, 3.491475051101102100E-015, -1.000000000000000000 ) ) ;
#71 = ORIENTED_EDGE ( 'NONE', *, *, #7823, .T. ) ;
#72 = DIRECTION ( 'NONE',  ( 0.7071067810758736600, 0.7071067812972213800, 4.726805867278148200E-015 ) ) ;
#73 = CARTESIAN_POINT ( 'NONE',  ( 1786.324098023894500, -86.00924963875303300, 1934.434543977360800 ) ) ;
#74 = EDGE_CURVE ( 'NONE', #7985, #2110, #5006, .T. ) ;
#75 = CARTESIAN_POINT ( 'NONE',  ( 1624.206263766724500, -3.453088867333897200E-012, 2038.338468935340900 ) ) ;
#76 = EDGE_LOOP ( 'NONE', ( #8065, #1765, #807, #836, #1834, #1656 ) ) ;
#77 = CARTESIAN_POINT ( 'NONE',  ( 1847.783225161953400, -29.00000000000217100, 1726.941558780839200 ) ) ;
#78 = LINE ( 'NONE', #3382, #8481 ) ;
#79 = CARTESIAN_POINT ( 'NONE',  ( 1994.719999397111700, -136.0000000000063400, 2369.254424353543100 ) ) ;
#80 = EDGE_CURVE ( 'NONE', #1833, #1524, #8224, .T. ) ;
#81 = CARTESIAN_POINT ( 'NONE',  ( 1909.999999952525700, 91.26203889663128200, 1919.000000002324900 ) ) ;
#82 = AXIS2_PLACEMENT_3D ( 'NONE', #3220, #2562, #7078 ) ;
#83 = EDGE_LOOP ( 'NONE', ( #1887, #4895, #3563, #8031, #596, #2758 ) ) ;
#84 = ORIENTED_EDGE ( 'NONE', *, *, #2399, .F. ) ;
#85 = ORIENTED_EDGE ( 'NONE', *, *, #136, .F. ) ;
#86 = ORIENTED_EDGE ( 'NONE', *, *, #2165, .F. ) ;
#87 = ORIENTED_EDGE ( 'NONE', *, *, #1349, .F. ) ;
#88 = CARTESIAN_POINT ( 'NONE',  ( 1959.535444497731300, -130.2622683845349300, 2334.808650836991100 ) ) ;
#89 = LINE ( 'NONE', #7953, #5445 ) ;
#90 = CARTESIAN_POINT ( 'NONE',  ( 1829.160540857788400, -40.13480033194855400, 1895.000000009617200 ) ) ;
#91 = CARTESIAN_POINT ( 'NONE',  ( 1716.873959565789600, 79.99999999999668900, 2004.488390389799400 ) ) ;
#92 = CARTESIAN_POINT ( 'NONE',  ( 1994.583383389408700, 52.13752870833446500, 1919.000000002325100 ) ) ;
#93 = ORIENTED_EDGE ( 'NONE', *, *, #1766, .F. ) ;
#94 = VERTEX_POINT ( 'NONE', #3787 ) ;
#95 = AXIS2_PLACEMENT_3D ( 'NONE', #4283, #4254, #4222 ) ;
#96 = ORIENTED_EDGE ( 'NONE', *, *, #1037, .F. ) ;
#97 = AXIS2_PLACEMENT_3D ( 'NONE', #5018, #834, #5651 ) ;
#98 = LINE ( 'NONE', #1411, #7105 ) ;
#99 = CARTESIAN_POINT ( 'NONE',  ( 1814.999999952526000, 94.99999999999330700, 1931.300000002324900 ) ) ;
#100 = CARTESIAN_POINT ( 'NONE',  ( 1660.026785513068700, 129.6416757245110600, 2100.569302198389800 ) ) ;
#101 = ADVANCED_FACE ( 'NONE', ( #6446 ), #2821, .T. ) ;
#102 = CARTESIAN_POINT ( 'NONE',  ( 1968.112189950456700, 80.65041132203008100, 1919.000000002324700 ) ) ;
#103 = DIRECTION ( 'NONE',  ( 0.0000000000000000000, 1.000000000000000000, 0.0000000000000000000 ) ) ;
#104 = EDGE_CURVE ( 'NONE', #1535, #8072, #3615, .T. ) ;
#105 = EDGE_LOOP ( 'NONE', ( #921, #7436, #2012, #7233, #7306 ) ) ;
#106 = CARTESIAN_POINT ( 'NONE',  ( 1938.499999952526200, -106.3000000000065900, 1891.000000002324400 ) ) ;
#107 = ORIENTED_EDGE ( 'NONE', *, *, #1164, .T. ) ;
#108 = ORIENTED_EDGE ( 'NONE', *, *, #7142, .F. ) ;
#109 = LINE ( 'NONE', #4484, #8709 ) ;
#110 = CARTESIAN_POINT ( 'NONE',  ( 1971.968256497921400, -85.93004004556759400, 1955.211436321852500 ) ) ;
#111 = CARTESIAN_POINT ( 'NONE',  ( 1732.413328373143000, 129.5851962966529200, 2099.338180622079600 ) ) ;
#112 = CARTESIAN_POINT ( 'NONE',  ( 1964.999999967202500, -92.00000000000000000, 2326.600000026028300 ) ) ;
#113 = VERTEX_POINT ( 'NONE', #3613 ) ;
#114 = DIRECTION ( 'NONE',  ( -1.235232893649552000E-015, 1.000000000000000000, 5.489923971775797600E-015 ) ) ;
#115 = ORIENTED_EDGE ( 'NONE', *, *, #641, .T. ) ;
#116 = ORIENTED_EDGE ( 'NONE', *, *, #6018, .F. ) ;
#117 = EDGE_CURVE ( 'NONE', #3808, #1226, #4607, .T. ) ;
#118 = B_SPLINE_CURVE_WITH_KNOTS ( 'NONE', 3,
 ( #4494, #8333, #5124, #956, #5744, #1695, #6349, #2451, #6983, #3179, #7671, #3883, #8365, #4518, #231, #5149, #985, #5771, #1726, #6378, #2485, #7008, #3206, #7705, #3911, #8388, #4545, #259, #5171, #1011, #5798, #1761, #6400, #2516, #7032, #3239, #7728, #3935, #8412, #4570, #291, #5194, #1047, #5824, #1792, #6429 ),
 .UNSPECIFIED., .F., .F.,
 ( 4, 2, 2, 2, 2, 2, 2, 2, 1, 2, 2, 2, 2, 2, 2, 2, 2, 2, 2, 1, 2, 2, 2, 4 ),
 ( 0.0000000000000000000, 0.002254332113904226700, 0.003381498170856340100, 0.004508664227808453400, 0.006762996341712929900, 0.009017328455617408200, 0.01127166056952188600, 0.01239882662647412800, 0.01352599268342636600, 0.01465315874037860900, 0.01578032479733085200, 0.01803465691123520500, 0.01916182296818737900, 0.02028898902513956100, 0.02254332113904391700, 0.02367048719599639700, 0.02479765325294888000, 0.02705198536685439500, 0.02817915142380715900, 0.02930631748075992000, 0.03043348353771268400, 0.03156064959466544500, 0.03381498170857182700, 0.03606931382247820900 ),
 .UNSPECIFIED. ) ;
#119 = CARTESIAN_POINT ( 'NONE',  ( 1728.608315235163200, 129.7222258696705800, 2101.693963104168200 ) ) ;
#120 = CARTESIAN_POINT ( 'NONE',  ( 1984.488318263124500, -129.9855929118334400, 2321.075348345068100 ) ) ;
#121 = EDGE_LOOP ( 'NONE', ( #2052, #7723, #8370, #5553, #4100, #1186 ) ) ;
#122 = CARTESIAN_POINT ( 'NONE',  ( 1641.999999967202500, 107.4999999999965600, 2035.000000003669600 ) ) ;
#123 = CARTESIAN_POINT ( 'NONE',  ( 1862.896390746796700, -82.50000000000305500, 1895.000000001251000 ) ) ;
#124 = ORIENTED_EDGE ( 'NONE', *, *, #2456, .T. ) ;
#125 = CARTESIAN_POINT ( 'NONE',  ( 1986.717582682655600, 63.05748118638526700, 1919.000000002326500 ) ) ;
#126 = CIRCLE ( 'NONE', #4305, 22.26203889804234800 ) ;
#127 = DIRECTION ( 'NONE',  ( 0.0000000000000000000, -1.000000000000000000, 0.0000000000000000000 ) ) ;
#128 = AXIS2_PLACEMENT_3D ( 'NONE', #6149, #2198, #6764 ) ;
#129 = CARTESIAN_POINT ( 'NONE',  ( 2460.583333289735500, -3.187459945133191400E-012, 1961.499999944139300 ) ) ;
#130 = CARTESIAN_POINT ( 'NONE',  ( 1915.388218630202600, -85.66203889639710700, 1919.000000002324700 ) ) ;
#131 = ORIENTED_EDGE ( 'NONE', *, *, #3195, .F. ) ;
#132 = CARTESIAN_POINT ( 'NONE',  ( 1959.346664841608800, -115.4495192440342600, 1928.039393658176300 ) ) ;
#133 = ORIENTED_EDGE ( 'NONE', *, *, #7073, .T. ) ;
#134 = CARTESIAN_POINT ( 'NONE',  ( 1987.426333216982400, 62.17924496892099700, 1919.000000002325600 ) ) ;
#135 = ORIENTED_EDGE ( 'NONE', *, *, #4649, .F. ) ;
#136 = EDGE_CURVE ( 'NONE', #3553, #6654, #1089, .T. ) ;
#137 = PLANE ( 'NONE',  #7250 ) ;
#138 = LINE ( 'NONE', #6099, #7134 ) ;
#139 = CARTESIAN_POINT ( 'NONE',  ( 1871.841650927247700, 67.66922058785942800, 1957.697020560774000 ) ) ;
#140 = CARTESIAN_POINT ( 'NONE',  ( 1813.395032323978300, 105.9140664836147300, 1927.035706823758800 ) ) ;
#141 = CARTESIAN_POINT ( 'NONE',  ( 1994.559946592793900, 63.86663926308196400, 1954.422517117631500 ) ) ;
#142 = CARTESIAN_POINT ( 'NONE',  ( 1960.446405625364800, -101.0000000000031800, 1952.238372693643000 ) ) ;
#143 = ORIENTED_EDGE ( 'NONE', *, *, #1678, .T. ) ;
#144 = ORIENTED_EDGE ( 'NONE', *, *, #8682, .F. ) ;
#145 = ORIENTED_EDGE ( 'NONE', *, *, #7067, .T. ) ;
#146 = CARTESIAN_POINT ( 'NONE',  ( 1909.999999947512200, -2.844389003852986700E-012, 1864.000000002324700 ) ) ;
#147 = VECTOR ( 'NONE', #2247, 1000.000000000000000 ) ;
#148 = LINE ( 'NONE', #4759, #5495 ) ;
#149 = VECTOR ( 'NONE', #4750, 1000.000000000000000 ) ;
#150 = CARTESIAN_POINT ( 'NONE',  ( 1964.999999967202500, -500000.0000000000600, 2215.000000026027000 ) ) ;
#151 = EDGE_CURVE ( 'NONE', #5206, #6146, #5099, .T. ) ;
#152 = ADVANCED_FACE ( 'NONE', ( #6268 ), #6064, .F. ) ;
#153 = CARTESIAN_POINT ( 'NONE',  ( 1974.999999935018000, -29.00000000000239500, 1726.941558769242200 ) ) ;
#154 = ORIENTED_EDGE ( 'NONE', *, *, #233, .T. ) ;
#155 = CARTESIAN_POINT ( 'NONE',  ( 1974.999999958223500, 44.99999999999668900, 1981.499999997989800 ) ) ;
#156 = EDGE_LOOP ( 'NONE', ( #5804, #5990, #6182, #6371 ) ) ;
#157 = LINE ( 'NONE', #7983, #3618 ) ;
#158 = AXIS2_PLACEMENT_3D ( 'NONE', #3024, #3098, #3052 ) ;
#159 = AXIS2_PLACEMENT_3D ( 'NONE', #8153, #4337, #4928 ) ;
#160 = LINE ( 'NONE', #1216, #2145 ) ;
#161 = CARTESIAN_POINT ( 'NONE',  ( 1864.999999956400400, -45.00000000000323300, 1961.499999975321300 ) ) ;
#162 = CYLINDRICAL_SURFACE ( 'NONE', #5488, 69.99999999999994300 ) ;
#163 = CARTESIAN_POINT ( 'NONE',  ( 1990.825088396511500, 57.69423632784757000, 1919.000000002325400 ) ) ;
#164 = EDGE_CURVE ( 'NONE', #1757, #8562, #7797, .T. ) ;
#165 = EDGE_LOOP ( 'NONE', ( #5926, #1669, #7539, #7654 ) ) ;
#166 = DIRECTION ( 'NONE',  ( -1.000000000000000000, 0.0000000000000000000, 9.118355186018255000E-011 ) ) ;
#167 = VERTEX_POINT ( 'NONE', #3076 ) ;
#168 = DIRECTION ( 'NONE',  ( -0.0000000000000000000, 3.491483361109382500E-015, -1.000000000000000000 ) ) ;
#169 = CARTESIAN_POINT ( 'NONE',  ( 1990.839459047263300, -33.48480033194842800, 1885.500000009617900 ) ) ;
#170 = LINE ( 'NONE', #1428, #8761 ) ;
#171 = CARTESIAN_POINT ( 'NONE',  ( 1964.999999967202500, -92.00000000000000000, 2230.000000026026600 ) ) ;
#172 = AXIS2_PLACEMENT_3D ( 'NONE', #4268, #8745, #4884 ) ;
#173 = CARTESIAN_POINT ( 'NONE',  ( 1884.999999955957000, 72.47662247615267000, 1957.405501388628900 ) ) ;
#174 = AXIS2_PLACEMENT_3D ( 'NONE', #7479, #3692, #8170 ) ;
#175 = ORIENTED_EDGE ( 'NONE', *, *, #2754, .F. ) ;
#176 = ORIENTED_EDGE ( 'NONE', *, *, #8708, .T. ) ;
#177 = CARTESIAN_POINT ( 'NONE',  ( 1805.702257527819500, 100.8924080842786900, 1927.465417543809700 ) ) ;
#178 = ADVANCED_FACE ( 'NONE', ( #4429 ), #7574, .F. ) ;
#179 = CARTESIAN_POINT ( 'NONE',  ( 1989.565146062686800, -66.63061100589976600, 1942.222984635631700 ) ) ;
#180 = CARTESIAN_POINT ( 'NONE',  ( 1674.525399876597000, 129.5555388738135900, 2004.422298196420300 ) ) ;
#181 = EDGE_CURVE ( 'NONE', #487, #4256, #618, .T. ) ;
#182 = CIRCLE ( 'NONE', #3786, 52.00350918079266200 ) ;
#183 = ORIENTED_EDGE ( 'NONE', *, *, #1421, .T. ) ;
#184 = CARTESIAN_POINT ( 'NONE',  ( 1880.999999967367300, 62.21677477355449100, 2081.000000008745200 ) ) ;
#185 = DIRECTION ( 'NONE',  ( -2.615610673335727500E-005, -0.05233594970684581100, 0.9986295347545758300 ) ) ;
#186 = VERTEX_POINT ( 'NONE', #3041 ) ;
#187 = CARTESIAN_POINT ( 'NONE',  ( 1964.999999967202500, -104.5000000000000000, 2290.000000026026600 ) ) ;
#188 =( BOUNDED_CURVE ( )  B_SPLINE_CURVE ( 3, ( #4190, #4657, #4418, #4174 ),
 .UNSPECIFIED., .F., .T. ) 
 B_SPLINE_CURVE_WITH_KNOTS ( ( 4, 4 ),
 ( 3.141592655329215100, 6.283185308919008200 ),
 .UNSPECIFIED. ) 
 CURVE ( )  GEOMETRIC_REPRESENTATION_ITEM ( )  RATIONAL_B_SPLINE_CURVE ( ( 1.000000000000000000, 0.3333333333333333700, 0.3333333333333333700, 1.000000000000000000 ) ) 
 REPRESENTATION_ITEM ( '' )  );
#189 = VECTOR ( 'NONE', #1333, 1000.000000000000000 ) ;
#190 = DIRECTION ( 'NONE',  ( -3.182806635077191500E-025, -3.491475051078775400E-015, 1.000000000000000000 ) ) ;
#191 = ORIENTED_EDGE ( 'NONE', *, *, #3032, .F. ) ;
#192 = ORIENTED_EDGE ( 'NONE', *, *, #3159, .F. ) ;
#193 = FACE_OUTER_BOUND ( 'NONE', #5304, .T. ) ;
#194 = CARTESIAN_POINT ( 'NONE',  ( 1866.999999956400400, 42.99999999999683100, 1961.499999981117500 ) ) ;
#195 = CARTESIAN_POINT ( 'NONE',  ( 1994.719999397111500, -169.7500000000060800, 2349.254424353543500 ) ) ;
#196 = PLANE ( 'NONE',  #8566 ) ;
#197 = CARTESIAN_POINT ( 'NONE',  ( 1975.262036965366600, -43.00916694458995000, 1961.499999998109800 ) ) ;
#198 = ADVANCED_FACE ( 'NONE', ( #2602 ), #2376, .F. ) ;
#199 = ORIENTED_EDGE ( 'NONE', *, *, #2502, .T. ) ;
#200 = ORIENTED_EDGE ( 'NONE', *, *, #7894, .F. ) ;
#201 = CARTESIAN_POINT ( 'NONE',  ( 1909.999999956400200, -3.184808631561151800E-012, 1961.500000002324700 ) ) ;
#202 = LINE ( 'NONE', #3066, #1949 ) ;
#203 = DIRECTION ( 'NONE',  ( 0.0000000000000000000, 1.000000000000000000, 0.0000000000000000000 ) ) ;
#204 = CARTESIAN_POINT ( 'NONE',  ( 1974.409429808382800, 81.43193472322906200, 1942.752233910700900 ) ) ;
#205 = EDGE_CURVE ( 'NONE', #3630, #8203, #5873, .T. ) ;
#206 = CARTESIAN_POINT ( 'NONE',  ( 1713.539988569199300, 129.5555388738133900, 2067.437887995970900 ) ) ;
#207 = ORIENTED_EDGE ( 'NONE', *, *, #6706, .T. ) ;
#208 = CARTESIAN_POINT ( 'NONE',  ( 1814.999999952526000, 94.99999999999326400, 1931.300000002324900 ) ) ;
#209 = VERTEX_POINT ( 'NONE', #2805 ) ;
#210 = ORIENTED_EDGE ( 'NONE', *, *, #2707, .T. ) ;
#211 = CARTESIAN_POINT ( 'NONE',  ( 1856.999999952526000, -116.0000000000066400, 1928.068239451828700 ) ) ;
#212 = LINE ( 'NONE', #3941, #5557 ) ;
#213 = EDGE_CURVE ( 'NONE', #1930, #7717, #374, .T. ) ;
#214 = CARTESIAN_POINT ( 'NONE',  ( 1842.967580085798500, -1.748709684001870100E-012, 1956.340823691194400 ) ) ;
#215 = CARTESIAN_POINT ( 'NONE',  ( 1844.999999958223500, -45.00000000000322600, 1981.500000006659500 ) ) ;
#216 = EDGE_LOOP ( 'NONE', ( #8706, #7571 ) ) ;
#217 =( NAMED_UNIT ( * ) SI_UNIT ( $, .STERADIAN. ) SOLID_ANGLE_UNIT ( ) );
#218 = ORIENTED_EDGE ( 'NONE', *, *, #219, .T. ) ;
#219 = EDGE_CURVE ( 'NONE', #3025, #6670, #8433, .T. ) ;
#220 = ORIENTED_EDGE ( 'NONE', *, *, #7738, .F. ) ;
#221 = CARTESIAN_POINT ( 'NONE',  ( 1805.870919421543500, 119.1854336075037300, 1928.395750475574900 ) ) ;
#222 = VECTOR ( 'NONE', #2708, 1000.000000000000000 ) ;
#223 = ADVANCED_FACE ( 'NONE', ( #5683 ), #2624, .T. ) ;
#224 = DIRECTION ( 'NONE',  ( -0.02967278503921839900, 0.9993908270190947600, 0.01837119207090509900 ) ) ;
#225 = ORIENTED_EDGE ( 'NONE', *, *, #3785, .T. ) ;
#226 = CARTESIAN_POINT ( 'NONE',  ( 1853.858178707587500, -65.42318604144360000, 1958.246536187249100 ) ) ;
#227 = CARTESIAN_POINT ( 'NONE',  ( 1649.999999967202500, -188.6660834161337700, 2080.000000026025600 ) ) ;
#228 = AXIS2_PLACEMENT_3D ( 'NONE', #7489, #3703, #8178 ) ;
#229 = ORIENTED_EDGE ( 'NONE', *, *, #4376, .F. ) ;
#230 = ORIENTED_EDGE ( 'NONE', *, *, #4141, .T. ) ;
#231 = CARTESIAN_POINT ( 'NONE',  ( 1875.053977245133400, 113.5269584950336500, 1939.714838807309000 ) ) ;
#232 = LINE ( 'NONE', #3429, #5758 ) ;
#233 = EDGE_CURVE ( 'NONE', #5069, #4465, #858, .T. ) ;
#234 = DIRECTION ( 'NONE',  ( 0.0000000000000000000, 1.000000000000000000, -0.0000000000000000000 ) ) ;
#235 = CARTESIAN_POINT ( 'NONE',  ( 1994.719999397111700, -104.2848661113140600, 2369.254424353543100 ) ) ;
#236 = VERTEX_POINT ( 'NONE', #2487 ) ;
#237 = VERTEX_POINT ( 'NONE', #2553 ) ;
#238 = ORIENTED_EDGE ( 'NONE', *, *, #809, .F. ) ;
#239 = CARTESIAN_POINT ( 'NONE',  ( 2001.536875870871200, -43.84159559022034400, 1929.430967856997300 ) ) ;
#240 = CARTESIAN_POINT ( 'NONE',  ( 1674.842374495332900, 129.5406321417195600, 2004.226050975449700 ) ) ;
#241 = CYLINDRICAL_SURFACE ( 'NONE', #4974, 6.650000000000211700 ) ;
#242 = CARTESIAN_POINT ( 'NONE',  ( 1938.999999958401100, -65.00000000000331100, 1981.499999998703700 ) ) ;
#243 = ORIENTED_EDGE ( 'NONE', *, *, #7361, .T. ) ;
#244 = CARTESIAN_POINT ( 'NONE',  ( 1834.999999952526200, -116.0000000000066400, 1928.068239453834200 ) ) ;
#245 = AXIS2_PLACEMENT_3D ( 'NONE', #7189, #3409, #7880 ) ;
#246 = EDGE_LOOP ( 'NONE', ( #4399, #5671, #2798, #1527 ) ) ;
#247 = CARTESIAN_POINT ( 'NONE',  ( 1865.639858753980200, -86.00924963898243900, 1926.496490825587900 ) ) ;
#248 = ADVANCED_FACE ( 'NONE', ( #4028 ), #2648, .T. ) ;
#249 = EDGE_CURVE ( 'NONE', #2565, #1046, #7141, .T. ) ;
#250 = CARTESIAN_POINT ( 'NONE',  ( 1880.999999935018000, -65.00000000000241600, 1726.941558777811000 ) ) ;
#251 = ORIENTED_EDGE ( 'NONE', *, *, #7410, .T. ) ;
#252 = ORIENTED_EDGE ( 'NONE', *, *, #3302, .T. ) ;
#253 = FACE_OUTER_BOUND ( 'NONE', #5435, .T. ) ;
#254 = CARTESIAN_POINT ( 'NONE',  ( 1738.781871156091300, -80.00000000000318300, 1964.115982928102300 ) ) ;
#255 = VERTEX_POINT ( 'NONE', #2378 ) ;
#256 = ORIENTED_EDGE ( 'NONE', *, *, #5261, .F. ) ;
#257 = CARTESIAN_POINT ( 'NONE',  ( 1681.596867556060000, -130.5610816609882600, 2041.484785300317300 ) ) ;
#258 = CARTESIAN_POINT ( 'NONE',  ( 1888.999999947512200, 83.49999999999701600, 1909.000000002324700 ) ) ;
#259 = CARTESIAN_POINT ( 'NONE',  ( 1874.074882227327900, 114.2007594186560500, 1949.168983284833100 ) ) ;
#260 = CARTESIAN_POINT ( 'NONE',  ( 1914.499999947512800, 83.49999999999712900, 1874.300000002324400 ) ) ;
#261 = EDGE_CURVE ( 'NONE', #1234, #681, #3818, .T. ) ;
#262 = DIRECTION ( 'NONE',  ( -1.000000000000000000, -0.0000000000000000000, -0.0000000000000000000 ) ) ;
#263 = VERTEX_POINT ( 'NONE', #2317 ) ;
#264 = ORIENTED_EDGE ( 'NONE', *, *, #6332, .T. ) ;
#265 = LINE ( 'NONE', #1532, #5598 ) ;
#266 = CARTESIAN_POINT ( 'NONE',  ( 1960.110929330215900, -114.3000000000067200, 1931.993358385436700 ) ) ;
#267 = ORIENTED_EDGE ( 'NONE', *, *, #5588, .T. ) ;
#268 = CARTESIAN_POINT ( 'NONE',  ( 1964.999999967202500, -500000.0000000000600, 2245.000000026026600 ) ) ;
#269 = VECTOR ( 'NONE', #3158, 1000.000000000000000 ) ;
#270 = CYLINDRICAL_SURFACE ( 'NONE', #1232, 38.49999999999997900 ) ;
#271 = EDGE_CURVE ( 'NONE', #7546, #7038, #2132, .T. ) ;
#272 = VECTOR ( 'NONE', #6278, 1000.000000000000000 ) ;
#273 = CARTESIAN_POINT ( 'NONE',  ( 1961.244784248172900, 87.69739431894855400, 1930.837998704648000 ) ) ;
#274 = EDGE_LOOP ( 'NONE', ( #902, #8056, #1133, #6483 ) ) ;
#275 = VECTOR ( 'NONE', #4732, 1000.000000000000000 ) ;
#276 = CARTESIAN_POINT ( 'NONE',  ( 1914.499999947512800, 82.50000000000289900, 2.544261098099435500E-013 ) ) ;
#277 = CARTESIAN_POINT ( 'NONE',  ( 1976.913735025620100, 81.57719394819528700, 1954.513795695909500 ) ) ;
#278 = CIRCLE ( 'NONE', #1103, 3.400000000000069600 ) ;
#279 = EDGE_LOOP ( 'NONE', ( #7165, #370 ) ) ;
#280 = LINE ( 'NONE', #313, #512 ) ;
#281 = CARTESIAN_POINT ( 'NONE',  ( 1829.160540857788400, -33.48480033194842800, 1885.500000009617900 ) ) ;
#282 = AXIS2_PLACEMENT_3D ( 'NONE', #7879, #7570, #7617 ) ;
#283 = ORIENTED_EDGE ( 'NONE', *, *, #181, .F. ) ;
#284 = DIRECTION ( 'NONE',  ( -1.000000000000000000, 0.0000000000000000000, -0.0000000000000000000 ) ) ;
#285 = CYLINDRICAL_SURFACE ( 'NONE', #4066, 11.50000000000028800 ) ;
#286 = DIRECTION ( 'NONE',  ( 0.0000000000000000000, -3.491475051101102100E-015, 1.000000000000000000 ) ) ;
#287 = EDGE_CURVE ( 'NONE', #4059, #6912, #8737, .T. ) ;
#288 = CARTESIAN_POINT ( 'NONE',  ( 1697.923435276071400, -130.5615668046090100, 2066.394414794136100 ) ) ;
#289 = DIRECTION ( 'NONE',  ( -3.182802359415013500E-025, -3.491475051101102100E-015, 1.000000000000000000 ) ) ;
#290 = ORIENTED_EDGE ( 'NONE', *, *, #651, .T. ) ;
#291 = CARTESIAN_POINT ( 'NONE',  ( 1880.244765619153200, 114.0093277384069400, 1955.977621323912000 ) ) ;
#292 = CARTESIAN_POINT ( 'NONE',  ( 1964.999999967202500, -104.5000000000000000, 2330.000000026027900 ) ) ;
#293 = ADVANCED_FACE ( 'NONE', ( #5494 ), #2152, .T. ) ;
#294 = VERTEX_POINT ( 'NONE', #2184 ) ;
#295 = CARTESIAN_POINT ( 'NONE',  ( 0.0000000000000000000, 83.49999999999711500, 1874.300000002324400 ) ) ;
#296 = CYLINDRICAL_SURFACE ( 'NONE', #2533, 449.9999999999999400 ) ;
#297 = CARTESIAN_POINT ( 'NONE',  ( 1996.825756668577900, 48.28948686998908400, 1919.000000002325600 ) ) ;
#298 = CARTESIAN_POINT ( 'NONE',  ( 2012.489664082661600, -129.7018108093674000, 2323.339355054828500 ) ) ;
#299 = ORIENTED_EDGE ( 'NONE', *, *, #1085, .F. ) ;
#300 = CARTESIAN_POINT ( 'NONE',  ( 2007.296829947280000, -19.12469576945897000, 1916.855871067236600 ) ) ;
#301 = EDGE_LOOP ( 'NONE', ( #5786, #7462 ) ) ;
#302 = EDGE_CURVE ( 'NONE', #460, #2850, #6940, .T. ) ;
#303 = FACE_OUTER_BOUND ( 'NONE', #4537, .T. ) ;
#304 = CARTESIAN_POINT ( 'NONE',  ( 1359.416666622152200, -2.942091015256637800E-012, 1951.591496239972700 ) ) ;
#305 = CARTESIAN_POINT ( 'NONE',  ( 2008.838775159221100, 36.17615100043995100, 1951.812542974486200 ) ) ;
#306 = VERTEX_POINT ( 'NONE', #1965 ) ;
#307 = EDGE_LOOP ( 'NONE', ( #2490, #1648, #1057, #4227, #1373, #597, #8294, #355 ) ) ;
#308 = DIRECTION ( 'NONE',  ( -0.0000000000000000000, -3.491483361109382500E-015, 1.000000000000000000 ) ) ;
#309 = LINE ( 'NONE', #3288, #5833 ) ;
#310 = ORIENTED_EDGE ( 'NONE', *, *, #4450, .T. ) ;
#311 = CARTESIAN_POINT ( 'NONE',  ( 1747.933425059673900, -130.5624128284691800, 2144.622265238311200 ) ) ;
#312 = EDGE_CURVE ( 'NONE', #8685, #5467, #6517, .T. ) ;
#313 = CARTESIAN_POINT ( 'NONE',  ( 1964.999999967202500, -104.5000000000000000, 2286.600000026026900 ) ) ;
#314 = ORIENTED_EDGE ( 'NONE', *, *, #356, .F. ) ;
#315 = ORIENTED_EDGE ( 'NONE', *, *, #1730, .F. ) ;
#316 = CARTESIAN_POINT ( 'NONE',  ( 1697.946926595205900, -130.5525066748470200, 2093.711500741964300 ) ) ;
#317 = VECTOR ( 'NONE', #2813, 1000.000000000000000 ) ;
#318 = DIRECTION ( 'NONE',  ( -0.0000000000000000000, -1.000000000000000000, -0.0000000000000000000 ) ) ;
#319 = ORIENTED_EDGE ( 'NONE', *, *, #8629, .T. ) ;
#320 = CARTESIAN_POINT ( 'NONE',  ( 1649.999999967202500, 129.7403889924330500, 2020.939164913778100 ) ) ;
#321 = CARTESIAN_POINT ( 'NONE',  ( 1999.795591912244400, 42.30262021665958400, 1919.000000002325400 ) ) ;
#322 = CARTESIAN_POINT ( 'NONE',  ( 1914.499999947512800, 83.49999999999712900, 1871.300000002325300 ) ) ;
#323 = ORIENTED_EDGE ( 'NONE', *, *, #2720, .F. ) ;
#324 = DIRECTION ( 'NONE',  ( 0.0000000000000000000, -1.000000000000000000, 0.0000000000000000000 ) ) ;
#325 = FACE_OUTER_BOUND ( 'NONE', #4372, .T. ) ;
#326 = CARTESIAN_POINT ( 'NONE',  ( 1951.088285715651400, 91.95804888157069000, 1918.818716689421800 ) ) ;
#327 = EDGE_CURVE ( 'NONE', #436, #3726, #1657, .T. ) ;
#328 = CARTESIAN_POINT ( 'NONE',  ( 1968.301453787290700, 86.02791822000672500, 1945.568729219781300 ) ) ;
#329 = EDGE_LOOP ( 'NONE', ( #3716, #252, #2876, #4005, #3585, #1967 ) ) ;
#330 = CARTESIAN_POINT ( 'NONE',  ( 1834.999999952526200, -94.00000000000682100, 1926.915268309607900 ) ) ;
#331 = VERTEX_POINT ( 'NONE', #1796 ) ;
#332 = EDGE_CURVE ( 'NONE', #959, #2930, #3392, .T. ) ;
#333 = ORIENTED_EDGE ( 'NONE', *, *, #7432, .T. ) ;
#334 = DIRECTION ( 'NONE',  ( 0.0000000000000000000, -1.000000000000000000, -3.491483361109382100E-015 ) ) ;
#335 = ADVANCED_FACE ( 'NONE', ( #6733 ), #4904, .T. ) ;
#336 = DIRECTION ( 'NONE',  ( 0.0000000000000000000, 1.000000000000000000, 0.0000000000000000000 ) ) ;
#337 = FACE_OUTER_BOUND ( 'NONE', #5890, .T. ) ;
#338 = CARTESIAN_POINT ( 'NONE',  ( 1844.999999956400400, -45.00000000000319000, 1961.499999999277000 ) ) ;
#339 = EDGE_CURVE ( 'NONE', #5425, #5933, #6536, .T. ) ;
#340 = ORIENTED_EDGE ( 'NONE', *, *, #6890, .T. ) ;
#341 = DIRECTION ( 'NONE',  ( -0.8502353283813453000, -1.835926155115268500E-015, 0.5264027796015765500 ) ) ;
#342 = ORIENTED_EDGE ( 'NONE', *, *, #1944, .T. ) ;
#343 = ORIENTED_EDGE ( 'NONE', *, *, #4601, .T. ) ;
#344 = CARTESIAN_POINT ( 'NONE',  ( 1678.225112563872700, -130.5590915057694300, 2000.710892013029900 ) ) ;
#345 = CARTESIAN_POINT ( 'NONE',  ( 1866.983996593771700, -65.45650082226619300, 1957.789336612169800 ) ) ;
#346 = ORIENTED_EDGE ( 'NONE', *, *, #7220, .F. ) ;
#347 = MECHANICAL_DESIGN_GEOMETRIC_PRESENTATION_REPRESENTATION (  '', ( #8248 ), #867 ) ;
#348 = CARTESIAN_POINT ( 'NONE',  ( 1682.528444416105700, -130.5362344741206200, 2117.801840686742700 ) ) ;
#349 = CARTESIAN_POINT ( 'NONE',  ( 1908.336493689157100, 67.03021322855832400, 1956.400264335264600 ) ) ;
#350 = AXIS2_PLACEMENT_3D ( 'NONE', #4077, #2691, #7205 ) ;
#351 = ORIENTED_EDGE ( 'NONE', *, *, #4381, .F. ) ;
#352 = CARTESIAN_POINT ( 'NONE',  ( 1884.999999947511900, 113.6020964029630400, 1957.000000004472000 ) ) ;
#353 = CARTESIAN_POINT ( 'NONE',  ( 1797.744203031433200, 125.2093040290956900, 2051.613836317290900 ) ) ;
#354 = ORIENTED_EDGE ( 'NONE', *, *, #5835, .F. ) ;
#355 = ORIENTED_EDGE ( 'NONE', *, *, #6697, .T. ) ;
#356 = EDGE_CURVE ( 'NONE', #255, #5425, #3610, .T. ) ;
#357 = FACE_OUTER_BOUND ( 'NONE', #4309, .T. ) ;
#358 = PLANE ( 'NONE',  #3424 ) ;
#359 = CARTESIAN_POINT ( 'NONE',  ( 2000.719872633802200, 40.27117357343001900, 1919.000000002324700 ) ) ;
#360 = CARTESIAN_POINT ( 'NONE',  ( 1990.839459047263300, -33.48480033194842800, 1885.500000009617900 ) ) ;
#361 = ORIENTED_EDGE ( 'NONE', *, *, #5362, .T. ) ;
#362 = CARTESIAN_POINT ( 'NONE',  ( 1994.719999397111500, -136.0000000000241000, 2369.254424353543500 ) ) ;
#363 = VERTEX_POINT ( 'NONE', #1562 ) ;
#364 = ORIENTED_EDGE ( 'NONE', *, *, #8508, .T. ) ;
#365 = DIRECTION ( 'NONE',  ( 0.8502353283813349800, -0.0000000000000000000, -0.5264027796015931000 ) ) ;
#366 = CIRCLE ( 'NONE', #675, 38.49999999999997900 ) ;
#367 = AXIS2_PLACEMENT_3D ( 'NONE', #1080, #7096, #3305 ) ;
#368 = EDGE_CURVE ( 'NONE', #2989, #7242, #8116, .T. ) ;
#369 = DIRECTION ( 'NONE',  ( 0.0000000000000000000, 0.0000000000000000000, 1.000000000000000000 ) ) ;
#370 = ORIENTED_EDGE ( 'NONE', *, *, #8287, .T. ) ;
#371 = ORIENTED_EDGE ( 'NONE', *, *, #2086, .F. ) ;
#372 = FACE_OUTER_BOUND ( 'NONE', #7303, .T. ) ;
#373 = DIRECTION ( 'NONE',  ( -0.0000000000000000000, -1.000000000000000000, -3.491483361109381700E-015 ) ) ;
#374 = LINE ( 'NONE', #2859, #7358 ) ;
#375 = VECTOR ( 'NONE', #6559, 1000.000000000000000 ) ;
#376 = ORIENTED_EDGE ( 'NONE', *, *, #4558, .T. ) ;
#377 = DIRECTION ( 'NONE',  ( 1.676390818025142300E-016, 1.000000000000000000, 3.393948359834997300E-015 ) ) ;
#378 = CIRCLE ( 'NONE', #2307, 14.99999999999968000 ) ;
#379 = EDGE_CURVE ( 'NONE', #5442, #1121, #1196, .T. ) ;
#380 = CARTESIAN_POINT ( 'NONE',  ( 2084.082285396586500, -128.9346081978175100, 2310.642973986955900 ) ) ;
#381 = CARTESIAN_POINT ( 'NONE',  ( 1675.262210480880000, 129.4899948214154200, 2123.413663218105700 ) ) ;
#382 = DIRECTION ( 'NONE',  ( -0.0000000000000000000, 1.000000000000000000, 3.546076827293422200E-015 ) ) ;
#383 = CARTESIAN_POINT ( 'NONE',  ( 1952.999999956401100, 42.99999999999683100, 1961.500000010199800 ) ) ;
#384 = EDGE_LOOP ( 'NONE', ( #8768, #176, #7386, #2396 ) ) ;
#385 = VECTOR ( 'NONE', #5158, 1000.000000000000000 ) ;
#386 = CARTESIAN_POINT ( 'NONE',  ( 1887.967064399746700, 113.2823546341080900, 1956.617016594859700 ) ) ;
#387 = CARTESIAN_POINT ( 'NONE',  ( 1718.783163602298100, 129.7916527543962400, 2097.790537583840400 ) ) ;
#388 = LINE ( 'NONE', #17, #2253 ) ;
#389 = ADVANCED_FACE ( 'NONE', ( #968 ), #1305, .F. ) ;
#390 = FACE_OUTER_BOUND ( 'NONE', #8728, .T. ) ;
#391 = EDGE_CURVE ( 'NONE', #6467, #7963, #4704, .T. ) ;
#392 = CARTESIAN_POINT ( 'NONE',  ( 1952.999999956401100, 42.99999999999683100, 1961.500000006078400 ) ) ;
#393 = CARTESIAN_POINT ( 'NONE',  ( 2002.419167003210100, 36.12684482971410200, 1919.000000002324400 ) ) ;
#394 = CARTESIAN_POINT ( 'NONE',  ( 1814.225292584984600, -21.73040619118540900, 1928.741157505486400 ) ) ;
#395 = EDGE_LOOP ( 'NONE', ( #1823, #7083, #7292, #2301 ) ) ;
#396 = CARTESIAN_POINT ( 'NONE',  ( 1814.225292582054600, -94.02731443584939100, 1926.916699800425900 ) ) ;
#397 = EDGE_CURVE ( 'NONE', #3209, #186, #2931, .T. ) ;
#398 = DIRECTION ( 'NONE',  ( -1.000000000000000000, -8.614056039109578500E-029, 2.467162276944820500E-014 ) ) ;
#399 = AXIS2_PLACEMENT_3D ( 'NONE', #8096, #4288, #8769 ) ;
#400 = CIRCLE ( 'NONE', #3901, 6.650000000000148700 ) ;
#401 = DIRECTION ( 'NONE',  ( -3.182806635077192000E-025, -3.491475051078775400E-015, 1.000000000000000000 ) ) ;
#402 = ADVANCED_FACE ( 'NONE', ( #7893 ), #1192, .T. ) ;
#403 = ORIENTED_EDGE ( 'NONE', *, *, #2825, .T. ) ;
#404 = DIRECTION ( 'NONE',  ( -0.0000000000000000000, -1.000000000000000000, -3.491483361109382100E-015 ) ) ;
#405 = ORIENTED_EDGE ( 'NONE', *, *, #4724, .F. ) ;
#406 = DIRECTION ( 'NONE',  ( 3.182806635077191500E-025, 3.491475051078775400E-015, -1.000000000000000000 ) ) ;
#407 = LINE ( 'NONE', #563, #7389 ) ;
#408 = AXIS2_PLACEMENT_3D ( 'NONE', #6992, #6879, #2370 ) ;
#409 = ORIENTED_EDGE ( 'NONE', *, *, #532, .T. ) ;
#410 = CARTESIAN_POINT ( 'NONE',  ( 1971.311839663205500, -105.0809105171357500, 2419.770009612228500 ) ) ;
#411 = ORIENTED_EDGE ( 'NONE', *, *, #8335, .F. ) ;
#412 =( BOUNDED_CURVE ( )  B_SPLINE_CURVE ( 3, ( #2699, #7916, #4735, #492 ),
 .UNSPECIFIED., .F., .F. ) 
 B_SPLINE_CURVE_WITH_KNOTS ( ( 4, 4 ),
 ( 3.176499238720825100, 6.318091892310618200 ),
 .UNSPECIFIED. ) 
 CURVE ( )  GEOMETRIC_REPRESENTATION_ITEM ( )  RATIONAL_B_SPLINE_CURVE ( ( 1.000000000000000000, 0.3333333333333333700, 0.3333333333333333700, 1.000000000000000000 ) ) 
 REPRESENTATION_ITEM ( '' )  );
#413 = CARTESIAN_POINT ( 'NONE',  ( 1880.129271050829900, 91.64459996543583000, 1926.299700054492000 ) ) ;
#414 = CARTESIAN_POINT ( 'NONE',  ( 1977.499999947512200, -2.836122637958742100E-012, 1863.999999996171500 ) ) ;
#415 = EDGE_CURVE ( 'NONE', #8773, #2892, #5594, .T. ) ;
#416 = LINE ( 'NONE', #516, #2409 ) ;
#417 = CARTESIAN_POINT ( 'NONE',  ( 1624.206263766724500, -3.453088867333897200E-012, 2038.338468935340900 ) ) ;
#418 = CARTESIAN_POINT ( 'NONE',  ( 1887.551812841758400, -130.5417582127071500, 2432.320095103801600 ) ) ;
#419 = CARTESIAN_POINT ( 'NONE',  ( 1895.880824364229300, 112.0098455998573600, 1949.241476526069400 ) ) ;
#420 = DIRECTION ( 'NONE',  ( 0.0000000000000000000, -0.0000000000000000000, 1.000000000000000000 ) ) ;
#421 = ORIENTED_EDGE ( 'NONE', *, *, #1050, .T. ) ;
#422 = EDGE_LOOP ( 'NONE', ( #3817, #615 ) ) ;
#423 = CARTESIAN_POINT ( 'NONE',  ( 1856.999999952526000, -94.00000000000682100, 1926.915268307602000 ) ) ;
#424 = CARTESIAN_POINT ( 'NONE',  ( 1677.236231861524600, -128.7633748912309400, 2121.711765204202000 ) ) ;
#425 = CARTESIAN_POINT ( 'NONE',  ( 2003.210312049628100, 34.02276351687579100, 1919.000000002324700 ) ) ;
#426 = VECTOR ( 'NONE', #4766, 1000.000000000000100 ) ;
#427 = CARTESIAN_POINT ( 'NONE',  ( 1844.999999933194900, 44.99999999999764100, 1706.941558781092900 ) ) ;
#428 = EDGE_CURVE ( 'NONE', #1946, #1973, #8605, .T. ) ;
#429 = EDGE_LOOP ( 'NONE', ( #5168, #2209 ) ) ;
#430 = ORIENTED_EDGE ( 'NONE', *, *, #6831, .T. ) ;
#431 = CARTESIAN_POINT ( 'NONE',  ( 1953.009166903152400, -65.26203700894028300, 1961.500000000563700 ) ) ;
#432 = VECTOR ( 'NONE', #8255, 1000.000000000000000 ) ;
#433 = DIRECTION ( 'NONE',  ( 0.0000000000000000000, -3.344045254895060600E-015, 1.000000000000000000 ) ) ;
#434 = ADVANCED_FACE ( 'NONE', ( #729 ), #6076, .T. ) ;
#435 = DIRECTION ( 'NONE',  ( -0.8502353283813350900, 0.0000000000000000000, 0.5264027796015931000 ) ) ;
#436 = VERTEX_POINT ( 'NONE', #808 ) ;
#437 = CARTESIAN_POINT ( 'NONE',  ( 1691.800506968830600, 129.7101552022095300, 2107.883338254878700 ) ) ;
#438 = DIRECTION ( 'NONE',  ( 0.4627102060437663400, -0.007872358894960834000, 0.8864746421575544500 ) ) ;
#439 = AXIS2_PLACEMENT_3D ( 'NONE', #7676, #5774, #1732 ) ;
#440 = ORIENTED_EDGE ( 'NONE', *, *, #1399, .F. ) ;
#441 = ORIENTED_EDGE ( 'NONE', *, *, #8722, .T. ) ;
#442 = CARTESIAN_POINT ( 'NONE',  ( 1972.216774740837800, -29.00000000000363400, 1981.500000002324700 ) ) ;
#443 = FACE_OUTER_BOUND ( 'NONE', #7433, .T. ) ;
#444 = DIRECTION ( 'NONE',  ( 0.0000000000000000000, -1.000000000000000000, 0.0000000000000000000 ) ) ;
#445 = EDGE_CURVE ( 'NONE', #1104, #7699, #5239, .T. ) ;
#446 = ADVANCED_FACE ( 'NONE', ( #2615 ), #501, .F. ) ;
#447 = ORIENTED_EDGE ( 'NONE', *, *, #8119, .F. ) ;
#448 = DIRECTION ( 'NONE',  ( -2.467162276944820500E-014, -0.0000000000000000000, 1.000000000000000000 ) ) ;
#449 = CARTESIAN_POINT ( 'NONE',  ( 1817.641779490626300, -130.5520106903923600, 2288.533612500451500 ) ) ;
#450 = VERTEX_POINT ( 'NONE', #792 ) ;
#451 = ORIENTED_EDGE ( 'NONE', *, *, #3375, .F. ) ;
#452 = CARTESIAN_POINT ( 'NONE',  ( 1894.976330058180100, 111.4920038439705500, 1939.767021957962500 ) ) ;
#453 = DIRECTION ( 'NONE',  ( 0.0000000000000000000, 1.000000000000000000, 3.491475051078775400E-015 ) ) ;
#454 = LINE ( 'NONE', #4687, #4300 ) ;
#455 = CARTESIAN_POINT ( 'NONE',  ( 1938.499999952526200, -115.2500000000067200, 1894.000000002324200 ) ) ;
#456 = CARTESIAN_POINT ( 'NONE',  ( 2003.589565673120200, 32.96011948699654700, 1919.000000002324400 ) ) ;
#457 = DIRECTION ( 'NONE',  ( 0.0000000000000000000, 1.000000000000000000, 0.0000000000000000000 ) ) ;
#458 = ORIENTED_EDGE ( 'NONE', *, *, #3375, .T. ) ;
#459 = DIRECTION ( 'NONE',  ( 0.8854344015734839600, 0.05333830041031838900, -0.4616935631125314000 ) ) ;
#460 = VERTEX_POINT ( 'NONE', #633 ) ;
#461 = VERTEX_POINT ( 'NONE', #665 ) ;
#462 = CIRCLE ( 'NONE', #3350, 20.00000000000001800 ) ;
#463 = DIRECTION ( 'NONE',  ( 0.0000000000000000000, 2.921639538487234500E-015, -1.000000000000000000 ) ) ;
#464 = EDGE_LOOP ( 'NONE', ( #5525, #6473, #4635, #7173 ) ) ;
#465 = DIRECTION ( 'NONE',  ( 0.0000000000000000000, -1.000000000000000000, -3.491483361109382500E-015 ) ) ;
#466 = CARTESIAN_POINT ( 'NONE',  ( 2040.756169697799800, -111.1759040250472700, 2349.228371820287100 ) ) ;
#467 = ORIENTED_EDGE ( 'NONE', *, *, #1616, .F. ) ;
#468 = VECTOR ( 'NONE', #4089, 1000.000000000000200 ) ;
#469 = CARTESIAN_POINT ( 'NONE',  ( 1700.246484380642000, 129.7751715580750400, 2079.744334504452600 ) ) ;
#470 = EDGE_CURVE ( 'NONE', #5069, #2151, #8328, .T. ) ;
#471 = ORIENTED_EDGE ( 'NONE', *, *, #3213, .T. ) ;
#472 = CARTESIAN_POINT ( 'NONE',  ( 1897.272295779648400, 72.49904119598315300, 1956.977726730062200 ) ) ;
#473 = CARTESIAN_POINT ( 'NONE',  ( 1994.719999397111700, -105.0880365262461000, 2419.769636153915600 ) ) ;
#474 = ORIENTED_EDGE ( 'NONE', *, *, #860, .T. ) ;
#475 = ORIENTED_EDGE ( 'NONE', *, *, #4613, .T. ) ;
#476 = ORIENTED_EDGE ( 'NONE', *, *, #844, .T. ) ;
#477 = CARTESIAN_POINT ( 'NONE',  ( 1814.999999952526000, 94.99999999999326400, 1931.300000002324900 ) ) ;
#478 = B_SPLINE_CURVE_WITH_KNOTS ( 'NONE', 3,
 ( #558, #4789, #2056, #6645 ),
 .UNSPECIFIED., .F., .F.,
 ( 4, 4 ),
 ( 0.0000000000000000000, 1.000000000000000000 ),
 .UNSPECIFIED. ) ;
#479 = CARTESIAN_POINT ( 'NONE',  ( 1829.555420693805200, -4.610000000003165800, 1956.970269493625200 ) ) ;
#480 = CIRCLE ( 'NONE', #481, 22.26203889853706400 ) ;
#481 = AXIS2_PLACEMENT_3D ( 'NONE', #6945, #3130, #7633 ) ;
#482 = AXIS2_PLACEMENT_3D ( 'NONE', #3699, #18, #4976 ) ;
#483 = CARTESIAN_POINT ( 'NONE',  ( 1886.517630654934900, 112.0071691446301000, 1934.075882578621300 ) ) ;
#484 = CARTESIAN_POINT ( 'NONE',  ( 1833.381501795007400, 61.59847967759155600, 1958.827954402467900 ) ) ;
#485 = CARTESIAN_POINT ( 'NONE',  ( 1953.021549052229100, -65.61366749130346000, 1954.790330803982000 ) ) ;
#486 = EDGE_CURVE ( 'NONE', #4678, #2093, #4631, .T. ) ;
#487 = VERTEX_POINT ( 'NONE', #455 ) ;
#488 = DIRECTION ( 'NONE',  ( 0.0000000000000000000, 1.000000000000000000, 0.0000000000000000000 ) ) ;
#489 = CARTESIAN_POINT ( 'NONE',  ( 2005.394921232872100, 27.61677803760053300, 1919.000000002325400 ) ) ;
#490 = CARTESIAN_POINT ( 'NONE',  ( 1814.999999952526000, 105.9999999999931900, 1927.040210408437400 ) ) ;
#491 = FACE_OUTER_BOUND ( 'NONE', #8406, .T. ) ;
#492 = CARTESIAN_POINT ( 'NONE',  ( 1884.999999967202500, -102.7454177931872400, 2155.000000026027000 ) ) ;
#493 = PRESENTATION_STYLE_ASSIGNMENT (( #2906 ) ) ;
#494 = DIRECTION ( 'NONE',  ( -0.8502353283813349800, 0.0000000000000000000, 0.5264027796015931000 ) ) ;
#495 = CARTESIAN_POINT ( 'NONE',  ( 1627.685757211046400, 129.6624231722606700, 2035.000000003671900 ) ) ;
#496 = ADVANCED_FACE ( 'NONE', ( #4438 ), #4241, .T. ) ;
#497 = ORIENTED_EDGE ( 'NONE', *, *, #4792, .F. ) ;
#498 = ORIENTED_EDGE ( 'NONE', *, *, #4869, .F. ) ;
#499 = CIRCLE ( 'NONE', #6809, 51.79366155934018000 ) ;
#500 = ORIENTED_EDGE ( 'NONE', *, *, #6706, .F. ) ;
#501 = PLANE ( 'NONE',  #4741 ) ;
#502 = AXIS2_PLACEMENT_3D ( 'NONE', #1644, #6943, #3129 ) ;
#503 = FACE_OUTER_BOUND ( 'NONE', #1701, .T. ) ;
#504 = CARTESIAN_POINT ( 'NONE',  ( 1840.883924861929900, 116.2954736481292500, 1901.425413640451100 ) ) ;
#505 = LINE ( 'NONE', #5561, #7254 ) ;
#506 = FACE_OUTER_BOUND ( 'NONE', #8775, .T. ) ;
#507 = CARTESIAN_POINT ( 'NONE',  ( 1691.127251581480800, 129.7862623557724400, 2051.156735588628200 ) ) ;
#508 = DIRECTION ( 'NONE',  ( 0.0000000000000000000, -1.000000000000000000, -3.546076827293422200E-015 ) ) ;
#509 = EDGE_LOOP ( 'NONE', ( #8786, #5535, #2180, #7627 ) ) ;
#510 = CARTESIAN_POINT ( 'NONE',  ( 1994.719999397111500, -144.7500000000062800, 2389.254424353543500 ) ) ;
#511 = CIRCLE ( 'NONE', #97, 52.20502822395323500 ) ;
#512 = VECTOR ( 'NONE', #4589, 1000.000000000000000 ) ;
#513 = CARTESIAN_POINT ( 'NONE',  ( 1964.999999967202500, -104.5000000000000000, 2226.600000026026500 ) ) ;
#514 = CARTESIAN_POINT ( 'NONE',  ( 1661.475086294326300, 129.7802825785345500, 2013.837099870202300 ) ) ;
#515 = DIRECTION ( 'NONE',  ( 1.200881365871955200E-015, 1.000000000000000000, 7.071856932357071700E-015 ) ) ;
#516 = CARTESIAN_POINT ( 'NONE',  ( 0.0000000000000000000, 83.49999999999712900, 1871.300000002325300 ) ) ;
#517 = CARTESIAN_POINT ( 'NONE',  ( 1676.158533176967700, -86.00924963875408500, 2124.945479302927700 ) ) ;
#518 = ORIENTED_EDGE ( 'NONE', *, *, #2917, .T. ) ;
#519 = EDGE_CURVE ( 'NONE', #1417, #1438, #7590, .T. ) ;
#520 = CARTESIAN_POINT ( 'NONE',  ( 1884.999999947512200, 113.9999999999969200, 1945.500000004472000 ) ) ;
#521 = LINE ( 'NONE', #4443, #7495 ) ;
#522 = CARTESIAN_POINT ( 'NONE',  ( 1811.530204931688600, -94.55589333190559400, 1927.012546932027400 ) ) ;
#523 = CARTESIAN_POINT ( 'NONE',  ( 2006.534739454329200, 23.29224886319453300, 1919.000000002325100 ) ) ;
#524 = DIRECTION ( 'NONE',  ( 0.0000000000000000000, -3.652049423109128000E-015, 1.000000000000000000 ) ) ;
#525 = EDGE_CURVE ( 'NONE', #167, #3121, #7688, .T. ) ;
#526 = DIRECTION ( 'NONE',  ( 0.0000000000000000000, 4.163336342344333100E-015, -1.000000000000000000 ) ) ;
#527 = AXIS2_PLACEMENT_3D ( 'NONE', #8077, #2202, #6769 ) ;
#528 = EDGE_LOOP ( 'NONE', ( #7340, #8398, #2903, #4403 ) ) ;
#529 = PLANE ( 'NONE',  #6491 ) ;
#530 = CONICAL_SURFACE ( 'NONE', #16, 52.20502822395367600, 0.05235987755983249900 ) ;
#531 = DIRECTION ( 'NONE',  ( -0.5264027796015931000, 0.0000000000000000000, -0.8502353283813349800 ) ) ;
#532 = EDGE_CURVE ( 'NONE', #4163, #450, #2384, .T. ) ;
#533 = CARTESIAN_POINT ( 'NONE',  ( 1922.499999947512600, 83.49999999999712900, 1871.300000002325300 ) ) ;
#534 = ORIENTED_EDGE ( 'NONE', *, *, #2748, .T. ) ;
#535 = CARTESIAN_POINT ( 'NONE',  ( 1735.266134971262800, 129.4503306983364700, 2097.571933945674100 ) ) ;
#536 = EDGE_LOOP ( 'NONE', ( #1845, #2546 ) ) ;
#537 =( BOUNDED_CURVE ( )  B_SPLINE_CURVE ( 3, ( #4500, #6355, #7678, #3890 ),
 .UNSPECIFIED., .F., .F. ) 
 B_SPLINE_CURVE_WITH_KNOTS ( ( 4, 4 ),
 ( 3.141592656200252100, 4.415311174480592600 ),
 .UNSPECIFIED. ) 
 CURVE ( )  GEOMETRIC_REPRESENTATION_ITEM ( )  RATIONAL_B_SPLINE_CURVE ( ( 1.000000000000000000, 0.8693116232600728300, 0.8693116232600728300, 1.000000000000000000 ) ) 
 REPRESENTATION_ITEM ( '' )  );
#538 = CARTESIAN_POINT ( 'NONE',  ( 1668.610249619009200, 129.7679796058602300, 2033.267804453639200 ) ) ;
#539 = VECTOR ( 'NONE', #8794, 1000.000000000000000 ) ;
#540 = DIRECTION ( 'NONE',  ( -1.000000000000000000, -1.486043400649383900E-017, -5.572662752435202400E-017 ) ) ;
#541 = AXIS2_PLACEMENT_3D ( 'NONE', #1658, #7640, #3850 ) ;
#542 = CARTESIAN_POINT ( 'NONE',  ( 1949.999999971988900, 51.99999999999638300, 2146.500000008745200 ) ) ;
#543 = VERTEX_POINT ( 'NONE', #184 ) ;
#544 = CARTESIAN_POINT ( 'NONE',  ( 2038.370482192949800, -128.5931362229381700, 2356.239806520649400 ) ) ;
#545 = ADVANCED_FACE ( 'NONE', ( #7371, #5884 ), #137, .T. ) ;
#546 = CARTESIAN_POINT ( 'NONE',  ( 1707.219060312104100, 127.8146719718357400, 1985.394658639427700 ) ) ;
#547 = ORIENTED_EDGE ( 'NONE', *, *, #712, .T. ) ;
#548 = EDGE_CURVE ( 'NONE', #4737, #3016, #499, .T. ) ;
#549 = CARTESIAN_POINT ( 'NONE',  ( 2040.427191922196500, -124.9290739795604300, 2350.260275774326600 ) ) ;
#550 = CARTESIAN_POINT ( 'NONE',  ( 1711.954864630569100, 129.6227388117658300, 2068.419279405448800 ) ) ;
#551 = FACE_OUTER_BOUND ( 'NONE', #6689, .T. ) ;
#552 = DIRECTION ( 'NONE',  ( -1.000000000000000000, -0.0000000000000000000, -0.0000000000000000000 ) ) ;
#553 = DIRECTION ( 'NONE',  ( -0.0000000000000000000, 1.000000000000000000, 3.491483361109382500E-015 ) ) ;
#554 = CARTESIAN_POINT ( 'NONE',  ( 1953.013296587242800, -65.37924704874515700, 1959.263443603933200 ) ) ;
#555 = CARTESIAN_POINT ( 'NONE',  ( 1804.524147205831900, -101.5763031588224000, 1928.221254395836700 ) ) ;
#556 = VERTEX_POINT ( 'NONE', #122 ) ;
#557 = CARTESIAN_POINT ( 'NONE',  ( 2008.224911751752600, 14.54666639882775700, 1919.000000002324900 ) ) ;
#558 = CARTESIAN_POINT ( 'NONE',  ( 1675.262210480880000, 129.4899948214154200, 2123.413663218105700 ) ) ;
#559 = ORIENTED_EDGE ( 'NONE', *, *, #2007, .F. ) ;
#560 = VERTEX_POINT ( 'NONE', #90 ) ;
#561 = AXIS2_PLACEMENT_3D ( 'NONE', #2391, #6925, #3111 ) ;
#562 = VECTOR ( 'NONE', #3439, 1000.000000000000000 ) ;
#563 = CARTESIAN_POINT ( 'NONE',  ( 1940.999999971989400, 96.99999999999636200, 2081.000000008745200 ) ) ;
#564 = EDGE_CURVE ( 'NONE', #7169, #4035, #388, .T. ) ;
#565 = CARTESIAN_POINT ( 'NONE',  ( 1897.499999947512200, 82.50000000000289900, 2.544261098099435500E-013 ) ) ;
#566 = ORIENTED_EDGE ( 'NONE', *, *, #981, .F. ) ;
#567 = DIRECTION ( 'NONE',  ( -0.7071067811865660000, -2.468851561040381700E-015, 0.7071067811865291400 ) ) ;
#568 = VERTEX_POINT ( 'NONE', #3975 ) ;
#569 = DIRECTION ( 'NONE',  ( 0.0000000000000000000, 3.491483361109382500E-015, -1.000000000000000000 ) ) ;
#570 = CARTESIAN_POINT ( 'NONE',  ( 1713.856963187935200, 129.5406321417193000, 2067.241640775000600 ) ) ;
#571 = DIRECTION ( 'NONE',  ( -3.232576927341070300E-025, -3.546076827293422200E-015, 1.000000000000000000 ) ) ;
#572 = CARTESIAN_POINT ( 'NONE',  ( 1713.856963187935200, 129.5406321417193000, 2067.241640775000600 ) ) ;
#573 = ORIENTED_EDGE ( 'NONE', *, *, #1550, .T. ) ;
#574 = CARTESIAN_POINT ( 'NONE',  ( 1964.999999967202500, -104.4050737852774100, 2342.500000026027500 ) ) ;
#575 = ORIENTED_EDGE ( 'NONE', *, *, #1479, .F. ) ;
#576 = VECTOR ( 'NONE', #8227, 1000.000000000000000 ) ;
#577 = CARTESIAN_POINT ( 'NONE',  ( 1967.999999955823800, 91.78000000000265900, 1955.181577197150800 ) ) ;
#578 = EDGE_CURVE ( 'NONE', #6091, #1538, #5787, .T. ) ;
#579 = CARTESIAN_POINT ( 'NONE',  ( 1964.999999967202500, -92.00000000000000000, 2230.000000026026600 ) ) ;
#580 = DIRECTION ( 'NONE',  ( 0.0000000000000000000, 1.000000000000000000, 0.0000000000000000000 ) ) ;
#581 = ORIENTED_EDGE ( 'NONE', *, *, #4809, .T. ) ;
#582 = DIRECTION ( 'NONE',  ( -9.115936927843110400E-011, 3.491483361109382100E-015, -1.000000000000000000 ) ) ;
#583 = CARTESIAN_POINT ( 'NONE',  ( 1697.593142457037600, -80.00000000000336800, 2016.425645147677400 ) ) ;
#584 = ORIENTED_EDGE ( 'NONE', *, *, #1335, .F. ) ;
#585 = EDGE_CURVE ( 'NONE', #6680, #4417, #265, .T. ) ;
#586 = VERTEX_POINT ( 'NONE', #3014 ) ;
#587 = STYLED_ITEM ( 'NONE', ( #6487 ), #5293 ) ;
#588 = CARTESIAN_POINT ( 'NONE',  ( 1776.354176725221400, -12.44296476917859100, 1967.662642742215900 ) ) ;
#589 = CARTESIAN_POINT ( 'NONE',  ( 1805.501769953904400, -110.5590253257776400, 1928.523803258114000 ) ) ;
#590 = CIRCLE ( 'NONE', #2059, 10.99999999999991300 ) ;
#591 = CARTESIAN_POINT ( 'NONE',  ( 2008.776640240097500, 10.12583816740571200, 1919.000000002324900 ) ) ;
#592 = CARTESIAN_POINT ( 'NONE',  ( 1897.499999947512200, 83.49999999999712900, 1871.300000002325300 ) ) ;
#593 = DIRECTION ( 'NONE',  ( -9.115936927843110400E-011, 3.491483361109382100E-015, -1.000000000000000000 ) ) ;
#594 = EDGE_LOOP ( 'NONE', ( #7129, #2592, #4505, #1861, #2349, #6020 ) ) ;
#595 = DIRECTION ( 'NONE',  ( 1.196245788188485500E-015, -1.000000000000000000, -7.310390927818496600E-015 ) ) ;
#596 = ORIENTED_EDGE ( 'NONE', *, *, #5526, .T. ) ;
#597 = ORIENTED_EDGE ( 'NONE', *, *, #3781, .T. ) ;
#598 = DIRECTION ( 'NONE',  ( 0.0000000000000000000, 1.000000000000000000, 3.491483361109381700E-015 ) ) ;
#599 = ADVANCED_FACE ( 'NONE', ( #3925 ), #2217, .T. ) ;
#600 = LINE ( 'NONE', #2367, #2352 ) ;
#601 = CARTESIAN_POINT ( 'NONE',  ( 1953.017423970649100, -65.49645720934962900, 1957.026887209082600 ) ) ;
#602 = AXIS2_PLACEMENT_3D ( 'NONE', #3701, #3649, #2759 ) ;
#603 = CARTESIAN_POINT ( 'NONE',  ( 1856.999999952526000, -105.0000000000067400, 1931.300000002324200 ) ) ;
#604 = CARTESIAN_POINT ( 'NONE',  ( 1692.447570284268100, 129.6227388117659400, 2036.911484505673300 ) ) ;
#605 = VERTEX_POINT ( 'NONE', #3115 ) ;
#606 = ORIENTED_EDGE ( 'NONE', *, *, #2122, .F. ) ;
#607 = ORIENTED_EDGE ( 'NONE', *, *, #585, .T. ) ;
#608 = DIRECTION ( 'NONE',  ( 0.0000000000000000000, 1.000000000000000000, 0.0000000000000000000 ) ) ;
#609 = DIRECTION ( 'NONE',  ( -1.000000000000000000, 8.881784197001252300E-016, 9.116041255197152600E-011 ) ) ;
#610 = EDGE_CURVE ( 'NONE', #8072, #3597, #2519, .T. ) ;
#611 = CIRCLE ( 'NONE', #8526, 6.650000000000086500 ) ;
#612 = DIRECTION ( 'NONE',  ( 0.0000000000000000000, 1.000000000000000000, 3.491475051078775400E-015 ) ) ;
#613 =( LENGTH_UNIT ( ) NAMED_UNIT ( * ) SI_UNIT ( .MILLI., .METRE. ) );
#614 = ORIENTED_EDGE ( 'NONE', *, *, #3785, .F. ) ;
#615 = ORIENTED_EDGE ( 'NONE', *, *, #2700, .T. ) ;
#616 = VECTOR ( 'NONE', #4135, 1000.000000000000000 ) ;
#617 =( GEOMETRIC_REPRESENTATION_CONTEXT ( 3 ) GLOBAL_UNCERTAINTY_ASSIGNED_CONTEXT ( ( #2277 ) ) GLOBAL_UNIT_ASSIGNED_CONTEXT ( ( #4270, #8751, #4888 ) ) REPRESENTATION_CONTEXT ( 'NONE', 'WORKASPACE' ) );
#618 = CIRCLE ( 'NONE', #7604, 8.950000000000111200 ) ;
#619 = VECTOR ( 'NONE', #6534, 1000.000000000000000 ) ;
#620 = EDGE_LOOP ( 'NONE', ( #3034, #1705, #4052, #742, #8054, #3426 ) ) ;
#621 = DIRECTION ( 'NONE',  ( 9.115693149855618300E-011, -1.158666541659965100E-015, 1.000000000000000000 ) ) ;
#622 = FACE_OUTER_BOUND ( 'NONE', #670, .T. ) ;
#623 = EDGE_CURVE ( 'NONE', #4035, #7313, #4042, .T. ) ;
#624 = CARTESIAN_POINT ( 'NONE',  ( 1814.225292580613300, -115.9726855640745500, 1928.066807966798300 ) ) ;
#625 = CARTESIAN_POINT ( 'NONE',  ( 2009.139866653749100, 3.418556338372310800, 1919.000000002324000 ) ) ;
#626 = EDGE_LOOP ( 'NONE', ( #645, #7822, #4629, #3075 ) ) ;
#627 = DIRECTION ( 'NONE',  ( 0.0000000000000000000, 1.000000000000000000, 0.0000000000000000000 ) ) ;
#628 = LINE ( 'NONE', #4456, #7589 ) ;
#629 = CARTESIAN_POINT ( 'NONE',  ( 1649.999999967202500, -86.00924963875323200, 2080.000000026025600 ) ) ;
#630 = VECTOR ( 'NONE', #531, 1000.000000000000000 ) ;
#631 = CIRCLE ( 'NONE', #1412, 94.99999999999997200 ) ;
#632 = CARTESIAN_POINT ( 'NONE',  ( 1887.266151872580600, 12.44296476917013400, 2203.317521319929700 ) ) ;
#633 = CARTESIAN_POINT ( 'NONE',  ( 1829.999999950338000, -2.952624988047378700E-012, 1895.000000009617900 ) ) ;
#634 = AXIS2_PLACEMENT_3D ( 'NONE', #2135, #6708, #5509 ) ;
#635 = CARTESIAN_POINT ( 'NONE',  ( 1880.999999971965700, -65.00000000000241600, 1726.941558777811000 ) ) ;
#636 = ORIENTED_EDGE ( 'NONE', *, *, #6516, .T. ) ;
#637 = CARTESIAN_POINT ( 'NONE',  ( 1670.086432196259200, 129.7222258696708900, 2007.170578404842200 ) ) ;
#638 = VECTOR ( 'NONE', #580, 1000.000000000000000 ) ;
#639 = CARTESIAN_POINT ( 'NONE',  ( 1878.999999971988900, 96.99999999999641900, 2081.000000008745200 ) ) ;
#640 = DIRECTION ( 'NONE',  ( 0.0000000000000000000, -1.000000000000000000, -3.491483361109382100E-015 ) ) ;
#641 = EDGE_CURVE ( 'NONE', #5812, #6778, #7247, .T. ) ;
#642 = CARTESIAN_POINT ( 'NONE',  ( 1675.159358927814300, 129.5257249481036600, 2004.029797678535300 ) ) ;
#643 = DIRECTION ( 'NONE',  ( -9.115924681779572100E-011, 3.546085137301702500E-015, -1.000000000000000000 ) ) ;
#644 = ORIENTED_EDGE ( 'NONE', *, *, #3550, .F. ) ;
#645 = ORIENTED_EDGE ( 'NONE', *, *, #5662, .T. ) ;
#646 = ADVANCED_FACE ( 'NONE', ( #2013 ), #8635, .T. ) ;
#647 = DIRECTION ( 'NONE',  ( -5.216720400711172700E-016, -1.000000000000000000, -8.085916621101794200E-015 ) ) ;
#648 = LINE ( 'NONE', #7280, #4261 ) ;
#649 = DIRECTION ( 'NONE',  ( 0.0000000000000000000, -1.000000000000000000, 0.0000000000000000000 ) ) ;
#650 = ORIENTED_EDGE ( 'NONE', *, *, #1085, .T. ) ;
#651 = EDGE_CURVE ( 'NONE', #7884, #4165, #1781, .T. ) ;
#652 = ORIENTED_EDGE ( 'NONE', *, *, #5208, .F. ) ;
#653 = DIRECTION ( 'NONE',  ( 0.7071067811865291400, 0.0000000000000000000, 0.7071067811865660000 ) ) ;
#654 = DIRECTION ( 'NONE',  ( -0.5260821092511868100, 0.03489949670250402200, -0.8497173879918748000 ) ) ;
#655 = CARTESIAN_POINT ( 'NONE',  ( 2009.061110454506400, -5.583107675283076600, 1919.000000002324900 ) ) ;
#656 = LINE ( 'NONE', #6028, #2172 ) ;
#657 = CARTESIAN_POINT ( 'NONE',  ( 1649.999999953483900, -3.073081164088404800E-012, 1929.500000026026100 ) ) ;
#658 = AXIS2_PLACEMENT_3D ( 'NONE', #2738, #2725, #2668 ) ;
#659 = CARTESIAN_POINT ( 'NONE',  ( 1967.317544835123000, 82.80141365162100400, 1926.608510917380300 ) ) ;
#660 = AXIS2_PLACEMENT_3D ( 'NONE', #129, #5064, #889 ) ;
#661 = ORIENTED_EDGE ( 'NONE', *, *, #7192, .F. ) ;
#662 = VERTEX_POINT ( 'NONE', #7422 ) ;
#663 = CARTESIAN_POINT ( 'NONE',  ( 1994.719999397111500, -175.9999999999875800, 2330.754424353543500 ) ) ;
#664 = EDGE_LOOP ( 'NONE', ( #2350, #3912 ) ) ;
#665 = CARTESIAN_POINT ( 'NONE',  ( 1869.999999972660400, 51.21677477393262700, 2146.500000008745200 ) ) ;
#666 = EDGE_CURVE ( 'NONE', #4061, #1642, #7037, .T. ) ;
#667 = FACE_OUTER_BOUND ( 'NONE', #8376, .T. ) ;
#668 = CARTESIAN_POINT ( 'NONE',  ( 1723.850208613446500, 129.7884175696284200, 2104.639830521934100 ) ) ;
#669 = DIRECTION ( 'NONE',  ( -9.118504024095125300E-011, -2.280196055141500500E-014, -1.000000000000000000 ) ) ;
#670 = EDGE_LOOP ( 'NONE', ( #5770, #713, #8101, #8319, #5481, #5678 ) ) ;
#671 = PLANE ( 'NONE',  #7941 ) ;
#672 = CARTESIAN_POINT ( 'NONE',  ( 1829.160540857788400, -26.83480033194833700, 1885.500000009617900 ) ) ;
#673 = CARTESIAN_POINT ( 'NONE',  ( 1733.681241966716700, 129.5257249481033200, 2098.553182377861500 ) ) ;
#674 = ORIENTED_EDGE ( 'NONE', *, *, #5288, .T. ) ;
#675 = AXIS2_PLACEMENT_3D ( 'NONE', #4858, #640, #5483 ) ;
#676 = AXIS2_PLACEMENT_3D ( 'NONE', #1460, #8143, #4327 ) ;
#677 = LINE ( 'NONE', #804, #4083 ) ;
#678 = DIRECTION ( 'NONE',  ( 0.0000000000000000000, -1.000000000000000000, 0.0000000000000000000 ) ) ;
#679 = EDGE_CURVE ( 'NONE', #8283, #5546, #4129, .T. ) ;
#680 = EDGE_LOOP ( 'NONE', ( #6260, #3389, #2222, #4671 ) ) ;
#681 = VERTEX_POINT ( 'NONE', #7102 ) ;
#682 = ORIENTED_EDGE ( 'NONE', *, *, #4590, .T. ) ;
#683 = DIRECTION ( 'NONE',  ( 0.0000000000000000000, 1.565016120213240800E-015, -1.000000000000000000 ) ) ;
#684 = LINE ( 'NONE', #8337, #2436 ) ;
#685 = CARTESIAN_POINT ( 'NONE',  ( 1880.999999958559300, 62.21677477381695800, 1981.500000002324900 ) ) ;
#686 = CARTESIAN_POINT ( 'NONE',  ( 2009.191921694742200, 1.171493707980293400, 1919.000000002323800 ) ) ;
#687 = CARTESIAN_POINT ( 'NONE',  ( 1994.999999967202500, -92.00000000000000000, 2333.400000026028000 ) ) ;
#688 = ORIENTED_EDGE ( 'NONE', *, *, #1377, .F. ) ;
#689 = CARTESIAN_POINT ( 'NONE',  ( 1994.719999397111500, 500000.0000000000600, 2369.254424355289800 ) ) ;
#690 = ORIENTED_EDGE ( 'NONE', *, *, #7273, .F. ) ;
#691 = CIRCLE ( 'NONE', #7747, 50.22873113858806000 ) ;
#692 = CARTESIAN_POINT ( 'NONE',  ( 1856.999999952526000, -105.0000000000067400, 1931.300000002324200 ) ) ;
#693 = ADVANCED_FACE ( 'NONE', ( #5395 ), #1552, .T. ) ;
#694 = CARTESIAN_POINT ( 'NONE',  ( 2009.162343037399300, -3.340644833685650000, 1919.000000002324400 ) ) ;
#695 = ORIENTED_EDGE ( 'NONE', *, *, #1342, .F. ) ;
#696 = CARTESIAN_POINT ( 'NONE',  ( 1702.439535171917700, 129.7891394494875200, 2074.310467066863600 ) ) ;
#697 = ORIENTED_EDGE ( 'NONE', *, *, #4278, .F. ) ;
#698 = ORIENTED_EDGE ( 'NONE', *, *, #5889, .T. ) ;
#699 = CARTESIAN_POINT ( 'NONE',  ( 1964.999999967202500, -104.5000000000000000, 2230.000000026026600 ) ) ;
#700 = VECTOR ( 'NONE', #1943, 999.9999999999998900 ) ;
#701 = CARTESIAN_POINT ( 'NONE',  ( 1994.719999397111500, -175.9999999999878600, 2407.754424353543500 ) ) ;
#702 = CARTESIAN_POINT ( 'NONE',  ( 1990.839459047263300, -33.48480033194846300, 1895.000000009617200 ) ) ;
#703 = EDGE_LOOP ( 'NONE', ( #756, #728, #3600, #5819, #3690, #5478, #8782 ) ) ;
#704 = APPLICATION_PROTOCOL_DEFINITION ( 'draft international standard', 'automotive_design', 1998, #5518 ) ;
#705 = EDGE_LOOP ( 'NONE', ( #2544, #1153, #3245, #154, #3128, #1530, #1056, #315, #1036, #939 ) ) ;
#706 = ORIENTED_EDGE ( 'NONE', *, *, #2591, .F. ) ;
#707 = VERTEX_POINT ( 'NONE', #7159 ) ;
#708 = CARTESIAN_POINT ( 'NONE',  ( 1947.352621502061800, -126.2999999964182200, 1928.608039759146800 ) ) ;
#709 = EDGE_CURVE ( 'NONE', #8467, #4656, #6835, .T. ) ;
#710 = DIRECTION ( 'NONE',  ( -1.000000000000000000, 0.0000000000000000000, 9.116624592718548600E-011 ) ) ;
#711 = LINE ( 'NONE', #4112, #468 ) ;
#712 = EDGE_CURVE ( 'NONE', #2414, #7664, #3509, .T. ) ;
#713 = ORIENTED_EDGE ( 'NONE', *, *, #3317, .T. ) ;
#714 = AXIS2_PLACEMENT_3D ( 'NONE', #5251, #1112, #5222 ) ;
#715 = CARTESIAN_POINT ( 'NONE',  ( 1930.999999947511900, 83.49999999999704400, 1900.000000002324700 ) ) ;
#716 = B_SPLINE_CURVE_WITH_KNOTS ( 'NONE', 3,
 ( #5493, #1394, #6108, #2149, #6722, #2884 ),
 .UNSPECIFIED., .F., .F.,
 ( 4, 2, 4 ),
 ( 5.855626962860565700E-017, 0.01094697790443609900, 0.02189395580887213900 ),
 .UNSPECIFIED. ) ;
#717 = CARTESIAN_POINT ( 'NONE',  ( 1880.185236341601900, 91.26203889640061100, 1918.999999998537800 ) ) ;
#718 = VERTEX_POINT ( 'NONE', #6674 ) ;
#719 = ORIENTED_EDGE ( 'NONE', *, *, #3835, .T. ) ;
#720 = CARTESIAN_POINT ( 'NONE',  ( 2002.006794584964600, 37.16971998767357400, 1919.000000002324700 ) ) ;
#721 = FACE_OUTER_BOUND ( 'NONE', #1972, .T. ) ;
#722 = DIRECTION ( 'NONE',  ( -0.02754979283939459600, -0.9986295347545737200, -0.04449787894237315600 ) ) ;
#723 = EDGE_CURVE ( 'NONE', #3082, #3025, #5005, .T. ) ;
#724 = CARTESIAN_POINT ( 'NONE',  ( 1649.999999967202500, -80.00000000000358100, 2080.000000026026100 ) ) ;
#725 = CARTESIAN_POINT ( 'NONE',  ( 1938.999999935018000, -62.21677477306656800, 1726.941558772523900 ) ) ;
#726 = CARTESIAN_POINT ( 'NONE',  ( 1666.279989359940600, 129.7810507115505900, 2009.527246050312900 ) ) ;
#727 = CARTESIAN_POINT ( 'NONE',  ( 2007.886949613725400, -16.67713300625321800, 1919.000000002324200 ) ) ;
#728 = ORIENTED_EDGE ( 'NONE', *, *, #2694, .F. ) ;
#729 = FACE_OUTER_BOUND ( 'NONE', #8188, .T. ) ;
#730 = CARTESIAN_POINT ( 'NONE',  ( 1707.197933636688500, 129.7636477283258800, 2071.364418961481500 ) ) ;
#731 = CIRCLE ( 'NONE', #6045, 34.99999999999970200 ) ;
#732 = AXIS2_PLACEMENT_3D ( 'NONE', #6167, #2218, #6787 ) ;
#733 = CARTESIAN_POINT ( 'NONE',  ( 1681.028881699683800, 129.7825217123937900, 2043.981091248284000 ) ) ;
#734 = CARTESIAN_POINT ( 'NONE',  ( 1829.555420700583900, -3.073293013500328900, 2031.336887566577600 ) ) ;
#735 = DIRECTION ( 'NONE',  ( 0.0000000000000000000, 5.870975566485064400E-015, -1.000000000000000000 ) ) ;
#736 = EDGE_CURVE ( 'NONE', #5003, #5069, #6634, .T. ) ;
#737 = ORIENTED_EDGE ( 'NONE', *, *, #623, .F. ) ;
#738 = CARTESIAN_POINT ( 'NONE',  ( 1897.499999947512200, 83.49999999999714400, 1891.500000002324700 ) ) ;
#739 = EDGE_LOOP ( 'NONE', ( #1627, #2321, #133, #2687 ) ) ;
#740 = CIRCLE ( 'NONE', #4291, 6.650000000000141600 ) ;
#741 = CYLINDRICAL_SURFACE ( 'NONE', #8132, 14.75000000000004100 ) ;
#742 = ORIENTED_EDGE ( 'NONE', *, *, #5429, .F. ) ;
#743 = VECTOR ( 'NONE', #778, 1000.000000000000000 ) ;
#744 = DIRECTION ( 'NONE',  ( 3.182802359415013500E-025, 3.491475051101102100E-015, -1.000000000000000000 ) ) ;
#745 = ADVANCED_FACE ( 'NONE', ( #5196 ), #3045, .T. ) ;
#746 = CARTESIAN_POINT ( 'NONE',  ( 1645.978300024675000, -130.5456817803093900, 2030.321879763942400 ) ) ;
#747 = ORIENTED_EDGE ( 'NONE', *, *, #6237, .T. ) ;
#748 = AXIS2_PLACEMENT_3D ( 'NONE', #5258, #5907, #1891 ) ;
#749 = EDGE_CURVE ( 'NONE', #5056, #556, #4811, .T. ) ;
#750 = LINE ( 'NONE', #7553, #7262 ) ;
#751 = CARTESIAN_POINT ( 'NONE',  ( 1704.875312763654800, 79.99999999999671700, 1985.108414068881100 ) ) ;
#752 = VECTOR ( 'NONE', #224, 1000.000000000000100 ) ;
#753 = CARTESIAN_POINT ( 'NONE',  ( 2008.534267745238800, -12.27098175585344800, 1919.000000002324700 ) ) ;
#754 = DIRECTION ( 'NONE',  ( 0.0000000000000000000, -9.835798702883100100E-015, 1.000000000000000000 ) ) ;
#755 = CARTESIAN_POINT ( 'NONE',  ( 1649.999999967202500, 115.4999999999966000, 2020.061399501887800 ) ) ;
#756 = ORIENTED_EDGE ( 'NONE', *, *, #5408, .T. ) ;
#757 = CARTESIAN_POINT ( 'NONE',  ( 1946.384934235313000, -106.9622426380526600, 2383.600329237933700 ) ) ;
#758 = CARTESIAN_POINT ( 'NONE',  ( 1722.264056039207800, 129.7902424056702000, 2105.621858786439600 ) ) ;
#759 = CIRCLE ( 'NONE', #660, 617.3453722301688900 ) ;
#760 = CARTESIAN_POINT ( 'NONE',  ( 2009.094891021125000, 4.538984920724400900, 1919.000000002325100 ) ) ;
#761 = DIRECTION ( 'NONE',  ( 1.000000000000000000, -0.0000000000000000000, 0.0000000000000000000 ) ) ;
#762 = ORIENTED_EDGE ( 'NONE', *, *, #2165, .T. ) ;
#763 = CARTESIAN_POINT ( 'NONE',  ( 1647.384004133765500, 129.7333671374015600, 2021.226241392350900 ) ) ;
#764 = ORIENTED_EDGE ( 'NONE', *, *, #249, .F. ) ;
#765 = CARTESIAN_POINT ( 'NONE',  ( 1994.719999397111500, -175.9999999999876100, 2334.254424353544000 ) ) ;
#766 = CARTESIAN_POINT ( 'NONE',  ( 1968.197070597641400, 88.01966814610321400, 1955.043301615287200 ) ) ;
#767 = DIRECTION ( 'NONE',  ( -0.0000000000000000000, -1.000000000000000000, -0.0000000000000000000 ) ) ;
#768 = EDGE_CURVE ( 'NONE', #7245, #3244, #6444, .T. ) ;
#769 = CARTESIAN_POINT ( 'NONE',  ( 1694.666653274114400, 129.5257249481035400, 2035.537592578310500 ) ) ;
#770 = FACE_OUTER_BOUND ( 'NONE', #7837, .T. ) ;
#771 = EDGE_CURVE ( 'NONE', #6146, #7911, #6417, .T. ) ;
#772 = CARTESIAN_POINT ( 'NONE',  ( 1814.999999952526000, 105.9999999999931800, 1931.300000002324900 ) ) ;
#773 = VERTEX_POINT ( 'NONE', #6172 ) ;
#774 = CARTESIAN_POINT ( 'NONE',  ( 1884.999999967202500, -91.99999999998453900, 2110.000000026026600 ) ) ;
#775 = CIRCLE ( 'NONE', #399, 18.99999999999968400 ) ;
#776 = CARTESIAN_POINT ( 'NONE',  ( 1946.795152788945000, -130.4796892176911500, 2380.504191299663500 ) ) ;
#777 = CARTESIAN_POINT ( 'NONE',  ( 1814.999999952526000, -94.00000000000682100, 1926.915268311430700 ) ) ;
#778 = DIRECTION ( 'NONE',  ( 1.000000000000000000, -4.764367991250473900E-012, -2.496899461086584500E-013 ) ) ;
#779 = EDGE_LOOP ( 'NONE', ( #8171, #5159 ) ) ;
#780 =( BOUNDED_CURVE ( )  B_SPLINE_CURVE ( 3, ( #1662, #5714, #2420, #6957 ),
 .UNSPECIFIED., .F., .F. ) 
 B_SPLINE_CURVE_WITH_KNOTS ( ( 4, 4 ),
 ( 3.141592651850371200, 3.212078946223589200 ),
 .UNSPECIFIED. ) 
 CURVE ( )  GEOMETRIC_REPRESENTATION_ITEM ( )  RATIONAL_B_SPLINE_CURVE ( ( 1.000000000000000000, 0.9995860163781671300, 0.9995860163781671300, 1.000000000000000000 ) ) 
 REPRESENTATION_ITEM ( '' )  );
#782 = ORIENTED_EDGE ( 'NONE', *, *, #4503, .T. ) ;
#781 = CARTESIAN_POINT ( 'NONE',  ( 2005.934236094490400, -25.37290337939127500, 1919.000000002324900 ) ) ;
#783 = FACE_BOUND ( 'NONE', #3102, .T. ) ;
#784 = AXIS2_PLACEMENT_3D ( 'NONE', #7243, #7276, #7188 ) ;
#785 = DIRECTION ( 'NONE',  ( 6.545692927838761700E-016, -1.000000000000000000, -8.378486947633858200E-015 ) ) ;
#786 = AXIS2_PLACEMENT_3D ( 'NONE', #4971, #2411, #6950 ) ;
#787 = CARTESIAN_POINT ( 'NONE',  ( 1949.547539960191000, -127.9618203245830300, 2389.043640080317300 ) ) ;
#788 = CARTESIAN_POINT ( 'NONE',  ( 1701.487855608950900, 129.7858305809409700, 2074.899676607461500 ) ) ;
#789 = ADVANCED_FACE ( 'NONE', ( #6266 ), #6063, .T. ) ;
#790 = DIRECTION ( 'NONE',  ( -1.000000000000000000, 0.0000000000000000000, 9.116000135825862400E-011 ) ) ;
#791 = ORIENTED_EDGE ( 'NONE', *, *, #7751, .F. ) ;
#792 = CARTESIAN_POINT ( 'NONE',  ( 1994.719999397111700, -136.0000000000060500, 2320.359239912109400 ) ) ;
#793 = EDGE_CURVE ( 'NONE', #450, #4586, #7795, .T. ) ;
#794 = ORIENTED_EDGE ( 'NONE', *, *, #3143, .F. ) ;
#795 = ORIENTED_EDGE ( 'NONE', *, *, #6584, .T. ) ;
#796 = PLANE ( 'NONE',  #3596 ) ;
#797 = CARTESIAN_POINT ( 'NONE',  ( 1916.530150187925800, -107.4513910373509400, 1894.000000002324200 ) ) ;
#798 = FACE_OUTER_BOUND ( 'NONE', #6741, .T. ) ;
#799 = CARTESIAN_POINT ( 'NONE',  ( 1641.999999967202500, 115.4999999999965500, 2035.000000003669600 ) ) ;
#800 = CARTESIAN_POINT ( 'NONE',  ( 1856.999999952526000, -105.0000000000068200, 1953.800000002324200 ) ) ;
#801 = CARTESIAN_POINT ( 'NONE',  ( 1714.173947620415700, 129.5257249481034300, 2067.045387478086000 ) ) ;
#802 = ORIENTED_EDGE ( 'NONE', *, *, #213, .F. ) ;
#803 = ORIENTED_EDGE ( 'NONE', *, *, #928, .T. ) ;
#804 = CARTESIAN_POINT ( 'NONE',  ( 1930.999999947511900, 83.49999999999701600, 1909.000000002324700 ) ) ;
#805 = AXIS2_PLACEMENT_3D ( 'NONE', #4636, #377, #5270 ) ;
#806 = EDGE_LOOP ( 'NONE', ( #6694, #3569, #3776, #7100 ) ) ;
#807 = ORIENTED_EDGE ( 'NONE', *, *, #1393, .F. ) ;
#808 = CARTESIAN_POINT ( 'NONE',  ( 1829.160540857791400, 40.13480033194937800, 1885.500000009618400 ) ) ;
#809 = EDGE_CURVE ( 'NONE', #236, #6217, #857, .T. ) ;
#810 = ORIENTED_EDGE ( 'NONE', *, *, #5829, .F. ) ;
#811 = CARTESIAN_POINT ( 'NONE',  ( 1947.338026641742300, -130.4122127430716200, 2356.007280575801800 ) ) ;
#812 = ORIENTED_EDGE ( 'NONE', *, *, #6437, .T. ) ;
#813 = ORIENTED_EDGE ( 'NONE', *, *, #5547, .T. ) ;
#814 = CARTESIAN_POINT ( 'NONE',  ( 1909.999999947512200, -2.844389003852986700E-012, 1864.000000002324700 ) ) ;
#815 = DIRECTION ( 'NONE',  ( -1.000000000000000000, 0.0000000000000000000, 0.0000000000000000000 ) ) ;
#816 = LINE ( 'NONE', #5627, #4393 ) ;
#817 = CARTESIAN_POINT ( 'NONE',  ( 2006.477472345420000, -23.20871041778853100, 1919.000000002324200 ) ) ;
#818 = AXIS2_PLACEMENT_3D ( 'NONE', #3386, #7862, #4065 ) ;
#819 = ORIENTED_EDGE ( 'NONE', *, *, #6060, .F. ) ;
#820 = CARTESIAN_POINT ( 'NONE',  ( 1866.999999956400400, -43.00000000000319700, 1961.499999956220100 ) ) ;
#821 = VERTEX_POINT ( 'NONE', #5906 ) ;
#822 = VERTEX_POINT ( 'NONE', #5682 ) ;
#823 = DIRECTION ( 'NONE',  ( 0.0000000000000000000, 3.604620209821938900E-015, -1.000000000000000000 ) ) ;
#824 = CARTESIAN_POINT ( 'NONE',  ( 1680.077202136716300, 129.7792128438466400, 2044.570300788881900 ) ) ;
#825 = CONICAL_SURFACE ( 'NONE', #52, 53.20502822395268100, 0.03490658503987955500 ) ;
#826 = CARTESIAN_POINT ( 'NONE',  ( 1999.891630606547300, -42.27169869686029800, 1919.000000002324400 ) ) ;
#827 = EDGE_CURVE ( 'NONE', #5442, #1001, #4992, .T. ) ;
#828 = EDGE_CURVE ( 'NONE', #8720, #4360, #4427, .T. ) ;
#829 = ORIENTED_EDGE ( 'NONE', *, *, #2026, .T. ) ;
#830 = CARTESIAN_POINT ( 'NONE',  ( 1836.999999952525700, -116.0000000000066400, 1928.068239453652000 ) ) ;
#831 = CARTESIAN_POINT ( 'NONE',  ( 1866.249999952526000, -69.12722283114101200, 1895.000000009617200 ) ) ;
#832 = CARTESIAN_POINT ( 'NONE',  ( 1884.999999947512200, 109.4999999999968900, 1945.500000004472000 ) ) ;
#833 = VERTEX_POINT ( 'NONE', #5927 ) ;
#834 = DIRECTION ( 'NONE',  ( 1.196245788188485500E-015, -1.000000000000000000, -7.310390927818496600E-015 ) ) ;
#835 = ORIENTED_EDGE ( 'NONE', *, *, #585, .F. ) ;
#836 = ORIENTED_EDGE ( 'NONE', *, *, #900, .F. ) ;
#837 = CARTESIAN_POINT ( 'NONE',  ( 1716.873959565789600, 79.99999999999670300, 2004.488390389799000 ) ) ;
#838 = CARTESIAN_POINT ( 'NONE',  ( 1929.334848562614100, -126.3000000000065800, 1894.000000002324200 ) ) ;
#839 = CARTESIAN_POINT ( 'NONE',  ( 1675.793322487558700, 129.4957545098618000, 2003.637294369302700 ) ) ;
#840 = VECTOR ( 'NONE', #70, 1000.000000000000000 ) ;
#841 = DIRECTION ( 'NONE',  ( -3.182802359415013500E-025, -3.491475051101102100E-015, 1.000000000000000000 ) ) ;
#842 = CARTESIAN_POINT ( 'NONE',  ( 1836.999999952525700, -94.00000000000682100, 1926.915268309425500 ) ) ;
#843 = VERTEX_POINT ( 'NONE', #5417 ) ;
#844 = EDGE_CURVE ( 'NONE', #5656, #5916, #1088, .T. ) ;
#845 = ADVANCED_FACE ( 'NONE', ( #8007 ), #5499, .F. ) ;
#846 = B_SPLINE_CURVE_WITH_KNOTS ( 'NONE', 3,
 ( #4578, #8420, #1060, #5838 ),
 .UNSPECIFIED., .F., .F.,
 ( 4, 4 ),
 ( 2.234771643911132500E-013, 0.007509726097285753700 ),
 .UNSPECIFIED. ) ;
#847 = ORIENTED_EDGE ( 'NONE', *, *, #1844, .T. ) ;
#848 = ORIENTED_EDGE ( 'NONE', *, *, #2974, .T. ) ;
#849 = CYLINDRICAL_SURFACE ( 'NONE', #5896, 69.99999999999992900 ) ;
#850 = CARTESIAN_POINT ( 'NONE',  ( 1962.555529674864400, -130.2282441920934800, 2332.012926806377900 ) ) ;
#851 = ORIENTED_EDGE ( 'NONE', *, *, #8677, .T. ) ;
#852 = EDGE_CURVE ( 'NONE', #5510, #1104, #5737, .T. ) ;
#853 = AXIS2_PLACEMENT_3D ( 'NONE', #4710, #8590, #4736 ) ;
#854 = CARTESIAN_POINT ( 'NONE',  ( 2004.697910438760100, -29.67475335002735500, 1919.000000002324900 ) ) ;
#855 = ORIENTED_EDGE ( 'NONE', *, *, #6111, .T. ) ;
#856 = ORIENTED_EDGE ( 'NONE', *, *, #5846, .T. ) ;
#857 = LINE ( 'NONE', #2929, #4606 ) ;
#858 = CIRCLE ( 'NONE', #1651, 69.99999999999992900 ) ;
#859 = PLANE ( 'NONE',  #7031 ) ;
#860 = EDGE_CURVE ( 'NONE', #6964, #2043, #5871, .T. ) ;
#861 = CIRCLE ( 'NONE', #7028, 6.650000000000266800 ) ;
#862 = CARTESIAN_POINT ( 'NONE',  ( 1954.999999956400000, 64.99999999999676000, 1961.500000004364700 ) ) ;
#863 = VECTOR ( 'NONE', #341, 1000.000000000000100 ) ;
#864 = DIRECTION ( 'NONE',  ( 0.0000000000000000000, 1.000000000000000000, 0.0000000000000000000 ) ) ;
#865 = CARTESIAN_POINT ( 'NONE',  ( 1621.012196820466700, 129.6416757245111700, 2037.553712398839000 ) ) ;
#866 = CARTESIAN_POINT ( 'NONE',  ( 2001.697868917659200, -38.17974257572121400, 1919.000000002325100 ) ) ;
#867 =( GEOMETRIC_REPRESENTATION_CONTEXT ( 3 ) GLOBAL_UNCERTAINTY_ASSIGNED_CONTEXT ( ( #6827 ) ) GLOBAL_UNIT_ASSIGNED_CONTEXT ( ( #8353, #4510, #217 ) ) REPRESENTATION_CONTEXT ( 'NONE', 'WORKASPACE' ) );
#868 = DIRECTION ( 'NONE',  ( 0.0000000000000000000, -1.000000000000000000, 0.0000000000000000000 ) ) ;
#869 = ORIENTED_EDGE ( 'NONE', *, *, #6658, .T. ) ;
#870 = FACE_OUTER_BOUND ( 'NONE', #5528, .T. ) ;
#871 = CYLINDRICAL_SURFACE ( 'NONE', #8741, 8.950000000000111200 ) ;
#872 = PRESENTATION_STYLE_ASSIGNMENT (( #4838 ) ) ;
#873 = CARTESIAN_POINT ( 'NONE',  ( 1991.419716083434700, -67.81906523349052000, 1954.532176383765100 ) ) ;
#874 = DIRECTION ( 'NONE',  ( -0.0000000000000000000, 1.000000000000000000, 3.491475051101102100E-015 ) ) ;
#875 = CARTESIAN_POINT ( 'NONE',  ( 1695.300616833859700, 129.4957545098617700, 2035.145089269078000 ) ) ;
#876 = EDGE_CURVE ( 'NONE', #2124, #5869, #7572, .T. ) ;
#877 = ORIENTED_EDGE ( 'NONE', *, *, #11, .T. ) ;
#878 = CARTESIAN_POINT ( 'NONE',  ( 1975.551699700235500, 43.01935267321083200, 1955.972793775047200 ) ) ;
#879 = CARTESIAN_POINT ( 'NONE',  ( 1949.999999971988500, 76.99999999999636200, 2081.000000008745200 ) ) ;
#880 = CIRCLE ( 'NONE', #2954, 6.650000000000141600 ) ;
#881 = CARTESIAN_POINT ( 'NONE',  ( 1990.581298356744800, -129.9199348908712800, 2320.171922155758700 ) ) ;
#882 = VERTEX_POINT ( 'NONE', #4705 ) ;
#883 = VERTEX_POINT ( 'NONE', #4622 ) ;
#884 = EDGE_CURVE ( 'NONE', #4436, #2989, #2265, .T. ) ;
#885 = CARTESIAN_POINT ( 'NONE',  ( 1866.249999952526000, -75.77722283114124500, 1885.500000009617900 ) ) ;
#886 = CARTESIAN_POINT ( 'NONE',  ( 1869.999999971988200, 62.99999999999634800, 2081.000000008745200 ) ) ;
#887 = LINE ( 'NONE', #5983, #4457 ) ;
#888 = DIRECTION ( 'NONE',  ( 0.9818280762426497800, 6.625877740203609600E-016, -0.1897725709939602200 ) ) ;
#889 = DIRECTION ( 'NONE',  ( -1.000000000000000000, 0.0000000000000000000, 9.116000159675123500E-011 ) ) ;
#890 = ORIENTED_EDGE ( 'NONE', *, *, #6029, .T. ) ;
#891 = ADVANCED_FACE ( 'NONE', ( #372 ), #2025, .T. ) ;
#892 = VERTEX_POINT ( 'NONE', #4313 ) ;
#893 = CARTESIAN_POINT ( 'NONE',  ( 1993.437298865150800, -53.96407666132562000, 1919.000000002325100 ) ) ;
#894 = DIRECTION ( 'NONE',  ( -9.115936927843110400E-011, 3.491483361109382100E-015, -1.000000000000000000 ) ) ;
#895 = LINE ( 'NONE', #7122, #7834 ) ;
#896 = DIRECTION ( 'NONE',  ( 0.0000000000000000000, -1.000000000000000000, -3.491483361109382100E-015 ) ) ;
#897 = CARTESIAN_POINT ( 'NONE',  ( 1957.103609153880400, 82.49999999999690200, 1895.000000006618600 ) ) ;
#898 = ORIENTED_EDGE ( 'NONE', *, *, #2880, .F. ) ;
#899 = CARTESIAN_POINT ( 'NONE',  ( 1975.993863234207500, 82.88420546381365700, 1955.070859036663500 ) ) ;
#900 = EDGE_CURVE ( 'NONE', #7963, #2197, #7261, .T. ) ;
#901 = DIRECTION ( 'NONE',  ( 0.0000000000000000000, -1.000000000000000000, -3.546076827293422200E-015 ) ) ;
#902 = ORIENTED_EDGE ( 'NONE', *, *, #7273, .T. ) ;
#903 = CARTESIAN_POINT ( 'NONE',  ( 1776.354176725221100, -12.44296476917859800, 1967.662642742215700 ) ) ;
#904 = CARTESIAN_POINT ( 'NONE',  ( 1975.262036965166800, 43.00916694718593900, 1961.500000002004500 ) ) ;
#905 = EDGE_CURVE ( 'NONE', #2908, #3209, #3934, .T. ) ;
#906 = DIRECTION ( 'NONE',  ( 0.0000000000000000000, 1.000000000000000000, 0.0000000000000000000 ) ) ;
#907 = AXIS2_PLACEMENT_3D ( 'NONE', #8069, #4260, #2868 ) ;
#908 = DIRECTION ( 'NONE',  ( -9.115924681779572100E-011, 0.0000000000000000000, -1.000000000000000000 ) ) ;
#909 = EDGE_LOOP ( 'NONE', ( #2, #7231 ) ) ;
#910 = ORIENTED_EDGE ( 'NONE', *, *, #4649, .T. ) ;
#911 = ORIENTED_EDGE ( 'NONE', *, *, #3721, .F. ) ;
#912 = CYLINDRICAL_SURFACE ( 'NONE', #7523, 6.650000000000086500 ) ;
#913 = CARTESIAN_POINT ( 'NONE',  ( 1975.696528563549500, 43.02448021446701200, 1953.209190512168800 ) ) ;
#914 = DIRECTION ( 'NONE',  ( 1.000000000000000000, 0.0000000000000000000, -9.116041255197152600E-011 ) ) ;
#915 = ADVANCED_FACE ( 'NONE', ( #4140 ), #5404, .T. ) ;
#916 = CARTESIAN_POINT ( 'NONE',  ( 1995.762012267944300, -50.16424136686444500, 1919.000000002324400 ) ) ;
#917 = ORIENTED_EDGE ( 'NONE', *, *, #4773, .T. ) ;
#918 = DIRECTION ( 'NONE',  ( -0.0000000000000000000, -1.000000000000000000, -0.0000000000000000000 ) ) ;
#919 = ORIENTED_EDGE ( 'NONE', *, *, #6437, .F. ) ;
#920 = AXIS2_PLACEMENT_3D ( 'NONE', #7381, #7557, #7015 ) ;
#921 = ORIENTED_EDGE ( 'NONE', *, *, #2974, .F. ) ;
#922 = CARTESIAN_POINT ( 'NONE',  ( 1814.999999952526000, -108.4000000000069700, 1953.800000002324200 ) ) ;
#923 = CARTESIAN_POINT ( 'NONE',  ( 1880.147907087525700, 91.51707960234330100, 1923.866466557425200 ) ) ;
#924 = LINE ( 'NONE', #3799, #4483 ) ;
#925 = DIRECTION ( 'NONE',  ( -0.4103646773288023900, -0.9119215051751044000, 0.0000000000000000000 ) ) ;
#926 = DIRECTION ( 'NONE',  ( -9.115830098789027600E-011, 4.133910621102674500E-015, -1.000000000000000000 ) ) ;
#927 = CARTESIAN_POINT ( 'NONE',  ( 1975.406869185778500, 43.01424801720354900, 1958.736396910482200 ) ) ;
#928 = EDGE_CURVE ( 'NONE', #3813, #8773, #38, .T. ) ;
#929 = ORIENTED_EDGE ( 'NONE', *, *, #884, .T. ) ;
#930 = CARTESIAN_POINT ( 'NONE',  ( 1972.216774731923100, 28.99999999999721500, 1726.941558769242400 ) ) ;
#931 = ORIENTED_EDGE ( 'NONE', *, *, #327, .F. ) ;
#932 = CARTESIAN_POINT ( 'NONE',  ( 1805.096646938752700, 99.80587140586990800, 1927.510579726306300 ) ) ;
#933 = VECTOR ( 'NONE', #5859, 1000.000000000000000 ) ;
#934 = CARTESIAN_POINT ( 'NONE',  ( 2003.642463666227300, -44.63789258393602200, 1941.731393871282500 ) ) ;
#935 = CARTESIAN_POINT ( 'NONE',  ( 1734.315205526462000, 129.4957545098614800, 2098.160679068628700 ) ) ;
#936 = CARTESIAN_POINT ( 'NONE',  ( 1846.407240134308000, 81.59232186815515300, 1926.650733343867400 ) ) ;
#937 = ORIENTED_EDGE ( 'NONE', *, *, #2887, .F. ) ;
#938 = AXIS2_PLACEMENT_3D ( 'NONE', #832, #5649, #1575 ) ;
#939 = ORIENTED_EDGE ( 'NONE', *, *, #8413, .F. ) ;
#940 = DIRECTION ( 'NONE',  ( -9.115936927843110400E-011, 3.491483361109382100E-015, -1.000000000000000000 ) ) ;
#941 = ADVANCED_FACE ( 'NONE', ( #3727, #7049 ), #4410, .F. ) ;
#942 = EDGE_CURVE ( 'NONE', #3238, #3025, #8649, .T. ) ;
#943 = CARTESIAN_POINT ( 'NONE',  ( 1975.696528563549500, 43.02448021446701200, 1953.209190512168800 ) ) ;
#944 = LINE ( 'NONE', #7175, #6711 ) ;
#945 = ORIENTED_EDGE ( 'NONE', *, *, #6489, .F. ) ;
#946 = CARTESIAN_POINT ( 'NONE',  ( 1649.999999967202500, -188.6660834161337700, 2080.000000026025600 ) ) ;
#947 = VERTEX_POINT ( 'NONE', #3765 ) ;
#948 = CARTESIAN_POINT ( 'NONE',  ( 1880.999999972831800, -62.21677477159465000, 2146.500000008745200 ) ) ;
#949 = ORIENTED_EDGE ( 'NONE', *, *, #3100, .F. ) ;
#950 = DIRECTION ( 'NONE',  ( 0.0000000000000000000, 3.491483361109382500E-015, -1.000000000000000000 ) ) ;
#951 = AXIS2_PLACEMENT_3D ( 'NONE', #1797, #6431, #2556 ) ;
#952 = ORIENTED_EDGE ( 'NONE', *, *, #5261, .T. ) ;
#953 = DIRECTION ( 'NONE',  ( -1.000000000000000000, 0.0000000000000000000, 9.116360358266787600E-011 ) ) ;
#954 = CARTESIAN_POINT ( 'NONE',  ( 1814.999999952526000, -105.0000000000067400, 1931.300000002324200 ) ) ;
#955 = EDGE_LOOP ( 'NONE', ( #5957, #1666 ) ) ;
#956 = CARTESIAN_POINT ( 'NONE',  ( 1882.397530848217500, 112.4457417063020700, 1934.292117332787700 ) ) ;
#957 = CARTESIAN_POINT ( 'NONE',  ( 1871.969821099781500, 67.51659302824791100, 1961.500000005791400 ) ) ;
#958 = ORIENTED_EDGE ( 'NONE', *, *, #3526, .T. ) ;
#959 = VERTEX_POINT ( 'NONE', #3678 ) ;
#960 = EDGE_CURVE ( 'NONE', #1215, #5796, #1791, .T. ) ;
#961 = FACE_BOUND ( 'NONE', #279, .T. ) ;
#962 = DIRECTION ( 'NONE',  ( 0.7071067812246678600, -0.7071067811484272900, 0.0000000000000000000 ) ) ;
#963 = ADVANCED_FACE ( 'NONE', ( #6847 ), #3707, .F. ) ;
#964 = CARTESIAN_POINT ( 'NONE',  ( 1962.619138695364700, 89.28967397192877800, 1943.163959950157300 ) ) ;
#965 = DIRECTION ( 'NONE',  ( -9.115924681779572100E-011, 3.546085137301702500E-015, -1.000000000000000000 ) ) ;
#966 = ORIENTED_EDGE ( 'NONE', *, *, #1583, .T. ) ;
#967 = DIRECTION ( 'NONE',  ( 0.0000000000000000000, 1.000000000000000000, 0.0000000000000000000 ) ) ;
#968 = FACE_OUTER_BOUND ( 'NONE', #1459, .T. ) ;
#969 = LINE ( 'NONE', #6806, #7895 ) ;
#970 = CARTESIAN_POINT ( 'NONE',  ( 1964.999999967202500, -104.1870349947733100, 2317.500000026027900 ) ) ;
#971 = DIRECTION ( 'NONE',  ( -3.182806635077192000E-025, -3.491475051078775400E-015, 1.000000000000000000 ) ) ;
#972 = DIRECTION ( 'NONE',  ( 0.0000000000000000000, 1.000000000000000000, 0.0000000000000000000 ) ) ;
#973 = ORIENTED_EDGE ( 'NONE', *, *, #1988, .F. ) ;
#974 = DIRECTION ( 'NONE',  ( 0.0000000000000000000, -2.921639538487302800E-015, 1.000000000000000000 ) ) ;
#975 = VERTEX_POINT ( 'NONE', #3077 ) ;
#976 = VECTOR ( 'NONE', #4941, 1000.000000000000000 ) ;
#977 = AXIS2_PLACEMENT_3D ( 'NONE', #5302, #7179, #3398 ) ;
#978 = LINE ( 'NONE', #8734, #7694 ) ;
#979 = CARTESIAN_POINT ( 'NONE',  ( 1811.816401875520300, 118.6547895780822300, 1927.703419827627400 ) ) ;
#980 = FACE_OUTER_BOUND ( 'NONE', #8274, .T. ) ;
#981 = EDGE_CURVE ( 'NONE', #4061, #975, #5207, .T. ) ;
#982 = CARTESIAN_POINT ( 'NONE',  ( 1660.449304986128500, -130.5531403272029000, 2031.238222310241800 ) ) ;
#983 = FILL_AREA_STYLE ('',( #4517 ) ) ;
#984 = ORIENTED_EDGE ( 'NONE', *, *, #3242, .T. ) ;
#985 = CARTESIAN_POINT ( 'NONE',  ( 1874.374727666161100, 113.6768150996114600, 1941.053356777788600 ) ) ;
#986 = DIRECTION ( 'NONE',  ( 0.02629240264064801300, 0.9986294940026484400, 0.04525310234002021700 ) ) ;
#987 = ADVANCED_FACE ( 'NONE', ( #3522 ), #3108, .T. ) ;
#988 = LINE ( 'NONE', #5119, #7918 ) ;
#989 = AXIS2_PLACEMENT_3D ( 'NONE', #153, #5084, #908 ) ;
#990 = PLANE ( 'NONE',  #439 ) ;
#991 = DIRECTION ( 'NONE',  ( 0.0000000000000000000, 1.000000000000000000, 0.0000000000000000000 ) ) ;
#992 = EDGE_LOOP ( 'NONE', ( #3348, #5265, #7109, #2563, #3005, #3465 ) ) ;
#993 = DIRECTION ( 'NONE',  ( 0.0000000000000000000, 1.000000000000000000, 0.0000000000000000000 ) ) ;
#994 = CARTESIAN_POINT ( 'NONE',  ( 2009.547912820098200, -19.47851984021865200, 1929.151216281463600 ) ) ;
#995 = CARTESIAN_POINT ( 'NONE',  ( 1676.744251932359500, 129.4503306983368100, 2003.048549246348100 ) ) ;
#996 = EDGE_CURVE ( 'NONE', #2263, #8460, #5017, .T. ) ;
#997 = CYLINDRICAL_SURFACE ( 'NONE', #1652, 3.400000000000138900 ) ;
#998 = DIRECTION ( 'NONE',  ( 3.182802359415012600E-025, 3.491475051101101300E-015, -1.000000000000000000 ) ) ;
#999 = ORIENTED_EDGE ( 'NONE', *, *, #6856, .F. ) ;
#1000 = CARTESIAN_POINT ( 'NONE',  ( 1939.999999967203400, -104.3974597029048300, 2342.500000026027500 ) ) ;
#1001 = VERTEX_POINT ( 'NONE', #2889 ) ;
#1002 = DIRECTION ( 'NONE',  ( 0.0000000000000000000, -1.000000000000000000, -3.491483361109382500E-015 ) ) ;
#1003 = VERTEX_POINT ( 'NONE', #2351 ) ;
#1004 = FACE_OUTER_BOUND ( 'NONE', #2555, .T. ) ;
#1005 = CARTESIAN_POINT ( 'NONE',  ( 1765.597389700474700, -12.44296476917646300, 1950.288493701370500 ) ) ;
#1006 = DIRECTION ( 'NONE',  ( 4.770906352595890500E-012, 0.9986295347545737200, 0.05233595624294744300 ) ) ;
#1007 = EDGE_LOOP ( 'NONE', ( #498, #1996 ) ) ;
#1008 = VECTOR ( 'NONE', #2129, 1000.000000000000100 ) ;
#1009 = CARTESIAN_POINT ( 'NONE',  ( 1684.552502352878300, -130.5617943258022500, 2044.112905625800700 ) ) ;
#1010 = DIRECTION ( 'NONE',  ( -0.7071067812594155100, 1.962615575472647900E-015, -0.7071067811136795300 ) ) ;
#1011 = CARTESIAN_POINT ( 'NONE',  ( 1874.666937091690700, 114.2271476009031900, 1950.561815913846900 ) ) ;
#1012 = PLANE ( 'NONE',  #2715 ) ;
#1013 = B_SPLINE_CURVE_WITH_KNOTS ( 'NONE', 3,
 ( #3278, #7069, #4596, #320 ),
 .UNSPECIFIED., .F., .F.,
 ( 4, 4 ),
 ( 0.0000000000000000000, 1.000000000000000000 ),
 .UNSPECIFIED. ) ;
#1014 = EDGE_LOOP ( 'NONE', ( #3766, #5645, #2312, #4377, #791, #7948 ) ) ;
#1015 = ORIENTED_EDGE ( 'NONE', *, *, #5929, .T. ) ;
#1016 = DIRECTION ( 'NONE',  ( -1.000000000000000000, 0.0000000000000000000, 9.115982822406393400E-011 ) ) ;
#1017 = CARTESIAN_POINT ( 'NONE',  ( 1814.999999947512200, -2.844389003852986700E-012, 1864.000000010984900 ) ) ;
#1018 = CARTESIAN_POINT ( 'NONE',  ( 1998.387440734748000, -129.8378586371945600, 2320.036295767654800 ) ) ;
#1019 = FACE_BOUND ( 'NONE', #2185, .T. ) ;
#1020 = DIRECTION ( 'NONE',  ( 0.02968393220229860500, 0.9993903690979677500, -0.01837809356916902300 ) ) ;
#1021 = CARTESIAN_POINT ( 'NONE',  ( 1952.300377871418500, 93.65846961126885600, 1931.150344258976000 ) ) ;
#1022 = EDGE_CURVE ( 'NONE', #5656, #487, #1326, .T. ) ;
#1023 = ORIENTED_EDGE ( 'NONE', *, *, #1707, .F. ) ;
#1024 = CARTESIAN_POINT ( 'NONE',  ( 1904.693493112443500, 68.54727887144341000, 1961.500000002809700 ) ) ;
#1025 = VERTEX_POINT ( 'NONE', #4332 ) ;
#1026 = VERTEX_POINT ( 'NONE', #2697 ) ;
#1027 = DIRECTION ( 'NONE',  ( 0.0000000000000000000, 3.491483361109382500E-015, -1.000000000000000000 ) ) ;
#1028 = LINE ( 'NONE', #6484, #7956 ) ;
#1029 = EDGE_CURVE ( 'NONE', #2254, #2403, #4822, .T. ) ;
#1030 = DIRECTION ( 'NONE',  ( -0.0000000000000000000, 1.000000000000000000, 3.491483361109382500E-015 ) ) ;
#1031 = AXIS2_PLACEMENT_3D ( 'NONE', #1483, #6178, #2236 ) ;
#1032 = ADVANCED_FACE ( 'NONE', ( #6454 ), #4618, .T. ) ;
#1033 = CARTESIAN_POINT ( 'NONE',  ( 1984.894750817779600, 74.36096252326893800, 1953.982942525263100 ) ) ;
#1034 = ORIENTED_EDGE ( 'NONE', *, *, #4491, .T. ) ;
#1035 = DIRECTION ( 'NONE',  ( 0.0000000000000000000, -1.000000000000000000, 0.0000000000000000000 ) ) ;
#1036 = ORIENTED_EDGE ( 'NONE', *, *, #4127, .F. ) ;
#1037 = EDGE_CURVE ( 'NONE', #7689, #4523, #8025, .T. ) ;
#1038 = ORIENTED_EDGE ( 'NONE', *, *, #4428, .F. ) ;
#1039 = PLANE ( 'NONE',  #8193 ) ;
#1040 = VECTOR ( 'NONE', #1383, 1000.000000000000200 ) ;
#1041 = CARTESIAN_POINT ( 'NONE',  ( 1678.291317822368900, -130.5329048018429300, 2120.983427579341400 ) ) ;
#1042 = AXIS2_PLACEMENT_3D ( 'NONE', #7211, #8611, #6583 ) ;
#1043 = VERTEX_POINT ( 'NONE', #2293 ) ;
#1044 = CARTESIAN_POINT ( 'NONE',  ( 1698.855928232141000, -130.5607837455238500, 2070.258271393709500 ) ) ;
#1045 = CARTESIAN_POINT ( 'NONE',  ( 1916.530150187925500, -107.4513910373508300, 1927.620225834710300 ) ) ;
#1046 = VERTEX_POINT ( 'NONE', #2155 ) ;
#1047 = CARTESIAN_POINT ( 'NONE',  ( 1882.009334467975300, 113.8754595248290000, 1956.629679547536900 ) ) ;
#1048 = CIRCLE ( 'NONE', #4511, 80.00000000000007100 ) ;
#1049 = CARTESIAN_POINT ( 'NONE',  ( 1939.999999967203400, -104.1794209124381300, 2317.500000026028400 ) ) ;
#1050 = EDGE_CURVE ( 'NONE', #7662, #3995, #6648, .T. ) ;
#1051 = DIRECTION ( 'NONE',  ( 0.0000000000000000000, 0.0000000000000000000, -1.000000000000000000 ) ) ;
#1052 = CARTESIAN_POINT ( 'NONE',  ( 1989.556543523553000, -59.44201825885090800, 1919.000000002324900 ) ) ;
#1053 = CARTESIAN_POINT ( 'NONE',  ( 2015.005730009683200, -129.6798259132286800, 2324.392983662163700 ) ) ;
#1054 = EDGE_LOOP ( 'NONE', ( #4014, #8826, #3257, #3570, #1780, #1188, #8731, #2478 ) ) ;
#1055 = CARTESIAN_POINT ( 'NONE',  ( 1887.266151872580600, 12.44296476917073400, 2203.317521319929700 ) ) ;
#1056 = ORIENTED_EDGE ( 'NONE', *, *, #7206, .T. ) ;
#1057 = ORIENTED_EDGE ( 'NONE', *, *, #7351, .F. ) ;
#1058 = CARTESIAN_POINT ( 'NONE',  ( 2008.957201359948400, 6.000871919071205900, 1916.797889619723500 ) ) ;
#1059 = VECTOR ( 'NONE', #7423, 1000.000000000000000 ) ;
#1060 = CARTESIAN_POINT ( 'NONE',  ( 1865.794038049521500, -85.79303894244148400, 1921.499629790622300 ) ) ;
#1061 = ORIENTED_EDGE ( 'NONE', *, *, #4164, .F. ) ;
#1062 = DIRECTION ( 'NONE',  ( 0.0000000000000000000, -1.000000000000000000, -3.491483361109382500E-015 ) ) ;
#1063 = AXIS2_PLACEMENT_3D ( 'NONE', #8301, #4470, #166 ) ;
#1064 = ORIENTED_EDGE ( 'NONE', *, *, #4408, .F. ) ;
#1065 = DIRECTION ( 'NONE',  ( -1.000000000000000000, 0.0000000000000000000, 9.115813624947323500E-011 ) ) ;
#1066 = EDGE_CURVE ( 'NONE', #4318, #4035, #8238, .T. ) ;
#1067 = CARTESIAN_POINT ( 'NONE',  ( 2010.530721480962300, 31.00309184766873800, 1951.572701588123000 ) ) ;
#1068 = VERTEX_POINT ( 'NONE', #1890 ) ;
#1069 = ORIENTED_EDGE ( 'NONE', *, *, #379, .T. ) ;
#1070 = VECTOR ( 'NONE', #8217, 1000.000000000000200 ) ;
#1071 = CARTESIAN_POINT ( 'NONE',  ( 1938.375878049869900, -104.6351991424292900, 2369.815562424371800 ) ) ;
#1072 = CARTESIAN_POINT ( 'NONE',  ( 1814.999999952526000, 94.99999999999323600, 1953.800000002324900 ) ) ;
#1073 = ORIENTED_EDGE ( 'NONE', *, *, #8413, .T. ) ;
#1074 = ORIENTED_EDGE ( 'NONE', *, *, #5677, .T. ) ;
#1075 = ORIENTED_EDGE ( 'NONE', *, *, #6561, .F. ) ;
#1076 = CARTESIAN_POINT ( 'NONE',  ( 1917.721786656527700, -130.5641465223365600, 2413.641080545754000 ) ) ;
#1077 = CARTESIAN_POINT ( 'NONE',  ( 1649.999999953483900, -3.073081164088404800E-012, 1929.500000026026100 ) ) ;
#1078 = VECTOR ( 'NONE', #7085, 1000.000000000000100 ) ;
#1079 = CARTESIAN_POINT ( 'NONE',  ( 1696.192610810902800, -130.5499235757511400, 2098.655417333618500 ) ) ;
#1080 = CARTESIAN_POINT ( 'NONE',  ( 1676.471950487031100, 91.77999999999612200, 2124.994894319279000 ) ) ;
#1081 = DIRECTION ( 'NONE',  ( 0.05051683946005784000, 0.9639187187718487600, 0.2613594316878659600 ) ) ;
#1082 = CARTESIAN_POINT ( 'NONE',  ( 1884.999999967202500, -500000.0000000000600, 2110.000000026026600 ) ) ;
#1083 = ADVANCED_FACE ( 'NONE', ( #1100 ), #7807, .T. ) ;
#1084 = B_SPLINE_CURVE_WITH_KNOTS ( 'NONE', 3,
 ( #1822, #5850, #3308, #7792, #3998, #8475, #4619, #353, #5252, #1113, #5870, #1853, #6480, #2614, #7123, #3338, #7821, #4025, #8500, #4646, #387, #5279, #1148, #5901, #1883, #6510 ),
 .UNSPECIFIED., .F., .F.,
 ( 4, 2, 2, 1, 2, 2, 2, 2, 2, 2, 2, 2, 1, 4 ),
 ( 2.237726045655904800E-016, 0.08455355186177215800, 0.1268303277926581300, 0.1691071037235440900, 0.2113838796544300600, 0.2536606555853160300, 0.2747990435507593500, 0.2774413420464396700, 0.2800836405421200400, 0.2853682375334806200, 0.2880105360291605500, 0.2906528345248404800, 0.2959374315162010500, 0.3382142074470811400 ),
 .UNSPECIFIED. ) ;
#1085 = EDGE_CURVE ( 'NONE', #1538, #605, #2832, .T. ) ;
#1086 = ORIENTED_EDGE ( 'NONE', *, *, #5205, .T. ) ;
#1087 = ORIENTED_EDGE ( 'NONE', *, *, #3064, .F. ) ;
#1088 = CIRCLE ( 'NONE', #6250, 8.950000000000111200 ) ;
#1089 = LINE ( 'NONE', #3868, #8009 ) ;
#1090 = CARTESIAN_POINT ( 'NONE',  ( 1988.196359839157600, -61.23204810560278600, 1919.000000002324700 ) ) ;
#1091 = CARTESIAN_POINT ( 'NONE',  ( 1930.999999947511900, 83.49999999999701600, 1909.000000002324900 ) ) ;
#1092 = DIRECTION ( 'NONE',  ( 0.0000000000000000000, -1.000000000000000000, 0.0000000000000000000 ) ) ;
#1093 = EDGE_CURVE ( 'NONE', #2403, #3561, #5797, .T. ) ;
#1094 = LINE ( 'NONE', #1786, #6448 ) ;
#1095 = CARTESIAN_POINT ( 'NONE',  ( 1964.999999967202500, -92.00000000000000000, 2286.600000026026900 ) ) ;
#1096 = AXIS2_PLACEMENT_3D ( 'NONE', #4008, #5264, #1832 ) ;
#1097 = CARTESIAN_POINT ( 'NONE',  ( 1968.197070597641900, 88.01966814610328500, 1955.043301615287400 ) ) ;
#1098 = EDGE_LOOP ( 'NONE', ( #3185, #8357, #3420, #3632 ) ) ;
#1099 = DIRECTION ( 'NONE',  ( -0.0000000000000000000, -1.000000000000000000, -0.0000000000000000000 ) ) ;
#1100 = FACE_OUTER_BOUND ( 'NONE', #4720, .T. ) ;
#1101 = CIRCLE ( 'NONE', #8302, 6.650000000000093600 ) ;
#1102 = VECTOR ( 'NONE', #4808, 1000.000000000000000 ) ;
#1103 = AXIS2_PLACEMENT_3D ( 'NONE', #6903, #3090, #7591 ) ;
#1104 = VERTEX_POINT ( 'NONE', #1654 ) ;
#1105 = CARTESIAN_POINT ( 'NONE',  ( 1716.873959565789400, -80.00000000000332500, 2004.488390389799000 ) ) ;
#1106 = LINE ( 'NONE', #7872, #8034 ) ;
#1107 = CARTESIAN_POINT ( 'NONE',  ( 1850.349755482143300, -130.5500830033197400, 2268.283254861401900 ) ) ;
#1108 = CARTESIAN_POINT ( 'NONE',  ( 1814.999999952526000, 83.99999999999337800, 1926.566655373678500 ) ) ;
#1109 = EDGE_CURVE ( 'NONE', #4459, #883, #7409, .T. ) ;
#1110 = CARTESIAN_POINT ( 'NONE',  ( 1678.291317822368900, -130.5329048018429300, 2120.983427579341400 ) ) ;
#1111 = ORIENTED_EDGE ( 'NONE', *, *, #3366, .T. ) ;
#1112 = DIRECTION ( 'NONE',  ( 9.115924681779572100E-011, -3.546085137301702500E-015, 1.000000000000000000 ) ) ;
#1113 = CARTESIAN_POINT ( 'NONE',  ( 1761.300386284332900, 127.8221079925425100, 2072.896039728367700 ) ) ;
#1114 = EDGE_LOOP ( 'NONE', ( #6419, #6609, #1517, #8609 ) ) ;
#1115 = DIRECTION ( 'NONE',  ( 0.0000000000000000000, 0.0000000000000000000, 1.000000000000000000 ) ) ;
#1116 = CIRCLE ( 'NONE', #8234, 94.99999999999997200 ) ;
#1117 = DIRECTION ( 'NONE',  ( 0.0000000000000000000, -3.491483361109382500E-015, 1.000000000000000000 ) ) ;
#1118 = AXIS2_PLACEMENT_3D ( 'NONE', #6074, #6716, #2878 ) ;
#1119 = CARTESIAN_POINT ( 'NONE',  ( 1985.344526464540000, -64.73160987777929200, 1919.000000002324400 ) ) ;
#1120 = CARTESIAN_POINT ( 'NONE',  ( 1949.999999971989200, 76.99999999999666000, 2139.833333342078300 ) ) ;
#1121 = VERTEX_POINT ( 'NONE', #2171 ) ;
#1122 = DIRECTION ( 'NONE',  ( 0.0000000000000000000, -1.000000000000000000, 0.0000000000000000000 ) ) ;
#1123 = DIRECTION ( 'NONE',  ( 0.0000000000000000000, 3.604620209821938900E-015, -1.000000000000000000 ) ) ;
#1124 = ORIENTED_EDGE ( 'NONE', *, *, #3501, .F. ) ;
#1125 = EDGE_CURVE ( 'NONE', #2840, #1959, #628, .T. ) ;
#1126 = CARTESIAN_POINT ( 'NONE',  ( 1622.519128000934400, 91.77999999999730100, 2035.613440710877300 ) ) ;
#1127 = FACE_OUTER_BOUND ( 'NONE', #1924, .T. ) ;
#1128 = CARTESIAN_POINT ( 'NONE',  ( 1884.999999967202500, -91.99999999998453900, 2170.000000026026600 ) ) ;
#1129 = DIRECTION ( 'NONE',  ( 0.0000000000000000000, -0.0000000000000000000, 1.000000000000000000 ) ) ;
#1130 = ADVANCED_FACE ( 'NONE', ( #6075 ), #4235, .T. ) ;
#1131 = CARTESIAN_POINT ( 'NONE',  ( 1884.999999967202500, -500000.0000000000600, 2110.000000026026600 ) ) ;
#1132 = ORIENTED_EDGE ( 'NONE', *, *, #4548, .F. ) ;
#1133 = ORIENTED_EDGE ( 'NONE', *, *, #4760, .T. ) ;
#1134 = CARTESIAN_POINT ( 'NONE',  ( 1905.499999947512200, 83.49999999999714400, 1871.300000002325300 ) ) ;
#1135 = AXIS2_PLACEMENT_3D ( 'NONE', #2960, #7465, #3680 ) ;
#1136 = DIRECTION ( 'NONE',  ( -9.103431623823280300E-011, 0.05233595624294744300, -0.9986295347545737200 ) ) ;
#1137 = UNCERTAINTY_MEASURE_WITH_UNIT (LENGTH_MEASURE( 1.000000000000000100E-005 ), #6061, 'distance_accuracy_value', 'NONE');
#1138 = EDGE_LOOP ( 'NONE', ( #688, #929, #1157, #6900 ) ) ;
#1139 = CARTESIAN_POINT ( 'NONE',  ( 1916.630209987168200, -128.9346081978164900, 2040.177703207766400 ) ) ;
#1140 = EDGE_CURVE ( 'NONE', #8788, #5842, #2612, .T. ) ;
#1141 = ADVANCED_FACE ( 'NONE', ( #4240 ), #5694, .F. ) ;
#1142 = CARTESIAN_POINT ( 'NONE',  ( 1905.499999947512200, 83.49999999999714400, 1871.300000002325300 ) ) ;
#1143 = VERTEX_POINT ( 'NONE', #2996 ) ;
#1144 = ORIENTED_EDGE ( 'NONE', *, *, #3397, .F. ) ;
#1145 = DIRECTION ( 'NONE',  ( -1.000000000000000000, 0.0000000000000000000, 9.116360359059405000E-011 ) ) ;
#1146 = VECTOR ( 'NONE', #5548, 999.9999999999998900 ) ;
#1147 = CARTESIAN_POINT ( 'NONE',  ( 1889.045365055672400, 113.1525975531690400, 1956.271547415914900 ) ) ;
#1148 = CARTESIAN_POINT ( 'NONE',  ( 1715.747100288826200, 129.7832686671884500, 2099.577261550156000 ) ) ;
#1149 = DIRECTION ( 'NONE',  ( 1.000000000000000000, 0.0000000000000000000, -9.116041255197152600E-011 ) ) ;
#1150 = ORIENTED_EDGE ( 'NONE', *, *, #3201, .T. ) ;
#1151 = DIRECTION ( 'NONE',  ( -1.000000000000000000, 0.0000000000000000000, 9.116360358970931500E-011 ) ) ;
#1152 = CARTESIAN_POINT ( 'NONE',  ( 1969.138206430815000, -80.00903898015660300, 1919.000000002323500 ) ) ;
#1153 = ORIENTED_EDGE ( 'NONE', *, *, #7794, .F. ) ;
#1154 = LINE ( 'NONE', #5015, #7857 ) ;
#1155 = CARTESIAN_POINT ( 'NONE',  ( 1844.608303400454800, 43.01370563583091000, 1959.025906614060700 ) ) ;
#1156 = EDGE_CURVE ( 'NONE', #4165, #5114, #7369, .T. ) ;
#1157 = ORIENTED_EDGE ( 'NONE', *, *, #368, .T. ) ;
#1158 = ORIENTED_EDGE ( 'NONE', *, *, #8580, .F. ) ;
#1159 = AXIS2_PLACEMENT_3D ( 'NONE', #3001, #3011, #2888 ) ;
#1160 = AXIS2_PLACEMENT_3D ( 'NONE', #820, #5640, #1568 ) ;
#1161 = CARTESIAN_POINT ( 'NONE',  ( 1787.524509996482300, -129.5219851677322300, 1936.373425585239100 ) ) ;
#1162 = LINE ( 'NONE', #7808, #2667 ) ;
#1163 = DIRECTION ( 'NONE',  ( 0.8618976669184040800, 0.0000000000000000000, -0.5070822534467279700 ) ) ;
#1164 = EDGE_CURVE ( 'NONE', #8562, #5286, #2383, .T. ) ;
#1165 = VERTEX_POINT ( 'NONE', #8687 ) ;
#1166 = DIRECTION ( 'NONE',  ( -0.0000000000000000000, -1.000000000000000000, -0.0000000000000000000 ) ) ;
#1167 = VERTEX_POINT ( 'NONE', #8628 ) ;
#1168 = FACE_OUTER_BOUND ( 'NONE', #7092, .T. ) ;
#1169 = CARTESIAN_POINT ( 'NONE',  ( 1649.999999967202500, 147.9999999999964800, 2029.771268887440600 ) ) ;
#1170 = AXIS2_PLACEMENT_3D ( 'NONE', #6041, #8686, #1356 ) ;
#1171 = CARTESIAN_POINT ( 'NONE',  ( 1720.099737432339200, -130.5417582127061800, 2161.854824324611900 ) ) ;
#1172 = AXIS2_PLACEMENT_3D ( 'NONE', #4355, #2972, #5576 ) ;
#1173 = EDGE_LOOP ( 'NONE', ( #6309, #6985, #310, #7424, #8496, #5277 ) ) ;
#1174 = CARTESIAN_POINT ( 'NONE',  ( 1896.195374812037200, 111.9074485865763400, 1948.156556739867700 ) ) ;
#1175 = CARTESIAN_POINT ( 'NONE',  ( 1938.999999958223500, -65.00000000000241600, 1981.499999998678300 ) ) ;
#1176 = ADVANCED_FACE ( 'NONE', ( #870 ), #8660, .F. ) ;
#1177 = ORIENTED_EDGE ( 'NONE', *, *, #7301, .F. ) ;
#1178 = ORIENTED_EDGE ( 'NONE', *, *, #4844, .F. ) ;
#1179 = CARTESIAN_POINT ( 'NONE',  ( 1994.719999397111700, -182.5000000000063100, 2369.254424353543500 ) ) ;
#1180 = EDGE_CURVE ( 'NONE', #7563, #833, #7152, .T. ) ;
#1181 = FACE_OUTER_BOUND ( 'NONE', #4507, .T. ) ;
#1182 = CARTESIAN_POINT ( 'NONE',  ( 1983.867599329292300, -66.42322247574021800, 1919.000000002324400 ) ) ;
#1183 = CARTESIAN_POINT ( 'NONE',  ( 1888.999999947512400, 82.49999999999701600, 1909.000000002324700 ) ) ;
#1184 = VERTEX_POINT ( 'NONE', #4801 ) ;
#1185 = DIRECTION ( 'NONE',  ( -0.5264027796015927600, 2.968582502070803400E-015, -0.8502353283813352000 ) ) ;
#1186 = ORIENTED_EDGE ( 'NONE', *, *, #7725, .F. ) ;
#1187 = DIRECTION ( 'NONE',  ( -0.0000000000000000000, -1.000000000000000000, -0.0000000000000000000 ) ) ;
#1188 = ORIENTED_EDGE ( 'NONE', *, *, #610, .F. ) ;
#1189 = VERTEX_POINT ( 'NONE', #8139 ) ;
#1190 = ADVANCED_FACE ( 'NONE', ( #4037 ), #5305, .T. ) ;
#1191 = FACE_OUTER_BOUND ( 'NONE', #6580, .T. ) ;
#1192 = PLANE ( 'NONE',  #1470 ) ;
#1193 = DIRECTION ( 'NONE',  ( 1.676390818025142300E-016, 1.000000000000000000, 3.393948359834997300E-015 ) ) ;
#1194 = ORIENTED_EDGE ( 'NONE', *, *, #3906, .F. ) ;
#1195 = CARTESIAN_POINT ( 'NONE',  ( 1694.596498991299800, 129.7243662755269600, 2103.267056097249200 ) ) ;
#1196 = LINE ( 'NONE', #1336, #5107 ) ;
#1197 = CIRCLE ( 'NONE', #4389, 48.89518444143359200 ) ;
#1198 = CARTESIAN_POINT ( 'NONE',  ( 1804.918938541102300, -129.2252239786111500, 1929.567790461324600 ) ) ;
#1199 = DIRECTION ( 'NONE',  ( 3.182802359415012600E-025, 3.491475051101101300E-015, -1.000000000000000000 ) ) ;
#1200 =( BOUNDED_CURVE ( )  B_SPLINE_CURVE ( 3, ( #1951, #484, #2723, #7238 ),
 .UNSPECIFIED., .F., .F. ) 
 B_SPLINE_CURVE_WITH_KNOTS ( ( 4, 4 ),
 ( 3.711422749430845600, 3.917050872626453900 ),
 .UNSPECIFIED. ) 
 CURVE ( )  GEOMETRIC_REPRESENTATION_ITEM ( )  RATIONAL_B_SPLINE_CURVE ( ( 1.000000000000000000, 0.9964795257179839300, 0.9964795257179839300, 1.000000000000000000 ) ) 
 REPRESENTATION_ITEM ( '' )  );
#1201 = ORIENTED_EDGE ( 'NONE', *, *, #5205, .F. ) ;
#1202 = DIRECTION ( 'NONE',  ( -0.01837119207089161000, 0.9993908270190957600, -0.02967278503919175800 ) ) ;
#1203 = CARTESIAN_POINT ( 'NONE',  ( 1650.189704081208700, -130.5520106903914000, 2018.068341721261500 ) ) ;
#1204 = ORIENTED_EDGE ( 'NONE', *, *, #3721, .T. ) ;
#1205 = LINE ( 'NONE', #5778, #8340 ) ;
#1206 = CARTESIAN_POINT ( 'NONE',  ( 1894.157630883199800, 111.4958164028430500, 1938.503293533602600 ) ) ;
#1207 = CARTESIAN_POINT ( 'NONE',  ( 1909.999999952525700, -82.50000000000298400, 1919.000000002324400 ) ) ;
#1208 = FACE_OUTER_BOUND ( 'NONE', #6134, .T. ) ;
#1209 = LINE ( 'NONE', #1402, #6745 ) ;
#1210 = EDGE_CURVE ( 'NONE', #8421, #1003, #8752, .T. ) ;
#1211 = CARTESIAN_POINT ( 'NONE',  ( 1814.999999952526000, -116.0000000000066400, 1928.068239455657500 ) ) ;
#1212 = DIRECTION ( 'NONE',  ( 0.0000000000000000000, -1.000000000000000000, -3.491483361109382100E-015 ) ) ;
#1213 = CARTESIAN_POINT ( 'NONE',  ( 1964.605787947084100, -90.30165515553591100, 1955.248449285392100 ) ) ;
#1214 = CARTESIAN_POINT ( 'NONE',  ( 1814.225292583264300, -86.00924963875294800, 1926.496490830262500 ) ) ;
#1215 = VERTEX_POINT ( 'NONE', #8051 ) ;
#1216 = CARTESIAN_POINT ( 'NONE',  ( 1909.999999958223300, -29.00000000000388300, 1981.500000002324700 ) ) ;
#1217 = EDGE_CURVE ( 'NONE', #7717, #7042, #157, .T. ) ;
#1218 = PLANE ( 'NONE',  #853 ) ;
#1219 = AXIS2_PLACEMENT_3D ( 'NONE', #5977, #6582, #2722 ) ;
#1220 = CIRCLE ( 'NONE', #8464, 8.000000000000007100 ) ;
#1221 = CIRCLE ( 'NONE', #6603, 87.00000000000004300 ) ;
#1222 = FILL_AREA_STYLE ('',( #1932 ) ) ;
#1223 = EDGE_CURVE ( 'NONE', #3160, #2780, #3830, .T. ) ;
#1224 = CARTESIAN_POINT ( 'NONE',  ( 1798.169474179598400, 12.44296476916961700, 2050.181877243931900 ) ) ;
#1225 = ADVANCED_FACE ( 'NONE', ( #6949 ), #1441, .T. ) ;
#1226 = VERTEX_POINT ( 'NONE', #6772 ) ;
#1227 = CARTESIAN_POINT ( 'NONE',  ( 2040.474263337552400, -104.4740219876217500, 2347.769870320766100 ) ) ;
#1228 = LINE ( 'NONE', #3017, #7925 ) ;
#1229 = CARTESIAN_POINT ( 'NONE',  ( 1700.060464152379200, 129.7810351033385000, 2075.675849720268600 ) ) ;
#1230 = AXIS2_PLACEMENT_3D ( 'NONE', #169, #7582, #8305 ) ;
#1231 = CARTESIAN_POINT ( 'NONE',  ( 1892.999999956001400, 72.49123667395419100, 1957.126645882070100 ) ) ;
#1232 = AXIS2_PLACEMENT_3D ( 'NONE', #689, #7425, #3644 ) ;
#1233 = ORIENTED_EDGE ( 'NONE', *, *, #2181, .T. ) ;
#1234 = VERTEX_POINT ( 'NONE', #6739 ) ;
#1235 = DIRECTION ( 'NONE',  ( 0.0000000000000000000, 1.000000000000000000, 0.0000000000000000000 ) ) ;
#1236 = ADVANCED_FACE ( 'NONE', ( #5115 ), #8541, .T. ) ;
#1237 = EDGE_CURVE ( 'NONE', #7064, #8521, #1671, .T. ) ;
#1238 = VECTOR ( 'NONE', #8161, 1000.000000000000100 ) ;
#1239 = CARTESIAN_POINT ( 'NONE',  ( 1844.999999973264700, 28.99999999999754900, 2146.500000008745200 ) ) ;
#1240 = CARTESIAN_POINT ( 'NONE',  ( 1884.999999947511900, 112.1593086621268000, 1934.000000004471800 ) ) ;
#1241 = CARTESIAN_POINT ( 'NONE',  ( 1866.249999952526000, -75.77722283114124500, 1885.500000009617900 ) ) ;
#1242 = EDGE_LOOP ( 'NONE', ( #2338, #230 ) ) ;
#1243 = DIRECTION ( 'NONE',  ( -9.115924681779572100E-011, 3.546085137301702500E-015, -1.000000000000000000 ) ) ;
#1244 = CARTESIAN_POINT ( 'NONE',  ( 1976.034440701436600, -74.36982529737453300, 1919.000000002323500 ) ) ;
#1245 = LINE ( 'NONE', #6036, #4748 ) ;
#1246 = CARTESIAN_POINT ( 'NONE',  ( 1622.735672556621900, 79.99999999999671700, 2035.963199182049300 ) ) ;
#1247 = EDGE_CURVE ( 'NONE', #3476, #8240, #6743, .T. ) ;
#1248 = EDGE_LOOP ( 'NONE', ( #6027, #8593, #1964, #5560, #5748 ) ) ;
#1249 = CARTESIAN_POINT ( 'NONE',  ( 1994.999999967202500, -104.5000000000000000, 2330.000000026027900 ) ) ;
#1250 = ORIENTED_EDGE ( 'NONE', *, *, #7939, .F. ) ;
#1251 = CARTESIAN_POINT ( 'NONE',  ( 1964.999999967202500, -104.4050737852774100, 2342.500000026027500 ) ) ;
#1252 = VECTOR ( 'NONE', #3866, 1000.000000000000000 ) ;
#1253 = DIRECTION ( 'NONE',  ( -0.5028917890201632900, 0.0000000000000000000, -0.8643493787445557500 ) ) ;
#1254 = CARTESIAN_POINT ( 'NONE',  ( 1798.454488448070600, 125.4391287590930500, 2014.865115173399100 ) ) ;
#1255 =( BOUNDED_CURVE ( )  B_SPLINE_CURVE ( 3, ( #7344, #4233, #8714, #4855 ),
 .UNSPECIFIED., .F., .F. ) 
 B_SPLINE_CURVE_WITH_KNOTS ( ( 4, 4 ),
 ( 2.358430746689246200, 3.884531557046888600 ),
 .UNSPECIFIED. ) 
 CURVE ( )  GEOMETRIC_REPRESENTATION_ITEM ( )  RATIONAL_B_SPLINE_CURVE ( ( 1.000000000000000000, 0.8151541014461992600, 0.8151541014461992600, 1.000000000000000000 ) ) 
 REPRESENTATION_ITEM ( '' )  );
#1256 = ORIENTED_EDGE ( 'NONE', *, *, #3586, .T. ) ;
#1257 = CARTESIAN_POINT ( 'NONE',  ( 1689.921523217828500, 129.7871130076939300, 2049.509653283954300 ) ) ;
#1258 = ORIENTED_EDGE ( 'NONE', *, *, #4491, .F. ) ;
#1259 = ORIENTED_EDGE ( 'NONE', *, *, #4905, .T. ) ;
#1260 = CARTESIAN_POINT ( 'NONE',  ( 1866.249999952532300, 82.42722283113926100, 1885.500000009618400 ) ) ;
#1261 = FACE_OUTER_BOUND ( 'NONE', #7704, .T. ) ;
#1262 = DIRECTION ( 'NONE',  ( -9.115924681779572100E-011, 3.546085137301702500E-015, -1.000000000000000000 ) ) ;
#1263 = EDGE_CURVE ( 'NONE', #1184, #1234, #3401, .T. ) ;
#1264 = CARTESIAN_POINT ( 'NONE',  ( 1664.343980496293200, 129.7919224611046900, 2012.061610412742300 ) ) ;
#1265 = ORIENTED_EDGE ( 'NONE', *, *, #666, .F. ) ;
#1266 = CARTESIAN_POINT ( 'NONE',  ( 1974.999999956400200, -45.00000000000323300, 1961.499999997548000 ) ) ;
#1267 = CARTESIAN_POINT ( 'NONE',  ( 1691.496326358313800, 129.6567899045270700, 2037.500424332079800 ) ) ;
#1268 = ORIENTED_EDGE ( 'NONE', *, *, #4558, .F. ) ;
#1269 = LINE ( 'NONE', #6682, #4771 ) ;
#1270 = EDGE_CURVE ( 'NONE', #7038, #2011, #4915, .T. ) ;
#1271 = ORIENTED_EDGE ( 'NONE', *, *, #8591, .F. ) ;
#1272 = CARTESIAN_POINT ( 'NONE',  ( 1954.999999956400000, 44.99999999999673900, 1961.500000010049900 ) ) ;
#1273 = CARTESIAN_POINT ( 'NONE',  ( 1810.562057630970900, -94.92908501851223900, 1927.090900383401300 ) ) ;
#1274 = CARTESIAN_POINT ( 'NONE',  ( 2009.198982264820200, 0.04345071922180480900, 1919.000000002324900 ) ) ;
#1275 = CARTESIAN_POINT ( 'NONE',  ( 1961.349742378435200, -90.66203889639717800, 1919.000000002324400 ) ) ;
#1276 = ORIENTED_EDGE ( 'NONE', *, *, #5109, .F. ) ;
#1277 = DIRECTION ( 'NONE',  ( 0.0000000000000000000, 0.0000000000000000000, 1.000000000000000000 ) ) ;
#1278 = ORIENTED_EDGE ( 'NONE', *, *, #5677, .F. ) ;
#1279 = ORIENTED_EDGE ( 'NONE', *, *, #3195, .T. ) ;
#1280 = FACE_OUTER_BOUND ( 'NONE', #7616, .T. ) ;
#1281 = ADVANCED_FACE ( 'NONE', ( #8123 ), #6688, .T. ) ;
#1282 = AXIS2_PLACEMENT_3D ( 'NONE', #7214, #6920, #6899 ) ;
#1283 = ORIENTED_EDGE ( 'NONE', *, *, #2425, .T. ) ;
#1284 = CARTESIAN_POINT ( 'NONE',  ( 1696.251546278660700, 129.4503306983367000, 2034.556344146123400 ) ) ;
#1285 = ORIENTED_EDGE ( 'NONE', *, *, #1164, .F. ) ;
#1286 = ORIENTED_EDGE ( 'NONE', *, *, #7810, .F. ) ;
#1287 = CIRCLE ( 'NONE', #561, 12.49999999999973400 ) ;
#1288 = CARTESIAN_POINT ( 'NONE',  ( 1663.463636485507300, 129.7576546759398200, 2031.590098440399100 ) ) ;
#1289 = CARTESIAN_POINT ( 'NONE',  ( 1677.378193938039900, 129.4197360717874400, 2002.656059281797300 ) ) ;
#1290 = EDGE_CURVE ( 'NONE', #7296, #6912, #1205, .T. ) ;
#1291 = ORIENTED_EDGE ( 'NONE', *, *, #1395, .T. ) ;
#1292 = DIRECTION ( 'NONE',  ( 0.0000000000000000000, 3.491483361109382500E-015, -1.000000000000000000 ) ) ;
#1293 = ORIENTED_EDGE ( 'NONE', *, *, #2775, .F. ) ;
#1294 = ORIENTED_EDGE ( 'NONE', *, *, #1519, .T. ) ;
#1295 = ORIENTED_EDGE ( 'NONE', *, *, #7192, .T. ) ;
#1296 = CARTESIAN_POINT ( 'NONE',  ( 1976.558248417363800, -127.8113184874682400, 2070.968890674004800 ) ) ;
#1297 = CARTESIAN_POINT ( 'NONE',  ( 1764.257525795583700, 123.4345563209726000, 1949.810676300588700 ) ) ;
#1298 = FACE_OUTER_BOUND ( 'NONE', #5292, .T. ) ;
#1299 = CARTESIAN_POINT ( 'NONE',  ( 2041.489381692406400, -124.3393055024148500, 2353.021797384223200 ) ) ;
#1300 = AXIS2_PLACEMENT_3D ( 'NONE', #7088, #8466, #4610 ) ;
#1301 = CARTESIAN_POINT ( 'NONE',  ( 1711.003620704614800, 129.6567899045270500, 2069.008219231855000 ) ) ;
#1302 = CARTESIAN_POINT ( 'NONE',  ( 1994.719999397111700, -104.2848661113140600, 2369.254424353543100 ) ) ;
#1303 = DIRECTION ( 'NONE',  ( 0.7071067811865291400, 0.0000000000000000000, 0.7071067811865660000 ) ) ;
#1304 = ORIENTED_EDGE ( 'NONE', *, *, #2853, .F. ) ;
#1305 = PLANE ( 'NONE',  #8355 ) ;
#1306 = EDGE_CURVE ( 'NONE', #7656, #2850, #4713, .T. ) ;
#1307 = CARTESIAN_POINT ( 'NONE',  ( 1804.134835861315900, -103.2485982610911700, 1928.386390369976700 ) ) ;
#1308 = ORIENTED_EDGE ( 'NONE', *, *, #1526, .T. ) ;
#1309 = ORIENTED_EDGE ( 'NONE', *, *, #3501, .T. ) ;
#1310 = CARTESIAN_POINT ( 'NONE',  ( 1979.287318579335300, -71.32758301877669300, 1919.000000002324700 ) ) ;
#1311 = CARTESIAN_POINT ( 'NONE',  ( 1964.999999967202500, -500000.0000000000600, 2230.000000026026600 ) ) ;
#1312 = LINE ( 'NONE', #3959, #6439 ) ;
#1313 = DIRECTION ( 'NONE',  ( -0.0000000000000000000, -0.0000000000000000000, -1.000000000000000000 ) ) ;
#1314 = CARTESIAN_POINT ( 'NONE',  ( 1866.249999952532300, 69.12722283113880900, 1895.000000009617700 ) ) ;
#1315 = VERTEX_POINT ( 'NONE', #6206 ) ;
#1316 = ORIENTED_EDGE ( 'NONE', *, *, #6101, .T. ) ;
#1317 = VECTOR ( 'NONE', #6863, 1000.000000000000000 ) ;
#1318 = CYLINDRICAL_SURFACE ( 'NONE', #5882, 3.400000000000069600 ) ;
#1319 = LINE ( 'NONE', #1727, #8225 ) ;
#1320 = CARTESIAN_POINT ( 'NONE',  ( 1954.999999957083700, -65.00000000000331100, 1981.499999999539300 ) ) ;
#1321 = CARTESIAN_POINT ( 'NONE',  ( 1674.842374495332900, 129.5406321417195600, 2004.226050975449700 ) ) ;
#1322 = CONICAL_SURFACE ( 'NONE', #4756, 53.00350918079277600, 0.03490658503987850700 ) ;
#1323 = EDGE_CURVE ( 'NONE', #1674, #3235, #7905, .T. ) ;
#1324 = CARTESIAN_POINT ( 'NONE',  ( 1715.758840624961700, 129.4503306983365900, 2066.064139045899100 ) ) ;
#1325 = ORIENTED_EDGE ( 'NONE', *, *, #5521, .T. ) ;
#1326 = LINE ( 'NONE', #2922, #8232 ) ;
#1327 = LINE ( 'NONE', #7736, #4825 ) ;
#1328 = LINE ( 'NONE', #8578, #1565 ) ;
#1329 = CARTESIAN_POINT ( 'NONE',  ( 1961.349742378435200, -90.66203889639709200, 1889.000000002324400 ) ) ;
#1330 = ADVANCED_FACE ( 'NONE', ( #2942 ), #5976, .T. ) ;
#1331 = DIRECTION ( 'NONE',  ( 0.0000000000000000000, 0.0000000000000000000, 1.000000000000000000 ) ) ;
#1332 = ORIENTED_EDGE ( 'NONE', *, *, #6608, .F. ) ;
#1333 = DIRECTION ( 'NONE',  ( 1.000000000000000000, -0.0000000000000000000, 0.0000000000000000000 ) ) ;
#1334 = ORIENTED_EDGE ( 'NONE', *, *, #4590, .F. ) ;
#1335 = EDGE_CURVE ( 'NONE', #833, #7563, #740, .T. ) ;
#1336 = CARTESIAN_POINT ( 'NONE',  ( 1959.343959622167400, -115.1802894407046300, 1928.025280232489000 ) ) ;
#1337 = LINE ( 'NONE', #4699, #1572 ) ;
#1338 = CARTESIAN_POINT ( 'NONE',  ( 1806.470292736747300, -111.9797379821729800, 1928.440988514252200 ) ) ;
#1339 = CARTESIAN_POINT ( 'NONE',  ( 1668.183344944085500, 129.7636477283261900, 2008.348829161930600 ) ) ;
#1340 = ORIENTED_EDGE ( 'NONE', *, *, #3538, .F. ) ;
#1341 = DIRECTION ( 'NONE',  ( 0.5028917890201632900, -3.017861474071847000E-015, 0.8643493787445556400 ) ) ;
#1342 = EDGE_CURVE ( 'NONE', #1647, #5093, #4524, .T. ) ;
#1343 = PLANE ( 'NONE',  #5059 ) ;
#1344 = AXIS2_PLACEMENT_3D ( 'NONE', #3502, #7973, #4170 ) ;
#1345 = ORIENTED_EDGE ( 'NONE', *, *, #55, .T. ) ;
#1346 = SURFACE_STYLE_USAGE ( .BOTH. , #5447 ) ;
#1347 = FACE_OUTER_BOUND ( 'NONE', #1014, .T. ) ;
#1348 = DIRECTION ( 'NONE',  ( 1.000000000000000000, 0.0000000000000000000, -0.0000000000000000000 ) ) ;
#1349 = EDGE_CURVE ( 'NONE', #4003, #2220, #2706, .T. ) ;
#1350 = DIRECTION ( 'NONE',  ( -0.0000000000000000000, 1.000000000000000000, 3.491483361109382100E-015 ) ) ;
#1351 = VERTEX_POINT ( 'NONE', #4425 ) ;
#1352 = CARTESIAN_POINT ( 'NONE',  ( 1730.828007414287000, 129.6458841719261600, 2100.319694011897800 ) ) ;
#1353 = EDGE_LOOP ( 'NONE', ( #7764, #7999, #795, #7094 ) ) ;
#1354 = CARTESIAN_POINT ( 'NONE',  ( 1649.999999967202500, -148.0000000000038400, 2129.800000026025400 ) ) ;
#1355 = DIRECTION ( 'NONE',  ( 0.0000000000000000000, 0.0000000000000000000, 1.000000000000000000 ) ) ;
#1356 = DIRECTION ( 'NONE',  ( -1.000000000000000000, 0.0000000000000000000, 9.115868553837774800E-011 ) ) ;
#1357 = CARTESIAN_POINT ( 'NONE',  ( 1677.695162204972100, 129.4043607369867700, 2002.459815993393700 ) ) ;
#1358 = VECTOR ( 'NONE', #168, 1000.000000000000000 ) ;
#1359 = AXIS2_PLACEMENT_3D ( 'NONE', #281, #5188, #1035 ) ;
#1360 = CARTESIAN_POINT ( 'NONE',  ( 1765.597389700474700, -12.44296476917777700, 1950.288493701370300 ) ) ;
#1361 = EDGE_LOOP ( 'NONE', ( #4481, #917, #8070, #1381 ) ) ;
#1362 = CARTESIAN_POINT ( 'NONE',  ( 1634.999999967202700, 122.4999999999966500, 2003.500000003669800 ) ) ;
#1363 =( NAMED_UNIT ( * ) SI_UNIT ( $, .STERADIAN. ) SOLID_ANGLE_UNIT ( ) );
#1364 = ORIENTED_EDGE ( 'NONE', *, *, #4885, .F. ) ;
#1365 = EDGE_CURVE ( 'NONE', #2515, #2326, #7693, .T. ) ;
#1366 = CARTESIAN_POINT ( 'NONE',  ( 1990.839459047266200, 33.48480033193583000, 1885.500000009618400 ) ) ;
#1367 = SURFACE_STYLE_FILL_AREA ( #1222 ) ;
#1368 = CARTESIAN_POINT ( 'NONE',  ( 1914.499999947512800, 83.49999999999714400, 1871.300000002325300 ) ) ;
#1369 = DIRECTION ( 'NONE',  ( 0.0000000000000000000, 0.0000000000000000000, 1.000000000000000000 ) ) ;
#1370 = ORIENTED_EDGE ( 'NONE', *, *, #2554, .F. ) ;
#1371 = ORIENTED_EDGE ( 'NONE', *, *, #4272, .F. ) ;
#1372 = DIRECTION ( 'NONE',  ( -0.8502353283813352000, 0.0000000000000000000, 0.5264027796015929800 ) ) ;
#1373 = ORIENTED_EDGE ( 'NONE', *, *, #6079, .F. ) ;
#1374 = CARTESIAN_POINT ( 'NONE',  ( 1953.009166901733400, 65.26203700905028900, 1961.499999998463000 ) ) ;
#1375 = VECTOR ( 'NONE', #8691, 1000.000000000000000 ) ;
#1376 = DIRECTION ( 'NONE',  ( -4.269800411989174300E-015, -4.269800411989174300E-015, 1.000000000000000000 ) ) ;
#1377 = EDGE_CURVE ( 'NONE', #4436, #6275, #2495, .T. ) ;
#1378 = CARTESIAN_POINT ( 'NONE',  ( 1915.650257526617700, -90.66203889639706400, 1894.000000002324400 ) ) ;
#1379 =( BOUNDED_CURVE ( )  B_SPLINE_CURVE ( 3, ( #5825, #5195, #4519, #1793 ),
 .UNSPECIFIED., .F., .F. ) 
 B_SPLINE_CURVE_WITH_KNOTS ( ( 4, 4 ),
 ( 1.187692182776089500E-014, 3.637523895557383000E-005 ),
 .UNSPECIFIED. ) 
 CURVE ( )  GEOMETRIC_REPRESENTATION_ITEM ( )  RATIONAL_B_SPLINE_CURVE ( ( 0.9977678874133963900, 0.9977756879106732800, 0.9977835056442557700, 0.9977913406141438700 ) ) 
 REPRESENTATION_ITEM ( '' )  );
#1380 = ADVANCED_FACE ( 'NONE', ( #503 ), #3745, .F. ) ;
#1381 = ORIENTED_EDGE ( 'NONE', *, *, #4993, .F. ) ;
#1382 = ORIENTED_EDGE ( 'NONE', *, *, #4575, .T. ) ;
#1383 = DIRECTION ( 'NONE',  ( 0.8706306662289375900, -0.0006104894900814888200, -0.4919368560337177300 ) ) ;
#1384 = CARTESIAN_POINT ( 'NONE',  ( 1707.197933636688500, 129.7636477283258800, 2071.364418961481500 ) ) ;
#1385 = VECTOR ( 'NONE', #2297, 1000.000000000000000 ) ;
#1386 = CARTESIAN_POINT ( 'NONE',  ( 1676.052549790160100, -80.00000000000361000, 2124.764361134455200 ) ) ;
#1387 = CARTESIAN_POINT ( 'NONE',  ( 1829.555420693805200, -4.610000000003165800, 1956.970269493625200 ) ) ;
#1388 = DIRECTION ( 'NONE',  ( 0.0000000000000000000, 1.000000000000000000, 0.0000000000000000000 ) ) ;
#1389 = VERTEX_POINT ( 'NONE', #3605 ) ;
#1390 = CARTESIAN_POINT ( 'NONE',  ( 1974.999999973264700, -29.00000000000391200, 2146.500000008745200 ) ) ;
#1391 = VERTEX_POINT ( 'NONE', #3479 ) ;
#1392 = LINE ( 'NONE', #2532, #6511 ) ;
#1393 = EDGE_CURVE ( 'NONE', #2197, #4617, #4132, .T. ) ;
#1394 = CARTESIAN_POINT ( 'NONE',  ( 1811.691038051923200, 3.670790591808645000, 1929.435912630034600 ) ) ;
#1395 = EDGE_CURVE ( 'NONE', #1001, #4472, #5342, .T. ) ;
#1396 = EDGE_LOOP ( 'NONE', ( #7516, #547, #8377 ) ) ;
#1397 = CARTESIAN_POINT ( 'NONE',  ( 1866.999999956400400, 42.99999999999683100, 1961.500000006243000 ) ) ;
#1398 = ORIENTED_EDGE ( 'NONE', *, *, #1180, .F. ) ;
#1399 = EDGE_CURVE ( 'NONE', #8819, #6868, #6354, .T. ) ;
#1400 = AXIS2_PLACEMENT_3D ( 'NONE', #7338, #598, #3568 ) ;
#1401 = CARTESIAN_POINT ( 'NONE',  ( 0.0000000000000000000, 0.0000000000000000000, 2081.000000008745200 ) ) ;
#1402 = CARTESIAN_POINT ( 'NONE',  ( 1862.896390750899200, 82.49999999999701600, 1909.000000002324700 ) ) ;
#1403 = FACE_OUTER_BOUND ( 'NONE', #5464, .T. ) ;
#1404 = CARTESIAN_POINT ( 'NONE',  ( 1865.389399632809700, 113.8233292647171900, 1927.450213717208500 ) ) ;
#1405 = DIRECTION ( 'NONE',  ( 0.5028917890201631800, -0.0000000000000000000, 0.8643493787445557500 ) ) ;
#1406 = CARTESIAN_POINT ( 'NONE',  ( 1953.749999952532100, 69.12722283113167500, 1885.500000009618400 ) ) ;
#1407 = EDGE_LOOP ( 'NONE', ( #8632, #2280, #2858, #7842, #2069, #5185, #3910, #6043, #3233, #958, #848, #2111 ) ) ;
#1408 = CARTESIAN_POINT ( 'NONE',  ( 1968.514731620074800, 81.95833470727160400, 1926.637951882750500 ) ) ;
#1409 = ORIENTED_EDGE ( 'NONE', *, *, #287, .T. ) ;
#1410 = VECTOR ( 'NONE', #991, 1000.000000000000000 ) ;
#1411 = CARTESIAN_POINT ( 'NONE',  ( 1930.999999947511900, 83.49999999999704400, 1900.000000002324700 ) ) ;
#1412 = AXIS2_PLACEMENT_3D ( 'NONE', #7191, #3411, #7882 ) ;
#1413 = CARTESIAN_POINT ( 'NONE',  ( 1684.835619920844200, 129.7884175696286500, 2041.624240722383500 ) ) ;
#1414 = ORIENTED_EDGE ( 'NONE', *, *, #3268, .T. ) ;
#1415 = DIRECTION ( 'NONE',  ( 0.0000000000000000000, 0.0000000000000000000, 1.000000000000000000 ) ) ;
#1416 = ORIENTED_EDGE ( 'NONE', *, *, #8228, .F. ) ;
#1417 = VERTEX_POINT ( 'NONE', #2774 ) ;
#1418 = DIRECTION ( 'NONE',  ( -4.770906352595891300E-012, -0.9986295347545737200, -0.05233595624294744300 ) ) ;
#1419 = CARTESIAN_POINT ( 'NONE',  ( 1856.999999952526000, -108.4000000000069700, 1953.800000002324200 ) ) ;
#1420 = CARTESIAN_POINT ( 'NONE',  ( 1696.885488284340900, 129.4197360717873300, 2034.163854181572600 ) ) ;
#1421 = EDGE_CURVE ( 'NONE', #8773, #3933, #5600, .T. ) ;
#1422 = VECTOR ( 'NONE', #6823, 1000.000000000000000 ) ;
#1423 = EDGE_LOOP ( 'NONE', ( #87, #3272, #7196, #2714, #2082, #3331 ) ) ;
#1424 = ADVANCED_FACE ( 'NONE', ( #2256, #5789 ), #6662, .F. ) ;
#1425 = PLANE ( 'NONE',  #7621 ) ;
#1426 = ORIENTED_EDGE ( 'NONE', *, *, #1844, .F. ) ;
#1427 = ORIENTED_EDGE ( 'NONE', *, *, #3919, .F. ) ;
#1428 = CARTESIAN_POINT ( 'NONE',  ( 1922.499999947512600, 82.50000000000289900, 2.544261098099435500E-013 ) ) ;
#1429 = EDGE_CURVE ( 'NONE', #5974, #5442, #7294, .T. ) ;
#1430 = VECTOR ( 'NONE', #1687, 1000.000000000000000 ) ;
#1431 = CIRCLE ( 'NONE', #4803, 49.79999999999984100 ) ;
#1432 = DIRECTION ( 'NONE',  ( -1.235232893649552000E-015, 1.000000000000000000, 5.489923971775797600E-015 ) ) ;
#1433 = VECTOR ( 'NONE', #3521, 1000.000000000000000 ) ;
#1434 = EDGE_CURVE ( 'NONE', #294, #4467, #3505, .T. ) ;
#1435 = B_SPLINE_CURVE_WITH_KNOTS ( 'NONE', 3,
 ( #3854, #8442, #1821, #6455, #2581, #7098, #3307, #7791 ),
 .UNSPECIFIED., .F., .F.,
 ( 4, 2, 2, 4 ),
 ( 8.881784197001252300E-016, 0.1045974695892255300, 0.2091949391784501700, 0.4183898783568995600 ),
 .UNSPECIFIED. ) ;
#1436 = DIRECTION ( 'NONE',  ( 9.115924681779572100E-011, -3.546085137301702900E-015, 1.000000000000000000 ) ) ;
#1437 = CARTESIAN_POINT ( 'NONE',  ( 1728.506725300400800, -130.5685102965620100, 2091.437915433262800 ) ) ;
#1438 = VERTEX_POINT ( 'NONE', #7615 ) ;
#1439 = EDGE_LOOP ( 'NONE', ( #8758, #4045, #7598, #6281 ) ) ;
#1440 = DIRECTION ( 'NONE',  ( -0.0000000000000000000, -1.000000000000000000, -0.0000000000000000000 ) ) ;
#1441 = CONICAL_SURFACE ( 'NONE', #920, 22.45769846613665500, 0.05235987755984265100 ) ;
#1442 = VECTOR ( 'NONE', #2058, 1000.000000000000000 ) ;
#1443 = CIRCLE ( 'NONE', #2175, 6.650000000000093600 ) ;
#1444 = CARTESIAN_POINT ( 'NONE',  ( 1964.999999967202500, -92.00000000000000000, 2290.000000026026600 ) ) ;
#1445 = CARTESIAN_POINT ( 'NONE',  ( 1970.802052255379700, 78.64688061547974500, 1919.000000002325400 ) ) ;
#1446 = AXIS2_PLACEMENT_3D ( 'NONE', #5175, #5803, #1769 ) ;
#1447 = CARTESIAN_POINT ( 'NONE',  ( 0.0000000000000000000, 28.99999999969050500, 2146.500000008745200 ) ) ;
#1448 = ORIENTED_EDGE ( 'NONE', *, *, #7778, .F. ) ;
#1449 = CARTESIAN_POINT ( 'NONE',  ( 1663.424946479315400, 129.7891394494877500, 2011.294877267312600 ) ) ;
#1450 = DIRECTION ( 'NONE',  ( 0.0000000000000000000, 0.0000000000000000000, 1.000000000000000000 ) ) ;
#1451 = VECTOR ( 'NONE', #1493, 1000.000000000000000 ) ;
#1452 = CYLINDRICAL_SURFACE ( 'NONE', #4543, 94.99999999999997200 ) ;
#1453 = DIRECTION ( 'NONE',  ( 0.0000000000000000000, -1.000000000000000000, 0.0000000000000000000 ) ) ;
#1454 = EDGE_CURVE ( 'NONE', #1215, #7532, #27, .T. ) ;
#1455 = CARTESIAN_POINT ( 'NONE',  ( 1735.900076976943200, 129.4197360717871000, 2097.179443981123800 ) ) ;
#1456 = CARTESIAN_POINT ( 'NONE',  ( 1798.325470499850300, -4.787503726522780200E-012, 2049.585958621785700 ) ) ;
#1457 = APPLICATION_CONTEXT ( 'automotive_design' ) ;
#1458 = ORIENTED_EDGE ( 'NONE', *, *, #2833, .T. ) ;
#1459 = EDGE_LOOP ( 'NONE', ( #5472, #351, #7552, #7987, #1293, #6821, #5580, #5959, #6337, #4896 ) ) ;
#1460 = CARTESIAN_POINT ( 'NONE',  ( 1847.783225161953200, 28.99999999999754900, 1726.941558780839400 ) ) ;
#1461 = FACE_OUTER_BOUND ( 'NONE', #2187, .T. ) ;
#1462 = CARTESIAN_POINT ( 'NONE',  ( 1994.719999397111500, -175.9999999999877200, 2369.254424353543500 ) ) ;
#1463 = ORIENTED_EDGE ( 'NONE', *, *, #5492, .F. ) ;
#1464 = ORIENTED_EDGE ( 'NONE', *, *, #1217, .T. ) ;
#1465 = ORIENTED_EDGE ( 'NONE', *, *, #1454, .F. ) ;
#1466 = DIRECTION ( 'NONE',  ( 0.0000000000000000000, 1.000000000000000000, 3.491483361109382500E-015 ) ) ;
#1467 = DIRECTION ( 'NONE',  ( 0.0000000000000000000, 1.000000000000000000, 3.491475051101101300E-015 ) ) ;
#1468 = CARTESIAN_POINT ( 'NONE',  ( 1977.623892283030000, 72.91546392850560200, 1919.000000002325400 ) ) ;
#1469 = FACE_OUTER_BOUND ( 'NONE', #1098, .T. ) ;
#1470 = AXIS2_PLACEMENT_3D ( 'NONE', #1179, #1062, #1027 ) ;
#1471 = DIRECTION ( 'NONE',  ( 0.0000000000000000000, -3.652049423109128000E-015, 1.000000000000000000 ) ) ;
#1472 = AXIS2_PLACEMENT_3D ( 'NONE', #2721, #7236, #3457 ) ;
#1473 = EDGE_LOOP ( 'NONE', ( #2044, #4154 ) ) ;
#1474 = CARTESIAN_POINT ( 'NONE',  ( 1814.999999952526000, -101.6000000000066900, 1953.800000002324200 ) ) ;
#1475 = CARTESIAN_POINT ( 'NONE',  ( 1704.977359730794900, 129.7839511391837300, 2072.739233953700000 ) ) ;
#1476 = ADVANCED_FACE ( 'NONE', ( #5397 ), #6839, .T. ) ;
#1477 = ORIENTED_EDGE ( 'NONE', *, *, #5925, .F. ) ;
#1478 = CARTESIAN_POINT ( 'NONE',  ( 1961.648000531724600, -84.97093430522518500, 1919.000000002324900 ) ) ;
#1479 = EDGE_CURVE ( 'NONE', #7036, #4465, #8641, .T. ) ;
#1480 = CARTESIAN_POINT ( 'NONE',  ( 1719.409017350307100, 129.7803158000290600, 2107.389487408233900 ) ) ;
#1481 = CARTESIAN_POINT ( 'NONE',  ( 1829.555420700590300, -4.610000000003439300, 2031.399149007243300 ) ) ;
#1482 = EDGE_LOOP ( 'NONE', ( #2896, #5082 ) ) ;
#1483 = CARTESIAN_POINT ( 'NONE',  ( 1909.999999947512200, -2.844389003852986300E-012, 1864.000000002324700 ) ) ;
#1484 = DIRECTION ( 'NONE',  ( 0.0000000000000000000, 3.491483361109382500E-015, -1.000000000000000000 ) ) ;
#1485 = CARTESIAN_POINT ( 'NONE',  ( 1716.709750897574200, 129.4043607369865500, 2065.475405792944500 ) ) ;
#1486 = ORIENTED_EDGE ( 'NONE', *, *, #8672, .F. ) ;
#1487 = CARTESIAN_POINT ( 'NONE',  ( 1829.563292117314600, -1.536619627051150100, 1956.862604390669500 ) ) ;
#1488 = AXIS2_PLACEMENT_3D ( 'NONE', #2283, #1529, #6833 ) ;
#1489 = FACE_OUTER_BOUND ( 'NONE', #8347, .T. ) ;
#1490 = DIRECTION ( 'NONE',  ( -0.05233595624294845600, 0.9986295347545736100, 0.0000000000000000000 ) ) ;
#1491 = EDGE_CURVE ( 'NONE', #7666, #263, #6771, .T. ) ;
#1492 = VERTEX_POINT ( 'NONE', #5125 ) ;
#1493 = DIRECTION ( 'NONE',  ( -0.0000000000000000000, 1.000000000000000000, 3.491475051101101300E-015 ) ) ;
#1494 = VERTEX_POINT ( 'NONE', #957 ) ;
#1495 = VERTEX_POINT ( 'NONE', #5745 ) ;
#1496 = CARTESIAN_POINT ( 'NONE',  ( 1649.999999967203800, -130.5478796779712500, 2030.200000026024800 ) ) ;
#1497 = CYLINDRICAL_SURFACE ( 'NONE', #2932, 38.49999999999997900 ) ;
#1498 = ORIENTED_EDGE ( 'NONE', *, *, #7655, .T. ) ;
#1499 = CARTESIAN_POINT ( 'NONE',  ( 1964.420679351357600, 83.20552864433290100, 1919.000000002325600 ) ) ;
#1500 = ORIENTED_EDGE ( 'NONE', *, *, #5477, .T. ) ;
#1501 = CARTESIAN_POINT ( 'NONE',  ( 1842.499999948150200, -2.868829387380752800E-012, 1871.000000008478100 ) ) ;
#1502 = AXIS2_PLACEMENT_3D ( 'NONE', #5139, #971, #5756 ) ;
#1503 = ORIENTED_EDGE ( 'NONE', *, *, #3586, .F. ) ;
#1504 = VECTOR ( 'NONE', #6653, 1000.000000000000000 ) ;
#1505 = CARTESIAN_POINT ( 'NONE',  ( 1946.147095255923400, -104.7542203061885400, 2383.190973283607000 ) ) ;
#1506 = CARTESIAN_POINT ( 'NONE',  ( 1683.249467346605300, 129.7902424056704800, 2042.606268986888800 ) ) ;
#1507 = CARTESIAN_POINT ( 'NONE',  ( 1864.999999933194900, -65.00000000000234500, 1706.941558779269600 ) ) ;
#1508 = EDGE_LOOP ( 'NONE', ( #7710, #3748, #8364, #143 ) ) ;
#1509 = CARTESIAN_POINT ( 'NONE',  ( 1909.999999952525700, -3.036420588714004300E-012, 1919.000000002324700 ) ) ;
#1510 = CARTESIAN_POINT ( 'NONE',  ( 1673.212689169718300, 129.6875214309562000, 2092.405566695145800 ) ) ;
#1511 = ORIENTED_EDGE ( 'NONE', *, *, #1066, .F. ) ;
#1512 = ORIENTED_EDGE ( 'NONE', *, *, #151, .F. ) ;
#1513 = CARTESIAN_POINT ( 'NONE',  ( 1704.875312763654800, -80.00000000000322600, 1985.108414068880400 ) ) ;
#1514 = VECTOR ( 'NONE', #3608, 1000.000000000000000 ) ;
#1515 = CARTESIAN_POINT ( 'NONE',  ( 1697.202456551273100, 129.4043607369866600, 2033.967610893168500 ) ) ;
#1516 = CARTESIAN_POINT ( 'NONE',  ( 1964.999999967202500, -91.99999999998453900, 2245.000000026026600 ) ) ;
#1517 = ORIENTED_EDGE ( 'NONE', *, *, #1029, .F. ) ;
#1518 = ORIENTED_EDGE ( 'NONE', *, *, #1093, .T. ) ;
#1519 = EDGE_CURVE ( 'NONE', #5543, #1438, #3511, .T. ) ;
#1520 = ADVANCED_FACE ( 'NONE', ( #1784, #5201 ), #6984, .T. ) ;
#1521 = CARTESIAN_POINT ( 'NONE',  ( 1814.225292582054600, -94.02731443584939100, 1926.916699800425900 ) ) ;
#1522 = FACE_OUTER_BOUND ( 'NONE', #8584, .T. ) ;
#1523 = DIRECTION ( 'NONE',  ( 0.0000000000000000000, 0.0000000000000000000, 1.000000000000000000 ) ) ;
#1524 = VERTEX_POINT ( 'NONE', #2452 ) ;
#1525 = CARTESIAN_POINT ( 'NONE',  ( 1946.053815501988500, -130.4730621530639800, 2376.453366010528500 ) ) ;
#1526 = EDGE_CURVE ( 'NONE', #1885, #3617, #6637, .T. ) ;
#1527 = ORIENTED_EDGE ( 'NONE', *, *, #7206, .F. ) ;
#1528 = DIRECTION ( 'NONE',  ( -0.01011454203717741100, 0.9985786392340174600, -0.05232969811604175300 ) ) ;
#1529 = DIRECTION ( 'NONE',  ( -9.115936927843110400E-011, 3.491483361109382100E-015, -1.000000000000000000 ) ) ;
#1530 = ORIENTED_EDGE ( 'NONE', *, *, #7674, .T. ) ;
#1531 = VERTEX_POINT ( 'NONE', #8366 ) ;
#1532 = CARTESIAN_POINT ( 'NONE',  ( 1649.999999967202500, -188.6660834161338300, 2099.000000026025200 ) ) ;
#1533 = LINE ( 'NONE', #1868, #1768 ) ;
#1534 = CARTESIAN_POINT ( 'NONE',  ( 1957.103609156067900, 82.49999999999690200, 1919.000000005545400 ) ) ;
#1535 = VERTEX_POINT ( 'NONE', #6379 ) ;
#1536 = CARTESIAN_POINT ( 'NONE',  ( 1949.928154271038700, -129.4911182963053000, 2389.698733439272500 ) ) ;
#1537 = CARTESIAN_POINT ( 'NONE',  ( 1662.473266916348600, 129.7858305809410500, 2011.884086807910800 ) ) ;
#1538 = VERTEX_POINT ( 'NONE', #5772 ) ;
#1539 = ORIENTED_EDGE ( 'NONE', *, *, #4356, .F. ) ;
#1540 = DIRECTION ( 'NONE',  ( 0.0000000000000000000, 3.604620209821938900E-015, -1.000000000000000000 ) ) ;
#1541 = CIRCLE ( 'NONE', #1359, 6.650000000000093600 ) ;
#1542 = AXIS2_PLACEMENT_3D ( 'NONE', #2753, #553, #5413 ) ;
#1543 = DIRECTION ( 'NONE',  ( 0.0000000000000000000, -1.000000000000000000, -3.491475051101101300E-015 ) ) ;
#1544 = AXIS2_PLACEMENT_3D ( 'NONE', #3905, #8383, #4541 ) ;
#1545 = CARTESIAN_POINT ( 'NONE',  ( 1649.999999967202500, -148.0000000000036100, 2080.000000026025600 ) ) ;
#1546 = DIRECTION ( 'NONE',  ( 0.0000000000000000000, -1.000000000000000000, 0.0000000000000000000 ) ) ;
#1547 = DIRECTION ( 'NONE',  ( 0.0000000000000000000, 1.000000000000000000, 0.0000000000000000000 ) ) ;
#1548 = DIRECTION ( 'NONE',  ( 1.000000000000000000, 0.0000000000000000000, -9.116041255197152600E-011 ) ) ;
#1549 = CARTESIAN_POINT ( 'NONE',  ( 1798.454488448070600, 125.4391287590930500, 2014.865115173399100 ) ) ;
#1550 = EDGE_CURVE ( 'NONE', #2414, #8061, #1319, .T. ) ;
#1551 = ORIENTED_EDGE ( 'NONE', *, *, #7599, .F. ) ;
#1552 = CYLINDRICAL_SURFACE ( 'NONE', #2768, 14.99999999999968000 ) ;
#1553 = VECTOR ( 'NONE', #4200, 1000.000000000000100 ) ;
#1554 = LINE ( 'NONE', #3363, #2822 ) ;
#1555 = CARTESIAN_POINT ( 'NONE',  ( 1994.719999397111500, -175.9999999999877200, 2369.254424353543500 ) ) ;
#1556 = VECTOR ( 'NONE', #8324, 1000.000000000000000 ) ;
#1557 =( BOUNDED_CURVE ( )  B_SPLINE_CURVE ( 3, ( #60, #4385, #1567, #6249 ),
 .UNSPECIFIED., .F., .T. ) 
 B_SPLINE_CURVE_WITH_KNOTS ( ( 4, 4 ),
 ( 4.712388980384687900, 6.248278722139708900 ),
 .UNSPECIFIED. ) 
 CURVE ( )  GEOMETRIC_REPRESENTATION_ITEM ( )  RATIONAL_B_SPLINE_CURVE ( ( 1.000000000000000000, 0.8128932002257648300, 0.8128932002257648300, 1.000000000000000000 ) ) 
 REPRESENTATION_ITEM ( '' )  );
#1558 = CARTESIAN_POINT ( 'NONE',  ( 1948.581238146302200, -130.3936930438015900, 2352.078533236918700 ) ) ;
#1559 = VERTEX_POINT ( 'NONE', #7009 ) ;
#1560 = AXIS2_PLACEMENT_3D ( 'NONE', #7612, #1626, #3822 ) ;
#1561 = VECTOR ( 'NONE', #2861, 1000.000000000000000 ) ;
#1562 = CARTESIAN_POINT ( 'NONE',  ( 1649.999999967202500, -72.00000000000353900, 2061.000000026026100 ) ) ;
#1563 = EDGE_CURVE ( 'NONE', #4367, #3972, #5007, .T. ) ;
#1564 = LINE ( 'NONE', #5805, #5019 ) ;
#1565 = VECTOR ( 'NONE', #4726, 1000.000000000000100 ) ;
#1566 = CARTESIAN_POINT ( 'NONE',  ( 2004.004053256509000, -31.81465135352430100, 1919.000000002324900 ) ) ;
#1567 = CARTESIAN_POINT ( 'NONE',  ( 1755.911964886381400, -52.29769945504326500, 1980.318947148733300 ) ) ;
#1568 = DIRECTION ( 'NONE',  ( -1.000000000000000000, 0.0000000000000000000, 9.116360357732403000E-011 ) ) ;
#1569 = VERTEX_POINT ( 'NONE', #8389 ) ;
#1570 = CARTESIAN_POINT ( 'NONE',  ( 1705.905887172668800, 129.7333671374012500, 2115.749626091676900 ) ) ;
#1571 = ADVANCED_FACE ( 'NONE', ( #8434 ), #1012, .F. ) ;
#1572 = VECTOR ( 'NONE', #448, 1000.000000000000000 ) ;
#1573 = DIRECTION ( 'NONE',  ( -0.0000000000000000000, 1.000000000000000000, 3.491483361109382100E-015 ) ) ;
#1574 = AXIS2_PLACEMENT_3D ( 'NONE', #5023, #841, #5657 ) ;
#1575 = DIRECTION ( 'NONE',  ( 0.0000000000000000000, 2.921639538487234500E-015, -1.000000000000000000 ) ) ;
#1576 = EDGE_LOOP ( 'NONE', ( #7701, #1464, #1458, #5826 ) ) ;
#1577 = DIRECTION ( 'NONE',  ( 3.182802359415012600E-025, 3.491475051101101300E-015, -1.000000000000000000 ) ) ;
#1578 = EDGE_CURVE ( 'NONE', #6016, #5692, #8502, .T. ) ;
#1579 = CARTESIAN_POINT ( 'NONE',  ( 1778.947194101768400, 125.4391287590931700, 1983.357320273624700 ) ) ;
#1580 = LINE ( 'NONE', #5230, #5422 ) ;
#1581 = ORIENTED_EDGE ( 'NONE', *, *, #5236, .F. ) ;
#1582 = CARTESIAN_POINT ( 'NONE',  ( 1994.719999397111500, 500000.0000000000600, 2330.754424355289800 ) ) ;
#1583 = EDGE_CURVE ( 'NONE', #8511, #6088, #1379, .T. ) ;
#1584 = AXIS2_PLACEMENT_3D ( 'NONE', #4655, #401, #3347 ) ;
#1585 = VERTEX_POINT ( 'NONE', #3240 ) ;
#1586 = LINE ( 'NONE', #6928, #3320 ) ;
#1587 = CARTESIAN_POINT ( 'NONE',  ( 1964.973626558911100, -130.2011508759204900, 2330.052707531227000 ) ) ;
#1588 = CARTESIAN_POINT ( 'NONE',  ( 1905.499999947512200, 82.50000000000289900, 2.544261098099435500E-013 ) ) ;
#1589 = ORIENTED_EDGE ( 'NONE', *, *, #7432, .F. ) ;
#1591 = VERTEX_POINT ( 'NONE', #3970 ) ;
#1590 = CARTESIAN_POINT ( 'NONE',  ( 1965.495184305183600, -82.60639155614680400, 1919.000000002324900 ) ) ;
#1592 = DIRECTION ( 'NONE',  ( 0.0000000000000000000, -1.000000000000000000, -3.491475051078775400E-015 ) ) ;
#1593 = CYLINDRICAL_SURFACE ( 'NONE', #1584, 6.499999999999908500 ) ;
#1594 = AXIS2_PLACEMENT_3D ( 'NONE', #4194, #4167, #4383 ) ;
#1595 = CARTESIAN_POINT ( 'NONE',  ( 1716.873959565789400, 9.999999999996646200, 2004.488390389799000 ) ) ;
#1596 = AXIS2_PLACEMENT_3D ( 'NONE', #4392, #1577, #6261 ) ;
#1597 = CARTESIAN_POINT ( 'NONE',  ( 2057.952103583561400, -104.8043288144054500, 2385.032022589811300 ) ) ;
#1598 = DIRECTION ( 'NONE',  ( 9.115924681779572100E-011, -3.546085137301702900E-015, 1.000000000000000000 ) ) ;
#1599 = ORIENTED_EDGE ( 'NONE', *, *, #6482, .F. ) ;
#1600 = ORIENTED_EDGE ( 'NONE', *, *, #4462, .T. ) ;
#1601 = DIRECTION ( 'NONE',  ( 0.0000000000000000000, -1.000000000000000000, -3.491483361109382100E-015 ) ) ;
#1602 = EDGE_CURVE ( 'NONE', #8765, #1315, #6269, .T. ) ;
#1603 = DIRECTION ( 'NONE',  ( 3.182802359415012600E-025, 3.491475051101101300E-015, -1.000000000000000000 ) ) ;
#1604 = VECTOR ( 'NONE', #6690, 1000.000000000000200 ) ;
#1605 = PLANE ( 'NONE',  #4016 ) ;
#1606 = CARTESIAN_POINT ( 'NONE',  ( 2005.748051461584100, -45.43418957765171500, 1954.031819885567800 ) ) ;
#1607 = CARTESIAN_POINT ( 'NONE',  ( 1994.999999967202500, -104.1961718936149600, 2317.500000026028400 ) ) ;
#1608 = CARTESIAN_POINT ( 'NONE',  ( 1840.883924861929900, 116.2954736481292500, 1901.425413640451100 ) ) ;
#1609 = EDGE_LOOP ( 'NONE', ( #467, #737, #1511, #2130, #1987, #1268, #2141 ) ) ;
#1610 = CARTESIAN_POINT ( 'NONE',  ( 1964.999999967202500, -500000.0000000000600, 2290.000000026026600 ) ) ;
#1611 = ORIENTED_EDGE ( 'NONE', *, *, #5753, .F. ) ;
#1612 = ORIENTED_EDGE ( 'NONE', *, *, #6911, .F. ) ;
#1613 = FACE_OUTER_BOUND ( 'NONE', #8547, .T. ) ;
#1614 = CARTESIAN_POINT ( 'NONE',  ( 1964.999999967202500, -104.5000000000000000, 2333.400000026028000 ) ) ;
#1615 = ADVANCED_FACE ( 'NONE', ( #8010 ), #7800, .T. ) ;
#1616 = EDGE_CURVE ( 'NONE', #7313, #7116, #1084, .T. ) ;
#1617 = ORIENTED_EDGE ( 'NONE', *, *, #6753, .T. ) ;
#1618 = CARTESIAN_POINT ( 'NONE',  ( 1994.719999397106000, -129.8762623697468800, 2320.038308421994300 ) ) ;
#1619 = VERTEX_POINT ( 'NONE', #7154 ) ;
#1620 = DIRECTION ( 'NONE',  ( -3.182806635077191500E-025, -3.491475051078775400E-015, 1.000000000000000000 ) ) ;
#1621 = CARTESIAN_POINT ( 'NONE',  ( 1949.999999955851300, 51.21677475222887200, 1726.941558769496600 ) ) ;
#1622 = CYLINDRICAL_SURFACE ( 'NONE', #1999, 49.79999999999984100 ) ;
#1623 = CARTESIAN_POINT ( 'NONE',  ( 1909.999999958223300, -29.00000000021431400, 1981.500000002324700 ) ) ;
#1624 = AXIS2_PLACEMENT_3D ( 'NONE', #2934, #8131, #3650 ) ;
#1625 = ORIENTED_EDGE ( 'NONE', *, *, #3751, .F. ) ;
#1626 = DIRECTION ( 'NONE',  ( 9.115083730012568500E-011, 2.280196055037540600E-014, 1.000000000000000000 ) ) ;
#1627 = ORIENTED_EDGE ( 'NONE', *, *, #8453, .T. ) ;
#1628 = CARTESIAN_POINT ( 'NONE',  ( 1938.803095970768900, 66.57851332042589800, 1955.320563813865900 ) ) ;
#1629 = CYLINDRICAL_SURFACE ( 'NONE', #6059, 18.99999999999968400 ) ;
#1630 = EDGE_CURVE ( 'NONE', #7961, #3648, #1554, .T. ) ;
#1631 = CARTESIAN_POINT ( 'NONE',  ( 1716.873959565789400, -80.00000000000332500, 2004.488390389799000 ) ) ;
#1632 = CARTESIAN_POINT ( 'NONE',  ( 1856.999999952526000, -105.0000000000067400, 1931.300000002324200 ) ) ;
#1633 = ORIENTED_EDGE ( 'NONE', *, *, #3634, .F. ) ;
#1634 = CARTESIAN_POINT ( 'NONE',  ( 1812.587401576876100, 105.7635540911431600, 1927.047495752818100 ) ) ;
#1636 = ADVANCED_FACE ( 'NONE', ( #6065 ), #2582, .T. ) ;
#1635 = ORIENTED_EDGE ( 'NONE', *, *, #5719, .F. ) ;
#1637 = ORIENTED_EDGE ( 'NONE', *, *, #5866, .T. ) ;
#1638 = CARTESIAN_POINT ( 'NONE',  ( 1963.993493142556400, 90.88195362490903100, 1955.489921195666700 ) ) ;
#1639 = DIRECTION ( 'NONE',  ( 0.0000000000000000000, -0.008721219933161328300, 0.9999619694382768700 ) ) ;
#1640 = CARTESIAN_POINT ( 'NONE',  ( 1817.961782794372100, 125.4391287590929100, 2046.372910073174800 ) ) ;
#1641 = FACE_OUTER_BOUND ( 'NONE', #6463, .T. ) ;
#1642 = VERTEX_POINT ( 'NONE', #8529 ) ;
#1643 = ORIENTED_EDGE ( 'NONE', *, *, #6050, .F. ) ;
#1644 = CARTESIAN_POINT ( 'NONE',  ( 1884.999999947512200, 113.9999999999969200, 1945.500000004472000 ) ) ;
#1645 = EDGE_CURVE ( 'NONE', #5114, #959, #4609, .T. ) ;
#1646 = DIRECTION ( 'NONE',  ( 0.0000000000000000000, 1.000000000000000000, 0.0000000000000000000 ) ) ;
#1647 = VERTEX_POINT ( 'NONE', #1923 ) ;
#1648 = ORIENTED_EDGE ( 'NONE', *, *, #271, .T. ) ;
#1649 = LINE ( 'NONE', #2966, #7347 ) ;
#1650 = DIRECTION ( 'NONE',  ( 0.0000000000000000000, 1.000000000000000000, 3.491483361109381700E-015 ) ) ;
#1651 = AXIS2_PLACEMENT_3D ( 'NONE', #2530, #2520, #2443 ) ;
#1652 = AXIS2_PLACEMENT_3D ( 'NONE', #29, #6221, #2288 ) ;
#1653 = CARTESIAN_POINT ( 'NONE',  ( 1888.999999947512400, 83.49999999999701600, 1909.000000002324700 ) ) ;
#1654 = CARTESIAN_POINT ( 'NONE',  ( 1814.999999952526000, -116.0000000000066400, 1928.068239455657500 ) ) ;
#1655 = ORIENTED_EDGE ( 'NONE', *, *, #15, .T. ) ;
#1656 = ORIENTED_EDGE ( 'NONE', *, *, #7185, .T. ) ;
#1657 = CIRCLE ( 'NONE', #4901, 6.650000000000030600 ) ;
#1658 = CARTESIAN_POINT ( 'NONE',  ( 1674.846737552868900, -3.746003438892259200E-012, 2122.232487970646200 ) ) ;
#1659 = EDGE_CURVE ( 'NONE', #8571, #7670, #4430, .T. ) ;
#1660 = FACE_OUTER_BOUND ( 'NONE', #4303, .T. ) ;
#1661 = CARTESIAN_POINT ( 'NONE',  ( 1909.999999947512200, -2.844389003852989100E-012, 1864.000000002325400 ) ) ;
#1662 = CARTESIAN_POINT ( 'NONE',  ( 1814.999999952526000, 105.9999999999931900, 1927.040210408437400 ) ) ;
#1663 = VECTOR ( 'NONE', #4153, 1000.000000000000000 ) ;
#1664 = CARTESIAN_POINT ( 'NONE',  ( 1704.875312763654800, -80.00000000000326800, 1985.108414068880400 ) ) ;
#1665 = ADVANCED_FACE ( 'NONE', ( #4230 ), #7876, .T. ) ;
#1666 = ORIENTED_EDGE ( 'NONE', *, *, #1842, .F. ) ;
#1667 = PLANE ( 'NONE',  #7401 ) ;
#1668 = AXIS2_PLACEMENT_3D ( 'NONE', #2276, #6830, #4358 ) ;
#1669 = ORIENTED_EDGE ( 'NONE', *, *, #2480, .F. ) ;
#1670 = DIRECTION ( 'NONE',  ( -9.116527603211088700E-011, 4.943618894426031000E-015, -1.000000000000000000 ) ) ;
#1671 = LINE ( 'NONE', #3893, #5503 ) ;
#1672 = CARTESIAN_POINT ( 'NONE',  ( 1804.470210430101600, 98.28603206035042200, 1927.542927438752500 ) ) ;
#1673 = LINE ( 'NONE', #6647, #8544 ) ;
#1674 = VERTEX_POINT ( 'NONE', #5951 ) ;
#1675 = CIRCLE ( 'NONE', #174, 14.99999999999968000 ) ;
#1676 = CARTESIAN_POINT ( 'NONE',  ( 2011.798995692916800, -19.83234391097834100, 1941.446561495691000 ) ) ;
#1677 = CARTESIAN_POINT ( 'NONE',  ( 1860.391219208231000, 116.2954736481291300, 1932.933208540226400 ) ) ;
#1678 = EDGE_CURVE ( 'NONE', #8515, #1003, #5874, .T. ) ;
#1679 = ORIENTED_EDGE ( 'NONE', *, *, #6881, .F. ) ;
#1680 = DIRECTION ( 'NONE',  ( -1.000000000000000000, 0.0000000000000000000, 9.116041255197152600E-011 ) ) ;
#1681 = CARTESIAN_POINT ( 'NONE',  ( 1814.999999952526000, -105.0000000000067400, 1931.300000002324200 ) ) ;
#1682 = LINE ( 'NONE', #6187, #1451 ) ;
#1683 = FACE_OUTER_BOUND ( 'NONE', #6543, .T. ) ;
#1684 = CARTESIAN_POINT ( 'NONE',  ( 1952.999999956401100, 42.99999999999683100, 1961.499999998456800 ) ) ;
#1685 = AXIS2_PLACEMENT_3D ( 'NONE', #8755, #4890, #678 ) ;
#1686 = ORIENTED_EDGE ( 'NONE', *, *, #470, .T. ) ;
#1687 = DIRECTION ( 'NONE',  ( 9.115924681779572100E-011, -0.0000000000000000000, 1.000000000000000000 ) ) ;
#1688 = CARTESIAN_POINT ( 'NONE',  ( 1787.024988100141200, 121.0311940365450000, 1935.566607726317200 ) ) ;
#1689 = ADVANCED_FACE ( 'NONE', ( #7359 ), #2693, .T. ) ;
#1690 = VECTOR ( 'NONE', #8767, 1000.000000000000000 ) ;
#1691 = DIRECTION ( 'NONE',  ( -3.182806635077191500E-025, -3.491475051078775400E-015, 1.000000000000000000 ) ) ;
#1692 = DIRECTION ( 'NONE',  ( 0.0000000000000000000, -1.000000000000000000, -3.491475051101101300E-015 ) ) ;
#1693 = DIRECTION ( 'NONE',  ( 0.0000000000000000000, 1.000000000000000000, 0.0000000000000000000 ) ) ;
#1694 = ORIENTED_EDGE ( 'NONE', *, *, #28, .F. ) ;
#1695 = CARTESIAN_POINT ( 'NONE',  ( 1881.314377539220900, 112.5761102555283200, 1934.600110131702600 ) ) ;
#1696 = CARTESIAN_POINT ( 'NONE',  ( 1905.499999947512200, 83.49999999999712900, 1874.300000002324400 ) ) ;
#1697 = EDGE_LOOP ( 'NONE', ( #497, #2074, #2767, #2102, #2680, #2672, #1899, #1551, #1774, #440, #3467, #697, #614, #2314, #559, #1258 ) ) ;
#1698 = DIRECTION ( 'NONE',  ( 0.0000000000000000000, -1.000000000000000000, 0.0000000000000000000 ) ) ;
#1699 = CIRCLE ( 'NONE', #3667, 10.99999999999991300 ) ;
#1700 = CARTESIAN_POINT ( 'NONE',  ( 1994.719999397111500, 500000.0000000000600, 2407.754424355289800 ) ) ;
#1701 = EDGE_LOOP ( 'NONE', ( #2161, #405, #4258 ) ) ;
#1702 = CARTESIAN_POINT ( 'NONE',  ( 1953.512470027185600, 95.35889034096688000, 1943.481971828528500 ) ) ;
#1703 = EDGE_CURVE ( 'NONE', #8133, #2840, #861, .T. ) ;
#1704 = CARTESIAN_POINT ( 'NONE',  ( 1879.898513554531500, 116.2954736481290200, 1964.441003440001400 ) ) ;
#1705 = ORIENTED_EDGE ( 'NONE', *, *, #1716, .F. ) ;
#1706 = DIRECTION ( 'NONE',  ( 0.0000000000000000000, 1.000000000000000000, 3.491483361109382500E-015 ) ) ;
#1707 = EDGE_CURVE ( 'NONE', #7664, #1531, #1200, .T. ) ;
#1708 = DIRECTION ( 'NONE',  ( 0.0000000000000000000, -1.000000000000000000, -3.491483361109382500E-015 ) ) ;
#1709 = AXIS2_PLACEMENT_3D ( 'NONE', #7270, #3490, #7964 ) ;
#1710 = ADVANCED_FACE ( 'NONE', ( #2134 ), #7143, .T. ) ;
#1711 = CARTESIAN_POINT ( 'NONE',  ( 1914.499999947512800, 83.50000000000289900, 2.579175931710529400E-013 ) ) ;
#1712 = VERTEX_POINT ( 'NONE', #5385 ) ;
#1713 = EDGE_LOOP ( 'NONE', ( #7499, #6865, #7072, #2157 ) ) ;
#1714 = CARTESIAN_POINT ( 'NONE',  ( 1649.999999953209200, -86.00924963875270600, 1926.496490845233700 ) ) ;
#1715 = FACE_OUTER_BOUND ( 'NONE', #5088, .T. ) ;
#1716 = EDGE_CURVE ( 'NONE', #6612, #4523, #148, .T. ) ;
#1717 = ORIENTED_EDGE ( 'NONE', *, *, #712, .F. ) ;
#1718 = DIRECTION ( 'NONE',  ( 0.0000000000000000000, 1.000000000000000000, 3.491475051101101300E-015 ) ) ;
#1719 = VERTEX_POINT ( 'NONE', #7271 ) ;
#1720 = AXIS2_PLACEMENT_3D ( 'NONE', #7644, #7672, #3884 ) ;
#1721 = ORIENTED_EDGE ( 'NONE', *, *, #1270, .T. ) ;
#1722 = CARTESIAN_POINT ( 'NONE',  ( 1666.145977193530800, -130.5556492034402500, 2032.885399208414600 ) ) ;
#1723 = SURFACE_STYLE_USAGE ( .BOTH. , #5769 ) ;
#1724 = AXIS2_PLACEMENT_3D ( 'NONE', #3671, #4335, #754 ) ;
#1725 = FACE_OUTER_BOUND ( 'NONE', #4530, .T. ) ;
#1726 = CARTESIAN_POINT ( 'NONE',  ( 1873.898595111524200, 113.8110057257401700, 1942.475126799196900 ) ) ;
#1727 = CARTESIAN_POINT ( 'NONE',  ( 1676.471950487031300, 91.77999999999657600, 2124.994894319278500 ) ) ;
#1728 =( BOUNDED_CURVE ( )  B_SPLINE_CURVE ( 3, ( #8323, #3845, #8016, #4205 ),
 .UNSPECIFIED., .F., .T. ) 
 B_SPLINE_CURVE_WITH_KNOTS ( ( 4, 4 ),
 ( 3.176499238720825100, 6.318091892310618200 ),
 .UNSPECIFIED. ) 
 CURVE ( )  GEOMETRIC_REPRESENTATION_ITEM ( )  RATIONAL_B_SPLINE_CURVE ( ( 1.000000000000000000, 0.3333333333333333700, 0.3333333333333333700, 1.000000000000000000 ) ) 
 REPRESENTATION_ITEM ( '' )  );
#1729 = CARTESIAN_POINT ( 'NONE',  ( 1829.160540857791400, 33.48480033194934400, 1885.500000009618400 ) ) ;
#1730 = EDGE_CURVE ( 'NONE', #2394, #3960, #2377, .T. ) ;
#1731 = ORIENTED_EDGE ( 'NONE', *, *, #3919, .T. ) ;
#1732 = DIRECTION ( 'NONE',  ( -9.115924681779572100E-011, 0.0000000000000000000, -1.000000000000000000 ) ) ;
#1733 = CARTESIAN_POINT ( 'NONE',  ( 1994.719999397111500, -144.7500000000062000, 2369.254424353543500 ) ) ;
#1734 = VERTEX_POINT ( 'NONE', #8643 ) ;
#1735 = ORIENTED_EDGE ( 'NONE', *, *, #1802, .T. ) ;
#1736 = CARTESIAN_POINT ( 'NONE',  ( 1967.999999953214900, 91.77999999954040800, 1926.294971773101200 ) ) ;
#1737 = FACE_OUTER_BOUND ( 'NONE', #4145, .T. ) ;
#1738 = ADVANCED_FACE ( 'NONE', ( #8738 ), #3491, .F. ) ;
#1739 = CARTESIAN_POINT ( 'NONE',  ( 2011.239003831622800, 6.111894114637028300, 1929.092162081886000 ) ) ;
#1740 = CARTESIAN_POINT ( 'NONE',  ( 1921.790266056142400, 101.9999999999971900, 1851.334195985321700 ) ) ;
#1741 = ORIENTED_EDGE ( 'NONE', *, *, #5323, .F. ) ;
#1742 = CARTESIAN_POINT ( 'NONE',  ( 1829.999999950338000, -2.952624988072840400E-012, 1895.000000009617500 ) ) ;
#1743 = ORIENTED_EDGE ( 'NONE', *, *, #3840, .T. ) ;
#1744 = DIRECTION ( 'NONE',  ( -9.115936927843110400E-011, 3.491483361109382100E-015, -1.000000000000000000 ) ) ;
#1745 = ORIENTED_EDGE ( 'NONE', *, *, #1730, .T. ) ;
#1746 = ORIENTED_EDGE ( 'NONE', *, *, #5358, .T. ) ;
#1747 = PLANE ( 'NONE',  #5611 ) ;
#1748 = EDGE_CURVE ( 'NONE', #8240, #8788, #7577, .T. ) ;
#1749 = CARTESIAN_POINT ( 'NONE',  ( 1968.650075450369500, 87.71560560453474400, 1955.016857767078600 ) ) ;
#1750 = CIRCLE ( 'NONE', #1685, 6.650000000000030600 ) ;
#1751 = ORIENTED_EDGE ( 'NONE', *, *, #2269, .F. ) ;
#1752 = PLANE ( 'NONE',  #7267 ) ;
#1753 = VERTEX_POINT ( 'NONE', #517 ) ;
#1754 = VERTEX_POINT ( 'NONE', #7300 ) ;
#1755 = CIRCLE ( 'NONE', #4139, 80.00000000000007100 ) ;
#1756 = AXIS2_PLACEMENT_3D ( 'NONE', #8601, #4749, #508 ) ;
#1757 = VERTEX_POINT ( 'NONE', #3528 ) ;
#1758 = CARTESIAN_POINT ( 'NONE',  ( 1688.999675830322300, -130.5625836794108600, 2048.919408754955400 ) ) ;
#1759 = DIRECTION ( 'NONE',  ( 0.0000000000000000000, 3.491483361109382500E-015, -1.000000000000000000 ) ) ;
#1760 = VERTEX_POINT ( 'NONE', #2787 ) ;
#1761 = CARTESIAN_POINT ( 'NONE',  ( 1875.216811068379200, 114.2335825601808900, 1951.556460016699200 ) ) ;
#1762 = DIRECTION ( 'NONE',  ( 0.0000000000000000000, -1.000000000000000000, -3.491483361109382500E-015 ) ) ;
#1763 = ADVANCED_FACE ( 'NONE', ( #1660 ), #8533, .F. ) ;
#1764 = VERTEX_POINT ( 'NONE', #583 ) ;
#1765 = ORIENTED_EDGE ( 'NONE', *, *, #1884, .F. ) ;
#1766 = EDGE_CURVE ( 'NONE', #4572, #1184, #4030, .T. ) ;
#1767 = CARTESIAN_POINT ( 'NONE',  ( 1938.999999935018000, -62.21677477186723600, 1726.941558772523900 ) ) ;
#1768 = VECTOR ( 'NONE', #5886, 1000.000000000000100 ) ;
#1769 = DIRECTION ( 'NONE',  ( 0.0000000000000000000, -1.000000000000000000, -3.491475051078775400E-015 ) ) ;
#1770 = CARTESIAN_POINT ( 'NONE',  ( 1964.999999967202500, -104.1870349947733100, 2317.500000026027900 ) ) ;
#1771 = DIRECTION ( 'NONE',  ( 0.0000000000000000000, 4.163336342344333100E-015, -1.000000000000000000 ) ) ;
#1772 = EDGE_CURVE ( 'NONE', #2011, #6812, #6941, .T. ) ;
#1773 = CARTESIAN_POINT ( 'NONE',  ( 1958.125022494196400, -86.99097923095001800, 1918.572988425456100 ) ) ;
#1774 = ORIENTED_EDGE ( 'NONE', *, *, #6860, .F. ) ;
#1775 = ORIENTED_EDGE ( 'NONE', *, *, #1223, .F. ) ;
#1776 = DIRECTION ( 'NONE',  ( 0.0000000000000000000, 1.000000000000000000, 0.0000000000000000000 ) ) ;
#1777 = VECTOR ( 'NONE', #4583, 1000.000000000000000 ) ;
#1778 = CARTESIAN_POINT ( 'NONE',  ( 1990.647468067848400, 67.92313774731712800, 1953.557102382699000 ) ) ;
#1779 = ORIENTED_EDGE ( 'NONE', *, *, #5777, .T. ) ;
#1780 = ORIENTED_EDGE ( 'NONE', *, *, #2554, .T. ) ;
#1781 = CIRCLE ( 'NONE', #784, 20.00000000000001800 ) ;
#1782 = CARTESIAN_POINT ( 'NONE',  ( 1949.999999956399700, -40.00000000000318300, 1961.499999998679200 ) ) ;
#1783 = VECTOR ( 'NONE', #4262, 1000.000000000000000 ) ;
#1784 = FACE_OUTER_BOUND ( 'NONE', #5183, .T. ) ;
#1785 = AXIS2_PLACEMENT_3D ( 'NONE', #6007, #6165, #6255 ) ;
#1786 = CARTESIAN_POINT ( 'NONE',  ( 1953.749999952532100, 82.42722283113195700, 1885.500000009618400 ) ) ;
#1787 = CYLINDRICAL_SURFACE ( 'NONE', #4352, 6.650000000000266800 ) ;
#1788 = EDGE_CURVE ( 'NONE', #8321, #6107, #3611, .T. ) ;
#1789 = CARTESIAN_POINT ( 'NONE',  ( 1699.662447764805600, -130.5594882296948600, 2075.461614145699100 ) ) ;
#1790 = ORIENTED_EDGE ( 'NONE', *, *, #8242, .F. ) ;
#1791 = CIRCLE ( 'NONE', #2604, 9.737961103584824600 ) ;
#1792 = CARTESIAN_POINT ( 'NONE',  ( 1884.241412751539700, 113.6774656897435300, 1957.000000004472700 ) ) ;
#1793 = CARTESIAN_POINT ( 'NONE',  ( 1947.323340279653600, -126.3215517265991400, 1928.609176394117900 ) ) ;
#1794 = FACE_OUTER_BOUND ( 'NONE', #1841, .T. ) ;
#1795 = B_SPLINE_CURVE_WITH_KNOTS ( 'NONE', 3,
 ( #6389, #1749, #3227, #7720, #3923, #8404, #4559, #277, #5186, #1033, #5814, #1778, #6415, #2534, #7052, #3256, #7744, #3957, #8427, #4581, #305, #5211, #1067, #5840, #1808, #6443, #2568, #7082, #3293, #7774, #3988 ),
 .UNSPECIFIED., .F., .F.,
 ( 4, 2, 1, 2, 2, 2, 2, 2, 2, 2, 2, 2, 2, 2, 2, 4 ),
 ( 3.775166431889532800E-016, 0.001615411592015145200, 0.003230823184029912700, 0.006461646368058886900, 0.01292329273611680600, 0.02584658547223260900, 0.03230823184029051700, 0.03553905502431949800, 0.03876987820834846400, 0.05169317094446507200, 0.06461646368058167300, 0.07107811004863999500, 0.07430893323266912800, 0.07753975641669827400, 0.09046304915281541700, 0.1033863418889325300 ),
 .UNSPECIFIED. ) ;
#1796 = CARTESIAN_POINT ( 'NONE',  ( 1862.896390747890100, 82.49999999999705800, 1894.999999998031400 ) ) ;
#1797 = CARTESIAN_POINT ( 'NONE',  ( 1994.719999397111500, -175.9999999999877200, 2369.254424353543500 ) ) ;
#1798 = CARTESIAN_POINT ( 'NONE',  ( 2022.179273967377200, -129.6220435400518600, 2328.230879889971700 ) ) ;
#1799 = EDGE_LOOP ( 'NONE', ( #2653, #6119, #4662, #6498 ) ) ;
#1800 = DIRECTION ( 'NONE',  ( 0.8638228404569634500, 0.03489949670249790200, -0.5025854409299734800 ) ) ;
#1801 = CARTESIAN_POINT ( 'NONE',  ( 2004.307827807360400, 30.74835130247058900, 1916.960249322432400 ) ) ;
#1802 = EDGE_CURVE ( 'NONE', #6217, #5214, #3393, .T. ) ;
#1803 = LINE ( 'NONE', #5275, #3736 ) ;
#1804 = ORIENTED_EDGE ( 'NONE', *, *, #3792, .F. ) ;
#1805 = CARTESIAN_POINT ( 'NONE',  ( 1626.909945577154500, -130.5336078553816000, 2035.876430493805900 ) ) ;
#1806 = ADVANCED_FACE ( 'NONE', ( #5108 ), #5439, .F. ) ;
#1807 = ORIENTED_EDGE ( 'NONE', *, *, #5813, .T. ) ;
#1808 = CARTESIAN_POINT ( 'NONE',  ( 2011.427217036063200, 27.85787608014817400, 1951.431494970294100 ) ) ;
#1809 = CIRCLE ( 'NONE', #3010, 94.99999999999997200 ) ;
#1810 = DIRECTION ( 'NONE',  ( -8.736705619944596300E-016, -0.9986295347545738300, -0.05233595624294518100 ) ) ;
#1811 = AXIS2_PLACEMENT_3D ( 'NONE', #5318, #1193, #433 ) ;
#1812 = ORIENTED_EDGE ( 'NONE', *, *, #7628, .F. ) ;
#1813 = DIRECTION ( 'NONE',  ( 0.0000000000000000000, 1.000000000000000000, 0.0000000000000000000 ) ) ;
#1814 = VERTEX_POINT ( 'NONE', #8726 ) ;
#1815 = ORIENTED_EDGE ( 'NONE', *, *, #1659, .T. ) ;
#1816 = CARTESIAN_POINT ( 'NONE',  ( 1750.269711247109200, -130.5641465223356200, 2143.175809766563400 ) ) ;
#1817 = EDGE_CURVE ( 'NONE', #4360, #1043, #6538, .T. ) ;
#1818 = CARTESIAN_POINT ( 'NONE',  ( 1869.999999971519600, 51.21677477694087300, 2081.000000008745200 ) ) ;
#1819 = CYLINDRICAL_SURFACE ( 'NONE', #5112, 8.950000000000111200 ) ;
#1820 = CARTESIAN_POINT ( 'NONE',  ( 1694.559786443108800, -130.5478452386902900, 2102.275776522053100 ) ) ;
#1821 = CARTESIAN_POINT ( 'NONE',  ( 2018.400308759018100, -129.1921908698723500, 2269.932505935682500 ) ) ;
#1822 = CARTESIAN_POINT ( 'NONE',  ( 1967.349802610291100, 104.1865044205031100, 1953.107674102710200 ) ) ;
#1823 = ORIENTED_EDGE ( 'NONE', *, *, #8140, .F. ) ;
#1824 = ORIENTED_EDGE ( 'NONE', *, *, #6237, .F. ) ;
#1825 = CARTESIAN_POINT ( 'NONE',  ( 1814.225292582584900, -86.00924963875327500, 1926.496490830262500 ) ) ;
#1826 = CARTESIAN_POINT ( 'NONE',  ( 1972.544824070289200, 77.25532758909146500, 1919.000000002325800 ) ) ;
#1827 = DIRECTION ( 'NONE',  ( -3.182806635077191500E-025, -3.491475051078775400E-015, 1.000000000000000000 ) ) ;
#1828 = VECTOR ( 'NONE', #7833, 1000.000000000000000 ) ;
#1829 = DIRECTION ( 'NONE',  ( 1.676390818025142300E-016, 1.000000000000000000, 3.393948359834997300E-015 ) ) ;
#1830 = EDGE_CURVE ( 'NONE', #3740, #1189, #4906, .T. ) ;
#1831 = EDGE_LOOP ( 'NONE', ( #4499, #3134 ) ) ;
#1832 = DIRECTION ( 'NONE',  ( 0.0000000000000000000, -1.000000000000000000, 0.0000000000000000000 ) ) ;
#1833 = VERTEX_POINT ( 'NONE', #6725 ) ;
#1834 = ORIENTED_EDGE ( 'NONE', *, *, #391, .F. ) ;
#1835 = CARTESIAN_POINT ( 'NONE',  ( 1909.999999947512200, -2.844389003852986700E-012, 1864.000000002324700 ) ) ;
#1836 = LINE ( 'NONE', #4183, #5250 ) ;
#1837 = EDGE_CURVE ( 'NONE', #3028, #1104, #8117, .T. ) ;
#1838 = PLANE ( 'NONE',  #7283 ) ;
#1839 = AXIS2_PLACEMENT_3D ( 'NONE', #8619, #4765, #526 ) ;
#1840 = CARTESIAN_POINT ( 'NONE',  ( 1884.999999947512200, 109.4999999999968900, 1945.500000004472000 ) ) ;
#1841 = EDGE_LOOP ( 'NONE', ( #8603, #3000, #7246, #238 ) ) ;
#1842 = EDGE_CURVE ( 'NONE', #450, #4163, #1197, .T. ) ;
#1843 = ORIENTED_EDGE ( 'NONE', *, *, #5274, .T. ) ;
#1844 = EDGE_CURVE ( 'NONE', #4201, #4934, #1431, .T. ) ;
#1845 = ORIENTED_EDGE ( 'NONE', *, *, #1931, .F. ) ;
#1846 = VECTOR ( 'NONE', #7434, 1000.000000000000000 ) ;
#1847 = B_SPLINE_CURVE_WITH_KNOTS ( 'NONE', 3,
 ( #4126, #7929, #4753, #514, #5380, #1264, #6000, #2010, #6607, #2749, #7266, #3486, #7959, #4158, #8633, #4778, #546, #5409, #1297, #6026 ),
 .UNSPECIFIED., .F., .F.,
 ( 4, 1, 2, 2, 2, 2, 2, 2, 1, 2, 4 ),
 ( 0.0000000000000000000, 0.01010495140279631600, 0.01515742710419419300, 0.01768366495489312800, 0.02020990280559206700, 0.02526237850698938300, 0.02778861635768803800, 0.03031485420838669900, 0.04041980561118328800, 0.08083961122237128000, 0.1616792224447467000 ),
 .UNSPECIFIED. ) ;
#1848 = CARTESIAN_POINT ( 'NONE',  ( 1682.897680072724800, -130.5500830033188000, 1997.817984082212900 ) ) ;
#1849 = DIRECTION ( 'NONE',  ( -9.115912537477290800E-011, 3.546085137301702900E-015, -1.000000000000000000 ) ) ;
#1850 = ORIENTED_EDGE ( 'NONE', *, *, #1616, .T. ) ;
#1851 = AXIS2_PLACEMENT_3D ( 'NONE', #579, #5434, #1331 ) ;
#1852 = ORIENTED_EDGE ( 'NONE', *, *, #5877, .T. ) ;
#1853 = CARTESIAN_POINT ( 'NONE',  ( 1737.003543732984300, 129.1652378560544000, 2087.108988306063100 ) ) ;
#1854 = ADVANCED_FACE ( 'NONE', ( #2933 ), #2698, .T. ) ;
#1855 = CIRCLE ( 'NONE', #1502, 6.499999999999908500 ) ;
#1856 = EDGE_CURVE ( 'NONE', #5933, #5425, #4516, .T. ) ;
#1857 = DIRECTION ( 'NONE',  ( -3.182806635077191500E-025, -3.491475051078775400E-015, 1.000000000000000000 ) ) ;
#1858 = CARTESIAN_POINT ( 'NONE',  ( 1964.999999967202500, -104.5000000000000000, 2290.000000026026600 ) ) ;
#1859 = ORIENTED_EDGE ( 'NONE', *, *, #5167, .T. ) ;
#1860 = DIRECTION ( 'NONE',  ( 0.0000000000000000000, 1.000000000000000000, 0.0000000000000000000 ) ) ;
#1861 = ORIENTED_EDGE ( 'NONE', *, *, #6396, .F. ) ;
#1862 = ORIENTED_EDGE ( 'NONE', *, *, #6160, .F. ) ;
#1863 = CARTESIAN_POINT ( 'NONE',  ( 1934.999999967203200, -104.0688787007246200, 2305.000000026026600 ) ) ;
#1864 = CARTESIAN_POINT ( 'NONE',  ( 1892.999999956001400, 72.49123667395419100, 1957.126645882070100 ) ) ;
#1865 = AXIS2_PLACEMENT_3D ( 'NONE', #383, #5276, #1145 ) ;
#1866 = EDGE_LOOP ( 'NONE', ( #7900, #8346, #8431, #8465 ) ) ;
#1867 = EDGE_CURVE ( 'NONE', #5467, #2220, #4144, .T. ) ;
#1868 = CARTESIAN_POINT ( 'NONE',  ( 1949.999999971989800, 51.99999999999580800, 2146.500000008745200 ) ) ;
#1869 = ORIENTED_EDGE ( 'NONE', *, *, #1788, .F. ) ;
#1870 = ORIENTED_EDGE ( 'NONE', *, *, #3547, .F. ) ;
#1871 = VECTOR ( 'NONE', #3829, 1000.000000000000000 ) ;
#1872 = CARTESIAN_POINT ( 'NONE',  ( 1961.577233736756400, -86.32124519298430700, 1925.616648223036500 ) ) ;
#1873 = VERTEX_POINT ( 'NONE', #2246 ) ;
#1874 = DIRECTION ( 'NONE',  ( -0.0000000000000000000, -0.0000000000000000000, -1.000000000000000000 ) ) ;
#1875 = VERTEX_POINT ( 'NONE', #6780 ) ;
#1876 = ORIENTED_EDGE ( 'NONE', *, *, #428, .F. ) ;
#1877 = ORIENTED_EDGE ( 'NONE', *, *, #1716, .T. ) ;
#1878 = CARTESIAN_POINT ( 'NONE',  ( 2157.887580725718600, -126.2608217891636400, 2264.948198301102800 ) ) ;
#1879 = FACE_OUTER_BOUND ( 'NONE', #4968, .T. ) ;
#1880 = CARTESIAN_POINT ( 'NONE',  ( 1897.499999947512200, 83.49999999999714400, 1871.300000002325300 ) ) ;
#1881 = DIRECTION ( 'NONE',  ( -0.4103646773288172600, -0.9119215051750976200, 0.0000000000000000000 ) ) ;
#1882 = CARTESIAN_POINT ( 'NONE',  ( 1890.745941799103300, 112.9322557401349200, 1955.489719814591400 ) ) ;
#1883 = CARTESIAN_POINT ( 'NONE',  ( 1688.422638326353300, 129.6895654890529400, 2115.658823264071100 ) ) ;
#1884 = EDGE_CURVE ( 'NONE', #4617, #1930, #969, .T. ) ;
#1885 = VERTEX_POINT ( 'NONE', #8118 ) ;
#1886 = ORIENTED_EDGE ( 'NONE', *, *, #5662, .F. ) ;
#1887 = ORIENTED_EDGE ( 'NONE', *, *, #793, .F. ) ;
#1888 = DIRECTION ( 'NONE',  ( -3.182806635077191500E-025, -3.491475051078775400E-015, 1.000000000000000000 ) ) ;
#1889 = VECTOR ( 'NONE', #2328, 1000.000000000000000 ) ;
#1890 = CARTESIAN_POINT ( 'NONE',  ( 1649.999999967202500, 115.4999999999965800, 2035.000000003669600 ) ) ;
#1891 = DIRECTION ( 'NONE',  ( 0.0000000000000000000, -0.2335452262281156300, 0.9723459401396492600 ) ) ;
#1892 = VECTOR ( 'NONE', #7965, 1000.000000000000200 ) ;
#1893 = DIRECTION ( 'NONE',  ( 0.0000000000000000000, 0.0000000000000000000, 1.000000000000000000 ) ) ;
#1894 = EDGE_CURVE ( 'NONE', #5324, #4586, #3774, .T. ) ;
#1895 = VECTOR ( 'NONE', #2006, 1000.000000000000000 ) ;
#1896 = CARTESIAN_POINT ( 'NONE',  ( 1844.543474150139000, 43.01600424239872200, 1957.788859885738900 ) ) ;
#1897 = AXIS2_PLACEMENT_3D ( 'NONE', #1444, #6143, #2193 ) ;
#1898 = DIRECTION ( 'NONE',  ( 0.0000000000000000000, -1.000000000000000000, -3.491483361109382100E-015 ) ) ;
#1899 = ORIENTED_EDGE ( 'NONE', *, *, #5468, .F. ) ;
#1900 = ORIENTED_EDGE ( 'NONE', *, *, #5014, .T. ) ;
#1901 = CARTESIAN_POINT ( 'NONE',  ( 1625.847110509396100, -128.8813684941925100, 2036.432616672357700 ) ) ;
#1902 = VECTOR ( 'NONE', #8019, 1000.000000000000000 ) ;
#1903 = CARTESIAN_POINT ( 'NONE',  ( 1649.999999967202500, 129.4899948214154200, 2080.000000026027900 ) ) ;
#1904 = ADVANCED_FACE ( 'NONE', ( #8331 ), #5968, .T. ) ;
#1905 = CARTESIAN_POINT ( 'NONE',  ( 1734.001338791388000, -130.3124815996686200, 1969.559736852380000 ) ) ;
#1906 = VECTOR ( 'NONE', #4114, 1000.000000000000000 ) ;
#1907 = LINE ( 'NONE', #4946, #8545 ) ;
#1908 = CARTESIAN_POINT ( 'NONE',  ( 1678.610193384835200, 129.6560078791373800, 2121.374731764395200 ) ) ;
#1909 = VERTEX_POINT ( 'NONE', #7602 ) ;
#1910 = AXIS2_PLACEMENT_3D ( 'NONE', #5752, #965, #5726 ) ;
#1911 = AXIS2_PLACEMENT_3D ( 'NONE', #8507, #7829, #1893 ) ;
#1912 = EDGE_LOOP ( 'NONE', ( #6212, #3451 ) ) ;
#1913 = LINE ( 'NONE', #5523, #5313 ) ;
#1914 = FACE_OUTER_BOUND ( 'NONE', #3520, .T. ) ;
#1915 =( BOUNDED_CURVE ( )  B_SPLINE_CURVE ( 3, ( #5759, #254, #4536, #1005 ),
 .UNSPECIFIED., .F., .F. ) 
 B_SPLINE_CURVE_WITH_KNOTS ( ( 4, 4 ),
 ( -6.217248937900876600E-015, 1.535889741755030100 ),
 .UNSPECIFIED. ) 
 CURVE ( )  GEOMETRIC_REPRESENTATION_ITEM ( )  RATIONAL_B_SPLINE_CURVE ( ( 1.000000000000000000, 0.8128932002257612800, 0.8128932002257612800, 1.000000000000000000 ) ) 
 REPRESENTATION_ITEM ( '' )  );
#1916 = ADVANCED_FACE ( 'NONE', ( #4329 ), #2481, .F. ) ;
#1917 = CARTESIAN_POINT ( 'NONE',  ( 1956.999827872894500, 64.89976603642064400, 1961.500000028796200 ) ) ;
#1918 = EDGE_CURVE ( 'NONE', #8521, #5578, #731, .T. ) ;
#1919 = CARTESIAN_POINT ( 'NONE',  ( 1634.999999967202700, 122.4999999999965500, 2035.000000003669600 ) ) ;
#1920 = CARTESIAN_POINT ( 'NONE',  ( 1894.358975558456900, -130.5468096213538400, 2428.105603826318700 ) ) ;
#1921 = ORIENTED_EDGE ( 'NONE', *, *, #5080, .F. ) ;
#1922 = CARTESIAN_POINT ( 'NONE',  ( 1896.496998642411000, 111.7560099756830300, 1946.295129680957200 ) ) ;
#1923 = CARTESIAN_POINT ( 'NONE',  ( 1938.999999968084000, 62.21677477088761100, 2081.000000008745200 ) ) ;
#1924 = EDGE_LOOP ( 'NONE', ( #5269, #7114, #7329, #5854, #7762, #2785 ) ) ;
#1925 = VECTOR ( 'NONE', #3646, 1000.000000000000100 ) ;
#1926 = CARTESIAN_POINT ( 'NONE',  ( 1967.457175872078600, 102.1377004900424300, 1926.837795854296900 ) ) ;
#1927 = ORIENTED_EDGE ( 'NONE', *, *, #2060, .T. ) ;
#1928 = CARTESIAN_POINT ( 'NONE',  ( 1739.315333858954100, -10.11043231406611700, 1959.960439898444100 ) ) ;
#1929 = DIRECTION ( 'NONE',  ( -3.182802359415012600E-025, -3.491475051101101300E-015, 1.000000000000000000 ) ) ;
#1930 = VERTEX_POINT ( 'NONE', #155 ) ;
#1931 = EDGE_CURVE ( 'NONE', #4656, #8467, #4707, .T. ) ;
#1932 = FILL_AREA_STYLE_COLOUR ( '', #5242 ) ;
#1933 = FACE_OUTER_BOUND ( 'NONE', #6986, .T. ) ;
#1934 = CARTESIAN_POINT ( 'NONE',  ( 1623.785141543043200, -128.0547095101197200, 2037.658280672634900 ) ) ;
#1935 = CARTESIAN_POINT ( 'NONE',  ( 1957.103609151054600, 82.49999999999685900, 1863.999999998030900 ) ) ;
#1936 = ORIENTED_EDGE ( 'NONE', *, *, #5781, .F. ) ;
#1937 = ORIENTED_EDGE ( 'NONE', *, *, #5299, .T. ) ;
#1938 = CARTESIAN_POINT ( 'NONE',  ( 1697.023719791702700, 129.7391797541110300, 2097.668024597379400 ) ) ;
#1939 = AXIS2_PLACEMENT_3D ( 'NONE', #3342, #7825, #4027 ) ;
#1940 = COLOUR_RGB ( '',0.2862745098039215500, 0.3294117647058823500, 0.3490196078431372400 ) ;
#1941 = CARTESIAN_POINT ( 'NONE',  ( 1799.262063220662600, -129.3189924982784200, 1931.008923512392400 ) ) ;
#1942 = EDGE_LOOP ( 'NONE', ( #4774, #6601 ) ) ;
#1943 = DIRECTION ( 'NONE',  ( -0.9993908270159139700, -2.023997405642772300E-013, 0.03489949679361698700 ) ) ;
#1944 = EDGE_CURVE ( 'NONE', #7532, #7963, #7685, .T. ) ;
#1945 = DIRECTION ( 'NONE',  ( -9.115924681779572100E-011, 3.546085137301702500E-015, -1.000000000000000000 ) ) ;
#1946 = VERTEX_POINT ( 'NONE', #5086 ) ;
#1947 = CARTESIAN_POINT ( 'NONE',  ( 1964.999999967202500, -92.00000000000000000, 2233.400000026026600 ) ) ;
#1948 = CARTESIAN_POINT ( 'NONE',  ( 1824.650621127504800, -130.5572117594310000, 2284.194256564178400 ) ) ;
#1949 = VECTOR ( 'NONE', #6882, 1000.000000000000000 ) ;
#1950 = CARTESIAN_POINT ( 'NONE',  ( 1892.876701087006700, 111.5398902316827800, 1937.112384213669700 ) ) ;
#1951 = CARTESIAN_POINT ( 'NONE',  ( 1839.999999956231700, 91.77999999999677500, 1959.651435703762700 ) ) ;
#1952 = ADVANCED_FACE ( 'NONE', ( #491 ), #3499, .T. ) ;
#1953 = CARTESIAN_POINT ( 'NONE',  ( 1624.805055947863100, -128.0547095101238700, 2037.026825168810500 ) ) ;
#1954 = ORIENTED_EDGE ( 'NONE', *, *, #6018, .T. ) ;
#1955 = PLANE ( 'NONE',  #7229 ) ;
#1956 = CARTESIAN_POINT ( 'NONE',  ( 1941.979014257959100, 105.3978298172862700, 1927.008651994835900 ) ) ;
#1957 = CARTESIAN_POINT ( 'NONE',  ( 1814.999999952526000, -116.0000000000066500, 1931.300000002324200 ) ) ;
#1958 = ORIENTED_EDGE ( 'NONE', *, *, #4115, .F. ) ;
#1959 = VERTEX_POINT ( 'NONE', #2474 ) ;
#1960 = LINE ( 'NONE', #3214, #3882 ) ;
#1961 = DIRECTION ( 'NONE',  ( -3.182802359415013500E-025, -3.491475051101102100E-015, 1.000000000000000000 ) ) ;
#1962 = SURFACE_STYLE_USAGE ( .BOTH. , #5962 ) ;
#1963 = ADVANCED_FACE ( 'NONE', ( #5191 ), #7637, .T. ) ;
#1964 = ORIENTED_EDGE ( 'NONE', *, *, #261, .F. ) ;
#1965 = CARTESIAN_POINT ( 'NONE',  ( 1897.499999947512200, 83.49999999999710100, 1891.500000002324700 ) ) ;
#1966 = VERTEX_POINT ( 'NONE', #6370 ) ;
#1967 = ORIENTED_EDGE ( 'NONE', *, *, #1491, .T. ) ;
#1968 = CARTESIAN_POINT ( 'NONE',  ( 1764.378823701831400, -130.4406986100705700, 2070.340972182892100 ) ) ;
#1969 = AXIS2_PLACEMENT_3D ( 'NONE', #3433, #8581, #4727 ) ;
#1970 = CARTESIAN_POINT ( 'NONE',  ( 1699.085201490941200, 129.7896192615803800, 2069.002785349641700 ) ) ;
#1971 = EDGE_CURVE ( 'NONE', #7036, #2151, #1915, .T. ) ;
#1972 = EDGE_LOOP ( 'NONE', ( #6514, #8142, #1038, #2357, #6387 ) ) ;
#1973 = VERTEX_POINT ( 'NONE', #7024 ) ;
#1974 = CARTESIAN_POINT ( 'NONE',  ( 1901.346901016022500, 71.21444009165826100, 1956.790551776702200 ) ) ;
#1975 = CARTESIAN_POINT ( 'NONE',  ( 1952.612877096925800, -104.9524023063641600, 2405.688433477758300 ) ) ;
#1976 = VERTEX_POINT ( 'NONE', #3229 ) ;
#1977 = ORIENTED_EDGE ( 'NONE', *, *, #8282, .F. ) ;
#1978 = FACE_BOUND ( 'NONE', #5427, .T. ) ;
#1979 = CARTESIAN_POINT ( 'NONE',  ( 1956.594108042375000, -118.2939990173965900, 1928.188462836928900 ) ) ;
#1980 = CARTESIAN_POINT ( 'NONE',  ( 1840.006752804323000, -101.0307890257152500, 1959.974441470332500 ) ) ;
#1981 = AXIS2_PLACEMENT_3D ( 'NONE', #1681, #6339, #2439 ) ;
#1982 = CARTESIAN_POINT ( 'NONE',  ( 1964.999999967202500, -104.5000000000000000, 2233.400000026026600 ) ) ;
#1983 = AXIS2_PLACEMENT_3D ( 'NONE', #8202, #815, #5634 ) ;
#1984 = ORIENTED_EDGE ( 'NONE', *, *, #7960, .F. ) ;
#1985 = CARTESIAN_POINT ( 'NONE',  ( 1856.999999952526000, -116.0000000000066500, 1931.300000002324200 ) ) ;
#1986 = DIRECTION ( 'NONE',  ( 0.0000000000000000000, -1.000000000000000000, 0.0000000000000000000 ) ) ;
#1987 = ORIENTED_EDGE ( 'NONE', *, *, #8033, .F. ) ;
#1988 = EDGE_CURVE ( 'NONE', #773, #2263, #1541, .T. ) ;
#1989 = CARTESIAN_POINT ( 'NONE',  ( 1844.737962946113800, -43.00916693373221700, 1961.499999988326200 ) ) ;
#1990 = LINE ( 'NONE', #4871, #4984 ) ;
#1991 = ORIENTED_EDGE ( 'NONE', *, *, #7505, .F. ) ;
#1992 = CARTESIAN_POINT ( 'NONE',  ( 1840.139451606762300, -101.6337399068771000, 2029.103249317653800 ) ) ;
#1993 = ORIENTED_EDGE ( 'NONE', *, *, #827, .F. ) ;
#1994 = CARTESIAN_POINT ( 'NONE',  ( 1880.999999967357100, 0.0000000000000000000, 2081.000000008745200 ) ) ;
#1995 = ORIENTED_EDGE ( 'NONE', *, *, #3430, .T. ) ;
#1996 = ORIENTED_EDGE ( 'NONE', *, *, #1703, .F. ) ;
#1997 = CARTESIAN_POINT ( 'NONE',  ( 1624.347166186309600, 129.6512059131939100, 2036.816003559716800 ) ) ;
#1998 = LINE ( 'NONE', #7811, #5187 ) ;
#1999 = AXIS2_PLACEMENT_3D ( 'NONE', #3841, #2437, #4460 ) ;
#2000 = CARTESIAN_POINT ( 'NONE',  ( 1697.593142457037900, 79.99999999999660400, 2016.425645147678300 ) ) ;
#2001 = CARTESIAN_POINT ( 'NONE',  ( 1759.439899755468600, 125.4391287590932800, 1951.849525373849500 ) ) ;
#2002 = ORIENTED_EDGE ( 'NONE', *, *, #2526, .F. ) ;
#2003 = EDGE_LOOP ( 'NONE', ( #1276, #1743, #458, #937 ) ) ;
#2004 = CARTESIAN_POINT ( 'NONE',  ( 1688.215452550784900, 129.7887154080741000, 2047.375341863883200 ) ) ;
#2005 = CARTESIAN_POINT ( 'NONE',  ( 1649.999999967202500, 147.9999999999965900, 1958.000000003670000 ) ) ;
#2006 = DIRECTION ( 'NONE',  ( 0.5264027796015931000, -0.0000000000000000000, 0.8502353283813349800 ) ) ;
#2007 = EDGE_CURVE ( 'NONE', #1642, #8765, #8422, .T. ) ;
#2008 = CARTESIAN_POINT ( 'NONE',  ( 2014.969055196165100, -120.5768299483517200, 2212.552014776650100 ) ) ;
#2009 = ADVANCED_FACE ( 'NONE', ( #3269 ), #5816, .T. ) ;
#2010 = CARTESIAN_POINT ( 'NONE',  ( 1666.494526259233200, 129.7853644248754100, 2010.729747431296300 ) ) ;
#2011 = VERTEX_POINT ( 'NONE', #4562 ) ;
#2012 = ORIENTED_EDGE ( 'NONE', *, *, #428, .T. ) ;
#2013 = FACE_OUTER_BOUND ( 'NONE', #7914, .T. ) ;
#2014 = CARTESIAN_POINT ( 'NONE',  ( 2032.877091914396000, -129.5652565131442200, 2338.143863718054000 ) ) ;
#2015 = ORIENTED_EDGE ( 'NONE', *, *, #1037, .T. ) ;
#2016 = CARTESIAN_POINT ( 'NONE',  ( 1757.095731789622300, 12.44296476917013900, 1979.586046306501200 ) ) ;
#2017 = FACE_OUTER_BOUND ( 'NONE', #3289, .T. ) ;
#2018 = EDGE_CURVE ( 'NONE', #7367, #5543, #8630, .T. ) ;
#2019 = DIRECTION ( 'NONE',  ( -1.000000000000000000, -2.238352872228144600E-016, 0.0000000000000000000 ) ) ;
#2020 = CARTESIAN_POINT ( 'NONE',  ( 1809.044238301552500, -95.72659925449970300, 1927.259093956522300 ) ) ;
#2021 = CARTESIAN_POINT ( 'NONE',  ( 1916.469765316835300, 108.3864454341196400, 1927.165278704769900 ) ) ;
#2022 = CARTESIAN_POINT ( 'NONE',  ( 1814.225292584984600, -21.73040619118540900, 1928.741157505486400 ) ) ;
#2023 = ORIENTED_EDGE ( 'NONE', *, *, #3064, .T. ) ;
#2024 = DIRECTION ( 'NONE',  ( -9.115817950384302700E-011, 5.421564143204653300E-015, -1.000000000000000000 ) ) ;
#2025 = CONICAL_SURFACE ( 'NONE', #7087, 20.52129251389800400, 0.05235987755985285800 ) ;
#2026 = EDGE_CURVE ( 'NONE', #2403, #1833, #1312, .T. ) ;
#2027 = AXIS2_PLACEMENT_3D ( 'NONE', #800, #5623, #1547 ) ;
#2028 = VECTOR ( 'NONE', #5749, 1000.000000000000100 ) ;
#2029 = FACE_OUTER_BOUND ( 'NONE', #779, .T. ) ;
#2030 = DIRECTION ( 'NONE',  ( 2.467162276944820500E-014, 0.0000000000000000000, -1.000000000000000000 ) ) ;
#2031 = CARTESIAN_POINT ( 'NONE',  ( 1829.999999947512200, -2.844389003852986700E-012, 1864.000000009617500 ) ) ;
#2032 = CARTESIAN_POINT ( 'NONE',  ( 1814.999999952526000, 94.99999999999323600, 1953.800000002324900 ) ) ;
#2033 = EDGE_LOOP ( 'NONE', ( #243, #851, #8725, #6525, #2468, #7017 ) ) ;
#2034 = CARTESIAN_POINT ( 'NONE',  ( 1734.315205526462000, 129.4957545098614800, 2098.160679068628700 ) ) ;
#2035 = VECTOR ( 'NONE', #3145, 1000.000000000000000 ) ;
#2036 = CARTESIAN_POINT ( 'NONE',  ( 1660.809308379982900, 129.7519895461161600, 2030.943403301098400 ) ) ;
#2037 = CARTESIAN_POINT ( 'NONE',  ( 1899.405807900833200, 116.2954736481289000, 1995.948798339777300 ) ) ;
#2038 = AXIS2_PLACEMENT_3D ( 'NONE', #4842, #621, #5466 ) ;
#2039 = CARTESIAN_POINT ( 'NONE',  ( 1765.548636483526000, -86.00924963875319000, 2072.354392494919500 ) ) ;
#2040 = AXIS2_PLACEMENT_3D ( 'NONE', #3176, #5766, #1718 ) ;
#2041 = VERTEX_POINT ( 'NONE', #6418 ) ;
#2042 = DIRECTION ( 'NONE',  ( -9.115924681779572100E-011, 0.0000000000000000000, -1.000000000000000000 ) ) ;
#2043 = VERTEX_POINT ( 'NONE', #1071 ) ;
#2044 = ORIENTED_EDGE ( 'NONE', *, *, #3430, .F. ) ;
#2045 = CARTESIAN_POINT ( 'NONE',  ( 2035.509054181382900, -130.6198872033546400, 2356.806731405334600 ) ) ;
#2046 = PLANE ( 'NONE',  #2366 ) ;
#2047 = EDGE_CURVE ( 'NONE', #5692, #1531, #3038, .T. ) ;
#2048 = LINE ( 'NONE', #837, #8667 ) ;
#2049 = DIRECTION ( 'NONE',  ( 0.0000000000000000000, 1.000000000000000000, 0.0000000000000000000 ) ) ;
#2050 = CARTESIAN_POINT ( 'NONE',  ( 1627.281354686153000, 129.6614067341917000, 2035.000000003669600 ) ) ;
#2051 = ORIENTED_EDGE ( 'NONE', *, *, #7014, .F. ) ;
#2052 = ORIENTED_EDGE ( 'NONE', *, *, #1290, .T. ) ;
#2053 = DIRECTION ( 'NONE',  ( -3.182802359415013000E-025, -3.491475051101102100E-015, 1.000000000000000000 ) ) ;
#2054 = CARTESIAN_POINT ( 'NONE',  ( 1804.018363809825800, -104.2775033255760800, 1928.464545281980500 ) ) ;
#2055 = CARTESIAN_POINT ( 'NONE',  ( 1909.999999948150400, -2.868829387380752800E-012, 1871.000000002324900 ) ) ;
#2056 = CARTESIAN_POINT ( 'NONE',  ( 1675.942085174422600, 129.5065479382475100, 2123.012665735753700 ) ) ;
#2057 = FACE_OUTER_BOUND ( 'NONE', #4565, .T. ) ;
#2058 = DIRECTION ( 'NONE',  ( -0.0000000000000000000, 3.083952846181025600E-015, -1.000000000000000000 ) ) ;
#2059 = AXIS2_PLACEMENT_3D ( 'NONE', #954, #5742, #1693 ) ;
#2060 = EDGE_CURVE ( 'NONE', #4318, #3647, #4802, .T. ) ;
#2061 = ORIENTED_EDGE ( 'NONE', *, *, #3414, .T. ) ;
#2062 = CARTESIAN_POINT ( 'NONE',  ( 1974.899765992463700, -46.99982792008247400, 1961.500000006505600 ) ) ;
#2063 = ADVANCED_FACE ( 'NONE', ( #8215 ), #849, .F. ) ;
#2064 = ORIENTED_EDGE ( 'NONE', *, *, #7446, .F. ) ;
#2065 = DIRECTION ( 'NONE',  ( -2.238352872228144600E-016, 1.000000000000000000, 0.0000000000000000000 ) ) ;
#2066 = VECTOR ( 'NONE', #7804, 1000.000000000000000 ) ;
#2067 = CARTESIAN_POINT ( 'NONE',  ( 1949.999999971990100, 76.99999999999661800, 2139.833333342078300 ) ) ;
#2068 = CARTESIAN_POINT ( 'NONE',  ( 1713.539988569199300, 129.5555388738133900, 2067.437887995970900 ) ) ;
#2069 = ORIENTED_EDGE ( 'NONE', *, *, #4950, .T. ) ;
#2070 = DIRECTION ( 'NONE',  ( -3.182806635077191500E-025, -3.491475051078775400E-015, 1.000000000000000000 ) ) ;
#2071 = CARTESIAN_POINT ( 'NONE',  ( 1941.297560402443400, 101.9999999999970700, 1882.841990885097400 ) ) ;
#2072 = ORIENTED_EDGE ( 'NONE', *, *, #3328, .T. ) ;
#2073 = AXIS2_PLACEMENT_3D ( 'NONE', #3688, #45, #2271 ) ;
#2074 = ORIENTED_EDGE ( 'NONE', *, *, #7533, .F. ) ;
#2075 = ORIENTED_EDGE ( 'NONE', *, *, #7823, .F. ) ;
#2076 = CARTESIAN_POINT ( 'NONE',  ( 1847.783225199584900, 28.99999999999590700, 2146.500000008745200 ) ) ;
#2077 = CARTESIAN_POINT ( 'NONE',  ( 1994.719999397111700, -136.0000000000062200, 2369.254424353542600 ) ) ;
#2078 = FACE_OUTER_BOUND ( 'NONE', #156, .T. ) ;
#2079 = EDGE_CURVE ( 'NONE', #6726, #5361, #4603, .T. ) ;
#2080 = DIRECTION ( 'NONE',  ( -0.8643493787445562000, 0.0000000000000000000, 0.5028917890201628500 ) ) ;
#2081 = VERTEX_POINT ( 'NONE', #5862 ) ;
#2082 = ORIENTED_EDGE ( 'NONE', *, *, #312, .T. ) ;
#2083 = ORIENTED_EDGE ( 'NONE', *, *, #6831, .F. ) ;
#2084 = CARTESIAN_POINT ( 'NONE',  ( 1649.999999967202700, 110.8137084989813400, 2019.772540497276600 ) ) ;
#2085 = CIRCLE ( 'NONE', #128, 3.400000000000069600 ) ;
#2086 = EDGE_CURVE ( 'NONE', #363, #4417, #2812, .T. ) ;
#2087 = DIRECTION ( 'NONE',  ( 0.0000000000000000000, -1.000000000000000000, 0.0000000000000000000 ) ) ;
#2088 = CARTESIAN_POINT ( 'NONE',  ( 1807.928316354322500, -113.4535884378354600, 1928.317712295954800 ) ) ;
#2089 = DIRECTION ( 'NONE',  ( 0.0000000000000000000, -1.000000000000000000, 0.0000000000000000000 ) ) ;
#2090 = CARTESIAN_POINT ( 'NONE',  ( 1649.999999967202500, -86.00924963875348800, 2132.003509206818300 ) ) ;
#2091 = ORIENTED_EDGE ( 'NONE', *, *, #368, .F. ) ;
#2092 = CARTESIAN_POINT ( 'NONE',  ( 1897.499999947512200, 83.49999999999711500, 1891.500000002324400 ) ) ;
#2093 = VERTEX_POINT ( 'NONE', #7813 ) ;
#2094 = CIRCLE ( 'NONE', #7456, 3.400000000000069600 ) ;
#2095 =( NAMED_UNIT ( * ) PLANE_ANGLE_UNIT ( ) SI_UNIT ( $, .RADIAN. ) );
#2096 = B_SPLINE_CURVE_WITH_KNOTS ( 'NONE', 3,
 ( #3421, #5935, #4097, #8570, #4716, #466, #5348, #1227 ),
 .UNSPECIFIED., .F., .F.,
 ( 4, 2, 2, 4 ),
 ( 0.0000000000000000000, 0.005143215728723574100, 0.01028643145744714800, 0.02057286291489425500 ),
 .UNSPECIFIED. ) ;
#2097 = DIRECTION ( 'NONE',  ( -9.115936927843110400E-011, 3.491483361109382100E-015, -1.000000000000000000 ) ) ;
#2098 = AXIS2_PLACEMENT_3D ( 'NONE', #3942, #3797, #3562 ) ;
#2099 = ORIENTED_EDGE ( 'NONE', *, *, #7337, .F. ) ;
#2100 = DIRECTION ( 'NONE',  ( 3.182802359415012600E-025, 3.491475051101101300E-015, -1.000000000000000000 ) ) ;
#2101 = CARTESIAN_POINT ( 'NONE',  ( 1691.813418721684900, 129.6458841719263800, 2037.304104212347100 ) ) ;
#2102 = ORIENTED_EDGE ( 'NONE', *, *, #80, .F. ) ;
#2103 = ORIENTED_EDGE ( 'NONE', *, *, #1788, .T. ) ;
#2104 = DIRECTION ( 'NONE',  ( 0.5264027796015928700, -2.968582502070803400E-015, 0.8502353283813352000 ) ) ;
#2105 = DIRECTION ( 'NONE',  ( -3.182806635077191500E-025, -3.491475051078775400E-015, 1.000000000000000000 ) ) ;
#2106 = EDGE_CURVE ( 'NONE', #1535, #4459, #2803, .T. ) ;
#2107 = CARTESIAN_POINT ( 'NONE',  ( 1676.471950487031100, 91.77999999999656200, 2124.994894319279000 ) ) ;
#2108 = DIRECTION ( 'NONE',  ( 0.04801474563134651400, 0.9987827659587202900, 0.01129471672090399800 ) ) ;
#2109 = ORIENTED_EDGE ( 'NONE', *, *, #6273, .T. ) ;
#2110 = VERTEX_POINT ( 'NONE', #338 ) ;
#2111 = ORIENTED_EDGE ( 'NONE', *, *, #8810, .T. ) ;
#2112 = CARTESIAN_POINT ( 'NONE',  ( 1964.999999967202500, -104.5000000000000000, 2230.000000026026600 ) ) ;
#2113 = ADVANCED_FACE ( 'NONE', ( #8002 ), #2628, .F. ) ;
#2114 = CARTESIAN_POINT ( 'NONE',  ( 1826.798553040594200, -10.00000000000415100, 2238.498502185028000 ) ) ;
#2115 = CIRCLE ( 'NONE', #5138, 20.00000000000001800 ) ;
#2116 = DIRECTION ( 'NONE',  ( 0.0000000000000000000, -1.000000000000000000, 0.0000000000000000000 ) ) ;
#2117 = STYLED_ITEM ( 'NONE', ( #493 ), #4093 ) ;
#2118 = CARTESIAN_POINT ( 'NONE',  ( 1964.999999967202500, -104.5000000000000000, 2330.000000026027900 ) ) ;
#2119 = CARTESIAN_POINT ( 'NONE',  ( 1994.999999967202500, -91.99999999998453900, 2330.000000026027900 ) ) ;
#2120 = EDGE_LOOP ( 'NONE', ( #108, #1775, #7742, #2472, #762 ) ) ;
#2121 = CARTESIAN_POINT ( 'NONE',  ( 1938.499999952526200, -106.3000000000066100, 1894.000000002324200 ) ) ;
#2122 = EDGE_CURVE ( 'NONE', #2289, #662, #4419, .T. ) ;
#2123 = PLANE ( 'NONE',  #4082 ) ;
#2124 = VERTEX_POINT ( 'NONE', #4663 ) ;
#2125 = ORIENTED_EDGE ( 'NONE', *, *, #2938, .T. ) ;
#2126 = DIRECTION ( 'NONE',  ( -0.0000000000000000000, 3.491483361109382500E-015, -1.000000000000000000 ) ) ;
#2127 = CIRCLE ( 'NONE', #172, 34.99999999999970200 ) ;
#2128 = DIRECTION ( 'NONE',  ( 0.0000000000000000000, -1.000000000000000000, -3.491475051101101300E-015 ) ) ;
#2129 = DIRECTION ( 'NONE',  ( -0.01837119207089475000, -0.9993908270190955400, -0.02967278503919682600 ) ) ;
#2130 = ORIENTED_EDGE ( 'NONE', *, *, #8483, .F. ) ;
#2131 = ORIENTED_EDGE ( 'NONE', *, *, #8071, .F. ) ;
#2132 = LINE ( 'NONE', #2273, #147 ) ;
#2133 = CARTESIAN_POINT ( 'NONE',  ( 1940.999999971988200, 96.99999999999636200, 2081.000000008745200 ) ) ;
#2134 = FACE_OUTER_BOUND ( 'NONE', #3178, .T. ) ;
#2135 = CARTESIAN_POINT ( 'NONE',  ( 1649.999999967202500, -188.6660834161337700, 2080.000000026025600 ) ) ;
#2136 = CARTESIAN_POINT ( 'NONE',  ( 1668.183344944085500, 129.7636477283261900, 2008.348829161930600 ) ) ;
#2137 = VECTOR ( 'NONE', #8576, 1000.000000000000000 ) ;
#2138 = CARTESIAN_POINT ( 'NONE',  ( 1909.999999947512200, -2.844389003852986700E-012, 1864.000000002324700 ) ) ;
#2139 = PLANE ( 'NONE',  #2660 ) ;
#2140 = EDGE_CURVE ( 'NONE', #7116, #3648, #3885, .T. ) ;
#2141 = ORIENTED_EDGE ( 'NONE', *, *, #2140, .F. ) ;
#2142 = PLANE ( 'NONE',  #6228 ) ;
#2143 = ORIENTED_EDGE ( 'NONE', *, *, #1210, .T. ) ;
#2144 = VECTOR ( 'NONE', #438, 1000.000000000000100 ) ;
#2145 = VECTOR ( 'NONE', #8563, 1000.000000000000000 ) ;
#2146 = CIRCLE ( 'NONE', #5071, 53.20502822395268100 ) ;
#2147 = DIRECTION ( 'NONE',  ( 3.182806635077191500E-025, 3.491475051078775400E-015, -1.000000000000000000 ) ) ;
#2148 = CARTESIAN_POINT ( 'NONE',  ( 1866.249999952526000, -69.12722283114098300, 1885.500000009617900 ) ) ;
#2149 = CARTESIAN_POINT ( 'NONE',  ( 1812.756097928948500, 14.55952124681988000, 1929.011121921834700 ) ) ;
#2150 = DIRECTION ( 'NONE',  ( -1.000000000000000000, 0.0000000000000000000, 9.116360358805989100E-011 ) ) ;
#2151 = VERTEX_POINT ( 'NONE', #6523 ) ;
#2152 = PLANE ( 'NONE',  #5317 ) ;
#2153 =( BOUNDED_CURVE ( )  B_SPLINE_CURVE ( 3, ( #3662, #7448, #4328, #8811 ),
 .UNSPECIFIED., .F., .F. ) 
 B_SPLINE_CURVE_WITH_KNOTS ( ( 4, 4 ),
 ( 4.747295565424591900, 6.283185307179597800 ),
 .UNSPECIFIED. ) 
 CURVE ( )  GEOMETRIC_REPRESENTATION_ITEM ( )  RATIONAL_B_SPLINE_CURVE ( ( 1.000000000000000000, 0.8128932002257682800, 0.8128932002257682800, 1.000000000000000000 ) ) 
 REPRESENTATION_ITEM ( '' )  );
#2154 = CIRCLE ( 'NONE', #5585, 14.99999999999968000 ) ;
#2155 = CARTESIAN_POINT ( 'NONE',  ( 1814.999999952526000, 91.59999999999317300, 1931.300000002324900 ) ) ;
#2156 = DIRECTION ( 'NONE',  ( -1.000000000000000000, 1.682678671044006900E-039, -3.182806635077191500E-025 ) ) ;
#2157 = ORIENTED_EDGE ( 'NONE', *, *, #4156, .T. ) ;
#2158 = CARTESIAN_POINT ( 'NONE',  ( 1953.749999952525700, -69.12722283114125300, 1885.500000009617900 ) ) ;
#2159 = AXIS2_PLACEMENT_3D ( 'NONE', #2756, #2564, #2505 ) ;
#2160 = AXIS2_PLACEMENT_3D ( 'NONE', #1595, #6280, #2355 ) ;
#2161 = ORIENTED_EDGE ( 'NONE', *, *, #5151, .F. ) ;
#2162 = DIRECTION ( 'NONE',  ( -1.824792611318997000E-016, -9.563332841133887500E-018, 1.000000000000000000 ) ) ;
#2163 = ADVANCED_FACE ( 'NONE', ( #2596 ), #4180, .T. ) ;
#2164 = CIRCLE ( 'NONE', #3324, 3.400000000000069600 ) ;
#2165 = EDGE_CURVE ( 'NONE', #7670, #3544, #6257, .T. ) ;
#2166 = ORIENTED_EDGE ( 'NONE', *, *, #8483, .T. ) ;
#2167 = CARTESIAN_POINT ( 'NONE',  ( 1722.898509081185900, 129.7924483180346700, 2105.229052426040700 ) ) ;
#2168 = EDGE_LOOP ( 'NONE', ( #690, #4 ) ) ;
#2169 = CARTESIAN_POINT ( 'NONE',  ( 1840.050847864556300, -101.2318029798463600, 1983.020859491189400 ) ) ;
#2170 = CARTESIAN_POINT ( 'NONE',  ( 1949.999999956399700, -40.00000000000318300, 1961.499999998679200 ) ) ;
#2171 = CARTESIAN_POINT ( 'NONE',  ( 1959.343959622163500, -115.1802894408775400, 1928.025280232469200 ) ) ;
#2172 = VECTOR ( 'NONE', #6638, 1000.000000000000000 ) ;
#2173 = AXIS2_PLACEMENT_3D ( 'NONE', #702, #5545, #1453 ) ;
#2174 = CARTESIAN_POINT ( 'NONE',  ( 1624.083135703031100, 129.5437479719288100, 2036.972847081735800 ) ) ;
#2175 = AXIS2_PLACEMENT_3D ( 'NONE', #2727, #7240, #3463 ) ;
#2176 = FILL_AREA_STYLE ('',( #6691 ) ) ;
#2177 = EDGE_LOOP ( 'NONE', ( #4929, #5131, #5319, #3846 ) ) ;
#2178 = CARTESIAN_POINT ( 'NONE',  ( 1938.999999970908400, -3.254638298783340700E-012, 1981.500000002324700 ) ) ;
#2179 = DIRECTION ( 'NONE',  ( -0.7071067811865516800, 0.7071067811865434600, 0.0000000000000000000 ) ) ;
#2180 = ORIENTED_EDGE ( 'NONE', *, *, #1306, .T. ) ;
#2181 = EDGE_CURVE ( 'NONE', #3726, #6999, #6057, .T. ) ;
#2182 = DIRECTION ( 'NONE',  ( -0.0000000000000000000, -1.000000000000000000, -0.0000000000000000000 ) ) ;
#2183 = FACE_OUTER_BOUND ( 'NONE', #1173, .T. ) ;
#2184 = CARTESIAN_POINT ( 'NONE',  ( 1910.308669057352100, 67.03283210688259400, 1956.331485962645700 ) ) ;
#2185 = EDGE_LOOP ( 'NONE', ( #1625, #8710 ) ) ;
#2187 = EDGE_LOOP ( 'NONE', ( #8040, #4835, #6660, #8664 ) ) ;
#2186 = DIRECTION ( 'NONE',  ( -9.115936927843110400E-011, 3.491483361109382100E-015, -1.000000000000000000 ) ) ;
#2188 = CARTESIAN_POINT ( 'NONE',  ( 1750.029359238526900, -130.5160735222734400, 2078.778642712904900 ) ) ;
#2189 = CARTESIAN_POINT ( 'NONE',  ( 1964.999999967202500, -92.00000000000000000, 2330.000000026027900 ) ) ;
#2190 = AXIS2_PLACEMENT_3D ( 'NONE', #1362, #2147, #6718 ) ;
#2191 = FACE_OUTER_BOUND ( 'NONE', #1114, .T. ) ;
#2192 = DIRECTION ( 'NONE',  ( -0.0000000000000000000, -1.000000000000000000, -0.0000000000000000000 ) ) ;
#2193 = DIRECTION ( 'NONE',  ( 0.0000000000000000000, 0.0000000000000000000, 1.000000000000000000 ) ) ;
#2194 = CARTESIAN_POINT ( 'NONE',  ( 1839.818959818816900, 116.2714757107597200, 1927.578515638135700 ) ) ;
#2195 = ORIENTED_EDGE ( 'NONE', *, *, #8111, .T. ) ;
#2196 = ORIENTED_EDGE ( 'NONE', *, *, #1817, .T. ) ;
#2197 = VERTEX_POINT ( 'NONE', #4830 ) ;
#2198 = DIRECTION ( 'NONE',  ( 0.0000000000000000000, 1.000000000000000000, 0.0000000000000000000 ) ) ;
#2199 = CARTESIAN_POINT ( 'NONE',  ( 1702.122308650928700, 129.7880364933057500, 2074.506870247063500 ) ) ;
#2200 = FACE_OUTER_BOUND ( 'NONE', #4353, .T. ) ;
#2201 = CARTESIAN_POINT ( 'NONE',  ( 1866.983996593771700, -65.45650082226619300, 1957.789336612169800 ) ) ;
#2202 = DIRECTION ( 'NONE',  ( -9.115912537477290800E-011, 3.546085137301702900E-015, -1.000000000000000000 ) ) ;
#2203 = CARTESIAN_POINT ( 'NONE',  ( 1902.962220223631400, -127.4760819825798700, 1928.669675419216000 ) ) ;
#2204 = ORIENTED_EDGE ( 'NONE', *, *, #339, .F. ) ;
#2205 = ORIENTED_EDGE ( 'NONE', *, *, #3948, .T. ) ;
#2206 = FACE_OUTER_BOUND ( 'NONE', #528, .T. ) ;
#2207 = EDGE_CURVE ( 'NONE', #1226, #3808, #611, .T. ) ;
#2208 = ADVANCED_FACE ( 'NONE', ( #4224 ), #5679, .F. ) ;
#2209 = ORIENTED_EDGE ( 'NONE', *, *, #7858, .F. ) ;
#2210 = DIRECTION ( 'NONE',  ( 0.0000000000000000000, 3.604620209821938900E-015, -1.000000000000000000 ) ) ;
#2211 = ORIENTED_EDGE ( 'NONE', *, *, #5706, .F. ) ;
#2212 = EDGE_CURVE ( 'NONE', #2305, #255, #366, .T. ) ;
#2213 = ORIENTED_EDGE ( 'NONE', *, *, #117, .F. ) ;
#2214 = CARTESIAN_POINT ( 'NONE',  ( 1884.999999967202500, -102.4837712446355900, 2125.000000026026100 ) ) ;
#2215 = FACE_OUTER_BOUND ( 'NONE', #5146, .T. ) ;
#2216 =( BOUNDED_CURVE ( )  B_SPLINE_CURVE ( 3, ( #3196, #8375, #4532, #247 ),
 .UNSPECIFIED., .F., .F. ) 
 B_SPLINE_CURVE_WITH_KNOTS ( ( 4, 4 ),
 ( 1.801467688365580500, 2.689447046218305500 ),
 .UNSPECIFIED. ) 
 CURVE ( )  GEOMETRIC_REPRESENTATION_ITEM ( )  RATIONAL_B_SPLINE_CURVE ( ( 1.000000000000000000, 0.9353634035470974600, 0.9353634035470974600, 1.000000000000000000 ) ) 
 REPRESENTATION_ITEM ( '' )  );
#2217 = PLANE ( 'NONE',  #8623 ) ;
#2218 = DIRECTION ( 'NONE',  ( 1.676390818025142300E-016, 1.000000000000000000, 3.393948359834997300E-015 ) ) ;
#2219 = EDGE_CURVE ( 'NONE', #4523, #7977, #2363, .T. ) ;
#2220 = VERTEX_POINT ( 'NONE', #2845 ) ;
#2221 = DIRECTION ( 'NONE',  ( 1.146884507304336100E-016, -1.000000000000000000, -3.491483361119837200E-015 ) ) ;
#2222 = ORIENTED_EDGE ( 'NONE', *, *, #1434, .F. ) ;
#2223 = VERTEX_POINT ( 'NONE', #1387 ) ;
#2224 = DIRECTION ( 'NONE',  ( 3.182802359415013500E-025, 3.491475051101102100E-015, -1.000000000000000000 ) ) ;
#2225 = CARTESIAN_POINT ( 'NONE',  ( 1665.962771038192800, 129.7839511391839600, 2009.723644154149300 ) ) ;
#2226 = FACE_OUTER_BOUND ( 'NONE', #509, .T. ) ;
#2227 = CARTESIAN_POINT ( 'NONE',  ( 1814.225292584473000, 118.4497674996388400, 1927.692675075754300 ) ) ;
#2228 = VERTEX_POINT ( 'NONE', #6713 ) ;
#2229 = ORIENTED_EDGE ( 'NONE', *, *, #6032, .T. ) ;
#2230 = CARTESIAN_POINT ( 'NONE',  ( 1865.733784524529500, -86.05503909347605400, 1926.498890548596600 ) ) ;
#2231 = AXIS2_PLACEMENT_3D ( 'NONE', #4308, #2952, #7455 ) ;
#2232 = CARTESIAN_POINT ( 'NONE',  ( 1680.394428657704800, 129.7803158000293100, 2044.373897608683100 ) ) ;
#2233 = ORIENTED_EDGE ( 'NONE', *, *, #397, .T. ) ;
#2234 = ORIENTED_EDGE ( 'NONE', *, *, #7073, .F. ) ;
#2235 = ORIENTED_EDGE ( 'NONE', *, *, #5521, .F. ) ;
#2236 = DIRECTION ( 'NONE',  ( -1.000000000000000000, 0.0000000000000000000, 9.116624592718548600E-011 ) ) ;
#2237 = CARTESIAN_POINT ( 'NONE',  ( 1953.749999952532100, 75.77722283113182300, 1885.500000009618400 ) ) ;
#2238 = EDGE_CURVE ( 'NONE', #5578, #8521, #2127, .T. ) ;
#2239 = VECTOR ( 'NONE', #7687, 1000.000000000000000 ) ;
#2240 = CARTESIAN_POINT ( 'NONE',  ( 1829.579034757817500, -4.533049283161689100E-013, 1956.808361997644400 ) ) ;
#2241 = CARTESIAN_POINT ( 'NONE',  ( 1829.160540857791400, 33.48480033194930900, 1895.000000009617700 ) ) ;
#2242 = CARTESIAN_POINT ( 'NONE',  ( 1990.839459047266200, 26.83480033193567800, 1885.500000009618400 ) ) ;
#2243 = ORIENTED_EDGE ( 'NONE', *, *, #5429, .T. ) ;
#2244 = ORIENTED_EDGE ( 'NONE', *, *, #2880, .T. ) ;
#2245 = PLANE ( 'NONE',  #786 ) ;
#2246 = CARTESIAN_POINT ( 'NONE',  ( 1840.006752804323000, -101.0307890257152500, 1959.974441470332500 ) ) ;
#2247 = DIRECTION ( 'NONE',  ( -3.182809934755971400E-025, 1.000000000000000000, 2.901425564165518900E-035 ) ) ;
#2248 = EDGE_CURVE ( 'NONE', #7320, #1046, #138, .T. ) ;
#2249 = CARTESIAN_POINT ( 'NONE',  ( 1975.696528563549500, 43.02448021446701200, 1953.209190512168800 ) ) ;
#2250 = DIRECTION ( 'NONE',  ( -9.115812125271456600E-011, 2.156822932750847600E-015, -1.000000000000000000 ) ) ;
#2251 = ORIENTED_EDGE ( 'NONE', *, *, #8517, .F. ) ;
#2252 = VERTEX_POINT ( 'NONE', #1419 ) ;
#2253 = VECTOR ( 'NONE', #4818, 1000.000000000000100 ) ;
#2254 = VERTEX_POINT ( 'NONE', #5514 ) ;
#2255 = CARTESIAN_POINT ( 'NONE',  ( 1994.999999967201800, -103.8255059498334700, 2275.000000026027000 ) ) ;
#2256 = FACE_BOUND ( 'NONE', #8177, .T. ) ;
#2257 = CIRCLE ( 'NONE', #732, 49.79999999999984100 ) ;
#2258 = LINE ( 'NONE', #1588, #272 ) ;
#2259 = CARTESIAN_POINT ( 'NONE',  ( 1946.634576664475200, -109.1628690225716700, 2384.030000667617100 ) ) ;
#2260 = CARTESIAN_POINT ( 'NONE',  ( 1721.946829518218700, 129.7891394494874100, 2105.818261966639100 ) ) ;
#2261 = ADVANCED_FACE ( 'NONE', ( #7565 ), #2139, .T. ) ;
#2262 = AXIS2_PLACEMENT_3D ( 'NONE', #6632, #2777, #7290 ) ;
#2263 = VERTEX_POINT ( 'NONE', #672 ) ;
#2264 = CARTESIAN_POINT ( 'NONE',  ( 1634.198100477116000, 129.6875214309564500, 2029.389976895594800 ) ) ;
#2265 = LINE ( 'NONE', #4597, #275 ) ;
#2266 = VECTOR ( 'NONE', #3772, 1000.000000000000000 ) ;
#2267 = CIRCLE ( 'NONE', #3519, 6.650000000000211700 ) ;
#2268 = CARTESIAN_POINT ( 'NONE',  ( 1924.608402599458300, -97.06565660783871900, 2346.119706855894500 ) ) ;
#2269 = EDGE_CURVE ( 'NONE', #1734, #4492, #3814, .T. ) ;
#2270 = DIRECTION ( 'NONE',  ( 0.0000000000000000000, -1.000000000000000000, 0.0000000000000000000 ) ) ;
#2271 = DIRECTION ( 'NONE',  ( -0.8502353283813365300, 0.0000000000000000000, 0.5264027796015905400 ) ) ;
#2272 = VERTEX_POINT ( 'NONE', #8777 ) ;
#2273 = CARTESIAN_POINT ( 'NONE',  ( 1844.999999958223500, 28.99999999999754900, 1981.500000004080400 ) ) ;
#2274 = EDGE_CURVE ( 'NONE', #6088, #1585, #7022, .T. ) ;
#2275 = AXIS2_PLACEMENT_3D ( 'NONE', #1610, #3807, #8284 ) ;
#2276 = CARTESIAN_POINT ( 'NONE',  ( 1964.999999967202500, -104.5000000000000000, 2330.000000026027900 ) ) ;
#2277 = UNCERTAINTY_MEASURE_WITH_UNIT (LENGTH_MEASURE( 1.000000000000000100E-005 ), #4270, 'distance_accuracy_value', 'NONE');
#2278 = CIRCLE ( 'NONE', #4902, 22.26203889773215000 ) ;
#2279 = CARTESIAN_POINT ( 'NONE',  ( 1945.695550603057400, -130.4670347720708600, 2373.359526787118700 ) ) ;
#2280 = ORIENTED_EDGE ( 'NONE', *, *, #6561, .T. ) ;
#2281 = EDGE_LOOP ( 'NONE', ( #3380, #8698, #5880 ) ) ;
#2282 = ORIENTED_EDGE ( 'NONE', *, *, #4141, .F. ) ;
#2283 = CARTESIAN_POINT ( 'NONE',  ( 1909.999999947512200, -2.844389003852986700E-012, 1864.000000002324700 ) ) ;
#2284 = CARTESIAN_POINT ( 'NONE',  ( 1953.749999952532100, 75.77722283113182300, 1885.500000009618400 ) ) ;
#2285 = LINE ( 'NONE', #4965, #1238 ) ;
#2286 = CARTESIAN_POINT ( 'NONE',  ( 1839.999999956231700, 91.77999999999677500, 1959.651435703762700 ) ) ;
#2287 = AXIS2_PLACEMENT_3D ( 'NONE', #8414, #6756, #6785 ) ;
#2288 = DIRECTION ( 'NONE',  ( 0.0000000000000000000, 1.000000000000000000, 0.0000000000000000000 ) ) ;
#2289 = VERTEX_POINT ( 'NONE', #3654 ) ;
#2290 = CARTESIAN_POINT ( 'NONE',  ( 1950.216677517358000, -130.4888572651080100, 2390.195324495312400 ) ) ;
#2291 = CARTESIAN_POINT ( 'NONE',  ( 1700.536176045983900, 129.7825217123936700, 2075.488886148059500 ) ) ;
#2292 = ORIENTED_EDGE ( 'NONE', *, *, #4032, .T. ) ;
#2293 = CARTESIAN_POINT ( 'NONE',  ( 1845.100233921682500, 46.99982793346495000, 1961.499999906127600 ) ) ;
#2294 = DIRECTION ( 'NONE',  ( 0.0000000000000000000, 1.000000000000000000, 0.0000000000000000000 ) ) ;
#2295 = EDGE_CURVE ( 'NONE', #6107, #6612, #8732, .T. ) ;
#2296 = VECTOR ( 'NONE', #5507, 1000.000000000000000 ) ;
#2297 = DIRECTION ( 'NONE',  ( 0.7071067811617891600, 0.7071067812113058800, 0.0000000000000000000 ) ) ;
#2298 = DIRECTION ( 'NONE',  ( 0.0000000000000000000, -3.491483361109382500E-015, 1.000000000000000000 ) ) ;
#2299 = PLANE ( 'NONE',  #3081 ) ;
#2300 = ORIENTED_EDGE ( 'NONE', *, *, #6215, .T. ) ;
#2301 = ORIENTED_EDGE ( 'NONE', *, *, #4697, .F. ) ;
#2302 = DIRECTION ( 'NONE',  ( 0.0000000000000000000, -3.491475051078775400E-015, 1.000000000000000000 ) ) ;
#2303 = CARTESIAN_POINT ( 'NONE',  ( 1814.999999952526000, 98.39999999999336900, 1953.800000002324900 ) ) ;
#2304 = DIRECTION ( 'NONE',  ( 0.0000000000000000000, 1.000000000000000000, 0.0000000000000000000 ) ) ;
#2305 = VERTEX_POINT ( 'NONE', #4940 ) ;
#2306 = CARTESIAN_POINT ( 'NONE',  ( 1634.999999967202700, 115.9999999999967500, 2003.500000003669800 ) ) ;
#2307 = AXIS2_PLACEMENT_3D ( 'NONE', #5297, #1166, #5918 ) ;
#2308 = CYLINDRICAL_SURFACE ( 'NONE', #8455, 14.99999999999968000 ) ;
#2309 = CARTESIAN_POINT ( 'NONE',  ( 1938.375878049869900, -104.6351991424294700, 2369.815562424371800 ) ) ;
#2310 = ADVANCED_FACE ( 'NONE', ( #5291, #1879 ), #8138, .T. ) ;
#2311 = EDGE_CURVE ( 'NONE', #5214, #3933, #1649, .T. ) ;
#2312 = ORIENTED_EDGE ( 'NONE', *, *, #7989, .T. ) ;
#2313 = ORIENTED_EDGE ( 'NONE', *, *, #3835, .F. ) ;
#2314 = ORIENTED_EDGE ( 'NONE', *, *, #1602, .F. ) ;
#2315 = ORIENTED_EDGE ( 'NONE', *, *, #2904, .F. ) ;
#2316 = CARTESIAN_POINT ( 'NONE',  ( 1951.082588638712200, -130.3611095713955000, 2346.457217740925900 ) ) ;
#2317 = CARTESIAN_POINT ( 'NONE',  ( 1975.262036965366600, -43.00916694458995000, 1961.499999998109800 ) ) ;
#2318 = DIRECTION ( 'NONE',  ( 1.000000000000000000, -4.764368105833717500E-012, -9.090955905807178500E-011 ) ) ;
#2319 = ORIENTED_EDGE ( 'NONE', *, *, #7301, .T. ) ;
#2320 = AXIS2_PLACEMENT_3D ( 'NONE', #4714, #465, #5347 ) ;
#2321 = ORIENTED_EDGE ( 'NONE', *, *, #7995, .T. ) ;
#2322 = DIRECTION ( 'NONE',  ( -0.02643119290352288400, -0.9986295269955464100, -0.04517144954889220500 ) ) ;
#2323 = LINE ( 'NONE', #2897, #7317 ) ;
#2324 = CARTESIAN_POINT ( 'NONE',  ( 1666.891298480066600, 129.7333671374014400, 2052.734036292126300 ) ) ;
#2325 = CARTESIAN_POINT ( 'NONE',  ( 1649.999999953209200, -86.05503908906447900, 1926.498890568638900 ) ) ;
#2326 = VERTEX_POINT ( 'NONE', #3685 ) ;
#2327 = EDGE_CURVE ( 'NONE', #3235, #2440, #8525, .T. ) ;
#2328 = DIRECTION ( 'NONE',  ( 0.7071067811865291400, 0.0000000000000000000, -0.7071067811865660000 ) ) ;
#2329 = ORIENTED_EDGE ( 'NONE', *, *, #8264, .T. ) ;
#2330 = DIRECTION ( 'NONE',  ( 0.0000000000000000000, -0.0000000000000000000, 1.000000000000000000 ) ) ;
#2331 = CARTESIAN_POINT ( 'NONE',  ( 1649.999999967202500, 119.4999999999965800, 2035.000000003669600 ) ) ;
#2332 = ORIENTED_EDGE ( 'NONE', *, *, #5381, .F. ) ;
#2333 = VECTOR ( 'NONE', #3749, 1000.000000000000000 ) ;
#2334 = CARTESIAN_POINT ( 'NONE',  ( 2019.999999967202700, -104.2037859759873200, 2317.500000026028400 ) ) ;
#2335 = DIRECTION ( 'NONE',  ( 0.7071067811865474600, -0.7071067811865474600, 0.0000000000000000000 ) ) ;
#2336 = EDGE_LOOP ( 'NONE', ( #8597, #2913, #1991, #7334 ) ) ;
#2337 = ORIENTED_EDGE ( 'NONE', *, *, #2018, .T. ) ;
#2338 = ORIENTED_EDGE ( 'NONE', *, *, #8558, .T. ) ;
#2339 = CARTESIAN_POINT ( 'NONE',  ( 1676.369763756513300, -86.00924963875334600, 2124.821205526139200 ) ) ;
#2340 = EDGE_CURVE ( 'NONE', #1025, #605, #3606, .T. ) ;
#2341 = COLOUR_RGB ( '',0.2862745098039215500, 0.3294117647058823500, 0.3490196078431372400 ) ;
#2342 = PRODUCT ( 'IRB660_180-315_LINK3b_CAD_rev02', 'IRB660_180-315_LINK3b_CAD_rev02', '', ( #5549 ) ) ;
#2343 = CARTESIAN_POINT ( 'NONE',  ( 1969.221034705996800, -130.1537793836337500, 2327.126014954642900 ) ) ;
#2344 = EDGE_CURVE ( 'NONE', #5093, #7042, #5485, .T. ) ;
#2345 = EDGE_LOOP ( 'NONE', ( #283, #6671 ) ) ;
#2346 = AXIS2_PLACEMENT_3D ( 'NONE', #4823, #595, #5446 ) ;
#2347 = CARTESIAN_POINT ( 'NONE',  ( 1897.499999947512200, 82.49999999999707300, 1891.500000002324400 ) ) ;
#2348 = DIRECTION ( 'NONE',  ( -3.182806635077191500E-025, -3.491475051078775400E-015, 1.000000000000000000 ) ) ;
#2349 = ORIENTED_EDGE ( 'NONE', *, *, #5994, .F. ) ;
#2350 = ORIENTED_EDGE ( 'NONE', *, *, #4676, .T. ) ;
#2351 = CARTESIAN_POINT ( 'NONE',  ( 1862.896390748984500, -82.50000000000308400, 1918.999999999104100 ) ) ;
#2352 = VECTOR ( 'NONE', #1603, 1000.000000000000000 ) ;
#2353 = CARTESIAN_POINT ( 'NONE',  ( 1814.999999952526000, -94.00000000000682100, 1926.915268311430700 ) ) ;
#2354 = EDGE_CURVE ( 'NONE', #237, #3617, #6730, .T. ) ;
#2355 = DIRECTION ( 'NONE',  ( -0.8502353283813365300, 0.0000000000000000000, 0.5264027796015905400 ) ) ;
#2356 = CARTESIAN_POINT ( 'NONE',  ( 1814.999999952526000, 94.99999999999326400, 1931.300000002324900 ) ) ;
#2357 = ORIENTED_EDGE ( 'NONE', *, *, #3672, .T. ) ;
#2358 = CARTESIAN_POINT ( 'NONE',  ( 1924.559805279028500, 67.05175638326650800, 1955.834486571463500 ) ) ;
#2359 = ADVANCED_FACE ( 'NONE', ( #8322 ), #8106, .T. ) ;
#2360 = ORIENTED_EDGE ( 'NONE', *, *, #7393, .F. ) ;
#2361 = ORIENTED_EDGE ( 'NONE', *, *, #1421, .F. ) ;
#2362 = CARTESIAN_POINT ( 'NONE',  ( 1814.999999952526000, 94.99999999999330700, 1931.300000002324900 ) ) ;
#2363 = LINE ( 'NONE', #8717, #4022 ) ;
#2364 = AXIS2_PLACEMENT_3D ( 'NONE', #946, #1650, #974 ) ;
#2365 = CARTESIAN_POINT ( 'NONE',  ( 1864.999999956400400, 44.99999999999673900, 1961.499999965831000 ) ) ;
#2366 = AXIS2_PLACEMENT_3D ( 'NONE', #8608, #2783, #7295 ) ;
#2367 = CARTESIAN_POINT ( 'NONE',  ( 1814.999999952526000, 83.99999999999336400, 1931.300000002324900 ) ) ;
#2368 = CARTESIAN_POINT ( 'NONE',  ( -1.163943493558540700E-014, 51.99999999999577900, 2146.500000008745200 ) ) ;
#2369 = CARTESIAN_POINT ( 'NONE',  ( 2014.050078565735000, -20.18616798173803800, 1953.741906709918300 ) ) ;
#2370 = DIRECTION ( 'NONE',  ( 0.0000000000000000000, -4.269800411989174300E-015, 1.000000000000000000 ) ) ;
#2371 = EDGE_CURVE ( 'NONE', #883, #1591, #3153, .T. ) ;
#2372 = ORIENTED_EDGE ( 'NONE', *, *, #2591, .T. ) ;
#2373 = ORIENTED_EDGE ( 'NONE', *, *, #3556, .T. ) ;
#2374 = CARTESIAN_POINT ( 'NONE',  ( 1974.999999973264700, -29.00000000000239500, 2146.500000008745200 ) ) ;
#2375 = VECTOR ( 'NONE', #4651, 1000.000000000000100 ) ;
#2376 = CYLINDRICAL_SURFACE ( 'NONE', #1159, 10.99999999999991300 ) ;
#2377 = LINE ( 'NONE', #2016, #1892 ) ;
#2378 = CARTESIAN_POINT ( 'NONE',  ( 1994.719999397111500, -169.7500000000216900, 2330.754424353543500 ) ) ;
#2379 = LINE ( 'NONE', #442, #2137 ) ;
#2380 = CARTESIAN_POINT ( 'NONE',  ( 1953.749999952525700, -75.77722283114134400, 1885.500000009617900 ) ) ;
#2381 = VERTEX_POINT ( 'NONE', #2303 ) ;
#2382 = AXIS2_PLACEMENT_3D ( 'NONE', #4616, #6479, #8473 ) ;
#2383 = LINE ( 'NONE', #8746, #2144 ) ;
#2384 = CIRCLE ( 'NONE', #5163, 48.89518444143359200 ) ;
#2385 = DIRECTION ( 'NONE',  ( -3.182802359415013500E-025, -3.491475051101102100E-015, 1.000000000000000000 ) ) ;
#2386 = EDGE_CURVE ( 'NONE', #1234, #4436, #4698, .T. ) ;
#2387 = FACE_OUTER_BOUND ( 'NONE', #121, .T. ) ;
#2388 = ADVANCED_FACE ( 'NONE', ( #1191 ), #6156, .T. ) ;
#2389 = DIRECTION ( 'NONE',  ( -1.000000000000000000, 0.0000000000000000000, 9.115812125271455300E-011 ) ) ;
#2390 = ORIENTED_EDGE ( 'NONE', *, *, #3840, .F. ) ;
#2391 = CARTESIAN_POINT ( 'NONE',  ( 1964.999999967202500, -91.99999999998453900, 2330.000000026027900 ) ) ;
#2392 = ORIENTED_EDGE ( 'NONE', *, *, #2399, .T. ) ;
#2393 = CYLINDRICAL_SURFACE ( 'NONE', #4338, 14.99999999999968000 ) ;
#2394 = VERTEX_POINT ( 'NONE', #5022 ) ;
#2395 = DIRECTION ( 'NONE',  ( 0.0000000000000000000, 1.000000000000000000, 3.491475051101101300E-015 ) ) ;
#2396 = ORIENTED_EDGE ( 'NONE', *, *, #6470, .F. ) ;
#2397 = CARTESIAN_POINT ( 'NONE',  ( 1811.020810092551500, 105.2634695486973600, 1927.098110410006700 ) ) ;
#2398 = CARTESIAN_POINT ( 'NONE',  ( 1954.724562182952900, 97.05931107066501800, 1955.813599398081800 ) ) ;
#2399 = EDGE_CURVE ( 'NONE', #3238, #7844, #4899, .T. ) ;
#2400 = CARTESIAN_POINT ( 'NONE',  ( 1960.804854748744700, 101.9999999999970300, 1914.349785784873600 ) ) ;
#2401 = LINE ( 'NONE', #8003, #7171 ) ;
#2402 = CARTESIAN_POINT ( 'NONE',  ( 1764.039741230474900, 442.6061832091980900, 2069.757361244490300 ) ) ;
#2403 = VERTEX_POINT ( 'NONE', #8219 ) ;
#2404 = EDGE_CURVE ( 'NONE', #2908, #1391, #6919, .T. ) ;
#2405 = AXIS2_PLACEMENT_3D ( 'NONE', #63, #5011, #823 ) ;
#2406 = ADVANCED_FACE ( 'NONE', ( #721 ), #5046, .F. ) ;
#2407 = ORIENTED_EDGE ( 'NONE', *, *, #6294, .F. ) ;
#2408 = CARTESIAN_POINT ( 'NONE',  ( 1814.999999952526000, 94.99999999999323600, 1953.800000002324900 ) ) ;
#2409 = VECTOR ( 'NONE', #552, 1000.000000000000000 ) ;
#2410 = CARTESIAN_POINT ( 'NONE',  ( 1994.719999397111500, -182.5000000000045500, 2369.254424353543500 ) ) ;
#2411 = DIRECTION ( 'NONE',  ( 0.5067733526388321600, -0.03489949670250405000, 0.8613726221474130600 ) ) ;
#2412 = DIRECTION ( 'NONE',  ( -0.0000000000000000000, 1.000000000000000000, 3.083952846181025600E-015 ) ) ;
#2413 = CARTESIAN_POINT ( 'NONE',  ( 1649.999999967202500, 79.99999999999666000, 2080.000000026027500 ) ) ;
#2414 = VERTEX_POINT ( 'NONE', #3744 ) ;
#2415 = ORIENTED_EDGE ( 'NONE', *, *, #3116, .T. ) ;
#2416 = CARTESIAN_POINT ( 'NONE',  ( 1909.999999956400000, 550.5833333333323500, 1961.500000002704600 ) ) ;
#2417 = CYLINDRICAL_SURFACE ( 'NONE', #6086, 3.400000000000069600 ) ;
#2418 = AXIS2_PLACEMENT_3D ( 'NONE', #6801, #6155, #7440 ) ;
#2419 = DIRECTION ( 'NONE',  ( -1.000000000000000000, 0.0000000000000000000, 9.116000135825862400E-011 ) ) ;
#2420 = CARTESIAN_POINT ( 'NONE',  ( 1814.483153950789300, 105.9908914173190900, 1927.039733047894100 ) ) ;
#2421 = DIRECTION ( 'NONE',  ( -0.0000000000000000000, -1.000000000000000000, -3.491483361109382100E-015 ) ) ;
#2422 = CARTESIAN_POINT ( 'NONE',  ( 1975.551699706083100, -43.01935267342315700, 1955.972793663463100 ) ) ;
#2423 = ORIENTED_EDGE ( 'NONE', *, *, #6907, .T. ) ;
#2424 = EDGE_LOOP ( 'NONE', ( #8121, #2051, #7997, #7470, #7268, #8662, #999, #5418, #3926, #5788 ) ) ;
#2425 = EDGE_CURVE ( 'NONE', #7883, #3813, #4395, .T. ) ;
#2426 = DIRECTION ( 'NONE',  ( -4.771412395993636700E-012, 0.9986295347545741700, -0.05233595624294046900 ) ) ;
#2427 = FACE_OUTER_BOUND ( 'NONE', #8201, .T. ) ;
#2428 = CARTESIAN_POINT ( 'NONE',  ( 1804.001269238555300, 95.84839034245897000, 1927.503691898896700 ) ) ;
#2429 = ADVANCED_FACE ( 'NONE', ( #4324, #6340, #7675, #5963, #961, #2473 ), #5078, .T. ) ;
#2430 = CARTESIAN_POINT ( 'NONE',  ( 2013.520806303296700, 6.222916310202845300, 1941.386434544046800 ) ) ;
#2431 = ORIENTED_EDGE ( 'NONE', *, *, #8471, .F. ) ;
#2432 = VERTEX_POINT ( 'NONE', #3093 ) ;
#2433 = ORIENTED_EDGE ( 'NONE', *, *, #7551, .T. ) ;
#2434 = CARTESIAN_POINT ( 'NONE',  ( 0.0000000000000000000, 83.50000000000289900, 2.579175931710529400E-013 ) ) ;
#2435 = AXIS2_PLACEMENT_3D ( 'NONE', #1545, #6232, #2298 ) ;
#2436 = VECTOR ( 'NONE', #962, 1000.000000000000100 ) ;
#2437 = DIRECTION ( 'NONE',  ( 1.676390818025142300E-016, 1.000000000000000000, 3.393948359834997300E-015 ) ) ;
#2438 = EDGE_CURVE ( 'NONE', #4467, #7532, #57, .T. ) ;
#2439 = DIRECTION ( 'NONE',  ( 0.0000000000000000000, 1.000000000000000000, 0.0000000000000000000 ) ) ;
#2440 = VERTEX_POINT ( 'NONE', #7626 ) ;
#2441 = DIRECTION ( 'NONE',  ( -1.000000000000000000, 0.0000000000000000000, 9.116360358807354000E-011 ) ) ;
#2442 = ORIENTED_EDGE ( 'NONE', *, *, #1659, .F. ) ;
#2443 = DIRECTION ( 'NONE',  ( -0.8502353283813365300, 0.0000000000000000000, 0.5264027796015905400 ) ) ;
#2444 = CARTESIAN_POINT ( 'NONE',  ( 1947.352621502061800, -126.2999999964182200, 1928.608039759146800 ) ) ;
#2445 = FACE_OUTER_BOUND ( 'NONE', #8251, .T. ) ;
#2446 = ORIENTED_EDGE ( 'NONE', *, *, #8564, .F. ) ;
#2447 = ORIENTED_EDGE ( 'NONE', *, *, #7234, .F. ) ;
#2448 = DIRECTION ( 'NONE',  ( 0.8618976669184040800, 0.0000000000000000000, -0.5070822534467279700 ) ) ;
#2449 = ORIENTED_EDGE ( 'NONE', *, *, #6960, .F. ) ;
#2450 = ORIENTED_EDGE ( 'NONE', *, *, #2567, .T. ) ;
#2451 = CARTESIAN_POINT ( 'NONE',  ( 1879.914741635155200, 112.7540595096803900, 1935.158109533536200 ) ) ;
#2452 = CARTESIAN_POINT ( 'NONE',  ( 1844.999999973264700, -28.99999999996418200, 2146.500000008745200 ) ) ;
#2453 = ADVANCED_FACE ( 'NONE', ( #7454 ), #8291, .T. ) ;
#2454 = B_SPLINE_CURVE_WITH_KNOTS ( 'NONE', 3,
 ( #1521, #7935, #8613, #4761, #522, #5387, #1273, #6006, #2020, #6613, #2757, #7275, #3495, #7967, #4166, #8646, #4786, #555, #5416, #1307, #6030, #2054, #6643, #2792, #7302, #3531, #7998, #4193, #8674, #4817, #589, #5441, #1338, #6055, #2088, #6673, #2827, #7331, #3560, #8035, #4221, #8702, #4846, #624 ),
 .UNSPECIFIED., .F., .F.,
 ( 4, 2, 2, 2, 2, 2, 2, 2, 2, 2, 2, 2, 2, 2, 2, 2, 2, 2, 2, 2, 2, 4 ),
 ( 0.0000000000000000000, 0.002059125572884014700, 0.003088688359326338200, 0.004118251145768661800, 0.006177376718653368600, 0.008236502291538076400, 0.01029562786442278300, 0.01132519065086500500, 0.01235475343730722500, 0.01441387901019195200, 0.01544344179663433400, 0.01647300458307671800, 0.01853213015596148800, 0.02059125572884625700, 0.02162081851528876000, 0.02265038130173126600, 0.02470950687461591700, 0.02676863244750057200, 0.02882775802038522700, 0.02985732080682755600, 0.03088688359326987800, 0.03294600916615518500 ),
 .UNSPECIFIED. ) ;
#2455 = CYLINDRICAL_SURFACE ( 'NONE', #5087, 6.650000000000030600 ) ;
#2456 = EDGE_CURVE ( 'NONE', #1043, #1909, #480, .T. ) ;
#2457 = DIRECTION ( 'NONE',  ( 0.0000000000000000000, -3.083952846181025600E-015, 1.000000000000000000 ) ) ;
#2458 = PLANE ( 'NONE',  #8330 ) ;
#2459 = DIRECTION ( 'NONE',  ( 0.0000000000000000000, -1.000000000000000000, -3.491483361109382100E-015 ) ) ;
#2460 = ORIENTED_EDGE ( 'NONE', *, *, #7995, .F. ) ;
#2461 = CARTESIAN_POINT ( 'NONE',  ( 1994.999999967202500, -500000.0000000000600, 2330.000000026027900 ) ) ;
#2462 = ORIENTED_EDGE ( 'NONE', *, *, #7107, .F. ) ;
#2463 = VERTEX_POINT ( 'NONE', #5707 ) ;
#2464 = CARTESIAN_POINT ( 'NONE',  ( 1959.467134209854500, -88.59962274873940700, 1930.900075611986900 ) ) ;
#2465 = CARTESIAN_POINT ( 'NONE',  ( 1964.999999967202500, -500000.0000000000600, 2342.500000026027900 ) ) ;
#2466 = CIRCLE ( 'NONE', #2730, 18.99999999999968400 ) ;
#2467 = CARTESIAN_POINT ( 'NONE',  ( 1964.999999967202500, -103.2930759538999200, 2215.000000026027000 ) ) ;
#2468 = ORIENTED_EDGE ( 'NONE', *, *, #651, .F. ) ;
#2469 = EDGE_LOOP ( 'NONE', ( #8156, #5336, #6303, #200, #4474, #6886, #3982 ) ) ;
#2470 = CARTESIAN_POINT ( 'NONE',  ( 1856.999999952526000, -116.0000000000066500, 1931.300000002324200 ) ) ;
#2471 = ORIENTED_EDGE ( 'NONE', *, *, #4072, .F. ) ;
#2472 = ORIENTED_EDGE ( 'NONE', *, *, #5889, .F. ) ;
#2473 = FACE_BOUND ( 'NONE', #4799, .T. ) ;
#2474 = CARTESIAN_POINT ( 'NONE',  ( 1866.249999952526000, -82.42722283114153500, 1895.000000009617200 ) ) ;
#2475 = AXIS2_PLACEMENT_3D ( 'NONE', #7903, #515, #5383 ) ;
#2476 = CARTESIAN_POINT ( 'NONE',  ( 1957.103609156067900, -82.50000000000299800, 1919.000000005545000 ) ) ;
#2477 = ADVANCED_FACE ( 'NONE', ( #5773 ), #5583, .F. ) ;
#2478 = ORIENTED_EDGE ( 'NONE', *, *, #2106, .T. ) ;
#2479 = CARTESIAN_POINT ( 'NONE',  ( 1974.999999956400200, -40.00000000000318300, 1961.499999998679200 ) ) ;
#2480 = EDGE_CURVE ( 'NONE', #21, #3028, #7235, .T. ) ;
#2481 = CYLINDRICAL_SURFACE ( 'NONE', #7319, 10.99999999999991300 ) ;
#2482 = CARTESIAN_POINT ( 'NONE',  ( 1668.014581016673000, -130.5564249762193200, 2033.567756904861700 ) ) ;
#2483 =( NAMED_UNIT ( * ) PLANE_ANGLE_UNIT ( ) SI_UNIT ( $, .RADIAN. ) );
#2484 = SURFACE_STYLE_FILL_AREA ( #2176 ) ;
#2485 = CARTESIAN_POINT ( 'NONE',  ( 1873.578742052306800, 113.9330600693062600, 1943.957251827737100 ) ) ;
#2486 = CARTESIAN_POINT ( 'NONE',  ( 1884.999999947512200, 140.4999999999969300, 1934.000000004471800 ) ) ;
#2487 = CARTESIAN_POINT ( 'NONE',  ( 1964.999999967202500, -91.99999999998453900, 2317.500000026027900 ) ) ;
#2488 = ORIENTED_EDGE ( 'NONE', *, *, #7393, .T. ) ;
#2489 = AXIS2_PLACEMENT_3D ( 'NONE', #2408, #6318, #1646 ) ;
#2490 = ORIENTED_EDGE ( 'NONE', *, *, #4164, .T. ) ;
#2491 = PLANE ( 'NONE',  #1446 ) ;
#2492 = AXIS2_PLACEMENT_3D ( 'NONE', #2413, #6952, #3137 ) ;
#2493 = ORIENTED_EDGE ( 'NONE', *, *, #3322, .T. ) ;
#2494 = DIRECTION ( 'NONE',  ( 0.0000000000000000000, 4.163336342344333100E-015, -1.000000000000000000 ) ) ;
#2495 = LINE ( 'NONE', #4323, #7475 ) ;
#2496 = DIRECTION ( 'NONE',  ( 9.115924681779572100E-011, -3.546085137301702900E-015, 1.000000000000000000 ) ) ;
#2497 = LINE ( 'NONE', #4900, #7476 ) ;
#2498 = ORIENTED_EDGE ( 'NONE', *, *, #271, .F. ) ;
#2499 = LINE ( 'NONE', #7513, #5980 ) ;
#2500 = CARTESIAN_POINT ( 'NONE',  ( 2006.503617843161000, 31.31719919583477500, 1929.257525405074800 ) ) ;
#2501 = DIRECTION ( 'NONE',  ( 0.0000000000000000000, 1.000000000000000000, 3.491475051078775400E-015 ) ) ;
#2502 = EDGE_CURVE ( 'NONE', #1946, #5247, #6078, .T. ) ;
#2503 = ORIENTED_EDGE ( 'NONE', *, *, #4408, .T. ) ;
#2504 = ORIENTED_EDGE ( 'NONE', *, *, #7067, .F. ) ;
#2505 = DIRECTION ( 'NONE',  ( 0.0000000000000000000, 1.000000000000000000, 3.491475051101101300E-015 ) ) ;
#2506 = CARTESIAN_POINT ( 'NONE',  ( 1964.999999967202500, -91.99999999998453900, 2342.500000026027500 ) ) ;
#2507 = ADVANCED_FACE ( 'NONE', ( #253 ), #6973, .T. ) ;
#2508 = FACE_OUTER_BOUND ( 'NONE', #7397, .T. ) ;
#2509 = VECTOR ( 'NONE', #6374, 1000.000000000000000 ) ;
#2510 = DIRECTION ( 'NONE',  ( 1.000000000000000000, -0.0000000000000000000, 0.0000000000000000000 ) ) ;
#2511 = VERTEX_POINT ( 'NONE', #215 ) ;
#2512 = VECTOR ( 'NONE', #3079, 1000.000000000000000 ) ;
#2513 = CARTESIAN_POINT ( 'NONE',  ( 1787.524509996482300, -129.5219851677322300, 1936.373425585239100 ) ) ;
#2514 = CARTESIAN_POINT ( 'NONE',  ( 1691.285631046260100, -130.5627384790447300, 2052.143677269285900 ) ) ;
#2515 = VERTEX_POINT ( 'NONE', #6367 ) ;
#2516 = CARTESIAN_POINT ( 'NONE',  ( 1876.317559403220200, 114.2181635148309500, 1953.079124761582300 ) ) ;
#2517 = CARTESIAN_POINT ( 'NONE',  ( 1843.519327749518900, -28.69851052437891400, 1957.324341178434200 ) ) ;
#2518 = ORIENTED_EDGE ( 'NONE', *, *, #2248, .T. ) ;
#2519 = B_SPLINE_CURVE_WITH_KNOTS ( 'NONE', 3,
 ( #1213, #3343, #8449, #8479, #8586, #8267, #8239, #8036, #8212, #8186, #8247, #8176, #8157, #8504, #8151, #8129, #8093, #8062, #7936, #7968, #8000, #7550, #8204, #7912 ),
 .UNSPECIFIED., .F., .F.,
 ( 4, 2, 2, 2, 2, 2, 2, 2, 2, 2, 2, 4 ),
 ( 1.162093833132389400E-015, 0.01347209786316207000, 0.02694419572632297800, 0.03368024465790323000, 0.03704826912369334900, 0.04041629358948346100, 0.05388839145264458900, 0.06736048931580572400, 0.07409653824738628200, 0.08083258717896682500, 0.09430468504212792500, 0.1077767829052890300 ),
 .UNSPECIFIED. ) ;
#2520 = DIRECTION ( 'NONE',  ( -0.5264027796015927600, 2.968582502070803400E-015, -0.8502353283813352000 ) ) ;
#2521 = CIRCLE ( 'NONE', #1031, 14.75000000000004100 ) ;
#2522 = CARTESIAN_POINT ( 'NONE',  ( 1994.719999397111500, 500000.0000000000600, 2369.254424355289800 ) ) ;
#2523 = CARTESIAN_POINT ( 'NONE',  ( 1994.719999397106000, -129.8762623697468800, 2320.038308421994300 ) ) ;
#2524 = CARTESIAN_POINT ( 'NONE',  ( 1994.719999397111500, -144.7500000000062000, 2369.254424353543500 ) ) ;
#2525 = CARTESIAN_POINT ( 'NONE',  ( 1960.233534046424000, -85.72657455154399000, 1918.499357579331400 ) ) ;
#2526 = EDGE_CURVE ( 'NONE', #2907, #1417, #3913, .T. ) ;
#2527 = ORIENTED_EDGE ( 'NONE', *, *, #2621, .T. ) ;
#2528 = DIRECTION ( 'NONE',  ( 0.0000000000000000000, 0.0000000000000000000, 1.000000000000000000 ) ) ;
#2529 = LINE ( 'NONE', #4311, #539 ) ;
#2530 = CARTESIAN_POINT ( 'NONE',  ( 1716.873959565789400, -10.00000000000331600, 2004.488390389799000 ) ) ;
#2531 = EDGE_CURVE ( 'NONE', #5738, #3121, #8, .T. ) ;
#2532 = CARTESIAN_POINT ( 'NONE',  ( 1880.999999935018000, 62.21677477381695800, 1726.941558777811500 ) ) ;
#2533 = AXIS2_PLACEMENT_3D ( 'NONE', #4349, #6, #5569 ) ;
#2534 = CARTESIAN_POINT ( 'NONE',  ( 1993.349017610093400, 64.52036069274385000, 1953.343862169780600 ) ) ;
#2535 = ORIENTED_EDGE ( 'NONE', *, *, #3666, .T. ) ;
#2536 = EDGE_LOOP ( 'NONE', ( #8489, #5255, #5448, #93, #2319 ) ) ;
#2537 = EDGE_LOOP ( 'NONE', ( #3920, #364, #1977, #2075, #3276, #2594, #8403, #8429 ) ) ;
#2538 = DIRECTION ( 'NONE',  ( -3.182802359415012600E-025, -3.491475051101101300E-015, 1.000000000000000000 ) ) ;
#2539 = LINE ( 'NONE', #1024, #6014 ) ;
#2540 = CARTESIAN_POINT ( 'NONE',  ( 1953.749999952525700, -82.42722283114144900, 1895.000000009617200 ) ) ;
#2541 = ORIENTED_EDGE ( 'NONE', *, *, #5946, .F. ) ;
#2542 = CARTESIAN_POINT ( 'NONE',  ( 1657.198545718086300, -130.5572117594300600, 2013.728985784988700 ) ) ;
#2543 = PLANE ( 'NONE',  #6046 ) ;
#2544 = ORIENTED_EDGE ( 'NONE', *, *, #6459, .F. ) ;
#2545 = AXIS2_PLACEMENT_3D ( 'NONE', #4189, #6639, #8670 ) ;
#2546 = ORIENTED_EDGE ( 'NONE', *, *, #709, .F. ) ;
#2547 = CARTESIAN_POINT ( 'NONE',  ( 1699.776652325522700, -130.5573740238247100, 2082.011737199358300 ) ) ;
#2548 = DIRECTION ( 'NONE',  ( -0.0000000000000000000, -1.000000000000000000, -0.0000000000000000000 ) ) ;
#2549 = AXIS2_PLACEMENT_3D ( 'NONE', #3234, #7724, #3931 ) ;
#2550 = CONICAL_SURFACE ( 'NONE', #4719, 617.6173754893066000, 0.05235987755993622800 ) ;
#2551 = CARTESIAN_POINT ( 'NONE',  ( 1880.999999935018000, 62.21677477306195000, 1726.941558777811500 ) ) ;
#2552 = ADVANCED_FACE ( 'NONE', ( #3702 ), #4533, .T. ) ;
#2553 = CARTESIAN_POINT ( 'NONE',  ( 1924.608402599458000, -97.06565660783856200, 2346.119706855894500 ) ) ;
#2554 = EDGE_CURVE ( 'NONE', #3801, #3597, #1795, .T. ) ;
#2555 = EDGE_LOOP ( 'NONE', ( #2462, #2234, #3018, #2593, #2656 ) ) ;
#2556 = DIRECTION ( 'NONE',  ( 0.0000000000000000000, 3.172065784643331400E-015, -1.000000000000000000 ) ) ;
#2557 = CARTESIAN_POINT ( 'NONE',  ( 1909.999999955784700, 550.5833333333323500, 1954.750072803048400 ) ) ;
#2558 = CARTESIAN_POINT ( 'NONE',  ( 2026.490371803465200, -129.5947769724587900, 2331.635863192280300 ) ) ;
#2559 = VERTEX_POINT ( 'NONE', #5161 ) ;
#2560 = CARTESIAN_POINT ( 'NONE',  ( 1649.999999967202500, 79.99999999999647600, 2061.000000026026600 ) ) ;
#2561 = CARTESIAN_POINT ( 'NONE',  ( 1993.641549697071200, 53.55847894077649600, 1917.332723962456600 ) ) ;
#2562 = DIRECTION ( 'NONE',  ( 0.7071067811865660000, -2.468851561040381700E-015, 0.7071067811865291400 ) ) ;
#2563 = ORIENTED_EDGE ( 'NONE', *, *, #666, .T. ) ;
#2564 = DIRECTION ( 'NONE',  ( 3.182802359415012600E-025, 3.491475051101101300E-015, -1.000000000000000000 ) ) ;
#2565 = VERTEX_POINT ( 'NONE', #4605 ) ;
#2566 = DIRECTION ( 'NONE',  ( -0.0000000000000000000, -1.000000000000000000, -3.491483361109382100E-015 ) ) ;
#2567 = EDGE_CURVE ( 'NONE', #3972, #4729, #8622, .T. ) ;
#2568 = CARTESIAN_POINT ( 'NONE',  ( 2012.999979586617400, 21.53874065789628400, 1951.155769312615100 ) ) ;
#2569 = LINE ( 'NONE', #81, #2333 ) ;
#2570 = ORIENTED_EDGE ( 'NONE', *, *, #2655, .F. ) ;
#2571 = ORIENTED_EDGE ( 'NONE', *, *, #6351, .T. ) ;
#2572 = ORIENTED_EDGE ( 'NONE', *, *, #5103, .F. ) ;
#2573 = B_SPLINE_CURVE_WITH_KNOTS ( 'NONE', 3,
 ( #2014, #6002, #3488, #7962, #4160, #8636, #4779, #549, #5410, #1299 ),
 .UNSPECIFIED., .F., .F.,
 ( 4, 2, 2, 2, 4 ),
 ( 4.577566798522237500E-016, 0.004517416841603815900, 0.009034833683207173900, 0.01355225052481053200, 0.01806966736641389700 ),
 .UNSPECIFIED. ) ;
#2574 = FACE_OUTER_BOUND ( 'NONE', #7039, .T. ) ;
#2575 = CARTESIAN_POINT ( 'NONE',  ( 1922.394359031397900, -130.5676139100690400, 2410.748169602256900 ) ) ;
#2576 = ORIENTED_EDGE ( 'NONE', *, *, #6208, .F. ) ;
#2577 = AXIS2_PLACEMENT_3D ( 'NONE', #6909, #3096, #7596 ) ;
#2578 = CARTESIAN_POINT ( 'NONE',  ( 1691.279750558307300, -130.5441911295330300, 2107.980084291061300 ) ) ;
#2579 = PLANE ( 'NONE',  #367 ) ;
#2580 = VERTEX_POINT ( 'NONE', #5237 ) ;
#2581 = CARTESIAN_POINT ( 'NONE',  ( 1996.846217799387200, -128.5027187083694300, 2167.582326610780000 ) ) ;
#2582 = PLANE ( 'NONE',  #5793 ) ;
#2583 = ORIENTED_EDGE ( 'NONE', *, *, #5408, .F. ) ;
#2584 = ORIENTED_EDGE ( 'NONE', *, *, #8645, .F. ) ;
#2585 = EDGE_CURVE ( 'NONE', #5361, #6323, #5382, .T. ) ;
#2586 = VECTOR ( 'NONE', #6873, 1000.000000000000000 ) ;
#2587 = CARTESIAN_POINT ( 'NONE',  ( 1994.719999397106000, -129.8762623697468800, 2320.038308421994300 ) ) ;
#2588 = EDGE_LOOP ( 'NONE', ( #5597, #8199, #4271, #7781, #2583 ) ) ;
#2589 = DIRECTION ( 'NONE',  ( -1.000000000000000000, 1.146296613448754200E-039, -3.232576927341070300E-025 ) ) ;
#2590 = DIRECTION ( 'NONE',  ( -3.182802359415012600E-025, -3.491475051101101700E-015, 1.000000000000000000 ) ) ;
#2591 = EDGE_CURVE ( 'NONE', #3026, #363, #1998, .T. ) ;
#2592 = ORIENTED_EDGE ( 'NONE', *, *, #4246, .T. ) ;
#2593 = ORIENTED_EDGE ( 'NONE', *, *, #5856, .F. ) ;
#2594 = ORIENTED_EDGE ( 'NONE', *, *, #213, .T. ) ;
#2595 = CARTESIAN_POINT ( 'NONE',  ( 1914.499999947512800, 83.49999999999714400, 1871.300000002325300 ) ) ;
#2596 = FACE_OUTER_BOUND ( 'NONE', #3742, .T. ) ;
#2597 = ADVANCED_FACE ( 'NONE', ( #3487 ), #6625, .T. ) ;
#2598 = DIRECTION ( 'NONE',  ( 0.0000000000000000000, 3.620292471603680700E-015, -1.000000000000000000 ) ) ;
#2599 = ORIENTED_EDGE ( 'NONE', *, *, #5288, .F. ) ;
#2600 = ORIENTED_EDGE ( 'NONE', *, *, #1519, .F. ) ;
#2601 = CARTESIAN_POINT ( 'NONE',  ( 1954.999999956400000, -45.00000000000323300, 1961.499999998240100 ) ) ;
#2602 = FACE_OUTER_BOUND ( 'NONE', #4987, .T. ) ;
#2603 = VECTOR ( 'NONE', #7182, 1000.000000000000200 ) ;
#2604 = AXIS2_PLACEMENT_3D ( 'NONE', #3532, #3497, #3464 ) ;
#2605 = PLANE ( 'NONE',  #2784 ) ;
#2606 = VECTOR ( 'NONE', #7115, 1000.000000000000100 ) ;
#2607 = CARTESIAN_POINT ( 'NONE',  ( 1852.686037016174400, -130.5443311659558400, 2266.836802270698200 ) ) ;
#2608 = DIRECTION ( 'NONE',  ( -0.0000000000000000000, 1.000000000000000000, 3.491483361109382500E-015 ) ) ;
#2609 = EDGE_CURVE ( 'NONE', #8765, #2949, #1533, .T. ) ;
#2610 = CARTESIAN_POINT ( 'NONE',  ( 1844.576804090035900, -56.14182212523377300, 1958.246339000947000 ) ) ;
#2611 = ORIENTED_EDGE ( 'NONE', *, *, #8111, .F. ) ;
#2612 = LINE ( 'NONE', #6967, #5881 ) ;
#2613 = PLANE ( 'NONE',  #1219 ) ;
#2614 = CARTESIAN_POINT ( 'NONE',  ( 1729.411140632067100, 129.5240317730651000, 2091.554027929820200 ) ) ;
#2615 = FACE_OUTER_BOUND ( 'NONE', #2536, .T. ) ;
#2616 = VECTOR ( 'NONE', #3345, 1000.000000000000000 ) ;
#2617 = PRESENTATION_LAYER_ASSIGNMENT (  '', '', ( #2117 ) ) ;
#2618 = DIRECTION ( 'NONE',  ( 0.0000000000000000000, 0.0000000000000000000, 1.000000000000000000 ) ) ;
#2619 = ORIENTED_EDGE ( 'NONE', *, *, #7738, .T. ) ;
#2620 = CARTESIAN_POINT ( 'NONE',  ( 1934.999999967203200, -103.8072321521645600, 2275.000000026027000 ) ) ;
#2621 = EDGE_CURVE ( 'NONE', #4404, #1959, #6824, .T. ) ;
#2622 = LINE ( 'NONE', #6666, #7379 ) ;
#2623 = ORIENTED_EDGE ( 'NONE', *, *, #1830, .T. ) ;
#2624 = PLANE ( 'NONE',  #2159 ) ;
#2625 = CARTESIAN_POINT ( 'NONE',  ( 1866.249999952526000, -69.12722283114098300, 1885.500000009617900 ) ) ;
#2626 = ORIENTED_EDGE ( 'NONE', *, *, #7686, .T. ) ;
#2627 = FACE_OUTER_BOUND ( 'NONE', #384, .T. ) ;
#2628 = PLANE ( 'NONE',  #7147 ) ;
#2629 = AXIS2_PLACEMENT_3D ( 'NONE', #8827, #761, #5589 ) ;
#2630 = ORIENTED_EDGE ( 'NONE', *, *, #3004, .T. ) ;
#2631 = VERTEX_POINT ( 'NONE', #8514 ) ;
#2632 = CARTESIAN_POINT ( 'NONE',  ( 1990.435505316299400, -126.2608217891626900, 1994.482927521913800 ) ) ;
#2633 = EDGE_CURVE ( 'NONE', #7844, #5467, #7184, .T. ) ;
#2634 = CARTESIAN_POINT ( 'NONE',  ( 1938.999999963320300, -65.00000000000389400, 2146.500000008745200 ) ) ;
#2635 = FACE_OUTER_BOUND ( 'NONE', #3084, .T. ) ;
#2636 = CARTESIAN_POINT ( 'NONE',  ( 1873.937487408358900, -130.5316553954139100, 2440.749077658767400 ) ) ;
#2637 = CARTESIAN_POINT ( 'NONE',  ( 1892.583337477555900, 112.6631347992872500, 1954.177700085691400 ) ) ;
#2638 = ADVANCED_FACE ( 'NONE', ( #1298 ), #4068, .T. ) ;
#2639 = ORIENTED_EDGE ( 'NONE', *, *, #7870, .F. ) ;
#2640 = ORIENTED_EDGE ( 'NONE', *, *, #2140, .T. ) ;
#2641 = DIRECTION ( 'NONE',  ( -2.901425564165518900E-035, -1.000000000000000000, 2.644917691272267300E-045 ) ) ;
#2642 = CARTESIAN_POINT ( 'NONE',  ( 1829.160540857791400, 33.48480033194934400, 1885.500000009618400 ) ) ;
#2643 = CARTESIAN_POINT ( 'NONE',  ( 1977.251885189446100, -14.35698779272700400, 1952.153175074699200 ) ) ;
#2644 = LINE ( 'NONE', #2765, #7402 ) ;
#2645 = ORIENTED_EDGE ( 'NONE', *, *, #4424, .T. ) ;
#2646 = ADVANCED_FACE ( 'NONE', ( #8205 ), #5320, .F. ) ;
#2647 = ORIENTED_EDGE ( 'NONE', *, *, #8233, .T. ) ;
#2648 = PLANE ( 'NONE',  #3619 ) ;
#2649 = LINE ( 'NONE', #738, #5923 ) ;
#2650 = DIRECTION ( 'NONE',  ( 1.000000000000000000, 2.210334602245668200E-015, 0.0000000000000000000 ) ) ;
#2651 = AXIS2_PLACEMENT_3D ( 'NONE', #6251, #3761, #8208 ) ;
#2652 = CARTESIAN_POINT ( 'NONE',  ( 1680.459932710825300, -130.5728464030672200, 2002.724660943947400 ) ) ;
#2653 = ORIENTED_EDGE ( 'NONE', *, *, #4021, .T. ) ;
#2654 = CARTESIAN_POINT ( 'NONE',  ( 1680.793558971950200, 129.6639868296167600, 2119.773831282627300 ) ) ;
#2655 = EDGE_CURVE ( 'NONE', #5974, #1165, #2096, .T. ) ;
#2656 = ORIENTED_EDGE ( 'NONE', *, *, #4048, .T. ) ;
#2657 = CARTESIAN_POINT ( 'NONE',  ( 1814.225292580676100, -129.0778474814704300, 1928.753620400033700 ) ) ;
#2658 = LINE ( 'NONE', #6932, #6123 ) ;
#2659 = DIRECTION ( 'NONE',  ( -3.182806635077191500E-025, -3.491475051078775400E-015, 1.000000000000000000 ) ) ;
#2660 = AXIS2_PLACEMENT_3D ( 'NONE', #2170, #6738, #2901 ) ;
#2661 = ORIENTED_EDGE ( 'NONE', *, *, #6410, .T. ) ;
#2662 = DIRECTION ( 'NONE',  ( 0.0000000000000000000, -1.000000000000000000, 0.0000000000000000000 ) ) ;
#2663 = CARTESIAN_POINT ( 'NONE',  ( 1726.906900149038600, -130.5468096213529100, 2157.640333047128900 ) ) ;
#2664 = AXIS2_PLACEMENT_3D ( 'NONE', #4253, #8730, #4870 ) ;
#2665 = ORIENTED_EDGE ( 'NONE', *, *, #2086, .T. ) ;
#2666 = CARTESIAN_POINT ( 'NONE',  ( 1896.484512043873600, 111.6601340796172200, 1944.793276440856300 ) ) ;
#2667 = VECTOR ( 'NONE', #8487, 1000.000000000000000 ) ;
#2668 = DIRECTION ( 'NONE',  ( 0.0000000000000000000, -1.000000000000000000, 0.0000000000000000000 ) ) ;
#2669 = EDGE_CURVE ( 'NONE', #8515, #4094, #6430, .T. ) ;
#2670 = DIRECTION ( 'NONE',  ( -0.7071067813198541600, 0.7071067810532408700, 0.0000000000000000000 ) ) ;
#2671 = ORIENTED_EDGE ( 'NONE', *, *, #2621, .F. ) ;
#2672 = ORIENTED_EDGE ( 'NONE', *, *, #5877, .F. ) ;
#2673 = VECTOR ( 'NONE', #5920, 1000.000000000000000 ) ;
#2674 = CARTESIAN_POINT ( 'NONE',  ( 1866.093032691800100, 65.43658846791679200, 1957.819753978711800 ) ) ;
#2675 = AXIS2_PLACEMENT_3D ( 'NONE', #6746, #2910, #7416 ) ;
#2676 = ORIENTED_EDGE ( 'NONE', *, *, #7483, .F. ) ;
#2677 = CARTESIAN_POINT ( 'NONE',  ( 1716.873959565789600, 79.99999999999668900, 2004.488390389799000 ) ) ;
#2678 = ADVANCED_FACE ( 'NONE', ( #4796 ), #4497, .F. ) ;
#2679 = DIRECTION ( 'NONE',  ( -0.0000000000000000000, 3.491483361109382500E-015, -1.000000000000000000 ) ) ;
#2680 = ORIENTED_EDGE ( 'NONE', *, *, #3008, .F. ) ;
#2681 = FACE_OUTER_BOUND ( 'NONE', #4972, .T. ) ;
#2682 = CARTESIAN_POINT ( 'NONE',  ( 1697.705381756729600, 129.7439012218928600, 2095.734924156132800 ) ) ;
#2683 = ORIENTED_EDGE ( 'NONE', *, *, #749, .T. ) ;
#2684 = PLANE ( 'NONE',  #8599 ) ;
#2685 = CARTESIAN_POINT ( 'NONE',  ( 1795.922165293667800, -129.3755166777172600, 1932.171374926223300 ) ) ;
#2686 = VERTEX_POINT ( 'NONE', #5620 ) ;
#2687 = ORIENTED_EDGE ( 'NONE', *, *, #6640, .F. ) ;
#2688 = ORIENTED_EDGE ( 'NONE', *, *, #7751, .T. ) ;
#2689 = CARTESIAN_POINT ( 'NONE',  ( 1622.735672556621500, -80.00000000000318300, 2035.963199182048800 ) ) ;
#2690 = ADVANCED_FACE ( 'NONE', ( #7992 ), #2709, .F. ) ;
#2691 = DIRECTION ( 'NONE',  ( 0.9986295347545737200, 0.05233595624294846300, 1.827296858156177300E-016 ) ) ;
#2692 = CARTESIAN_POINT ( 'NONE',  ( 1892.012704744436900, 111.5828076660921100, 1936.377827570697900 ) ) ;
#2693 = PLANE ( 'NONE',  #7496 ) ;
#2694 = EDGE_CURVE ( 'NONE', #2780, #3238, #6248, .T. ) ;
#2695 = ORIENTED_EDGE ( 'NONE', *, *, #3604, .T. ) ;
#2696 = DIRECTION ( 'NONE',  ( 9.115924681779572100E-011, 0.0000000000000000000, 1.000000000000000000 ) ) ;
#2697 = CARTESIAN_POINT ( 'NONE',  ( 1798.169474179598400, -12.44296476917683800, 2050.181877243931900 ) ) ;
#2698 = CONICAL_SURFACE ( 'NONE', #5218, 53.20502822395290100, 0.05235987755982945300 ) ;
#2699 = CARTESIAN_POINT ( 'NONE',  ( 1884.999999967202500, -103.0070643417389000, 2185.000000026026600 ) ) ;
#2700 = EDGE_CURVE ( 'NONE', #7249, #7782, #3033, .T. ) ;
#2701 = AXIS2_PLACEMENT_3D ( 'NONE', #1302, #7299, #5412 ) ;
#2702 =( NAMED_UNIT ( * ) PLANE_ANGLE_UNIT ( ) SI_UNIT ( $, .RADIAN. ) );
#2703 = ORIENTED_EDGE ( 'NONE', *, *, #4219, .F. ) ;
#2704 = ORIENTED_EDGE ( 'NONE', *, *, #6304, .T. ) ;
#2705 = DIRECTION ( 'NONE',  ( 1.000000000000000000, -4.764368105833717500E-012, -9.090955905807178500E-011 ) ) ;
#2706 = LINE ( 'NONE', #4994, #4336 ) ;
#2707 = EDGE_CURVE ( 'NONE', #7977, #4059, #4995, .T. ) ;
#2708 = DIRECTION ( 'NONE',  ( 0.0000000000000000000, -3.083952846181025600E-015, 1.000000000000000000 ) ) ;
#2709 = PLANE ( 'NONE',  #2435 ) ;
#2710 = LINE ( 'NONE', #2158, #6169 ) ;
#2711 = ORIENTED_EDGE ( 'NONE', *, *, #5558, .F. ) ;
#2712 = LINE ( 'NONE', #5608, #743 ) ;
#2713 = CARTESIAN_POINT ( 'NONE',  ( 1697.968083173293100, 129.7913082674705800, 2065.085103039607900 ) ) ;
#2714 = ORIENTED_EDGE ( 'NONE', *, *, #59, .T. ) ;
#2715 = AXIS2_PLACEMENT_3D ( 'NONE', #260, #5799, #1762 ) ;
#2716 = ORIENTED_EDGE ( 'NONE', *, *, #4032, .F. ) ;
#2717 = LINE ( 'NONE', #4319, #5984 ) ;
#2718 = LINE ( 'NONE', #7700, #7486 ) ;
#2719 = CARTESIAN_POINT ( 'NONE',  ( 1950.462800331118600, -123.8927679226267000, 1928.481881882529300 ) ) ;
#2720 = EDGE_CURVE ( 'NONE', #4118, #4248, #2804, .T. ) ;
#2721 = CARTESIAN_POINT ( 'NONE',  ( 1953.749999952525700, -75.77722283114137300, 1895.000000009617200 ) ) ;
#2722 = DIRECTION ( 'NONE',  ( 0.0000000000000000000, -1.000000000000000000, -3.491483361109382500E-015 ) ) ;
#2723 = CARTESIAN_POINT ( 'NONE',  ( 1829.895574611872000, 30.89706279570497600, 1957.876915057540100 ) ) ;
#2724 = ORIENTED_EDGE ( 'NONE', *, *, #233, .F. ) ;
#2725 = DIRECTION ( 'NONE',  ( -3.182806635077191500E-025, -3.491475051078775400E-015, 1.000000000000000000 ) ) ;
#2726 = FACE_BOUND ( 'NONE', #3661, .T. ) ;
#2727 = CARTESIAN_POINT ( 'NONE',  ( 1829.160540857788400, -33.48480033194842800, 1885.500000009617900 ) ) ;
#2728 = DIRECTION ( 'NONE',  ( 0.0000000000000000000, -1.000000000000000000, 0.0000000000000000000 ) ) ;
#2729 = ORIENTED_EDGE ( 'NONE', *, *, #996, .F. ) ;
#2730 = AXIS2_PLACEMENT_3D ( 'NONE', #8615, #4763, #524 ) ;
#2731 = CARTESIAN_POINT ( 'NONE',  ( 1641.999999967202500, 107.4999999999965900, 2024.521294163954100 ) ) ;
#2732 = EDGE_LOOP ( 'NONE', ( #22, #7524 ) ) ;
#2733 = EDGE_CURVE ( 'NONE', #1966, #1068, #7776, .T. ) ;
#2734 =( BOUNDED_CURVE ( )  B_SPLINE_CURVE ( 3, ( #6783, #4952, #6192, #2249 ),
 .UNSPECIFIED., .F., .F. ) 
 B_SPLINE_CURVE_WITH_KNOTS ( ( 4, 4 ),
 ( 3.925808868399455000, 5.494568988122137100 ),
 .UNSPECIFIED. ) 
 CURVE ( )  GEOMETRIC_REPRESENTATION_ITEM ( )  RATIONAL_B_SPLINE_CURVE ( ( 1.000000000000000000, 0.8052175483374304200, 0.8052175483374304200, 1.000000000000000000 ) ) 
 REPRESENTATION_ITEM ( '' )  );
#2735 = CARTESIAN_POINT ( 'NONE',  ( 1950.216677517358000, -130.4888572651080100, 2390.195324495312400 ) ) ;
#2736 = ADVANCED_FACE ( 'NONE', ( #7558 ), #4215, .T. ) ;
#2737 = LINE ( 'NONE', #4320, #6001 ) ;
#2738 = CARTESIAN_POINT ( 'NONE',  ( 1990.839459047266200, 33.48480033193583000, 1885.500000009618400 ) ) ;
#2739 = CARTESIAN_POINT ( 'NONE',  ( 1716.709750897574200, 129.4043607369865500, 2065.475405792944500 ) ) ;
#2740 = ORIENTED_EDGE ( 'NONE', *, *, #1125, .F. ) ;
#2741 = CARTESIAN_POINT ( 'NONE',  ( 1684.523066007749100, 129.7919855885878600, 2043.415859204244300 ) ) ;
#2742 = AXIS2_PLACEMENT_3D ( 'NONE', #5375, #5995, #5969 ) ;
#2743 = LINE ( 'NONE', #6762, #2296 ) ;
#2744 = PLANE ( 'NONE',  #3710 ) ;
#2745 = CARTESIAN_POINT ( 'NONE',  ( 1856.999999952526000, -101.6000000000066900, 1953.800000002324200 ) ) ;
#2746 = ORIENTED_EDGE ( 'NONE', *, *, #8140, .T. ) ;
#2747 = CARTESIAN_POINT ( 'NONE',  ( 1955.728687421502400, -119.4691045562339600, 1928.250047508719700 ) ) ;
#2748 = EDGE_CURVE ( 'NONE', #560, #8460, #4411, .T. ) ;
#2749 = CARTESIAN_POINT ( 'NONE',  ( 1670.075772114423700, 129.7337021063400200, 2008.509320665932100 ) ) ;
#2750 = EDGE_LOOP ( 'NONE', ( #7814, #8354, #1779, #3074, #7046, #6566, #8221, #6766, #4926, #890, #7138, #8045 ) ) ;
#2751 = DIRECTION ( 'NONE',  ( 0.0000000000000000000, 0.0000000000000000000, 1.000000000000000000 ) ) ;
#2752 = FACE_BOUND ( 'NONE', #8577, .T. ) ;
#2753 = CARTESIAN_POINT ( 'NONE',  ( 1862.896390750899200, -82.50000000000312600, 1940.000000006618400 ) ) ;
#2754 = EDGE_CURVE ( 'NONE', #7559, #7911, #600, .T. ) ;
#2755 = AXIS2_PLACEMENT_3D ( 'NONE', #7045, #3250, #7741 ) ;
#2756 = CARTESIAN_POINT ( 'NONE',  ( 1938.499999952526200, -106.3000000000065900, 1891.000000002324400 ) ) ;
#2757 = CARTESIAN_POINT ( 'NONE',  ( 1807.422339868558100, -96.99719215730526400, 1927.513430657226800 ) ) ;
#2758 = ORIENTED_EDGE ( 'NONE', *, *, #1894, .T. ) ;
#2759 = DIRECTION ( 'NONE',  ( -1.000000000000000000, 5.498382059384707100E-015, 0.0000000000000000000 ) ) ;
#2760 = CARTESIAN_POINT ( 'NONE',  ( 1967.999999955330800, 91.77999999997909700, 1949.760949167452300 ) ) ;
#2761 = ORIENTED_EDGE ( 'NONE', *, *, #2893, .T. ) ;
#2762 = CARTESIAN_POINT ( 'NONE',  ( 1964.999999967202500, -104.5000000000000000, 2293.400000026026600 ) ) ;
#2763 = CYLINDRICAL_SURFACE ( 'NONE', #5147, 6.650000000000030600 ) ;
#2764 = CARTESIAN_POINT ( 'NONE',  ( 1703.103134791424500, -80.00000000000437700, 2310.466402789380000 ) ) ;
#2765 = CARTESIAN_POINT ( 'NONE',  ( 1862.896390748984000, 82.49999999999690200, 1940.000000006618800 ) ) ;
#2766 = EDGE_LOOP ( 'NONE', ( #9, #952, #4315, #3695 ) ) ;
#2767 = ORIENTED_EDGE ( 'NONE', *, *, #6697, .F. ) ;
#2768 = AXIS2_PLACEMENT_3D ( 'NONE', #7070, #6929, #7332 ) ;
#2769 = ORIENTED_EDGE ( 'NONE', *, *, #4297, .T. ) ;
#2770 = DIRECTION ( 'NONE',  ( 0.0000000000000000000, 1.000000000000000000, 0.0000000000000000000 ) ) ;
#2771 = AXIS2_PLACEMENT_3D ( 'NONE', #6069, #2104, #6684 ) ;
#2772 = CARTESIAN_POINT ( 'NONE',  ( 1695.300616833859700, 129.4957545098617700, 2035.145089269078000 ) ) ;
#2773 = CARTESIAN_POINT ( 'NONE',  ( 1658.803254840142500, 129.7475689131715600, 2030.544050403524400 ) ) ;
#2774 = CARTESIAN_POINT ( 'NONE',  ( 1914.499999947512800, 83.49999999999711500, 1874.300000002324400 ) ) ;
#2775 = EDGE_CURVE ( 'NONE', #6910, #5891, #5861, .T. ) ;
#2776 = ORIENTED_EDGE ( 'NONE', *, *, #5856, .T. ) ;
#2777 = DIRECTION ( 'NONE',  ( 3.182806635077191500E-025, 3.491475051078775400E-015, -1.000000000000000000 ) ) ;
#2778 = CARTESIAN_POINT ( 'NONE',  ( 1627.685757211046400, 129.6624231722606700, 2035.000000003671900 ) ) ;
#2779 = VERTEX_POINT ( 'NONE', #897 ) ;
#2780 = VERTEX_POINT ( 'NONE', #5072 ) ;
#2781 = VECTOR ( 'NONE', #3691, 1000.000000000000000 ) ;
#2782 = ADVANCED_FACE ( 'NONE', ( #357, #4013 ), #5042, .T. ) ;
#2783 = DIRECTION ( 'NONE',  ( 0.8497173879918749100, 0.03489949670250743600, -0.5260821092511864800 ) ) ;
#2784 = AXIS2_PLACEMENT_3D ( 'NONE', #6447, #1136, #5892 ) ;
#2785 = ORIENTED_EDGE ( 'NONE', *, *, #3953, .F. ) ;
#2786 = DIRECTION ( 'NONE',  ( 3.182802359415013500E-025, 3.491475051101102100E-015, -1.000000000000000000 ) ) ;
#2787 = CARTESIAN_POINT ( 'NONE',  ( 1825.518155684401100, 91.77999999999003900, 1926.294971786074000 ) ) ;
#2788 = ORIENTED_EDGE ( 'NONE', *, *, #8672, .T. ) ;
#2789 = ORIENTED_EDGE ( 'NONE', *, *, #519, .F. ) ;
#2790 = CARTESIAN_POINT ( 'NONE',  ( 1649.999999953209200, -86.00924963797045600, 1926.496490845192500 ) ) ;
#2791 = EDGE_CURVE ( 'NONE', #6776, #7656, #5676, .T. ) ;
#2792 = CARTESIAN_POINT ( 'NONE',  ( 1803.997729114986700, -105.6476081227328800, 1928.541923462876900 ) ) ;
#2793 = FACE_OUTER_BOUND ( 'NONE', #7418, .T. ) ;
#2794 = ORIENTED_EDGE ( 'NONE', *, *, #2733, .T. ) ;
#2795 = DIRECTION ( 'NONE',  ( -0.7071067811900034700, 0.7071067811830915600, 4.726805865586339000E-015 ) ) ;
#2796 = DIRECTION ( 'NONE',  ( 0.0000000000000000000, 1.000000000000000000, 0.0000000000000000000 ) ) ;
#2797 = DIRECTION ( 'NONE',  ( -3.182806635077191500E-025, -3.491475051078775400E-015, 1.000000000000000000 ) ) ;
#2798 = ORIENTED_EDGE ( 'NONE', *, *, #3213, .F. ) ;
#2799 = DIRECTION ( 'NONE',  ( 0.0000000000000000000, 3.393948359834997300E-015, -1.000000000000000000 ) ) ;
#2800 = ORIENTED_EDGE ( 'NONE', *, *, #4625, .F. ) ;
#2801 = ORIENTED_EDGE ( 'NONE', *, *, #2311, .T. ) ;
#2802 = CARTESIAN_POINT ( 'NONE',  ( 1938.999999967293700, 62.21677477306195000, 2081.000000008745200 ) ) ;
#2803 = B_SPLINE_CURVE_WITH_KNOTS ( 'NONE', 3,
 ( #5241, #8490, #1872, #6499 ),
 .UNSPECIFIED., .F., .F.,
 ( 4, 4 ),
 ( 1.358110123568650800E-015, 0.02026019190681478000 ),
 .UNSPECIFIED. ) ;
#2804 = LINE ( 'NONE', #6259, #6051 ) ;
#2805 = CARTESIAN_POINT ( 'NONE',  ( 1622.735672556621700, 79.99999999999666000, 2035.963199182049300 ) ) ;
#2806 = AXIS2_PLACEMENT_3D ( 'NONE', #2032, #6626, #2770 ) ;
#2807 = CARTESIAN_POINT ( 'NONE',  ( 1674.525399876597000, 129.5555388738135900, 2004.422298196420300 ) ) ;
#2808 = VERTEX_POINT ( 'NONE', #7622 ) ;
#2809 = ORIENTED_EDGE ( 'NONE', *, *, #6529, .T. ) ;
#2810 = EDGE_CURVE ( 'NONE', #7985, #8229, #126, .T. ) ;
#2811 = CARTESIAN_POINT ( 'NONE',  ( 1910.308669057352100, 67.03283210688259400, 1956.331485962645700 ) ) ;
#2812 = CIRCLE ( 'NONE', #4642, 18.99999999999968400 ) ;
#2813 = DIRECTION ( 'NONE',  ( -3.182802359415012600E-025, -3.491475051101101700E-015, 1.000000000000000000 ) ) ;
#2814 = ORIENTED_EDGE ( 'NONE', *, *, #7051, .T. ) ;
#2815 = CARTESIAN_POINT ( 'NONE',  ( 1975.657903818007100, -56.27409520249538800, 1953.673508013831900 ) ) ;
#2816 = PLANE ( 'NONE',  #2190 ) ;
#2817 = ORIENTED_EDGE ( 'NONE', *, *, #3493, .F. ) ;
#2818 = ORIENTED_EDGE ( 'NONE', *, *, #5415, .T. ) ;
#2819 = VECTOR ( 'NONE', #6432, 1000.000000000000200 ) ;
#2820 = CARTESIAN_POINT ( 'NONE',  ( 1989.999999950338200, -2.900930013320180500E-012, 1894.999999995032100 ) ) ;
#2821 = CONICAL_SURFACE ( 'NONE', #6702, 22.69914883181045400, 0.05235987755976227700 ) ;
#2822 = VECTOR ( 'NONE', #7849, 1000.000000000000000 ) ;
#2823 = EDGE_LOOP ( 'NONE', ( #5715, #8063, #5764, #8814, #847, #8312 ) ) ;
#2824 = FACE_OUTER_BOUND ( 'NONE', #5732, .T. ) ;
#2825 = EDGE_CURVE ( 'NONE', #605, #2511, #2115, .T. ) ;
#2826 = CARTESIAN_POINT ( 'NONE',  ( 1938.499999952526200, -106.3000000000066100, 1894.000000002324200 ) ) ;
#2827 = CARTESIAN_POINT ( 'NONE',  ( 1809.622563287703100, -114.6207992362355600, 1928.198250238210700 ) ) ;
#2828 = CARTESIAN_POINT ( 'NONE',  ( 1829.160540857788400, -26.83480033194833700, 1885.500000009617900 ) ) ;
#2829 = CARTESIAN_POINT ( 'NONE',  ( 1909.999999952526000, -3.036420588736491300E-012, 1919.000000008765700 ) ) ;
#2830 = EDGE_LOOP ( 'NONE', ( #1345, #3310, #6861, #53 ) ) ;
#2831 = CARTESIAN_POINT ( 'NONE',  ( 0.0000000000000000000, 28.99999999999611300, 2146.500000008745200 ) ) ;
#2832 = LINE ( 'NONE', #1507, #6276 ) ;
#2833 = EDGE_CURVE ( 'NONE', #7042, #1875, #7126, .T. ) ;
#2834 = DIRECTION ( 'NONE',  ( -0.0000000000000000000, -1.000000000000000000, -0.0000000000000000000 ) ) ;
#2835 = AXIS2_PLACEMENT_3D ( 'NONE', #2764, #6649, #2799 ) ;
#2836 = SURFACE_STYLE_FILL_AREA ( #4214 ) ;
#2837 = ADVANCED_FACE ( 'NONE', ( #6921 ), #3595, .T. ) ;
#2838 = EDGE_CURVE ( 'NONE', #892, #947, #5280, .T. ) ;
#2839 = CARTESIAN_POINT ( 'NONE',  ( 1675.045696403633700, -128.0547095101140900, 2123.043618484679000 ) ) ;
#2840 = VERTEX_POINT ( 'NONE', #6353 ) ;
#2841 = CARTESIAN_POINT ( 'NONE',  ( 1730.510915050916100, 129.6567899045268700, 2100.516014131630500 ) ) ;
#2842 = DIRECTION ( 'NONE',  ( -1.000000000000000000, 0.0000000000000000000, 9.115982822406393400E-011 ) ) ;
#2843 = VECTOR ( 'NONE', #4130, 1000.000000000000000 ) ;
#2844 = CARTESIAN_POINT ( 'NONE',  ( 1880.999999973264700, -62.21677477306678100, 2146.500000008745200 ) ) ;
#2845 = CARTESIAN_POINT ( 'NONE',  ( 1649.999999967203800, -130.5478796779712500, 2030.200000026024800 ) ) ;
#2846 = CARTESIAN_POINT ( 'NONE',  ( 1948.467665088478000, -125.5484217229834200, 1928.993156038912300 ) ) ;
#2847 = AXIS2_PLACEMENT_3D ( 'NONE', #1714, #3200, #7691 ) ;
#2848 = STYLED_ITEM ( 'NONE', ( #872 ), #8078 ) ;
#2849 = CARTESIAN_POINT ( 'NONE',  ( 1975.696528567911600, -43.02448021463502000, 1953.209190428921800 ) ) ;
#2850 = VERTEX_POINT ( 'NONE', #5130 ) ;
#2851 = DIRECTION ( 'NONE',  ( 0.0000000000000000000, 0.0000000000000000000, 1.000000000000000000 ) ) ;
#2852 = CARTESIAN_POINT ( 'NONE',  ( 1829.579034764598200, -6.053513855598415300E-012, 2031.198476668999800 ) ) ;
#2853 = EDGE_CURVE ( 'NONE', #2305, #5933, #8516, .T. ) ;
#2854 = LINE ( 'NONE', #1994, #8043 ) ;
#2855 = CARTESIAN_POINT ( 'NONE',  ( 1676.260311030451900, 91.77999999999730100, 2125.119408651640700 ) ) ;
#2856 = DIRECTION ( 'NONE',  ( 0.0000000000000000000, 0.0000000000000000000, 1.000000000000000000 ) ) ;
#2857 = ORIENTED_EDGE ( 'NONE', *, *, #7351, .T. ) ;
#2858 = ORIENTED_EDGE ( 'NONE', *, *, #1578, .T. ) ;
#2859 = CARTESIAN_POINT ( 'NONE',  ( 1974.999999958223500, -29.00000000000239500, 1981.499999997349300 ) ) ;
#2860 =( BOUNDED_CURVE ( )  B_SPLINE_CURVE ( 3, ( #5438, #6053, #2084, #6668 ),
 .UNSPECIFIED., .F., .F. ) 
 B_SPLINE_CURVE_WITH_KNOTS ( ( 4, 4 ),
 ( 1.670027658718534800, 3.240823985513439100 ),
 .UNSPECIFIED. ) 
 CURVE ( )  GEOMETRIC_REPRESENTATION_ITEM ( )  RATIONAL_B_SPLINE_CURVE ( ( 1.000000000000000000, 0.8047378541243631600, 0.8047378541243631600, 1.000000000000000000 ) ) 
 REPRESENTATION_ITEM ( '' )  );
#2861 = DIRECTION ( 'NONE',  ( -3.182806635077191500E-025, -3.491475051078775400E-015, 1.000000000000000000 ) ) ;
#2862 = CARTESIAN_POINT ( 'NONE',  ( 1884.999999967202500, -91.99999999998453900, 2155.000000026027000 ) ) ;
#2863 = VECTOR ( 'NONE', #1081, 1000.000000000000100 ) ;
#2864 = DIRECTION ( 'NONE',  ( -9.115936927843110400E-011, 3.491483361109382100E-015, -1.000000000000000000 ) ) ;
#2865 = CARTESIAN_POINT ( 'NONE',  ( 1994.719999397111500, -144.7499999999875800, 2330.754424353543500 ) ) ;
#2866 = EDGE_CURVE ( 'NONE', #1143, #4852, #5476, .T. ) ;
#2867 = ORIENTED_EDGE ( 'NONE', *, *, #5802, .F. ) ;
#2868 = DIRECTION ( 'NONE',  ( 1.000000000000000000, 0.0000000000000000000, -9.118504024095124100E-011 ) ) ;
#2869 = ORIENTED_EDGE ( 'NONE', *, *, #1630, .F. ) ;
#2870 = DIRECTION ( 'NONE',  ( 0.0000000000000000000, -1.000000000000000000, 0.0000000000000000000 ) ) ;
#2871 = CARTESIAN_POINT ( 'NONE',  ( 1705.294578052542900, 129.7810507115503400, 2072.542835849863900 ) ) ;
#2872 = CARTESIAN_POINT ( 'NONE',  ( 1964.999999967202500, -104.5000000000000000, 2290.000000026026600 ) ) ;
#2873 = VERTEX_POINT ( 'NONE', #5153 ) ;
#2874 = CARTESIAN_POINT ( 'NONE',  ( 1829.160540857788400, -33.48480033194842800, 1885.500000009617900 ) ) ;
#2875 = ORIENTED_EDGE ( 'NONE', *, *, #7585, .F. ) ;
#2876 = ORIENTED_EDGE ( 'NONE', *, *, #6844, .T. ) ;
#2877 = DIRECTION ( 'NONE',  ( -0.0000000000000000000, 1.000000000000000000, 3.491483361109382100E-015 ) ) ;
#2878 = DIRECTION ( 'NONE',  ( 0.0000000000000000000, 1.000000000000000000, 3.491475051078775400E-015 ) ) ;
#2879 = CARTESIAN_POINT ( 'NONE',  ( 1947.499999952525700, -126.3000000000067500, 1929.278775795218700 ) ) ;
#2880 = EDGE_CURVE ( 'NONE', #7459, #3697, #5091, .T. ) ;
#2881 = ADVANCED_FACE ( 'NONE', ( #1641 ), #4893, .T. ) ;
#2882 = DIRECTION ( 'NONE',  ( 3.182802359415013500E-025, 3.491475051101102100E-015, -1.000000000000000000 ) ) ;
#2883 = EDGE_LOOP ( 'NONE', ( #2196, #124, #2809, #2488, #3138, #855 ) ) ;
#2884 = CARTESIAN_POINT ( 'NONE',  ( 1814.225292580675200, 21.73040617374917000, 1928.741157506099200 ) ) ;
#2885 = ORIENTED_EDGE ( 'NONE', *, *, #4462, .F. ) ;
#2886 = CIRCLE ( 'NONE', #4877, 20.00000000000001800 ) ;
#2887 = EDGE_CURVE ( 'NONE', #6391, #4960, #6522, .T. ) ;
#2888 = DIRECTION ( 'NONE',  ( 0.0000000000000000000, 1.000000000000000000, 0.0000000000000000000 ) ) ;
#2889 = CARTESIAN_POINT ( 'NONE',  ( 1950.462800331118600, -123.8927679226267000, 1928.481881882529300 ) ) ;
#2890 = CARTESIAN_POINT ( 'NONE',  ( 1887.641727153387100, -2.708396759999380300E-012, 2203.099005833575100 ) ) ;
#2891 = EDGE_LOOP ( 'NONE', ( #471, #323, #2332, #1745 ) ) ;
#2892 = VERTEX_POINT ( 'NONE', #1770 ) ;
#2893 = EDGE_CURVE ( 'NONE', #4586, #4623, #6322, .T. ) ;
#2894 = CONICAL_SURFACE ( 'NONE', #6013, 617.8646549105928900, 0.05235987755983090300 ) ;
#2895 = AXIS2_PLACEMENT_3D ( 'NONE', #5484, #5456, #609 ) ;
#2896 = ORIENTED_EDGE ( 'NONE', *, *, #7708, .F. ) ;
#2897 = CARTESIAN_POINT ( 'NONE',  ( 1814.225292580451700, 91.77999999999730100, 1926.294971787103100 ) ) ;
#2898 = AXIS2_PLACEMENT_3D ( 'NONE', #1928, #459, #5339 ) ;
#2899 = CARTESIAN_POINT ( 'NONE',  ( 1683.883920388583600, 129.7924483180348100, 2042.213462626489900 ) ) ;
#2900 = EDGE_LOOP ( 'NONE', ( #3400, #1900, #6174, #1448 ) ) ;
#2901 = DIRECTION ( 'NONE',  ( 0.0000000000000000000, -1.000000000000000000, -3.491475051101101300E-015 ) ) ;
#2902 = DIRECTION ( 'NONE',  ( 1.000000000000000000, 5.689893001203922200E-014, -9.116041255197152600E-011 ) ) ;
#2903 = ORIENTED_EDGE ( 'NONE', *, *, #7361, .F. ) ;
#2904 = EDGE_CURVE ( 'NONE', #3813, #5214, #3368, .T. ) ;
#2905 = CARTESIAN_POINT ( 'NONE',  ( 1866.249999952526000, -75.77722283114124500, 1885.500000009617900 ) ) ;
#2906 = SURFACE_STYLE_USAGE ( .BOTH. , #6742 ) ;
#2907 = VERTEX_POINT ( 'NONE', #322 ) ;
#2908 = VERTEX_POINT ( 'NONE', #5853 ) ;
#2909 = ORIENTED_EDGE ( 'NONE', *, *, #7131, .F. ) ;
#2910 = DIRECTION ( 'NONE',  ( 9.115936927843110400E-011, -3.491483361109382100E-015, 1.000000000000000000 ) ) ;
#2911 = CYLINDRICAL_SURFACE ( 'NONE', #8588, 69.99999999999994300 ) ;
#2912 = DIRECTION ( 'NONE',  ( -0.0000000000000000000, 3.083952846181025600E-015, -1.000000000000000000 ) ) ;
#2913 = ORIENTED_EDGE ( 'NONE', *, *, #4967, .F. ) ;
#2914 = CARTESIAN_POINT ( 'NONE',  ( 1649.999999967202500, -128.0547095101150300, 2080.000000026025600 ) ) ;
#2915 = ORIENTED_EDGE ( 'NONE', *, *, #3621, .T. ) ;
#2916 = DIRECTION ( 'NONE',  ( 3.182802359415012600E-025, 3.491475051101101700E-015, -1.000000000000000000 ) ) ;
#2917 = EDGE_CURVE ( 'NONE', #8203, #4781, #8315, .T. ) ;
#2918 = CARTESIAN_POINT ( 'NONE',  ( 1914.999999967202300, -102.2312615949141900, 2095.000000026027000 ) ) ;
#2919 = VERTEX_POINT ( 'NONE', #1091 ) ;
#2920 = ORIENTED_EDGE ( 'NONE', *, *, #8494, .T. ) ;
#2921 = B_SPLINE_CURVE_WITH_KNOTS ( 'NONE', 3,
 ( #8764, #4898, #5530, #1437, #6139, #2188, #6757, #2923 ),
 .UNSPECIFIED., .F., .F.,
 ( 4, 2, 2, 4 ),
 ( 2.220446049250312800E-016, 0.04993927677467281700, 0.07490891516200973200, 0.09987855354934664600 ),
 .UNSPECIFIED. ) ;
#2922 = CARTESIAN_POINT ( 'NONE',  ( 1938.499999952526200, -115.2500000000067100, 1891.000000002324400 ) ) ;
#2923 = CARTESIAN_POINT ( 'NONE',  ( 1764.378823701831400, -130.4406986100705700, 2070.340972182892100 ) ) ;
#2924 = VECTOR ( 'NONE', #3030, 1000.000000000000000 ) ;
#2925 = DIRECTION ( 'NONE',  ( 0.0000000000000000000, 0.0000000000000000000, 1.000000000000000000 ) ) ;
#2926 = DIRECTION ( 'NONE',  ( 0.0000000000000000000, 1.000000000000000000, 0.0000000000000000000 ) ) ;
#2927 = CARTESIAN_POINT ( 'NONE',  ( 1626.909945577154500, -130.5336078553816000, 2035.876430493805900 ) ) ;
#2928 = ADVANCED_FACE ( 'NONE', ( #3141 ), #2911, .F. ) ;
#2929 = CARTESIAN_POINT ( 'NONE',  ( 1994.999999967202500, -91.99999999998453900, 2317.500000026027000 ) ) ;
#2930 = VERTEX_POINT ( 'NONE', #8480 ) ;
#2931 = CIRCLE ( 'NONE', #8792, 14.99999999999968000 ) ;
#2932 = AXIS2_PLACEMENT_3D ( 'NONE', #2522, #5197, #1051 ) ;
#2933 = FACE_OUTER_BOUND ( 'NONE', #8089, .T. ) ;
#2934 = CARTESIAN_POINT ( 'NONE',  ( 1954.999999933194700, -45.00000000000233100, 1706.941558771065300 ) ) ;
#2935 = CARTESIAN_POINT ( 'NONE',  ( 1663.107719958326500, 129.7880364933059800, 2011.491280447512300 ) ) ;
#2936 = COLOUR_RGB ( '',0.8431372549019607900, 0.8431372549019607900, 0.8431372549019607900 ) ;
#2937 = CARTESIAN_POINT ( 'NONE',  ( 1814.225292580676100, -129.0778474814704300, 1928.753620400033700 ) ) ;
#2938 = EDGE_CURVE ( 'NONE', #3697, #7459, #6334, .T. ) ;
#2939 = ORIENTED_EDGE ( 'NONE', *, *, #8320, .F. ) ;
#2940 = DIRECTION ( 'NONE',  ( 1.000000000000000000, -1.111267503048323600E-039, 3.182802359415012600E-025 ) ) ;
#2941 = EDGE_LOOP ( 'NONE', ( #8713, #3151, #3029, #1512, #2909, #13, #7139 ) ) ;
#2942 = FACE_OUTER_BOUND ( 'NONE', #2120, .T. ) ;
#2943 = VECTOR ( 'NONE', #5470, 1000.000000000000000 ) ;
#2944 = LINE ( 'NONE', #5529, #8126 ) ;
#2945 = CARTESIAN_POINT ( 'NONE',  ( 1649.999999967202500, 115.4999999999966000, 2020.061399501887800 ) ) ;
#2946 = CARTESIAN_POINT ( 'NONE',  ( 1909.999999950338200, -2.952624988047378700E-012, 1895.000000002325100 ) ) ;
#2947 = CARTESIAN_POINT ( 'NONE',  ( 1862.896390750899200, -82.50000000000297000, 1895.000000004471300 ) ) ;
#2948 = CARTESIAN_POINT ( 'NONE',  ( 1630.519176108266300, -130.5361256233662500, 2034.125240840932500 ) ) ;
#2949 = VERTEX_POINT ( 'NONE', #1120 ) ;
#2950 = CYLINDRICAL_SURFACE ( 'NONE', #4585, 94.99999999999997200 ) ;
#2951 = LINE ( 'NONE', #2479, #2509 ) ;
#2952 = DIRECTION ( 'NONE',  ( -3.182806635077191500E-025, -3.491475051078775400E-015, 1.000000000000000000 ) ) ;
#2953 = CARTESIAN_POINT ( 'NONE',  ( 1884.999999956027300, 72.47662247615285500, 1957.405501388626400 ) ) ;
#2954 = AXIS2_PLACEMENT_3D ( 'NONE', #7297, #3527, #7993 ) ;
#2955 = VERTEX_POINT ( 'NONE', #4002 ) ;
#2956 = DIRECTION ( 'NONE',  ( 0.7071067811865410200, -0.7071067811865540100, -6.446179044428200500E-011 ) ) ;
#2957 = CARTESIAN_POINT ( 'NONE',  ( 1704.342914267145500, 129.7884175696285400, 2073.132035622158600 ) ) ;
#2958 = CIRCLE ( 'NONE', #1160, 22.26203889903710800 ) ;
#2959 = EDGE_CURVE ( 'NONE', #882, #3082, #7958, .T. ) ;
#2960 = CARTESIAN_POINT ( 'NONE',  ( 1990.839459047266200, 33.48480033193579400, 1895.000000009617700 ) ) ;
#2961 = ORIENTED_EDGE ( 'NONE', *, *, #5109, .T. ) ;
#2962 = CARTESIAN_POINT ( 'NONE',  ( 1719.091790829318600, 129.7792128438464400, 2107.585890588432900 ) ) ;
#2963 = ORIENTED_EDGE ( 'NONE', *, *, #8150, .F. ) ;
#2964 = CARTESIAN_POINT ( 'NONE',  ( 1829.563292055253700, -1.536626346834532000, 2031.269996787162700 ) ) ;
#2965 = CARTESIAN_POINT ( 'NONE',  ( 1649.999999967202500, -188.6660834161338300, 2099.000000026025200 ) ) ;
#2966 = CARTESIAN_POINT ( 'NONE',  ( 1994.999999967202500, -91.99999999998453900, 2342.500000026026600 ) ) ;
#2967 = CYLINDRICAL_SURFACE ( 'NONE', #7484, 6.650000000000093600 ) ;
#2968 = CARTESIAN_POINT ( 'NONE',  ( 1892.999999956400400, 72.26203889637638200, 1961.500000004556300 ) ) ;
#2969 = AXIS2_PLACEMENT_3D ( 'NONE', #7567, #3788, #8265 ) ;
#2970 = DIRECTION ( 'NONE',  ( 0.0000000000000000000, -1.000000000000000000, 0.0000000000000000000 ) ) ;
#2971 = ADVANCED_FACE ( 'NONE', ( #1181 ), #3344, .T. ) ;
#2972 = DIRECTION ( 'NONE',  ( 9.115693149855618300E-011, -1.158666541659965100E-015, 1.000000000000000000 ) ) ;
#2973 = ORIENTED_EDGE ( 'NONE', *, *, #117, .T. ) ;
#2974 = EDGE_CURVE ( 'NONE', #5247, #7666, #5841, .T. ) ;
#2975 =( BOUNDED_CURVE ( )  B_SPLINE_CURVE ( 3, ( #479, #4103, #5973, #1980 ),
 .UNSPECIFIED., .F., .T. ) 
 B_SPLINE_CURVE_WITH_KNOTS ( ( 4, 4 ),
 ( 2.355889810910130900, 2.571832604120036800 ),
 .UNSPECIFIED. ) 
 CURVE ( )  GEOMETRIC_REPRESENTATION_ITEM ( )  RATIONAL_B_SPLINE_CURVE ( ( 1.000000000000000000, 0.9961178328390660800, 0.9961178328390660800, 1.000000000000000000 ) ) 
 REPRESENTATION_ITEM ( '' )  );
#2976 = CARTESIAN_POINT ( 'NONE',  ( 1940.999999971988700, 96.99999999999636200, 2081.000000008745200 ) ) ;
#2977 = FACE_OUTER_BOUND ( 'NONE', #4599, .T. ) ;
#2978 = CARTESIAN_POINT ( 'NONE',  ( 1948.573625171594800, -130.4863915898345700, 2386.395162039026200 ) ) ;
#2979 = ORIENTED_EDGE ( 'NONE', *, *, #2238, .F. ) ;
#2981 = VERTEX_POINT ( 'NONE', #6513 ) ;
#2980 = DIRECTION ( 'NONE',  ( 0.0000000000000000000, -0.9993900848364082300, -0.03492074355847404900 ) ) ;
#2982 = CARTESIAN_POINT ( 'NONE',  ( 1989.999999948150400, -2.900930013295424500E-012, 1870.999999995031900 ) ) ;
#2983 = AXIS2_PLACEMENT_3D ( 'NONE', #8348, #1708, #6364 ) ;
#2984 = FACE_BOUND ( 'NONE', #1482, .T. ) ;
#2985 = DIRECTION ( 'NONE',  ( 3.182806635077191500E-025, 3.491475051078775400E-015, -1.000000000000000000 ) ) ;
#2986 = CARTESIAN_POINT ( 'NONE',  ( 1947.451371027654400, -115.7222232412745300, 2385.435824221016400 ) ) ;
#2987 = CARTESIAN_POINT ( 'NONE',  ( 1682.932240825616600, 129.7891394494876400, 2042.802672167088300 ) ) ;
#2988 = DIRECTION ( 'NONE',  ( 0.03487823696311094500, -0.03489949670250459100, 0.9987820251267325300 ) ) ;
#2989 = VERTEX_POINT ( 'NONE', #1183 ) ;
#2990 = ORIENTED_EDGE ( 'NONE', *, *, #1029, .T. ) ;
#2991 = CARTESIAN_POINT ( 'NONE',  ( 1865.671158981476500, -86.02452987842544000, 1926.497290733213300 ) ) ;
#2992 = CARTESIAN_POINT ( 'NONE',  ( 1660.026785513068700, 129.6416757245110600, 2100.569302198389800 ) ) ;
#2993 = LINE ( 'NONE', #8585, #562 ) ;
#2994 = DIRECTION ( 'NONE',  ( 9.115936927843110400E-011, -3.491483361109382100E-015, 1.000000000000000000 ) ) ;
#2995 = CARTESIAN_POINT ( 'NONE',  ( 1994.719999397111500, 500000.0000000000600, 2369.254424355289800 ) ) ;
#2996 = CARTESIAN_POINT ( 'NONE',  ( 1994.719999397111500, -144.7500000000062800, 2389.254424353543500 ) ) ;
#2997 = EDGE_LOOP ( 'NONE', ( #1503, #949, #606 ) ) ;
#2998 = CARTESIAN_POINT ( 'NONE',  ( 1797.669818987210400, 52.29769945503596100, 2052.090600688914500 ) ) ;
#2999 = ORIENTED_EDGE ( 'NONE', *, *, #3493, .T. ) ;
#3000 = ORIENTED_EDGE ( 'NONE', *, *, #2311, .F. ) ;
#3001 = CARTESIAN_POINT ( 'NONE',  ( 1814.999999952526000, -105.0000000000067400, 1931.300000002324200 ) ) ;
#3002 = LINE ( 'NONE', #8711, #1040 ) ;
#3003 = CARTESIAN_POINT ( 'NONE',  ( 1949.999999972983700, 51.21677477272634600, 2146.500000008745200 ) ) ;
#3004 = EDGE_CURVE ( 'NONE', #4256, #487, #4689, .T. ) ;
#3005 = ORIENTED_EDGE ( 'NONE', *, *, #2007, .T. ) ;
#3006 = CARTESIAN_POINT ( 'NONE',  ( 1945.502587198817300, -130.4549539574360300, 2368.208739052267000 ) ) ;
#3007 = ORIENTED_EDGE ( 'NONE', *, *, #5706, .T. ) ;
#3008 = EDGE_CURVE ( 'NONE', #8477, #1833, #8097, .T. ) ;
#3009 = ORIENTED_EDGE ( 'NONE', *, *, #2207, .F. ) ;
#3010 = AXIS2_PLACEMENT_3D ( 'NONE', #3062, #7555, #3773 ) ;
#3011 = DIRECTION ( 'NONE',  ( 3.182802359415012600E-025, 3.491475051101101300E-015, -1.000000000000000000 ) ) ;
#3012 = DIRECTION ( 'NONE',  ( -0.3987439384647879500, -0.8860976410327526800, 0.2362927042753971100 ) ) ;
#3013 = VECTOR ( 'NONE', #744, 1000.000000000000000 ) ;
#3014 = CARTESIAN_POINT ( 'NONE',  ( 1994.719999397111500, -136.0000000000239600, 2330.754424353543500 ) ) ;
#3015 = CARTESIAN_POINT ( 'NONE',  ( 1909.999999947512200, -2.844389003852986700E-012, 1864.000000002324700 ) ) ;
#3016 = VERTEX_POINT ( 'NONE', #4706 ) ;
#3017 = CARTESIAN_POINT ( 'NONE',  ( 1922.499999947512800, 83.49999999999714400, 1871.300000002325300 ) ) ;
#3018 = ORIENTED_EDGE ( 'NONE', *, *, #6273, .F. ) ;
#3019 = ORIENTED_EDGE ( 'NONE', *, *, #7933, .T. ) ;
#3020 = CARTESIAN_POINT ( 'NONE',  ( 1905.499999947512200, 82.49999999999711500, 1874.300000002324400 ) ) ;
#3021 = CARTESIAN_POINT ( 'NONE',  ( 1661.521587353381800, 129.7825217123938700, 2012.473296348508700 ) ) ;
#3022 = ADVANCED_FACE ( 'NONE', ( #2681 ), #5953, .F. ) ;
#3023 = LINE ( 'NONE', #3642, #1059 ) ;
#3024 = CARTESIAN_POINT ( 'NONE',  ( 1814.999999952526000, -105.0000000000067400, 1931.300000002324200 ) ) ;
#3025 = VERTEX_POINT ( 'NONE', #1214 ) ;
#3026 = VERTEX_POINT ( 'NONE', #5956 ) ;
#3027 = CARTESIAN_POINT ( 'NONE',  ( 1844.608303415575600, -43.01370563334193500, 1959.025906902624700 ) ) ;
#3028 = VERTEX_POINT ( 'NONE', #1957 ) ;
#3029 = ORIENTED_EDGE ( 'NONE', *, *, #771, .F. ) ;
#3030 = DIRECTION ( 'NONE',  ( -0.7071067812831396400, -1.962615573965735800E-015, 0.7071067810899555100 ) ) ;
#3031 = CARTESIAN_POINT ( 'NONE',  ( 1954.999999956400000, 44.99999999999673900, 1961.500000000217600 ) ) ;
#3032 = EDGE_CURVE ( 'NONE', #947, #7782, #4312, .T. ) ;
#3033 = CIRCLE ( 'NONE', #938, 9.500000000000063900 ) ;
#3034 = ORIENTED_EDGE ( 'NONE', *, *, #2219, .F. ) ;
#3035 = DIRECTION ( 'NONE',  ( -9.117865069926245400E-011, -9.782067449765309600E-015, -1.000000000000000000 ) ) ;
#3036 = ORIENTED_EDGE ( 'NONE', *, *, #5558, .T. ) ;
#3037 = ORIENTED_EDGE ( 'NONE', *, *, #8242, .T. ) ;
#3038 = LINE ( 'NONE', #8432, #1078 ) ;
#3039 = CARTESIAN_POINT ( 'NONE',  ( 1953.742311374728800, -130.3290599565255800, 2342.018434299438900 ) ) ;
#3040 = ORIENTED_EDGE ( 'NONE', *, *, #356, .T. ) ;
#3041 = CARTESIAN_POINT ( 'NONE',  ( 1884.999999967202500, -91.99999999998453900, 2185.000000026026600 ) ) ;
#3042 = EDGE_CURVE ( 'NONE', #1760, #1189, #7568, .T. ) ;
#3043 = CARTESIAN_POINT ( 'NONE',  ( 1880.999999966465100, -62.21677478056248800, 1981.500000002324400 ) ) ;
#3044 = ORIENTED_EDGE ( 'NONE', *, *, #3068, .T. ) ;
#3045 = CYLINDRICAL_SURFACE ( 'NONE', #3732, 6.650000000000093600 ) ;
#3046 = VECTOR ( 'NONE', #3117, 1000.000000000000100 ) ;
#3047 = VECTOR ( 'NONE', #318, 1000.000000000000000 ) ;
#3048 = FACE_OUTER_BOUND ( 'NONE', #7011, .T. ) ;
#3049 = DIRECTION ( 'NONE',  ( 0.0000000000000000000, -9.835798702883100100E-015, 1.000000000000000000 ) ) ;
#3050 = CARTESIAN_POINT ( 'NONE',  ( 1692.719983516019300, 129.6875214309560800, 2123.913361594921300 ) ) ;
#3051 = CARTESIAN_POINT ( 'NONE',  ( 1645.922015576900100, -3.190820290112966300E-012, 1963.221806446765200 ) ) ;
#3052 = DIRECTION ( 'NONE',  ( 0.0000000000000000000, 1.000000000000000000, 0.0000000000000000000 ) ) ;
#3053 = AXIS2_PLACEMENT_3D ( 'NONE', #77, #6265, #2335 ) ;
#3054 = CARTESIAN_POINT ( 'NONE',  ( 1649.999999967202500, -72.00000000000366600, 2099.000000026025600 ) ) ;
#3055 = ORIENTED_EDGE ( 'NONE', *, *, #7562, .F. ) ;
#3056 = CARTESIAN_POINT ( 'NONE',  ( 1964.999999967202500, -500000.0000000000600, 2330.000000026027900 ) ) ;
#3057 = VECTOR ( 'NONE', #2795, 1000.000000000000000 ) ;
#3058 = CARTESIAN_POINT ( 'NONE',  ( 1960.110929330215900, -114.3000000000066200, 1894.000000002324400 ) ) ;
#3059 = FACE_OUTER_BOUND ( 'NONE', #4172, .T. ) ;
#3060 = ORIENTED_EDGE ( 'NONE', *, *, #5675, .F. ) ;
#3061 = LINE ( 'NONE', #6049, #3296 ) ;
#3062 = CARTESIAN_POINT ( 'NONE',  ( 1909.999999950338200, -2.952624988032386900E-012, 1894.999999998031200 ) ) ;
#3063 = CARTESIAN_POINT ( 'NONE',  ( 1914.999999967202300, -103.0162012405775600, 2185.000000026026600 ) ) ;
#3064 = EDGE_CURVE ( 'NONE', #8720, #5692, #711, .T. ) ;
#3065 = DIRECTION ( 'NONE',  ( 1.676390818025142300E-016, 1.000000000000000000, 3.393948359834997300E-015 ) ) ;
#3066 = CARTESIAN_POINT ( 'NONE',  ( 1953.749999952525700, -82.42722283114142100, 1885.500000009617900 ) ) ;
#3067 = EDGE_LOOP ( 'NONE', ( #4654, #4856, #6685, #6885 ) ) ;
#3068 = EDGE_CURVE ( 'NONE', #6680, #3026, #2466, .T. ) ;
#3069 = PLANE ( 'NONE',  #7000 ) ;
#3070 = PRESENTATION_LAYER_ASSIGNMENT (  '', '', ( #587 ) ) ;
#3071 = ADVANCED_FACE ( 'NONE', ( #7878 ), #241, .T. ) ;
#3072 = VECTOR ( 'NONE', #8668, 1000.000000000000000 ) ;
#3073 = CARTESIAN_POINT ( 'NONE',  ( 1974.671124797927900, -130.0933333416460300, 2324.272097179588400 ) ) ;
#3074 = ORIENTED_EDGE ( 'NONE', *, *, #4108, .T. ) ;
#3075 = ORIENTED_EDGE ( 'NONE', *, *, #1563, .F. ) ;
#3076 = CARTESIAN_POINT ( 'NONE',  ( 1856.999999952526000, -94.00000000000682100, 1926.915268307602000 ) ) ;
#3077 = CARTESIAN_POINT ( 'NONE',  ( 1869.999999971988500, 76.99999999999633400, 2081.000000008745200 ) ) ;
#3078 = LINE ( 'NONE', #4091, #8254 ) ;
#3079 = DIRECTION ( 'NONE',  ( -0.0000000000000000000, -1.000000000000000000, -3.491483361109382500E-015 ) ) ;
#3080 = DIRECTION ( 'NONE',  ( 0.0000000000000000000, 1.000000000000000000, 0.0000000000000000000 ) ) ;
#3081 = AXIS2_PLACEMENT_3D ( 'NONE', #2368, #3802, #8279 ) ;
#3082 = VERTEX_POINT ( 'NONE', #2022 ) ;
#3083 = CARTESIAN_POINT ( 'NONE',  ( 2041.489381692406400, -124.3393055024148500, 2353.021797384223200 ) ) ;
#3084 = EDGE_LOOP ( 'NONE', ( #919, #3264, #1086, #229 ) ) ;
#3085 = CARTESIAN_POINT ( 'NONE',  ( 1869.999999971988200, 76.99999999999634800, 2081.000000008745200 ) ) ;
#3086 = EDGE_CURVE ( 'NONE', #2463, #4459, #4110, .T. ) ;
#3087 = VECTOR ( 'NONE', #2421, 1000.000000000000000 ) ;
#3088 = DIRECTION ( 'NONE',  ( 1.000000000000000000, 2.844946500601961100E-014, -9.116041255197152600E-011 ) ) ;
#3089 = DIRECTION ( 'NONE',  ( 3.182806635077191500E-025, 3.491475051078775400E-015, -1.000000000000000000 ) ) ;
#3090 = DIRECTION ( 'NONE',  ( -0.0000000000000000000, -1.000000000000000000, -0.0000000000000000000 ) ) ;
#3091 = ORIENTED_EDGE ( 'NONE', *, *, #5455, .F. ) ;
#3092 = CARTESIAN_POINT ( 'NONE',  ( 2015.802608774971300, 6.333938505768663200, 1953.680707006209100 ) ) ;
#3093 = CARTESIAN_POINT ( 'NONE',  ( 1884.999999967202500, -102.2221246960839400, 2095.000000026027000 ) ) ;
#3094 = CARTESIAN_POINT ( 'NONE',  ( 0.0000000000000000000, -29.00000000000391200, 2146.500000008745200 ) ) ;
#3095 = ORIENTED_EDGE ( 'NONE', *, *, #5151, .T. ) ;
#3096 = DIRECTION ( 'NONE',  ( -9.115795656238229600E-011, 1.796870909836734800E-015, -1.000000000000000000 ) ) ;
#3097 = MECHANICAL_DESIGN_GEOMETRIC_PRESENTATION_REPRESENTATION (  '', ( #2117 ), #3581 ) ;
#3098 = DIRECTION ( 'NONE',  ( 3.182802359415012600E-025, 3.491475051101101300E-015, -1.000000000000000000 ) ) ;
#3099 = DIRECTION ( 'NONE',  ( -0.4103646773288023900, 0.9119215051751044000, 0.0000000000000000000 ) ) ;
#3100 = EDGE_CURVE ( 'NONE', #662, #7636, #5765, .T. ) ;
#3101 = CARTESIAN_POINT ( 'NONE',  ( 1953.013278962255500, 65.37924827841986500, 1959.263443626893400 ) ) ;
#3102 = EDGE_LOOP ( 'NONE', ( #7121, #4212 ) ) ;
#3103 = CARTESIAN_POINT ( 'NONE',  ( 1671.989032012012800, 129.6567899045271900, 2005.992629432304500 ) ) ;
#3104 = EDGE_LOOP ( 'NONE', ( #5830, #4561, #4955, #8579 ) ) ;
#3105 = CARTESIAN_POINT ( 'NONE',  ( 1814.999999952526000, 94.99999999999326400, 1931.300000002324900 ) ) ;
#3106 = LINE ( 'NONE', #8749, #6495 ) ;
#3107 = CARTESIAN_POINT ( 'NONE',  ( 1649.999999953483900, 91.78000000054395000, 1926.294971802054800 ) ) ;
#3108 = PLANE ( 'NONE',  #4853 ) ;
#3109 = ORIENTED_EDGE ( 'NONE', *, *, #8119, .T. ) ;
#3110 = ORIENTED_EDGE ( 'NONE', *, *, #4625, .T. ) ;
#3111 = DIRECTION ( 'NONE',  ( 0.0000000000000000000, 0.0000000000000000000, 1.000000000000000000 ) ) ;
#3112 = LINE ( 'NONE', #4391, #8075 ) ;
#3113 = CARTESIAN_POINT ( 'NONE',  ( 1964.999999967202500, -92.00000000000000000, 2330.000000026027900 ) ) ;
#3114 = ADVANCED_FACE ( 'NONE', ( #2226 ), #7016, .T. ) ;
#3115 = CARTESIAN_POINT ( 'NONE',  ( 1864.999999958223700, -65.00000000000331100, 1981.500000003651600 ) ) ;
#3116 = EDGE_CURVE ( 'NONE', #7915, #7116, #478, .T. ) ;
#3117 = DIRECTION ( 'NONE',  ( 0.06214399117666481000, -0.9980596672320853900, 0.003876210161153133500 ) ) ;
#3118 = EDGE_LOOP ( 'NONE', ( #2584, #1612 ) ) ;
#3119 = DIRECTION ( 'NONE',  ( 0.05233595624295177300, 0.9986295347545735000, 0.0000000000000000000 ) ) ;
#3120 = DIRECTION ( 'NONE',  ( -9.115936927843110400E-011, 3.491483361109382100E-015, -1.000000000000000000 ) ) ;
#3121 = VERTEX_POINT ( 'NONE', #3498 ) ;
#3122 = CARTESIAN_POINT ( 'NONE',  ( 1809.889074435945800, 104.7491953301233100, 1927.152738120299800 ) ) ;
#3123 = FACE_OUTER_BOUND ( 'NONE', #105, .T. ) ;
#3124 = CARTESIAN_POINT ( 'NONE',  ( 1960.809245925511300, -90.20826626652879600, 1943.227162798518100 ) ) ;
#3125 = CARTESIAN_POINT ( 'NONE',  ( 1953.021549052188200, 65.61366749183028400, 1954.790330793888600 ) ) ;
#3126 = PLANE ( 'NONE',  #3248 ) ;
#3127 = ORIENTED_EDGE ( 'NONE', *, *, #8677, .F. ) ;
#3128 = ORIENTED_EDGE ( 'NONE', *, *, #8580, .T. ) ;
#3129 = DIRECTION ( 'NONE',  ( 0.0000000000000000000, -3.491483361109382500E-015, 1.000000000000000000 ) ) ;
#3130 = DIRECTION ( 'NONE',  ( -9.116527604535024900E-011, -4.943618895143960700E-015, -1.000000000000000000 ) ) ;
#3131 = CIRCLE ( 'NONE', #1865, 22.26203889579658600 ) ;
#3132 = DIRECTION ( 'NONE',  ( 0.0000000000000000000, 3.172065784643331400E-015, -1.000000000000000000 ) ) ;
#3133 = AXIS2_PLACEMENT_3D ( 'NONE', #2362, #2385, #2294 ) ;
#3134 = ORIENTED_EDGE ( 'NONE', *, *, #8374, .F. ) ;
#3135 = AXIS2_PLACEMENT_3D ( 'NONE', #1661, #6324, #2419 ) ;
#3136 = CARTESIAN_POINT ( 'NONE',  ( 1793.820209838061800, -86.00924963875320400, 2055.721312170710000 ) ) ;
#3137 = DIRECTION ( 'NONE',  ( 0.0000000000000000000, -9.913918680972982800E-015, 1.000000000000000000 ) ) ;
#3139 = ADVANCED_FACE ( 'NONE', ( #7227 ), #3693, .T. ) ;
#3138 = ORIENTED_EDGE ( 'NONE', *, *, #6944, .F. ) ;
#3140 = ORIENTED_EDGE ( 'NONE', *, *, #7909, .T. ) ;
#3141 = FACE_OUTER_BOUND ( 'NONE', #2336, .T. ) ;
#3142 = DIRECTION ( 'NONE',  ( -1.000000000000000000, 0.0000000000000000000, 9.115820321446056000E-011 ) ) ;
#3143 = EDGE_CURVE ( 'NONE', #3544, #7036, #5371, .T. ) ;
#3144 = ORIENTED_EDGE ( 'NONE', *, *, #3870, .F. ) ;
#3145 = DIRECTION ( 'NONE',  ( -3.182806635077191500E-025, -3.491475051078775400E-015, 1.000000000000000000 ) ) ;
#3146 = EDGE_LOOP ( 'NONE', ( #107, #8160, #6836, #144, #3228, #1790, #2433, #5367, #6469 ) ) ;
#3147 = CARTESIAN_POINT ( 'NONE',  ( 1884.999999947512200, 113.9999999999969000, 1955.000000004472000 ) ) ;
#3148 = CARTESIAN_POINT ( 'NONE',  ( 1975.696528567911600, -43.02448021463502000, 1953.209190428921800 ) ) ;
#3149 =( BOUNDED_CURVE ( )  B_SPLINE_CURVE ( 3, ( #2000, #5988, #7251, #3473 ),
 .UNSPECIFIED., .F., .T. ) 
 B_SPLINE_CURVE_WITH_KNOTS ( ( 4, 4 ),
 ( 4.712388980384687900, 6.248278722139727600 ),
 .UNSPECIFIED. ) 
 CURVE ( )  GEOMETRIC_REPRESENTATION_ITEM ( )  RATIONAL_B_SPLINE_CURVE ( ( 1.000000000000000000, 0.8128932002257605000, 0.8128932002257605000, 1.000000000000000000 ) ) 
 REPRESENTATION_ITEM ( '' )  );
#3150 = VERTEX_POINT ( 'NONE', #592 ) ;
#3151 = ORIENTED_EDGE ( 'NONE', *, *, #2754, .T. ) ;
#3152 = DIRECTION ( 'NONE',  ( 3.182802359415013500E-025, 3.491475051101102100E-015, -1.000000000000000000 ) ) ;
#3153 = LINE ( 'NONE', #4991, #3383 ) ;
#3154 = ORIENTED_EDGE ( 'NONE', *, *, #1093, .F. ) ;
#3155 = CARTESIAN_POINT ( 'NONE',  ( 1864.999999958223700, -45.00000000000330400, 1981.500000004195500 ) ) ;
#3156 = CARTESIAN_POINT ( 'NONE',  ( 1804.087282323066800, 93.39209476884900600, 1927.355801863447400 ) ) ;
#3157 = CARTESIAN_POINT ( 'NONE',  ( 2008.699407878962100, 31.88604708919898200, 1941.554801487717200 ) ) ;
#3158 = DIRECTION ( 'NONE',  ( -1.000000000000000000, 0.0000000000000000000, -0.0000000000000000000 ) ) ;
#3159 = EDGE_CURVE ( 'NONE', #6412, #8515, #8825, .T. ) ;
#3160 = VERTEX_POINT ( 'NONE', #2090 ) ;
#3161 = VECTOR ( 'NONE', #1601, 1000.000000000000000 ) ;
#3162 = VECTOR ( 'NONE', #8058, 1000.000000000000000 ) ;
#3163 = CARTESIAN_POINT ( 'NONE',  ( 1813.669674654836600, 84.06654287281354200, 1926.564331645476600 ) ) ;
#3164 = LINE ( 'NONE', #1360, #4908 ) ;
#3165 = CARTESIAN_POINT ( 'NONE',  ( 1954.999999958223300, 64.99999999999670300, 1981.500000000997500 ) ) ;
#3166 = ADVANCED_FACE ( 'NONE', ( #6816 ), #3477, .T. ) ;
#3167 = CARTESIAN_POINT ( 'NONE',  ( 1977.251885189444200, 14.35698779380324600, 1952.153175074737400 ) ) ;
#3168 = ORIENTED_EDGE ( 'NONE', *, *, #8606, .F. ) ;
#3169 = FILL_AREA_STYLE ('',( #5734 ) ) ;
#3170 = ORIENTED_EDGE ( 'NONE', *, *, #7314, .T. ) ;
#3171 = VECTOR ( 'NONE', #6180, 1000.000000000000000 ) ;
#3172 = CARTESIAN_POINT ( 'NONE',  ( 1813.121175155973300, 84.14743741731970800, 1926.570251140189200 ) ) ;
#3173 = LINE ( 'NONE', #6058, #8342 ) ;
#3174 = CARTESIAN_POINT ( 'NONE',  ( 1795.507374202832400, 120.1654869098058400, 1931.230256465778900 ) ) ;
#3175 = FACE_OUTER_BOUND ( 'NONE', #703, .T. ) ;
#3176 = CARTESIAN_POINT ( 'NONE',  ( 1814.999999952526000, 94.99999999999323600, 1953.800000002324900 ) ) ;
#3177 = DIRECTION ( 'NONE',  ( 0.0000000000000000000, 1.000000000000000000, 0.0000000000000000000 ) ) ;
#3178 = EDGE_LOOP ( 'NONE', ( #3436, #5335, #5533, #191 ) ) ;
#3179 = CARTESIAN_POINT ( 'NONE',  ( 1878.009568598168500, 113.0211011263564000, 1936.337901527865100 ) ) ;
#3180 = FACE_OUTER_BOUND ( 'NONE', #705, .T. ) ;
#3181 = CIRCLE ( 'NONE', #7498, 14.99999999999968000 ) ;
#3182 = CARTESIAN_POINT ( 'NONE',  ( 1814.225292580476200, 84.02731443593512500, 1926.565701532627600 ) ) ;
#3183 = DIRECTION ( 'NONE',  ( -1.000000000000000000, 0.0000000000000000000, 9.115912537477290800E-011 ) ) ;
#3184 = DIRECTION ( 'NONE',  ( -0.0000000000000000000, -1.000000000000000000, -3.491483361109382100E-015 ) ) ;
#3185 = ORIENTED_EDGE ( 'NONE', *, *, #8214, .F. ) ;
#3186 = DIRECTION ( 'NONE',  ( 0.0000000000000000000, 0.0000000000000000000, 1.000000000000000000 ) ) ;
#3187 = ADVANCED_FACE ( 'NONE', ( #8614 ), #4223, .T. ) ;
#3188 = CARTESIAN_POINT ( 'NONE',  ( 1961.614600217464800, -87.31185837014949400, 1930.825084446302300 ) ) ;
#3189 = EDGE_CURVE ( 'NONE', #2850, #7656, #1755, .T. ) ;
#3190 = CARTESIAN_POINT ( 'NONE',  ( 1694.032694222898000, 129.5555388738135900, 2035.930093096195600 ) ) ;
#3191 = CYLINDRICAL_SURFACE ( 'NONE', #159, 6.499999999999908500 ) ;
#3192 = CARTESIAN_POINT ( 'NONE',  ( 1994.999999967201800, -103.5638594012333900, 2245.000000026026600 ) ) ;
#3193 = ORIENTED_EDGE ( 'NONE', *, *, #3226, .T. ) ;
#3194 = CARTESIAN_POINT ( 'NONE',  ( 1811.509872986765000, 84.56469168177757500, 1926.615941625532300 ) ) ;
#3195 = EDGE_CURVE ( 'NONE', #7056, #2580, #5182, .T. ) ;
#3196 = CARTESIAN_POINT ( 'NONE',  ( 1814.225292584984600, -21.73040619118540900, 1928.741157505486400 ) ) ;
#3197 = AXIS2_PLACEMENT_3D ( 'NONE', #6610, #4162, #8642 ) ;
#3198 = EDGE_LOOP ( 'NONE', ( #1611, #931 ) ) ;
#3199 = VECTOR ( 'NONE', #5482, 1000.000000000000000 ) ;
#3200 = DIRECTION ( 'NONE',  ( -9.103431842761787400E-011, -0.05233595624294046900, -0.9986295347545741700 ) ) ;
#3201 = EDGE_CURVE ( 'NONE', #6912, #822, #1990, .T. ) ;
#3202 = CARTESIAN_POINT ( 'NONE',  ( 1994.719999397111500, -144.7500000000062000, 2369.254424353543500 ) ) ;
#3203 = ORIENTED_EDGE ( 'NONE', *, *, #7562, .T. ) ;
#3204 = VECTOR ( 'NONE', #5475, 1000.000000000000200 ) ;
#3205 = CARTESIAN_POINT ( 'NONE',  ( 1670.451068919896700, -130.5573978439195700, 2034.573916636799400 ) ) ;
#3206 = CARTESIAN_POINT ( 'NONE',  ( 1873.498613746110800, 114.0548249178442400, 1945.830081900750000 ) ) ;
#3207 = DIRECTION ( 'NONE',  ( -0.8618976669184041900, -0.0000000000000000000, 0.5070822534467279700 ) ) ;
#3208 = ADVANCED_FACE ( 'NONE', ( #1522 ), #6115, .T. ) ;
#3209 = VERTEX_POINT ( 'NONE', #2862 ) ;
#3210 = B_SPLINE_CURVE_WITH_KNOTS ( 'NONE', 3,
 ( #2879, #6131, #4918, #708 ),
 .UNSPECIFIED., .F., .F.,
 ( 4, 4 ),
 ( 0.0000000000000000000, 1.000000000000000000 ),
 .UNSPECIFIED. ) ;
#3211 = ORIENTED_EDGE ( 'NONE', *, *, #2181, .F. ) ;
#3212 = CARTESIAN_POINT ( 'NONE',  ( 1812.308981212213200, 84.33063064440182200, 1926.589107818159200 ) ) ;
#3213 = EDGE_CURVE ( 'NONE', #3960, #4248, #6614, .T. ) ;
#3214 = CARTESIAN_POINT ( 'NONE',  ( 1829.160540857791400, 40.13480033194937800, 1885.500000009618400 ) ) ;
#3215 = FACE_BOUND ( 'NONE', #1942, .T. ) ;
#3216 = DIRECTION ( 'NONE',  ( 0.0000000000000000000, 1.000000000000000000, 0.0000000000000000000 ) ) ;
#3217 = CARTESIAN_POINT ( 'NONE',  ( 1995.640069516833100, 54.54919370796081800, 1929.636888872851800 ) ) ;
#3218 = ORIENTED_EDGE ( 'NONE', *, *, #2733, .F. ) ;
#3219 = ORIENTED_EDGE ( 'NONE', *, *, #6440, .F. ) ;
#3220 = CARTESIAN_POINT ( 'NONE',  ( 1897.499999947512200, 83.49999999999707300, 1891.500000002324400 ) ) ;
#3221 = ORIENTED_EDGE ( 'NONE', *, *, #3781, .F. ) ;
#3222 = CARTESIAN_POINT ( 'NONE',  ( 1811.249675687512100, 84.65541095991150700, 1926.626813961894400 ) ) ;
#3223 = AXIS2_PLACEMENT_3D ( 'NONE', #8561, #3372, #457 ) ;
#3224 = VECTOR ( 'NONE', #7321, 1000.000000000000000 ) ;
#3225 = CARTESIAN_POINT ( 'NONE',  ( 1844.543474150139000, 43.01600424239872200, 1957.788859885738900 ) ) ;
#3226 = EDGE_CURVE ( 'NONE', #7855, #1885, #2921, .T. ) ;
#3227 = CARTESIAN_POINT ( 'NONE',  ( 1969.102801997005800, 87.41125033986428200, 1954.990413409187600 ) ) ;
#3228 = ORIENTED_EDGE ( 'NONE', *, *, #5588, .F. ) ;
#3229 = CARTESIAN_POINT ( 'NONE',  ( 1844.999999973264700, 28.99999999999611300, 2146.500000008745200 ) ) ;
#3230 = ORIENTED_EDGE ( 'NONE', *, *, #6410, .F. ) ;
#3231 = DIRECTION ( 'NONE',  ( -0.4637208658776874600, 0.03485716679809207400, -0.8852953950362884000 ) ) ;
#3232 = FACE_OUTER_BOUND ( 'NONE', #4334, .T. ) ;
#3233 = ORIENTED_EDGE ( 'NONE', *, *, #610, .T. ) ;
#3234 = CARTESIAN_POINT ( 'NONE',  ( 1994.719999397111500, -175.9999999999877200, 2369.254424353543500 ) ) ;
#3235 = VERTEX_POINT ( 'NONE', #687 ) ;
#3236 = CARTESIAN_POINT ( 'NONE',  ( 1692.364888276322700, -130.5627624704214300, 2053.814226938016400 ) ) ;
#3237 = CARTESIAN_POINT ( 'NONE',  ( 1905.499999947512200, 82.49999999999712900, 1871.300000002325300 ) ) ;
#3238 = VERTEX_POINT ( 'NONE', #3616 ) ;
#3239 = CARTESIAN_POINT ( 'NONE',  ( 1877.404206276360600, 114.1763331953523400, 1954.142683426687700 ) ) ;
#3240 = CARTESIAN_POINT ( 'NONE',  ( 1814.225292580676100, -129.0778474814704300, 1928.753620400033700 ) ) ;
#3241 = CYLINDRICAL_SURFACE ( 'NONE', #4096, 21.99999999999987900 ) ;
#3242 = EDGE_CURVE ( 'NONE', #5812, #7245, #3023, .T. ) ;
#3243 = CARTESIAN_POINT ( 'NONE',  ( 1812.039234734927700, 84.40233444291830300, 1926.597090180417100 ) ) ;
#3244 = VERTEX_POINT ( 'NONE', #8243 ) ;
#3245 = ORIENTED_EDGE ( 'NONE', *, *, #736, .T. ) ;
#3246 = EDGE_CURVE ( 'NONE', #7559, #3740, #3249, .T. ) ;
#3247 = CARTESIAN_POINT ( 'NONE',  ( 1974.072607238037800, -76.19060612988739900, 1918.016086493153400 ) ) ;
#3248 = AXIS2_PLACEMENT_3D ( 'NONE', #2402, #7629, #3837 ) ;
#3249 = CIRCLE ( 'NONE', #7971, 10.99999999999991300 ) ;
#3250 = DIRECTION ( 'NONE',  ( 0.0000000000000000000, -1.000000000000000000, -3.491483361109382100E-015 ) ) ;
#3251 = VERTEX_POINT ( 'NONE', #5033 ) ;
#3252 = CARTESIAN_POINT ( 'NONE',  ( 1809.987969526137000, 85.19274436308957400, 1926.692579601266300 ) ) ;
#3253 = ORIENTED_EDGE ( 'NONE', *, *, #3538, .T. ) ;
#3254 = DIRECTION ( 'NONE',  ( 9.115924681779572100E-011, 0.0000000000000000000, 1.000000000000000000 ) ) ;
#3255 = ADVANCED_FACE ( 'NONE', ( #8198 ), #825, .T. ) ;
#3256 = CARTESIAN_POINT ( 'NONE',  ( 1995.300218928374500, 61.89191626605383300, 1953.183881467760800 ) ) ;
#3257 = ORIENTED_EDGE ( 'NONE', *, *, #6314, .T. ) ;
#3258 = ORIENTED_EDGE ( 'NONE', *, *, #5167, .F. ) ;
#3259 = VECTOR ( 'NONE', #2679, 1000.000000000000000 ) ;
#3260 = AXIS2_PLACEMENT_3D ( 'NONE', #6216, #6193, #6145 ) ;
#3261 = DIRECTION ( 'NONE',  ( 3.182802359415012600E-025, 3.491475051101101300E-015, -1.000000000000000000 ) ) ;
#3262 = EDGE_LOOP ( 'NONE', ( #8424, #7730 ) ) ;
#3263 =( BOUNDED_CURVE ( )  B_SPLINE_CURVE ( 3, ( #6808, #2255, #26, #4979 ),
 .UNSPECIFIED., .F., .T. ) 
 B_SPLINE_CURVE_WITH_KNOTS ( ( 4, 4 ),
 ( 0.03490658513103195300, 3.176499238720825100 ),
 .UNSPECIFIED. ) 
 CURVE ( )  GEOMETRIC_REPRESENTATION_ITEM ( )  RATIONAL_B_SPLINE_CURVE ( ( 1.000000000000000000, 0.3333333333333333700, 0.3333333333333333700, 1.000000000000000000 ) ) 
 REPRESENTATION_ITEM ( '' )  );
#3264 = ORIENTED_EDGE ( 'NONE', *, *, #5628, .T. ) ;
#3265 = ORIENTED_EDGE ( 'NONE', *, *, #2866, .T. ) ;
#3266 = CARTESIAN_POINT ( 'NONE',  ( 1829.323182218757200, -130.5606791387902500, 2281.301352606663400 ) ) ;
#3267 = DIRECTION ( 'NONE',  ( 3.182806635077191500E-025, 3.491475051078775400E-015, -1.000000000000000000 ) ) ;
#3268 = EDGE_CURVE ( 'NONE', #8381, #6612, #4587, .T. ) ;
#3269 = FACE_OUTER_BOUND ( 'NONE', #3549, .T. ) ;
#3270 = CARTESIAN_POINT ( 'NONE',  ( 1699.521240978981700, -130.5561438064096900, 2085.303263274382100 ) ) ;
#3271 = CARTESIAN_POINT ( 'NONE',  ( 1964.999999967202500, -500000.0000000000600, 2317.500000026028400 ) ) ;
#3272 = ORIENTED_EDGE ( 'NONE', *, *, #8606, .T. ) ;
#3273 = DIRECTION ( 'NONE',  ( -0.7071067811865426900, 0.7071067811865523500, 6.446179044428216000E-011 ) ) ;
#3274 = DIRECTION ( 'NONE',  ( 0.0000000000000000000, 1.000000000000000000, 0.0000000000000000000 ) ) ;
#3275 = CARTESIAN_POINT ( 'NONE',  ( 1809.034363576442000, 85.74182011672412800, 1926.758510825284500 ) ) ;
#3276 = ORIENTED_EDGE ( 'NONE', *, *, #1884, .T. ) ;
#3277 = VECTOR ( 'NONE', #6644, 1000.000000000000200 ) ;
#3278 = CARTESIAN_POINT ( 'NONE',  ( 1649.999999967202500, 129.7266450836413600, 2029.771268887440600 ) ) ;
#3279 = AXIS2_PLACEMENT_3D ( 'NONE', #4125, #8602, #5970 ) ;
#3280 = CIRCLE ( 'NONE', #4225, 49.79999999999984100 ) ;
#3281 = DIRECTION ( 'NONE',  ( 0.0000000000000000000, -3.083952846181025600E-015, 1.000000000000000000 ) ) ;
#3282 = CARTESIAN_POINT ( 'NONE',  ( 2028.533256001992000, -129.5833914457990400, 2333.460121998497000 ) ) ;
#3283 = VECTOR ( 'NONE', #986, 1000.000000000000100 ) ;
#3284 = ORIENTED_EDGE ( 'NONE', *, *, #1217, .F. ) ;
#3285 = CIRCLE ( 'NONE', #5176, 20.00000000000001800 ) ;
#3286 = CARTESIAN_POINT ( 'NONE',  ( 1977.630248849662200, 72.99391056873197700, 1917.891850910259300 ) ) ;
#3287 = EDGE_CURVE ( 'NONE', #3933, #236, #1287, .T. ) ;
#3288 = CARTESIAN_POINT ( 'NONE',  ( 1930.999999947511900, 83.49999999999701600, 1909.000000002324700 ) ) ;
#3289 = EDGE_LOOP ( 'NONE', ( #3961, #2292, #2527, #2740 ) ) ;
#3290 = CARTESIAN_POINT ( 'NONE',  ( 1808.572167045107100, 86.05651698832869600, 1926.795393159028000 ) ) ;
#3291 = VECTOR ( 'NONE', #2318, 1000.000000000000000 ) ;
#3292 = CARTESIAN_POINT ( 'NONE',  ( 1954.999999955944500, -65.00000000000241600, 1726.941558777811000 ) ) ;
#3293 = CARTESIAN_POINT ( 'NONE',  ( 2014.782941920652100, 8.700893155684786600, 1950.644926119087100 ) ) ;
#3294 = CIRCLE ( 'NONE', #3571, 6.650000000000266800 ) ;
#3295 = ORIENTED_EDGE ( 'NONE', *, *, #339, .T. ) ;
#3296 = VECTOR ( 'NONE', #6664, 1000.000000000000000 ) ;
#3297 = AXIS2_PLACEMENT_3D ( 'NONE', #8594, #5368, #1253 ) ;
#3298 = EDGE_LOOP ( 'NONE', ( #319, #7531, #566, #4384 ) ) ;
#3299 = CARTESIAN_POINT ( 'NONE',  ( 1954.999999958223300, 44.99999999999666800, 1981.500000000453600 ) ) ;
#3300 = LINE ( 'NONE', #417, #6466 ) ;
#3301 = CARTESIAN_POINT ( 'NONE',  ( 1754.942283621979400, -130.5676139100681000, 2140.282898823067200 ) ) ;
#3302 = EDGE_CURVE ( 'NONE', #5361, #6323, #4787, .T. ) ;
#3303 = DIRECTION ( 'NONE',  ( 0.0000000000000000000, 0.9993908270190955400, 0.03489949670250452900 ) ) ;
#3304 = CARTESIAN_POINT ( 'NONE',  ( 1688.074323919137700, -130.5410944225761500, 2112.126617238827700 ) ) ;
#3305 = DIRECTION ( 'NONE',  ( 0.8618976669184041900, 0.0000000000000000000, -0.5070822534467280800 ) ) ;
#3306 = ORIENTED_EDGE ( 'NONE', *, *, #2585, .F. ) ;
#3307 = CARTESIAN_POINT ( 'NONE',  ( 1961.323293168942000, -127.0572378061799700, 1996.917035442114900 ) ) ;
#3308 = CARTESIAN_POINT ( 'NONE',  ( 1919.005873952536600, 111.8043170834753500, 1981.086767868912400 ) ) ;
#3309 = ADVANCED_FACE ( 'NONE', ( #2793 ), #7549, .F. ) ;
#3310 = ORIENTED_EDGE ( 'NONE', *, *, #7974, .T. ) ;
#3311 = CARTESIAN_POINT ( 'NONE',  ( 1810.482201180763200, 84.95553325149937500, 1926.663230279263200 ) ) ;
#3312 = CIRCLE ( 'NONE', #3955, 38.49999999999997900 ) ;
#3313 = CARTESIAN_POINT ( 'NONE',  ( 1909.999999952525700, -90.66203889639710700, 1919.000000002324400 ) ) ;
#3314 = CARTESIAN_POINT ( 'NONE',  ( 1826.798553040594200, 9.999999999995839800, 2238.498502185028000 ) ) ;
#3315 = ORIENTED_EDGE ( 'NONE', *, *, #4219, .T. ) ;
#3316 = CARTESIAN_POINT ( 'NONE',  ( 1954.999999955830400, -65.00000000000325400, 1961.499999998565300 ) ) ;
#3317 = EDGE_CURVE ( 'NONE', #1189, #3647, #780, .T. ) ;
#3318 = ORIENTED_EDGE ( 'NONE', *, *, #7858, .T. ) ;
#3319 = DIRECTION ( 'NONE',  ( 0.0000000000000000000, 1.000000000000000000, 0.0000000000000000000 ) ) ;
#3320 = VECTOR ( 'NONE', #5689, 1000.000000000000000 ) ;
#3321 = CARTESIAN_POINT ( 'NONE',  ( 1806.570753607968300, 87.92722729611649900, 1926.984150192467500 ) ) ;
#3322 = EDGE_CURVE ( 'NONE', #3028, #21, #590, .T. ) ;
#3323 = CARTESIAN_POINT ( 'NONE',  ( 1968.514731620074800, 81.95833470727160400, 1926.637951882750500 ) ) ;
#3324 = AXIS2_PLACEMENT_3D ( 'NONE', #6677, #2834, #7336 ) ;
#3325 = VERTEX_POINT ( 'NONE', #6325 ) ;
#3326 = ORIENTED_EDGE ( 'NONE', *, *, #6930, .T. ) ;
#3327 = DIRECTION ( 'NONE',  ( 1.000000000000000000, 0.0000000000000000000, -9.116041255197152600E-011 ) ) ;
#3328 = EDGE_CURVE ( 'NONE', #3617, #1757, #7981, .T. ) ;
#3329 = VECTOR ( 'NONE', #5931, 1000.000000000000000 ) ;
#3330 = CARTESIAN_POINT ( 'NONE',  ( 1847.783225199585600, 28.99999999999622000, 2146.500000008745200 ) ) ;
#3331 = ORIENTED_EDGE ( 'NONE', *, *, #1867, .T. ) ;
#3332 = CARTESIAN_POINT ( 'NONE',  ( 1685.233961606755900, -130.5443311659548700, 1996.371531491507300 ) ) ;
#3333 = EDGE_LOOP ( 'NONE', ( #2716, #6362, #6551, #6752 ) ) ;
#3334 = CARTESIAN_POINT ( 'NONE',  ( 1924.749999947512200, -2.938598442250057900E-012, 1864.000000000980000 ) ) ;
#3335 = PRESENTATION_LAYER_ASSIGNMENT (  '', '', ( #2848 ) ) ;
#3336 = CIRCLE ( 'NONE', #5821, 6.650000000000266800 ) ;
#3337 = DIRECTION ( 'NONE',  ( 0.03365637958787344500, -0.04007867805986791600, 0.9986295347515065100 ) ) ;
#3338 = CARTESIAN_POINT ( 'NONE',  ( 1727.133473801509800, 129.6225179371709300, 2092.888064477336200 ) ) ;
#3339 = CARTESIAN_POINT ( 'NONE',  ( 1807.711530637478700, 86.74281286942290600, 1926.870678025278300 ) ) ;
#3340 = EDGE_CURVE ( 'NONE', #3484, #8321, #5932, .T. ) ;
#3341 = VERTEX_POINT ( 'NONE', #195 ) ;
#3342 = CARTESIAN_POINT ( 'NONE',  ( 1649.999999967202500, -72.00000000000361000, 2080.000000026026100 ) ) ;
#3343 = CARTESIAN_POINT ( 'NONE',  ( 1968.494375469716000, -87.93872232965047400, 1955.030091087163600 ) ) ;
#3344 = PLANE ( 'NONE',  #748 ) ;
#3345 = DIRECTION ( 'NONE',  ( 0.0000000000000000000, 1.000000000000000000, -0.0000000000000000000 ) ) ;
#3346 = LINE ( 'NONE', #4961, #6696 ) ;
#3347 = DIRECTION ( 'NONE',  ( 0.0000000000000000000, -1.000000000000000000, 0.0000000000000000000 ) ) ;
#3348 = ORIENTED_EDGE ( 'NONE', *, *, #4182, .T. ) ;
#3349 = CARTESIAN_POINT ( 'NONE',  ( 1807.309971163790100, 87.11555741553174000, 1926.909243581967800 ) ) ;
#3350 = AXIS2_PLACEMENT_3D ( 'NONE', #5378, #1262, #5999 ) ;
#3351 = ORIENTED_EDGE ( 'NONE', *, *, #6856, .T. ) ;
#3352 = PLANE ( 'NONE',  #818 ) ;
#3353 = ADVANCED_FACE ( 'NONE', ( #2574 ), #1629, .T. ) ;
#3354 = EDGE_CURVE ( 'NONE', #4274, #1184, #8715, .T. ) ;
#3355 = LINE ( 'NONE', #4604, #6320 ) ;
#3356 = ORIENTED_EDGE ( 'NONE', *, *, #7770, .F. ) ;
#3357 = ORIENTED_EDGE ( 'NONE', *, *, #2340, .F. ) ;
#3358 = ADVANCED_FACE ( 'NONE', ( #8509 ), #3909, .F. ) ;
#3359 = CARTESIAN_POINT ( 'NONE',  ( 1990.839459047266200, 33.48480033193583000, 1885.500000009618400 ) ) ;
#3360 = CARTESIAN_POINT ( 'NONE',  ( 1622.759374294231300, -130.5316553954123700, 2035.051171489982800 ) ) ;
#3361 = ORIENTED_EDGE ( 'NONE', *, *, #3714, .F. ) ;
#3362 = CARTESIAN_POINT ( 'NONE',  ( 1894.119476324639000, 112.4027055203757300, 1952.546461801801300 ) ) ;
#3363 = CARTESIAN_POINT ( 'NONE',  ( 1649.999999967202500, 161.4999999999968700, 2029.771268887440600 ) ) ;
#3364 = ORIENTED_EDGE ( 'NONE', *, *, #3242, .F. ) ;
#3365 = VERTEX_POINT ( 'NONE', #3237 ) ;
#3366 = EDGE_CURVE ( 'NONE', #4195, #2272, #6916, .T. ) ;
#3367 = DIRECTION ( 'NONE',  ( -3.182806635077191500E-025, -3.491475051078775400E-015, 1.000000000000000000 ) ) ;
#3368 = LINE ( 'NONE', #5177, #8723 ) ;
#3369 = CARTESIAN_POINT ( 'NONE',  ( 1994.719999397111500, -169.7500000000062500, 2389.254424353543500 ) ) ;
#3370 = EDGE_LOOP ( 'NONE', ( #500, #1074, #4579, #4827, #3381, #1993, #7832 ) ) ;
#3371 = CARTESIAN_POINT ( 'NONE',  ( 1967.202937687059100, 81.30427285026728200, 1919.000000002324700 ) ) ;
#3372 = DIRECTION ( 'NONE',  ( 3.182802359415013500E-025, 3.491475051101102100E-015, -1.000000000000000000 ) ) ;
#3373 = VERTEX_POINT ( 'NONE', #7030 ) ;
#3374 = CARTESIAN_POINT ( 'NONE',  ( 1814.999999952526000, 91.59999999999308800, 1953.800000002324900 ) ) ;
#3375 = EDGE_CURVE ( 'NONE', #3251, #4960, #5085, .T. ) ;
#3376 = VERTEX_POINT ( 'NONE', #8410 ) ;
#3377 = CARTESIAN_POINT ( 'NONE',  ( 1844.737962947344400, 43.00916694533174200, 1961.500000008272500 ) ) ;
#3378 = AXIS2_PLACEMENT_3D ( 'NONE', #692, #4876, #5534 ) ;
#3379 = PRODUCT_DEFINITION_CONTEXT ( 'detailed design', #1457, 'design' ) ;
#3380 = ORIENTED_EDGE ( 'NONE', *, *, #219, .F. ) ;
#3381 = ORIENTED_EDGE ( 'NONE', *, *, #1395, .F. ) ;
#3382 = CARTESIAN_POINT ( 'NONE',  ( 1994.719999397111500, 500000.0000000000600, 2407.754424355289800 ) ) ;
#3383 = VECTOR ( 'NONE', #42, 1000.000000000000000 ) ;
#3384 = CARTESIAN_POINT ( 'NONE',  ( 1806.750212651311600, 87.71877387422722400, 1926.965608951773200 ) ) ;
#3385 = EDGE_CURVE ( 'NONE', #7977, #822, #8770, .T. ) ;
#3386 = CARTESIAN_POINT ( 'NONE',  ( 1842.499999948150200, -2.868829387402236400E-012, 1871.000000008477900 ) ) ;
#3387 = CARTESIAN_POINT ( 'NONE',  ( 1640.297445930900700, -130.5435421486332100, 2027.588493579568400 ) ) ;
#3388 =( BOUNDED_CURVE ( )  B_SPLINE_CURVE ( 3, ( #214, #3896, #7020, #3225 ),
 .UNSPECIFIED., .F., .T. ) 
 B_SPLINE_CURVE_WITH_KNOTS ( ( 4, 4 ),
 ( 2.357719374823493500, 2.427300964359194500 ),
 .UNSPECIFIED. ) 
 CURVE ( )  GEOMETRIC_REPRESENTATION_ITEM ( )  RATIONAL_B_SPLINE_CURVE ( ( 1.000000000000000000, 0.9995965742277960200, 0.9995965742277960200, 1.000000000000000000 ) ) 
 REPRESENTATION_ITEM ( '' )  );
#3389 = ORIENTED_EDGE ( 'NONE', *, *, #2438, .F. ) ;
#3390 = ORIENTED_EDGE ( 'NONE', *, *, #7909, .F. ) ;
#3391 = CARTESIAN_POINT ( 'NONE',  ( 1686.774945527290100, 129.6875048114562800, 2114.321734170608100 ) ) ;
#3392 = LINE ( 'NONE', #1767, #1430 ) ;
#3393 = CIRCLE ( 'NONE', #7951, 12.49999999999973400 ) ;
#3394 = AXIS2_PLACEMENT_3D ( 'NONE', #6100, #5700, #901 ) ;
#3395 = CIRCLE ( 'NONE', #6667, 20.26203889638167500 ) ;
#3396 = CARTESIAN_POINT ( 'NONE',  ( 1845.100233921154500, -46.99982793926970000, 1961.500000093055000 ) ) ;
#3397 = EDGE_CURVE ( 'NONE', #236, #2892, #3588, .T. ) ;
#3398 = DIRECTION ( 'NONE',  ( -0.5264027796015931000, 0.0000000000000000000, -0.8502353283813349800 ) ) ;
#3399 = CARTESIAN_POINT ( 'NONE',  ( 1896.695256104083000, -130.5485433110334000, 2426.659151847561100 ) ) ;
#3400 = ORIENTED_EDGE ( 'NONE', *, *, #59, .F. ) ;
#3401 = LINE ( 'NONE', #6238, #3171 ) ;
#3402 = CARTESIAN_POINT ( 'NONE',  ( 1896.358311940414500, 111.5999653015960600, 1943.661203005705100 ) ) ;
#3403 = ADVANCED_FACE ( 'NONE', ( #1403 ), #2579, .T. ) ;
#3404 = LINE ( 'NONE', #5419, #6547 ) ;
#3405 = FACE_BOUND ( 'NONE', #909, .T. ) ;
#3406 = CARTESIAN_POINT ( 'NONE',  ( 1806.226371283614500, 88.35923591458873700, 1927.020240243799700 ) ) ;
#3407 = CARTESIAN_POINT ( 'NONE',  ( 1866.249999952532300, 69.12722283113883700, 1885.500000009618400 ) ) ;
#3408 = CARTESIAN_POINT ( 'NONE',  ( 1965.819844965848700, 82.26379644195148400, 1919.000000002324700 ) ) ;
#3409 = DIRECTION ( 'NONE',  ( 3.182802359415012600E-025, 3.491475051101101700E-015, -1.000000000000000000 ) ) ;
#3410 = EDGE_LOOP ( 'NONE', ( #8478, #5240, #8681, #2064 ) ) ;
#3411 = DIRECTION ( 'NONE',  ( 9.115936927843110400E-011, -3.491483361109382100E-015, 1.000000000000000000 ) ) ;
#3412 = AXIS2_PLACEMENT_3D ( 'NONE', #6902, #3089, #7588 ) ;
#3413 = CARTESIAN_POINT ( 'NONE',  ( 1856.999999952526000, -101.6000000000066900, 1953.800000002324200 ) ) ;
#3414 = EDGE_CURVE ( 'NONE', #8807, #294, #4891, .T. ) ;
#3415 = CARTESIAN_POINT ( 'NONE',  ( 1870.209631809040300, 66.29809842538522000, 1957.706102098003400 ) ) ;
#3416 = ADVANCED_FACE ( 'NONE', ( #1168 ), #6326, .T. ) ;
#3417 = ORIENTED_EDGE ( 'NONE', *, *, #4824, .F. ) ;
#3418 = CARTESIAN_POINT ( 'NONE',  ( 1804.481844220648800, 91.77999999999657600, 1927.194739833164200 ) ) ;
#3419 = CARTESIAN_POINT ( 'NONE',  ( 1957.103609154974000, -82.50000000000297000, 1895.000000006618400 ) ) ;
#3420 = ORIENTED_EDGE ( 'NONE', *, *, #5618, .F. ) ;
#3421 = CARTESIAN_POINT ( 'NONE',  ( 2041.489381692406400, -124.3393055024148500, 2353.021797384223200 ) ) ;
#3422 = LINE ( 'NONE', #2953, #1925 ) ;
#3423 = CARTESIAN_POINT ( 'NONE',  ( 1698.499405393465400, 129.7499399345962000, 2093.136820768486400 ) ) ;
#3424 = AXIS2_PLACEMENT_3D ( 'NONE', #6460, #5256, #1117 ) ;
#3425 = DIRECTION ( 'NONE',  ( 1.146884507304336100E-016, -1.000000000000000000, -3.491483361119837200E-015 ) ) ;
#3426 = ORIENTED_EDGE ( 'NONE', *, *, #2707, .F. ) ;
#3427 = CARTESIAN_POINT ( 'NONE',  ( 1791.608802890286800, -129.4497701853468900, 1934.033241444027000 ) ) ;
#3428 = EDGE_LOOP ( 'NONE', ( #1518, #3221, #3475, #3357, #3110, #2990 ) ) ;
#3429 = CARTESIAN_POINT ( 'NONE',  ( 1994.719999397111500, 500000.0000000000600, 2330.754424355289800 ) ) ;
#3430 = EDGE_CURVE ( 'NONE', #7963, #2197, #3131, .T. ) ;
#3431 = CARTESIAN_POINT ( 'NONE',  ( 1964.999999967202500, -103.8163690510032200, 2275.000000026027000 ) ) ;
#3432 = LINE ( 'NONE', #1386, #6774 ) ;
#3433 = CARTESIAN_POINT ( 'NONE',  ( 1909.999999956400200, -3.184808631561151800E-012, 1961.500000002324700 ) ) ;
#3434 = CARTESIAN_POINT ( 'NONE',  ( 1890.764965785033800, 111.6592950345067000, 1935.542202446092200 ) ) ;
#3435 = DIRECTION ( 'NONE',  ( -3.232576927341070300E-025, -3.546076827293422200E-015, 1.000000000000000000 ) ) ;
#3436 = ORIENTED_EDGE ( 'NONE', *, *, #8253, .T. ) ;
#3437 = VERTEX_POINT ( 'NONE', #3334 ) ;
#3438 = CARTESIAN_POINT ( 'NONE',  ( 1806.060945895682600, 88.58363533150712500, 1927.037843305937300 ) ) ;
#3439 = DIRECTION ( 'NONE',  ( 9.115924681779572100E-011, -0.0000000000000000000, 1.000000000000000000 ) ) ;
#3440 = DIRECTION ( 'NONE',  ( -0.0000000000000000000, 1.000000000000000000, 3.083952846181025600E-015 ) ) ;
#3441 = DIRECTION ( 'NONE',  ( -0.0000000000000000000, -1.000000000000000000, -3.491483361109382100E-015 ) ) ;
#3442 = CARTESIAN_POINT ( 'NONE',  ( 1964.999999967202500, -92.00000000000000000, 2333.400000026028000 ) ) ;
#3443 = CARTESIAN_POINT ( 'NONE',  ( 1909.999999952526000, -3.036420588691515300E-012, 1918.999999995884100 ) ) ;
#3444 = B_SPLINE_CURVE_WITH_KNOTS ( 'NONE', 3,
 ( #495, #4738, #5986, #1997 ),
 .UNSPECIFIED., .F., .F.,
 ( 4, 4 ),
 ( 6.280369834735100700E-016, 0.003800550588127814900 ),
 .UNSPECIFIED. ) ;
#3445 = ORIENTED_EDGE ( 'NONE', *, *, #3858, .F. ) ;
#3446 = EDGE_LOOP ( 'NONE', ( #8149, #1465, #8567, #7174, #411, #5910, #4461, #4845, #5037, #65, #7286 ) ) ;
#3447 = CARTESIAN_POINT ( 'NONE',  ( 1805.283400250930800, 89.72643781854920100, 1927.120784950370500 ) ) ;
#3448 = AXIS2_PLACEMENT_3D ( 'NONE', #814, #894, #1016 ) ;
#3449 = AXIS2_PLACEMENT_3D ( 'NONE', #4840, #7328, #5463 ) ;
#3450 = CARTESIAN_POINT ( 'NONE',  ( 1941.297560402443400, 101.9999999999970700, 1882.841990885097400 ) ) ;
#3451 = ORIENTED_EDGE ( 'NONE', *, *, #7035, .F. ) ;
#3452 = CARTESIAN_POINT ( 'NONE',  ( 1697.319688650948400, 129.7906829637954300, 2063.140684921376300 ) ) ;
#3453 = EDGE_CURVE ( 'NONE', #5891, #975, #8092, .T. ) ;
#3454 = LINE ( 'NONE', #1825, #4963 ) ;
#3455 = ADVANCED_FACE ( 'NONE', ( #4882 ), #6179, .F. ) ;
#3456 = VERTEX_POINT ( 'NONE', #8498 ) ;
#3457 = DIRECTION ( 'NONE',  ( 0.0000000000000000000, -1.000000000000000000, 0.0000000000000000000 ) ) ;
#3458 = AXIS2_PLACEMENT_3D ( 'NONE', #4409, #4382, #6862 ) ;
#3459 = VERTEX_POINT ( 'NONE', #4666 ) ;
#3460 = LINE ( 'NONE', #2067, #7002 ) ;
#3461 = CARTESIAN_POINT ( 'NONE',  ( 1814.999999952526000, -105.0000000000068200, 1953.800000002324200 ) ) ;
#3462 = EDGE_CURVE ( 'NONE', #1719, #1734, #7868, .T. ) ;
#3463 = DIRECTION ( 'NONE',  ( 0.0000000000000000000, -1.000000000000000000, 0.0000000000000000000 ) ) ;
#3464 = DIRECTION ( 'NONE',  ( 1.000000000000000000, 1.425122534398462700E-015, -9.116223828040086100E-011 ) ) ;
#3465 = ORIENTED_EDGE ( 'NONE', *, *, #2609, .T. ) ;
#3466 = PLANE ( 'NONE',  #4693 ) ;
#3467 = ORIENTED_EDGE ( 'NONE', *, *, #5052, .F. ) ;
#3468 = CARTESIAN_POINT ( 'NONE',  ( 1994.999999967202500, -91.99999999998453900, 2317.500000026027900 ) ) ;
#3469 = LINE ( 'NONE', #7443, #6605 ) ;
#3470 = CARTESIAN_POINT ( 'NONE',  ( 1887.266151872581500, -12.44296476917843600, 2203.317521319930200 ) ) ;
#3471 = DIRECTION ( 'NONE',  ( 0.0000000000000000000, 1.000000000000000000, 0.0000000000000000000 ) ) ;
#3472 = ORIENTED_EDGE ( 'NONE', *, *, #4824, .T. ) ;
#3473 = CARTESIAN_POINT ( 'NONE',  ( 1757.095731789622500, 12.44296476916987600, 1979.586046306501200 ) ) ;
#3474 = CARTESIAN_POINT ( 'NONE',  ( 1677.695162204972100, 129.4043607369867700, 2002.459815993393700 ) ) ;
#3475 = ORIENTED_EDGE ( 'NONE', *, *, #2825, .F. ) ;
#3476 = VERTEX_POINT ( 'NONE', #6528 ) ;
#3477 = CYLINDRICAL_SURFACE ( 'NONE', #6619, 6.650000000000141600 ) ;
#3478 = CARTESIAN_POINT ( 'NONE',  ( 1679.276912407974600, 129.7856150708525100, 2039.163492692819300 ) ) ;
#3479 = CARTESIAN_POINT ( 'NONE',  ( 1884.999999967202500, -103.0070643417389000, 2185.000000026026600 ) ) ;
#3480 = ORIENTED_EDGE ( 'NONE', *, *, #1772, .F. ) ;
#3481 = CARTESIAN_POINT ( 'NONE',  ( 1884.999999947512200, 109.4999999999968500, 1957.000000004472200 ) ) ;
#3482 = CARTESIAN_POINT ( 'NONE',  ( 1843.237961059566500, -3.175797782684915600E-012, 1961.500000000416500 ) ) ;
#3483 = EDGE_LOOP ( 'NONE', ( #6971, #8259, #3750, #7509 ) ) ;
#3484 = VERTEX_POINT ( 'NONE', #413 ) ;
#3485 = CARTESIAN_POINT ( 'NONE',  ( 2012.268262224108200, -123.8672103616808200, 2212.226160692257100 ) ) ;
#3486 = CARTESIAN_POINT ( 'NONE',  ( 1672.937297997541900, 129.6452018656008000, 2006.732220574439900 ) ) ;
#3487 = FACE_OUTER_BOUND ( 'NONE', #1866, .T. ) ;
#3488 = CARTESIAN_POINT ( 'NONE',  ( 2034.664745972287800, -128.5418375464375100, 2340.348573998776800 ) ) ;
#3489 = CARTESIAN_POINT ( 'NONE',  ( 1691.813418721684900, 129.6458841719263800, 2037.304104212347100 ) ) ;
#3490 = DIRECTION ( 'NONE',  ( -3.182806635077191500E-025, -3.491475051078775400E-015, 1.000000000000000000 ) ) ;
#3491 = PLANE ( 'NONE',  #1542 ) ;
#3492 = ORIENTED_EDGE ( 'NONE', *, *, #5392, .F. ) ;
#3493 = EDGE_CURVE ( 'NONE', #7367, #1417, #944, .T. ) ;
#3494 = DIRECTION ( 'NONE',  ( 0.0000000000000000000, -1.000000000000000000, 0.0000000000000000000 ) ) ;
#3495 = CARTESIAN_POINT ( 'NONE',  ( 1806.075071522453100, -98.53361241684220300, 1927.789864693228300 ) ) ;
#3496 = ORIENTED_EDGE ( 'NONE', *, *, #205, .F. ) ;
#3497 = DIRECTION ( 'NONE',  ( -9.115083730012568500E-011, -2.280196055037540600E-014, -1.000000000000000000 ) ) ;
#3498 = CARTESIAN_POINT ( 'NONE',  ( 1856.999999952526000, -116.0000000000066400, 1928.068239451828700 ) ) ;
#3499 = CYLINDRICAL_SURFACE ( 'NONE', #2364, 18.99999999999968400 ) ;
#3500 = CARTESIAN_POINT ( 'NONE',  ( 1829.555420700590300, -4.610000000003439300, 2031.399149007243300 ) ) ;
#3501 = EDGE_CURVE ( 'NONE', #5738, #5996, #6137, .T. ) ;
#3502 = CARTESIAN_POINT ( 'NONE',  ( 1649.999999967202500, 71.99999999999646100, 2080.000000026026600 ) ) ;
#3503 = AXIS2_PLACEMENT_3D ( 'NONE', #41, #6235, #2302 ) ;
#3504 = PLANE ( 'NONE',  #7363 ) ;
#3505 =( BOUNDED_CURVE ( )  B_SPLINE_CURVE ( 3, ( #2811, #2358, #1628, #6306 ),
 .UNSPECIFIED., .F., .F. ) 
 B_SPLINE_CURVE_WITH_KNOTS ( ( 4, 4 ),
 ( 3.925356549283855100, 3.994439311468728400 ),
 .UNSPECIFIED. ) 
 CURVE ( )  GEOMETRIC_REPRESENTATION_ITEM ( )  RATIONAL_B_SPLINE_CURVE ( ( 1.000000000000000000, 0.9996023372042901500, 0.9996023372042901500, 1.000000000000000000 ) ) 
 REPRESENTATION_ITEM ( '' )  );
#3506 = ADVANCED_FACE ( 'NONE', ( #4496 ), #2455, .T. ) ;
#3507 = ORIENTED_EDGE ( 'NONE', *, *, #164, .F. ) ;
#3508 = ORIENTED_EDGE ( 'NONE', *, *, #623, .T. ) ;
#3509 = LINE ( 'NONE', #6793, #8430 ) ;
#3510 = LINE ( 'NONE', #4280, #1553 ) ;
#3511 = LINE ( 'NONE', #1696, #3719 ) ;
#3512 = CARTESIAN_POINT ( 'NONE',  ( 1994.719999397111500, -176.0000000000062000, 2369.254424353543500 ) ) ;
#3513 = CARTESIAN_POINT ( 'NONE',  ( 1733.681241966716700, 129.5257249481033200, 2098.553182377861500 ) ) ;
#3514 = LINE ( 'NONE', #5164, #4816 ) ;
#3515 = CARTESIAN_POINT ( 'NONE',  ( 1652.736091781923700, 129.7335220631596300, 2029.771268887438300 ) ) ;
#3516 = CARTESIAN_POINT ( 'NONE',  ( 1693.398739680541000, 129.5851962966530900, 2036.322590822528800 ) ) ;
#3517 = AXIS2_PLACEMENT_3D ( 'NONE', #1397, #6110, #2150 ) ;
#3518 = DIRECTION ( 'NONE',  ( 0.01769691543206154700, 0.9993908270190956500, 0.03007979478451536600 ) ) ;
#3519 = AXIS2_PLACEMENT_3D ( 'NONE', #7061, #3267, #7752 ) ;
#3520 = EDGE_LOOP ( 'NONE', ( #8367, #6768, #3856, #5718 ) ) ;
#3521 = DIRECTION ( 'NONE',  ( -3.182806635077191500E-025, -3.491475051078775400E-015, 1.000000000000000000 ) ) ;
#3522 = FACE_OUTER_BOUND ( 'NONE', #6037, .T. ) ;
#3523 = FACE_OUTER_BOUND ( 'NONE', #3104, .T. ) ;
#3524 = CIRCLE ( 'NONE', #7322, 20.00000000000001800 ) ;
#3525 = DIRECTION ( 'NONE',  ( -0.9993908270159173000, -1.884977448547659500E-012, 0.03489949679351520700 ) ) ;
#3526 = EDGE_CURVE ( 'NONE', #3597, #5247, #5942, .T. ) ;
#3527 = DIRECTION ( 'NONE',  ( 3.182806635077191500E-025, 3.491475051078775400E-015, -1.000000000000000000 ) ) ;
#3528 = CARTESIAN_POINT ( 'NONE',  ( 1793.820209838061800, -86.00924963875323200, 2055.721312170710000 ) ) ;
#3529 = EDGE_LOOP ( 'NONE', ( #6218, #1034, #1265, #6593, #1500 ) ) ;
#3530 = CONICAL_SURFACE ( 'NONE', #6545, 617.6173754893066000, 0.05235987755993622800 ) ;
#3531 = CARTESIAN_POINT ( 'NONE',  ( 1804.314363503447100, -107.7019191210114900, 1928.588926367095400 ) ) ;
#3532 = CARTESIAN_POINT ( 'NONE',  ( 1910.313400472247200, 76.49992168513466600, 1961.500000002296900 ) ) ;
#3533 = DIRECTION ( 'NONE',  ( 0.0000000000000000000, 0.0000000000000000000, 1.000000000000000000 ) ) ;
#3534 = ORIENTED_EDGE ( 'NONE', *, *, #3714, .T. ) ;
#3535 = DIRECTION ( 'NONE',  ( 0.0000000000000000000, -3.491483361109382500E-015, 1.000000000000000000 ) ) ;
#3536 = STYLED_ITEM ( 'NONE', ( #6040 ), #3353 ) ;
#3537 = ORIENTED_EDGE ( 'NONE', *, *, #8517, .T. ) ;
#3538 = EDGE_CURVE ( 'NONE', #3740, #7559, #7660, .T. ) ;
#3539 = CARTESIAN_POINT ( 'NONE',  ( 1844.543474150139000, 43.01600424239872200, 1957.788859885738900 ) ) ;
#3540 = FACE_OUTER_BOUND ( 'NONE', #2168, .T. ) ;
#3541 = CARTESIAN_POINT ( 'NONE',  ( 1953.749999952525700, -75.77722283114134400, 1885.500000009617900 ) ) ;
#3542 = ORIENTED_EDGE ( 'NONE', *, *, #4356, .T. ) ;
#3543 = CARTESIAN_POINT ( 'NONE',  ( 1712.906034026842000, 129.5851962966530100, 2067.830385722304500 ) ) ;
#3544 = VERTEX_POINT ( 'NONE', #2689 ) ;
#3545 = DIRECTION ( 'NONE',  ( -1.200881365871945200E-015, -1.000000000000000000, -5.737544303610420500E-015 ) ) ;
#3546 = VECTOR ( 'NONE', #5066, 1000.000000000000000 ) ;
#3547 = EDGE_CURVE ( 'NONE', #1121, #1001, #4739, .T. ) ;
#3548 = DIRECTION ( 'NONE',  ( -9.116564258946315900E-011, -1.623030845459554100E-014, -1.000000000000000000 ) ) ;
#3549 = EDGE_LOOP ( 'NONE', ( #3653, #7194, #2423, #2645, #6308, #6492, #1599 ) ) ;
#3550 = EDGE_CURVE ( 'NONE', #6323, #6091, #462, .T. ) ;
#3551 = ADVANCED_FACE ( 'NONE', ( #7437 ), #7851, .F. ) ;
#3552 = DIRECTION ( 'NONE',  ( -0.5028917890201634000, 3.017861474071847400E-015, -0.8643493787445557500 ) ) ;
#3553 = VERTEX_POINT ( 'NONE', #513 ) ;
#3554 = CARTESIAN_POINT ( 'NONE',  ( 1649.999999967202500, 71.99999999999639000, 2099.000000026026100 ) ) ;
#3555 = CIRCLE ( 'NONE', #7535, 20.00000000000001800 ) ;
#3556 = EDGE_CURVE ( 'NONE', #586, #6315, #232, .T. ) ;
#3557 = MECHANICAL_DESIGN_GEOMETRIC_PRESENTATION_REPRESENTATION (  '', ( #587 ), #4007 ) ;
#3558 = CARTESIAN_POINT ( 'NONE',  ( 1804.807881722294700, 90.71499589541578200, 1927.171835942210000 ) ) ;
#3559 =( BOUNDED_CURVE ( )  B_SPLINE_CURVE ( 3, ( #2849, #2815, #8053, #4239 ),
 .UNSPECIFIED., .F., .T. ) 
 B_SPLINE_CURVE_WITH_KNOTS ( ( 4, 4 ),
 ( 0.7886163189354429300, 2.357376438793893100 ),
 .UNSPECIFIED. ) 
 CURVE ( )  GEOMETRIC_REPRESENTATION_ITEM ( )  RATIONAL_B_SPLINE_CURVE ( ( 1.000000000000000000, 0.8052175483054622200, 0.8052175483054622200, 1.000000000000000000 ) ) 
 REPRESENTATION_ITEM ( '' )  );
#3560 = CARTESIAN_POINT ( 'NONE',  ( 1810.877986065767300, -115.2043401486970000, 1928.134466953401000 ) ) ;
#3561 = VERTEX_POINT ( 'NONE', #8665 ) ;
#3563 = ORIENTED_EDGE ( 'NONE', *, *, #6081, .T. ) ;
#3562 = DIRECTION ( 'NONE',  ( 0.0000000000000000000, -3.491483361109382500E-015, 1.000000000000000000 ) ) ;
#3564 = DIRECTION ( 'NONE',  ( -1.000000000000000000, 0.0000000000000000000, 9.115982822406393400E-011 ) ) ;
#3565 = CARTESIAN_POINT ( 'NONE',  ( 1909.999999947512200, -2.844389003852986700E-012, 1864.000000002324700 ) ) ;
#3566 = LINE ( 'NONE', #2076, #3224 ) ;
#3567 = CARTESIAN_POINT ( 'NONE',  ( 1956.312484815334100, 90.04108032085321200, 1926.355696187430800 ) ) ;
#3568 = DIRECTION ( 'NONE',  ( 0.0000000000000000000, -2.921639538487302800E-015, 1.000000000000000000 ) ) ;
#3569 = ORIENTED_EDGE ( 'NONE', *, *, #2775, .T. ) ;
#3570 = ORIENTED_EDGE ( 'NONE', *, *, #5181, .T. ) ;
#3571 = AXIS2_PLACEMENT_3D ( 'NONE', #8452, #4598, #324 ) ;
#3572 = CARTESIAN_POINT ( 'NONE',  ( 1691.496326358313800, 129.6567899045270700, 2037.500424332079800 ) ) ;
#3573 = LINE ( 'NONE', #6845, #1385 ) ;
#3574 = DIRECTION ( 'NONE',  ( 0.0000000000000000000, -1.000000000000000000, 0.0000000000000000000 ) ) ;
#3575 = CARTESIAN_POINT ( 'NONE',  ( 1950.462800331118600, -123.8927679226267000, 1928.481881882529300 ) ) ;
#3576 = EDGE_CURVE ( 'NONE', #2463, #2559, #7221, .T. ) ;
#3577 = EDGE_LOOP ( 'NONE', ( #6241, #3508, #3230, #3700, #5179, #7775, #1539 ) ) ;
#3578 = PLANE ( 'NONE',  #1118 ) ;
#3579 = VECTOR ( 'NONE', #6413, 1000.000000000000000 ) ;
#3580 = CARTESIAN_POINT ( 'NONE',  ( 1797.669818987210200, -52.29769945504291000, 2052.090600688914000 ) ) ;
#3581 =( GEOMETRIC_REPRESENTATION_CONTEXT ( 3 ) GLOBAL_UNCERTAINTY_ASSIGNED_CONTEXT ( ( #8549 ) ) GLOBAL_UNIT_ASSIGNED_CONTEXT ( ( #7414, #3631, #8109 ) ) REPRESENTATION_CONTEXT ( 'NONE', 'WORKASPACE' ) );
#3582 = EDGE_LOOP ( 'NONE', ( #1679, #7815, #6854, #7712 ) ) ;
#3583 = CARTESIAN_POINT ( 'NONE',  ( 1814.999999952526000, -105.0000000000068200, 1953.800000002324200 ) ) ;
#3584 = DIRECTION ( 'NONE',  ( 0.0000000000000000000, 0.0000000000000000000, -1.000000000000000000 ) ) ;
#3585 = ORIENTED_EDGE ( 'NONE', *, *, #8810, .F. ) ;
#3586 = EDGE_CURVE ( 'NONE', #7636, #2289, #3899, .T. ) ;
#3587 = PLANE ( 'NONE',  #4912 ) ;
#3588 = LINE ( 'NONE', #3271, #8307 ) ;
#3589 = CARTESIAN_POINT ( 'NONE',  ( 1909.999999948150400, -2.868829387380752400E-012, 1871.000000002324900 ) ) ;
#3590 = CARTESIAN_POINT ( 'NONE',  ( 1844.999999958223500, 28.99999999999612800, 1981.500000003495200 ) ) ;
#3591 = EDGE_LOOP ( 'NONE', ( #7066, #192, #5432, #5178, #6428 ) ) ;
#3592 = DIRECTION ( 'NONE',  ( 0.0000000000000000000, -1.000000000000000000, 0.0000000000000000000 ) ) ;
#3593 = ORIENTED_EDGE ( 'NONE', *, *, #5128, .F. ) ;
#3594 = ADVANCED_FACE ( 'NONE', ( #1978, #2215 ), #7325, .F. ) ;
#3595 = CYLINDRICAL_SURFACE ( 'NONE', #6363, 20.00000000000001800 ) ;
#3596 = AXIS2_PLACEMENT_3D ( 'NONE', #1509, #5619, #1543 ) ;
#3597 = VERTEX_POINT ( 'NONE', #4836 ) ;
#3598 = SURFACE_SIDE_STYLE ('',( #4969 ) ) ;
#3599 = CARTESIAN_POINT ( 'NONE',  ( 1666.279989359940600, 129.7810507115505900, 2009.527246050312900 ) ) ;
#3600 = ORIENTED_EDGE ( 'NONE', *, *, #7142, .T. ) ;
#3601 = ORIENTED_EDGE ( 'NONE', *, *, #4634, .T. ) ;
#3602 = CARTESIAN_POINT ( 'NONE',  ( 1953.749999952532100, 69.12722283113167500, 1885.500000009618400 ) ) ;
#3603 = DIRECTION ( 'NONE',  ( 3.182802359415013500E-025, 3.491475051101102100E-015, -1.000000000000000000 ) ) ;
#3604 = EDGE_CURVE ( 'NONE', #3553, #1754, #5365, .T. ) ;
#3605 = CARTESIAN_POINT ( 'NONE',  ( 1786.218017839432800, 91.77999999999694600, 1934.263205367525200 ) ) ;
#3606 = LINE ( 'NONE', #8162, #5100 ) ;
#3607 = DIRECTION ( 'NONE',  ( -0.0000000000000000000, 1.000000000000000000, 3.491483361109382500E-015 ) ) ;
#3608 = DIRECTION ( 'NONE',  ( 0.0000000000000000000, -1.000000000000000000, -3.546076827293422200E-015 ) ) ;
#3609 = CARTESIAN_POINT ( 'NONE',  ( 1972.216774708083200, 28.99999999999721500, 1726.941558769496600 ) ) ;
#3610 = LINE ( 'NONE', #1582, #3161 ) ;
#3611 = CIRCLE ( 'NONE', #2038, 95.26203889610518200 ) ;
#3612 = LINE ( 'NONE', #2745, #1663 ) ;
#3613 = CARTESIAN_POINT ( 'NONE',  ( 1922.499999947512400, 83.49999999999705800, 1891.500000002324700 ) ) ;
#3614 = CARTESIAN_POINT ( 'NONE',  ( 1649.999999967202500, -72.00000000000361000, 2080.000000026025600 ) ) ;
#3615 = B_SPLINE_CURVE_WITH_KNOTS ( 'NONE', 3,
 ( #3709, #3720, #3738, #3668 ),
 .UNSPECIFIED., .F., .F.,
 ( 4, 4 ),
 ( 0.0000000000000000000, 0.01674602216367728600 ),
 .UNSPECIFIED. ) ;
#3616 = CARTESIAN_POINT ( 'NONE',  ( 1786.324098023894500, -86.00924963875296200, 1934.434543977360600 ) ) ;
#3617 = VERTEX_POINT ( 'NONE', #8694 ) ;
#3618 = VECTOR ( 'NONE', #7469, 1000.000000000000000 ) ;
#3619 = AXIS2_PLACEMENT_3D ( 'NONE', #2434, #2412, #2457 ) ;
#3620 = CIRCLE ( 'NONE', #2664, 9.500000000000063900 ) ;
#3621 = EDGE_CURVE ( 'NONE', #1026, #8571, #5490, .T. ) ;
#3622 = ORIENTED_EDGE ( 'NONE', *, *, #6440, .T. ) ;
#3623 = CARTESIAN_POINT ( 'NONE',  ( 1722.264056039207800, 129.7902424056702000, 2105.621858786439600 ) ) ;
#3624 = CARTESIAN_POINT ( 'NONE',  ( 1840.095080805640700, -101.4327866384256500, 2006.063799054701100 ) ) ;
#3625 = FACE_OUTER_BOUND ( 'NONE', #6628, .T. ) ;
#3626 = CYLINDRICAL_SURFACE ( 'NONE', #2231, 6.650000000000148700 ) ;
#3627 = CARTESIAN_POINT ( 'NONE',  ( 1649.999999967202500, 91.77999999999730100, 2080.000000026028400 ) ) ;
#3628 = AXIS2_PLACEMENT_3D ( 'NONE', #4966, #767, #5593 ) ;
#3629 = DIRECTION ( 'NONE',  ( 0.0000000000000000000, -1.000000000000000000, 0.0000000000000000000 ) ) ;
#3630 = VERTEX_POINT ( 'NONE', #5489 ) ;
#3631 =( NAMED_UNIT ( * ) PLANE_ANGLE_UNIT ( ) SI_UNIT ( $, .RADIAN. ) );
#3632 = ORIENTED_EDGE ( 'NONE', *, *, #3815, .F. ) ;
#3633 = ADVANCED_FACE ( 'NONE', ( #8604 ), #2816, .T. ) ;
#3634 = EDGE_CURVE ( 'NONE', #2808, #6999, #1750, .T. ) ;
#3635 = CYLINDRICAL_SURFACE ( 'NONE', #5885, 6.650000000000093600 ) ;
#3636 = CARTESIAN_POINT ( 'NONE',  ( 1952.999999956400900, -43.00000000000307700, 1961.500000002216200 ) ) ;
#3637 = DIRECTION ( 'NONE',  ( 0.0000000000000000000, -3.344045254895060600E-015, 1.000000000000000000 ) ) ;
#3638 = ORIENTED_EDGE ( 'NONE', *, *, #7157, .T. ) ;
#3639 = ORIENTED_EDGE ( 'NONE', *, *, #3698, .T. ) ;
#3640 = DIRECTION ( 'NONE',  ( 0.0000000000000000000, 1.000000000000000000, 0.0000000000000000000 ) ) ;
#3641 = CARTESIAN_POINT ( 'NONE',  ( 1884.999999967202500, -102.4837712446355900, 2125.000000026026100 ) ) ;
#3642 = CARTESIAN_POINT ( 'NONE',  ( 1649.999999967202500, -188.6660834161337200, 2061.000000026025600 ) ) ;
#3643 = CYLINDRICAL_SURFACE ( 'NONE', #5364, 3.400000000000138900 ) ;
#3644 = DIRECTION ( 'NONE',  ( 0.0000000000000000000, 0.0000000000000000000, -1.000000000000000000 ) ) ;
#3645 = AXIS2_PLACEMENT_3D ( 'NONE', #2241, #6804, #2970 ) ;
#3646 = DIRECTION ( 'NONE',  ( 0.9993913844431064900, 0.001825662921644622800, -0.03483572384474491200 ) ) ;
#3647 = VERTEX_POINT ( 'NONE', #7387 ) ;
#3648 = VERTEX_POINT ( 'NONE', #5520 ) ;
#3649 = DIRECTION ( 'NONE',  ( -2.618277171135578000E-015, -1.000000000000000000, -3.927415756703345600E-016 ) ) ;
#3650 = DIRECTION ( 'NONE',  ( 1.000000000000000000, 0.0000000000000000000, -9.116041255197152600E-011 ) ) ;
#3651 = CARTESIAN_POINT ( 'NONE',  ( 1701.487855608950900, 129.7858305809409700, 2074.899676607461500 ) ) ;
#3652 = DIRECTION ( 'NONE',  ( -1.000000000000000000, -0.0000000000000000000, -0.0000000000000000000 ) ) ;
#3653 = ORIENTED_EDGE ( 'NONE', *, *, #2810, .F. ) ;
#3654 = CARTESIAN_POINT ( 'NONE',  ( 1964.924429185867200, 91.77999999999677500, 1955.288978495344700 ) ) ;
#3655 = DIRECTION ( 'NONE',  ( 0.0000000000000000000, 3.491483361109382500E-015, -1.000000000000000000 ) ) ;
#3656 = ORIENTED_EDGE ( 'NONE', *, *, #8530, .T. ) ;
#3657 = DIRECTION ( 'NONE',  ( -0.0000000000000000000, -1.000000000000000000, -0.0000000000000000000 ) ) ;
#3658 = DIRECTION ( 'NONE',  ( 0.0000000000000000000, -1.000000000000000000, -3.491483361109382100E-015 ) ) ;
#3659 = EDGE_CURVE ( 'NONE', #1492, #8421, #3683, .T. ) ;
#3660 = DIRECTION ( 'NONE',  ( -1.000000000000000000, 0.0000000000000000000, 9.116041255197152600E-011 ) ) ;
#3661 = EDGE_LOOP ( 'NONE', ( #3861, #4208 ) ) ;
#3662 = CARTESIAN_POINT ( 'NONE',  ( 1765.597389700474200, 12.44296476917232400, 1950.288493701370700 ) ) ;
#3663 = ORIENTED_EDGE ( 'NONE', *, *, #2904, .T. ) ;
#3664 = CARTESIAN_POINT ( 'NONE',  ( 1636.136764506560200, -130.5398027938757400, 2032.127066104664900 ) ) ;
#3665 = VECTOR ( 'NONE', #7732, 1000.000000000000000 ) ;
#3666 = EDGE_CURVE ( 'NONE', #2580, #5093, #6807, .T. ) ;
#3667 = AXIS2_PLACEMENT_3D ( 'NONE', #5496, #7910, #608 ) ;
#3668 = CARTESIAN_POINT ( 'NONE',  ( 1964.605787947084100, -90.30165515553591100, 1955.248449285392100 ) ) ;
#3669 = CARTESIAN_POINT ( 'NONE',  ( 1884.999999967202500, -102.2221246960839400, 2095.000000026027000 ) ) ;
#3670 = EDGE_LOOP ( 'NONE', ( #5394, #371 ) ) ;
#3671 = CARTESIAN_POINT ( 'NONE',  ( 1649.999999967202500, 91.77999999999757100, 2080.000000026027500 ) ) ;
#3672 = EDGE_CURVE ( 'NONE', #4472, #8511, #3210, .T. ) ;
#3673 = ORIENTED_EDGE ( 'NONE', *, *, #4297, .F. ) ;
#3674 = CIRCLE ( 'NONE', #2806, 3.400000000000138900 ) ;
#3675 = CARTESIAN_POINT ( 'NONE',  ( 1856.999999952526000, -108.4000000000069700, 1953.800000002324200 ) ) ;
#3676 = CARTESIAN_POINT ( 'NONE',  ( 1665.328325574543200, 129.7884175696288200, 2010.116445822607800 ) ) ;
#3677 = ADVANCED_FACE ( 'NONE', ( #8405 ), #3241, .T. ) ;
#3678 = CARTESIAN_POINT ( 'NONE',  ( 1938.999999958268100, -62.21677477191168000, 1981.499999999893600 ) ) ;
#3679 = EDGE_LOOP ( 'NONE', ( #8647, #6292, #7805, #7257 ) ) ;
#3680 = DIRECTION ( 'NONE',  ( 0.0000000000000000000, -1.000000000000000000, 0.0000000000000000000 ) ) ;
#3681 = CARTESIAN_POINT ( 'NONE',  ( 1680.077202136716300, 129.7792128438466400, 2044.570300788881900 ) ) ;
#3682 = PLANE ( 'NONE',  #8013 ) ;
#3683 = CIRCLE ( 'NONE', #2675, 94.99999999999997200 ) ;
#3684 = DIRECTION ( 'NONE',  ( 0.0000000000000000000, 1.000000000000000000, 3.491483361109381700E-015 ) ) ;
#3685 = CARTESIAN_POINT ( 'NONE',  ( 1814.999999952526000, -101.6000000000066000, 1931.300000002324200 ) ) ;
#3686 = DIRECTION ( 'NONE',  ( 0.0000000000000000000, -1.000000000000000000, -3.491483361109382500E-015 ) ) ;
#3687 = EDGE_CURVE ( 'NONE', #5565, #5578, #3469, .T. ) ;
#3688 = CARTESIAN_POINT ( 'NONE',  ( 1716.873959565789400, -10.00000000000331600, 2004.488390389799000 ) ) ;
#3689 = ORIENTED_EDGE ( 'NONE', *, *, #2122, .T. ) ;
#3690 = ORIENTED_EDGE ( 'NONE', *, *, #1971, .T. ) ;
#3691 = DIRECTION ( 'NONE',  ( -1.000000000000000000, 1.111267503048323600E-039, -3.182802359415012600E-025 ) ) ;
#3692 = DIRECTION ( 'NONE',  ( -0.0000000000000000000, -1.000000000000000000, -0.0000000000000000000 ) ) ;
#3693 = CYLINDRICAL_SURFACE ( 'NONE', #5810, 14.99999999999968000 ) ;
#3694 = CARTESIAN_POINT ( 'NONE',  ( 1929.334848562614800, -126.3000000000065800, 1894.000000002324200 ) ) ;
#3695 = ORIENTED_EDGE ( 'NONE', *, *, #3556, .F. ) ;
#3696 = CARTESIAN_POINT ( 'NONE',  ( 1950.216677517358000, -130.4888572651080100, 2390.195324495312400 ) ) ;
#3697 = VERTEX_POINT ( 'NONE', #4301 ) ;
#3698 = EDGE_CURVE ( 'NONE', #6403, #1167, #8190, .T. ) ;
#3699 = CARTESIAN_POINT ( 'NONE',  ( 1938.999999935018000, 64.99999999999758400, 1726.941558772524300 ) ) ;
#3700 = ORIENTED_EDGE ( 'NONE', *, *, #3100, .T. ) ;
#3701 = CARTESIAN_POINT ( 'NONE',  ( 1814.225292585302000, -86.00924963875300500, 1979.500000011054900 ) ) ;
#3702 = FACE_OUTER_BOUND ( 'NONE', #5231, .T. ) ;
#3703 = DIRECTION ( 'NONE',  ( -3.182806635077192000E-025, -3.491475051078775400E-015, 1.000000000000000000 ) ) ;
#3704 = CARTESIAN_POINT ( 'NONE',  ( 1949.999999971988500, 76.99999999999631900, 2081.000000008745200 ) ) ;
#3705 = CARTESIAN_POINT ( 'NONE',  ( 1948.079437296711600, -120.0427826752378300, 2386.516818892307600 ) ) ;
#3706 = CARTESIAN_POINT ( 'NONE',  ( 1721.629602997229800, 129.7880364933056400, 2106.014665146838500 ) ) ;
#3707 = PLANE ( 'NONE',  #4015 ) ;
#3708 = VERTEX_POINT ( 'NONE', #6159 ) ;
#3709 = CARTESIAN_POINT ( 'NONE',  ( 1961.437713531386200, -88.98344930233390900, 1938.857753872092900 ) ) ;
#3710 = AXIS2_PLACEMENT_3D ( 'NONE', #2039, #3518, #7986 ) ;
#3711 = CARTESIAN_POINT ( 'NONE',  ( 1844.737962947344400, 43.00916694533174200, 1961.500000008272500 ) ) ;
#3712 = CARTESIAN_POINT ( 'NONE',  ( 1621.012196820466700, 129.6416757245111700, 2037.553712398839000 ) ) ;
#3713 = CARTESIAN_POINT ( 'NONE',  ( 1972.216774731887700, 28.99999999996112300, 1981.499999998975500 ) ) ;
#3714 = EDGE_CURVE ( 'NONE', #6999, #2808, #4977, .T. ) ;
#3715 = CARTESIAN_POINT ( 'NONE',  ( 1949.456891871646300, -124.7473654374396700, 1928.727524734588300 ) ) ;
#3716 = ORIENTED_EDGE ( 'NONE', *, *, #3767, .T. ) ;
#3717 = VECTOR ( 'NONE', #6615, 1000.000000000000100 ) ;
#3718 = LINE ( 'NONE', #4331, #1783 ) ;
#3719 = VECTOR ( 'NONE', #6350, 1000.000000000000000 ) ;
#3720 = CARTESIAN_POINT ( 'NONE',  ( 1962.493735920237900, -89.42301247767251500, 1944.321306508208600 ) ) ;
#3721 = EDGE_CURVE ( 'NONE', #5519, #2326, #4776, .T. ) ;
#3722 = CIRCLE ( 'NONE', #2492, 51.79366155934018000 ) ;
#3723 = CARTESIAN_POINT ( 'NONE',  ( 1909.999999950338200, -2.952624988047378700E-012, 1895.000000002325100 ) ) ;
#3724 = ADVANCED_FACE ( 'NONE', ( #5173 ), #4582, .T. ) ;
#3725 = CARTESIAN_POINT ( 'NONE',  ( 1946.015852881752600, -130.4362606249343300, 2362.077194126512500 ) ) ;
#3726 = VERTEX_POINT ( 'NONE', #10 ) ;
#3727 = FACE_BOUND ( 'NONE', #6805, .T. ) ;
#3728 = CARTESIAN_POINT ( 'NONE',  ( 1952.999999955640500, -43.00000000000316200, 1953.159445573564200 ) ) ;
#3729 = FACE_BOUND ( 'NONE', #4486, .T. ) ;
#3730 = CARTESIAN_POINT ( 'NONE',  ( 1915.650257526617500, -90.66203889639707800, 1919.000000002324700 ) ) ;
#3731 = VECTOR ( 'NONE', #2608, 1000.000000000000000 ) ;
#3732 = AXIS2_PLACEMENT_3D ( 'NONE', #6564, #6485, #6461 ) ;
#3733 = CARTESIAN_POINT ( 'NONE',  ( 1675.045696403626400, -128.0547095101152000, 2123.043618484683100 ) ) ;
#3734 = ORIENTED_EDGE ( 'NONE', *, *, #136, .T. ) ;
#3735 = CARTESIAN_POINT ( 'NONE',  ( 1699.901723004006000, 129.7803158000291700, 2075.881692508458400 ) ) ;
#3736 = VECTOR ( 'NONE', #382, 1000.000000000000000 ) ;
#3737 = DIRECTION ( 'NONE',  ( -0.0000000000000000000, -0.0000000000000000000, -1.000000000000000000 ) ) ;
#3738 = CARTESIAN_POINT ( 'NONE',  ( 1963.549740364115000, -89.86377590191976600, 1949.784766302251900 ) ) ;
#3739 = EDGE_CURVE ( 'NONE', #2559, #2686, #7975, .T. ) ;
#3740 = VERTEX_POINT ( 'NONE', #772 ) ;
#3741 = CARTESIAN_POINT ( 'NONE',  ( 1622.625208185397000, -86.00924963875294800, 2035.784779320712500 ) ) ;
#3742 = EDGE_LOOP ( 'NONE', ( #3284, #802, #2446, #661, #2535, #5702 ) ) ;
#3743 = PLANE ( 'NONE',  #1596 ) ;
#3744 = CARTESIAN_POINT ( 'NONE',  ( 1839.999999962534000, 91.77999999999653400, 2028.786057687591000 ) ) ;
#3745 = PLANE ( 'NONE',  #5938 ) ;
#3746 = VECTOR ( 'NONE', #72, 1000.000000000000000 ) ;
#3747 = AXIS2_PLACEMENT_3D ( 'NONE', #4074, #8548, #4694 ) ;
#3748 = ORIENTED_EDGE ( 'NONE', *, *, #6890, .F. ) ;
#3749 = DIRECTION ( 'NONE',  ( -1.000000000000000000, 1.111267503048323600E-039, -3.182802359415012600E-025 ) ) ;
#3750 = ORIENTED_EDGE ( 'NONE', *, *, #736, .F. ) ;
#3751 = EDGE_CURVE ( 'NONE', #460, #6776, #1048, .T. ) ;
#3752 = LINE ( 'NONE', #5641, #5631 ) ;
#3753 = CARTESIAN_POINT ( 'NONE',  ( 1955.538867541129500, -130.3080360007431600, 2339.490304212017700 ) ) ;
#3754 = DIRECTION ( 'NONE',  ( 1.000000000000000000, -1.422473250300980600E-014, -9.116041255197152600E-011 ) ) ;
#3755 = DIRECTION ( 'NONE',  ( 3.182806635077191500E-025, 3.491475051078775400E-015, -1.000000000000000000 ) ) ;
#3756 = ORIENTED_EDGE ( 'NONE', *, *, #1393, .T. ) ;
#3758 = ORIENTED_EDGE ( 'NONE', *, *, #6085, .F. ) ;
#3757 = CARTESIAN_POINT ( 'NONE',  ( 0.0000000000000000000, 82.50000000000289900, 2.544261098099435500E-013 ) ) ;
#3759 = PLANE ( 'NONE',  #5795 ) ;
#3760 = CYLINDRICAL_SURFACE ( 'NONE', #1096, 8.000000000000007100 ) ;
#3761 = DIRECTION ( 'NONE',  ( 0.0000000000000000000, -1.000000000000000000, -3.491483361109382100E-015 ) ) ;
#3762 = DIRECTION ( 'NONE',  ( -1.196245788188485300E-015, 1.000000000000000000, 9.835798702883013300E-015 ) ) ;
#3763 = CARTESIAN_POINT ( 'NONE',  ( 1653.705394823417200, 129.6875214309563100, 2060.897771795370300 ) ) ;
#3764 = ADVANCED_FACE ( 'NONE', ( #1280 ), #6828, .F. ) ;
#3765 = CARTESIAN_POINT ( 'NONE',  ( 1884.999999947512200, 113.9999999999969400, 1936.000000004472000 ) ) ;
#3766 = ORIENTED_EDGE ( 'NONE', *, *, #3550, .T. ) ;
#3767 = EDGE_CURVE ( 'NONE', #263, #5361, #7759, .T. ) ;
#3768 = ORIENTED_EDGE ( 'NONE', *, *, #1856, .T. ) ;
#3769 = CARTESIAN_POINT ( 'NONE',  ( 0.0000000000000000000, -28.99999999988643800, 2146.500000008745200 ) ) ;
#3770 = ORIENTED_EDGE ( 'NONE', *, *, #3805, .F. ) ;
#3771 = FACE_OUTER_BOUND ( 'NONE', #5377, .T. ) ;
#3772 = DIRECTION ( 'NONE',  ( -0.4103646773288021100, 0.9119215051751045100, 0.0000000000000000000 ) ) ;
#3773 = DIRECTION ( 'NONE',  ( -1.000000000000000000, 0.0000000000000000000, 9.115982822406393400E-011 ) ) ;
#3774 = B_SPLINE_CURVE_WITH_KNOTS ( 'NONE', 3,
 ( #3696, #4359, #2978, #4973, #776, #5604, #1525, #6213, #2279, #6832, #3006, #7511, #3725, #8200, #4379, #50, #5002, #811, #5632, #1558, #6245, #2316, #6858, #3039, #7538, #3753, #8230, #4405, #88, #5028, #850, #5661, #1587, #6274, #2343, #6887, #3073, #7566, #3784, #8262, #4435, #120, #5057, #881, #5680, #1618 ),
 .UNSPECIFIED., .F., .F.,
 ( 4, 2, 2, 2, 2, 2, 2, 2, 2, 2, 2, 2, 2, 2, 2, 2, 2, 2, 2, 2, 2, 2, 4 ),
 ( 0.0000000000000000000, 0.006152083539254821400, 0.01230416707850964300, 0.01538020884813633800, 0.01845625061776303200, 0.02460833415701510800, 0.03076041769626717800, 0.03229843858107926000, 0.03383645946589133900, 0.03691250123551548200, 0.04306458477476504700, 0.04921666831401461100, 0.05229271008363994100, 0.05536875185326527900, 0.06152083539251491900, 0.06459687716213997900, 0.06767291893176503900, 0.07382500247101515800, 0.07997708601026529100, 0.08305312777989003200, 0.08612916954951480000, 0.09228125308876462800, 0.09843333662801444200 ),
 .UNSPECIFIED. ) ;
#3775 = DIRECTION ( 'NONE',  ( 0.0000000000000000000, 1.000000000000000000, 0.0000000000000000000 ) ) ;
#3776 = ORIENTED_EDGE ( 'NONE', *, *, #8629, .F. ) ;
#3777 = CARTESIAN_POINT ( 'NONE',  ( 1649.999999967202500, -86.00924963875344500, 2132.003509206818300 ) ) ;
#3778 = ORIENTED_EDGE ( 'NONE', *, *, #5455, .T. ) ;
#3779 = DIRECTION ( 'NONE',  ( -9.117865069926245400E-011, -9.782067449765309600E-015, -1.000000000000000000 ) ) ;
#3780 = LINE ( 'NONE', #1447, #1846 ) ;
#3781 = EDGE_CURVE ( 'NONE', #2511, #3561, #816, .T. ) ;
#3782 = CARTESIAN_POINT ( 'NONE',  ( 1670.086432196259200, 129.7222258696708900, 2007.170578404842200 ) ) ;
#3783 = ORIENTED_EDGE ( 'NONE', *, *, #2694, .T. ) ;
#3784 = CARTESIAN_POINT ( 'NONE',  ( 1978.525977490155600, -130.0508409095004700, 2322.776926880003000 ) ) ;
#3785 = EDGE_CURVE ( 'NONE', #1315, #1875, #6234, .T. ) ;
#3786 = AXIS2_PLACEMENT_3D ( 'NONE', #629, #5473, #1376 ) ;
#3787 = CARTESIAN_POINT ( 'NONE',  ( 1634.999999967202700, 128.9999999999965600, 2003.500000003669800 ) ) ;
#3788 = DIRECTION ( 'NONE',  ( -9.115936927843110400E-011, 3.491483361109382100E-015, -1.000000000000000000 ) ) ;
#3789 = CIRCLE ( 'NONE', #8818, 14.75000000000004100 ) ;
#3790 = DIRECTION ( 'NONE',  ( 0.0000000000000000000, -9.913918680972982800E-015, 1.000000000000000000 ) ) ;
#3791 = PLANE ( 'NONE',  #541 ) ;
#3792 = EDGE_CURVE ( 'NONE', #2043, #237, #6035, .T. ) ;
#3793 = ORIENTED_EDGE ( 'NONE', *, *, #2720, .T. ) ;
#3794 = ORIENTED_EDGE ( 'NONE', *, *, #6284, .T. ) ;
#3795 = CARTESIAN_POINT ( 'NONE',  ( 1994.719999397111700, -105.0880365262461000, 2419.769636153915600 ) ) ;
#3796 = CARTESIAN_POINT ( 'NONE',  ( 2014.108721723504700, -121.3150825547146200, 2211.362227917906700 ) ) ;
#3797 = DIRECTION ( 'NONE',  ( -0.0000000000000000000, 1.000000000000000000, 3.491483361109382500E-015 ) ) ;
#3798 = DIRECTION ( 'NONE',  ( -9.115924681779572100E-011, 3.546085137301702500E-015, -1.000000000000000000 ) ) ;
#3799 = CARTESIAN_POINT ( 'NONE',  ( 1974.999999935018000, -29.00000000000391200, 1726.941558769242200 ) ) ;
#3800 = MECHANICAL_DESIGN_GEOMETRIC_PRESENTATION_REPRESENTATION (  '', ( #2848 ), #4237 ) ;
#3801 = VERTEX_POINT ( 'NONE', #6271 ) ;
#3802 = DIRECTION ( 'NONE',  ( -5.767399339476353900E-017, 0.2576626505603317700, 0.9662349396012465100 ) ) ;
#3803 = CARTESIAN_POINT ( 'NONE',  ( 2010.895197914763000, 32.45489498256317500, 1953.852077570359600 ) ) ;
#3804 = CARTESIAN_POINT ( 'NONE',  ( 1696.251546278660700, 129.4503306983367000, 2034.556344146123400 ) ) ;
#3805 = EDGE_CURVE ( 'NONE', #883, #8321, #2569, .T. ) ;
#3806 = VECTOR ( 'NONE', #1827, 1000.000000000000000 ) ;
#3807 = DIRECTION ( 'NONE',  ( 0.0000000000000000000, 1.000000000000000000, 0.0000000000000000000 ) ) ;
#3808 = VERTEX_POINT ( 'NONE', #6884 ) ;
#3809 = CARTESIAN_POINT ( 'NONE',  ( 1864.999999956400400, -45.00000000000323300, 1961.499999998052100 ) ) ;
#3810 = ORIENTED_EDGE ( 'NONE', *, *, #3666, .F. ) ;
#3811 = DIRECTION ( 'NONE',  ( 0.0000000000000000000, 1.000000000000000000, 0.0000000000000000000 ) ) ;
#3812 = ADVANCED_FACE ( 'NONE', ( #337 ), #3069, .T. ) ;
#3813 = VERTEX_POINT ( 'NONE', #5050 ) ;
#3814 = CIRCLE ( 'NONE', #2173, 6.650000000000093600 ) ;
#3815 = EDGE_CURVE ( 'NONE', #8448, #7374, #5663, .T. ) ;
#3816 = DIRECTION ( 'NONE',  ( -3.182802359415012600E-025, -3.491475051101101700E-015, 1.000000000000000000 ) ) ;
#3817 = ORIENTED_EDGE ( 'NONE', *, *, #3973, .T. ) ;
#3818 = LINE ( 'NONE', #2347, #1889 ) ;
#3819 = DIRECTION ( 'NONE',  ( -3.182802359415013000E-025, -3.491475051101102100E-015, 1.000000000000000000 ) ) ;
#3820 = VECTOR ( 'NONE', #4782, 1000.000000000000100 ) ;
#3821 = PLANE ( 'NONE',  #4488 ) ;
#3822 = DIRECTION ( 'NONE',  ( 1.000000000000000000, 0.0000000000000000000, -9.116223828040086100E-011 ) ) ;
#3823 = FACE_OUTER_BOUND ( 'NONE', #7719, .T. ) ;
#3824 = DIRECTION ( 'NONE',  ( 0.0000000000000000000, 0.0000000000000000000, 1.000000000000000000 ) ) ;
#3825 = DIRECTION ( 'NONE',  ( 0.5264027796015877700, -3.044220818073832700E-015, 0.8502353283813384200 ) ) ;
#3826 =( BOUNDED_CURVE ( )  B_SPLINE_CURVE ( 3, ( #6877, #1863, #2620, #7130 ),
 .UNSPECIFIED., .F., .T. ) 
 B_SPLINE_CURVE_WITH_KNOTS ( ( 4, 4 ),
 ( 3.176499238720825100, 6.318091892310618200 ),
 .UNSPECIFIED. ) 
 CURVE ( )  GEOMETRIC_REPRESENTATION_ITEM ( )  RATIONAL_B_SPLINE_CURVE ( ( 1.000000000000000000, 0.3333333333333333700, 0.3333333333333333700, 1.000000000000000000 ) ) 
 REPRESENTATION_ITEM ( '' )  );
#3827 = CARTESIAN_POINT ( 'NONE',  ( 1875.566231524913500, 70.79838430071353600, 1957.676294751263900 ) ) ;
#3828 = EDGE_LOOP ( 'NONE', ( #8244, #3734, #7057, #5613 ) ) ;
#3829 = DIRECTION ( 'NONE',  ( 0.0000000000000000000, -3.491483361109382500E-015, 1.000000000000000000 ) ) ;
#3830 = CIRCLE ( 'NONE', #408, 52.00350918079266200 ) ;
#3831 = CARTESIAN_POINT ( 'NONE',  ( 1808.157562207367600, 103.6527699480780700, 1927.264876136951400 ) ) ;
#3832 = ADVANCED_FACE ( 'NONE', ( #7324 ), #5659, .T. ) ;
#3833 = LINE ( 'NONE', #6749, #8754 ) ;
#3834 = CARTESIAN_POINT ( 'NONE',  ( 1962.995666388505500, -88.89714218875497000, 1943.150811313272500 ) ) ;
#3835 = EDGE_CURVE ( 'NONE', #1754, #3553, #2094, .T. ) ;
#3836 = CARTESIAN_POINT ( 'NONE',  ( 1814.999999952526000, -105.0000000000067400, 1931.300000002324200 ) ) ;
#3837 = DIRECTION ( 'NONE',  ( 0.5023699554112339700, 0.0000000000000000000, 0.8646527788078372000 ) ) ;
#3838 = ORIENTED_EDGE ( 'NONE', *, *, #8760, .F. ) ;
#3839 = DIRECTION ( 'NONE',  ( -1.000000000000000000, 0.0000000000000000000, 9.117865069926245400E-011 ) ) ;
#3840 = EDGE_CURVE ( 'NONE', #4769, #3251, #3999, .T. ) ;
#3841 = CARTESIAN_POINT ( 'NONE',  ( 1649.999999967202500, -288.8556708123640000, 2080.000000026025200 ) ) ;
#3842 = AXIS2_PLACEMENT_3D ( 'NONE', #725, #2956, #7457 ) ;
#3843 = CONICAL_SURFACE ( 'NONE', #3449, 20.47790997763443200, 0.05235987755981173100 ) ;
#3844 = ORIENTED_EDGE ( 'NONE', *, *, #5415, .F. ) ;
#3845 = CARTESIAN_POINT ( 'NONE',  ( 1934.999999967203200, -103.5455856035644800, 2245.000000026026600 ) ) ;
#3846 = ORIENTED_EDGE ( 'NONE', *, *, #5571, .F. ) ;
#3847 = DIRECTION ( 'NONE',  ( -1.676390818025142300E-016, -1.000000000000000000, -3.393948359834997300E-015 ) ) ;
#3848 = DIRECTION ( 'NONE',  ( 6.545692927838703500E-016, -1.000000000000000000, -1.112767797732621800E-014 ) ) ;
#3849 = FACE_OUTER_BOUND ( 'NONE', #3410, .T. ) ;
#3850 = DIRECTION ( 'NONE',  ( 0.8618976669184041900, 0.0000000000000000000, -0.5070822534467280800 ) ) ;
#3851 = AXIS2_PLACEMENT_3D ( 'NONE', #5572, #5079, #735 ) ;
#3852 = PLANE ( 'NONE',  #6142 ) ;
#3853 = ORIENTED_EDGE ( 'NONE', *, *, #7766, .T. ) ;
#3854 = CARTESIAN_POINT ( 'NONE',  ( 2032.877091914396000, -129.5652565131442200, 2338.143863718054000 ) ) ;
#3855 = ADVANCED_FACE ( 'NONE', ( #5460 ), #8288, .T. ) ;
#3856 = ORIENTED_EDGE ( 'NONE', *, *, #4306, .T. ) ;
#3857 = DIRECTION ( 'NONE',  ( 0.0000000000000000000, -3.344045254895060600E-015, 1.000000000000000000 ) ) ;
#3858 = EDGE_CURVE ( 'NONE', #1712, #3956, #3789, .T. ) ;
#3859 = CARTESIAN_POINT ( 'NONE',  ( 1947.499999952525700, -126.3000000000067500, 1929.278775795218700 ) ) ;
#3860 = DIRECTION ( 'NONE',  ( 1.000000000000000000, 0.0000000000000000000, -9.116041255197152600E-011 ) ) ;
#3861 = ORIENTED_EDGE ( 'NONE', *, *, #6622, .T. ) ;
#3862 = CARTESIAN_POINT ( 'NONE',  ( 1804.481844220648800, 91.77999999999657600, 1927.194739833164200 ) ) ;
#3863 = EDGE_LOOP ( 'NONE', ( #6004, #6198, #4947, #1477 ) ) ;
#3864 = CARTESIAN_POINT ( 'NONE',  ( 1997.638589336593400, 55.53990847514517500, 1941.941053783246800 ) ) ;
#3865 = EDGE_LOOP ( 'NONE', ( #8612, #3496 ) ) ;
#3866 = DIRECTION ( 'NONE',  ( 0.0000000000000000000, 1.000000000000000000, 0.0000000000000000000 ) ) ;
#3867 = VECTOR ( 'NONE', #8004, 1000.000000000000000 ) ;
#3868 = CARTESIAN_POINT ( 'NONE',  ( 1964.999999967202500, -104.5000000000000000, 2226.600000026026500 ) ) ;
#3869 = AXIS2_PLACEMENT_3D ( 'NONE', #3056, #8250, #4421 ) ;
#3870 = EDGE_CURVE ( 'NONE', #294, #1215, #109, .T. ) ;
#3871 = ORIENTED_EDGE ( 'NONE', *, *, #5080, .T. ) ;
#3872 = EDGE_LOOP ( 'NONE', ( #7889, #3853, #3951, #5137 ) ) ;
#3873 = SURFACE_STYLE_USAGE ( .BOTH. , #7661 ) ;
#3874 = FACE_OUTER_BOUND ( 'NONE', #8263, .T. ) ;
#3875 = CARTESIAN_POINT ( 'NONE',  ( 1801.175054261971400, 119.6207266485025000, 1929.412478942606400 ) ) ;
#3876 = ADVANCED_FACE ( 'NONE', ( #7541 ), #1622, .T. ) ;
#3877 = VERTEX_POINT ( 'NONE', #3165 ) ;
#3878 = PLANE ( 'NONE',  #2040 ) ;
#3879 = AXIS2_PLACEMENT_3D ( 'NONE', #392, #5281, #1151 ) ;
#3880 = CARTESIAN_POINT ( 'NONE',  ( 1652.656529230466500, -130.5493047580482400, 2030.200000026025200 ) ) ;
#3881 = CARTESIAN_POINT ( 'NONE',  ( 1880.185236341601900, 91.26203889640061100, 1918.999999998537800 ) ) ;
#3882 = VECTOR ( 'NONE', #7709, 1000.000000000000000 ) ;
#3883 = CARTESIAN_POINT ( 'NONE',  ( 1876.358041796946700, 113.2830261637987200, 1937.875947599013900 ) ) ;
#3884 = DIRECTION ( 'NONE',  ( 0.0000000000000000000, 0.9986295347545741700, -0.05233595624294046900 ) ) ;
#3885 = B_SPLINE_CURVE_WITH_KNOTS ( 'NONE', 3,
 ( #5888, #1908, #2654, #7172, #3391, #7866, #4071, #8546, #4690, #437, #5322, #1195, #5937, #1938, #6549, #2682, #7200, #3423, #7892, #4099, #8573, #4718, #469, #5350, #1229, #5966, #1970, #6574, #2713, #7228, #3452, #7926, #4123, #8598, #4746, #507, #5372, #1257, #5993, #2004, #6599, #2741, #7256, #3478, #7949, #4148, #8627, #4772, #538, #5401, #1288, #6017, #2036, #6629, #2773, #7287, #3515, #7982 ),
 .UNSPECIFIED., .F., .F.,
 ( 4, 2, 2, 2, 2, 2, 2, 2, 2, 2, 2, 2, 2, 2, 2, 2, 2, 2, 2, 2, 2, 2, 2, 2, 2, 2, 2, 2, 4 ),
 ( 2.220446049250313100E-016, 0.008091786928905116100, 0.01618357385781001000, 0.01820652059003562100, 0.02022946732226123600, 0.02427536078671354800, 0.03236714771561931300, 0.03439009444784593700, 0.03641304118007256100, 0.04045893464452562200, 0.04855072157343292400, 0.05259661503788590900, 0.05664250850233888700, 0.06473429543124487000, 0.06675724216347132800, 0.06878018889569777200, 0.07282608236015213100, 0.08091786928906086200, 0.08294081602128823600, 0.08496376275351560900, 0.08900965621797096700, 0.09710144314688164100, 0.1011473366113367400, 0.1051932300757918000, 0.1132850170047019500, 0.1173309104691570300, 0.1193538572013847400, 0.1213768039336124400, 0.1294685908625219400 ),
 .UNSPECIFIED. ) ;
#3886 = EDGE_CURVE ( 'NONE', #3376, #2228, #1855, .T. ) ;
#3887 = CARTESIAN_POINT ( 'NONE',  ( 1649.999999967202500, -128.0547095101150300, 2080.000000026025600 ) ) ;
#3888 = EDGE_LOOP ( 'NONE', ( #7877, #7554 ) ) ;
#3889 = CARTESIAN_POINT ( 'NONE',  ( 1990.839459047263300, -26.83480033194836900, 1895.000000009617200 ) ) ;
#3890 = CARTESIAN_POINT ( 'NONE',  ( 1825.518155684401100, 91.77999999999003900, 1926.294971786074000 ) ) ;
#3891 = CIRCLE ( 'NONE', #4608, 6.650000000000141600 ) ;
#3892 = CARTESIAN_POINT ( 'NONE',  ( 1975.709378741838500, -77.59969618110466200, 1930.332883933121600 ) ) ;
#3893 = CARTESIAN_POINT ( 'NONE',  ( 1994.719999397111500, 500000.0000000000600, 2334.254424355290200 ) ) ;
#3894 = ORIENTED_EDGE ( 'NONE', *, *, #6608, .T. ) ;
#3895 = DIRECTION ( 'NONE',  ( 0.0000000000000000000, -1.000000000000000000, 0.0000000000000000000 ) ) ;
#3896 = CARTESIAN_POINT ( 'NONE',  ( 1842.993817724121500, 14.35405551536996600, 1956.841467653520300 ) ) ;
#3897 = ADVANCED_FACE ( 'NONE', ( #6904 ), #7657, .T. ) ;
#3898 = DIRECTION ( 'NONE',  ( 3.182802359415012600E-025, 3.491475051101101300E-015, -1.000000000000000000 ) ) ;
#3899 = LINE ( 'NONE', #577, #8816 ) ;
#3900 = VERTEX_POINT ( 'NONE', #4508 ) ;
#3901 = AXIS2_PLACEMENT_3D ( 'NONE', #1366, #6080, #2116 ) ;
#3902 = DIRECTION ( 'NONE',  ( 0.0000000000000000000, 4.163336342344333100E-015, -1.000000000000000000 ) ) ;
#3903 = VERTEX_POINT ( 'NONE', #6997 ) ;
#3904 = VECTOR ( 'NONE', #7305, 1000.000000000000200 ) ;
#3905 = CARTESIAN_POINT ( 'NONE',  ( 1994.719999397111500, -169.7500000000061700, 2369.254424353543500 ) ) ;
#3906 = EDGE_CURVE ( 'NONE', #3082, #6670, #2216, .T. ) ;
#3907 = ORIENTED_EDGE ( 'NONE', *, *, #6240, .T. ) ;
#3908 = CARTESIAN_POINT ( 'NONE',  ( 1675.134434519716500, -130.5591282301375300, 2036.928376275414800 ) ) ;
#3909 = PLANE ( 'NONE',  #6468 ) ;
#3910 = ORIENTED_EDGE ( 'NONE', *, *, #7551, .F. ) ;
#3911 = CARTESIAN_POINT ( 'NONE',  ( 1873.586828913893000, 114.1147675418194300, 1946.960483388469400 ) ) ;
#3912 = ORIENTED_EDGE ( 'NONE', *, *, #8214, .T. ) ;
#3913 = LINE ( 'NONE', #1711, #2239 ) ;
#3914 = CARTESIAN_POINT ( 'NONE',  ( 1959.343959622163500, -115.1802894408775400, 1928.025280232469200 ) ) ;
#3915 = AXIS2_PLACEMENT_3D ( 'NONE', #161, #5089, #914 ) ;
#3916 = CARTESIAN_POINT ( 'NONE',  ( 1964.999999967202500, -104.5000000000000000, 2290.000000026026600 ) ) ;
#3917 = CARTESIAN_POINT ( 'NONE',  ( 1954.999999933194700, 64.99999999999765500, 1706.941558771065500 ) ) ;
#3918 = CARTESIAN_POINT ( 'NONE',  ( 1979.332771321287100, 74.34392206678369100, 1930.206352275829400 ) ) ;
#3919 = EDGE_CURVE ( 'NONE', #5692, #5370, #3388, .T. ) ;
#3920 = ORIENTED_EDGE ( 'NONE', *, *, #4431, .T. ) ;
#3921 = DIRECTION ( 'NONE',  ( -3.182806635077191500E-025, -3.491475051078775400E-015, 1.000000000000000000 ) ) ;
#3922 = CARTESIAN_POINT ( 'NONE',  ( 1634.999999967202700, 122.4999999999966500, 2003.500000003669800 ) ) ;
#3923 = CARTESIAN_POINT ( 'NONE',  ( 1971.337740512330100, 85.85929336047996700, 1954.858139069745200 ) ) ;
#3924 = ORIENTED_EDGE ( 'NONE', *, *, #4108, .F. ) ;
#3925 = FACE_OUTER_BOUND ( 'NONE', #3529, .T. ) ;
#3926 = ORIENTED_EDGE ( 'NONE', *, *, #1263, .T. ) ;
#3927 = VECTOR ( 'NONE', #2304, 1000.000000000000000 ) ;
#3928 = CARTESIAN_POINT ( 'NONE',  ( 1994.719999397111500, -182.5000000000044300, 2334.254424353544000 ) ) ;
#3929 = LINE ( 'NONE', #91, #30 ) ;
#3930 = B_SPLINE_CURVE_WITH_KNOTS ( 'NONE', 3,
 ( #1688, #5736, #6977, #3174, #7663, #3875, #8358, #4512, #221, #5144, #979, #5762 ),
 .UNSPECIFIED., .F., .F.,
 ( 4, 2, 2, 2, 2, 4 ),
 ( 2.224778631027185300E-016, 0.007149927414692122200, 0.01429985482938402200, 0.01787481853673038300, 0.02144978224407674200, 0.02859970965876936600 ),
 .UNSPECIFIED. ) ;
#3931 = DIRECTION ( 'NONE',  ( 0.0000000000000000000, 3.172065784643331400E-015, -1.000000000000000000 ) ) ;
#3932 = CARTESIAN_POINT ( 'NONE',  ( 1694.018716521215300, -130.5627003264442000, 2056.673709935343600 ) ) ;
#3933 = VERTEX_POINT ( 'NONE', #2506 ) ;
#3934 = LINE ( 'NONE', #4307, #616 ) ;
#3935 = CARTESIAN_POINT ( 'NONE',  ( 1878.589561495460900, 114.1165256274370800, 1955.069661308664500 ) ) ;
#3936 = ADVANCED_FACE ( 'NONE', ( #5075 ), #1747, .T. ) ;
#3937 = FACE_OUTER_BOUND ( 'NONE', #3118, .T. ) ;
#3938 = ORIENTED_EDGE ( 'NONE', *, *, #1630, .T. ) ;
#3939 = FACE_OUTER_BOUND ( 'NONE', #3865, .T. ) ;
#3940 = DIRECTION ( 'NONE',  ( -3.182806635077192000E-025, -3.491475051078775400E-015, 1.000000000000000000 ) ) ;
#3941 = CARTESIAN_POINT ( 'NONE',  ( 1938.999999935018000, 64.99999999999634800, 2081.000000008745200 ) ) ;
#3942 = CARTESIAN_POINT ( 'NONE',  ( 1703.103134791424500, 79.99999999999562300, 2310.466402789380500 ) ) ;
#3943 = CARTESIAN_POINT ( 'NONE',  ( 2007.285103228979600, -129.7497850309422900, 2321.628028219025100 ) ) ;
#3944 = ORIENTED_EDGE ( 'NONE', *, *, #6147, .T. ) ;
#3945 = CARTESIAN_POINT ( 'NONE',  ( 1847.783225196731100, 28.99999999999631600, 1981.500000002324700 ) ) ;
#3946 = ORIENTED_EDGE ( 'NONE', *, *, #379, .F. ) ;
#3947 = CARTESIAN_POINT ( 'NONE',  ( 1990.992187746615200, -57.54037608313334600, 1917.425241720780800 ) ) ;
#3948 = EDGE_CURVE ( 'NONE', #8023, #7367, #8501, .T. ) ;
#3949 = LINE ( 'NONE', #5713, #2035 ) ;
#3950 = CARTESIAN_POINT ( 'NONE',  ( 1968.460715908191800, 82.98901589722356700, 1931.367774805683900 ) ) ;
#3951 = ORIENTED_EDGE ( 'NONE', *, *, #3462, .T. ) ;
#3952 = EDGE_LOOP ( 'NONE', ( #4186, #869, #3037, #2570, #4054, #1069, #6231, #7400 ) ) ;
#3953 = EDGE_CURVE ( 'NONE', #8285, #543, #1392, .T. ) ;
#3954 = CARTESIAN_POINT ( 'NONE',  ( 1924.749999952526000, -2.938598442238127200E-012, 1919.000000000980000 ) ) ;
#3955 = AXIS2_PLACEMENT_3D ( 'NONE', #362, #5262, #1123 ) ;
#3956 = VERTEX_POINT ( 'NONE', #3954 ) ;
#3957 = CARTESIAN_POINT ( 'NONE',  ( 2000.687077775935700, 53.76051833009859800, 1952.711640455248700 ) ) ;
#3958 = VECTOR ( 'NONE', #7503, 1000.000000000000000 ) ;
#3959 = CARTESIAN_POINT ( 'NONE',  ( 1847.783225185792200, -29.00000000000217100, 1726.941558781092900 ) ) ;
#3960 = VERTEX_POINT ( 'NONE', #4580 ) ;
#3961 = ORIENTED_EDGE ( 'NONE', *, *, #4869, .T. ) ;
#3962 = CARTESIAN_POINT ( 'NONE',  ( 1661.871106809338700, -130.5606791387893700, 2010.836081827473400 ) ) ;
#3963 = DIRECTION ( 'NONE',  ( 0.0000000000000000000, -1.000000000000000000, -3.491483361109382500E-015 ) ) ;
#3964 = CIRCLE ( 'NONE', #4681, 3.400000000000138900 ) ;
#3965 = AXIS2_PLACEMENT_3D ( 'NONE', #1368, #7360, #3584 ) ;
#3966 = CARTESIAN_POINT ( 'NONE',  ( 1699.269909422216900, -130.5553534525503800, 2087.276993836021600 ) ) ;
#3967 = CARTESIAN_POINT ( 'NONE',  ( 1921.693458024491100, -122.7982749444394400, 1928.424521938724900 ) ) ;
#3968 = AXIS2_PLACEMENT_3D ( 'NONE', #7003, #4566, #286 ) ;
#3969 = CARTESIAN_POINT ( 'NONE',  ( 1676.369763756513300, -86.00924963875327500, 2124.821205526139200 ) ) ;
#3970 = CARTESIAN_POINT ( 'NONE',  ( 1953.863410915347700, 91.64459996561147600, 1926.299700051122300 ) ) ;
#3971 = ORIENTED_EDGE ( 'NONE', *, *, #4428, .T. ) ;
#3972 = VERTEX_POINT ( 'NONE', #7050 ) ;
#3973 = EDGE_CURVE ( 'NONE', #7782, #7249, #4875, .T. ) ;
#3974 = CARTESIAN_POINT ( 'NONE',  ( 1930.999999947511900, 83.49999999999701600, 1900.000000002324700 ) ) ;
#3975 = CARTESIAN_POINT ( 'NONE',  ( 1840.139451606762300, -101.6337399068771000, 2029.103249317653800 ) ) ;
#3976 = CARTESIAN_POINT ( 'NONE',  ( 2031.718131831474200, -129.5687768928739600, 2336.722691516191800 ) ) ;
#3977 = FACE_BOUND ( 'NONE', #5975, .T. ) ;
#3978 = CARTESIAN_POINT ( 'NONE',  ( 1884.999999947512200, 109.4999999999968600, 1955.000000004472000 ) ) ;
#3979 = CARTESIAN_POINT ( 'NONE',  ( 1964.261501843646800, 83.17864755816712800, 1918.358697843997300 ) ) ;
#3980 = ORIENTED_EDGE ( 'NONE', *, *, #8748, .F. ) ;
#3981 = CARTESIAN_POINT ( 'NONE',  ( 1968.514731620074800, 81.95833470727160400, 1926.637951882750500 ) ) ;
#3982 = ORIENTED_EDGE ( 'NONE', *, *, #6208, .T. ) ;
#3983 = CARTESIAN_POINT ( 'NONE',  ( 1787.024988100141200, 121.0311940365450000, 1935.566607726317200 ) ) ;
#3984 = PRESENTATION_LAYER_ASSIGNMENT (  '', '', ( #3536 ) ) ;
#3985 = CIRCLE ( 'NONE', #2262, 6.650000000000093600 ) ;
#3986 = ADVANCED_FACE ( 'NONE', ( #3123 ), #2894, .T. ) ;
#3987 = EDGE_CURVE ( 'NONE', #3325, #4729, #3355, .T. ) ;
#3988 = CARTESIAN_POINT ( 'NONE',  ( 2014.999871424485000, 2.017377161661647200E-012, 1950.333323684517800 ) ) ;
#3989 = EDGE_LOOP ( 'NONE', ( #251, #3036, #2885, #3007 ) ) ;
#3990 = CARTESIAN_POINT ( 'NONE',  ( 1716.873959565789400, 9.999999999996646200, 2004.488390389799000 ) ) ;
#3991 = DIRECTION ( 'NONE',  ( 1.000000000000000000, -1.040834085586083300E-015, -9.116041255197152600E-011 ) ) ;
#3992 = CYLINDRICAL_SURFACE ( 'NONE', #634, 18.99999999999968400 ) ;
#3993 = CARTESIAN_POINT ( 'NONE',  ( 1929.403225678001300, -130.5590915057708500, 2406.408798181814700 ) ) ;
#3994 = CARTESIAN_POINT ( 'NONE',  ( 1624.206263766724500, -2.954659682658450600E-012, 2038.338468935340900 ) ) ;
#3995 = VERTEX_POINT ( 'NONE', #8459 ) ;
#3996 = CARTESIAN_POINT ( 'NONE',  ( 1686.312822692457800, -130.5394987057708000, 2114.086018867981700 ) ) ;
#3997 = CARTESIAN_POINT ( 'NONE',  ( 1904.842219477623500, 68.75773922018110800, 1956.582650388506600 ) ) ;
#3998 = CARTESIAN_POINT ( 'NONE',  ( 1870.545770779013300, 117.9863792086855200, 2009.221511821547000 ) ) ;
#3999 = LINE ( 'NONE', #150, #7111 ) ;
#4000 = EDGE_CURVE ( 'NONE', #6091, #4165, #8296, .T. ) ;
#4001 = CARTESIAN_POINT ( 'NONE',  ( 1994.999999967202500, -104.4142106840970700, 2342.500000026027900 ) ) ;
#4002 = CARTESIAN_POINT ( 'NONE',  ( 1842.499999947511900, -2.844389003852989100E-012, 1864.000000008478800 ) ) ;
#4003 = VERTEX_POINT ( 'NONE', #5235 ) ;
#4004 = EDGE_CURVE ( 'NONE', #3561, #1524, #4675, .T. ) ;
#4005 = ORIENTED_EDGE ( 'NONE', *, *, #486, .F. ) ;
#4006 = CARTESIAN_POINT ( 'NONE',  ( 1947.323340279653600, -126.3215517265991400, 1928.609176394117900 ) ) ;
#4007 =( GEOMETRIC_REPRESENTATION_CONTEXT ( 3 ) GLOBAL_UNCERTAINTY_ASSIGNED_CONTEXT ( ( #5038 ) ) GLOBAL_UNIT_ASSIGNED_CONTEXT ( ( #6570, #2702, #7222 ) ) REPRESENTATION_CONTEXT ( 'NONE', 'WORKASPACE' ) );
#4008 = CARTESIAN_POINT ( 'NONE',  ( 1641.999999967202500, 115.4999999999966900, 1995.000000003669600 ) ) ;
#4009 = CARTESIAN_POINT ( 'NONE',  ( 1974.999999973264700, 28.99999999989438500, 2146.500000008745200 ) ) ;
#4010 = ORIENTED_EDGE ( 'NONE', *, *, #3226, .F. ) ;
#4011 = CARTESIAN_POINT ( 'NONE',  ( 1964.999999967202500, -92.00000000000000000, 2290.000000026026600 ) ) ;
#4012 = CARTESIAN_POINT ( 'NONE',  ( 1954.999999956400000, -45.00000000000323300, 1961.500000002044500 ) ) ;
#4013 = FACE_BOUND ( 'NONE', #6329, .T. ) ;
#4014 = ORIENTED_EDGE ( 'NONE', *, *, #1109, .T. ) ;
#4015 = AXIS2_PLACEMENT_3D ( 'NONE', #3757, #3440, #3281 ) ;
#4016 = AXIS2_PLACEMENT_3D ( 'NONE', #8341, #203, #5132 ) ;
#4017 = ORIENTED_EDGE ( 'NONE', *, *, #7830, .T. ) ;
#4018 = VERTEX_POINT ( 'NONE', #3323 ) ;
#4019 = CARTESIAN_POINT ( 'NONE',  ( 1926.526011663888100, -130.3625399225023200, 2221.120555717795900 ) ) ;
#4020 = CARTESIAN_POINT ( 'NONE',  ( 1866.988573707854100, -65.32685862694864900, 1960.263112208220300 ) ) ;
#4021 = EDGE_CURVE ( 'NONE', #2949, #6395, #1162, .T. ) ;
#4022 = VECTOR ( 'NONE', #8049, 1000.000000000000100 ) ;
#4023 = CARTESIAN_POINT ( 'NONE',  ( 1790.211449703649600, -130.5316553954133100, 2305.516442269172300 ) ) ;
#4024 = CARTESIAN_POINT ( 'NONE',  ( 1869.999999954442500, 51.21677479248662500, 1726.941558777811500 ) ) ;
#4025 = CARTESIAN_POINT ( 'NONE',  ( 1723.337638314598700, 129.7399881858686400, 2095.114134382375100 ) ) ;
#4026 = ADVANCED_FACE ( 'NONE', ( #7864, #8084 ), #1838, .T. ) ;
#4027 = DIRECTION ( 'NONE',  ( 0.0000000000000000000, -3.652049423109128000E-015, 1.000000000000000000 ) ) ;
#4028 = FACE_OUTER_BOUND ( 'NONE', #2750, .T. ) ;
#4029 = CARTESIAN_POINT ( 'NONE',  ( 1811.908595100980200, -7.316508916496789400, 1929.296096989909100 ) ) ;
#4030 = LINE ( 'NONE', #4815, #6734 ) ;
#4031 = CYLINDRICAL_SURFACE ( 'NONE', #4187, 34.99999999999970200 ) ;
#4032 = EDGE_CURVE ( 'NONE', #8133, #4404, #5936, .T. ) ;
#4033 = CARTESIAN_POINT ( 'NONE',  ( 1862.896390750899200, 82.49999999999705800, 1895.000000000178300 ) ) ;
#4034 = ADVANCED_FACE ( 'NONE', ( #2445 ), #6496, .T. ) ;
#4035 = VERTEX_POINT ( 'NONE', #4660 ) ;
#4036 = DIRECTION ( 'NONE',  ( -1.000000000000000000, 0.0000000000000000000, -0.0000000000000000000 ) ) ;
#4037 = FACE_OUTER_BOUND ( 'NONE', #680, .T. ) ;
#4038 = DIRECTION ( 'NONE',  ( 9.115924681779572100E-011, 0.0000000000000000000, 1.000000000000000000 ) ) ;
#4039 = CARTESIAN_POINT ( 'NONE',  ( 1622.625208185397000, -86.00924963875303300, 2035.784779320712500 ) ) ;
#4040 = VECTOR ( 'NONE', #6539, 1000.000000000000000 ) ;
#4041 = CIRCLE ( 'NONE', #4644, 3.400000000000138900 ) ;
#4042 = B_SPLINE_CURVE_WITH_KNOTS ( 'NONE', 3,
 ( #7798, #7394, #7826, #7760 ),
 .UNSPECIFIED., .F., .F.,
 ( 4, 4 ),
 ( 0.0000000000000000000, 1.000000000000000000 ),
 .UNSPECIFIED. ) ;
#4043 = DIRECTION ( 'NONE',  ( 0.0000000000000000000, -1.000000000000000000, -3.491483361109382500E-015 ) ) ;
#4044 = AXIS2_PLACEMENT_3D ( 'NONE', #106, #5041, #868 ) ;
#4045 = ORIENTED_EDGE ( 'NONE', *, *, #7870, .T. ) ;
#4046 = DIRECTION ( 'NONE',  ( 0.0000000000000000000, -1.000000000000000000, -3.491483361109382100E-015 ) ) ;
#4047 = CIRCLE ( 'NONE', #6393, 22.26203889621603000 ) ;
#4048 = EDGE_CURVE ( 'NONE', #7915, #7514, #691, .T. ) ;
#4049 = PLANE ( 'NONE',  #7790 ) ;
#4050 = CARTESIAN_POINT ( 'NONE',  ( 1915.388218630203700, -85.66203889642328300, 1919.000000002197100 ) ) ;
#4051 = CARTESIAN_POINT ( 'NONE',  ( 1797.018612420349900, -130.5367068040600000, 2301.301950991689400 ) ) ;
#4052 = ORIENTED_EDGE ( 'NONE', *, *, #3268, .F. ) ;
#4053 = CARTESIAN_POINT ( 'NONE',  ( 1894.947030501117300, 112.2370854726716400, 1951.283419902605800 ) ) ;
#4054 = ORIENTED_EDGE ( 'NONE', *, *, #1429, .T. ) ;
#4055 = CIRCLE ( 'NONE', #2346, 52.20502822395323500 ) ;
#4056 = CARTESIAN_POINT ( 'NONE',  ( 1675.045696403633700, -128.0547095101140900, 2123.043618484679000 ) ) ;
#4057 = DIRECTION ( 'NONE',  ( -0.9999999536206030100, 0.0003045632803564750600, -1.480297297511575100E-014 ) ) ;
#4058 = CARTESIAN_POINT ( 'NONE',  ( 1975.696528567911600, -43.02448021463502000, 1953.209190428921800 ) ) ;
#4059 = VERTEX_POINT ( 'NONE', #5883 ) ;
#4060 = PLANE ( 'NONE',  #7773 ) ;
#4061 = VERTEX_POINT ( 'NONE', #5913 ) ;
#4062 = DIRECTION ( 'NONE',  ( -9.115924681779572100E-011, 3.546085137301702500E-015, -1.000000000000000000 ) ) ;
#4063 = CIRCLE ( 'NONE', #4951, 3.400000000000138900 ) ;
#4064 = AXIS2_PLACEMENT_3D ( 'NONE', #2121, #2053, #2087 ) ;
#4065 = DIRECTION ( 'NONE',  ( 0.0000000000000000000, -1.000000000000000000, -3.491475051078775400E-015 ) ) ;
#4066 = AXIS2_PLACEMENT_3D ( 'NONE', #6305, #8271, #5686 ) ;
#4067 = ADVANCED_FACE ( 'NONE', ( #7649, #7429 ), #3352, .F. ) ;
#4068 = PLANE ( 'NONE',  #7856 ) ;
#4069 = ORIENTED_EDGE ( 'NONE', *, *, #5781, .T. ) ;
#4070 = ORIENTED_EDGE ( 'NONE', *, *, #4048, .F. ) ;
#4071 = CARTESIAN_POINT ( 'NONE',  ( 1689.393019652374700, 129.6989894105275300, 2111.170168106300900 ) ) ;
#4072 = EDGE_CURVE ( 'NONE', #1764, #8571, #454, .T. ) ;
#4073 = LINE ( 'NONE', #565, #7190 ) ;
#4074 = CARTESIAN_POINT ( 'NONE',  ( 1866.999999956400400, -43.00000000000319700, 1961.500000006244600 ) ) ;
#4075 = ORIENTED_EDGE ( 'NONE', *, *, #3526, .F. ) ;
#4076 = ADVANCED_FACE ( 'NONE', ( #5750 ), #5563, .T. ) ;
#4077 = CARTESIAN_POINT ( 'NONE',  ( 1915.388218630202600, -85.66203889639710700, 1894.000000002324400 ) ) ;
#4078 = ORIENTED_EDGE ( 'NONE', *, *, #6720, .T. ) ;
#4079 = AXIS2_PLACEMENT_3D ( 'NONE', #7408, #5570, #1484 ) ;
#4080 = CARTESIAN_POINT ( 'NONE',  ( 1866.249999952532300, 82.42722283113923300, 1895.000000009617700 ) ) ;
#4081 = CARTESIAN_POINT ( 'NONE',  ( 1729.243180694664700, -130.5485433110324600, 2156.193881068371400 ) ) ;
#4082 = AXIS2_PLACEMENT_3D ( 'NONE', #8060, #654, #5498 ) ;
#4083 = VECTOR ( 'NONE', #4996, 1000.000000000000000 ) ;
#4084 = CARTESIAN_POINT ( 'NONE',  ( 1895.924987542070800, 111.5265518672582900, 1941.830612896317200 ) ) ;
#4085 = CARTESIAN_POINT ( 'NONE',  ( 1866.249999952532300, 75.77722283113905600, 1885.500000009618400 ) ) ;
#4086 = DIRECTION ( 'NONE',  ( 0.0000000000000000000, 0.0000000000000000000, 1.000000000000000000 ) ) ;
#4087 = EDGE_CURVE ( 'NONE', #2779, #6412, #7213, .T. ) ;
#4088 = VERTEX_POINT ( 'NONE', #2677 ) ;
#4089 = DIRECTION ( 'NONE',  ( -0.05233595633408521400, 4.487816998659008400E-015, -0.9986295347497973200 ) ) ;
#4090 = FACE_OUTER_BOUND ( 'NONE', #8165, .T. ) ;
#4091 = CARTESIAN_POINT ( 'NONE',  ( 1674.846737552868900, -6.053513855598415300E-012, 2122.232487970646200 ) ) ;
#4092 = PRODUCT_DEFINITION_SHAPE ( 'NONE', 'NONE',  #5282 ) ;
#4093 = ADVANCED_BREP_SHAPE_REPRESENTATION ( 'IRB660_180-315_LINK3b_CAD_rev02', ( #8078, #4867 ), #617 ) ;
#4094 = VERTEX_POINT ( 'NONE', #3419 ) ;
#4095 = DIRECTION ( 'NONE',  ( 0.0000000000000000000, 1.000000000000000000, 0.0000000000000000000 ) ) ;
#4096 = AXIS2_PLACEMENT_3D ( 'NONE', #8110, #5551, #8783 ) ;
#4097 = CARTESIAN_POINT ( 'NONE',  ( 2041.276273284765700, -121.0907463395299700, 2351.919236477721400 ) ) ;
#4098 = VECTOR ( 'NONE', #7167, 1000.000000000000000 ) ;
#4099 = CARTESIAN_POINT ( 'NONE',  ( 1699.681997515195000, 129.7611110050445700, 2087.868172256176900 ) ) ;
#4100 = ORIENTED_EDGE ( 'NONE', *, *, #4450, .F. ) ;
#4101 = DIRECTION ( 'NONE',  ( -9.115936927843110400E-011, 3.491483361109382100E-015, -1.000000000000000000 ) ) ;
#4102 = CARTESIAN_POINT ( 'NONE',  ( 1787.524509996482300, -129.5219851677322300, 1936.373425585239100 ) ) ;
#4103 = CARTESIAN_POINT ( 'NONE',  ( 1829.555420693908900, -37.06451393536372100, 1958.104296912592200 ) ) ;
#4104 = PLANE ( 'NONE',  #1969 ) ;
#4105 = EDGE_LOOP ( 'NONE', ( #1643, #1073, #8011, #1332, #6291, #6598, #2576 ) ) ;
#4106 = CARTESIAN_POINT ( 'NONE',  ( 1889.754257795591700, 111.7312704558459000, 1935.021939006428700 ) ) ;
#4107 = ADVANCED_FACE ( 'NONE', ( #2206 ), #7887, .T. ) ;
#4108 = EDGE_CURVE ( 'NONE', #3150, #306, #8808, .T. ) ;
#4109 = CARTESIAN_POINT ( 'NONE',  ( 1964.999999967202500, -104.5000000000000000, 2330.000000026027900 ) ) ;
#4110 = LINE ( 'NONE', #1275, #7447 ) ;
#4111 = CARTESIAN_POINT ( 'NONE',  ( 1953.021549052229100, -65.61366749130346000, 1954.790330803982000 ) ) ;
#4112 = CARTESIAN_POINT ( 'NONE',  ( 1842.965957799956000, -3.164135620181917900E-012, 1956.309868633339400 ) ) ;
#4113 = ORIENTED_EDGE ( 'NONE', *, *, #8778, .T. ) ;
#4114 = DIRECTION ( 'NONE',  ( -0.002113880482680405500, 0.05229324837440757500, -0.9986295347543841000 ) ) ;
#4115 = EDGE_CURVE ( 'NONE', #1885, #5324, #8399, .T. ) ;
#4116 = EDGE_LOOP ( 'NONE', ( #6927, #7865, #1741, #7449 ) ) ;
#4117 = DIRECTION ( 'NONE',  ( -1.000000000000000000, 0.0000000000000000000, 9.115982822406393400E-011 ) ) ;
#4118 = VERTEX_POINT ( 'NONE', #1224 ) ;
#4119 = DIRECTION ( 'NONE',  ( -3.182806635077191500E-025, -3.491475051078775400E-015, 1.000000000000000000 ) ) ;
#4120 = ADVANCED_FACE ( 'NONE', ( #5357 ), #4742, .F. ) ;
#4121 = CARTESIAN_POINT ( 'NONE',  ( 1950.216677517358000, -130.4888572651080100, 2390.195324495312400 ) ) ;
#4122 = CARTESIAN_POINT ( 'NONE',  ( 1899.405807900833200, 116.2954736481289000, 1995.948798339777300 ) ) ;
#4123 = CARTESIAN_POINT ( 'NONE',  ( 1696.084084690445900, 129.7884498327920800, 2059.974811131075100 ) ) ;
#4124 = PLANE ( 'NONE',  #1756 ) ;
#4125 = CARTESIAN_POINT ( 'NONE',  ( 1952.999999955641000, 42.99999999999687400, 1953.159445574101900 ) ) ;
#4126 = CARTESIAN_POINT ( 'NONE',  ( 1649.999999967202500, 129.7403889924330500, 2020.939164913778100 ) ) ;
#4127 = EDGE_CURVE ( 'NONE', #7952, #2394, #3149, .T. ) ;
#4128 = ORIENTED_EDGE ( 'NONE', *, *, #4341, .T. ) ;
#4129 = CIRCLE ( 'NONE', #1282, 94.99999999999997200 ) ;
#4130 = DIRECTION ( 'NONE',  ( 0.0000000000000000000, 1.000000000000000000, 0.0000000000000000000 ) ) ;
#4131 = VERTEX_POINT ( 'NONE', #533 ) ;
#4132 = CIRCLE ( 'NONE', #5538, 20.00000000000001800 ) ;
#4133 = FACE_OUTER_BOUND ( 'NONE', #2766, .T. ) ;
#4134 = CIRCLE ( 'NONE', #8806, 6.650000000000093600 ) ;
#4135 = DIRECTION ( 'NONE',  ( 0.0000000000000000000, 1.000000000000000000, 0.0000000000000000000 ) ) ;
#4136 = CARTESIAN_POINT ( 'NONE',  ( 1866.249999952532300, 75.77722283113905600, 1885.500000009618400 ) ) ;
#4137 = ORIENTED_EDGE ( 'NONE', *, *, #1578, .F. ) ;
#4138 = DIRECTION ( 'NONE',  ( 0.0000000000000000000, -1.000000000000000000, -3.491475051101101300E-015 ) ) ;
#4139 = AXIS2_PLACEMENT_3D ( 'NONE', #3589, #8064, #4255 ) ;
#4140 = FACE_OUTER_BOUND ( 'NONE', #3333, .T. ) ;
#4141 = EDGE_CURVE ( 'NONE', #7320, #2381, #3674, .T. ) ;
#4142 = FACE_OUTER_BOUND ( 'NONE', #4980, .T. ) ;
#4143 = FACE_OUTER_BOUND ( 'NONE', #5566, .T. ) ;
#4144 = B_SPLINE_CURVE_WITH_KNOTS ( 'NONE', 3,
 ( #5555, #4304, #2948, #7450, #3664, #8146, #4330, #8813, #4949, #746, #5579, #1496 ),
 .UNSPECIFIED., .F., .F.,
 ( 4, 2, 2, 2, 2, 4 ),
 ( 9.930136612989092500E-016, 0.005959994004276203200, 0.01191998800855141200, 0.01489998501068949900, 0.01787998201282758500, 0.02383997601710375800 ),
 .UNSPECIFIED. ) ;
#4145 = EDGE_LOOP ( 'NONE', ( #2204, #7645 ) ) ;
#4146 = CARTESIAN_POINT ( 'NONE',  ( 1716.392782630642200, 129.4197360717872100, 2065.671649081347800 ) ) ;
#4147 = FACE_OUTER_BOUND ( 'NONE', #8484, .T. ) ;
#4148 = CARTESIAN_POINT ( 'NONE',  ( 1675.855061589888900, 129.7805133409609900, 2036.915058301995300 ) ) ;
#4149 = CARTESIAN_POINT ( 'NONE',  ( 1649.999999967202500, 147.9999999999964200, 2080.000000026027900 ) ) ;
#4150 = AXIS2_PLACEMENT_3D ( 'NONE', #4862, #643, #5487 ) ;
#4151 = CARTESIAN_POINT ( 'NONE',  ( 1649.999999967202500, 79.99999999999614900, 2131.793661585367300 ) ) ;
#4152 = ORIENTED_EDGE ( 'NONE', *, *, #4087, .F. ) ;
#4153 = DIRECTION ( 'NONE',  ( 3.182802359415013500E-025, 3.491475051101102100E-015, -1.000000000000000000 ) ) ;
#4154 = ORIENTED_EDGE ( 'NONE', *, *, #900, .T. ) ;
#4155 = CARTESIAN_POINT ( 'NONE',  ( 1951.643233904999800, -123.1606824458149000, 1928.443514908336300 ) ) ;
#4156 = EDGE_CURVE ( 'NONE', #3708, #7019, #3891, .T. ) ;
#4157 = ADVANCED_FACE ( 'NONE', ( #1737, #6803 ), #5398, .T. ) ;
#4158 = CARTESIAN_POINT ( 'NONE',  ( 1675.081857051414300, 129.5572806586801300, 2005.399048963771700 ) ) ;
#4159 = LINE ( 'NONE', #766, #3958 ) ;
#4160 = CARTESIAN_POINT ( 'NONE',  ( 2037.079053637190600, -127.0510216358097500, 2343.865440551859100 ) ) ;
#4161 = CARTESIAN_POINT ( 'NONE',  ( 1672.940275937966800, 129.6227388117660600, 2005.403689605898100 ) ) ;
#4162 = DIRECTION ( 'NONE',  ( 0.0000000000000000000, 0.0000000000000000000, 1.000000000000000000 ) ) ;
#4163 = VERTEX_POINT ( 'NONE', #7284 ) ;
#4164 = EDGE_CURVE ( 'NONE', #1976, #7546, #5165, .T. ) ;
#4165 = VERTEX_POINT ( 'NONE', #1320 ) ;
#4166 = CARTESIAN_POINT ( 'NONE',  ( 1805.354005935067100, -99.70162334491541900, 1927.971911635788300 ) ) ;
#4167 = DIRECTION ( 'NONE',  ( -3.182806635077191500E-025, -3.491475051078775400E-015, 1.000000000000000000 ) ) ;
#4168 = DIRECTION ( 'NONE',  ( -9.115936927843110400E-011, 3.491483361109382100E-015, -1.000000000000000000 ) ) ;
#4169 = LINE ( 'NONE', #3675, #68 ) ;
#4170 = DIRECTION ( 'NONE',  ( 0.0000000000000000000, -3.652049423109128000E-015, 1.000000000000000000 ) ) ;
#4171 = ORIENTED_EDGE ( 'NONE', *, *, #6911, .T. ) ;
#4172 = EDGE_LOOP ( 'NONE', ( #2639, #898, #4647, #3091 ) ) ;
#4173 = ORIENTED_EDGE ( 'NONE', *, *, #5753, .T. ) ;
#4174 = CARTESIAN_POINT ( 'NONE',  ( 1856.999999952526000, -94.00000000000682100, 1926.915268307602000 ) ) ;
#4175 = LINE ( 'NONE', #7767, #2066 ) ;
#4176 = DIRECTION ( 'NONE',  ( 3.182806635077191500E-025, 3.491475051078775400E-015, -1.000000000000000000 ) ) ;
#4177 = AXIS2_PLACEMENT_3D ( 'NONE', #4881, #669, #5512 ) ;
#4178 = CARTESIAN_POINT ( 'NONE',  ( 1694.666653274114400, 129.5257249481035400, 2035.537592578310500 ) ) ;
#4179 = ORIENTED_EDGE ( 'NONE', *, *, #6005, .T. ) ;
#4180 = PLANE ( 'NONE',  #8080 ) ;
#4181 = CARTESIAN_POINT ( 'NONE',  ( 1959.719608317267100, 86.30347448420383200, 1919.000000002324700 ) ) ;
#4182 = EDGE_CURVE ( 'NONE', #2949, #843, #3460, .T. ) ;
#4183 = CARTESIAN_POINT ( 'NONE',  ( 1930.999999947511900, 82.49999999999690200, 1940.000000006618800 ) ) ;
#4184 = CARTESIAN_POINT ( 'NONE',  ( 1909.999999947512200, -2.844389003852986300E-012, 1864.000000002324700 ) ) ;
#4185 = VECTOR ( 'NONE', #6602, 1000.000000000000000 ) ;
#4186 = ORIENTED_EDGE ( 'NONE', *, *, #104, .T. ) ;
#4187 = AXIS2_PLACEMENT_3D ( 'NONE', #8491, #4046, #8519 ) ;
#4188 = CARTESIAN_POINT ( 'NONE',  ( 1649.999999967202500, 71.99999999999651800, 2061.000000026026600 ) ) ;
#4189 = CARTESIAN_POINT ( 'NONE',  ( 1814.999999952526000, -105.0000000000068200, 1953.800000002324200 ) ) ;
#4190 = CARTESIAN_POINT ( 'NONE',  ( 1856.999999952526000, -116.0000000000066400, 1928.068239451828700 ) ) ;
#4191 = EDGE_CURVE ( 'NONE', #6315, #7934, #8395, .T. ) ;
#4192 = B_SPLINE_CURVE_WITH_KNOTS ( 'NONE', 3,
 ( #2230, #6201, #2991, #7497 ),
 .UNSPECIFIED., .F., .F.,
 ( 4, 4 ),
 ( 0.0000000000000000000, 1.000000000000000000 ),
 .UNSPECIFIED. ) ;
#4193 = CARTESIAN_POINT ( 'NONE',  ( 1804.879057071335000, -109.3225488756758500, 1928.568586915699600 ) ) ;
#4194 = CARTESIAN_POINT ( 'NONE',  ( 1866.249999952526000, -75.77722283114124500, 1885.500000009617900 ) ) ;
#4195 = VERTEX_POINT ( 'NONE', #4202 ) ;
#4196 = CARTESIAN_POINT ( 'NONE',  ( 1888.999999947512400, 83.49999999999710100, 1900.000000002324700 ) ) ;
#4197 = VECTOR ( 'NONE', #6293, 1000.000000000000000 ) ;
#4198 = FILL_AREA_STYLE ('',( #7311 ) ) ;
#4199 = ADVANCED_FACE ( 'NONE', ( #3232 ), #8182, .F. ) ;
#4200 = DIRECTION ( 'NONE',  ( -0.01762603369552278400, -0.9993908236395223600, -0.03012149666403109500 ) ) ;
#4201 = VERTEX_POINT ( 'NONE', #2839 ) ;
#4202 = CARTESIAN_POINT ( 'NONE',  ( 1856.999999952526000, -101.6000000000066000, 1931.300000002324200 ) ) ;
#4203 = CARTESIAN_POINT ( 'NONE',  ( 1673.891445334239700, 129.5851962966532100, 2004.814795922753500 ) ) ;
#4204 = VERTEX_POINT ( 'NONE', #7341 ) ;
#4205 = CARTESIAN_POINT ( 'NONE',  ( 1964.999999967202500, -103.2930759538999200, 2215.000000026027000 ) ) ;
#4206 = EDGE_CURVE ( 'NONE', #7573, #2440, #1269, .T. ) ;
#4207 = CARTESIAN_POINT ( 'NONE',  ( 1735.266134971262800, 129.4503306983364700, 2097.571933945674100 ) ) ;
#4208 = ORIENTED_EDGE ( 'NONE', *, *, #3886, .T. ) ;
#4209 = ORIENTED_EDGE ( 'NONE', *, *, #4711, .F. ) ;
#4210 = CARTESIAN_POINT ( 'NONE',  ( 1829.160540857791400, 33.48480033194934400, 1885.500000009618400 ) ) ;
#4211 = DIRECTION ( 'NONE',  ( -0.0000000000000000000, 1.000000000000000000, 3.491483361109382500E-015 ) ) ;
#4212 = ORIENTED_EDGE ( 'NONE', *, *, #6720, .F. ) ;
#4213 = DIRECTION ( 'NONE',  ( 0.0000000000000000000, 3.491483361109382500E-015, -1.000000000000000000 ) ) ;
#4214 = FILL_AREA_STYLE ('',( #8029 ) ) ;
#4215 = CYLINDRICAL_SURFACE ( 'NONE', #3869, 12.49999999999973400 ) ;
#4216 = CARTESIAN_POINT ( 'NONE',  ( 1880.999999958559300, 64.99999999999670300, 1981.500000004730700 ) ) ;
#4217 = DIRECTION ( 'NONE',  ( 0.0000000000000000000, 1.000000000000000000, 0.0000000000000000000 ) ) ;
#4218 = EDGE_LOOP ( 'NONE', ( #1316, #1498 ) ) ;
#4219 = EDGE_CURVE ( 'NONE', #5373, #1025, #6597, .T. ) ;
#4220 = CARTESIAN_POINT ( 'NONE',  ( 1880.999999935018000, -62.21677477173890500, 1726.941558777811000 ) ) ;
#4221 = CARTESIAN_POINT ( 'NONE',  ( 1811.855340217495700, -115.5465211827430800, 1928.098007326003000 ) ) ;
#4222 = DIRECTION ( 'NONE',  ( 1.000000000000000000, -1.734723475976805500E-015, -9.116041255197152600E-011 ) ) ;
#4223 = PLANE ( 'NONE',  #7048 ) ;
#4224 = FACE_OUTER_BOUND ( 'NONE', #6048, .T. ) ;
#4225 = AXIS2_PLACEMENT_3D ( 'NONE', #3887, #3847, #3857 ) ;
#4226 = CARTESIAN_POINT ( 'NONE',  ( 1814.999999952526000, -108.4000000000069700, 1953.800000002324200 ) ) ;
#4227 = ORIENTED_EDGE ( 'NONE', *, *, #6907, .F. ) ;
#4228 = VECTOR ( 'NONE', #2705, 1000.000000000000000 ) ;
#4229 = EDGE_CURVE ( 'NONE', #237, #3903, #3002, .T. ) ;
#4230 = FACE_OUTER_BOUND ( 'NONE', #536, .T. ) ;
#4231 = DIRECTION ( 'NONE',  ( 0.0000000000000000000, 3.491483361109382500E-015, -1.000000000000000000 ) ) ;
#4232 = CARTESIAN_POINT ( 'NONE',  ( 1728.608315235163200, 129.7222258696705800, 2101.693963104168200 ) ) ;
#4233 = CARTESIAN_POINT ( 'NONE',  ( 1844.575764631908400, 55.73246994252511400, 1958.232071693041500 ) ) ;
#4234 = CARTESIAN_POINT ( 'NONE',  ( 1994.999999967202500, -104.5000000000000000, 2330.000000026027900 ) ) ;
#4235 = PLANE ( 'NONE',  #6923 ) ;
#4236 = CARTESIAN_POINT ( 'NONE',  ( 1994.719999397111500, -144.7500000000061100, 2349.254424353543500 ) ) ;
#4237 =( GEOMETRIC_REPRESENTATION_CONTEXT ( 3 ) GLOBAL_UNCERTAINTY_ASSIGNED_CONTEXT ( ( #6815 ) ) GLOBAL_UNIT_ASSIGNED_CONTEXT ( ( #613, #5462, #1363 ) ) REPRESENTATION_CONTEXT ( 'NONE', 'WORKASPACE' ) );
#4238 = ORIENTED_EDGE ( 'NONE', *, *, #302, .T. ) ;
#4239 = CARTESIAN_POINT ( 'NONE',  ( 1953.021549052229100, -65.61366749130346000, 1954.790330803982000 ) ) ;
#4240 = FACE_OUTER_BOUND ( 'NONE', #3828, .T. ) ;
#4241 = CYLINDRICAL_SURFACE ( 'NONE', #5584, 9.500000000000063900 ) ;
#4242 = CYLINDRICAL_SURFACE ( 'NONE', #1911, 3.400000000000069600 ) ;
#4243 = CARTESIAN_POINT ( 'NONE',  ( 1739.059087960419900, -80.00000000000359500, 2087.695578396611400 ) ) ;
#4244 = ADVANCED_FACE ( 'NONE', ( #8596 ), #3992, .T. ) ;
#4245 = CARTESIAN_POINT ( 'NONE',  ( 1829.895574618652500, 30.89706279570122000, 2032.264075870173400 ) ) ;
#4246 = EDGE_CURVE ( 'NONE', #6146, #6352, #2323, .T. ) ;
#4247 = CARTESIAN_POINT ( 'NONE',  ( 1645.922015576900100, -3.190820290112966300E-012, 1963.221806446765200 ) ) ;
#4248 = VERTEX_POINT ( 'NONE', #6121 ) ;
#4249 = DIRECTION ( 'NONE',  ( 0.0000000000000000000, 1.000000000000000000, 0.0000000000000000000 ) ) ;
#4250 = EDGE_LOOP ( 'NONE', ( #6129, #6319 ) ) ;
#4251 = CARTESIAN_POINT ( 'NONE',  ( 1814.999999952526000, -94.00000000000682100, 1931.300000002324200 ) ) ;
#4252 = LINE ( 'NONE', #5436, #638 ) ;
#4253 = CARTESIAN_POINT ( 'NONE',  ( 1884.999999947512200, 113.9999999999969200, 1945.500000004472000 ) ) ;
#4254 = DIRECTION ( 'NONE',  ( -9.115924681779572100E-011, 3.546085137301702500E-015, -1.000000000000000000 ) ) ;
#4255 = DIRECTION ( 'NONE',  ( -1.000000000000000000, 0.0000000000000000000, 9.116041255197152600E-011 ) ) ;
#4256 = VERTEX_POINT ( 'NONE', #6735 ) ;
#4257 = CARTESIAN_POINT ( 'NONE',  ( 1963.659706515760500, 85.23052138831384600, 1926.523684606369700 ) ) ;
#4258 = ORIENTED_EDGE ( 'NONE', *, *, #4322, .F. ) ;
#4259 = EDGE_CURVE ( 'NONE', #4274, #4204, #98, .T. ) ;
#4260 = DIRECTION ( 'NONE',  ( 9.118504024095125300E-011, 2.280196055141500500E-014, 1.000000000000000000 ) ) ;
#4261 = VECTOR ( 'NONE', #6621, 1000.000000000000000 ) ;
#4262 = DIRECTION ( 'NONE',  ( 1.000000000000000000, -4.764368105833717500E-012, -9.090955905807178500E-011 ) ) ;
#4263 =( LENGTH_UNIT ( ) NAMED_UNIT ( * ) SI_UNIT ( .MILLI., .METRE. ) );
#4264 = CARTESIAN_POINT ( 'NONE',  ( 1704.977359730794900, 129.7839511391837300, 2072.739233953700000 ) ) ;
#4265 = ORIENTED_EDGE ( 'NONE', *, *, #1931, .T. ) ;
#4266 = CARTESIAN_POINT ( 'NONE',  ( 1946.147095255923400, -104.7542203061885400, 2383.190973283607000 ) ) ;
#4267 = CARTESIAN_POINT ( 'NONE',  ( 1971.088787794029900, -85.40000000000301800, 1913.999999996755600 ) ) ;
#4268 = CARTESIAN_POINT ( 'NONE',  ( 1994.719999397111500, -182.5000000000045500, 2369.254424353543500 ) ) ;
#4269 = FACE_OUTER_BOUND ( 'NONE', #5665, .T. ) ;
#4270 =( LENGTH_UNIT ( ) NAMED_UNIT ( * ) SI_UNIT ( .MILLI., .METRE. ) );
#4271 = ORIENTED_EDGE ( 'NONE', *, *, #723, .T. ) ;
#4272 = EDGE_CURVE ( 'NONE', #1674, #7573, #2085, .T. ) ;
#4273 = CARTESIAN_POINT ( 'NONE',  ( 1839.999999962534000, 91.77999999999653400, 2028.786057687591000 ) ) ;
#4274 = VERTEX_POINT ( 'NONE', #8099 ) ;
#4275 = DIRECTION ( 'NONE',  ( 0.0000000000000000000, -0.9993900848364084500, 0.03492074355846700600 ) ) ;
#4276 = FACE_OUTER_BOUND ( 'NONE', #1138, .T. ) ;
#4277 = CARTESIAN_POINT ( 'NONE',  ( 1814.225292585302700, 91.77999999999666200, 1979.500000011056000 ) ) ;
#4278 = EDGE_CURVE ( 'NONE', #1875, #51, #3780, .T. ) ;
#4279 = AXIS2_PLACEMENT_3D ( 'NONE', #5668, #3762, #3049 ) ;
#4280 = CARTESIAN_POINT ( 'NONE',  ( 1676.260311030451900, 91.77999999999730100, 2125.119408651640700 ) ) ;
#4281 = DIRECTION ( 'NONE',  ( 0.0000000000000000000, 3.491483361109382500E-015, -1.000000000000000000 ) ) ;
#4282 = EDGE_LOOP ( 'NONE', ( #2099, #340, #7544, #819, #6239, #8194, #3472 ) ) ;
#4284 = ORIENTED_EDGE ( 'NONE', *, *, #5904, .F. ) ;
#4283 = CARTESIAN_POINT ( 'NONE',  ( 1954.999999956400000, 44.99999999999673900, 1961.500000005912400 ) ) ;
#4285 = DIRECTION ( 'NONE',  ( -9.110371506767478000E-011, -0.03489949670249756200, -0.9993908270190958700 ) ) ;
#4286 = LINE ( 'NONE', #2306, #7847 ) ;
#4287 = PLANE ( 'NONE',  #6704 ) ;
#4288 = DIRECTION ( 'NONE',  ( -0.0000000000000000000, -1.000000000000000000, -3.491483361109381700E-015 ) ) ;
#4289 = ADVANCED_FACE ( 'NONE', ( #325 ), #5260, .T. ) ;
#4290 = ORIENTED_EDGE ( 'NONE', *, *, #4397, .T. ) ;
#4291 = AXIS2_PLACEMENT_3D ( 'NONE', #2237, #4831, #2270 ) ;
#4292 = AXIS2_PLACEMENT_3D ( 'NONE', #6009, #2024, #6618 ) ;
#4293 = CARTESIAN_POINT ( 'NONE',  ( 1683.249467346605300, 129.7902424056704800, 2042.606268986888800 ) ) ;
#4294 = CARTESIAN_POINT ( 'NONE',  ( 1884.999999947512200, 109.4999999999968900, 1945.500000004472000 ) ) ;
#4295 = CARTESIAN_POINT ( 'NONE',  ( 1971.088787794029900, -85.66203889668931000, 1919.000000001928100 ) ) ;
#4296 = DIRECTION ( 'NONE',  ( 0.0000000000000000000, -1.000000000000000000, 0.0000000000000000000 ) ) ;
#4297 = EDGE_CURVE ( 'NONE', #2892, #7883, #6896, .T. ) ;
#4298 = EDGE_LOOP ( 'NONE', ( #8626, #3778 ) ) ;
#4299 = CARTESIAN_POINT ( 'NONE',  ( 1623.820551093793500, 129.4900109413360400, 2037.132107730167300 ) ) ;
#4300 = VECTOR ( 'NONE', #8542, 1000.000000000000000 ) ;
#4301 = CARTESIAN_POINT ( 'NONE',  ( 1964.999999967202500, -104.5000000000000000, 2286.600000026026900 ) ) ;
#4302 = DIRECTION ( 'NONE',  ( -1.000000000000000000, 0.0000000000000000000, 9.118355186099652200E-011 ) ) ;
#4303 = EDGE_LOOP ( 'NONE', ( #3844, #7474, #1204, #5501 ) ) ;
#4304 = CARTESIAN_POINT ( 'NONE',  ( 1628.695504201029300, -130.5348760441666800, 2034.942039958794600 ) ) ;
#4305 = AXIS2_PLACEMENT_3D ( 'NONE', #5721, #1670, #6328 ) ;
#4306 = EDGE_CURVE ( 'NONE', #707, #4781, #8701, .T. ) ;
#4307 = CARTESIAN_POINT ( 'NONE',  ( 1884.999999967202500, -500000.0000000000600, 2155.000000026027000 ) ) ;
#4308 = CARTESIAN_POINT ( 'NONE',  ( 1990.839459047266200, 33.48480033193583000, 1885.500000009618400 ) ) ;
#4309 = EDGE_LOOP ( 'NONE', ( #856, #1309 ) ) ;
#4310 = CARTESIAN_POINT ( 'NONE',  ( 1814.225292580675200, 21.73040617374917000, 1928.741157506099200 ) ) ;
#4311 = CARTESIAN_POINT ( 'NONE',  ( 1880.999999935018000, -65.00000000000389400, 2146.500000008745200 ) ) ;
#4312 = LINE ( 'NONE', #7215, #7665 ) ;
#4313 = CARTESIAN_POINT ( 'NONE',  ( 1884.999999947512200, 113.9999999999969000, 1955.000000004472000 ) ) ;
#4314 = CARTESIAN_POINT ( 'NONE',  ( 1687.690639290386100, 129.7636477283259900, 2039.856624061706300 ) ) ;
#4315 = ORIENTED_EDGE ( 'NONE', *, *, #4844, .T. ) ;
#4316 = CARTESIAN_POINT ( 'NONE',  ( 1964.999999967202500, -104.1870349947959100, 2317.500000026027000 ) ) ;
#4317 = CARTESIAN_POINT ( 'NONE',  ( 1662.473266916348600, 129.7858305809410500, 2011.884086807910800 ) ) ;
#4318 = VERTEX_POINT ( 'NONE', #8798 ) ;
#4319 = CARTESIAN_POINT ( 'NONE',  ( 0.0000000000000000000, 82.49999999999712900, 1871.300000002325300 ) ) ;
#4320 = CARTESIAN_POINT ( 'NONE',  ( 1990.839459047266200, 40.13480033193597800, 1885.500000009618400 ) ) ;
#4321 = DIRECTION ( 'NONE',  ( 1.000000000000000000, -4.764367991250474700E-012, -2.496899461086585000E-013 ) ) ;
#4322 = EDGE_CURVE ( 'NONE', #5842, #1966, #5452, .T. ) ;
#4323 = CARTESIAN_POINT ( 'NONE',  ( 1888.999999947512400, 83.49999999999704400, 1900.000000002324700 ) ) ;
#4324 = FACE_OUTER_BOUND ( 'NONE', #3146, .T. ) ;
#4325 = CARTESIAN_POINT ( 'NONE',  ( 1967.999999955329900, 91.77999999999691700, 1949.760949167452300 ) ) ;
#4326 = ADVANCED_FACE ( 'NONE', ( #5065 ), #4342, .T. ) ;
#4327 = DIRECTION ( 'NONE',  ( 0.0000000000000000000, -3.491483361109382500E-015, 1.000000000000000000 ) ) ;
#4328 = CARTESIAN_POINT ( 'NONE',  ( 1738.781871156090600, 79.99999999999680300, 1964.115982928103200 ) ) ;
#4329 = FACE_OUTER_BOUND ( 'NONE', #2941, .T. ) ;
#4330 = CARTESIAN_POINT ( 'NONE',  ( 1640.013524202940300, -130.5421899353063100, 2031.201287723141600 ) ) ;
#4331 = CARTESIAN_POINT ( 'NONE',  ( 1649.999999953209200, -126.2999999986758000, 1928.608039597244400 ) ) ;
#4332 = CARTESIAN_POINT ( 'NONE',  ( 1880.999999971812300, -65.00000000000331100, 1981.500000002846500 ) ) ;
#4333 = ORIENTED_EDGE ( 'NONE', *, *, #809, .T. ) ;
#4334 = EDGE_LOOP ( 'NONE', ( #1124, #5630, #4553, #1250 ) ) ;
#4335 = DIRECTION ( 'NONE',  ( -1.196245788188485300E-015, 1.000000000000000000, 9.835798702883013300E-015 ) ) ;
#4336 = VECTOR ( 'NONE', #3065, 1000.000000000000000 ) ;
#4337 = DIRECTION ( 'NONE',  ( -3.182806635077192000E-025, -3.491475051078775400E-015, 1.000000000000000000 ) ) ;
#4338 = AXIS2_PLACEMENT_3D ( 'NONE', #4812, #2049, #2751 ) ;
#4339 = FACE_OUTER_BOUND ( 'NONE', #6958, .T. ) ;
#4340 = CARTESIAN_POINT ( 'NONE',  ( 1703.391214734884700, 129.7924483180347000, 2073.721257526265200 ) ) ;
#4341 = EDGE_CURVE ( 'NONE', #7689, #6670, #4192, .T. ) ;
#4342 = PLANE ( 'NONE',  #2629 ) ;
#4343 = ORIENTED_EDGE ( 'NONE', *, *, #7708, .T. ) ;
#4344 = CARTESIAN_POINT ( 'NONE',  ( 1705.905887172668800, 129.7333671374012500, 2115.749626091676900 ) ) ;
#4345 = CARTESIAN_POINT ( 'NONE',  ( 1880.999999935018000, -62.21677477306678100, 1726.941558777811000 ) ) ;
#4346 = B_SPLINE_CURVE_WITH_KNOTS ( 'NONE', 3,
 ( #7370, #3567, #8067, #4257, #8735, #4874, #659, #5504, #1408 ),
 .UNSPECIFIED., .F., .F.,
 ( 4, 1, 2, 2, 4 ),
 ( 0.0000000000000000000, 0.008783497984073879200, 0.01317524697611082200, 0.01537112147212930100, 0.01756699596814777900 ),
 .UNSPECIFIED. ) ;
#4347 = CIRCLE ( 'NONE', #5009, 67.50000000000011400 ) ;
#4348 = CIRCLE ( 'NONE', #2549, 34.99999999999970200 ) ;
#4349 = CARTESIAN_POINT ( 'NONE',  ( 2279.555420702650300, -4.610000000003504200, 2053.999999968636500 ) ) ;
#4350 = AXIS2_PLACEMENT_3D ( 'NONE', #187, #972, #5757 ) ;
#4351 = CARTESIAN_POINT ( 'NONE',  ( 1829.555420693805200, -4.610000000003165800, 1956.970269493625200 ) ) ;
#4352 = AXIS2_PLACEMENT_3D ( 'NONE', #885, #2348, #5681 ) ;
#4353 = EDGE_LOOP ( 'NONE', ( #8520, #3810, #131, #361 ) ) ;
#4354 = CARTESIAN_POINT ( 'NONE',  ( 1938.499999952526200, -90.66203889639710700, 1894.000000002324200 ) ) ;
#4355 = CARTESIAN_POINT ( 'NONE',  ( 1907.499999953496200, -3.073929999430972000E-012, 1929.627996165333800 ) ) ;
#4356 = EDGE_CURVE ( 'NONE', #7169, #4018, #3346, .T. ) ;
#4357 = LINE ( 'NONE', #5666, #2512 ) ;
#4358 = DIRECTION ( 'NONE',  ( 0.0000000000000000000, 0.0000000000000000000, 1.000000000000000000 ) ) ;
#4359 = CARTESIAN_POINT ( 'NONE',  ( 1949.330942868693900, -130.4878886437369100, 2388.313092248211400 ) ) ;
#4360 = VERTEX_POINT ( 'NONE', #3711 ) ;
#4361 = ORIENTED_EDGE ( 'NONE', *, *, #2456, .F. ) ;
#4362 = FACE_OUTER_BOUND ( 'NONE', #7355, .T. ) ;
#4363 = CARTESIAN_POINT ( 'NONE',  ( 1649.999999967202500, 91.77999999999715900, 2132.205028249980400 ) ) ;
#4364 = CARTESIAN_POINT ( 'NONE',  ( 1948.603505389840400, -123.2499813796691800, 2387.418817365995900 ) ) ;
#4365 = CARTESIAN_POINT ( 'NONE',  ( 1682.615014304627500, 129.7880364933058700, 2042.999075347287500 ) ) ;
#4366 = ADVANCED_FACE ( 'NONE', ( #1613 ), #796, .F. ) ;
#4367 = VERTEX_POINT ( 'NONE', #4988 ) ;
#4368 = CONICAL_SURFACE ( 'NONE', #907, 9.737961103584824600, 0.05235987755978742400 ) ;
#4369 = ORIENTED_EDGE ( 'NONE', *, *, #3858, .T. ) ;
#4370 = PLANE ( 'NONE',  #3503 ) ;
#4371 = DIRECTION ( 'NONE',  ( 0.0000000000000000000, -1.000000000000000000, -3.491483361109382100E-015 ) ) ;
#4372 = EDGE_LOOP ( 'NONE', ( #290, #4452, #644, #3306, #6962, #7613 ) ) ;
#4373 = FACE_OUTER_BOUND ( 'NONE', #1248, .T. ) ;
#4374 = CARTESIAN_POINT ( 'NONE',  ( 1871.841650927247700, 67.66922058785942800, 1957.697020560774000 ) ) ;
#4375 = DIRECTION ( 'NONE',  ( -1.000000000000000000, 0.0000000000000000000, 9.116041255197152600E-011 ) ) ;
#4376 = EDGE_CURVE ( 'NONE', #4131, #2907, #8286, .T. ) ;
#4377 = ORIENTED_EDGE ( 'NONE', *, *, #8659, .F. ) ;
#4378 = ORIENTED_EDGE ( 'NONE', *, *, #2438, .T. ) ;
#4379 = CARTESIAN_POINT ( 'NONE',  ( 1946.603507753350600, -130.4247521082743000, 2359.033377607479000 ) ) ;
#4380 = LINE ( 'NONE', #8574, #7526 ) ;
#4381 = EDGE_CURVE ( 'NONE', #7890, #543, #3573, .T. ) ;
#4382 = DIRECTION ( 'NONE',  ( -3.182806635077191500E-025, -3.491475051078775400E-015, 1.000000000000000000 ) ) ;
#4383 = DIRECTION ( 'NONE',  ( 0.0000000000000000000, -1.000000000000000000, 0.0000000000000000000 ) ) ;
#4384 = ORIENTED_EDGE ( 'NONE', *, *, #8361, .F. ) ;
#4385 = CARTESIAN_POINT ( 'NONE',  ( 1731.512454054347700, -80.00000000000332500, 1995.425318166453500 ) ) ;
#4386 = CARTESIAN_POINT ( 'NONE',  ( 1938.499999952526200, -106.3000000000065900, 1891.000000002324400 ) ) ;
#4387 = CARTESIAN_POINT ( 'NONE',  ( 1660.887134311403800, 129.7803158000293400, 2012.866102708907400 ) ) ;
#4388 = DIRECTION ( 'NONE',  ( -1.000000000000000000, 1.111267503048323600E-039, -3.182802359415012600E-025 ) ) ;
#4389 = AXIS2_PLACEMENT_3D ( 'NONE', #5524, #1432, #6135 ) ;
#4390 = ORIENTED_EDGE ( 'NONE', *, *, #5190, .F. ) ;
#4391 = CARTESIAN_POINT ( 'NONE',  ( 1964.924429185867200, 91.77999999999686100, 1955.288978495344500 ) ) ;
#4392 = CARTESIAN_POINT ( 'NONE',  ( 1856.999999952526000, -105.0000000000068200, 1953.800000002324200 ) ) ;
#4393 = VECTOR ( 'NONE', #7508, 1000.000000000000000 ) ;
#4394 = DIRECTION ( 'NONE',  ( -0.5264027796016078600, 3.044220818073892200E-015, -0.8502353283813258700 ) ) ;
#4395 =( BOUNDED_CURVE ( )  B_SPLINE_CURVE ( 3, ( #1607, #2334, #6906, #7594 ),
 .UNSPECIFIED., .F., .F. ) 
 B_SPLINE_CURVE_WITH_KNOTS ( ( 4, 4 ),
 ( 0.03490658513103196000, 3.176499238720842800 ),
 .UNSPECIFIED. ) 
 CURVE ( )  GEOMETRIC_REPRESENTATION_ITEM ( )  RATIONAL_B_SPLINE_CURVE ( ( 1.000000000000000000, 0.3333333333333274300, 0.3333333333333274300, 1.000000000000000000 ) ) 
 REPRESENTATION_ITEM ( '' )  );
#4396 = DIRECTION ( 'NONE',  ( 8.614056039109578500E-029, 1.000000000000000000, 2.125227411117986800E-042 ) ) ;
#4397 = EDGE_CURVE ( 'NONE', #2289, #7664, #3112, .T. ) ;
#4398 = CARTESIAN_POINT ( 'NONE',  ( 1776.723619198440000, -2.886288944848104300E-012, 1967.433911309501400 ) ) ;
#4399 = ORIENTED_EDGE ( 'NONE', *, *, #5323, .T. ) ;
#4400 = ORIENTED_EDGE ( 'NONE', *, *, #6332, .F. ) ;
#4401 = ADVANCED_FACE ( 'NONE', ( #6502 ), #5648, .T. ) ;
#4402 = SURFACE_STYLE_FILL_AREA ( #983 ) ;
#4403 = ORIENTED_EDGE ( 'NONE', *, *, #4431, .F. ) ;
#4404 = VERTEX_POINT ( 'NONE', #831 ) ;
#4405 = CARTESIAN_POINT ( 'NONE',  ( 1958.132313955886500, -130.2781952697512500, 2336.304311300790700 ) ) ;
#4406 = MECHANICAL_DESIGN_GEOMETRIC_PRESENTATION_REPRESENTATION (  '', ( #3536 ), #4821 ) ;
#4407 = ORIENTED_EDGE ( 'NONE', *, *, #844, .F. ) ;
#4408 = EDGE_CURVE ( 'NONE', #5916, #5656, #4665, .T. ) ;
#4409 = CARTESIAN_POINT ( 'NONE',  ( 1866.249999952532300, 75.77722283113905600, 1885.500000009618400 ) ) ;
#4410 = PLANE ( 'NONE',  #2098 ) ;
#4411 = CIRCLE ( 'NONE', #3412, 6.650000000000093600 ) ;
#4412 = DIRECTION ( 'NONE',  ( 0.8502353283813350900, -0.0000000000000000000, -0.5264027796015928700 ) ) ;
#4413 = DIRECTION ( 'NONE',  ( 5.216720400711232900E-016, 1.000000000000000000, 9.520514731297212800E-015 ) ) ;
#4414 = EDGE_LOOP ( 'NONE', ( #3326, #2961 ) ) ;
#4415 = CARTESIAN_POINT ( 'NONE',  ( 1679.534079859370400, 129.6416757245108600, 2132.077097098165300 ) ) ;
#4416 = DIRECTION ( 'NONE',  ( -9.116564258946315900E-011, -1.623030845459554100E-014, -1.000000000000000000 ) ) ;
#4417 = VERTEX_POINT ( 'NONE', #3054 ) ;
#4418 = CARTESIAN_POINT ( 'NONE',  ( 1878.999999952525700, -94.00000000000682100, 1926.915268305596800 ) ) ;
#4419 = LINE ( 'NONE', #5295, #7786 ) ;
#4420 = DIRECTION ( 'NONE',  ( -0.0000000000000000000, 3.491475051101102100E-015, -1.000000000000000000 ) ) ;
#4421 = DIRECTION ( 'NONE',  ( 0.0000000000000000000, 0.0000000000000000000, 1.000000000000000000 ) ) ;
#4422 = CARTESIAN_POINT ( 'NONE',  ( 1864.999999956400400, 64.99999999999676000, 1961.499999999163700 ) ) ;
#4423 = CARTESIAN_POINT ( 'NONE',  ( 1964.376732559546300, -90.48242600736045900, 1955.476538180244200 ) ) ;
#4424 = EDGE_CURVE ( 'NONE', #821, #1043, #2886, .T. ) ;
#4425 = CARTESIAN_POINT ( 'NONE',  ( 1787.905153605222900, -2.972731271263062500E-012, 1936.988233591988800 ) ) ;
#4426 = CARTESIAN_POINT ( 'NONE',  ( 1922.499999947512600, 82.49999999999712900, 1871.300000002325300 ) ) ;
#4427 = CIRCLE ( 'NONE', #5008, 617.3453722301688900 ) ;
#4428 = EDGE_CURVE ( 'NONE', #4472, #7296, #1154, .T. ) ;
#4429 = FACE_OUTER_BOUND ( 'NONE', #165, .T. ) ;
#4430 = LINE ( 'NONE', #7099, #2603 ) ;
#4431 = EDGE_CURVE ( 'NONE', #8819, #7125, #924, .T. ) ;
#4432 = LINE ( 'NONE', #6501, #7580 ) ;
#4433 = DIRECTION ( 'NONE',  ( 0.8618976669184040800, 0.0000000000000000000, -0.5070822534467281900 ) ) ;
#4434 = CARTESIAN_POINT ( 'NONE',  ( 1689.593726542561600, 129.7222258696708400, 2038.678373304619500 ) ) ;
#4435 = CARTESIAN_POINT ( 'NONE',  ( 1981.493914706694600, -130.0182822618267000, 2321.845286836695300 ) ) ;
#4436 = VERTEX_POINT ( 'NONE', #5670 ) ;
#4437 = VECTOR ( 'NONE', #2589, 1000.000000000000000 ) ;
#4438 = FACE_OUTER_BOUND ( 'NONE', #6560, .T. ) ;
#4439 = LINE ( 'NONE', #8534, #7592 ) ;
#4440 = CARTESIAN_POINT ( 'NONE',  ( 1866.249999952532300, 82.42722283113926100, 1885.500000009618400 ) ) ;
#4441 = DIRECTION ( 'NONE',  ( 3.182806635077191500E-025, 3.491475051078775400E-015, -1.000000000000000000 ) ) ;
#4442 = AXIS2_PLACEMENT_3D ( 'NONE', #2557, #2250, #2389 ) ;
#4443 = CARTESIAN_POINT ( 'NONE',  ( 1884.999999967202500, -500000.0000000000600, 2125.000000026026100 ) ) ;
#4444 = DIRECTION ( 'NONE',  ( -0.05233595624294845600, 0.9986295347545736100, 0.0000000000000000000 ) ) ;
#4445 = ORIENTED_EDGE ( 'NONE', *, *, #3576, .T. ) ;
#4446 = CARTESIAN_POINT ( 'NONE',  ( 1973.037258492825500, -116.8995298825307700, 1998.870425119219600 ) ) ;
#4447 = ADVANCED_FACE ( 'NONE', ( #6317 ), #5928, .F. ) ;
#4448 =( BOUNDED_CURVE ( )  B_SPLINE_CURVE ( 3, ( #2240, #1487, #8166, #4351 ),
 .UNSPECIFIED., .F., .T. ) 
 B_SPLINE_CURVE_WITH_KNOTS ( ( 4, 4 ),
 ( 2.345645187267128700, 2.355889810910130900 ),
 .UNSPECIFIED. ) 
 CURVE ( )  GEOMETRIC_REPRESENTATION_ITEM ( )  RATIONAL_B_SPLINE_CURVE ( ( 1.000000000000000000, 0.9999912539929909400, 0.9999912539929909400, 1.000000000000000000 ) ) 
 REPRESENTATION_ITEM ( '' )  );
#4449 = LINE ( 'NONE', #6635, #3072 ) ;
#4450 = EDGE_CURVE ( 'NONE', #7089, #2559, #2658, .T. ) ;
#4451 = DIRECTION ( 'NONE',  ( -9.115924681779572100E-011, 0.0000000000000000000, -1.000000000000000000 ) ) ;
#4452 = ORIENTED_EDGE ( 'NONE', *, *, #4000, .F. ) ;
#4453 = DIRECTION ( 'NONE',  ( -1.000000000000000000, -0.0000000000000000000, 0.0000000000000000000 ) ) ;
#4454 = ORIENTED_EDGE ( 'NONE', *, *, #827, .T. ) ;
#4455 = CARTESIAN_POINT ( 'NONE',  ( 1999.637109156353700, 56.53062324232947600, 1954.245218693642100 ) ) ;
#4456 = CARTESIAN_POINT ( 'NONE',  ( 1866.249999952526000, -82.42722283114150600, 1885.500000009617900 ) ) ;
#4457 = VECTOR ( 'NONE', #7940, 1000.000000000000000 ) ;
#4458 = CARTESIAN_POINT ( 'NONE',  ( 1953.943138495821100, -104.5601019131727000, 2360.661406274818100 ) ) ;
#4459 = VERTEX_POINT ( 'NONE', #7620 ) ;
#4460 = DIRECTION ( 'NONE',  ( 0.0000000000000000000, -3.344045254895060600E-015, 1.000000000000000000 ) ) ;
#4461 = ORIENTED_EDGE ( 'NONE', *, *, #6960, .T. ) ;
#4462 = EDGE_CURVE ( 'NONE', #19, #6188, #8175, .T. ) ;
#4463 = CYLINDRICAL_SURFACE ( 'NONE', #714, 20.00000000000001800 ) ;
#4464 = ADVANCED_FACE ( 'NONE', ( #443 ), #1667, .T. ) ;
#4465 = VERTEX_POINT ( 'NONE', #1631 ) ;
#4467 = VERTEX_POINT ( 'NONE', #7646 ) ;
#4466 = DIRECTION ( 'NONE',  ( -1.000000000000000000, 0.0000000000000000000, 9.117105269228135500E-011 ) ) ;
#4468 = CARTESIAN_POINT ( 'NONE',  ( 1622.625208185396800, -86.00924963875303300, 2035.784779320712500 ) ) ;
#4469 = AXIS2_PLACEMENT_3D ( 'NONE', #69, #6258, #2330 ) ;
#4470 = DIRECTION ( 'NONE',  ( -9.117865069926245400E-011, -9.782067449765309600E-015, -1.000000000000000000 ) ) ;
#4471 = CARTESIAN_POINT ( 'NONE',  ( 1878.999999971988500, 96.99999999999634800, 2081.000000008745200 ) ) ;
#4472 = VERTEX_POINT ( 'NONE', #3859 ) ;
#4473 = EDGE_CURVE ( 'NONE', #7459, #7365, #7642, .T. ) ;
#4474 = ORIENTED_EDGE ( 'NONE', *, *, #876, .T. ) ;
#4475 = CARTESIAN_POINT ( 'NONE',  ( 1880.135417241027200, 72.46773597938401700, 1957.575065848273200 ) ) ;
#4476 = FACE_OUTER_BOUND ( 'NONE', #3577, .T. ) ;
#4477 = CARTESIAN_POINT ( 'NONE',  ( 1806.399763189148900, 101.9072336376810600, 1927.408181620690800 ) ) ;
#4478 = CARTESIAN_POINT ( 'NONE',  ( 1977.346150245639400, -79.00878623232192400, 1942.649681373091000 ) ) ;
#4479 = CARTESIAN_POINT ( 'NONE',  ( 1714.807911180161000, 129.4957545098616000, 2066.652884168853200 ) ) ;
#4480 = EDGE_CURVE ( 'NONE', #1647, #7278, #684, .T. ) ;
#4481 = ORIENTED_EDGE ( 'NONE', *, *, #5190, .T. ) ;
#4482 = CARTESIAN_POINT ( 'NONE',  ( 1814.225292580675200, 21.73040617374917000, 1928.741157506099200 ) ) ;
#4483 = VECTOR ( 'NONE', #4451, 1000.000000000000000 ) ;
#4484 = CARTESIAN_POINT ( 'NONE',  ( 1910.308710477728300, 67.11571044911512700, 1954.750072788558100 ) ) ;
#4485 = ADVANCED_FACE ( 'NONE', ( #4090 ), #2458, .T. ) ;
#4486 = EDGE_LOOP ( 'NONE', ( #7346, #8721 ) ) ;
#4487 = CARTESIAN_POINT ( 'NONE',  ( 1866.249999952532300, 75.77722283113905600, 1885.500000009618400 ) ) ;
#4488 = AXIS2_PLACEMENT_3D ( 'NONE', #6924, #6894, #8300 ) ;
#4489 = CARTESIAN_POINT ( 'NONE',  ( 1814.225292585302700, -86.00924963875363000, 1979.500000011055100 ) ) ;
#4490 = VECTOR ( 'NONE', #7136, 1000.000000000000000 ) ;
#4491 = EDGE_CURVE ( 'NONE', #461, #1642, #7204, .T. ) ;
#4492 = VERTEX_POINT ( 'NONE', #3889 ) ;
#4493 = PLANE ( 'NONE',  #6976 ) ;
#4494 = CARTESIAN_POINT ( 'NONE',  ( 1884.999999947511900, 112.1593086621268000, 1934.000000004471800 ) ) ;
#4495 = CARTESIAN_POINT ( 'NONE',  ( 1975.406869188748700, -43.01424801730901500, 1958.736396853807700 ) ) ;
#4496 = FACE_OUTER_BOUND ( 'NONE', #7412, .T. ) ;
#4497 =( BOUNDED_SURFACE ( )  B_SPLINE_SURFACE ( 3, 3, ( 
 ( #5965, #7225, #3450, #7924 ),
 ( #4122, #8595, #4744, #504 ),
 ( #5369, #1254, #5991, #2001 ),
 ( #6596, #2739, #7253, #3474 ),
 ( #7947, #4146, #8624, #4770 ),
 ( #535, #5399, #1284, #6015 ),
 ( #2034, #6627, #2772, #7285 ),
 ( #3513, #7979, #4178, #8656 ),
 ( #4798, #570, #5426, #1321 ),
 ( #6038, #2068, #6655, #2807 ),
 ( #7316, #3543, #8014, #4203 ),
 ( #8684, #4828, #604, #5451 ),
 ( #1352, #6067, #2101, #6683 ),
 ( #2841, #7342, #3572, #8046 ),
 ( #4232, #8712, #4854, #637 ),
 ( #5480, #1384, #6096, #2136 ),
 ( #6709, #2871, #7378, #3599 ),
 ( #8074, #4264, #8742, #4880 ),
 ( #668, #5511, #1413, #6122 ),
 ( #2167, #6736, #2899, #7404 ),
 ( #3623, #8100, #4293, #8774 ),
 ( #4907, #696, #5540, #1449 ),
 ( #6150, #2199, #6767, #2935 ),
 ( #7435, #3651, #8134, #4317 ),
 ( #8799, #4935, #733, #5567 ),
 ( #1480, #6175, #2232, #6797 ),
 ( #2962, #7466, #3681, #8159 ),
 ( #4344, #1, #4962, #763 ),
 ( #5590, #1510, #6202, #2264 ),
 ( #6820, #2992, #7500, #3712 ) ),
 .UNSPECIFIED., .F., .F., .F. ) 
 B_SPLINE_SURFACE_WITH_KNOTS ( ( 4, 3, 1, 1, 3, 1, 1, 3, 3, 1, 1, 3, 1, 1, 3, 4 ),
 ( 4, 4 ),
 ( 0.0000000000000000000, 0.7156312437694254400, 0.7184088244976228900, 0.7211864052258203400, 0.7239639859540176700, 0.7267414806891465700, 0.7295189754242752400, 0.7322964701594041300, 0.7489611987365169000, 0.7517386934716454600, 0.7545161882067739100, 0.7572936829419024700, 0.7600711776770310300, 0.7628486724121594800, 0.7656261671472879300, 0.8810760919205439200 ),
 ( 0.0000000000000000000, 1.000000000000000000 ),
 .UNSPECIFIED. ) 
 GEOMETRIC_REPRESENTATION_ITEM ( )  RATIONAL_B_SPLINE_SURFACE ( (
 ( 1.000000000000000000, 1.000000000000000000, 1.000000000000000000, 1.000000000000000000),
 ( 0.9990301254229312400, 0.9990301254229312400, 0.9990301254229312400, 0.9990301254229312400),
 ( 0.9990301254229312400, 0.9990301254229312400, 0.9990301254229312400, 0.9990301254229312400),
 ( 1.000000000000000000, 1.000000000000000000, 1.000000000000000000, 1.000000000000000000),
 ( 1.000000000000000000, 1.000000000000000000, 1.000000000000000000, 1.000000000000000000),
 ( 1.000000000000000000, 1.000000000000000000, 1.000000000000000000, 1.000000000000000000),
 ( 1.000000000000000000, 1.000000000000000000, 1.000000000000000000, 1.000000000000000000),
 ( 1.000000000000000000, 1.000000000000000000, 1.000000000000000000, 1.000000000000000000),
 ( 1.000000000000000000, 1.000000000000000000, 1.000000000000000000, 1.000000000000000000),
 ( 1.000000000000000000, 1.000000000000000000, 1.000000000000000000, 1.000000000000000000),
 ( 1.000000000000000000, 1.000000000000000000, 1.000000000000000000, 1.000000000000000000),
 ( 1.000000000000000000, 1.000000000000000000, 1.000000000000000000, 1.000000000000000000),
 ( 1.000000000000000000, 1.000000000000000000, 1.000000000000000000, 1.000000000000000000),
 ( 1.000000000000000000, 1.000000000000000000, 1.000000000000000000, 1.000000000000000000),
 ( 0.9999616229803441900, 0.9999616229803441900, 0.9999616229803441900, 0.9999616229803441900),
 ( 0.9999616229803441900, 0.9999616229803441900, 0.9999616229803441900, 0.9999616229803441900),
 ( 1.000000000000000000, 1.000000000000000000, 1.000000000000000000, 1.000000000000000000),
 ( 1.000000000000000000, 1.000000000000000000, 1.000000000000000000, 1.000000000000000000),
 ( 1.000000000000000000, 1.000000000000000000, 1.000000000000000000, 1.000000000000000000),
 ( 1.000000000000000000, 1.000000000000000000, 1.000000000000000000, 1.000000000000000000),
 ( 1.000000000000000000, 1.000000000000000000, 1.000000000000000000, 1.000000000000000000),
 ( 1.000000000000000000, 1.000000000000000000, 1.000000000000000000, 1.000000000000000000),
 ( 1.000000000000000000, 1.000000000000000000, 1.000000000000000000, 1.000000000000000000),
 ( 1.000000000000000000, 1.000000000000000000, 1.000000000000000000, 1.000000000000000000),
 ( 1.000000000000000000, 1.000000000000000000, 1.000000000000000000, 1.000000000000000000),
 ( 1.000000000000000000, 1.000000000000000000, 1.000000000000000000, 1.000000000000000000),
 ( 1.000000000000000000, 1.000000000000000000, 1.000000000000000000, 1.000000000000000000),
 ( 1.000000000000000000, 1.000000000000000000, 1.000000000000000000, 1.000000000000000000),
 ( 1.000000000000000000, 1.000000000000000000, 1.000000000000000000, 1.000000000000000000),
 ( 1.000000000000000000, 1.000000000000000000, 1.000000000000000000, 1.000000000000000000) ) ) 
 REPRESENTATION_ITEM ( '' )  SURFACE ( )  );
#4498 = DIRECTION ( 'NONE',  ( 1.000000000000000000, 0.0000000000000000000, -9.116041255197152600E-011 ) ) ;
#4499 = ORIENTED_EDGE ( 'NONE', *, *, #2748, .F. ) ;
#4500 = CARTESIAN_POINT ( 'NONE',  ( 1814.999999952526000, 83.99999999999337800, 1926.566655373678500 ) ) ;
#4501 = ADVANCED_FACE ( 'NONE', ( #2200 ), #990, .T. ) ;
#4502 = CARTESIAN_POINT ( 'NONE',  ( 1981.035293792913100, 75.69393356483543300, 1942.520853641399500 ) ) ;
#4503 = EDGE_CURVE ( 'NONE', #436, #2808, #1960, .T. ) ;
#4504 = VECTOR ( 'NONE', #2670, 1000.000000000000000 ) ;
#4505 = ORIENTED_EDGE ( 'NONE', *, *, #6817, .F. ) ;
#4506 = DIRECTION ( 'NONE',  ( -9.115924681779572100E-011, -0.0000000000000000000, -1.000000000000000000 ) ) ;
#4507 = EDGE_LOOP ( 'NONE', ( #7352, #8418, #7684, #1804 ) ) ;
#4508 = CARTESIAN_POINT ( 'NONE',  ( 1884.999999967202500, -91.99999999998453900, 2095.000000026027000 ) ) ;
#4509 = VECTOR ( 'NONE', #5653, 1000.000000000000100 ) ;
#4510 =( NAMED_UNIT ( * ) PLANE_ANGLE_UNIT ( ) SI_UNIT ( $, .RADIAN. ) );
#4511 = AXIS2_PLACEMENT_3D ( 'NONE', #3723, #8196, #4375 ) ;
#4512 = CARTESIAN_POINT ( 'NONE',  ( 1804.690367760823200, 119.2934261084511300, 1928.608429526607800 ) ) ;
#4513 = ORIENTED_EDGE ( 'NONE', *, *, #928, .F. ) ;
#4514 = VECTOR ( 'NONE', #262, 1000.000000000000000 ) ;
#4515 = CARTESIAN_POINT ( 'NONE',  ( 1776.723619198439800, -2.775557561562891400E-012, 1967.433911309501100 ) ) ;
#4516 = CIRCLE ( 'NONE', #5647, 38.49999999999997900 ) ;
#4517 = FILL_AREA_STYLE_COLOUR ( '', #2341 ) ;
#4518 = CARTESIAN_POINT ( 'NONE',  ( 1875.250690635727800, 113.4872752727662000, 1939.389118492566200 ) ) ;
#4519 = CARTESIAN_POINT ( 'NONE',  ( 1947.333092994694900, -126.3143577134211500, 1928.608792026084100 ) ) ;
#4520 = EDGE_CURVE ( 'NONE', #1121, #3373, #5878, .T. ) ;
#4521 = ADVANCED_FACE ( 'NONE', ( #8800 ), #2491, .F. ) ;
#4522 = CARTESIAN_POINT ( 'NONE',  ( 1869.999999971988200, 62.99999999999634800, 2146.500000008745200 ) ) ;
#4523 = VERTEX_POINT ( 'NONE', #8392 ) ;
#4524 = LINE ( 'NONE', #4910, #976 ) ;
#4525 = FACE_OUTER_BOUND ( 'NONE', #395, .T. ) ;
#4526 = CARTESIAN_POINT ( 'NONE',  ( 1992.941719357069400, -58.60471663653987000, 1929.731117337110600 ) ) ;
#4527 = EDGE_CURVE ( 'NONE', #8283, #1492, #6996, .T. ) ;
#4528 = CARTESIAN_POINT ( 'NONE',  ( 1964.999999967202500, -104.5000000000000000, 2230.000000026026600 ) ) ;
#4529 = ORIENTED_EDGE ( 'NONE', *, *, #5299, .F. ) ;
#4530 = EDGE_LOOP ( 'NONE', ( #910, #8275, #3768, #314 ) ) ;
#4531 = EDGE_CURVE ( 'NONE', #5105, #7056, #212, .T. ) ;
#4532 = CARTESIAN_POINT ( 'NONE',  ( 1839.254274711439800, -73.19364226586968400, 1926.944021698945300 ) ) ;
#4533 = PLANE ( 'NONE',  #5174 ) ;
#4534 = FACE_OUTER_BOUND ( 'NONE', #6381, .T. ) ;
#4535 = VECTOR ( 'NONE', #8329, 1000.000000000000100 ) ;
#4536 = CARTESIAN_POINT ( 'NONE',  ( 1763.681442596289800, -52.29769945504254000, 1949.837797159935500 ) ) ;
#4537 = EDGE_LOOP ( 'NONE', ( #7867, #3127, #3356, #6707 ) ) ;
#4538 = CARTESIAN_POINT ( 'NONE',  ( 1884.999999956855800, 71.99999999999678800, 1966.500000004604800 ) ) ;
#4539 = B_SPLINE_CURVE_WITH_KNOTS ( 'NONE', 3,
 ( #1505, #757, #2259, #6813, #2986, #7492, #3705, #8183, #4364, #31, #4982, #787, #5614, #1536, #6223, #2290 ),
 .UNSPECIFIED., .F., .F.,
 ( 4, 2, 2, 2, 2, 2, 2, 4 ),
 ( 0.0000000000000000000, 0.006744877551784707200, 0.01348975510356941400, 0.01686219387946176800, 0.02023463265535412100, 0.02360707143124647600, 0.02529329081919262300, 0.02697951020713877000 ),
 .UNSPECIFIED. ) ;
#4540 = VECTOR ( 'NONE', #2322, 1000.000000000000100 ) ;
#4541 = DIRECTION ( 'NONE',  ( 0.0000000000000000000, 4.163336342344333100E-015, -1.000000000000000000 ) ) ;
#4542 = CARTESIAN_POINT ( 'NONE',  ( 1680.555303526614100, -130.5607990506771300, 2040.653383079540800 ) ) ;
#4543 = AXIS2_PLACEMENT_3D ( 'NONE', #3015, #6219, #8206 ) ;
#4544 = ORIENTED_EDGE ( 'NONE', *, *, #7725, .T. ) ;
#4545 = CARTESIAN_POINT ( 'NONE',  ( 1873.859078778606800, 114.1783316195916700, 1948.449509021493900 ) ) ;
#4546 = DIRECTION ( 'NONE',  ( 0.0000000000000000000, -1.000000000000000000, -3.491483361109382100E-015 ) ) ;
#4547 = ORIENTED_EDGE ( 'NONE', *, *, #4837, .T. ) ;
#4548 = EDGE_CURVE ( 'NONE', #5565, #7064, #5352, .T. ) ;
#4549 = VECTOR ( 'NONE', #7407, 1000.000000000000000 ) ;
#4550 = CARTESIAN_POINT ( 'NONE',  ( 1959.857241326138800, -114.5951454488086500, 1930.680850451838800 ) ) ;
#4551 = DIRECTION ( 'NONE',  ( 0.0000000000000000000, 0.0000000000000000000, 1.000000000000000000 ) ) ;
#4552 = CARTESIAN_POINT ( 'NONE',  ( 1965.716987436550900, 84.71685667278842400, 1930.681825927484600 ) ) ;
#4553 = ORIENTED_EDGE ( 'NONE', *, *, #525, .F. ) ;
#4554 = CIRCLE ( 'NONE', #1897, 3.400000000000069600 ) ;
#4555 = AXIS2_PLACEMENT_3D ( 'NONE', #2829, #7333, #3564 ) ;
#4556 = CARTESIAN_POINT ( 'NONE',  ( 1974.999999935018000, 28.99999999999721500, 1726.941558769242400 ) ) ;
#4557 = ADVANCED_FACE ( 'NONE', ( #1725 ), #1497, .T. ) ;
#4558 = EDGE_CURVE ( 'NONE', #3648, #1167, #1013, .T. ) ;
#4559 = CARTESIAN_POINT ( 'NONE',  ( 1975.235539951654600, 82.93420091441767300, 1954.619816171788700 ) ) ;
#4560 = EDGE_LOOP ( 'NONE', ( #6481, #6876, #3756, #71, #5828, #6010 ) ) ;
#4561 = ORIENTED_EDGE ( 'NONE', *, *, #8494, .F. ) ;
#4562 = CARTESIAN_POINT ( 'NONE',  ( 1864.999999958223500, 64.99999999999670300, 1981.500000005110700 ) ) ;
#4563 = FACE_BOUND ( 'NONE', #1831, .T. ) ;
#4564 = DIRECTION ( 'NONE',  ( 0.0000000000000000000, 0.0000000000000000000, -1.000000000000000000 ) ) ;
#4565 = EDGE_LOOP ( 'NONE', ( #476, #7783, #2630, #7793 ) ) ;
#4566 = DIRECTION ( 'NONE',  ( -0.0000000000000000000, 1.000000000000000000, 3.491475051101102100E-015 ) ) ;
#4567 = AXIS2_PLACEMENT_3D ( 'NONE', #4210, #4832, #612 ) ;
#4568 = CARTESIAN_POINT ( 'NONE',  ( 1696.746818484412000, -130.5621855760597600, 2062.630907829222900 ) ) ;
#4569 = CARTESIAN_POINT ( 'NONE',  ( 1856.999999952526000, -105.0000000000067400, 1931.300000002324200 ) ) ;
#4570 = CARTESIAN_POINT ( 'NONE',  ( 1879.899636269221000, 114.0332660117182700, 1955.814012481097700 ) ) ;
#4571 = EDGE_CURVE ( 'NONE', #4204, #113, #8589, .T. ) ;
#4572 = VERTEX_POINT ( 'NONE', #5831 ) ;
#4573 = CARTESIAN_POINT ( 'NONE',  ( 1892.999999955949300, 51.99999999999682400, 1956.553146291896800 ) ) ;
#4574 = CARTESIAN_POINT ( 'NONE',  ( 2011.633245392818300, -129.7094973394964100, 2323.017342566699900 ) ) ;
#4575 = EDGE_CURVE ( 'NONE', #3025, #1814, #3454, .T. ) ;
#4576 = CARTESIAN_POINT ( 'NONE',  ( 2002.733645920294300, -35.26451422635304300, 1917.015220965455900 ) ) ;
#4577 = AXIS2_PLACEMENT_3D ( 'NONE', #5754, #1706, #6361 ) ;
#4578 = CARTESIAN_POINT ( 'NONE',  ( 1865.733784524529500, -86.05503909347605400, 1926.498890548596600 ) ) ;
#4579 = ORIENTED_EDGE ( 'NONE', *, *, #1583, .F. ) ;
#4580 = CARTESIAN_POINT ( 'NONE',  ( 1757.465313220486900, -2.628316702653864000E-012, 1979.357228841498000 ) ) ;
#4581 = CARTESIAN_POINT ( 'NONE',  ( 2006.518351837687300, 42.23760966432725900, 1952.105373766148400 ) ) ;
#4582 = CYLINDRICAL_SURFACE ( 'NONE', #4927, 38.49999999999997900 ) ;
#4583 = DIRECTION ( 'NONE',  ( -1.000000000000000000, -0.0000000000000000000, -0.0000000000000000000 ) ) ;
#4584 = EDGE_LOOP ( 'NONE', ( #2460, #6140, #4686, #2109 ) ) ;
#4585 = AXIS2_PLACEMENT_3D ( 'NONE', #2138, #6098, #2842 ) ;
#4586 = VERTEX_POINT ( 'NONE', #2587 ) ;
#4587 = LINE ( 'NONE', #130, #6242 ) ;
#4588 = CARTESIAN_POINT ( 'NONE',  ( 1831.659462764383300, -130.5624128284696300, 2279.854900627905900 ) ) ;
#4589 = DIRECTION ( 'NONE',  ( 0.0000000000000000000, 1.000000000000000000, 0.0000000000000000000 ) ) ;
#4590 = EDGE_CURVE ( 'NONE', #8381, #2463, #6798, .T. ) ;
#4591 = CARTESIAN_POINT ( 'NONE',  ( 1698.601610589852500, -130.5537005059673300, 2091.174427417461600 ) ) ;
#4592 = EDGE_LOOP ( 'NONE', ( #2103, #3258, #4128, #1194, #7980, #7473, #3871, #7586 ) ) ;
#4593 = DIRECTION ( 'NONE',  ( 0.0000000000000000000, 0.0000000000000000000, 1.000000000000000000 ) ) ;
#4594 = ADVANCED_FACE ( 'NONE', ( #8174, #8387 ), #358, .T. ) ;
#4595 = VECTOR ( 'NONE', #3120, 1000.000000000000000 ) ;
#4596 = CARTESIAN_POINT ( 'NONE',  ( 1649.999999967202700, 129.7358076895025100, 2023.883199571665500 ) ) ;
#4597 = CARTESIAN_POINT ( 'NONE',  ( 1888.999999947512400, 82.49999999999690200, 1940.000000006618800 ) ) ;
#4598 = DIRECTION ( 'NONE',  ( 3.182806635077191500E-025, 3.491475051078775400E-015, -1.000000000000000000 ) ) ;
#4599 = EDGE_LOOP ( 'NONE', ( #5034, #8098, #6678, #1694 ) ) ;
#4600 = CARTESIAN_POINT ( 'NONE',  ( 1955.479357758316400, 89.03158177376950300, 1918.665377074280300 ) ) ;
#4601 = EDGE_CURVE ( 'NONE', #4417, #363, #6399, .T. ) ;
#4602 = CARTESIAN_POINT ( 'NONE',  ( 1968.407281543753500, 84.00860431712783300, 1936.099995257414500 ) ) ;
#4603 = CIRCLE ( 'NONE', #5486, 20.00000000000001800 ) ;
#4604 = CARTESIAN_POINT ( 'NONE',  ( 1884.999999947512200, 140.4999999999968700, 1957.000000004472200 ) ) ;
#4605 = CARTESIAN_POINT ( 'NONE',  ( 1814.999999952526000, 98.39999999999345400, 1931.300000002324900 ) ) ;
#4606 = VECTOR ( 'NONE', #5690, 1000.000000000000000 ) ;
#4607 = CIRCLE ( 'NONE', #7135, 6.650000000000086500 ) ;
#4608 = AXIS2_PLACEMENT_3D ( 'NONE', #7978, #4176, #8654 ) ;
#4609 = LINE ( 'NONE', #1175, #619 ) ;
#4610 = DIRECTION ( 'NONE',  ( 0.0000000000000000000, 1.000000000000000000, 3.491475051101101300E-015 ) ) ;
#4611 = CIRCLE ( 'NONE', #7733, 3.400000000000138900 ) ;
#4612 = CARTESIAN_POINT ( 'NONE',  ( 1761.951150268581800, -130.5590915057699100, 2135.943527402626400 ) ) ;
#4613 = EDGE_CURVE ( 'NONE', #2197, #1973, #4764, .T. ) ;
#4614 = CARTESIAN_POINT ( 'NONE',  ( 1909.999999956400200, -3.184808631561151800E-012, 1961.500000002324700 ) ) ;
#4615 = CARTESIAN_POINT ( 'NONE',  ( 1684.923599641125700, -130.5382811681887700, 2115.508057059475000 ) ) ;
#4616 = CARTESIAN_POINT ( 'NONE',  ( 1990.839459047266200, 33.48480033193583000, 1885.500000009618400 ) ) ;
#4617 = VERTEX_POINT ( 'NONE', #5872 ) ;
#4618 = CONICAL_SURFACE ( 'NONE', #4442, 617.6991209245869600, 0.05235987755987146100 ) ;
#4619 = CARTESIAN_POINT ( 'NONE',  ( 1822.027421788920300, 123.1714467451176500, 2037.451146032515200 ) ) ;
#4620 = LINE ( 'NONE', #7801, #2616 ) ;
#4621 = FACE_OUTER_BOUND ( 'NONE', #4116, .T. ) ;
#4622 = CARTESIAN_POINT ( 'NONE',  ( 1952.199566933992200, 91.26203889662252800, 1919.000000002324900 ) ) ;
#4623 = VERTEX_POINT ( 'NONE', #8503 ) ;
#4624 = CARTESIAN_POINT ( 'NONE',  ( 1964.999999967202500, -104.5000000000000000, 2326.600000026028300 ) ) ;
#4625 = EDGE_CURVE ( 'NONE', #1025, #2254, #1028, .T. ) ;
#4626 = LINE ( 'NONE', #1982, #2843 ) ;
#4627 = CARTESIAN_POINT ( 'NONE',  ( 1880.999999935018000, 64.99999999999758400, 1726.941558777811500 ) ) ;
#4628 = ADVANCED_FACE ( 'NONE', ( #1261 ), #2763, .T. ) ;
#4629 = ORIENTED_EDGE ( 'NONE', *, *, #2567, .F. ) ;
#4630 = DIRECTION ( 'NONE',  ( 1.000000000000000000, 1.040834085586083300E-015, -9.116041255197152600E-011 ) ) ;
#4631 = B_SPLINE_CURVE_WITH_KNOTS ( 'NONE', 3,
 ( #485, #601, #554, #431 ),
 .UNSPECIFIED., .F., .F.,
 ( 4, 4 ),
 ( 0.0000000000000000000, 1.000000000000000000 ),
 .UNSPECIFIED. ) ;
#4632 = CIRCLE ( 'NONE', #1344, 18.99999999999968400 ) ;
#4633 = CARTESIAN_POINT ( 'NONE',  ( 1649.999999967202500, -72.00000000000361000, 2080.000000026026100 ) ) ;
#4634 = EDGE_CURVE ( 'NONE', #4201, #7855, #7899, .T. ) ;
#4635 = ORIENTED_EDGE ( 'NONE', *, *, #8727, .T. ) ;
#4636 = CARTESIAN_POINT ( 'NONE',  ( 1649.999999967202500, -148.0000000000036900, 2080.000000026025600 ) ) ;
#4637 = VERTEX_POINT ( 'NONE', #3369 ) ;
#4638 = CARTESIAN_POINT ( 'NONE',  ( 1759.073936254471400, -130.3625399225013600, 1950.655284938606400 ) ) ;
#4639 = ADVANCED_FACE ( 'NONE', ( #798 ), #2550, .T. ) ;
#4640 = CARTESIAN_POINT ( 'NONE',  ( 1856.999999952526000, -94.00000000000682100, 1931.300000002324200 ) ) ;
#4641 = LINE ( 'NONE', #4024, #5912 ) ;
#4642 = AXIS2_PLACEMENT_3D ( 'NONE', #4633, #373, #5267 ) ;
#4643 = DIRECTION ( 'NONE',  ( -1.000000000000000000, 0.0000000000000000000, 9.116012008145907000E-011 ) ) ;
#4644 = AXIS2_PLACEMENT_3D ( 'NONE', #6719, #2882, #7388 ) ;
#4645 = CARTESIAN_POINT ( 'NONE',  ( 1887.603723478662200, 113.3243708770105100, 1956.707596999079400 ) ) ;
#4646 = CARTESIAN_POINT ( 'NONE',  ( 1720.301274019226200, 129.7825209924252500, 2096.897939418931900 ) ) ;
#4647 = ORIENTED_EDGE ( 'NONE', *, *, #4473, .T. ) ;
#4648 = ORIENTED_EDGE ( 'NONE', *, *, #4520, .F. ) ;
#4649 = EDGE_CURVE ( 'NONE', #255, #2305, #6023, .T. ) ;
#4650 = DIRECTION ( 'NONE',  ( 0.0000000000000000000, -1.000000000000000000, 0.0000000000000000000 ) ) ;
#4651 = DIRECTION ( 'NONE',  ( -0.5023550860611840600, 0.007693889559625335400, -0.8646271864635675100 ) ) ;
#4652 = CARTESIAN_POINT ( 'NONE',  ( 1813.386030548223100, -18.15681634191918200, 1928.865950012893100 ) ) ;
#4653 = CARTESIAN_POINT ( 'NONE',  ( 1814.483153948705600, -94.00910858275439400, 1926.915745672071800 ) ) ;
#4654 = ORIENTED_EDGE ( 'NONE', *, *, #3687, .F. ) ;
#4655 = CARTESIAN_POINT ( 'NONE',  ( 1634.999999967202700, 122.4999999999966500, 2003.500000003669800 ) ) ;
#4656 = VERTEX_POINT ( 'NONE', #3407 ) ;
#4657 = CARTESIAN_POINT ( 'NONE',  ( 1878.999999952525700, -116.0000000000066400, 1928.068239449823300 ) ) ;
#4658 = AXIS2_PLACEMENT_3D ( 'NONE', #477, #5353, #1235 ) ;
#4659 = FACE_OUTER_BOUND ( 'NONE', #6786, .T. ) ;
#4660 = CARTESIAN_POINT ( 'NONE',  ( 1967.457175872078600, 102.1377004900424300, 1926.837795854296900 ) ) ;
#4661 = CARTESIAN_POINT ( 'NONE',  ( 1866.249999952526000, -75.77722283114127300, 1895.000000009617200 ) ) ;
#4662 = ORIENTED_EDGE ( 'NONE', *, *, #6256, .F. ) ;
#4663 = CARTESIAN_POINT ( 'NONE',  ( 1766.195563606407400, -2.970060835085879500E-012, 1950.429204741874900 ) ) ;
#4664 = ORIENTED_EDGE ( 'NONE', *, *, #8659, .T. ) ;
#4665 = CIRCLE ( 'NONE', #4044, 8.950000000000111200 ) ;
#4666 = CARTESIAN_POINT ( 'NONE',  ( 1990.839459047263300, -26.83480033194833700, 1885.500000009617900 ) ) ;
#4667 = DIRECTION ( 'NONE',  ( 0.0000000000000000000, -1.000000000000000000, -3.491475051078775400E-015 ) ) ;
#4668 = ORIENTED_EDGE ( 'NONE', *, *, #7655, .F. ) ;
#4669 = CARTESIAN_POINT ( 'NONE',  ( 1739.059087960419900, 79.99999999999631900, 2087.695578396612300 ) ) ;
#4670 = CARTESIAN_POINT ( 'NONE',  ( 1629.566537010930500, -130.5367068040590400, 2030.836680212499500 ) ) ;
#4671 = ORIENTED_EDGE ( 'NONE', *, *, #3870, .T. ) ;
#4672 = CARTESIAN_POINT ( 'NONE',  ( 1895.625853265084700, 112.0814312453900200, 1949.945228144434200 ) ) ;
#4673 = DIRECTION ( 'NONE',  ( 0.0000000000000000000, 1.000000000000000000, 0.0000000000000000000 ) ) ;
#4674 = ADVANCED_FACE ( 'NONE', ( #7743 ), #1955, .T. ) ;
#4675 = LINE ( 'NONE', #7772, #6130 ) ;
#4676 = EDGE_CURVE ( 'NONE', #8448, #8103, #6214, .T. ) ;
#4677 = DIRECTION ( 'NONE',  ( -1.000000000000000000, 0.0000000000000000000, 9.116012008145907000E-011 ) ) ;
#4678 = VERTEX_POINT ( 'NONE', #4111 ) ;
#4679 = DIRECTION ( 'NONE',  ( 0.8618165120599381400, 0.004161120341377199000, -0.5072030999691811100 ) ) ;
#4680 = EDGE_CURVE ( 'NONE', #7717, #51, #2993, .T. ) ;
#4681 = AXIS2_PLACEMENT_3D ( 'NONE', #99, #5035, #864 ) ;
#4682 =( BOUNDED_CURVE ( )  B_SPLINE_CURVE ( 3, ( #6136, #2918, #7421, #3641 ),
 .UNSPECIFIED., .F., .F. ) 
 B_SPLINE_CURVE_WITH_KNOTS ( ( 4, 4 ),
 ( 0.03490658513103195300, 3.176499238720825100 ),
 .UNSPECIFIED. ) 
 CURVE ( )  GEOMETRIC_REPRESENTATION_ITEM ( )  RATIONAL_B_SPLINE_CURVE ( ( 1.000000000000000000, 0.3333333333333333700, 0.3333333333333333700, 1.000000000000000000 ) ) 
 REPRESENTATION_ITEM ( '' )  );
#4683 = VECTOR ( 'NONE', #1881, 1000.000000000000100 ) ;
#4684 = CARTESIAN_POINT ( 'NONE',  ( 1953.943138495821100, -104.5601019131729000, 2360.661406274818100 ) ) ;
#4685 = ADVANCED_FACE ( 'NONE', ( #5839 ), #2684, .T. ) ;
#4686 = ORIENTED_EDGE ( 'NONE', *, *, #44, .F. ) ;
#4687 = CARTESIAN_POINT ( 'NONE',  ( 1697.593142457037600, -80.00000000000336800, 2016.425645147677400 ) ) ;
#4688 = DIRECTION ( 'NONE',  ( -0.5256813628870534700, -0.05233595624294095500, -0.8490701104133550100 ) ) ;
#4689 = CIRCLE ( 'NONE', #245, 8.950000000000111200 ) ;
#4690 = CARTESIAN_POINT ( 'NONE',  ( 1690.626944591783500, 129.7046216362529900, 2109.543801040960300 ) ) ;
#4691 = ORIENTED_EDGE ( 'NONE', *, *, #960, .F. ) ;
#4692 = AXIS2_PLACEMENT_3D ( 'NONE', #3836, #5104, #3775 ) ;
#4693 = AXIS2_PLACEMENT_3D ( 'NONE', #6587, #7938, #4138 ) ;
#4694 = DIRECTION ( 'NONE',  ( -1.000000000000000000, 0.0000000000000000000, 9.116360358805989100E-011 ) ) ;
#4695 = EDGE_LOOP ( 'NONE', ( #575, #794, #86, #2442, #2471, #1158 ) ) ;
#4696 = CARTESIAN_POINT ( 'NONE',  ( 1829.160540857791400, 33.48480033194934400, 1885.500000009618400 ) ) ;
#4697 = EDGE_CURVE ( 'NONE', #1712, #5271, #4380, .T. ) ;
#4698 = LINE ( 'NONE', #5624, #2924 ) ;
#4699 = CARTESIAN_POINT ( 'NONE',  ( 1888.999999947512400, 83.49999999999708700, 1900.000000002324700 ) ) ;
#4700 = CARTESIAN_POINT ( 'NONE',  ( 1901.367817195335400, -130.5520106903928200, 2423.766247890047900 ) ) ;
#4701 = CARTESIAN_POINT ( 'NONE',  ( 1895.332798135385900, 111.4981733168925600, 1940.437640735569900 ) ) ;
#4702 = DIRECTION ( 'NONE',  ( 3.182806635077191500E-025, 3.491475051078775400E-015, -1.000000000000000000 ) ) ;
#4703 = ORIENTED_EDGE ( 'NONE', *, *, #6336, .F. ) ;
#4704 = CIRCLE ( 'NONE', #7886, 20.00000000000001800 ) ;
#4705 = CARTESIAN_POINT ( 'NONE',  ( 1811.684293385983700, -2.994937064541458400E-012, 1929.564608522962500 ) ) ;
#4706 = CARTESIAN_POINT ( 'NONE',  ( 1676.052549790221300, 79.99999999999622000, 2124.764361134420100 ) ) ;
#4707 = CIRCLE ( 'NONE', #6451, 6.650000000000211700 ) ;
#4708 = PLANE ( 'NONE',  #2898 ) ;
#4709 = AXIS2_PLACEMENT_3D ( 'NONE', #1632, #6310, #2395 ) ;
#4710 = CARTESIAN_POINT ( 'NONE',  ( 1990.839459047263300, -33.48480033194842800, 1885.500000009617900 ) ) ;
#4711 = EDGE_CURVE ( 'NONE', #5221, #8807, #8657, .T. ) ;
#4712 = ORIENTED_EDGE ( 'NONE', *, *, #6081, .F. ) ;
#4713 = CIRCLE ( 'NONE', #2895, 80.00000000000007100 ) ;
#4714 = CARTESIAN_POINT ( 'NONE',  ( 1972.216774708082800, -29.00000000000239500, 1726.941558769496600 ) ) ;
#4715 = ADVANCED_FACE ( 'NONE', ( #7308 ), #4124, .T. ) ;
#4716 = CARTESIAN_POINT ( 'NONE',  ( 2041.002280061494300, -116.1531068246849100, 2350.501675246926000 ) ) ;
#4717 = LINE ( 'NONE', #2831, #7908 ) ;
#4718 = CARTESIAN_POINT ( 'NONE',  ( 1700.234713407642200, 129.7730059250058600, 2081.117000330475500 ) ) ;
#4719 = AXIS2_PLACEMENT_3D ( 'NONE', #7158, #7187, #4677 ) ;
#4720 = EDGE_LOOP ( 'NONE', ( #5152, #3656, #4078, #4284 ) ) ;
#4721 = CIRCLE ( 'NONE', #4177, 9.737961103584824600 ) ;
#4722 = LINE ( 'NONE', #4468, #4535 ) ;
#4723 = CARTESIAN_POINT ( 'NONE',  ( 1987.149771811409700, -117.9730811798127900, 2070.085034209789700 ) ) ;
#4724 = EDGE_CURVE ( 'NONE', #1966, #7961, #5650, .T. ) ;
#4725 = ADVANCED_FACE ( 'NONE', ( #2078 ), #7097, .F. ) ;
#4726 = DIRECTION ( 'NONE',  ( -1.195517067575799600E-015, 0.9993908270190946500, 0.03489949670252978600 ) ) ;
#4727 = DIRECTION ( 'NONE',  ( -1.000000000000000000, 0.0000000000000000000, 9.115912537477290800E-011 ) ) ;
#4728 = CARTESIAN_POINT ( 'NONE',  ( 1887.990058946023700, 111.8731514709316500, 1934.370165813920300 ) ) ;
#4729 = VERTEX_POINT ( 'NONE', #3481 ) ;
#4730 = LINE ( 'NONE', #3733, #4540 ) ;
#4731 = CARTESIAN_POINT ( 'NONE',  ( 1964.999999967202500, -104.5000000000000000, 2330.000000026027900 ) ) ;
#4732 = DIRECTION ( 'NONE',  ( -0.0000000000000000000, -3.491483361109382500E-015, 1.000000000000000000 ) ) ;
#4733 = CARTESIAN_POINT ( 'NONE',  ( 1823.078795316100700, 105.9999999999931900, 1927.040210407700900 ) ) ;
#4734 = ORIENTED_EDGE ( 'NONE', *, *, #5547, .F. ) ;
#4735 = CARTESIAN_POINT ( 'NONE',  ( 1854.999999967203600, -102.7362808943486100, 2155.000000026027000 ) ) ;
#4736 = DIRECTION ( 'NONE',  ( 0.0000000000000000000, 1.000000000000000000, 3.491475051078775400E-015 ) ) ;
#4737 = VERTEX_POINT ( 'NONE', #4151 ) ;
#4738 = CARTESIAN_POINT ( 'NONE',  ( 1626.549975928299800, 129.6586920474553600, 2035.563202209197200 ) ) ;
#4739 =( BOUNDED_CURVE ( )  B_SPLINE_CURVE ( 3, ( #5971, #1979, #6578, #2719 ),
 .UNSPECIFIED., .F., .F. ) 
 B_SPLINE_CURVE_WITH_KNOTS ( ( 4, 4 ),
 ( 5.435812511669185600, 5.578936390356780400 ),
 .UNSPECIFIED. ) 
 CURVE ( )  GEOMETRIC_REPRESENTATION_ITEM ( )  RATIONAL_B_SPLINE_CURVE ( ( 1.000000000000000000, 0.9982936913153157600, 0.9982936913153157600, 1.000000000000000000 ) ) 
 REPRESENTATION_ITEM ( '' )  );
#4740 = LINE ( 'NONE', #3602, #6383 ) ;
#4741 = AXIS2_PLACEMENT_3D ( 'NONE', #715, #567, #653 ) ;
#4742 = PLANE ( 'NONE',  #3297 ) ;
#4743 = AXIS2_PLACEMENT_3D ( 'NONE', #8724, #4866, #649 ) ;
#4744 = CARTESIAN_POINT ( 'NONE',  ( 1860.391219208231000, 116.2954736481291300, 1932.933208540226400 ) ) ;
#4745 = ORIENTED_EDGE ( 'NONE', *, *, #5224, .F. ) ;
#4746 = CARTESIAN_POINT ( 'NONE',  ( 1693.035316631505100, 129.7854287084507000, 2053.957041232638900 ) ) ;
#4747 = EDGE_CURVE ( 'NONE', #843, #2873, #89, .T. ) ;
#4748 = VECTOR ( 'NONE', #6092, 1000.000000000000000 ) ;
#4749 = DIRECTION ( 'NONE',  ( -3.232576927341070300E-025, -3.546076827293422200E-015, 1.000000000000000000 ) ) ;
#4750 = DIRECTION ( 'NONE',  ( -0.0000000000000000000, -1.000000000000000000, -3.491483361109382500E-015 ) ) ;
#4751 = ORIENTED_EDGE ( 'NONE', *, *, #3302, .F. ) ;
#4752 = CARTESIAN_POINT ( 'NONE',  ( 1959.412019542995300, -115.3769633247245800, 1928.035587473930500 ) ) ;
#4753 = CARTESIAN_POINT ( 'NONE',  ( 1657.171928921654900, 129.7653224837465300, 2016.500374261541100 ) ) ;
#4754 = ORIENTED_EDGE ( 'NONE', *, *, #3634, .T. ) ;
#4755 = AXIS2_PLACEMENT_3D ( 'NONE', #1840, #6471, #2598 ) ;
#4756 = AXIS2_PLACEMENT_3D ( 'NONE', #4489, #3848, #7638 ) ;
#4757 = FACE_BOUND ( 'NONE', #429, .T. ) ;
#4758 = CARTESIAN_POINT ( 'NONE',  ( 1814.225292585302000, -86.00924963875286300, 1979.500000011054900 ) ) ;
#4759 = CARTESIAN_POINT ( 'NONE',  ( 1915.388218630204600, -85.66203889644005200, 1919.000000002650700 ) ) ;
#4760 = EDGE_CURVE ( 'NONE', #4492, #1734, #3985, .T. ) ;
#4761 = CARTESIAN_POINT ( 'NONE',  ( 1811.857752480994100, -94.45278155056509200, 1926.991297164376000 ) ) ;
#4762 = EDGE_LOOP ( 'NONE', ( #4407, #1064 ) ) ;
#4763 = DIRECTION ( 'NONE',  ( 0.0000000000000000000, 1.000000000000000000, 3.491483361109381700E-015 ) ) ;
#4764 = CIRCLE ( 'NONE', #3879, 22.26203889601263700 ) ;
#4765 = DIRECTION ( 'NONE',  ( -0.0000000000000000000, -1.000000000000000000, -3.491483361109382500E-015 ) ) ;
#4766 = DIRECTION ( 'NONE',  ( 0.5028917890201632900, -3.017861474071847000E-015, 0.8643493787445556400 ) ) ;
#4767 = ADVANCED_FACE ( 'NONE', ( #3771 ), #2744, .T. ) ;
#4768 = VERTEX_POINT ( 'NONE', #6021 ) ;
#4769 = VERTEX_POINT ( 'NONE', #8661 ) ;
#4770 = CARTESIAN_POINT ( 'NONE',  ( 1677.378193938039900, 129.4197360717874400, 2002.656059281797300 ) ) ;
#4771 = VECTOR ( 'NONE', #5423, 1000.000000000000000 ) ;
#4772 = CARTESIAN_POINT ( 'NONE',  ( 1671.088606715293500, 129.7725521149446900, 2034.332414116403000 ) ) ;
#4773 = EDGE_CURVE ( 'NONE', #5316, #4274, #1836, .T. ) ;
#4774 = ORIENTED_EDGE ( 'NONE', *, *, #6382, .F. ) ;
#4775 = CARTESIAN_POINT ( 'NONE',  ( 1938.999999935018000, -65.00000000000241600, 1726.941558772523900 ) ) ;
#4776 = LINE ( 'NONE', #6183, #3013 ) ;
#4777 = CARTESIAN_POINT ( 'NONE',  ( 2009.252740843134000, -126.7692482626986200, 2212.611800150381000 ) ) ;
#4778 = CARTESIAN_POINT ( 'NONE',  ( 1692.942613284884100, 128.6809615972367700, 1994.286975226461200 ) ) ;
#4779 = CARTESIAN_POINT ( 'NONE',  ( 2039.197210325509600, -125.6934271673174700, 2347.627111388663300 ) ) ;
#4780 = CARTESIAN_POINT ( 'NONE',  ( 1730.510915050916100, 129.6567899045268700, 2100.516014131630500 ) ) ;
#4781 = VERTEX_POINT ( 'NONE', #5431 ) ;
#4782 = DIRECTION ( 'NONE',  ( 0.9999968413458625300, 0.002513423620823432500, 0.0000000000000000000 ) ) ;
#4783 = ORIENTED_EDGE ( 'NONE', *, *, #55, .F. ) ;
#4784 = EDGE_CURVE ( 'NONE', #5916, #4256, #6889, .T. ) ;
#4785 = B_SPLINE_CURVE_WITH_KNOTS ( 'NONE', 3,
 ( #5074, #140, #1634, #6312, #2397, #6933, #3122, #7623, #3831, #8311, #4477, #177, #5101, #932, #5722, #1672, #6330, #2428, #6965, #3156, #7648, #3862 ),
 .UNSPECIFIED., .F., .F.,
 ( 4, 2, 2, 2, 2, 2, 2, 2, 2, 2, 4 ),
 ( 0.0000000000000000000, 0.002461226363630469900, 0.003691839545445698700, 0.004922452727260927600, 0.007383679090892016800, 0.009844905454523105900, 0.01107551863633880600, 0.01230613181815450700, 0.01476735818178614100, 0.01722858454541777500, 0.01968981090904940700 ),
 .UNSPECIFIED. ) ;
#4786 = CARTESIAN_POINT ( 'NONE',  ( 1804.901535443113700, -100.6253786152666300, 1928.101146048032200 ) ) ;
#4787 = CIRCLE ( 'NONE', #1063, 22.26203889641475800 ) ;
#4788 = DIRECTION ( 'NONE',  ( -1.000000000000000000, 0.0000000000000000000, 9.116000159675123500E-011 ) ) ;
#4789 = CARTESIAN_POINT ( 'NONE',  ( 1675.603312831269900, 129.4539063346844300, 2123.215177332586800 ) ) ;
#4790 = ORIENTED_EDGE ( 'NONE', *, *, #7220, .T. ) ;
#4791 = DIRECTION ( 'NONE',  ( 0.0000000000000000000, 1.000000000000000000, 0.0000000000000000000 ) ) ;
#4792 = EDGE_CURVE ( 'NONE', #8634, #461, #3566, .T. ) ;
#4793 = EDGE_LOOP ( 'NONE', ( #7357, #2493 ) ) ;
#4794 = CARTESIAN_POINT ( 'NONE',  ( 1757.095731789622300, -12.44296476917766700, 1979.586046306501200 ) ) ;
#4795 = DIRECTION ( 'NONE',  ( -0.05233595624294185700, -0.9986295347545740600, 0.0000000000000000000 ) ) ;
#4796 = FACE_OUTER_BOUND ( 'NONE', #7740, .T. ) ;
#4797 = DIRECTION ( 'NONE',  ( 0.0000000000000000000, -1.000000000000000000, -3.491483361109382500E-015 ) ) ;
#4798 = CARTESIAN_POINT ( 'NONE',  ( 1733.364257534236200, 129.5406321417191900, 2098.749435674776100 ) ) ;
#4799 = EDGE_LOOP ( 'NONE', ( #803, #6453, #2769, #1283 ) ) ;
#4800 = CARTESIAN_POINT ( 'NONE',  ( 1909.999999958223300, -3.254638298783340700E-012, 1981.500000002324700 ) ) ;
#4801 = CARTESIAN_POINT ( 'NONE',  ( 1925.999999952607800, 82.49999999999707300, 1895.000000008538800 ) ) ;
#4802 = LINE ( 'NONE', #6445, #5001 ) ;
#4803 = AXIS2_PLACEMENT_3D ( 'NONE', #2914, #7419, #3637 ) ;
#4804 = CARTESIAN_POINT ( 'NONE',  ( 1938.499999952526200, -97.35000000000648900, 1891.000000002324400 ) ) ;
#4805 = DIRECTION ( 'NONE',  ( -1.000000000000000000, 0.0000000000000000000, 9.116624592718548600E-011 ) ) ;
#4806 = DIRECTION ( 'NONE',  ( 0.0000000000000000000, -1.000000000000000000, -3.491483361109382100E-015 ) ) ;
#4807 = ADVANCED_FACE ( 'NONE', ( #6692 ), #8022, .T. ) ;
#4808 = DIRECTION ( 'NONE',  ( -0.0000000000000000000, -3.491483361109382500E-015, 1.000000000000000000 ) ) ;
#4809 = EDGE_CURVE ( 'NONE', #2414, #2289, #5058, .T. ) ;
#4810 = ORIENTED_EDGE ( 'NONE', *, *, #5440, .T. ) ;
#4811 = LINE ( 'NONE', #6302, #1317 ) ;
#4812 = CARTESIAN_POINT ( 'NONE',  ( 1884.999999967202500, -500000.0000000000600, 2170.000000026026600 ) ) ;
#4813 = VECTOR ( 'NONE', #4036, 1000.000000000000000 ) ;
#4814 = VECTOR ( 'NONE', #4546, 1000.000000000000000 ) ;
#4815 = CARTESIAN_POINT ( 'NONE',  ( 1930.999999947511900, 82.49999999999708700, 1900.000000002324700 ) ) ;
#4816 = VECTOR ( 'NONE', #3231, 999.9999999999998900 ) ;
#4817 = CARTESIAN_POINT ( 'NONE',  ( 1805.330175087782900, -110.2549146120336000, 1928.537381665023300 ) ) ;
#4818 = DIRECTION ( 'NONE',  ( -0.05226442768395970400, 0.9972646886344298500, 0.05226442768979616700 ) ) ;
#4819 = EDGE_LOOP ( 'NONE', ( #2282, #2518, #764, #2963 ) ) ;
#4820 = CARTESIAN_POINT ( 'NONE',  ( 1909.999999947512200, -2.844389003852986700E-012, 1864.000000002324700 ) ) ;
#4821 =( GEOMETRIC_REPRESENTATION_CONTEXT ( 3 ) GLOBAL_UNCERTAINTY_ASSIGNED_CONTEXT ( ( #8352 ) ) GLOBAL_UNIT_ASSIGNED_CONTEXT ( ( #6376, #2483, #7007 ) ) REPRESENTATION_CONTEXT ( 'NONE', 'WORKASPACE' ) );
#4822 = LINE ( 'NONE', #3043, #3057 ) ;
#4823 = CARTESIAN_POINT ( 'NONE',  ( 1649.999999967202500, 91.77999999999752800, 2080.000000026027500 ) ) ;
#4824 = EDGE_CURVE ( 'NONE', #1184, #2779, #8486, .T. ) ;
#4825 = VECTOR ( 'NONE', #6407, 999.9999999999998900 ) ;
#4826 = CIRCLE ( 'NONE', #1851, 3.400000000000069600 ) ;
#4827 = ORIENTED_EDGE ( 'NONE', *, *, #3672, .F. ) ;
#4828 = CARTESIAN_POINT ( 'NONE',  ( 1711.954864630569100, 129.6227388117658300, 2068.419279405448800 ) ) ;
#4829 = CIRCLE ( 'NONE', #1472, 6.650000000000086500 ) ;
#4830 = CARTESIAN_POINT ( 'NONE',  ( 1974.899765992621700, 46.99982791589054900, 1961.499999976476600 ) ) ;
#4831 = DIRECTION ( 'NONE',  ( -3.182806635077191500E-025, -3.491475051078775400E-015, 1.000000000000000000 ) ) ;
#4832 = DIRECTION ( 'NONE',  ( 3.182806635077191500E-025, 3.491475051078775400E-015, -1.000000000000000000 ) ) ;
#4833 = ORIENTED_EDGE ( 'NONE', *, *, #7611, .F. ) ;
#4834 = CARTESIAN_POINT ( 'NONE',  ( 1904.842219477623500, 68.75773922018110800, 1956.582650388506600 ) ) ;
#4835 = ORIENTED_EDGE ( 'NONE', *, *, #7652, .T. ) ;
#4836 = CARTESIAN_POINT ( 'NONE',  ( 2014.999871424485000, 2.017377161661647200E-012, 1950.333323684517800 ) ) ;
#4837 = EDGE_CURVE ( 'NONE', #1043, #1909, #8693, .T. ) ;
#4838 = SURFACE_STYLE_USAGE ( .BOTH. , #8696 ) ;
#4839 = CIRCLE ( 'NONE', #7310, 3.400000000000138900 ) ;
#4840 = CARTESIAN_POINT ( 'NONE',  ( 1884.999999956024800, 51.99999999999682400, 1957.380934396930100 ) ) ;
#4841 = CARTESIAN_POINT ( 'NONE',  ( 1888.999999947512200, 83.49999999999703000, 1909.000000002324700 ) ) ;
#4842 = CARTESIAN_POINT ( 'NONE',  ( 1907.499999952527300, -3.061615695865432200E-012, 1918.999999996654000 ) ) ;
#4843 = VERTEX_POINT ( 'NONE', #7348 ) ;
#4844 = EDGE_CURVE ( 'NONE', #7934, #6315, #8278, .T. ) ;
#4845 = ORIENTED_EDGE ( 'NONE', *, *, #6529, .F. ) ;
#4846 = CARTESIAN_POINT ( 'NONE',  ( 1813.530667572126300, -115.9236427739893600, 1928.064237743144100 ) ) ;
#4847 = CARTESIAN_POINT ( 'NONE',  ( 1622.519128000934200, 91.77999999999639200, 2035.613440710877300 ) ) ;
#4848 = LINE ( 'NONE', #5849, #2863 ) ;
#4849 = DIRECTION ( 'NONE',  ( 3.182802359415013500E-025, 3.491475051101102100E-015, -1.000000000000000000 ) ) ;
#4850 = ORIENTED_EDGE ( 'NONE', *, *, #3687, .T. ) ;
#4851 = ADVANCED_FACE ( 'NONE', ( #4863 ), #2142, .F. ) ;
#4852 = VERTEX_POINT ( 'NONE', #4236 ) ;
#4853 = AXIS2_PLACEMENT_3D ( 'NONE', #3051, #2988, #2980 ) ;
#4854 = CARTESIAN_POINT ( 'NONE',  ( 1689.593726542561600, 129.7222258696708400, 2038.678373304619500 ) ) ;
#4855 = CARTESIAN_POINT ( 'NONE',  ( 1866.093032691800100, 65.43658846791679200, 1957.819753978711800 ) ) ;
#4856 = ORIENTED_EDGE ( 'NONE', *, *, #7843, .F. ) ;
#4857 = DIRECTION ( 'NONE',  ( 0.0000000000000000000, 0.0000000000000000000, 1.000000000000000000 ) ) ;
#4858 = CARTESIAN_POINT ( 'NONE',  ( 1994.719999397111500, -169.7500000000218300, 2369.254424353543500 ) ) ;
#4859 = CARTESIAN_POINT ( 'NONE',  ( 1733.364257534236200, 129.5406321417191900, 2098.749435674776100 ) ) ;
#4860 = ORIENTED_EDGE ( 'NONE', *, *, #4206, .F. ) ;
#4861 = EDGE_CURVE ( 'NONE', #7278, #6395, #3106, .T. ) ;
#4862 = CARTESIAN_POINT ( 'NONE',  ( 1864.999999956400400, 44.99999999999673900, 1961.499999981248000 ) ) ;
#4863 = FACE_OUTER_BOUND ( 'NONE', #7304, .T. ) ;
#4864 = CARTESIAN_POINT ( 'NONE',  ( 1814.225292585302400, 91.77999999999619300, 1979.500000011055800 ) ) ;
#4865 = EDGE_LOOP ( 'NONE', ( #2449, #2211, #2599, #2360 ) ) ;
#4866 = DIRECTION ( 'NONE',  ( 3.182806635077191500E-025, 3.491475051078775400E-015, -1.000000000000000000 ) ) ;
#4867 = AXIS2_PLACEMENT_3D ( 'NONE', #7385, #8781, #4914 ) ;
#4868 = VECTOR ( 'NONE', #35, 1000.000000000000000 ) ;
#4869 = EDGE_CURVE ( 'NONE', #2840, #8133, #3336, .T. ) ;
#4870 = DIRECTION ( 'NONE',  ( 0.0000000000000000000, 2.921639538487234500E-015, -1.000000000000000000 ) ) ;
#4871 = CARTESIAN_POINT ( 'NONE',  ( 1929.334848562614500, -126.3000000000065800, 1894.000000002324200 ) ) ;
#4872 = ORIENTED_EDGE ( 'NONE', *, *, #5675, .T. ) ;
#4873 = CARTESIAN_POINT ( 'NONE',  ( 1994.999999967202500, -104.5000000000000000, 2326.600000026028300 ) ) ;
#4874 = CARTESIAN_POINT ( 'NONE',  ( 1966.107230759763100, 83.62466060903571500, 1926.579762500255800 ) ) ;
#4875 = CIRCLE ( 'NONE', #5189, 9.500000000000063900 ) ;
#4876 = DIRECTION ( 'NONE',  ( 3.182802359415012600E-025, 3.491475051101101300E-015, -1.000000000000000000 ) ) ;
#4877 = AXIS2_PLACEMENT_3D ( 'NONE', #2365, #6901, #3088 ) ;
#4878 = ORIENTED_EDGE ( 'NONE', *, *, #1550, .F. ) ;
#4879 =( NAMED_UNIT ( * ) SI_UNIT ( $, .STERADIAN. ) SOLID_ANGLE_UNIT ( ) );
#4880 = CARTESIAN_POINT ( 'NONE',  ( 1665.962771038192800, 129.7839511391839600, 2009.723644154149300 ) ) ;
#4881 = CARTESIAN_POINT ( 'NONE',  ( 1865.707500929181200, 74.97388694332352100, 1961.500000006362400 ) ) ;
#4882 = FACE_OUTER_BOUND ( 'NONE', #4894, .T. ) ;
#4883 = CARTESIAN_POINT ( 'NONE',  ( 1938.499999952526200, -97.35000000000648900, 1891.000000002324400 ) ) ;
#4884 = DIRECTION ( 'NONE',  ( 0.0000000000000000000, 3.172065784643331400E-015, -1.000000000000000000 ) ) ;
#4885 = EDGE_CURVE ( 'NONE', #3476, #7514, #5386, .T. ) ;
#4886 = CARTESIAN_POINT ( 'NONE',  ( 1880.999999935018000, -65.00000000000331100, 1981.499999998716500 ) ) ;
#4887 = CARTESIAN_POINT ( 'NONE',  ( 1624.347166186309600, 129.6512059131939100, 2036.816003559716800 ) ) ;
#4888 =( NAMED_UNIT ( * ) SI_UNIT ( $, .STERADIAN. ) SOLID_ANGLE_UNIT ( ) );
#4889 = EDGE_LOOP ( 'NONE', ( #4913, #7587 ) ) ;
#4890 = DIRECTION ( 'NONE',  ( 3.182806635077191500E-025, 3.491475051078775400E-015, -1.000000000000000000 ) ) ;
#4891 =( BOUNDED_CURVE ( )  B_SPLINE_CURVE ( 3, ( #3997, #7789, #349, #5249 ),
 .UNSPECIFIED., .F., .T. ) 
 B_SPLINE_CURVE_WITH_KNOTS ( ( 4, 4 ),
 ( 1.743860462205358400, 2.357828757895940700 ),
 .UNSPECIFIED. ) 
 CURVE ( )  GEOMETRIC_REPRESENTATION_ITEM ( )  RATIONAL_B_SPLINE_CURVE ( ( 1.000000000000000000, 0.9688328328866990800, 0.9688328328866990800, 1.000000000000000000 ) ) 
 REPRESENTATION_ITEM ( '' )  );
#4892 = ADVANCED_FACE ( 'NONE', ( #4659 ), #912, .T. ) ;
#4893 = CONICAL_SURFACE ( 'NONE', #7218, 50.55730417820480900, 0.05235987755984662700 ) ;
#4894 = EDGE_LOOP ( 'NONE', ( #4010, #6569, #8821, #6243, #1486, #7027, #1278, #7841, #7239, #1958 ) ) ;
#4895 = ORIENTED_EDGE ( 'NONE', *, *, #1842, .T. ) ;
#4896 = ORIENTED_EDGE ( 'NONE', *, *, #4531, .F. ) ;
#4897 = CARTESIAN_POINT ( 'NONE',  ( 1814.999999952526000, -2.994522788371447300E-012, 1919.000000004544300 ) ) ;
#4898 = CARTESIAN_POINT ( 'NONE',  ( 1692.638568668036400, -130.5434049800343500, 2112.541837748125100 ) ) ;
#4899 = LINE ( 'NONE', #73, #4509 ) ;
#4900 = CARTESIAN_POINT ( 'NONE',  ( 1938.999999972981400, 0.0000000000000000000, 2146.500000008745200 ) ) ;
#4901 = AXIS2_PLACEMENT_3D ( 'NONE', #1729, #1620, #1698 ) ;
#4902 = AXIS2_PLACEMENT_3D ( 'NONE', #194, #5120, #953 ) ;
#4903 = DIRECTION ( 'NONE',  ( -0.04801474563138070900, 0.9987827659587189500, -0.01129471672086801300 ) ) ;
#4904 = CYLINDRICAL_SURFACE ( 'NONE', #7426, 80.00000000000007100 ) ;
#4905 = EDGE_CURVE ( 'NONE', #4248, #1026, #8066, .T. ) ;
#4906 = LINE ( 'NONE', #8700, #3162 ) ;
#4907 = CARTESIAN_POINT ( 'NONE',  ( 1721.946829518218700, 129.7891394494874100, 2105.818261966639100 ) ) ;
#4908 = VECTOR ( 'NONE', #2108, 999.9999999999998900 ) ;
#4909 = DIRECTION ( 'NONE',  ( 0.0000000000000000000, 3.620292471603680700E-015, -1.000000000000000000 ) ) ;
#4910 = CARTESIAN_POINT ( 'NONE',  ( 1938.999999935018000, 62.21677477157906100, 1726.941558772524300 ) ) ;
#4911 = DIRECTION ( 'NONE',  ( -3.182806635077191500E-025, -3.491475051078775400E-015, 1.000000000000000000 ) ) ;
#4912 = AXIS2_PLACEMENT_3D ( 'NONE', #3614, #8091, #4281 ) ;
#4913 = ORIENTED_EDGE ( 'NONE', *, *, #4997, .T. ) ;
#4914 = DIRECTION ( 'NONE',  ( 1.000000000000000000, 0.0000000000000000000, 0.0000000000000000000 ) ) ;
#4915 = CIRCLE ( 'NONE', #1910, 20.00000000000001800 ) ;
#4916 = CIRCLE ( 'NONE', #5122, 3.400000000000138900 ) ;
#4917 = VECTOR ( 'NONE', #6698, 1000.000000000000200 ) ;
#4918 = CARTESIAN_POINT ( 'NONE',  ( 1947.401749809951800, -126.2999989104417400, 1928.831620421490900 ) ) ;
#4919 = DIRECTION ( 'NONE',  ( -9.115936927843110400E-011, 3.491483361109382100E-015, -1.000000000000000000 ) ) ;
#4920 = EDGE_CURVE ( 'NONE', #5546, #6412, #6311, .T. ) ;
#4921 = DIRECTION ( 'NONE',  ( -0.7071067811810104500, -0.7071067811920847000, 0.0000000000000000000 ) ) ;
#4922 = ORIENTED_EDGE ( 'NONE', *, *, #768, .T. ) ;
#4923 = FACE_OUTER_BOUND ( 'NONE', #3679, .T. ) ;
#4924 = CARTESIAN_POINT ( 'NONE',  ( 1814.999999952526000, 94.99999999999326400, 1931.300000002324900 ) ) ;
#4925 = CIRCLE ( 'NONE', #5376, 6.650000000000086500 ) ;
#4926 = ORIENTED_EDGE ( 'NONE', *, *, #4571, .T. ) ;
#4927 = AXIS2_PLACEMENT_3D ( 'NONE', #4944, #8168, #5575 ) ;
#4928 = DIRECTION ( 'NONE',  ( 0.0000000000000000000, -1.000000000000000000, 0.0000000000000000000 ) ) ;
#4929 = ORIENTED_EDGE ( 'NONE', *, *, #2248, .F. ) ;
#4930 = CARTESIAN_POINT ( 'NONE',  ( 1685.787283706242500, 129.7810507115504500, 2041.035040950088600 ) ) ;
#4931 = ADVANCED_FACE ( 'NONE', ( #4476 ), #6775, .T. ) ;
#4932 = CIRCLE ( 'NONE', #8512, 6.650000000000148700 ) ;
#4933 = CARTESIAN_POINT ( 'NONE',  ( 1814.999999952526000, -116.0000000000066400, 1928.068239455657500 ) ) ;
#4934 = VERTEX_POINT ( 'NONE', #8141 ) ;
#4935 = CARTESIAN_POINT ( 'NONE',  ( 1700.536176045983900, 129.7825217123936700, 2075.488886148059500 ) ) ;
#4936 = VERTEX_POINT ( 'NONE', #5573 ) ;
#4937 = CARTESIAN_POINT ( 'NONE',  ( 1953.749999952532100, 82.42722283113194200, 1895.000000009617700 ) ) ;
#4938 = B_SPLINE_CURVE_WITH_KNOTS ( 'NONE', 3,
 ( #345, #7119, #4020, #8495 ),
 .UNSPECIFIED., .F., .F.,
 ( 4, 4 ),
 ( 0.0000000000000000000, 1.000000000000000000 ),
 .UNSPECIFIED. ) ;
#4939 = CARTESIAN_POINT ( 'NONE',  ( 2041.489381692406400, -124.3393055024148500, 2353.021797384223200 ) ) ;
#4940 = CARTESIAN_POINT ( 'NONE',  ( 1994.719999397111500, -169.7500000000219700, 2407.754424353543500 ) ) ;
#4941 = DIRECTION ( 'NONE',  ( -9.115924681779572100E-011, 0.0000000000000000000, -1.000000000000000000 ) ) ;
#4942 = LINE ( 'NONE', #2844, #3199 ) ;
#4943 = DIRECTION ( 'NONE',  ( -0.05233595624294409100, 0.9986295347545739400, 0.0000000000000000000 ) ) ;
#4944 = CARTESIAN_POINT ( 'NONE',  ( 1994.719999397111500, 500000.0000000000600, 2369.254424355289800 ) ) ;
#4945 = EDGE_CURVE ( 'NONE', #306, #681, #2649, .T. ) ;
#4946 = CARTESIAN_POINT ( 'NONE',  ( 1915.388218630202600, -85.66203889639710700, 1894.000000002324200 ) ) ;
#4947 = ORIENTED_EDGE ( 'NONE', *, *, #1563, .T. ) ;
#4948 = LINE ( 'NONE', #632, #3204 ) ;
#4949 = CARTESIAN_POINT ( 'NONE',  ( 1642.981850116258100, -130.5439531732221800, 2030.686736105755700 ) ) ;
#4950 = EDGE_CURVE ( 'NONE', #1531, #2223, #4448, .T. ) ;
#4951 = AXIS2_PLACEMENT_3D ( 'NONE', #3583, #8057, #4249 ) ;
#4952 = CARTESIAN_POINT ( 'NONE',  ( 1966.271215062711200, 65.62526881774411400, 1954.328047634099200 ) ) ;
#4953 = VERTEX_POINT ( 'NONE', #2968 ) ;
#4955 = ORIENTED_EDGE ( 'NONE', *, *, #6470, .T. ) ;
#4954 = CARTESIAN_POINT ( 'NONE',  ( 1814.225292580613300, -115.9726855640745500, 1928.066807966798300 ) ) ;
#4956 = CYLINDRICAL_SURFACE ( 'NONE', #5000, 67.50000000000011400 ) ;
#4957 = CARTESIAN_POINT ( 'NONE',  ( 1964.999999967202500, -103.5547225023947200, 2245.000000026026600 ) ) ;
#4958 = CARTESIAN_POINT ( 'NONE',  ( 1664.376626042283500, 129.7924483180349300, 2010.705667726714600 ) ) ;
#4959 = CARTESIAN_POINT ( 'NONE',  ( 1814.741496688045300, -116.0000000000066400, 1928.068239455680900 ) ) ;
#4960 = VERTEX_POINT ( 'NONE', #1516 ) ;
#4961 = CARTESIAN_POINT ( 'NONE',  ( 1967.999999953214200, 91.77999999955531500, 1926.294971773100500 ) ) ;
#4962 = CARTESIAN_POINT ( 'NONE',  ( 1666.891298480066600, 129.7333671374014400, 2052.734036292126300 ) ) ;
#4963 = VECTOR ( 'NONE', #7101, 1000.000000000000000 ) ;
#4964 = DIRECTION ( 'NONE',  ( 9.115924681779572100E-011, 0.0000000000000000000, 1.000000000000000000 ) ) ;
#4965 = CARTESIAN_POINT ( 'NONE',  ( 1787.905153605222700, -3.453088867333897200E-012, 1936.988233591988800 ) ) ;
#4966 = CARTESIAN_POINT ( 'NONE',  ( 1994.999999967202500, -92.00000000000000000, 2330.000000026027900 ) ) ;
#4967 = EDGE_CURVE ( 'NONE', #6617, #4118, #8815, .T. ) ;
#4968 = EDGE_LOOP ( 'NONE', ( #7641, #1178 ) ) ;
#4969 = SURFACE_STYLE_FILL_AREA ( #7375 ) ;
#4970 = ADVANCED_FACE ( 'NONE', ( #2427 ), #7415, .F. ) ;
#4971 = CARTESIAN_POINT ( 'NONE',  ( 1674.846737552868900, -3.746003438892259200E-012, 2122.232487970646200 ) ) ;
#4972 = EDGE_LOOP ( 'NONE', ( #2235, #116, #441, #1862 ) ) ;
#4973 = CARTESIAN_POINT ( 'NONE',  ( 1947.305713996806200, -130.4822918400324700, 2382.490716050148000 ) ) ;
#4974 = AXIS2_PLACEMENT_3D ( 'NONE', #4136, #7244, #2728 ) ;
#4975 = EDGE_CURVE ( 'NONE', #718, #2228, #4286, .T. ) ;
#4976 = DIRECTION ( 'NONE',  ( 0.0000000000000000000, -3.491483361109382500E-015, 1.000000000000000000 ) ) ;
#4977 = CIRCLE ( 'NONE', #3645, 6.650000000000030600 ) ;
#4978 = DIRECTION ( 'NONE',  ( -1.000000000000000000, 0.0000000000000000000, -0.0000000000000000000 ) ) ;
#4979 = CARTESIAN_POINT ( 'NONE',  ( 1964.999999967202500, -104.0780155995548700, 2305.000000026026600 ) ) ;
#4980 = EDGE_LOOP ( 'NONE', ( #1735, #2315, #8213, #8195 ) ) ;
#4981 = CARTESIAN_POINT ( 'NONE',  ( 1814.225292585302700, -3.330669073875469600E-012, 1979.500000011055800 ) ) ;
#4982 = CARTESIAN_POINT ( 'NONE',  ( 1949.200964435533300, -126.4111939402488200, 2388.447132492166500 ) ) ;
#4983 = CARTESIAN_POINT ( 'NONE',  ( 1720.995149955252600, 129.7858305809407400, 2106.407471507237000 ) ) ;
#4984 = VECTOR ( 'NONE', #5500, 1000.000000000000000 ) ;
#4985 = CARTESIAN_POINT ( 'NONE',  ( 1814.483153947743200, -115.9908914172251400, 1928.067762095108700 ) ) ;
#4986 = AXIS2_PLACEMENT_3D ( 'NONE', #6715, #2877, #7383 ) ;
#4987 = EDGE_LOOP ( 'NONE', ( #8451, #46, #7491, #7501, #7928, #652 ) ) ;
#4988 = CARTESIAN_POINT ( 'NONE',  ( 1884.999999947511900, 112.1593086621268000, 1934.000000004471800 ) ) ;
#4989 = EDGE_LOOP ( 'NONE', ( #7667, #5184 ) ) ;
#4990 = DIRECTION ( 'NONE',  ( -0.0000000000000000000, 3.083952846181025600E-015, -1.000000000000000000 ) ) ;
#4991 = CARTESIAN_POINT ( 'NONE',  ( 1952.199566934046300, 91.26203889661246600, 1919.000000002299900 ) ) ;
#4992 =( BOUNDED_CURVE ( )  B_SPLINE_CURVE ( 3, ( #5636, #5644, #5610, #5617 ),
 .UNSPECIFIED., .F., .F. ) 
 B_SPLINE_CURVE_WITH_KNOTS ( ( 4, 4 ),
 ( 2.694578982019246600E-016, 0.01227995896387343600 ),
 .UNSPECIFIED. ) 
 CURVE ( )  GEOMETRIC_REPRESENTATION_ITEM ( )  RATIONAL_B_SPLINE_CURVE ( ( 0.9975908531100271500, 0.9950530369504007000, 0.9944703489248905000, 0.9958427890334969900 ) ) 
 REPRESENTATION_ITEM ( '' )  );
#4993 = EDGE_CURVE ( 'NONE', #2919, #4204, #677, .T. ) ;
#4994 = CARTESIAN_POINT ( 'NONE',  ( 1649.999999967202500, -288.8556708123638300, 2030.200000026025200 ) ) ;
#4995 = LINE ( 'NONE', #797, #840 ) ;
#4996 = DIRECTION ( 'NONE',  ( -2.467162276944820500E-014, -0.0000000000000000000, -1.000000000000000000 ) ) ;
#4997 = EDGE_CURVE ( 'NONE', #2326, #2515, #5735, .T. ) ;
#4998 = ORIENTED_EDGE ( 'NONE', *, *, #5813, .F. ) ;
#4999 = DIRECTION ( 'NONE',  ( 0.0000000000000000000, 0.0000000000000000000, 1.000000000000000000 ) ) ;
#5000 = AXIS2_PLACEMENT_3D ( 'NONE', #146, #7653, #5106 ) ;
#5001 = VECTOR ( 'NONE', #1810, 1000.000000000000000 ) ;
#5002 = CARTESIAN_POINT ( 'NONE',  ( 1946.951076530702500, -130.4186159695799700, 2357.514402776634600 ) ) ;
#5003 = VERTEX_POINT ( 'NONE', #4398 ) ;
#5004 = DIRECTION ( 'NONE',  ( 0.0000000000000000000, 0.0000000000000000000, -1.000000000000000000 ) ) ;
#5005 = LINE ( 'NONE', #6699, #3277 ) ;
#5006 = CIRCLE ( 'NONE', #6298, 20.00000000000001800 ) ;
#5007 = LINE ( 'NONE', #2486, #4814 ) ;
#5008 = AXIS2_PLACEMENT_3D ( 'NONE', #5360, #5310, #4788 ) ;
#5009 = AXIS2_PLACEMENT_3D ( 'NONE', #6822, #2994, #7502 ) ;
#5010 = FACE_BOUND ( 'NONE', #4889, .T. ) ;
#5011 = DIRECTION ( 'NONE',  ( 0.0000000000000000000, -1.000000000000000000, -3.491483361109382100E-015 ) ) ;
#5012 = CARTESIAN_POINT ( 'NONE',  ( 1699.584496483017300, 129.7792128438465200, 2076.078095688657400 ) ) ;
#5013 = ADVANCED_FACE ( 'NONE', ( #2191 ), #5626, .T. ) ;
#5014 = EDGE_CURVE ( 'NONE', #4934, #3160, #5550, .T. ) ;
#5015 = CARTESIAN_POINT ( 'NONE',  ( 1947.499999952525500, -126.3000000000065800, 1894.000000002324200 ) ) ;
#5016 = ORIENTED_EDGE ( 'NONE', *, *, #3366, .F. ) ;
#5017 = LINE ( 'NONE', #2828, #1561 ) ;
#5018 = CARTESIAN_POINT ( 'NONE',  ( 1649.999999967202500, 91.77999999999752800, 2080.000000026027500 ) ) ;
#5019 = VECTOR ( 'NONE', #1020, 1000.000000000000000 ) ;
#5020 = FACE_OUTER_BOUND ( 'NONE', #620, .T. ) ;
#5021 = CARTESIAN_POINT ( 'NONE',  ( 1961.038670181980000, -92.48415167279705400, 1955.593105887452100 ) ) ;
#5022 = CARTESIAN_POINT ( 'NONE',  ( 1757.095731789622500, 12.44296476916987600, 1979.586046306501200 ) ) ;
#5023 = CARTESIAN_POINT ( 'NONE',  ( 1814.999999952526000, -105.0000000000067400, 1931.300000002324200 ) ) ;
#5024 = ORIENTED_EDGE ( 'NONE', *, *, #6753, .F. ) ;
#5025 = DIRECTION ( 'NONE',  ( -0.4842377454560202700, 0.2662404029181759100, -0.8334445714800942100 ) ) ;
#5026 = EDGE_CURVE ( 'NONE', #3808, #8539, #202, .T. ) ;
#5027 = VECTOR ( 'NONE', #7931, 1000.000000000000000 ) ;
#5028 = CARTESIAN_POINT ( 'NONE',  ( 1961.782644145013800, -130.2369312672526000, 2332.695516398482100 ) ) ;
#5029 = VERTEX_POINT ( 'NONE', #4426 ) ;
#5030 = VERTEX_POINT ( 'NONE', #112 ) ;
#5031 = DIRECTION ( 'NONE',  ( -3.182802359415012600E-025, -3.491475051101101700E-015, 1.000000000000000000 ) ) ;
#5032 = FACE_OUTER_BOUND ( 'NONE', #1361, .T. ) ;
#5033 = CARTESIAN_POINT ( 'NONE',  ( 1964.999999967202500, -91.99999999998453900, 2215.000000026027000 ) ) ;
#5034 = ORIENTED_EDGE ( 'NONE', *, *, #2531, .F. ) ;
#5035 = DIRECTION ( 'NONE',  ( -3.182802359415013500E-025, -3.491475051101102100E-015, 1.000000000000000000 ) ) ;
#5036 = CARTESIAN_POINT ( 'NONE',  ( 1640.519491166767700, 129.6416757245110600, 2069.061507298614300 ) ) ;
#5037 = ORIENTED_EDGE ( 'NONE', *, *, #5254, .T. ) ;
#5038 = UNCERTAINTY_MEASURE_WITH_UNIT (LENGTH_MEASURE( 1.000000000000000100E-005 ), #6570, 'distance_accuracy_value', 'NONE');
#5039 = EDGE_CURVE ( 'NONE', #1973, #263, #6990, .T. ) ;
#5040 = LINE ( 'NONE', #3147, #3087 ) ;
#5041 = DIRECTION ( 'NONE',  ( -3.182802359415012600E-025, -3.491475051101101700E-015, 1.000000000000000000 ) ) ;
#5042 = PLANE ( 'NONE',  #4709 ) ;
#5043 = DIRECTION ( 'NONE',  ( 0.02754979283939459600, 0.9986295347545737200, 0.04449787894237315600 ) ) ;
#5044 = ORIENTED_EDGE ( 'NONE', *, *, #2238, .T. ) ;
#5045 = CARTESIAN_POINT ( 'NONE',  ( 1978.982921749440500, -80.41787628353918600, 1954.966478813060100 ) ) ;
#5046 = PLANE ( 'NONE',  #6987 ) ;
#5047 = EDGE_LOOP ( 'NONE', ( #2450, #7471 ) ) ;
#5048 = DIRECTION ( 'NONE',  ( -2.901425564165518900E-035, -1.000000000000000000, 2.644917691272267300E-045 ) ) ;
#5049 = LINE ( 'NONE', #7164, #3329 ) ;
#5050 = CARTESIAN_POINT ( 'NONE',  ( 1994.999999967202300, -104.4142106840449900, 2342.500000026027500 ) ) ;
#5051 = EDGE_LOOP ( 'NONE', ( #7021, #6524 ) ) ;
#5052 = EDGE_CURVE ( 'NONE', #51, #8819, #8791, .T. ) ;
#5053 = ADVANCED_FACE ( 'NONE', ( #1715 ), #6788, .T. ) ;
#5054 = EDGE_LOOP ( 'NONE', ( #8318, #346, #8616, #2711 ) ) ;
#5055 = CARTESIAN_POINT ( 'NONE',  ( 1709.101020888861300, 129.7222258696706900, 2070.186168204392700 ) ) ;
#5056 = VERTEX_POINT ( 'NONE', #5081 ) ;
#5057 = CARTESIAN_POINT ( 'NONE',  ( 1986.505505208970800, -129.9637089481985300, 2320.689857478097600 ) ) ;
#5058 = LINE ( 'NONE', #2107, #1604 ) ;
#5059 = AXIS2_PLACEMENT_3D ( 'NONE', #8707, #6090, #2128 ) ;
#5060 = CARTESIAN_POINT ( 'NONE',  ( 1897.499999947512200, 82.49999999999712900, 1871.300000002325300 ) ) ;
#5061 = DIRECTION ( 'NONE',  ( 0.0000000000000000000, -1.000000000000000000, 0.0000000000000000000 ) ) ;
#5062 = EDGE_LOOP ( 'NONE', ( #3364, #115, #8222, #4810 ) ) ;
#5063 = EDGE_CURVE ( 'NONE', #5286, #2043, #8582, .T. ) ;
#5064 = DIRECTION ( 'NONE',  ( -9.116012008145912100E-011, 4.493975836356545400E-015, -1.000000000000000000 ) ) ;
#5065 = FACE_OUTER_BOUND ( 'NONE', #8047, .T. ) ;
#5066 = DIRECTION ( 'NONE',  ( -3.182806635077191500E-025, -3.491475051078775400E-015, 1.000000000000000000 ) ) ;
#5067 = CARTESIAN_POINT ( 'NONE',  ( 1938.499999952526200, -106.3000000000065900, 1891.000000002324400 ) ) ;
#5068 = AXIS2_PLACEMENT_3D ( 'NONE', #1782, #2538, #7055 ) ;
#5069 = VERTEX_POINT ( 'NONE', #903 ) ;
#5070 = CARTESIAN_POINT ( 'NONE',  ( 1884.999999947512200, 140.4999999999969000, 1945.500000004472000 ) ) ;
#5071 = AXIS2_PLACEMENT_3D ( 'NONE', #4864, #647, #5491 ) ;
#5072 = CARTESIAN_POINT ( 'NONE',  ( 1622.625208185396800, -86.00924963875300500, 2035.784779320712500 ) ) ;
#5073 = ORIENTED_EDGE ( 'NONE', *, *, #2219, .T. ) ;
#5074 = CARTESIAN_POINT ( 'NONE',  ( 1814.225292585172200, 105.9726855643829700, 1927.038778919595200 ) ) ;
#5075 = FACE_OUTER_BOUND ( 'NONE', #1576, .T. ) ;
#5076 = ADVANCED_FACE ( 'NONE', ( #3874 ), #3126, .T. ) ;
#5077 = CARTESIAN_POINT ( 'NONE',  ( 1982.737816264537100, 77.04394506288713300, 1954.835355006969600 ) ) ;
#5078 = PLANE ( 'NONE',  #8803 ) ;
#5079 = DIRECTION ( 'NONE',  ( -1.200881365871945200E-015, -1.000000000000000000, -5.737544303610420500E-015 ) ) ;
#5080 = EDGE_CURVE ( 'NONE', #6352, #3484, #7077, .T. ) ;
#5081 = CARTESIAN_POINT ( 'NONE',  ( 1625.075002140661800, 107.4999999999965600, 2035.000000003669600 ) ) ;
#5082 = ORIENTED_EDGE ( 'NONE', *, *, #6672, .F. ) ;
#5083 = CARTESIAN_POINT ( 'NONE',  ( 1964.999999967202500, -104.5000000000000000, 2230.000000026026600 ) ) ;
#5084 = DIRECTION ( 'NONE',  ( 1.000000000000000000, -2.901425564165518900E-035, -9.115924681779572100E-011 ) ) ;
#5085 = CIRCLE ( 'NONE', #6888, 14.99999999999968000 ) ;
#5086 = CARTESIAN_POINT ( 'NONE',  ( 1975.696528563549500, 43.02448021446701200, 1953.209190512168800 ) ) ;
#5087 = AXIS2_PLACEMENT_3D ( 'NONE', #4696, #2659, #444 ) ;
#5088 = EDGE_LOOP ( 'NONE', ( #5024, #6012, #1015, #430 ) ) ;
#5089 = DIRECTION ( 'NONE',  ( -9.115924681779572100E-011, 3.546085137301702500E-015, -1.000000000000000000 ) ) ;
#5090 = CARTESIAN_POINT ( 'NONE',  ( 1980.811826848177800, 69.80292877810345000, 1919.000000002324200 ) ) ;
#5091 = CIRCLE ( 'NONE', #6781, 3.400000000000069600 ) ;
#5092 = CARTESIAN_POINT ( 'NONE',  ( 1964.999999967202500, -91.99999999998453900, 2230.000000026026600 ) ) ;
#5093 = VERTEX_POINT ( 'NONE', #6969 ) ;
#5094 = CARTESIAN_POINT ( 'NONE',  ( 1964.999999967202500, -104.5000000000000000, 2230.000000026026600 ) ) ;
#5095 = EDGE_LOOP ( 'NONE', ( #7639, #3109, #573, #6229, #3894, #8299, #3793 ) ) ;
#5096 = DIRECTION ( 'NONE',  ( -0.9119215051751044000, 0.4103646773288023900, 0.0000000000000000000 ) ) ;
#5097 = CARTESIAN_POINT ( 'NONE',  ( 1909.999999956401100, -550.5833333333479200, 1961.500000002322600 ) ) ;
#5098 = ADVANCED_FACE ( 'NONE', ( #1489 ), #4956, .T. ) ;
#5099 = B_SPLINE_CURVE_WITH_KNOTS ( 'NONE', 3,
 ( #3418, #3558, #3447, #3438, #3406, #3321, #3384, #3349, #3339, #3290, #3275, #3252, #3311, #3222, #3194, #3243, #3212, #3172, #3163, #3182 ),
 .UNSPECIFIED., .F., .F.,
 ( 4, 2, 2, 2, 2, 2, 2, 2, 2, 4 ),
 ( 1.526556658859590200E-016, 0.003294027195194529100, 0.004117533993992837300, 0.004941040792791146800, 0.006588054390387809200, 0.008235067987984472400, 0.009882081585581134800, 0.01070558838437944300, 0.01152909518317775200, 0.01317610878077374300 ),
 .UNSPECIFIED. ) ;
#5100 = VECTOR ( 'NONE', #6799, 1000.000000000000000 ) ;
#5101 = CARTESIAN_POINT ( 'NONE',  ( 1805.487605302195300, 100.5395982617452800, 1927.482437062275000 ) ) ;
#5102 = CARTESIAN_POINT ( 'NONE',  ( 1994.891250967523800, -59.66905718994640800, 1942.036992953440400 ) ) ;
#5103 = EDGE_CURVE ( 'NONE', #3341, #4637, #6581, .T. ) ;
#5104 = DIRECTION ( 'NONE',  ( -3.182802359415013500E-025, -3.491475051101102100E-015, 1.000000000000000000 ) ) ;
#5105 = VERTEX_POINT ( 'NONE', #5136 ) ;
#5106 = DIRECTION ( 'NONE',  ( -1.000000000000000000, 0.0000000000000000000, 9.116000135825862400E-011 ) ) ;
#5107 = VECTOR ( 'NONE', #1528, 1000.000000000000200 ) ;
#5108 = FACE_OUTER_BOUND ( 'NONE', #6191, .T. ) ;
#5109 = EDGE_CURVE ( 'NONE', #4769, #6391, #7232, .T. ) ;
#5110 = CIRCLE ( 'NONE', #5852, 14.75000000000004100 ) ;
#5111 = CARTESIAN_POINT ( 'NONE',  ( 1909.999999952526000, -3.036420588714003100E-012, 1919.000000002324700 ) ) ;
#5112 = AXIS2_PLACEMENT_3D ( 'NONE', #4386, #8822, #7519 ) ;
#5113 = DIRECTION ( 'NONE',  ( 0.0000000000000000000, -1.000000000000000000, 0.0000000000000000000 ) ) ;
#5114 = VERTEX_POINT ( 'NONE', #242 ) ;
#5115 = FACE_OUTER_BOUND ( 'NONE', #6105, .T. ) ;
#5116 = CYLINDRICAL_SURFACE ( 'NONE', #6765, 14.99999999999968000 ) ;
#5117 = ADVANCED_FACE ( 'NONE', ( #8379 ), #6392, .F. ) ;
#5118 = LINE ( 'NONE', #5469, #4917 ) ;
#5119 = CARTESIAN_POINT ( 'NONE',  ( 1972.216774745124700, -29.00000000000239500, 1726.941558769496600 ) ) ;
#5120 = DIRECTION ( 'NONE',  ( -9.116527604535024900E-011, -4.943618895143960700E-015, -1.000000000000000000 ) ) ;
#5121 = CARTESIAN_POINT ( 'NONE',  ( 1676.369763756513300, -86.00924963875328900, 2124.821205526139200 ) ) ;
#5122 = AXIS2_PLACEMENT_3D ( 'NONE', #8704, #4849, #627 ) ;
#5123 = ORIENTED_EDGE ( 'NONE', *, *, #5972, .F. ) ;
#5124 = CARTESIAN_POINT ( 'NONE',  ( 1883.496554095815600, 112.3191046718841600, 1934.074258533958100 ) ) ;
#5125 = CARTESIAN_POINT ( 'NONE',  ( 1814.999999950338200, -2.994522788369928700E-012, 1895.000000006691400 ) ) ;
#5126 = VECTOR ( 'NONE', #8145, 1000.000000000000000 ) ;
#5127 = CONICAL_SURFACE ( 'NONE', #1724, 52.20502822395323500, 0.03490658503990558300 ) ;
#5128 = EDGE_CURVE ( 'NONE', #7883, #6217, #8167, .T. ) ;
#5129 = DIRECTION ( 'NONE',  ( 0.0000000000000000000, 1.000000000000000000, 0.0000000000000000000 ) ) ;
#5130 = CARTESIAN_POINT ( 'NONE',  ( 1829.999999948150200, -2.868829387380752400E-012, 1871.000000009617700 ) ) ;
#5131 = ORIENTED_EDGE ( 'NONE', *, *, #8558, .F. ) ;
#5132 = DIRECTION ( 'NONE',  ( 0.0000000000000000000, -0.0000000000000000000, 1.000000000000000000 ) ) ;
#5133 = CARTESIAN_POINT ( 'NONE',  ( 1967.172473029454700, 86.25506578740970600, 1943.004954010971700 ) ) ;
#5134 = DIRECTION ( 'NONE',  ( 0.0000000000000000000, 1.000000000000000000, 0.0000000000000000000 ) ) ;
#5135 = LINE ( 'NONE', #8181, #8144 ) ;
#5136 = CARTESIAN_POINT ( 'NONE',  ( 1880.999999961435800, 64.99999999999634800, 2081.000000008745200 ) ) ;
#5137 = ORIENTED_EDGE ( 'NONE', *, *, #2269, .T. ) ;
#5138 = AXIS2_PLACEMENT_3D ( 'NONE', #3155, #7647, #3860 ) ;
#5139 = CARTESIAN_POINT ( 'NONE',  ( 1634.999999967202700, 122.4999999999965500, 2035.000000003669600 ) ) ;
#5140 = ADVANCED_FACE ( 'NONE', ( #3215, #4757, #7197, #2984, #1019, #7946, #6210, #4563, #2752, #783 ), #7716, .F. ) ;
#5141 = EDGE_LOOP ( 'NONE', ( #2213, #3009 ) ) ;
#5142 = EDGE_CURVE ( 'NONE', #5796, #8807, #2539, .T. ) ;
#5143 = VECTOR ( 'NONE', #6082, 1000.000000000000000 ) ;
#5144 = CARTESIAN_POINT ( 'NONE',  ( 1809.426839230097800, 118.8645703928621100, 1927.881602749807600 ) ) ;
#5145 = ORIENTED_EDGE ( 'NONE', *, *, #7018, .F. ) ;
#5146 = EDGE_LOOP ( 'NONE', ( #135, #5941 ) ) ;
#5147 = AXIS2_PLACEMENT_3D ( 'NONE', #2642, #1888, #4650 ) ;
#5148 = CARTESIAN_POINT ( 'NONE',  ( 1655.277094229498700, -130.5506404072965600, 2030.411178528344200 ) ) ;
#5149 = CARTESIAN_POINT ( 'NONE',  ( 1874.697227334030200, 113.6032184562406300, 1940.377077581841400 ) ) ;
#5150 = ORIENTED_EDGE ( 'NONE', *, *, #2585, .T. ) ;
#5151 = EDGE_CURVE ( 'NONE', #7961, #5842, #7735, .T. ) ;
#5152 = ORIENTED_EDGE ( 'NONE', *, *, #1180, .T. ) ;
#5153 = CARTESIAN_POINT ( 'NONE',  ( 1878.999999971989400, 96.99999999999627700, 2134.500000008745200 ) ) ;
#5154 = VECTOR ( 'NONE', #6316, 1000.000000000000000 ) ;
#5155 = CARTESIAN_POINT ( 'NONE',  ( 1938.999999935018000, 64.99999999999670300, 1981.500000001541400 ) ) ;
#5156 = ADVANCED_FACE ( 'NONE', ( #551 ), #2308, .T. ) ;
#5157 = CARTESIAN_POINT ( 'NONE',  ( 2004.900317165783900, -35.91689919948186100, 1929.313513898605800 ) ) ;
#5158 = DIRECTION ( 'NONE',  ( -1.000000000000000000, -0.0000000000000000000, -0.0000000000000000000 ) ) ;
#5159 = ORIENTED_EDGE ( 'NONE', *, *, #8446, .T. ) ;
#5160 = VECTOR ( 'NONE', #5225, 1000.000000000000000 ) ;
#5161 = CARTESIAN_POINT ( 'NONE',  ( 1961.349742378435200, -90.66203889639710700, 1894.000000002324200 ) ) ;
#5162 = EDGE_LOOP ( 'NONE', ( #220, #451 ) ) ;
#5163 = AXIS2_PLACEMENT_3D ( 'NONE', #79, #114, #67 ) ;
#5164 = CARTESIAN_POINT ( 'NONE',  ( 1941.062146874216500, -97.07719403506411000, 2336.822764372158400 ) ) ;
#5165 = LINE ( 'NONE', #6595, #1504 ) ;
#5166 = DIRECTION ( 'NONE',  ( 0.0000000000000000000, 1.000000000000000000, 0.0000000000000000000 ) ) ;
#5167 = EDGE_CURVE ( 'NONE', #7689, #6107, #846, .T. ) ;
#5168 = ORIENTED_EDGE ( 'NONE', *, *, #6800, .F. ) ;
#5169 = CARTESIAN_POINT ( 'NONE',  ( 1683.593624242596200, -130.5615786830436200, 2043.213423468279200 ) ) ;
#5170 = CARTESIAN_POINT ( 'NONE',  ( 1930.999999947511900, 82.49999999999704400, 1900.000000002324700 ) ) ;
#5171 = CARTESIAN_POINT ( 'NONE',  ( 1874.504808085361400, 114.2220921930481800, 1950.216286324714500 ) ) ;
#5172 = ADVANCED_FACE ( 'NONE', ( #4373 ), #6438, .F. ) ;
#5173 = FACE_OUTER_BOUND ( 'NONE', #6810, .T. ) ;
#5174 = AXIS2_PLACEMENT_3D ( 'NONE', #250, #1002, #5785 ) ;
#5175 = CARTESIAN_POINT ( 'NONE',  ( 1953.749999952532100, 75.77722283113182300, 1885.500000009618400 ) ) ;
#5176 = AXIS2_PLACEMENT_3D ( 'NONE', #3202, #7696, #3902 ) ;
#5177 = CARTESIAN_POINT ( 'NONE',  ( 1994.999999967202500, -500000.0000000000600, 2342.500000026026600 ) ) ;
#5178 = ORIENTED_EDGE ( 'NONE', *, *, #679, .F. ) ;
#5179 = ORIENTED_EDGE ( 'NONE', *, *, #6005, .F. ) ;
#5180 = CARTESIAN_POINT ( 'NONE',  ( 1956.772581059795800, 90.67793196510868400, 1930.994171481811500 ) ) ;
#5181 = EDGE_CURVE ( 'NONE', #4018, #3801, #5784, .T. ) ;
#5182 = LINE ( 'NONE', #7366, #8407 ) ;
#5183 = EDGE_LOOP ( 'NONE', ( #8276, #7349, #6494, #8020, #218, #5837, #2015, #5073, #7537, #877, #966, #8411, #2407 ) ) ;
#5184 = ORIENTED_EDGE ( 'NONE', *, *, #6351, .F. ) ;
#5185 = ORIENTED_EDGE ( 'NONE', *, *, #8021, .T. ) ;
#5186 = CARTESIAN_POINT ( 'NONE',  ( 1981.811440556269600, 77.36220261965338800, 1954.195483589716800 ) ) ;
#5187 = VECTOR ( 'NONE', #8461, 1000.000000000000000 ) ;
#5188 = DIRECTION ( 'NONE',  ( -3.182806635077191500E-025, -3.491475051078775400E-015, 1.000000000000000000 ) ) ;
#5189 = AXIS2_PLACEMENT_3D ( 'NONE', #6441, #2566, #7080 ) ;
#5190 = EDGE_CURVE ( 'NONE', #2919, #5316, #309, .T. ) ;
#5191 = FACE_OUTER_BOUND ( 'NONE', #6761, .T. ) ;
#5192 = CARTESIAN_POINT ( 'NONE',  ( 1698.267412157993000, -130.5613280910559700, 2067.668742029421100 ) ) ;
#5193 = DIRECTION ( 'NONE',  ( 0.0000000000000000000, 1.000000000000000000, 0.0000000000000000000 ) ) ;
#5194 = CARTESIAN_POINT ( 'NONE',  ( 1881.291927022397000, 113.9328354151981700, 1956.411984393518200 ) ) ;
#5195 = CARTESIAN_POINT ( 'NONE',  ( 1947.342858031250400, -126.3071799617656600, 1928.608415856058600 ) ) ;
#5196 = FACE_OUTER_BOUND ( 'NONE', #274, .T. ) ;
#5197 = DIRECTION ( 'NONE',  ( 0.0000000000000000000, -1.000000000000000000, -3.491483361109382100E-015 ) ) ;
#5198 = VECTOR ( 'NONE', #4506, 1000.000000000000000 ) ;
#5199 = CARTESIAN_POINT ( 'NONE',  ( 1766.195563606407200, -2.967662183128244600E-012, 1950.429204741874900 ) ) ;
#5200 = CARTESIAN_POINT ( 'NONE',  ( 2014.175245344772700, -129.6869811509020300, 2324.026949383479900 ) ) ;
#5201 = FACE_BOUND ( 'NONE', #5051, .T. ) ;
#5202 = PLANE ( 'NONE',  #7376 ) ;
#5203 = FACE_OUTER_BOUND ( 'NONE', #2588, .T. ) ;
#5204 = CARTESIAN_POINT ( 'NONE',  ( 2008.557353312538500, -10.76673662205809400, 1916.811852621481200 ) ) ;
#5205 = EDGE_CURVE ( 'NONE', #8023, #2907, #7518, .T. ) ;
#5206 = VERTEX_POINT ( 'NONE', #7108 ) ;
#5207 = LINE ( 'NONE', #3085, #8441 ) ;
#5208 = EDGE_CURVE ( 'NONE', #21, #7699, #4175, .T. ) ;
#5209 = DIRECTION ( 'NONE',  ( -9.115795656238229600E-011, 1.796870909836734800E-015, -1.000000000000000000 ) ) ;
#5210 = ADVANCED_FACE ( 'NONE', ( #7298 ), #3760, .F. ) ;
#5211 = CARTESIAN_POINT ( 'NONE',  ( 2009.552391648466300, 34.12549470015746100, 1951.715968791757200 ) ) ;
#5212 = LINE ( 'NONE', #3917, #7053 ) ;
#5213 = VECTOR ( 'NONE', #7818, 1000.000000000000000 ) ;
#5214 = VERTEX_POINT ( 'NONE', #5879 ) ;
#5215 = PLANE ( 'NONE',  #1300 ) ;
#5216 = CIRCLE ( 'NONE', #8356, 6.499999999999908500 ) ;
#5217 = CARTESIAN_POINT ( 'NONE',  ( 1664.207387354964800, -130.5624128284686900, 2009.389629848716400 ) ) ;
#5218 = AXIS2_PLACEMENT_3D ( 'NONE', #4277, #6751, #683 ) ;
#5219 = CARTESIAN_POINT ( 'NONE',  ( 1696.668422432806900, -130.5505857044370000, 2097.430335674269400 ) ) ;
#5220 = AXIS2_PLACEMENT_3D ( 'NONE', #5820, #3963, #8437 ) ;
#5221 = VERTEX_POINT ( 'NONE', #1864 ) ;
#5222 = DIRECTION ( 'NONE',  ( 1.000000000000000000, 0.0000000000000000000, -9.116041255197152600E-011 ) ) ;
#5223 = VERTEX_POINT ( 'NONE', #6493 ) ;
#5224 = EDGE_CURVE ( 'NONE', #1619, #1389, #5437, .T. ) ;
#5225 = DIRECTION ( 'NONE',  ( -0.7071067811865291400, -0.0000000000000000000, -0.7071067811865660000 ) ) ;
#5226 = CARTESIAN_POINT ( 'NONE',  ( 0.0000000000000000000, 0.0000000000000000000, 2146.500000008745200 ) ) ;
#5227 = CARTESIAN_POINT ( 'NONE',  ( 1990.839459047266200, 26.83480033193567800, 1885.500000009618400 ) ) ;
#5228 = ORIENTED_EDGE ( 'NONE', *, *, #4773, .F. ) ;
#5229 = CARTESIAN_POINT ( 'NONE',  ( 1649.999999967202500, -288.8556708123641700, 2129.800000026024900 ) ) ;
#5230 = CARTESIAN_POINT ( 'NONE',  ( 1844.999999933194900, -45.00000000000225200, 1706.941558781092700 ) ) ;
#5231 = EDGE_LOOP ( 'NONE', ( #3315, #8553, #299, #8130, #6946, #8249, #8008, #7927 ) ) ;
#5232 = CARTESIAN_POINT ( 'NONE',  ( 1968.249199732508700, 87.02498499006537700, 1950.305762976256300 ) ) ;
#5233 = LINE ( 'NONE', #6897, #3546 ) ;
#5234 = AXIS2_PLACEMENT_3D ( 'NONE', #4569, #289, #5193 ) ;
#5235 = CARTESIAN_POINT ( 'NONE',  ( 1649.999999967202500, -148.0000000000035200, 2030.200000026025700 ) ) ;
#5236 = EDGE_CURVE ( 'NONE', #331, #1234, #7086, .T. ) ;
#5237 = CARTESIAN_POINT ( 'NONE',  ( 1938.999999970079000, 64.99999999999670300, 1981.500000001802600 ) ) ;
#5238 = ORIENTED_EDGE ( 'NONE', *, *, #1237, .F. ) ;
#5239 =( BOUNDED_CURVE ( )  B_SPLINE_CURVE ( 3, ( #1211, #830, #842, #777 ),
 .UNSPECIFIED., .F., .F. ) 
 B_SPLINE_CURVE_WITH_KNOTS ( ( 4, 4 ),
 ( 3.141592655329215100, 6.283185308919008200 ),
 .UNSPECIFIED. ) 
 CURVE ( )  GEOMETRIC_REPRESENTATION_ITEM ( )  RATIONAL_B_SPLINE_CURVE ( ( 1.000000000000000000, 0.3333333333333333700, 0.3333333333333333700, 1.000000000000000000 ) ) 
 REPRESENTATION_ITEM ( '' )  );
#5240 = ORIENTED_EDGE ( 'NONE', *, *, #996, .T. ) ;
#5241 = CARTESIAN_POINT ( 'NONE',  ( 1961.437713531386200, -88.98344930233390900, 1938.857753872092900 ) ) ;
#5242 = COLOUR_RGB ( '',0.2862745098039215500, 0.3294117647058823500, 0.3490196078431372400 ) ;
#5243 = CARTESIAN_POINT ( 'NONE',  ( 1739.059087960419900, -80.00000000000359500, 2087.695578396611400 ) ) ;
#5244 = EDGE_LOOP ( 'NONE', ( #7996, #8209, #4998, #3492 ) ) ;
#5245 = CARTESIAN_POINT ( 'NONE',  ( 1934.075793186852500, -130.5500830033202200, 2403.515890250996600 ) ) ;
#5246 = PLANE ( 'NONE',  #6872 ) ;
#5247 = VERTEX_POINT ( 'NONE', #5290 ) ;
#5248 = CARTESIAN_POINT ( 'NONE',  ( 1680.477536065396900, -130.5345788220652400, 2119.474256704510000 ) ) ;
#5249 = CARTESIAN_POINT ( 'NONE',  ( 1910.308669057352100, 67.03283210688259400, 1956.331485962645700 ) ) ;
#5250 = VECTOR ( 'NONE', #1292, 1000.000000000000000 ) ;
#5251 = CARTESIAN_POINT ( 'NONE',  ( 1864.999999933194900, 44.99999999999764100, 1706.941558779269800 ) ) ;
#5252 = CARTESIAN_POINT ( 'NONE',  ( 1773.451362693453600, 127.0252013151444700, 2065.795683590108600 ) ) ;
#5253 = ADVANCED_FACE ( 'NONE', ( #6883 ), #1593, .T. ) ;
#5254 = EDGE_CURVE ( 'NONE', #1909, #7103, #3555, .T. ) ;
#5255 = ORIENTED_EDGE ( 'NONE', *, *, #4259, .F. ) ;
#5256 = DIRECTION ( 'NONE',  ( -0.0000000000000000000, 1.000000000000000000, 3.491483361109382500E-015 ) ) ;
#5257 = CARTESIAN_POINT ( 'NONE',  ( 1946.147095259637400, -104.7542203061736500, 2383.190973279991800 ) ) ;
#5258 = CARTESIAN_POINT ( 'NONE',  ( 1938.388047735097200, -104.6351404352694500, 2369.808406174931000 ) ) ;
#5259 = DIRECTION ( 'NONE',  ( -3.182806635077191500E-025, -3.491475051078775400E-015, 1.000000000000000000 ) ) ;
#5260 = CYLINDRICAL_SURFACE ( 'NONE', #1624, 20.00000000000001800 ) ;
#5261 = EDGE_CURVE ( 'NONE', #6938, #7934, #78, .T. ) ;
#5262 = DIRECTION ( 'NONE',  ( 0.0000000000000000000, -1.000000000000000000, -3.491483361109382100E-015 ) ) ;
#5263 = AXIS2_PLACEMENT_3D ( 'NONE', #7919, #4119, #8592 ) ;
#5264 = DIRECTION ( 'NONE',  ( -3.182806635077191500E-025, -3.491475051078775400E-015, 1.000000000000000000 ) ) ;
#5265 = ORIENTED_EDGE ( 'NONE', *, *, #4747, .T. ) ;
#5266 = DIRECTION ( 'NONE',  ( 0.0000000000000000000, 1.000000000000000000, 0.0000000000000000000 ) ) ;
#5267 = DIRECTION ( 'NONE',  ( 0.0000000000000000000, -3.652049423109128000E-015, 1.000000000000000000 ) ) ;
#5268 = AXIS2_PLACEMENT_3D ( 'NONE', #2055, #2186, #790 ) ;
#5269 = ORIENTED_EDGE ( 'NONE', *, *, #6032, .F. ) ;
#5270 = DIRECTION ( 'NONE',  ( 0.0000000000000000000, -3.344045254895060600E-015, 1.000000000000000000 ) ) ;
#5271 = VERTEX_POINT ( 'NONE', #5315 ) ;
#5272 = VECTOR ( 'NONE', #1010, 1000.000000000000000 ) ;
#5273 = CARTESIAN_POINT ( 'NONE',  ( 2000.356247691877600, -128.9346081978169700, 2175.410338597361300 ) ) ;
#5274 = EDGE_CURVE ( 'NONE', #7089, #3373, #5049, .T. ) ;
#5275 = CARTESIAN_POINT ( 'NONE',  ( 1880.999999958727100, -3.254638298783340700E-012, 1981.500000002324700 ) ) ;
#5276 = DIRECTION ( 'NONE',  ( -9.116397759820105700E-011, 4.891033724888730600E-015, -1.000000000000000000 ) ) ;
#5277 = ORIENTED_EDGE ( 'NONE', *, *, #2106, .F. ) ;
#5278 = CARTESIAN_POINT ( 'NONE',  ( 1888.687293470368300, 113.1965490287517000, 1956.399330066956300 ) ) ;
#5279 = CARTESIAN_POINT ( 'NONE',  ( 1718.024138785699300, 129.7910772653636100, 2098.237131407330700 ) ) ;
#5280 = CIRCLE ( 'NONE', #5958, 9.500000000000063900 ) ;
#5281 = DIRECTION ( 'NONE',  ( -9.116397759820105700E-011, 4.891033724888730600E-015, -1.000000000000000000 ) ) ;
#5282 = PRODUCT_DEFINITION ( 'UNKNOWN', '', #5701, #3379 ) ;
#5283 = ORIENTED_EDGE ( 'NONE', *, *, #4004, .F. ) ;
#5284 = CARTESIAN_POINT ( 'NONE',  ( 1977.278224419345000, -5.859923006903875200E-012, 1951.650592627876000 ) ) ;
#5285 = ORIENTED_EDGE ( 'NONE', *, *, #332, .T. ) ;
#5286 = VERTEX_POINT ( 'NONE', #4684 ) ;
#5287 = DIRECTION ( 'NONE',  ( 2.467162276944820500E-014, 0.0000000000000000000, 1.000000000000000000 ) ) ;
#5288 = EDGE_CURVE ( 'NONE', #4843, #19, #5981, .T. ) ;
#5289 = B_SPLINE_CURVE_WITH_KNOTS ( 'NONE', 3,
 ( #352, #7820, #8499, #4645, #386, #5278, #1147, #5900, #1882, #6509, #2637, #7153, #3362, #7848, #4053, #8528, #4672, #419, #5306, #1174, #5924, #1922, #6533, #2666, #7181, #3402, #7875, #4084, #8554, #4701, #452, #5333, #1206, #5950, #1950, #6558, #2692, #7210, #3434, #7906, #4106, #8583, #4728, #483, #5356, #1240 ),
 .UNSPECIFIED., .F., .F.,
 ( 4, 2, 2, 2, 2, 2, 2, 2, 1, 2, 2, 2, 2, 2, 2, 2, 2, 2, 2, 1, 2, 2, 2, 4 ),
 ( 0.03606931382247820900, 0.03832389491587252100, 0.03945118546256935100, 0.04057847600926618700, 0.04283305710265984700, 0.04508763819605350600, 0.04734221928944715900, 0.04846950983614353700, 0.04959680038283990900, 0.05072409092953628800, 0.05185138147623265900, 0.05410596256962554900, 0.05523325311632165000, 0.05636054366301775800, 0.05861512475640998100, 0.05974241530310564500, 0.06086970584980132300, 0.06312428694319249800, 0.06425157748988831500, 0.06537886803658413100, 0.06650615858327994800, 0.06763344912997576500, 0.06988803022336825800, 0.07214261131676075200 ),
 .UNSPECIFIED. ) ;
#5290 = CARTESIAN_POINT ( 'NONE',  ( 1977.278224419345000, -5.859923006903875200E-012, 1951.650592627876000 ) ) ;
#5291 = FACE_BOUND ( 'NONE', #8391, .T. ) ;
#5292 = EDGE_LOOP ( 'NONE', ( #3783, #2392, #6834, #7771, #5326 ) ) ;
#5293 = ADVANCED_FACE ( 'NONE', ( #3977, #8270 ), #5341, .F. ) ;
#5294 = DIRECTION ( 'NONE',  ( 0.0000000000000000000, -1.000000000000000000, 0.0000000000000000000 ) ) ;
#5295 = CARTESIAN_POINT ( 'NONE',  ( 1676.471950487031100, 91.77999999999683200, 2124.994894319279000 ) ) ;
#5296 = VECTOR ( 'NONE', #7330, 1000.000000000000000 ) ;
#5297 = CARTESIAN_POINT ( 'NONE',  ( 1884.999999967202500, -91.99999999998453900, 2110.000000026026600 ) ) ;
#5298 = LINE ( 'NONE', #7260, #8743 ) ;
#5299 = EDGE_CURVE ( 'NONE', #8788, #3476, #3444, .T. ) ;
#5300 = ADVANCED_FACE ( 'NONE', ( #667 ), #2417, .F. ) ;
#5301 = CARTESIAN_POINT ( 'NONE',  ( 1634.999999967202700, 128.9999999999965600, 2003.500000003669800 ) ) ;
#5302 = CARTESIAN_POINT ( 'NONE',  ( 1776.723619198440000, -3.205526784156457700E-012, 1967.433911309501400 ) ) ;
#5303 = CARTESIAN_POINT ( 'NONE',  ( 1803.825775137048400, -130.5417582127066700, 2297.087459714206500 ) ) ;
#5304 = EDGE_LOOP ( 'NONE', ( #747, #984, #4922, #5123 ) ) ;
#5305 = CONICAL_SURFACE ( 'NONE', #8739, 617.6991209250521700, 0.05235987755981500600 ) ;
#5306 = CARTESIAN_POINT ( 'NONE',  ( 1896.101712454883200, 111.9408064190381500, 1948.523733781242800 ) ) ;
#5307 = FACE_OUTER_BOUND ( 'NONE', #7132, .T. ) ;
#5308 = FACE_OUTER_BOUND ( 'NONE', #4592, .T. ) ;
#5309 = CARTESIAN_POINT ( 'NONE',  ( 1678.291317822368900, -130.5329048018429300, 2120.983427579341400 ) ) ;
#5310 = DIRECTION ( 'NONE',  ( -9.116012008145912100E-011, 4.493975836356545400E-015, -1.000000000000000000 ) ) ;
#5311 = ORIENTED_EDGE ( 'NONE', *, *, #1479, .T. ) ;
#5312 = CARTESIAN_POINT ( 'NONE',  ( 1964.999999967202500, -92.00000000000000000, 2290.000000026026600 ) ) ;
#5313 = VECTOR ( 'NONE', #4921, 999.9999999999998900 ) ;
#5314 = LINE ( 'NONE', #5638, #8351 ) ;
#5315 = CARTESIAN_POINT ( 'NONE',  ( 1895.249999947512200, -2.844389003852986300E-012, 1864.000000003669400 ) ) ;
#5316 = VERTEX_POINT ( 'NONE', #7943 ) ;
#5317 = AXIS2_PLACEMENT_3D ( 'NONE', #2133, #2065, #2019 ) ;
#5318 = CARTESIAN_POINT ( 'NONE',  ( 1649.999999967202500, -288.8556708123640000, 2080.000000026025200 ) ) ;
#5319 = ORIENTED_EDGE ( 'NONE', *, *, #8150, .T. ) ;
#5320 = PLANE ( 'NONE',  #8759 ) ;
#5321 = LINE ( 'NONE', #6118, #1690 ) ;
#5322 = CARTESIAN_POINT ( 'NONE',  ( 1692.534937472601500, 129.7137658832905100, 2106.749281719432000 ) ) ;
#5323 = EDGE_CURVE ( 'NONE', #6246, #1026, #5917, .T. ) ;
#5324 = VERTEX_POINT ( 'NONE', #2735 ) ;
#5325 = CARTESIAN_POINT ( 'NONE',  ( 1809.531149575292400, -129.1510113651806400, 1928.921412741291500 ) ) ;
#5326 = ORIENTED_EDGE ( 'NONE', *, *, #7778, .T. ) ;
#5327 = CARTESIAN_POINT ( 'NONE',  ( 1856.999999952526000, -105.0000000000067400, 1931.300000002324200 ) ) ;
#5328 = PLANE ( 'NONE',  #350 ) ;
#5329 = LINE ( 'NONE', #4841, #189 ) ;
#5330 = AXIS2_PLACEMENT_3D ( 'NONE', #2995, #4371, #7504 ) ;
#5331 = CARTESIAN_POINT ( 'NONE',  ( 1964.999999967202500, -92.00000000000000000, 2226.600000026026500 ) ) ;
#5332 = CARTESIAN_POINT ( 'NONE',  ( 1733.915741785916900, -130.5520106903918800, 2153.300977110856400 ) ) ;
#5333 = CARTESIAN_POINT ( 'NONE',  ( 1894.782805623350400, 111.4912539954670900, 1939.442918235399000 ) ) ;
#5334 = ADVANCED_FACE ( 'NONE', ( #4276 ), #529, .F. ) ;
#5335 = ORIENTED_EDGE ( 'NONE', *, *, #5655, .T. ) ;
#5336 = ORIENTED_EDGE ( 'NONE', *, *, #5224, .T. ) ;
#5337 = EDGE_CURVE ( 'NONE', #5546, #331, #2644, .T. ) ;
#5338 = CARTESIAN_POINT ( 'NONE',  ( 1994.719999397111500, -169.7500000000218300, 2369.254424353543500 ) ) ;
#5339 = DIRECTION ( 'NONE',  ( -0.4623517209361214200, 0.0000000000000000000, -0.8866966144896499800 ) ) ;
#5340 = EDGE_LOOP ( 'NONE', ( #2091, #2329, #4390, #810 ) ) ;
#5341 = PLANE ( 'NONE',  #5263 ) ;
#5342 = B_SPLINE_CURVE_WITH_KNOTS ( 'NONE', 3,
 ( #3575, #3715, #2846, #6072 ),
 .UNSPECIFIED., .F., .F.,
 ( 4, 4 ),
 ( 0.0000000000000000000, 1.000000000000000000 ),
 .UNSPECIFIED. ) ;
#5343 = ADVANCED_FACE ( 'NONE', ( #2183 ), #3504, .F. ) ;
#5344 = VERTEX_POINT ( 'NONE', #5393 ) ;
#5345 = AXIS2_PLACEMENT_3D ( 'NONE', #6855, #3035, #7534 ) ;
#5346 = VECTOR ( 'NONE', #5048, 1000.000000000000000 ) ;
#5347 = DIRECTION ( 'NONE',  ( 0.0000000000000000000, 3.491483361109382500E-015, -1.000000000000000000 ) ) ;
#5348 = CARTESIAN_POINT ( 'NONE',  ( 2040.610278374633700, -107.8319698344459900, 2348.473572554963500 ) ) ;
#5349 = ORIENTED_EDGE ( 'NONE', *, *, #4021, .F. ) ;
#5350 = CARTESIAN_POINT ( 'NONE',  ( 1700.159050995890800, 129.7791817493582600, 2077.026086666434800 ) ) ;
#5351 = CARTESIAN_POINT ( 'NONE',  ( 1623.785141543043200, -128.0547095101197200, 2037.658280672634900 ) ) ;
#5352 = CIRCLE ( 'NONE', #951, 34.99999999999970200 ) ;
#5353 = DIRECTION ( 'NONE',  ( 3.182802359415012600E-025, 3.491475051101101300E-015, -1.000000000000000000 ) ) ;
#5354 = VERTEX_POINT ( 'NONE', #1314 ) ;
#5355 = CARTESIAN_POINT ( 'NONE',  ( 1865.639858753980200, -86.00924963898243900, 1926.496490825587900 ) ) ;
#5356 = CARTESIAN_POINT ( 'NONE',  ( 1885.758348800171500, 112.0809815056627900, 1934.000000004471800 ) ) ;
#5357 = FACE_OUTER_BOUND ( 'NONE', #246, .T. ) ;
#5358 = EDGE_CURVE ( 'NONE', #8419, #681, #4073, .T. ) ;
#5359 = DIRECTION ( 'NONE',  ( 0.0000000000000000000, 0.0000000000000000000, 1.000000000000000000 ) ) ;
#5360 = CARTESIAN_POINT ( 'NONE',  ( 2460.583333289735500, -3.187459945133191400E-012, 1961.499999944139300 ) ) ;
#5361 = VERTEX_POINT ( 'NONE', #2062 ) ;
#5362 = EDGE_CURVE ( 'NONE', #7056, #1647, #7630, .T. ) ;
#5363 = CARTESIAN_POINT ( 'NONE',  ( 1884.999999955957000, 72.47662247615267000, 1957.405501388628900 ) ) ;
#5364 = AXIS2_PLACEMENT_3D ( 'NONE', #8699, #2786, #4217 ) ;
#5365 = CIRCLE ( 'NONE', #7166, 3.400000000000069600 ) ;
#5366 = DIRECTION ( 'NONE',  ( 0.0000000000000000000, 0.0000000000000000000, 1.000000000000000000 ) ) ;
#5367 = ORIENTED_EDGE ( 'NONE', *, *, #6981, .T. ) ;
#5368 = DIRECTION ( 'NONE',  ( 0.8638228404569633400, -0.03489949670249663900, -0.5025854409299737000 ) ) ;
#5369 = CARTESIAN_POINT ( 'NONE',  ( 1817.961782794372100, 125.4391287590929100, 2046.372910073174800 ) ) ;
#5370 = VERTEX_POINT ( 'NONE', #3539 ) ;
#5371 = LINE ( 'NONE', #8001, #3904 ) ;
#5372 = CARTESIAN_POINT ( 'NONE',  ( 1690.733532590876400, 129.7865038216650600, 2050.603255595764900 ) ) ;
#5373 = VERTEX_POINT ( 'NONE', #8680 ) ;
#5374 = AXIS2_PLACEMENT_3D ( 'NONE', #1082, #3274, #4593 ) ;
#5375 = CARTESIAN_POINT ( 'NONE',  ( 1994.999999967202500, -104.5000000000000000, 2330.000000026027900 ) ) ;
#5376 = AXIS2_PLACEMENT_3D ( 'NONE', #8269, #4441, #127 ) ;
#5377 = EDGE_LOOP ( 'NONE', ( #8038, #8115, #5646, #3537 ) ) ;
#5378 = CARTESIAN_POINT ( 'NONE',  ( 1954.999999956400000, -45.00000000000323300, 1961.499999998565300 ) ) ;
#5379 = ADVANCED_FACE ( 'NONE', ( #193 ), #8158, .T. ) ;
#5380 = CARTESIAN_POINT ( 'NONE',  ( 1663.626664980662800, 129.7877626259291900, 2012.505462674532500 ) ) ;
#5381 = EDGE_CURVE ( 'NONE', #2394, #4118, #4948, .T. ) ;
#5382 = CIRCLE ( 'NONE', #5596, 20.00000000000001800 ) ;
#5383 = DIRECTION ( 'NONE',  ( 0.0000000000000000000, -7.205288195231731400E-015, 1.000000000000000000 ) ) ;
#5384 = CARTESIAN_POINT ( 'NONE',  ( 1672.306124375383700, 129.6458841719265000, 2005.796309312571300 ) ) ;
#5385 = CARTESIAN_POINT ( 'NONE',  ( 1895.249999952525700, -3.036420588714003100E-012, 1919.000000003669400 ) ) ;
#5386 = B_SPLINE_CURVE_WITH_KNOTS ( 'NONE', 3,
 ( #4887, #2174, #4299, #8780 ),
 .UNSPECIFIED., .F., .F.,
 ( 4, 4 ),
 ( 0.0000000000000000000, 1.000000000000000000 ),
 .UNSPECIFIED. ) ;
#5387 = CARTESIAN_POINT ( 'NONE',  ( 1810.883031010060900, -94.79365842684353500, 1927.062266386753000 ) ) ;
#5388 = DIRECTION ( 'NONE',  ( 0.05233595624275865600, 0.9986295347545836000, 0.0000000000000000000 ) ) ;
#5389 = CARTESIAN_POINT ( 'NONE',  ( 1884.999999967202500, -500000.0000000000600, 2170.000000026026600 ) ) ;
#5390 = AXIS2_PLACEMENT_3D ( 'NONE', #7969, #4168, #7277 ) ;
#5391 = SHAPE_DEFINITION_REPRESENTATION ( #4092, #4093 ) ;
#5392 = EDGE_CURVE ( 'NONE', #556, #6207, #1245, .T. ) ;
#5393 = CARTESIAN_POINT ( 'NONE',  ( 1866.990833011216200, -65.26203700904986200, 1961.500000006427600 ) ) ;
#5394 = ORIENTED_EDGE ( 'NONE', *, *, #4601, .F. ) ;
#5395 = FACE_OUTER_BOUND ( 'NONE', #2003, .T. ) ;
#5396 = CARTESIAN_POINT ( 'NONE',  ( 1649.999999967202500, 79.99999999999666000, 2080.000000026027500 ) ) ;
#5397 = FACE_OUTER_BOUND ( 'NONE', #3872, .T. ) ;
#5398 = PLANE ( 'NONE',  #5863 ) ;
#5399 = CARTESIAN_POINT ( 'NONE',  ( 1715.758840624961700, 129.4503306983365900, 2066.064139045899100 ) ) ;
#5400 = VECTOR ( 'NONE', #7607, 1000.000000000000000 ) ;
#5401 = CARTESIAN_POINT ( 'NONE',  ( 1664.766181754779600, 129.7603346511555200, 2031.971739355457700 ) ) ;
#5402 = EDGE_LOOP ( 'NONE', ( #4265, #6295, #3318, #7076 ) ) ;
#5403 = PLANE ( 'NONE',  #6267 ) ;
#5404 = CYLINDRICAL_SURFACE ( 'NONE', #1594, 6.650000000000266800 ) ;
#5405 = FACE_BOUND ( 'NONE', #216, .T. ) ;
#5406 = VECTOR ( 'NONE', #7785, 1000.000000000000200 ) ;
#5407 = CARTESIAN_POINT ( 'NONE',  ( 1947.199157751255600, -126.4125755440421700, 1928.613939404486200 ) ) ;
#5408 = EDGE_CURVE ( 'NONE', #1351, #3238, #5537, .T. ) ;
#5409 = CARTESIAN_POINT ( 'NONE',  ( 1741.460090587713000, 125.4305678521328500, 1964.048193125522600 ) ) ;
#5410 = CARTESIAN_POINT ( 'NONE',  ( 2040.987430566370000, -124.5968814413200500, 2351.616746957253800 ) ) ;
#5411 = CARTESIAN_POINT ( 'NONE',  ( 1711.320713067985900, 129.6458841719262700, 2068.811899112122300 ) ) ;
#5412 = DIRECTION ( 'NONE',  ( 0.0000000000000000000, -5.489923971775834700E-015, 1.000000000000000000 ) ) ;
#5413 = DIRECTION ( 'NONE',  ( 0.0000000000000000000, -3.491483361109382500E-015, 1.000000000000000000 ) ) ;
#5414 = ORIENTED_EDGE ( 'NONE', *, *, #5961, .F. ) ;
#5415 = EDGE_CURVE ( 'NONE', #6507, #2515, #6388, .T. ) ;
#5416 = CARTESIAN_POINT ( 'NONE',  ( 1804.331663473456000, -102.2317167974976300, 1928.293503592304000 ) ) ;
#5417 = CARTESIAN_POINT ( 'NONE',  ( 1940.999999971989800, 96.99999999999627700, 2134.500000008745200 ) ) ;
#5418 = ORIENTED_EDGE ( 'NONE', *, *, #1766, .T. ) ;
#5419 = CARTESIAN_POINT ( 'NONE',  ( 1880.999999958475200, 64.99999999999758400, 1726.941558772524300 ) ) ;
#5420 = EDGE_LOOP ( 'NONE', ( #5283, #3154, #829, #7769 ) ) ;
#5421 = ADVANCED_FACE ( 'NONE', ( #7937 ), #4368, .F. ) ;
#5422 = VECTOR ( 'NONE', #5652, 1000.000000000000000 ) ;
#5423 = DIRECTION ( 'NONE',  ( 0.0000000000000000000, 1.000000000000000000, 0.0000000000000000000 ) ) ;
#5424 = AXIS2_PLACEMENT_3D ( 'NONE', #2872, #8744, #1415 ) ;
#5425 = VERTEX_POINT ( 'NONE', #663 ) ;
#5426 = CARTESIAN_POINT ( 'NONE',  ( 1694.349668841634000, 129.5406321417194100, 2035.733845875224900 ) ) ;
#5427 = EDGE_LOOP ( 'NONE', ( #2572, #1286 ) ) ;
#5428 = DIRECTION ( 'NONE',  ( 0.0000000000000000000, -1.000000000000000000, -3.546076827293422200E-015 ) ) ;
#5429 = EDGE_CURVE ( 'NONE', #2686, #8381, #6008, .T. ) ;
#5430 = CIRCLE ( 'NONE', #5527, 3.400000000000069600 ) ;
#5431 = CARTESIAN_POINT ( 'NONE',  ( 1990.839459047266200, 26.83480033193564300, 1895.000000009617700 ) ) ;
#5432 = ORIENTED_EDGE ( 'NONE', *, *, #4920, .F. ) ;
#5433 = DIRECTION ( 'NONE',  ( -0.0000000000000000000, 3.491475051101102100E-015, -1.000000000000000000 ) ) ;
#5434 = DIRECTION ( 'NONE',  ( -0.0000000000000000000, -1.000000000000000000, -0.0000000000000000000 ) ) ;
#5435 = EDGE_LOOP ( 'NONE', ( #2244, #2125 ) ) ;
#5436 = CARTESIAN_POINT ( 'NONE',  ( 1964.999999967202500, -500000.0000000000600, 2275.000000026027000 ) ) ;
#5437 = LINE ( 'NONE', #1126, #8683 ) ;
#5438 = CARTESIAN_POINT ( 'NONE',  ( 1641.999999967202500, 107.4999999999965900, 2024.521294163954100 ) ) ;
#5439 = PLANE ( 'NONE',  #3965 ) ;
#5440 = EDGE_CURVE ( 'NONE', #3244, #7245, #775, .T. ) ;
#5441 = CARTESIAN_POINT ( 'NONE',  ( 1806.052580164632700, -111.4358543998738500, 1928.478147557819300 ) ) ;
#5442 = VERTEX_POINT ( 'NONE', #7398 ) ;
#5443 = ORIENTED_EDGE ( 'NONE', *, *, #7118, .F. ) ;
#5444 = DIRECTION ( 'NONE',  ( 0.0000000000000000000, -1.000000000000000000, 0.0000000000000000000 ) ) ;
#5445 = VECTOR ( 'NONE', #540, 1000.000000000000000 ) ;
#5446 = DIRECTION ( 'NONE',  ( -4.253318358003503200E-015, -9.569966305507882300E-015, 1.000000000000000000 ) ) ;
#5447 = SURFACE_SIDE_STYLE ('',( #5729 ) ) ;
#5448 = ORIENTED_EDGE ( 'NONE', *, *, #3354, .T. ) ;
#5449 = AXIS2_PLACEMENT_3D ( 'NONE', #5450, #1350, #6066 ) ;
#5450 = CARTESIAN_POINT ( 'NONE',  ( 1994.719999397111500, -144.7499999999877200, 2369.254424353543500 ) ) ;
#5451 = CARTESIAN_POINT ( 'NONE',  ( 1672.940275937966800, 129.6227388117660600, 2005.403689605898100 ) ) ;
#5452 = LINE ( 'NONE', #6173, #8492 ) ;
#5453 = PLANE ( 'NONE',  #2771 ) ;
#5454 = DIRECTION ( 'NONE',  ( 0.0000000000000000000, 1.000000000000000000, 0.0000000000000000000 ) ) ;
#5455 = EDGE_CURVE ( 'NONE', #6084, #7365, #4554, .T. ) ;
#5456 = DIRECTION ( 'NONE',  ( 9.115936927843110400E-011, -3.491483361109382100E-015, 1.000000000000000000 ) ) ;
#5457 = EDGE_LOOP ( 'NONE', ( #1087, #7988, #7226, #1427 ) ) ;
#5458 = CARTESIAN_POINT ( 'NONE',  ( 1862.896390750899200, 82.49999999999705800, 1895.000000008235700 ) ) ;
#5459 = CARTESIAN_POINT ( 'NONE',  ( 1964.677764262989100, -101.0307890257152900, 1955.620833805501900 ) ) ;
#5460 = FACE_OUTER_BOUND ( 'NONE', #7160, .T. ) ;
#5461 = ADVANCED_FACE ( 'NONE', ( #2977 ), #5822, .F. ) ;
#5462 =( NAMED_UNIT ( * ) PLANE_ANGLE_UNIT ( ) SI_UNIT ( $, .RADIAN. ) );
#5463 = DIRECTION ( 'NONE',  ( -1.000000000000000000, 0.0000000000000000000, 9.115817950384305300E-011 ) ) ;
#5464 = EDGE_LOOP ( 'NONE', ( #2661, #1850, #5847, #2776, #4878, #581, #3689 ) ) ;
#5465 = CARTESIAN_POINT ( 'NONE',  ( 1627.685757211050700, 147.9999999999965300, 2035.000000003669600 ) ) ;
#5466 = DIRECTION ( 'NONE',  ( 1.000000000000000000, 0.0000000000000000000, -9.115614687691888900E-011 ) ) ;
#5467 = VERTEX_POINT ( 'NONE', #2927 ) ;
#5468 = EDGE_CURVE ( 'NONE', #7942, #5373, #2529, .T. ) ;
#5469 = CARTESIAN_POINT ( 'NONE',  ( 1964.677764262989100, -101.0307890257153200, 1955.620833805501900 ) ) ;
#5470 = DIRECTION ( 'NONE',  ( -0.7071067811865291400, -0.0000000000000000000, 0.7071067811865660000 ) ) ;
#5471 = AXIS2_PLACEMENT_3D ( 'NONE', #3922, #3940, #3895 ) ;
#5472 = ORIENTED_EDGE ( 'NONE', *, *, #6189, .F. ) ;
#5473 = DIRECTION ( 'NONE',  ( -1.200881365871955200E-015, -1.000000000000000000, -5.070387989237146600E-015 ) ) ;
#5474 = AXIS2_PLACEMENT_3D ( 'NONE', #6141, #2192, #6759 ) ;
#5475 = DIRECTION ( 'NONE',  ( 0.5028917890201630700, -0.0000000000000000000, 0.8643493787445559700 ) ) ;
#5476 = CIRCLE ( 'NONE', #5556, 20.00000000000001800 ) ;
#5477 = EDGE_CURVE ( 'NONE', #975, #7890, #2743, .T. ) ;
#5478 = ORIENTED_EDGE ( 'NONE', *, *, #8797, .T. ) ;
#5479 = FILL_AREA_STYLE_COLOUR ( '', #7966 ) ;
#5480 = CARTESIAN_POINT ( 'NONE',  ( 1726.705227982988400, 129.7636477283257600, 2102.872213861257500 ) ) ;
#5481 = ORIENTED_EDGE ( 'NONE', *, *, #564, .F. ) ;
#5482 = DIRECTION ( 'NONE',  ( -3.182809934755971400E-025, 1.000000000000000000, 2.901425564165518900E-035 ) ) ;
#5483 = DIRECTION ( 'NONE',  ( 0.0000000000000000000, 3.604620209821938900E-015, -1.000000000000000000 ) ) ;
#5484 = CARTESIAN_POINT ( 'NONE',  ( 1909.999999948150400, -2.868829387380752400E-012, 1871.000000002324900 ) ) ;
#5485 = LINE ( 'NONE', #6205, #1422 ) ;
#5486 = AXIS2_PLACEMENT_3D ( 'NONE', #2601, #7112, #3327 ) ;
#5487 = DIRECTION ( 'NONE',  ( 1.000000000000000000, -1.144917494144691700E-014, -9.116041255197152600E-011 ) ) ;
#5488 = AXIS2_PLACEMENT_3D ( 'NONE', #2114, #3552, #2080 ) ;
#5489 = CARTESIAN_POINT ( 'NONE',  ( 1990.839459047266200, 40.13480033193597800, 1885.500000009618400 ) ) ;
#5490 =( BOUNDED_CURVE ( )  B_SPLINE_CURVE ( 3, ( #7350, #3580, #8055, #4243 ),
 .UNSPECIFIED., .F., .T. ) 
 B_SPLINE_CURVE_WITH_KNOTS ( ( 4, 4 ),
 ( 1.467560234529898600, 3.003449976284934000 ),
 .UNSPECIFIED. ) 
 CURVE ( )  GEOMETRIC_REPRESENTATION_ITEM ( )  RATIONAL_B_SPLINE_CURVE ( ( 1.000000000000000000, 0.8128932002257613900, 0.8128932002257613900, 1.000000000000000000 ) ) 
 REPRESENTATION_ITEM ( '' )  );
#5491 = DIRECTION ( 'NONE',  ( 0.0000000000000000000, -6.520900500888530200E-015, 1.000000000000000000 ) ) ;
#5492 = EDGE_CURVE ( 'NONE', #3484, #1591, #7510, .T. ) ;
#5493 = CARTESIAN_POINT ( 'NONE',  ( 1811.684293385983700, -2.994937064541458400E-012, 1929.564608522962500 ) ) ;
#5494 = FACE_OUTER_BOUND ( 'NONE', #806, .T. ) ;
#5495 = VECTOR ( 'NONE', #6611, 1000.000000000000200 ) ;
#5496 = CARTESIAN_POINT ( 'NONE',  ( 1856.999999952526000, -105.0000000000067400, 1931.300000002324200 ) ) ;
#5497 = LINE ( 'NONE', #510, #149 ) ;
#5498 = DIRECTION ( 'NONE',  ( -0.8502353283813350900, 0.0000000000000000000, 0.5264027796015931000 ) ) ;
#5499 = PLANE ( 'NONE',  #7543 ) ;
#5500 = DIRECTION ( 'NONE',  ( 0.0000000000000000000, -3.491475051101102100E-015, 1.000000000000000000 ) ) ;
#5501 = ORIENTED_EDGE ( 'NONE', *, *, #1365, .F. ) ;
#5502 = DIRECTION ( 'NONE',  ( -0.9993908270159140800, -2.224949276039424300E-016, 0.03489949679361145600 ) ) ;
#5503 = VECTOR ( 'NONE', #6333, 1000.000000000000000 ) ;
#5504 = CARTESIAN_POINT ( 'NONE',  ( 1967.918325386564900, 82.38317841868257600, 1926.623116013487800 ) ) ;
#5505 = LINE ( 'NONE', #8587, #1906 ) ;
#5506 = CIRCLE ( 'NONE', #7150, 14.75000000000004100 ) ;
#5507 = DIRECTION ( 'NONE',  ( 0.0000000000000000000, -1.000000000000000000, -0.0000000000000000000 ) ) ;
#5508 = ADVANCED_FACE ( 'NONE', ( #303 ), #6790, .T. ) ;
#5509 = DIRECTION ( 'NONE',  ( 0.0000000000000000000, -2.921639538487302800E-015, 1.000000000000000000 ) ) ;
#5510 = VERTEX_POINT ( 'NONE', #8154 ) ;
#5511 = CARTESIAN_POINT ( 'NONE',  ( 1704.342914267145500, 129.7884175696285400, 2073.132035622158600 ) ) ;
#5512 = DIRECTION ( 'NONE',  ( 1.000000000000000000, 1.282610280958616500E-014, -9.118504024095124100E-011 ) ) ;
#5513 = CIRCLE ( 'NONE', #4743, 6.650000000000211700 ) ;
#5514 = CARTESIAN_POINT ( 'NONE',  ( 1880.999999967078300, -62.21677478098170200, 1981.500000002324700 ) ) ;
#5515 = CARTESIAN_POINT ( 'NONE',  ( 1994.999999967202500, -104.5000000000000000, 2333.400000026028000 ) ) ;
#5516 = DIRECTION ( 'NONE',  ( -0.0000000000000000000, 1.000000000000000000, 0.0000000000000000000 ) ) ;
#5517 = ORIENTED_EDGE ( 'NONE', *, *, #5492, .T. ) ;
#5518 = APPLICATION_CONTEXT ( 'automotive_design' ) ;
#5519 = VERTEX_POINT ( 'NONE', #1474 ) ;
#5520 = CARTESIAN_POINT ( 'NONE',  ( 1649.999999967202500, 129.7266450836413600, 2029.771268887440600 ) ) ;
#5521 = EDGE_CURVE ( 'NONE', #2252, #2272, #4169, .T. ) ;
#5522 = FACE_BOUND ( 'NONE', #3591, .T. ) ;
#5523 = CARTESIAN_POINT ( 'NONE',  ( 1972.216774745124700, -29.00000000000408200, 2146.500000008745200 ) ) ;
#5524 = CARTESIAN_POINT ( 'NONE',  ( 1994.719999397111700, -136.0000000000063400, 2369.254424353543100 ) ) ;
#5525 = ORIENTED_EDGE ( 'NONE', *, *, #905, .F. ) ;
#5526 = EDGE_CURVE ( 'NONE', #6964, #5324, #4539, .T. ) ;
#5527 = AXIS2_PLACEMENT_3D ( 'NONE', #3113, #7614, #3824 ) ;
#5528 = EDGE_LOOP ( 'NONE', ( #973, #1416 ) ) ;
#5529 = CARTESIAN_POINT ( 'NONE',  ( 1974.999999933194700, -45.00000000000233100, 1706.941558769242000 ) ) ;
#5530 = CARTESIAN_POINT ( 'NONE',  ( 1706.985770421968300, -130.5558096232132100, 2104.100160997968500 ) ) ;
#5531 = LINE ( 'NONE', #7994, #7178 ) ;
#5532 = CARTESIAN_POINT ( 'NONE',  ( 1884.999999967202500, -92.00000000000000000, 2170.000000026026600 ) ) ;
#5533 = ORIENTED_EDGE ( 'NONE', *, *, #3973, .F. ) ;
#5534 = DIRECTION ( 'NONE',  ( 0.0000000000000000000, 1.000000000000000000, 0.0000000000000000000 ) ) ;
#5535 = ORIENTED_EDGE ( 'NONE', *, *, #2791, .T. ) ;
#5536 = CARTESIAN_POINT ( 'NONE',  ( 1965.355610724683200, 82.58009180813631600, 1919.000000002324900 ) ) ;
#5537 = LINE ( 'NONE', #8041, #1008 ) ;
#5538 = AXIS2_PLACEMENT_3D ( 'NONE', #3031, #8220, #2902 ) ;
#5539 = DIRECTION ( 'NONE',  ( 0.9999999536206030100, -0.0003045632803564750600, 4.440891892534724900E-014 ) ) ;
#5540 = CARTESIAN_POINT ( 'NONE',  ( 1682.932240825616600, 129.7891394494876400, 2042.802672167088300 ) ) ;
#5541 =( BOUNDED_CURVE ( )  B_SPLINE_CURVE ( 3, ( #473, #410, #1975, #6576 ),
 .UNSPECIFIED., .F., .T. ) 
 B_SPLINE_CURVE_WITH_KNOTS ( ( 4, 4 ),
 ( 3.176483280881222000, 4.467437602545231800 ),
 .UNSPECIFIED. ) 
 CURVE ( )  GEOMETRIC_REPRESENTATION_ITEM ( )  RATIONAL_B_SPLINE_CURVE ( ( 1.000000000000000000, 0.8658752050908114000, 0.8658752050908114000, 1.000000000000000000 ) ) 
 REPRESENTATION_ITEM ( '' )  );
#5542 = EDGE_LOOP ( 'NONE', ( #96, #1859, #8557, #1877 ) ) ;
#5543 = VERTEX_POINT ( 'NONE', #3020 ) ;
#5544 = DIRECTION ( 'NONE',  ( -3.182806635077191500E-025, -3.491475051078775400E-015, 1.000000000000000000 ) ) ;
#5545 = DIRECTION ( 'NONE',  ( 3.182806635077191500E-025, 3.491475051078775400E-015, -1.000000000000000000 ) ) ;
#5546 = VERTEX_POINT ( 'NONE', #6196 ) ;
#5547 = EDGE_CURVE ( 'NONE', #6938, #586, #7079, .T. ) ;
#5548 = DIRECTION ( 'NONE',  ( -0.01252157459503726100, -0.9987768383827039200, 0.04783343265866859400 ) ) ;
#5549 = PRODUCT_CONTEXT ( 'NONE', #5518, 'mechanical' ) ;
#5550 = LINE ( 'NONE', #3777, #432 ) ;
#5551 = DIRECTION ( 'NONE',  ( -3.182802359415013000E-025, -3.491475051101102100E-015, 1.000000000000000000 ) ) ;
#5552 = ADVANCED_FACE ( 'NONE', ( #2057 ), #1819, .T. ) ;
#5553 = ORIENTED_EDGE ( 'NONE', *, *, #3739, .F. ) ;
#5554 = DIRECTION ( 'NONE',  ( 0.0000000000000000000, -1.000000000000000000, -2.552236838218749300E-015 ) ) ;
#5555 = CARTESIAN_POINT ( 'NONE',  ( 1626.909945577154500, -130.5336078553816000, 2035.876430493805900 ) ) ;
#5556 = AXIS2_PLACEMENT_3D ( 'NONE', #1733, #6384, #2494 ) ;
#5557 = VECTOR ( 'NONE', #6404, 1000.000000000000000 ) ;
#5558 = EDGE_CURVE ( 'NONE', #2041, #6188, #3752, .T. ) ;
#5559 = DIRECTION ( 'NONE',  ( 3.182802359415012600E-025, 3.491475051101101300E-015, -1.000000000000000000 ) ) ;
#5560 = ORIENTED_EDGE ( 'NONE', *, *, #2386, .T. ) ;
#5561 = CARTESIAN_POINT ( 'NONE',  ( 1786.218017839432800, 91.77999999999639200, 1934.263205367525000 ) ) ;
#5562 = DIRECTION ( 'NONE',  ( 0.0000000000000000000, 1.000000000000000000, 3.491483361109381700E-015 ) ) ;
#5563 = CYLINDRICAL_SURFACE ( 'NONE', #1811, 49.79999999999984100 ) ;
#5564 = CARTESIAN_POINT ( 'NONE',  ( 1724.484654077096100, 129.7839511391836100, 2104.247028853475500 ) ) ;
#5565 = VERTEX_POINT ( 'NONE', #7547 ) ;
#5566 = EDGE_LOOP ( 'NONE', ( #5952, #6039, #1581, #6939, #8757, #4152, #3417, #8428, #5228, #8256 ) ) ;
#5567 = CARTESIAN_POINT ( 'NONE',  ( 1661.521587353381800, 129.7825217123938700, 2012.473296348508700 ) ) ;
#5568 = VECTOR ( 'NONE', #5433, 1000.000000000000000 ) ;
#5569 = DIRECTION ( 'NONE',  ( -1.000000000000000000, 0.0000000000000000000, 9.115868553837774800E-011 ) ) ;
#5570 = DIRECTION ( 'NONE',  ( 0.0000000000000000000, -1.000000000000000000, -3.491483361109382500E-015 ) ) ;
#5571 = EDGE_CURVE ( 'NONE', #1046, #2565, #3964, .T. ) ;
#5572 = CARTESIAN_POINT ( 'NONE',  ( 1649.999999967202500, -86.00924963875331700, 2080.000000026027900 ) ) ;
#5573 = CARTESIAN_POINT ( 'NONE',  ( 1964.999999967202500, -91.99999999998453900, 2275.000000026027000 ) ) ;
#5574 = ORIENTED_EDGE ( 'NONE', *, *, #8402, .T. ) ;
#5575 = DIRECTION ( 'NONE',  ( 0.0000000000000000000, 0.0000000000000000000, -1.000000000000000000 ) ) ;
#5576 = DIRECTION ( 'NONE',  ( 1.000000000000000000, 0.0000000000000000000, -9.115693149855629900E-011 ) ) ;
#5577 = VECTOR ( 'NONE', #6616, 1000.000000000000000 ) ;
#5578 = VERTEX_POINT ( 'NONE', #6253 ) ;
#5579 = CARTESIAN_POINT ( 'NONE',  ( 1647.984731816562100, -130.5467985987859800, 2030.200000026023900 ) ) ;
#5580 = ORIENTED_EDGE ( 'NONE', *, *, #4861, .F. ) ;
#5581 = PLANE ( 'NONE',  #482 ) ;
#5582 = CARTESIAN_POINT ( 'NONE',  ( 1949.999999956399700, -65.00000000000325400, 1961.499999998679200 ) ) ;
#5583 = CYLINDRICAL_SURFACE ( 'NONE', #2489, 3.400000000000138900 ) ;
#5584 = AXIS2_PLACEMENT_3D ( 'NONE', #520, #404, #463 ) ;
#5585 = AXIS2_PLACEMENT_3D ( 'NONE', #6133, #2182, #6750 ) ;
#5586 = CARTESIAN_POINT ( 'NONE',  ( 1702.756761692906400, 129.7902424056703100, 2074.114063886664600 ) ) ;
#5587 = ADVANCED_FACE ( 'NONE', ( #6870 ), #6676, .T. ) ;
#5588 = EDGE_CURVE ( 'NONE', #1165, #2081, #8017, .T. ) ;
#5589 = DIRECTION ( 'NONE',  ( 0.0000000000000000000, 0.0000000000000000000, -1.000000000000000000 ) ) ;
#5590 = CARTESIAN_POINT ( 'NONE',  ( 1692.719983516019300, 129.6875214309560800, 2123.913361594921300 ) ) ;
#5591 = CARTESIAN_POINT ( 'NONE',  ( 1844.737962946113800, -43.00916693373221700, 1961.499999988326200 ) ) ;
#5592 = CARTESIAN_POINT ( 'NONE',  ( 1856.999999952526000, -94.00000000000682100, 1931.300000002324200 ) ) ;
#5593 = DIRECTION ( 'NONE',  ( 0.0000000000000000000, 0.0000000000000000000, 1.000000000000000000 ) ) ;
#5594 =( BOUNDED_CURVE ( )  B_SPLINE_CURVE ( 3, ( #1251, #1000, #1049, #970 ),
 .UNSPECIFIED., .F., .F. ) 
 B_SPLINE_CURVE_WITH_KNOTS ( ( 4, 4 ),
 ( 3.176499238720825100, 6.318091892310618200 ),
 .UNSPECIFIED. ) 
 CURVE ( )  GEOMETRIC_REPRESENTATION_ITEM ( )  RATIONAL_B_SPLINE_CURVE ( ( 1.000000000000000000, 0.3333333333333333700, 0.3333333333333333700, 1.000000000000000000 ) ) 
 REPRESENTATION_ITEM ( '' )  );
#5595 = DIRECTION ( 'NONE',  ( -0.5260821092511870400, -0.03489949670249806900, -0.8497173879918749100 ) ) ;
#5596 = AXIS2_PLACEMENT_3D ( 'NONE', #4012, #8488, #4630 ) ;
#5597 = ORIENTED_EDGE ( 'NONE', *, *, #6396, .T. ) ;
#5598 = VECTOR ( 'NONE', #7461, 1000.000000000000000 ) ;
#5599 = EDGE_LOOP ( 'NONE', ( #354, #2818, #7972, #911 ) ) ;
#5600 = LINE ( 'NONE', #2465, #3927 ) ;
#5601 = CYLINDRICAL_SURFACE ( 'NONE', #3458, 6.650000000000211700 ) ;
#5602 = EDGE_CURVE ( 'NONE', #3459, #4492, #5233, .T. ) ;
#5603 = DIRECTION ( 'NONE',  ( -0.0000000000000000000, -1.000000000000000000, -0.0000000000000000000 ) ) ;
#5604 = CARTESIAN_POINT ( 'NONE',  ( 1946.215774850247300, -130.4748379683158200, 2377.472570201023200 ) ) ;
#5605 = EDGE_LOOP ( 'NONE', ( #2973, #3203, #6573, #8572 ) ) ;
#5606 = VECTOR ( 'NONE', #4057, 1000.000000000000100 ) ;
#5607 = FACE_OUTER_BOUND ( 'NONE', #992, .T. ) ;
#5608 = CARTESIAN_POINT ( 'NONE',  ( 1884.999999956855800, 72.26203889641207900, 1961.500000004603400 ) ) ;
#5609 = LINE ( 'NONE', #414, #5213 ) ;
#5610 = CARTESIAN_POINT ( 'NONE',  ( 1953.638549481684300, -121.3074726232379800, 1928.346392296808100 ) ) ;
#5611 = AXIS2_PLACEMENT_3D ( 'NONE', #4556, #1030, #5811 ) ;
#5612 = DIRECTION ( 'NONE',  ( 0.0000000000000000000, 8.326672684688629900E-015, -1.000000000000000000 ) ) ;
#5613 = ORIENTED_EDGE ( 'NONE', *, *, #6687, .F. ) ;
#5614 = CARTESIAN_POINT ( 'NONE',  ( 1949.668884638226700, -128.4750493350739200, 2389.252492166168800 ) ) ;
#5615 = CARTESIAN_POINT ( 'NONE',  ( 1681.980561262649600, 129.7858305809409700, 2043.391881707686300 ) ) ;
#5616 = LINE ( 'NONE', #1880, #6857 ) ;
#5617 = CARTESIAN_POINT ( 'NONE',  ( 1950.462800331118600, -123.8927679226267000, 1928.481881882529300 ) ) ;
#5618 = EDGE_CURVE ( 'NONE', #7374, #5030, #5430, .T. ) ;
#5619 = DIRECTION ( 'NONE',  ( -3.182802359415012600E-025, -3.491475051101101300E-015, 1.000000000000000000 ) ) ;
#5620 = CARTESIAN_POINT ( 'NONE',  ( 1915.650257526617500, -90.66203889639707800, 1894.000000002324200 ) ) ;
#5621 = EDGE_LOOP ( 'NONE', ( #1304, #8416, #3040, #3295 ) ) ;
#5622 = DIRECTION ( 'NONE',  ( 3.182806635077191500E-025, 3.491475051078775400E-015, -1.000000000000000000 ) ) ;
#5623 = DIRECTION ( 'NONE',  ( 3.182802359415013500E-025, 3.491475051101102100E-015, -1.000000000000000000 ) ) ;
#5624 = CARTESIAN_POINT ( 'NONE',  ( 1893.999999946638800, 82.49999999999705800, 1895.000000004564300 ) ) ;
#5625 = VECTOR ( 'NONE', #4990, 1000.000000000000000 ) ;
#5626 = PLANE ( 'NONE',  #3053 ) ;
#5627 = CARTESIAN_POINT ( 'NONE',  ( 1844.999999958223500, 28.99999999999754900, 1981.500000007300500 ) ) ;
#5628 = EDGE_CURVE ( 'NONE', #5029, #8023, #1586, .T. ) ;
#5629 = ADVANCED_FACE ( 'NONE', ( #8261 ), #8304, .T. ) ;
#5630 = ORIENTED_EDGE ( 'NONE', *, *, #2531, .T. ) ;
#5631 = VECTOR ( 'NONE', #6841, 1000.000000000000200 ) ;
#5632 = CARTESIAN_POINT ( 'NONE',  ( 1947.626482106174100, -130.4077426419955000, 2355.015551242091100 ) ) ;
#5633 = EDGE_CURVE ( 'NONE', #8634, #7216, #8675, .T. ) ;
#5634 = DIRECTION ( 'NONE',  ( 0.0000000000000000000, 0.0000000000000000000, 1.000000000000000000 ) ) ;
#5635 = EDGE_LOOP ( 'NONE', ( #85, #2313, #7183, #5724 ) ) ;
#5637 = ORIENTED_EDGE ( 'NONE', *, *, #641, .F. ) ;
#5636 = CARTESIAN_POINT ( 'NONE',  ( 1959.346664841608800, -115.4495192440342600, 1928.039393658176300 ) ) ;
#5638 = CARTESIAN_POINT ( 'NONE',  ( 1622.952805083739100, 107.4999999999965500, 2036.313907333012600 ) ) ;
#5639 = VECTOR ( 'NONE', #3319, 1000.000000000000000 ) ;
#5640 = DIRECTION ( 'NONE',  ( -9.116527603211088700E-011, 4.943618894426031000E-015, -1.000000000000000000 ) ) ;
#5641 = CARTESIAN_POINT ( 'NONE',  ( 1884.999999955885000, 72.47790997763115700, 1957.380934396930300 ) ) ;
#5642 = CARTESIAN_POINT ( 'NONE',  ( 1660.569907790415300, 129.7792128438467500, 2013.062505889106200 ) ) ;
#5643 =( BOUNDED_CURVE ( )  B_SPLINE_CURVE ( 3, ( #8482, #7128, #4653, #396 ),
 .UNSPECIFIED., .F., .F. ) 
 B_SPLINE_CURVE_WITH_KNOTS ( ( 4, 4 ),
 ( 1.739422090714005100E-009, 0.07048629639683629000 ),
 .UNSPECIFIED. ) 
 CURVE ( )  GEOMETRIC_REPRESENTATION_ITEM ( )  RATIONAL_B_SPLINE_CURVE ( ( 1.000000000000000000, 0.9995860163748291300, 0.9995860163748291300, 1.000000000000000000 ) ) 
 REPRESENTATION_ITEM ( '' )  );
#5644 = CARTESIAN_POINT ( 'NONE',  ( 1956.605524409392500, -118.4873868707662300, 1928.198597864862700 ) ) ;
#5645 = ORIENTED_EDGE ( 'NONE', *, *, #578, .T. ) ;
#5646 = ORIENTED_EDGE ( 'NONE', *, *, #4229, .T. ) ;
#5647 = AXIS2_PLACEMENT_3D ( 'NONE', #1462, #6163, #2210 ) ;
#5648 = PLANE ( 'NONE',  #4469 ) ;
#5649 = DIRECTION ( 'NONE',  ( -0.0000000000000000000, -1.000000000000000000, -3.491483361109382100E-015 ) ) ;
#5650 = LINE ( 'NONE', #2005, #4185 ) ;
#5651 = DIRECTION ( 'NONE',  ( 0.0000000000000000000, -9.569966305507882300E-015, 1.000000000000000000 ) ) ;
#5652 = DIRECTION ( 'NONE',  ( -9.115924681779572100E-011, 3.546085137301702900E-015, -1.000000000000000000 ) ) ;
#5653 = DIRECTION ( 'NONE',  ( 0.02754979283939147300, -0.9986295347545740600, 0.04449787894236809100 ) ) ;
#5654 = DIRECTION ( 'NONE',  ( -1.000000000000000000, -0.0000000000000000000, -0.0000000000000000000 ) ) ;
#5655 = EDGE_CURVE ( 'NONE', #892, #7249, #5040, .T. ) ;
#5656 = VERTEX_POINT ( 'NONE', #7643 ) ;
#5657 = DIRECTION ( 'NONE',  ( 0.0000000000000000000, 1.000000000000000000, 0.0000000000000000000 ) ) ;
#5658 = VECTOR ( 'NONE', #5539, 1000.000000000000100 ) ;
#5659 = PLANE ( 'NONE',  #7921 ) ;
#5660 = ORIENTED_EDGE ( 'NONE', *, *, #6336, .T. ) ;
#5661 = CARTESIAN_POINT ( 'NONE',  ( 1964.149910302229700, -130.2103663545860300, 2330.692213628714400 ) ) ;
#5662 = EDGE_CURVE ( 'NONE', #4367, #3325, #118, .T. ) ;
#5663 = LINE ( 'NONE', #1614, #4197 ) ;
#5664 = DIRECTION ( 'NONE',  ( -3.182806635077191500E-025, -3.491475051078775400E-015, 1.000000000000000000 ) ) ;
#5665 = EDGE_LOOP ( 'NONE', ( #2801, #2361, #4513, #3663 ) ) ;
#5666 = CARTESIAN_POINT ( 'NONE',  ( 1994.719999397111500, -144.7500000000061100, 2349.254424353543500 ) ) ;
#5667 = DIRECTION ( 'NONE',  ( 0.0000000000000000000, -9.390096721279483400E-015, 1.000000000000000000 ) ) ;
#5668 = CARTESIAN_POINT ( 'NONE',  ( 1649.999999967202500, 91.77999999999757100, 2080.000000026027500 ) ) ;
#5669 = ADVANCED_FACE ( 'NONE', ( #1127 ), #196, .T. ) ;
#5670 = CARTESIAN_POINT ( 'NONE',  ( 1888.999999947512400, 82.49999999999704400, 1900.000000002324700 ) ) ;
#5671 = ORIENTED_EDGE ( 'NONE', *, *, #4905, .F. ) ;
#5672 = CARTESIAN_POINT ( 'NONE',  ( 1676.278433009699700, 129.6479196321045900, 2122.806184025812900 ) ) ;
#5673 = CARTESIAN_POINT ( 'NONE',  ( 1996.840782577978000, -60.73339774335293100, 1954.342868569770200 ) ) ;
#5674 = DIRECTION ( 'NONE',  ( 0.0000000000000000000, -3.491475051101102100E-015, 1.000000000000000000 ) ) ;
#5675 = EDGE_CURVE ( 'NONE', #3617, #1753, #8052, .T. ) ;
#5676 = LINE ( 'NONE', #5693, #4595 ) ;
#5677 = EDGE_CURVE ( 'NONE', #4623, #6088, #1435, .T. ) ;
#5678 = ORIENTED_EDGE ( 'NONE', *, *, #8426, .F. ) ;
#5679 = CYLINDRICAL_SURFACE ( 'NONE', #1170, 449.9999999999999400 ) ;
#5680 = CARTESIAN_POINT ( 'NONE',  ( 1992.639900011483900, -129.8980441988569800, 2320.039449959286700 ) ) ;
#5681 = DIRECTION ( 'NONE',  ( 0.0000000000000000000, -1.000000000000000000, 0.0000000000000000000 ) ) ;
#5682 = CARTESIAN_POINT ( 'NONE',  ( 1929.334848562614800, -126.3000000000066900, 1928.608039571850400 ) ) ;
#5683 = FACE_OUTER_BOUND ( 'NONE', #4762, .T. ) ;
#5684 = DIRECTION ( 'NONE',  ( -0.1897725709939602200, 0.0000000000000000000, -0.9818280762426497800 ) ) ;
#5685 = AXIS2_PLACEMENT_3D ( 'NONE', #8192, #8164, #4296 ) ;
#5686 = DIRECTION ( 'NONE',  ( 0.0000000000000000000, 2.413528314402453900E-015, -1.000000000000000000 ) ) ;
#5687 = AXIS2_PLACEMENT_3D ( 'NONE', #2461, #993, #3186 ) ;
#5688 = CIRCLE ( 'NONE', #3747, 22.26203889641542600 ) ;
#5689 = DIRECTION ( 'NONE',  ( -1.000000000000000000, -0.0000000000000000000, -0.0000000000000000000 ) ) ;
#5690 = DIRECTION ( 'NONE',  ( 1.000000000000000000, -0.0000000000000000000, 0.0000000000000000000 ) ) ;
#5691 = EDGE_CURVE ( 'NONE', #3373, #1535, #4848, .T. ) ;
#5692 = VERTEX_POINT ( 'NONE', #8474 ) ;
#5693 = CARTESIAN_POINT ( 'NONE',  ( 1989.999999947512200, -2.834591829459807500E-012, 1863.999999995031900 ) ) ;
#5694 = CYLINDRICAL_SURFACE ( 'NONE', #7839, 3.400000000000069600 ) ;
#5695 = CARTESIAN_POINT ( 'NONE',  ( 1624.206263766725200, -3.453088867333897200E-012, 2038.338468935340400 ) ) ;
#5696 = LINE ( 'NONE', #427, #4040 ) ;
#5697 = CIRCLE ( 'NONE', #8083, 80.00000000000007100 ) ;
#5698 = CARTESIAN_POINT ( 'NONE',  ( 1968.627958622358600, 87.79327490203107200, 1955.328082094459000 ) ) ;
#5699 = DIRECTION ( 'NONE',  ( 0.0003045516976447801300, 0.9999619230641713100, 0.008721219528707174100 ) ) ;
#5700 = DIRECTION ( 'NONE',  ( -3.232576927341070300E-025, -3.546076827293422200E-015, 1.000000000000000000 ) ) ;
#5701 = PRODUCT_DEFINITION_FORMATION_WITH_SPECIFIED_SOURCE ( 'ANY', '', #2342, .NOT_KNOWN. ) ;
#5702 = ORIENTED_EDGE ( 'NONE', *, *, #2344, .T. ) ;
#5703 = EDGE_LOOP ( 'NONE', ( #1132, #4850, #5044, #5238 ) ) ;
#5704 = DIRECTION ( 'NONE',  ( 0.0000000000000000000, 0.0000000000000000000, 1.000000000000000000 ) ) ;
#5705 = ADVANCED_FACE ( 'NONE', ( #6296 ), #4463, .T. ) ;
#5706 = EDGE_CURVE ( 'NONE', #19, #1494, #895, .T. ) ;
#5707 = CARTESIAN_POINT ( 'NONE',  ( 1961.349742378435200, -90.66203889639713500, 1919.000000002324700 ) ) ;
#5708 = LINE ( 'NONE', #2947, #5126 ) ;
#5709 = ORIENTED_EDGE ( 'NONE', *, *, #6314, .F. ) ;
#5710 = EDGE_LOOP ( 'NONE', ( #8600, #7005, #225, #5755, #5939, #695 ) ) ;
#5711 = FACE_OUTER_BOUND ( 'NONE', #5858, .T. ) ;
#5712 = DIRECTION ( 'NONE',  ( 0.0000000000000000000, 0.0000000000000000000, 1.000000000000000000 ) ) ;
#5713 = CARTESIAN_POINT ( 'NONE',  ( 1866.249999952532300, 69.12722283113883700, 1885.500000009618400 ) ) ;
#5714 = CARTESIAN_POINT ( 'NONE',  ( 1814.741496689569900, 105.9999999999931900, 1927.040210408461000 ) ) ;
#5715 = ORIENTED_EDGE ( 'NONE', *, *, #7611, .T. ) ;
#5716 = CARTESIAN_POINT ( 'NONE',  ( 1847.783225199584900, 28.99999999999754900, 1726.941558780839400 ) ) ;
#5717 = DIRECTION ( 'NONE',  ( -1.000000000000000000, 0.0000000000000000000, 9.115820321445619100E-011 ) ) ;
#5718 = ORIENTED_EDGE ( 'NONE', *, *, #2917, .F. ) ;
#5719 = EDGE_CURVE ( 'NONE', #3325, #4367, #5289, .T. ) ;
#5720 = CONICAL_SURFACE ( 'NONE', #8120, 53.00350918079277600, 0.05235987755983730100 ) ;
#5721 = CARTESIAN_POINT ( 'NONE',  ( 1866.999999956400400, -43.00000000000319700, 1961.499999975203100 ) ) ;
#5722 = CARTESIAN_POINT ( 'NONE',  ( 1804.923729029298800, 99.43140867035892000, 1927.521451359671800 ) ) ;
#5723 = ADVANCED_FACE ( 'NONE', ( #2635 ), #2613, .F. ) ;
#5724 = ORIENTED_EDGE ( 'NONE', *, *, #6284, .F. ) ;
#5725 = CARTESIAN_POINT ( 'NONE',  ( 2007.066988411273800, -36.56928417261070100, 1941.611806831755100 ) ) ;
#5726 = DIRECTION ( 'NONE',  ( 1.000000000000000000, 0.0000000000000000000, -9.116041255197152600E-011 ) ) ;
#5727 = ORIENTED_EDGE ( 'NONE', *, *, #7107, .T. ) ;
#5728 = CARTESIAN_POINT ( 'NONE',  ( 1880.129271050829900, 91.64459996543583000, 1926.299700054492000 ) ) ;
#5729 = SURFACE_STYLE_FILL_AREA ( #4198 ) ;
#5730 = DIRECTION ( 'NONE',  ( -1.000000000000000000, 0.0000000000000000000, 9.116624592718548600E-011 ) ) ;
#5731 = CARTESIAN_POINT ( 'NONE',  ( 1976.724438973836000, 28.70430952795694400, 1952.672918811193100 ) ) ;
#5732 = EDGE_LOOP ( 'NONE', ( #7560, #7780 ) ) ;
#5733 = ORIENTED_EDGE ( 'NONE', *, *, #4676, .F. ) ;
#5734 = FILL_AREA_STYLE_COLOUR ( '', #7464 ) ;
#5735 = CIRCLE ( 'NONE', #1574, 3.400000000000138900 ) ;
#5736 = CARTESIAN_POINT ( 'NONE',  ( 1789.066376567362100, 120.8157024729989100, 1934.289448378258600 ) ) ;
#5737 =( BOUNDED_CURVE ( )  B_SPLINE_CURVE ( 3, ( #4954, #4985, #4959, #4933 ),
 .UNSPECIFIED., .F., .F. ) 
 B_SPLINE_CURVE_WITH_KNOTS ( ( 4, 4 ),
 ( 3.071106360540529300, 3.141592655329215100 ),
 .UNSPECIFIED. ) 
 CURVE ( )  GEOMETRIC_REPRESENTATION_ITEM ( )  RATIONAL_B_SPLINE_CURVE ( ( 1.000000000000000000, 0.9995860163732874800, 0.9995860163732874800, 1.000000000000000000 ) ) 
 REPRESENTATION_ITEM ( '' )  );
#5738 = VERTEX_POINT ( 'NONE', #1985 ) ;
#5739 = CARTESIAN_POINT ( 'NONE',  ( 1990.839459047263300, -33.48480033194842800, 1885.500000009617900 ) ) ;
#5740 = EDGE_CURVE ( 'NONE', #461, #7890, #4641, .T. ) ;
#5741 = DIRECTION ( 'NONE',  ( -3.182802359415012600E-025, -3.491475051101101300E-015, 1.000000000000000000 ) ) ;
#5742 = DIRECTION ( 'NONE',  ( 3.182802359415012600E-025, 3.491475051101101300E-015, -1.000000000000000000 ) ) ;
#5743 = VECTOR ( 'NONE', #5129, 1000.000000000000000 ) ;
#5744 = CARTESIAN_POINT ( 'NONE',  ( 1882.034337790890000, 112.4886968824655800, 1934.382614531809200 ) ) ;
#5745 = CARTESIAN_POINT ( 'NONE',  ( 1972.216774742266600, -29.00000000000368100, 1981.500000002324700 ) ) ;
#5746 = ADVANCED_FACE ( 'NONE', ( #7618 ), #5720, .T. ) ;
#5747 = AXIS2_PLACEMENT_3D ( 'NONE', #7528, #6236, #1548 ) ;
#5748 = ORIENTED_EDGE ( 'NONE', *, *, #1377, .T. ) ;
#5749 = DIRECTION ( 'NONE',  ( 0.01837119207089475000, 0.9993908270190955400, 0.02967278503919682600 ) ) ;
#5750 = FACE_OUTER_BOUND ( 'NONE', #2823, .T. ) ;
#5751 = CARTESIAN_POINT ( 'NONE',  ( 1958.065804361275200, 92.32428215644787900, 1943.322965889342900 ) ) ;
#5752 = CARTESIAN_POINT ( 'NONE',  ( 1864.999999958223700, 44.99999999999666800, 1981.500000004287600 ) ) ;
#5753 = EDGE_CURVE ( 'NONE', #3726, #436, #7395, .T. ) ;
#5754 = CARTESIAN_POINT ( 'NONE',  ( 1994.719999397111500, -169.7500000000061700, 2369.254424353543500 ) ) ;
#5755 = ORIENTED_EDGE ( 'NONE', *, *, #2833, .F. ) ;
#5756 = DIRECTION ( 'NONE',  ( 0.0000000000000000000, -1.000000000000000000, 0.0000000000000000000 ) ) ;
#5757 = DIRECTION ( 'NONE',  ( 0.0000000000000000000, -0.0000000000000000000, 1.000000000000000000 ) ) ;
#5758 = VECTOR ( 'NONE', #4806, 1000.000000000000000 ) ;
#5759 = CARTESIAN_POINT ( 'NONE',  ( 1704.875312763654800, -80.00000000000322600, 1985.108414068880400 ) ) ;
#5760 = AXIS2_PLACEMENT_3D ( 'NONE', #6211, #47, #4999 ) ;
#5761 = ORIENTED_EDGE ( 'NONE', *, *, #5802, .T. ) ;
#5762 = CARTESIAN_POINT ( 'NONE',  ( 1814.225292584473000, 118.4497674996388400, 1927.692675075754300 ) ) ;
#5763 = ADVANCED_FACE ( 'NONE', ( #4269 ), #6003, .T. ) ;
#5764 = ORIENTED_EDGE ( 'NONE', *, *, #6550, .T. ) ;
#5765 = LINE ( 'NONE', #2760, #5577 ) ;
#5766 = DIRECTION ( 'NONE',  ( 3.182802359415012600E-025, 3.491475051101101300E-015, -1.000000000000000000 ) ) ;
#5767 = ORIENTED_EDGE ( 'NONE', *, *, #8059, .F. ) ;
#5768 = CARTESIAN_POINT ( 'NONE',  ( 1663.000946427530200, -130.5543045871280900, 2031.854112934074700 ) ) ;
#5769 = SURFACE_SIDE_STYLE ('',( #4402 ) ) ;
#5770 = ORIENTED_EDGE ( 'NONE', *, *, #3042, .T. ) ;
#5771 = CARTESIAN_POINT ( 'NONE',  ( 1874.119609416410400, 113.7452142742413900, 1941.757253802655900 ) ) ;
#5772 = CARTESIAN_POINT ( 'NONE',  ( 1864.999999956400400, -65.00000000000325400, 1961.499999977472000 ) ) ;
#5773 = FACE_OUTER_BOUND ( 'NONE', #4819, .T. ) ;
#5774 = DIRECTION ( 'NONE',  ( 1.000000000000000000, -2.901425564165518900E-035, -9.115924681779572100E-011 ) ) ;
#5775 = DIRECTION ( 'NONE',  ( -1.235232893649552000E-015, 1.000000000000000000, 5.489923971775797600E-015 ) ) ;
#5776 = CARTESIAN_POINT ( 'NONE',  ( 2010.831758188966200, -10.96593222115748900, 1929.106383413360800 ) ) ;
#5777 = EDGE_CURVE ( 'NONE', #7891, #3150, #416, .T. ) ;
#5778 = CARTESIAN_POINT ( 'NONE',  ( 1929.334848562614100, -126.3000000000065800, 1894.000000002324200 ) ) ;
#5779 = CARTESIAN_POINT ( 'NONE',  ( 1994.999999967202500, -500000.0000000000600, 2317.500000026028400 ) ) ;
#5780 = PRESENTATION_STYLE_ASSIGNMENT (( #3873 ) ) ;
#5781 = EDGE_CURVE ( 'NONE', #4768, #2223, #656, .T. ) ;
#5782 = AXIS2_PLACEMENT_3D ( 'NONE', #4294, #8776, #4909 ) ;
#5783 = ADVANCED_FACE ( 'NONE', ( #6102 ), #8779, .T. ) ;
#5784 = B_SPLINE_CURVE_WITH_KNOTS ( 'NONE', 3,
 ( #3981, #3950, #4602, #328, #5232, #1097 ),
 .UNSPECIFIED., .F., .F.,
 ( 4, 2, 4 ),
 ( 6.777420539824541100E-016, 0.01452332379829358700, 0.02904664759658649400 ),
 .UNSPECIFIED. ) ;
#5785 = DIRECTION ( 'NONE',  ( 0.0000000000000000000, 3.491483361109382500E-015, -1.000000000000000000 ) ) ;
#5786 = ORIENTED_EDGE ( 'NONE', *, *, #1050, .F. ) ;
#5787 = LINE ( 'NONE', #5582, #7472 ) ;
#5788 = ORIENTED_EDGE ( 'NONE', *, *, #261, .T. ) ;
#5789 = FACE_OUTER_BOUND ( 'NONE', #1609, .T. ) ;
#5790 = DIRECTION ( 'NONE',  ( 0.0000000000000000000, -0.05233595624294744300, 0.9986295347545737200 ) ) ;
#5791 = FACE_OUTER_BOUND ( 'NONE', #5402, .T. ) ;
#5792 = PLANE ( 'NONE',  #3968 ) ;
#5793 = AXIS2_PLACEMENT_3D ( 'NONE', #292, #4673, #420 ) ;
#5794 = CARTESIAN_POINT ( 'NONE',  ( 1687.313159162521700, -130.5623447488144100, 2046.914595188302700 ) ) ;
#5795 = AXIS2_PLACEMENT_3D ( 'NONE', #7542, #5664, #1592 ) ;
#5796 = VERTEX_POINT ( 'NONE', #8669 ) ;
#5797 = LINE ( 'NONE', #1623, #4437 ) ;
#5798 = CARTESIAN_POINT ( 'NONE',  ( 1875.023328625403800, 114.2328836344030000, 1951.232381500271000 ) ) ;
#5799 = DIRECTION ( 'NONE',  ( 0.0000000000000000000, -3.491483361109382500E-015, 1.000000000000000000 ) ) ;
#5800 = LINE ( 'NONE', #5695, #2028 ) ;
#5801 = FACE_OUTER_BOUND ( 'NONE', #7335, .T. ) ;
#5802 = EDGE_CURVE ( 'NONE', #7662, #2955, #5531, .T. ) ;
#5803 = DIRECTION ( 'NONE',  ( -3.182806635077191500E-025, -3.491475051078775400E-015, 1.000000000000000000 ) ) ;
#5804 = ORIENTED_EDGE ( 'NONE', *, *, #5866, .F. ) ;
#5805 = CARTESIAN_POINT ( 'NONE',  ( 1757.095731789622300, -12.44296476917764800, 1979.586046306501200 ) ) ;
#5806 = CARTESIAN_POINT ( 'NONE',  ( 1957.070766718082700, -87.62318157065304500, 1918.609803848518400 ) ) ;
#5807 = FACE_OUTER_BOUND ( 'NONE', #626, .T. ) ;
#5808 = DIRECTION ( 'NONE',  ( 0.03020377896940714500, 0.04274089430891114100, -0.9986295347573302900 ) ) ;
#5809 = ORIENTED_EDGE ( 'NONE', *, *, #3397, .T. ) ;
#5810 = AXIS2_PLACEMENT_3D ( 'NONE', #1311, #2796, #3533 ) ;
#5811 = DIRECTION ( 'NONE',  ( 0.0000000000000000000, -3.491483361109382500E-015, 1.000000000000000000 ) ) ;
#5812 = VERTEX_POINT ( 'NONE', #4188 ) ;
#5813 = EDGE_CURVE ( 'NONE', #6207, #6403, #2860, .T. ) ;
#5814 = CARTESIAN_POINT ( 'NONE',  ( 1989.243949608876200, 69.56905032091226800, 1953.663625895490200 ) ) ;
#5815 = FACE_OUTER_BOUND ( 'NONE', #8382, .T. ) ;
#5816 = PLANE ( 'NONE',  #5068 ) ;
#5817 = ORIENTED_EDGE ( 'NONE', *, *, #6160, .T. ) ;
#5818 = CARTESIAN_POINT ( 'NONE',  ( 1794.806694255887100, -101.8526206733787500, 2055.782843798334400 ) ) ;
#5819 = ORIENTED_EDGE ( 'NONE', *, *, #3143, .T. ) ;
#5820 = CARTESIAN_POINT ( 'NONE',  ( 1862.896390750899200, 82.49999999999690200, 1940.000000006618800 ) ) ;
#5821 = AXIS2_PLACEMENT_3D ( 'NONE', #2905, #7413, #3629 ) ;
#5822 = CYLINDRICAL_SURFACE ( 'NONE', #3378, 10.99999999999991300 ) ;
#5823 = CARTESIAN_POINT ( 'NONE',  ( 1699.096812481858700, -130.5604813816090100, 2071.557730318601000 ) ) ;
#5824 = CARTESIAN_POINT ( 'NONE',  ( 1883.481991286728800, 113.7480064456016200, 1956.924075303926200 ) ) ;
#5825 = CARTESIAN_POINT ( 'NONE',  ( 1947.352621502061800, -126.2999999964182200, 1928.608039759146800 ) ) ;
#5826 = ORIENTED_EDGE ( 'NONE', *, *, #4278, .T. ) ;
#5827 = ADVANCED_FACE ( 'NONE', ( #6974 ), #3643, .F. ) ;
#5828 = ORIENTED_EDGE ( 'NONE', *, *, #2079, .T. ) ;
#5829 = EDGE_CURVE ( 'NONE', #7242, #2919, #5329, .T. ) ;
#5830 = ORIENTED_EDGE ( 'NONE', *, *, #8708, .F. ) ;
#5831 = CARTESIAN_POINT ( 'NONE',  ( 1922.499999947512400, 82.49999999999708700, 1891.500000002324700 ) ) ;
#5832 = CARTESIAN_POINT ( 'NONE',  ( 2019.097542424931600, -129.6453806560811900, 2326.332680865547400 ) ) ;
#5833 = VECTOR ( 'NONE', #8457, 1000.000000000000000 ) ;
#5834 = CARTESIAN_POINT ( 'NONE',  ( 1938.499999952526200, -106.3000000000065900, 1891.000000002324400 ) ) ;
#5835 = EDGE_CURVE ( 'NONE', #6507, #5519, #4063, .T. ) ;
#5836 = CARTESIAN_POINT ( 'NONE',  ( 2008.096499522020800, 14.40940515718939000, 1916.827945990337600 ) ) ;
#5837 = ORIENTED_EDGE ( 'NONE', *, *, #4341, .F. ) ;
#5838 = CARTESIAN_POINT ( 'NONE',  ( 1865.824213855574300, -85.66203889618184100, 1919.000000001090300 ) ) ;
#5839 = FACE_OUTER_BOUND ( 'NONE', #1396, .T. ) ;
#5840 = CARTESIAN_POINT ( 'NONE',  ( 2010.841188025126700, 29.95520630054097900, 1951.525244582787800 ) ) ;
#5841 =( BOUNDED_CURVE ( )  B_SPLINE_CURVE ( 3, ( #5284, #2643, #7854, #4058 ),
 .UNSPECIFIED., .F., .T. ) 
 B_SPLINE_CURVE_WITH_KNOTS ( ( 4, 4 ),
 ( 0.7875357579849318100, 0.8573588792953812400 ),
 .UNSPECIFIED. ) 
 CURVE ( )  GEOMETRIC_REPRESENTATION_ITEM ( )  RATIONAL_B_SPLINE_CURVE ( ( 1.000000000000000000, 0.9995937689068359300, 0.9995937689068359300, 1.000000000000000000 ) ) 
 REPRESENTATION_ITEM ( '' )  );
#5842 = VERTEX_POINT ( 'NONE', #5465 ) ;
#5843 = DIRECTION ( 'NONE',  ( 3.182802359415013500E-025, 3.491475051101102100E-015, -1.000000000000000000 ) ) ;
#5844 = CARTESIAN_POINT ( 'NONE',  ( 1833.995748951818500, -130.5641465223360700, 2278.408445156158000 ) ) ;
#5845 = CARTESIAN_POINT ( 'NONE',  ( 1994.999999967202500, -104.1961718936149600, 2317.500000026028400 ) ) ;
#5846 = EDGE_CURVE ( 'NONE', #5996, #5738, #1699, .T. ) ;
#5847 = ORIENTED_EDGE ( 'NONE', *, *, #3116, .F. ) ;
#5848 = CARTESIAN_POINT ( 'NONE',  ( 1695.139644742235500, -130.5485548050157300, 2101.075919011016600 ) ) ;
#5849 = CARTESIAN_POINT ( 'NONE',  ( 1960.110929330215900, -114.3000000000066800, 1931.993358385436700 ) ) ;
#5850 = CARTESIAN_POINT ( 'NONE',  ( 1943.195510858504100, 108.2163651380229400, 1967.073388482606300 ) ) ;
#5851 = VECTOR ( 'NONE', #5025, 1000.000000000000000 ) ;
#5852 = AXIS2_PLACEMENT_3D ( 'NONE', #4184, #8663, #4805 ) ;
#5853 = CARTESIAN_POINT ( 'NONE',  ( 1884.999999967202500, -102.7454177931872400, 2155.000000026027000 ) ) ;
#5854 = ORIENTED_EDGE ( 'NONE', *, *, #5740, .T. ) ;
#5855 = ORIENTED_EDGE ( 'NONE', *, *, #7478, .F. ) ;
#5856 = EDGE_CURVE ( 'NONE', #7915, #8061, #8569, .T. ) ;
#5857 = VECTOR ( 'NONE', #2448, 1000.000000000000200 ) ;
#5858 = EDGE_LOOP ( 'NONE', ( #1414, #6874, #1869, #3770, #5, #8338, #1334 ) ) ;
#5859 = DIRECTION ( 'NONE',  ( -0.0000000000000000000, -3.491483361109382500E-015, 1.000000000000000000 ) ) ;
#5860 = ADVANCED_FACE ( 'NONE', ( #1469 ), #6571, .F. ) ;
#5861 = LINE ( 'NONE', #8277, #7339 ) ;
#5862 = CARTESIAN_POINT ( 'NONE',  ( 1994.719999397111700, -105.0880365262461000, 2419.769636153915600 ) ) ;
#5863 = AXIS2_PLACEMENT_3D ( 'NONE', #3512, #4797, #569 ) ;
#5864 = ORIENTED_EDGE ( 'NONE', *, *, #5655, .F. ) ;
#5865 = CARTESIAN_POINT ( 'NONE',  ( 1766.623717777434000, -130.5500830033192900, 2133.050619471807300 ) ) ;
#5866 = EDGE_CURVE ( 'NONE', #7573, #1674, #8368, .T. ) ;
#5867 = VECTOR ( 'NONE', #2070, 1000.000000000000000 ) ;
#5868 = DIRECTION ( 'NONE',  ( -9.116012008145912100E-011, 4.493975836356545400E-015, -1.000000000000000000 ) ) ;
#5869 = VERTEX_POINT ( 'NONE', #6070 ) ;
#5870 = CARTESIAN_POINT ( 'NONE',  ( 1743.077631021378200, 128.8503223276964300, 2083.554554915746400 ) ) ;
#5871 = LINE ( 'NONE', #5257, #2375 ) ;
#5872 = CARTESIAN_POINT ( 'NONE',  ( 1974.999999956400200, 44.99999999999672400, 1961.499999998536900 ) ) ;
#5873 = CIRCLE ( 'NONE', #658, 6.650000000000148700 ) ;
#5874 = LINE ( 'NONE', #1207, #375 ) ;
#5875 = FACE_OUTER_BOUND ( 'NONE', #3067, .T. ) ;
#5876 = CARTESIAN_POINT ( 'NONE',  ( 1930.999999947511900, 83.49999999999701600, 1909.000000002324700 ) ) ;
#5877 = EDGE_CURVE ( 'NONE', #5373, #8477, #4942, .T. ) ;
#5878 = B_SPLINE_CURVE_WITH_KNOTS ( 'NONE', 3,
 ( #3914, #7010, #4550, #266 ),
 .UNSPECIFIED., .F., .F.,
 ( 4, 4 ),
 ( 0.0000000000000000000, 1.000000000000000000 ),
 .UNSPECIFIED. ) ;
#5879 = CARTESIAN_POINT ( 'NONE',  ( 1994.999999967202500, -91.99999999998453900, 2342.500000026026600 ) ) ;
#5880 = ORIENTED_EDGE ( 'NONE', *, *, #3906, .T. ) ;
#5881 = VECTOR ( 'NONE', #2501, 1000.000000000000000 ) ;
#5882 = AXIS2_PLACEMENT_3D ( 'NONE', #4109, #4095, #4086 ) ;
#5883 = CARTESIAN_POINT ( 'NONE',  ( 1916.530150187926000, -107.4513910373512000, 1894.000000002324200 ) ) ;
#5884 = FACE_BOUND ( 'NONE', #7861, .T. ) ;
#5885 = AXIS2_PLACEMENT_3D ( 'NONE', #6703, #6732, #3592 ) ;
#5886 = DIRECTION ( 'NONE',  ( -0.0000000000000000000, 0.9662349396012464000, -0.2576626505603317200 ) ) ;
#5887 = LINE ( 'NONE', #6515, #7372 ) ;
#5888 = CARTESIAN_POINT ( 'NONE',  ( 1676.278433009699700, 129.6479196321045900, 2122.806184025812900 ) ) ;
#5889 = EDGE_CURVE ( 'NONE', #7670, #1753, #3432, .T. ) ;
#5890 = EDGE_LOOP ( 'NONE', ( #3193, #1308, #4872, #3622, #3601 ) ) ;
#5891 = VERTEX_POINT ( 'NONE', #639 ) ;
#5892 = DIRECTION ( 'NONE',  ( 0.0000000000000000000, 0.9986295347545737200, 0.05233595624294744300 ) ) ;
#5893 = FACE_OUTER_BOUND ( 'NONE', #3989, .T. ) ;
#5894 = CARTESIAN_POINT ( 'NONE',  ( 1832.904172282458100, -128.9346081978160600, 1904.945067818170400 ) ) ;
#5895 = CARTESIAN_POINT ( 'NONE',  ( 1994.719999397111500, -144.7499999999878600, 2407.754424353543500 ) ) ;
#5896 = AXIS2_PLACEMENT_3D ( 'NONE', #3990, #8463, #7777 ) ;
#5897 = PLANE ( 'NONE',  #977 ) ;
#5898 = CARTESIAN_POINT ( 'NONE',  ( 1878.999999971989200, 96.99999999999646100, 2081.000000008745200 ) ) ;
#5899 = ORIENTED_EDGE ( 'NONE', *, *, #7157, .F. ) ;
#5900 = CARTESIAN_POINT ( 'NONE',  ( 1890.087231196617000, 113.0208137740076800, 1955.840934594693000 ) ) ;
#5901 = CARTESIAN_POINT ( 'NONE',  ( 1702.084869307590200, 129.7364170781198400, 2107.618042407114400 ) ) ;
#5902 = ADVANCED_FACE ( 'NONE', ( #1933 ), #2967, .T. ) ;
#5903 = ORIENTED_EDGE ( 'NONE', *, *, #3739, .T. ) ;
#5904 = EDGE_CURVE ( 'NONE', #7563, #3708, #4740, .T. ) ;
#5905 = CYLINDRICAL_SURFACE ( 'NONE', #1839, 20.00000000000001800 ) ;
#5906 = CARTESIAN_POINT ( 'NONE',  ( 1844.999999956400400, 44.99999999999673900, 1961.499999983166800 ) ) ;
#5907 = DIRECTION ( 'NONE',  ( 0.1314913573576581000, 0.9639033685535802800, 0.2315174270574497400 ) ) ;
#5908 = ORIENTED_EDGE ( 'NONE', *, *, #327, .T. ) ;
#5909 = CARTESIAN_POINT ( 'NONE',  ( 1865.824213855574300, -85.66203889618184100, 1919.000000001090300 ) ) ;
#5910 = ORIENTED_EDGE ( 'NONE', *, *, #7410, .F. ) ;
#5911 = ADVANCED_FACE ( 'NONE', ( #8152 ), #671, .T. ) ;
#5912 = VECTOR ( 'NONE', #8610, 1000.000000000000000 ) ;
#5913 = CARTESIAN_POINT ( 'NONE',  ( 1869.999999971988700, 76.99999999999637600, 2139.833333342078300 ) ) ;
#5914 = CARTESIAN_POINT ( 'NONE',  ( 1760.766046382243300, -129.9991560072648700, 1952.969697955274100 ) ) ;
#5915 = EDGE_LOOP ( 'NONE', ( #2447, #2671 ) ) ;
#5916 = VERTEX_POINT ( 'NONE', #4883 ) ;
#5917 = LINE ( 'NONE', #3470, #426 ) ;
#5918 = DIRECTION ( 'NONE',  ( 0.0000000000000000000, 0.0000000000000000000, 1.000000000000000000 ) ) ;
#5919 = ORIENTED_EDGE ( 'NONE', *, *, #4950, .F. ) ;
#5920 = DIRECTION ( 'NONE',  ( -3.182806635077191500E-025, -3.491475051078775400E-015, 1.000000000000000000 ) ) ;
#5921 = ORIENTED_EDGE ( 'NONE', *, *, #3815, .T. ) ;
#5922 = CARTESIAN_POINT ( 'NONE',  ( 1636.373699727629900, -130.5417582127057300, 2026.622188935016800 ) ) ;
#5923 = VECTOR ( 'NONE', #3657, 1000.000000000000000 ) ;
#5924 = CARTESIAN_POINT ( 'NONE',  ( 1896.421349789686000, 111.8121397634165000, 1947.041952002786300 ) ) ;
#5925 = EDGE_CURVE ( 'NONE', #4729, #3972, #7930, .T. ) ;
#5926 = ORIENTED_EDGE ( 'NONE', *, *, #1837, .F. ) ;
#5927 = CARTESIAN_POINT ( 'NONE',  ( 1953.749999952532100, 82.42722283113195700, 1885.500000009618400 ) ) ;
#5928 = CYLINDRICAL_SURFACE ( 'NONE', #6120, 11.50000000000028800 ) ;
#5929 = EDGE_CURVE ( 'NONE', #3456, #8266, #6194, .T. ) ;
#5930 = DIRECTION ( 'NONE',  ( 0.0000000000000000000, 0.0000000000000000000, 1.000000000000000000 ) ) ;
#5931 = DIRECTION ( 'NONE',  ( -3.182802359415013000E-025, -3.491475051101102100E-015, 1.000000000000000000 ) ) ;
#5932 = B_SPLINE_CURVE_WITH_KNOTS ( 'NONE', 3,
 ( #7669, #923, #6346, #3881 ),
 .UNSPECIFIED., .F., .F.,
 ( 4, 4 ),
 ( 8.448655429348028900E-015, 0.007309932008211171200 ),
 .UNSPECIFIED. ) ;
#5933 = VERTEX_POINT ( 'NONE', #701 ) ;
#5934 = ADVANCED_FACE ( 'NONE', ( #770 ), #6153, .T. ) ;
#5935 = CARTESIAN_POINT ( 'NONE',  ( 2041.376739635697700, -122.7236640372688300, 2352.439020150917300 ) ) ;
#5936 = LINE ( 'NONE', #2625, #4490 ) ;
#5937 = CARTESIAN_POINT ( 'NONE',  ( 1695.782841482534600, 129.7311258744626300, 2100.839362782254300 ) ) ;
#5938 = AXIS2_PLACEMENT_3D ( 'NONE', #4149, #3686, #3655 ) ;
#5939 = ORIENTED_EDGE ( 'NONE', *, *, #2344, .F. ) ;
#5940 = CARTESIAN_POINT ( 'NONE',  ( 1802.639768296922700, -129.2626240131589000, 1930.048319898350400 ) ) ;
#5941 = ORIENTED_EDGE ( 'NONE', *, *, #2212, .F. ) ;
#5942 = LINE ( 'NONE', #6555, #700 ) ;
#5943 = DIRECTION ( 'NONE',  ( 0.0000000000000000000, 1.000000000000000000, 0.0000000000000000000 ) ) ;
#5944 = ADVANCED_FACE ( 'NONE', ( #1004 ), #530, .T. ) ;
#5945 = CARTESIAN_POINT ( 'NONE',  ( 1864.999999956400400, -45.00000000000323300, 1961.499999956264900 ) ) ;
#5946 = EDGE_CURVE ( 'NONE', #3437, #5271, #2521, .T. ) ;
#5947 = DIRECTION ( 'NONE',  ( 0.006704305010585547000, -0.9993757677221076800, 0.03468612379861772000 ) ) ;
#5948 = CARTESIAN_POINT ( 'NONE',  ( 1908.376658832214200, -130.5572117594315100, 2419.426891953773500 ) ) ;
#5949 = ORIENTED_EDGE ( 'NONE', *, *, #6506, .T. ) ;
#5950 = CARTESIAN_POINT ( 'NONE',  ( 1893.681810857121900, 111.5078770943165100, 1937.920142663475600 ) ) ;
#5951 = CARTESIAN_POINT ( 'NONE',  ( 1994.999999967202500, -104.5000000000000000, 2333.400000026028000 ) ) ;
#5952 = ORIENTED_EDGE ( 'NONE', *, *, #884, .F. ) ;
#5953 = CYLINDRICAL_SURFACE ( 'NONE', #3223, 3.400000000000138900 ) ;
#5954 = DIRECTION ( 'NONE',  ( 0.0000000000000000000, 3.604620209821938900E-015, -1.000000000000000000 ) ) ;
#5955 = CARTESIAN_POINT ( 'NONE',  ( 1994.719999397111700, -104.2848661113137800, 2318.697120175338600 ) ) ;
#5956 = CARTESIAN_POINT ( 'NONE',  ( 1649.999999967202500, -80.00000000000351000, 2061.000000026026100 ) ) ;
#5957 = ORIENTED_EDGE ( 'NONE', *, *, #532, .F. ) ;
#5958 = AXIS2_PLACEMENT_3D ( 'NONE', #6989, #3184, #7677 ) ;
#5959 = ORIENTED_EDGE ( 'NONE', *, *, #4480, .F. ) ;
#5960 = CARTESIAN_POINT ( 'NONE',  ( 1856.999999952526000, -105.0000000000067400, 1931.300000002324200 ) ) ;
#5961 = EDGE_CURVE ( 'NONE', #3630, #707, #2737, .T. ) ;
#5962 = SURFACE_SIDE_STYLE ('',( #1367 ) ) ;
#5963 = FACE_BOUND ( 'NONE', #3262, .T. ) ;
#5964 = CARTESIAN_POINT ( 'NONE',  ( 1826.324816681630900, -130.4587244803463800, 2176.959161405910900 ) ) ;
#5965 = CARTESIAN_POINT ( 'NONE',  ( 1980.312149095045700, 101.9999999999968600, 1945.857580684647900 ) ) ;
#5966 = CARTESIAN_POINT ( 'NONE',  ( 1699.603580758554500, 129.7861495851141500, 2071.651234937294200 ) ) ;
#5967 = AXIS2_PLACEMENT_3D ( 'NONE', #5338, #1212, #5954 ) ;
#5968 = CYLINDRICAL_SURFACE ( 'NONE', #6871, 6.650000000000086500 ) ;
#5969 = DIRECTION ( 'NONE',  ( 0.0000000000000000000, 0.0000000000000000000, 1.000000000000000000 ) ) ;
#5970 = DIRECTION ( 'NONE',  ( -1.000000000000000000, 0.0000000000000000000, 9.116886863192594700E-011 ) ) ;
#5971 = CARTESIAN_POINT ( 'NONE',  ( 1959.343959622163500, -115.1802894408775400, 1928.025280232469200 ) ) ;
#5972 = EDGE_CURVE ( 'NONE', #6778, #3244, #7721, .T. ) ;
#5973 = CARTESIAN_POINT ( 'NONE',  ( 1833.052775379592300, -69.33003709838826000, 1959.109590288425400 ) ) ;
#5974 = VERTEX_POINT ( 'NONE', #4939 ) ;
#5975 = EDGE_LOOP ( 'NONE', ( #3980, #2541 ) ) ;
#5976 = CONICAL_SURFACE ( 'NONE', #3851, 52.00350918079310200, 0.03490658503992204900 ) ;
#5977 = CARTESIAN_POINT ( 'NONE',  ( 1922.499999947512200, 83.49999999999714400, 1871.300000002325300 ) ) ;
#5978 = DIRECTION ( 'NONE',  ( -3.182806635077191500E-025, -3.491475051078775400E-015, 1.000000000000000000 ) ) ;
#5979 = CIRCLE ( 'NONE', #6347, 3.400000000000069600 ) ;
#5980 = VECTOR ( 'NONE', #3012, 1000.000000000000100 ) ;
#5981 =( BOUNDED_CURVE ( )  B_SPLINE_CURVE ( 3, ( #2674, #7195, #3415, #7885 ),
 .UNSPECIFIED., .F., .F. ) 
 B_SPLINE_CURVE_WITH_KNOTS ( ( 4, 4 ),
 ( 2.398653750133252300, 3.055240504334108200 ),
 .UNSPECIFIED. ) 
 CURVE ( )  GEOMETRIC_REPRESENTATION_ITEM ( )  RATIONAL_B_SPLINE_CURVE ( ( 1.000000000000000000, 0.9643959898730787300, 0.9643959898730787300, 1.000000000000000000 ) ) 
 REPRESENTATION_ITEM ( '' )  );
#5982 = ORIENTED_EDGE ( 'NONE', *, *, #7327, .T. ) ;
#5983 = CARTESIAN_POINT ( 'NONE',  ( 1649.999999967202500, 115.4999999999966000, 1958.000000003670000 ) ) ;
#5984 = VECTOR ( 'NONE', #3652, 1000.000000000000000 ) ;
#5985 = CIRCLE ( 'NONE', #1544, 20.00000000000001800 ) ;
#5986 = CARTESIAN_POINT ( 'NONE',  ( 1625.437112254237700, 129.6549529610995000, 2036.168536729441700 ) ) ;
#5987 = ADVANCED_FACE ( 'NONE', ( #4362 ), #296, .F. ) ;
#5988 = CARTESIAN_POINT ( 'NONE',  ( 1731.512454054348400, 79.99999999999673200, 1995.425318166454000 ) ) ;
#5989 = AXIS2_PLACEMENT_3D ( 'NONE', #4247, #8088, #4275 ) ;
#5990 = ORIENTED_EDGE ( 'NONE', *, *, #4206, .T. ) ;
#5991 = CARTESIAN_POINT ( 'NONE',  ( 1778.947194101768400, 125.4391287590931700, 1983.357320273624700 ) ) ;
#5992 = CYLINDRICAL_SURFACE ( 'NONE', #2651, 38.49999999999997900 ) ;
#5993 = CARTESIAN_POINT ( 'NONE',  ( 1689.502224044274000, 129.7874815838659100, 2048.968312174729400 ) ) ;
#5994 = EDGE_CURVE ( 'NONE', #1389, #1351, #2285, .T. ) ;
#5995 = DIRECTION ( 'NONE',  ( 0.0000000000000000000, 1.000000000000000000, 0.0000000000000000000 ) ) ;
#5996 = VERTEX_POINT ( 'NONE', #5592 ) ;
#5997 = CARTESIAN_POINT ( 'NONE',  ( 1776.723619198440000, -2.987464015860949700E-012, 1967.433911309501400 ) ) ;
#5998 = EDGE_LOOP ( 'NONE', ( #1398, #584 ) ) ;
#5999 = DIRECTION ( 'NONE',  ( 1.000000000000000000, -3.469446951953611000E-015, -9.116041255197152600E-011 ) ) ;
#6000 = CARTESIAN_POINT ( 'NONE',  ( 1665.777887531356600, 129.7904025642343700, 2011.173747631499700 ) ) ;
#6001 = VECTOR ( 'NONE', #5544, 1000.000000000000000 ) ;
#6002 = CARTESIAN_POINT ( 'NONE',  ( 2033.796000804057500, -129.0536895272107400, 2339.228478246537200 ) ) ;
#6003 = PLANE ( 'NONE',  #3197 ) ;
#6004 = ORIENTED_EDGE ( 'NONE', *, *, #3987, .F. ) ;
#6005 = EDGE_CURVE ( 'NONE', #3801, #7636, #4159, .T. ) ;
#6006 = CARTESIAN_POINT ( 'NONE',  ( 1809.629898229285600, -95.37520649895869000, 1927.185071781528900 ) ) ;
#6007 = CARTESIAN_POINT ( 'NONE',  ( 1866.999999956060000, 42.99999999999681000, 1957.766593074359400 ) ) ;
#6008 = LINE ( 'NONE', #1378, #7726 ) ;
#6009 = CARTESIAN_POINT ( 'NONE',  ( 1884.999999956400200, 51.99999999999680300, 1961.500000004603400 ) ) ;
#6010 = ORIENTED_EDGE ( 'NONE', *, *, #3767, .F. ) ;
#6011 = DIRECTION ( 'NONE',  ( 1.000000000000000000, -8.614056039109578500E-029, 2.467162276944820500E-014 ) ) ;
#6012 = ORIENTED_EDGE ( 'NONE', *, *, #6101, .F. ) ;
#6013 = AXIS2_PLACEMENT_3D ( 'NONE', #304, #5209, #1065 ) ;
#6014 = VECTOR ( 'NONE', #5808, 999.9999999999998900 ) ;
#6015 = CARTESIAN_POINT ( 'NONE',  ( 1676.744251932359500, 129.4503306983368100, 2003.048549246348100 ) ) ;
#6016 = VERTEX_POINT ( 'NONE', #8191 ) ;
#6017 = CARTESIAN_POINT ( 'NONE',  ( 1661.477140469057300, 129.7534316720207800, 2031.095334198502800 ) ) ;
#6018 = EDGE_CURVE ( 'NONE', #6148, #2252, #7282, .T. ) ;
#6019 = CARTESIAN_POINT ( 'NONE',  ( 1952.199566933992200, 91.26203889662252800, 1919.000000002324900 ) ) ;
#6020 = ORIENTED_EDGE ( 'NONE', *, *, #8087, .T. ) ;
#6021 = CARTESIAN_POINT ( 'NONE',  ( 1829.555420700590300, -4.610000000003439300, 2031.399149007243300 ) ) ;
#6022 = DIRECTION ( 'NONE',  ( 1.000000000000000000, -2.901425564165518900E-035, -9.115924681779572100E-011 ) ) ;
#6023 = CIRCLE ( 'NONE', #5967, 38.49999999999997900 ) ;
#6024 = CARTESIAN_POINT ( 'NONE',  ( 2005.994778296828100, -129.2137508351221400, 2213.699325488594200 ) ) ;
#6025 = ADVANCED_FACE ( 'NONE', ( #5815 ), #4370, .T. ) ;
#6026 = CARTESIAN_POINT ( 'NONE',  ( 1787.024988100141200, 121.0311940365450000, 1935.566607726317200 ) ) ;
#6027 = ORIENTED_EDGE ( 'NONE', *, *, #7529, .F. ) ;
#6028 = CARTESIAN_POINT ( 'NONE',  ( 1829.555420702650300, -4.610000000003504200, 2054.000000009657900 ) ) ;
#6029 = EDGE_CURVE ( 'NONE', #113, #4131, #58, .T. ) ;
#6030 = CARTESIAN_POINT ( 'NONE',  ( 1804.084966461189700, -103.5927410692382400, 1928.414682626123300 ) ) ;
#6031 = EDGE_LOOP ( 'NONE', ( #7564, #2503, #6095, #7569 ) ) ;
#6032 = EDGE_CURVE ( 'NONE', #7216, #8285, #7068, .T. ) ;
#6033 = PLANE ( 'NONE',  #2835 ) ;
#6034 = AXIS2_PLACEMENT_3D ( 'NONE', #5312, #1187, #5930 ) ;
#6035 = LINE ( 'NONE', #2309, #5851 ) ;
#6036 = CARTESIAN_POINT ( 'NONE',  ( 1641.999999967202500, 107.4999999999966900, 1995.000000003669600 ) ) ;
#6037 = EDGE_LOOP ( 'NONE', ( #674, #1600, #6979, #6301, #2061, #6390, #6784, #199, #4075, #1370, #4179, #1256, #4290, #6892, #7745, #1731, #7207 ) ) ;
#6038 = CARTESIAN_POINT ( 'NONE',  ( 1733.047282915500300, 129.5555388738132800, 2098.945682895746400 ) ) ;
#6039 = ORIENTED_EDGE ( 'NONE', *, *, #2386, .F. ) ;
#6040 = PRESENTATION_STYLE_ASSIGNMENT (( #1723 ) ) ;
#6041 = CARTESIAN_POINT ( 'NONE',  ( 2279.555420702650300, -4.610000000003504200, 2053.999999968636500 ) ) ;
#6042 = DIRECTION ( 'NONE',  ( 0.0000000000000000000, 0.0000000000000000000, 1.000000000000000000 ) ) ;
#6043 = ORIENTED_EDGE ( 'NONE', *, *, #6658, .F. ) ;
#6044 = ORIENTED_EDGE ( 'NONE', *, *, #5142, .T. ) ;
#6045 = AXIS2_PLACEMENT_3D ( 'NONE', #2410, #6947, #3132 ) ;
#6046 = AXIS2_PLACEMENT_3D ( 'NONE', #1077, #7091, #3303 ) ;
#6047 = PLANE ( 'NONE',  #8030 ) ;
#6048 = EDGE_LOOP ( 'NONE', ( #1936, #1589, #7522, #6586 ) ) ;
#6049 = CARTESIAN_POINT ( 'NONE',  ( 1953.943138495821100, -104.5601019131732300, 2360.661406274817600 ) ) ;
#6050 = EDGE_CURVE ( 'NONE', #4088, #8317, #2048, .T. ) ;
#6051 = VECTOR ( 'NONE', #7525, 999.9999999999998900 ) ;
#6052 = DIRECTION ( 'NONE',  ( -9.115936927843110400E-011, 3.491483361109382100E-015, -1.000000000000000000 ) ) ;
#6053 = CARTESIAN_POINT ( 'NONE',  ( 1646.686291468218100, 107.4999999999965500, 2021.619889353060000 ) ) ;
#6054 = ORIENTED_EDGE ( 'NONE', *, *, #2838, .T. ) ;
#6055 = CARTESIAN_POINT ( 'NONE',  ( 1807.405734994905500, -112.9874769007588600, 1928.360931987249600 ) ) ;
#6056 = DIRECTION ( 'NONE',  ( -0.5256813628870532500, 0.05233595624294690900, -0.8490701104133548900 ) ) ;
#6057 = LINE ( 'NONE', #6657, #5867 ) ;
#6058 = CARTESIAN_POINT ( 'NONE',  ( 1826.798553040594000, 79.99999999999579400, 2238.498502185028400 ) ) ;
#6059 = AXIS2_PLACEMENT_3D ( 'NONE', #227, #8363, #7703 ) ;
#6060 = EDGE_CURVE ( 'NONE', #331, #1492, #1809, .T. ) ;
#6061 =( LENGTH_UNIT ( ) NAMED_UNIT ( * ) SI_UNIT ( .MILLI., .METRE. ) );
#6062 = ADVANCED_FACE ( 'NONE', ( #6864 ), #7293, .T. ) ;
#6063 = CONICAL_SURFACE ( 'NONE', #1785, 22.45769846287526400, 0.05235987755980615900 ) ;
#6064 = CYLINDRICAL_SURFACE ( 'NONE', #8510, 3.400000000000138900 ) ;
#6065 = FACE_OUTER_BOUND ( 'NONE', #664, .T. ) ;
#6066 = DIRECTION ( 'NONE',  ( 0.0000000000000000000, 3.604620209821938900E-015, -1.000000000000000000 ) ) ;
#6067 = CARTESIAN_POINT ( 'NONE',  ( 1711.320713067985900, 129.6458841719262700, 2068.811899112122300 ) ) ;
#6068 = CIRCLE ( 'NONE', #805, 49.79999999999984100 ) ;
#6069 = CARTESIAN_POINT ( 'NONE',  ( 1716.873959565789400, -10.00000000000331600, 2004.488390389799000 ) ) ;
#6070 = CARTESIAN_POINT ( 'NONE',  ( 1765.597389700474200, 12.44296476917232400, 1950.288493701370700 ) ) ;
#6071 = CARTESIAN_POINT ( 'NONE',  ( 1953.749999952525700, -75.77722283114134400, 1885.500000009617900 ) ) ;
#6072 = CARTESIAN_POINT ( 'NONE',  ( 1947.499999952525700, -126.3000000000067500, 1929.278775795218700 ) ) ;
#6073 = ORIENTED_EDGE ( 'NONE', *, *, #3189, .T. ) ;
#6074 = CARTESIAN_POINT ( 'NONE',  ( 1953.749999952525700, -75.77722283114134400, 1885.500000009617900 ) ) ;
#6075 = FACE_OUTER_BOUND ( 'NONE', #2469, .T. ) ;
#6076 = CYLINDRICAL_SURFACE ( 'NONE', #3448, 94.99999999999997200 ) ;
#6077 = VECTOR ( 'NONE', #1860, 1000.000000000000000 ) ;
#6078 =( BOUNDED_CURVE ( )  B_SPLINE_CURVE ( 3, ( #943, #5731, #3167, #7659 ),
 .UNSPECIFIED., .F., .F. ) 
 B_SPLINE_CURVE_WITH_KNOTS ( ( 4, 4 ),
 ( 5.425826427878877000, 5.495649549194614500 ),
 .UNSPECIFIED. ) 
 CURVE ( )  GEOMETRIC_REPRESENTATION_ITEM ( )  RATIONAL_B_SPLINE_CURVE ( ( 1.000000000000000000, 0.9995937689067743200, 0.9995937689067743200, 1.000000000000000000 ) ) 
 REPRESENTATION_ITEM ( '' )  );
#6079 = EDGE_CURVE ( 'NONE', #2511, #2110, #1580, .T. ) ;
#6080 = DIRECTION ( 'NONE',  ( -3.182806635077191500E-025, -3.491475051078775400E-015, 1.000000000000000000 ) ) ;
#6081 = EDGE_CURVE ( 'NONE', #4163, #2081, #8462, .T. ) ;
#6082 = DIRECTION ( 'NONE',  ( 0.02643152523573215000, -0.9986295270434721900, 0.04517125403001166100 ) ) ;
#6083 = CARTESIAN_POINT ( 'NONE',  ( 1814.999999952526000, -116.0000000000066500, 1931.300000002324200 ) ) ;
#6084 = VERTEX_POINT ( 'NONE', #1095 ) ;
#6085 = EDGE_CURVE ( 'NONE', #586, #6938, #3312, .T. ) ;
#6086 = AXIS2_PLACEMENT_3D ( 'NONE', #1249, #6592, #5366 ) ;
#6087 = FACE_OUTER_BOUND ( 'NONE', #2900, .T. ) ;
#6088 = VERTEX_POINT ( 'NONE', #4006 ) ;
#6089 = DIRECTION ( 'NONE',  ( 1.000000000000000000, -0.0000000000000000000, 0.0000000000000000000 ) ) ;
#6090 = DIRECTION ( 'NONE',  ( -3.182802359415012600E-025, -3.491475051101101300E-015, 1.000000000000000000 ) ) ;
#6091 = VERTEX_POINT ( 'NONE', #3316 ) ;
#6092 = DIRECTION ( 'NONE',  ( -0.0000000000000000000, 3.491475051078775400E-015, -1.000000000000000000 ) ) ;
#6093 = FACE_BOUND ( 'NONE', #4989, .T. ) ;
#6094 = AXIS2_PLACEMENT_3D ( 'NONE', #7012, #3216, #7713 ) ;
#6095 = ORIENTED_EDGE ( 'NONE', *, *, #1022, .T. ) ;
#6096 = CARTESIAN_POINT ( 'NONE',  ( 1687.690639290386100, 129.7636477283259900, 2039.856624061706300 ) ) ;
#6097 = ORIENTED_EDGE ( 'NONE', *, *, #8033, .T. ) ;
#6098 = DIRECTION ( 'NONE',  ( -9.115936927843110400E-011, 3.491483361109382100E-015, -1.000000000000000000 ) ) ;
#6099 = CARTESIAN_POINT ( 'NONE',  ( 1814.999999952526000, 91.59999999999308800, 1953.800000002324900 ) ) ;
#6100 = CARTESIAN_POINT ( 'NONE',  ( 1909.999999958223300, -3.254638298783340700E-012, 1981.500000002324700 ) ) ;
#6101 = EDGE_CURVE ( 'NONE', #3456, #8006, #3826, .T. ) ;
#6102 = FACE_OUTER_BOUND ( 'NONE', #83, .T. ) ;
#6103 = CARTESIAN_POINT ( 'NONE',  ( 1829.579034764598200, -6.053513855598415300E-012, 2031.198476668999800 ) ) ;
#6104 = ORIENTED_EDGE ( 'NONE', *, *, #1247, .F. ) ;
#6105 = EDGE_LOOP ( 'NONE', ( #1937, #7186, #4070, #2415, #2640, #2869, #3095, #8268 ) ) ;
#6106 = ADVANCED_FACE ( 'NONE', ( #5032 ), #7803, .F. ) ;
#6107 = VERTEX_POINT ( 'NONE', #5909 ) ;
#6108 = CARTESIAN_POINT ( 'NONE',  ( 1811.908595100668900, 7.316508911268066100, 1929.296096990109800 ) ) ;
#6109 = PRODUCT_RELATED_PRODUCT_CATEGORY ( 'part', '', ( #2342 ) ) ;
#6110 = DIRECTION ( 'NONE',  ( -9.116527604535024900E-011, -4.943618895143960700E-015, -1.000000000000000000 ) ) ;
#6111 = EDGE_CURVE ( 'NONE', #5370, #4360, #6125, .T. ) ;
#6112 = EDGE_LOOP ( 'NONE', ( #1751, #7442 ) ) ;
#6114 = VERTEX_POINT ( 'NONE', #6490 ) ;
#6113 = DIRECTION ( 'NONE',  ( -1.000000000000000000, 0.0000000000000000000, 0.0000000000000000000 ) ) ;
#6115 = PLANE ( 'NONE',  #8423 ) ;
#6116 = CARTESIAN_POINT ( 'NONE',  ( 1814.999999952526000, 83.99999999999336400, 1931.300000002324900 ) ) ;
#6117 = VECTOR ( 'NONE', #2940, 1000.000000000000000 ) ;
#6118 = CARTESIAN_POINT ( 'NONE',  ( 1864.999999933194900, 64.99999999999765500, 1706.941558779269800 ) ) ;
#6119 = ORIENTED_EDGE ( 'NONE', *, *, #7093, .T. ) ;
#6120 = AXIS2_PLACEMENT_3D ( 'NONE', #5070, #896, #6285 ) ;
#6121 = CARTESIAN_POINT ( 'NONE',  ( 1798.325470499850300, -4.896196238753135700E-012, 2049.585958621785700 ) ) ;
#6122 = CARTESIAN_POINT ( 'NONE',  ( 1665.328325574543200, 129.7884175696288200, 2010.116445822607800 ) ) ;
#6123 = VECTOR ( 'NONE', #3119, 1000.000000000000000 ) ;
#6124 = CARTESIAN_POINT ( 'NONE',  ( 1953.021549052229100, -65.61366749130346000, 1954.790330803982000 ) ) ;
#6125 = B_SPLINE_CURVE_WITH_KNOTS ( 'NONE', 3,
 ( #1896, #1155, #7162, #3377 ),
 .UNSPECIFIED., .F., .F.,
 ( 4, 4 ),
 ( 0.0000000000000000000, 1.000000000000000000 ),
 .UNSPECIFIED. ) ;
#6126 = DIRECTION ( 'NONE',  ( 0.0000000000000000000, 0.05233595624294744300, -0.9986295347545737200 ) ) ;
#6127 = EDGE_CURVE ( 'NONE', #7365, #6084, #6472, .T. ) ;
#6128 = CARTESIAN_POINT ( 'NONE',  ( 1736.217045243875400, 129.4043607369864300, 2096.983200692719500 ) ) ;
#6129 = ORIENTED_EDGE ( 'NONE', *, *, #7843, .T. ) ;
#6130 = VECTOR ( 'NONE', #7110, 1000.000000000000000 ) ;
#6131 = CARTESIAN_POINT ( 'NONE',  ( 1947.450875969369200, -126.2999989128377500, 1929.055199102039300 ) ) ;
#6132 = DIRECTION ( 'NONE',  ( 0.7071067811865434600, 0.7071067811865516800, -6.445685274116009200E-011 ) ) ;
#6133 = CARTESIAN_POINT ( 'NONE',  ( 1964.999999967202500, -91.99999999998453900, 2290.000000026026600 ) ) ;
#6134 = EDGE_LOOP ( 'NONE', ( #3542, #5709, #1463, #1921, #6970, #7796, #3638, #7480 ) ) ;
#6135 = DIRECTION ( 'NONE',  ( 0.0000000000000000000, -5.676545846528998100E-015, 1.000000000000000000 ) ) ;
#6136 = CARTESIAN_POINT ( 'NONE',  ( 1884.999999967202500, -102.2221246960839400, 2095.000000026027000 ) ) ;
#6137 = CIRCLE ( 'NONE', #8705, 10.99999999999991300 ) ;
#6138 = CARTESIAN_POINT ( 'NONE',  ( 1814.999999952526000, 83.99999999999337800, 1926.566655373678500 ) ) ;
#6139 = CARTESIAN_POINT ( 'NONE',  ( 1735.680779511382800, -130.5571259767564800, 2087.217879704732200 ) ) ;
#6140 = ORIENTED_EDGE ( 'NONE', *, *, #548, .T. ) ;
#6141 = CARTESIAN_POINT ( 'NONE',  ( 1964.999999967202500, -91.99999999998453900, 2290.000000026026600 ) ) ;
#6142 = AXIS2_PLACEMENT_3D ( 'NONE', #6956, #5741, #1692 ) ;
#6143 = DIRECTION ( 'NONE',  ( -0.0000000000000000000, -1.000000000000000000, -0.0000000000000000000 ) ) ;
#6144 = ADVANCED_FACE ( 'NONE', ( #1347 ), #4060, .T. ) ;
#6145 = DIRECTION ( 'NONE',  ( 0.0000000000000000000, -3.652049423109128000E-015, 1.000000000000000000 ) ) ;
#6146 = VERTEX_POINT ( 'NONE', #7193 ) ;
#6147 = EDGE_CURVE ( 'NONE', #8820, #4248, #3078, .T. ) ;
#6148 = VERTEX_POINT ( 'NONE', #3413 ) ;
#6149 = CARTESIAN_POINT ( 'NONE',  ( 1994.999999967202500, -104.5000000000000000, 2330.000000026027900 ) ) ;
#6150 = CARTESIAN_POINT ( 'NONE',  ( 1721.629602997229800, 129.7880364933056400, 2106.014665146838500 ) ) ;
#6151 = ORIENTED_EDGE ( 'NONE', *, *, #8727, .F. ) ;
#6152 = CARTESIAN_POINT ( 'NONE',  ( 1895.636355599888700, -67.50600199814388700, 1956.860387968624500 ) ) ;
#6153 = PLANE ( 'NONE',  #527 ) ;
#6154 = CARTESIAN_POINT ( 'NONE',  ( 1947.323340279653600, -126.3215517265991400, 1928.609176394117900 ) ) ;
#6155 = DIRECTION ( 'NONE',  ( 0.0000000000000000000, -1.000000000000000000, -3.491483361109382100E-015 ) ) ;
#6156 = CYLINDRICAL_SURFACE ( 'NONE', #5747, 20.00000000000001800 ) ;
#6157 = CARTESIAN_POINT ( 'NONE',  ( 1909.999999952525700, 82.49999999999698700, 1919.000000002324900 ) ) ;
#6158 = APPLICATION_PROTOCOL_DEFINITION ( 'draft international standard', 'automotive_design', 1998, #1457 ) ;
#6159 = CARTESIAN_POINT ( 'NONE',  ( 1953.749999952532100, 69.12722283113164700, 1895.000000009617700 ) ) ;
#6160 = EDGE_CURVE ( 'NONE', #2272, #4195, #4839, .T. ) ;
#6161 = CARTESIAN_POINT ( 'NONE',  ( 1894.133640099876400, -57.59023623911488000, 1894.000000002324400 ) ) ;
#6162 = SURFACE_STYLE_FILL_AREA ( #3169 ) ;
#6163 = DIRECTION ( 'NONE',  ( -0.0000000000000000000, 1.000000000000000000, 3.491483361109382100E-015 ) ) ;
#6164 = CARTESIAN_POINT ( 'NONE',  ( 1854.999999967203600, -102.4746343458053400, 2125.000000026026100 ) ) ;
#6165 = DIRECTION ( 'NONE',  ( -9.116527604535024900E-011, -4.943618895143960700E-015, -1.000000000000000000 ) ) ;
#6166 = EDGE_LOOP ( 'NONE', ( #6204, #2979 ) ) ;
#6167 = CARTESIAN_POINT ( 'NONE',  ( 1649.999999967202500, -148.0000000000036900, 2080.000000026025600 ) ) ;
#6168 = VECTOR ( 'NONE', #5134, 1000.000000000000000 ) ;
#6169 = VECTOR ( 'NONE', #6731, 1000.000000000000000 ) ;
#6170 = FACE_OUTER_BOUND ( 'NONE', #6980, .T. ) ;
#6171 = CARTESIAN_POINT ( 'NONE',  ( 1685.470065384493900, 129.7839511391838400, 2041.231439053924500 ) ) ;
#6172 = CARTESIAN_POINT ( 'NONE',  ( 1829.160540857788400, -40.13480033194852600, 1885.500000009617900 ) ) ;
#6173 = CARTESIAN_POINT ( 'NONE',  ( 1641.999999967202500, 147.9999999999965900, 2035.000000003669600 ) ) ;
#6174 = ORIENTED_EDGE ( 'NONE', *, *, #1223, .T. ) ;
#6175 = CARTESIAN_POINT ( 'NONE',  ( 1699.901723004006000, 129.7803158000291700, 2075.881692508458400 ) ) ;
#6176 = CYLINDRICAL_SURFACE ( 'NONE', #5424, 3.400000000000069600 ) ;
#6177 = LINE ( 'NONE', #4515, #752 ) ;
#6178 = DIRECTION ( 'NONE',  ( -9.115936927843110400E-011, 3.491483361109382100E-015, -1.000000000000000000 ) ) ;
#6179 =( BOUNDED_SURFACE ( )  B_SPLINE_SURFACE ( 3, 3, ( 
 ( #2636, #4023, #7149, #3360 ),
 ( #7846, #4051, #8527, #4670 ),
 ( #418, #5303, #1171, #5922 ),
 ( #1920, #6532, #2663, #7180 ),
 ( #3399, #7873, #4081, #8552 ),
 ( #4700, #449, #5332, #1203 ),
 ( #5948, #1948, #6422, #2542 ),
 ( #7060, #3266, #7750, #3962 ),
 ( #8436, #4588, #311, #5217 ),
 ( #1076, #5844, #1816, #6449 ),
 ( #2575, #7090, #3301, #7784 ),
 ( #3993, #8469, #4612, #344 ),
 ( #5245, #1107, #5865, #1848 ),
 ( #6476, #2607, #7117, #3332 ),
 ( #7817, #4019, #8493, #4638 ),
 ( #380, #5273, #1139, #5894 ),
 ( #1878, #6503, #2632, #7145 ) ),
 .UNSPECIFIED., .F., .F., .F. ) 
 B_SPLINE_SURFACE_WITH_KNOTS ( ( 4, 3, 1, 1, 3, 1, 1, 3, 4 ),
 ( 4, 4 ),
 ( 0.1278204851105654600, 0.1890113338145034100, 0.2100125931272354100, 0.2310138524399674200, 0.2520151117526995300, 0.2730164217806987400, 0.2940177318086979500, 0.3150190418366971600, 0.9787345800660132200 ),
 ( 0.0000000000000000000, 1.000000000000000000 ),
 .UNSPECIFIED. ) 
 GEOMETRIC_REPRESENTATION_ITEM ( )  RATIONAL_B_SPLINE_SURFACE ( (
 ( 1.000000000000000000, 1.000000000000000000, 1.000000000000000000, 1.000000000000000000),
 ( 1.000000000000000000, 1.000000000000000000, 1.000000000000000000, 1.000000000000000000),
 ( 1.000000000000000000, 1.000000000000000000, 1.000000000000000000, 1.000000000000000000),
 ( 1.000000000000000000, 1.000000000000000000, 1.000000000000000000, 1.000000000000000000),
 ( 1.000000000000000000, 1.000000000000000000, 1.000000000000000000, 1.000000000000000000),
 ( 1.000000000000000000, 1.000000000000000000, 1.000000000000000000, 1.000000000000000000),
 ( 1.000000000000000000, 1.000000000000000000, 1.000000000000000000, 1.000000000000000000),
 ( 1.000000000000000000, 1.000000000000000000, 1.000000000000000000, 1.000000000000000000),
 ( 1.000000000000000000, 1.000000000000000000, 1.000000000000000000, 1.000000000000000000),
 ( 1.000000000000000000, 1.000000000000000000, 1.000000000000000000, 1.000000000000000000),
 ( 1.000000000000000000, 1.000000000000000000, 1.000000000000000000, 1.000000000000000000),
 ( 1.000000000000000000, 1.000000000000000000, 1.000000000000000000, 1.000000000000000000),
 ( 1.000000000000000000, 1.000000000000000000, 1.000000000000000000, 1.000000000000000000),
 ( 1.000000000000000000, 1.000000000000000000, 1.000000000000000000, 1.000000000000000000),
 ( 0.9999291664039362500, 0.9999291664039362500, 0.9999291664039362500, 0.9999291664039362500),
 ( 0.9999269673557031900, 0.9999269673557031900, 0.9999269673557031900, 0.9999269673557031900),
 ( 0.9999934028553008100, 0.9999934028553008100, 0.9999934028553008100, 0.9999934028553008100) ) ) 
 REPRESENTATION_ITEM ( '' )  SURFACE ( )  );
#6180 = DIRECTION ( 'NONE',  ( -1.000000000000000000, 1.111268995878000300E-039, -3.182806635077191500E-025 ) ) ;
#6181 = CLOSED_SHELL ( 'NONE', ( #4076, #2881, #6705, #198, #4199, #5987, #5156, #693, #7444, #1615, #7608, #3353, #7650, #152, #1916, #5552, #7673, #5827, #4639, #5379, #6978, #1141, #4725, #5860, #6225, #6497, #5253, #2477, #7631, #8390, #8425, #1904, #3114, #745, #6321, #4628, #1083, #4557, #1710, #5098, #2359, #7536, #3455, #3812, #3876, #2638, #5746, #1520, #3551, #5783, #5076, #646, #7758, #2690, #8258, #178, #8476, #2406, #3677, #7990, #5911, #7888, #5461, #7718, #6867, #1963, #2429, #8784, #4767, #2971, #1330, #7353, #6272, #8085, #4120, #6915, #2208, #1130, #6624, #4970, #8556, #8211, #3255, #7399, #6307, #7850, #2782, #6829, #6062, #5343, #5053, #3139, #6748, #2597, #2736, #5763, #7168, #8523, #3724, #1952, #6934, #7223, #2928, #941, #5587, #3403, #987, #4685, #3187, #2063, #8042, #1763, #4464, #7583, #5117, #1854, #7265, #6959, #1738, #434, #7860, #3022, #1225, #1032, #101, #3986, #6579, #4931, #4026, #545, #6338, #7133, #7176, #2310, #8280, #4244, #5944, #1424, #6357, #6792, #5421, #789, #8695, #1190, #3309, #891, #8513, #6025, #6504, #2678, #3208, #5210, #8568, #8607, #8306, #223, #5140, #3358, #5334, #5172, #446, #6106, #7081, #7901, #6144, #2009, #4485, #6535, #7312, #6998, #5300, #48, #7212, #4851, #1236, #4447, #2261, #5934, #6663, #6380, #1380, #6414, #3416, #3071, #915, #4892, #335, #963, #1476, #5902, #3506, #3166, #248, #2388, #2552, #4289, #5705, #4674, #2453, #2837, #2507, #6542, #4401, #1636, #3594, #4594, #8325, #3633, #7809, #7944, #1665, #7697, #8824, #4067, #2646, #2113, #3764, #1571, #1806, #5723, #8369, #6185, #1176, #4807, #4521, #4715, #7034, #845, #8736, #1689, #1281, #8169, #3897, #4107, #3936, #2163, #6456, #496, #4501, #389, #4034, #7494, #5013, #5669, #5508, #8128, #7124, #4157, #3855, #599, #5629, #293, #3832, #4326, #5293, #8653, #8349, #402, #4366 ) ) ;
#6182 = ORIENTED_EDGE ( 'NONE', *, *, #2327, .F. ) ;
#6183 = CARTESIAN_POINT ( 'NONE',  ( 1814.999999952526000, -101.6000000000066900, 1953.800000002324200 ) ) ;
#6184 = EDGE_CURVE ( 'NONE', #1003, #8283, #1116, .T. ) ;
#6185 = ADVANCED_FACE ( 'NONE', ( #3540 ), #1218, .T. ) ;
#6186 = FACE_OUTER_BOUND ( 'NONE', #7945, .T. ) ;
#6187 = CARTESIAN_POINT ( 'NONE',  ( 1844.999999956400200, -40.00000000000318300, 1961.499999998679200 ) ) ;
#6188 = VERTEX_POINT ( 'NONE', #5363 ) ;
#6189 = EDGE_CURVE ( 'NONE', #543, #5105, #2854, .T. ) ;
#6190 = AXIS2_PLACEMENT_3D ( 'NONE', #4234, #8716, #4857 ) ;
#6191 = EDGE_LOOP ( 'NONE', ( #1201, #2205, #2999, #2002 ) ) ;
#6192 = CARTESIAN_POINT ( 'NONE',  ( 1975.657903816387000, 56.27409520382187200, 1953.673508013935100 ) ) ;
#6193 = DIRECTION ( 'NONE',  ( -0.0000000000000000000, -1.000000000000000000, -3.491483361109381700E-015 ) ) ;
#6194 = LINE ( 'NONE', #8104, #4549 ) ;
#6195 = DIRECTION ( 'NONE',  ( -0.05231252926522821800, 0.9981825213385777700, -0.02991744267203286600 ) ) ;
#6196 = CARTESIAN_POINT ( 'NONE',  ( 1862.896390748984000, 82.49999999999698700, 1919.000000004472200 ) ) ;
#6197 = CARTESIAN_POINT ( 'NONE',  ( 1663.742173000304100, 129.7902424056705100, 2011.098474087113600 ) ) ;
#6198 = ORIENTED_EDGE ( 'NONE', *, *, #5719, .T. ) ;
#6199 = CARTESIAN_POINT ( 'NONE',  ( 1814.225292580476200, 84.02731443593512500, 1926.565701532627600 ) ) ;
#6200 = VECTOR ( 'NONE', #7373, 1000.000000000000000 ) ;
#6201 = CARTESIAN_POINT ( 'NONE',  ( 1865.702467575591500, -86.03979303186098100, 1926.498090640839300 ) ) ;
#6202 = CARTESIAN_POINT ( 'NONE',  ( 1653.705394823417200, 129.6875214309563100, 2060.897771795370300 ) ) ;
#6203 = CARTESIAN_POINT ( 'NONE',  ( 1844.999999958223500, 44.99999999999666800, 1981.500000005095400 ) ) ;
#6204 = ORIENTED_EDGE ( 'NONE', *, *, #1918, .F. ) ;
#6205 = CARTESIAN_POINT ( 'NONE',  ( 1938.999999966758900, 62.21677476393239200, 1981.500000002324900 ) ) ;
#6206 = CARTESIAN_POINT ( 'NONE',  ( 1949.999999972983700, 51.21677477259963500, 2146.500000008745200 ) ) ;
#6207 = VERTEX_POINT ( 'NONE', #2731 ) ;
#6208 = EDGE_CURVE ( 'NONE', #8317, #209, #6290, .T. ) ;
#6209 = CARTESIAN_POINT ( 'NONE',  ( 1739.059087960419900, 79.99999999999631900, 2087.695578396612300 ) ) ;
#6210 = FACE_BOUND ( 'NONE', #6112, .T. ) ;
#6211 = CARTESIAN_POINT ( 'NONE',  ( 1905.499999947512200, 83.49999999999712900, 1874.300000002324400 ) ) ;
#6212 = ORIENTED_EDGE ( 'NONE', *, *, #6506, .F. ) ;
#6213 = CARTESIAN_POINT ( 'NONE',  ( 1945.793588915224100, -130.4691621712006800, 2374.397252273333800 ) ) ;
#6214 = CIRCLE ( 'NONE', #6795, 3.400000000000069600 ) ;
#6215 = EDGE_CURVE ( 'NONE', #6403, #1068, #887, .T. ) ;
#6216 = CARTESIAN_POINT ( 'NONE',  ( 1649.999999967202500, 79.99999999999640500, 2080.000000026026600 ) ) ;
#6217 = VERTEX_POINT ( 'NONE', #3468 ) ;
#6218 = ORIENTED_EDGE ( 'NONE', *, *, #5740, .F. ) ;
#6219 = DIRECTION ( 'NONE',  ( -9.115936927843110400E-011, 3.491483361109382100E-015, -1.000000000000000000 ) ) ;
#6220 = ORIENTED_EDGE ( 'NONE', *, *, #7652, .F. ) ;
#6221 = DIRECTION ( 'NONE',  ( 3.182802359415013500E-025, 3.491475051101102100E-015, -1.000000000000000000 ) ) ;
#6222 = PRESENTATION_STYLE_ASSIGNMENT (( #8073 ) ) ;
#6223 = CARTESIAN_POINT ( 'NONE',  ( 1950.065934309998700, -129.9940490500588900, 2389.935873205031400 ) ) ;
#6224 = CARTESIAN_POINT ( 'NONE',  ( 1720.043470392284900, 129.7825217123935600, 2106.996681047835000 ) ) ;
#6225 = ADVANCED_FACE ( 'NONE', ( #2627 ), #5905, .T. ) ;
#6226 =( BOUNDED_CURVE ( )  B_SPLINE_CURVE ( 3, ( #6124, #8076, #6152, #2201 ),
 .UNSPECIFIED., .F., .F. ) 
 B_SPLINE_CURVE_WITH_KNOTS ( ( 4, 4 ),
 ( 2.288745995711327600, 2.427909134064139900 ),
 .UNSPECIFIED. ) 
 CURVE ( )  GEOMETRIC_REPRESENTATION_ITEM ( )  RATIONAL_B_SPLINE_CURVE ( ( 1.000000000000000000, 0.9983867861119042300, 0.9983867861119042300, 1.000000000000000000 ) ) 
 REPRESENTATION_ITEM ( '' )  );
#6227 = CARTESIAN_POINT ( 'NONE',  ( 1814.741496687999900, 83.99999999999337800, 1926.566655373701900 ) ) ;
#6228 = AXIS2_PLACEMENT_3D ( 'NONE', #8719, #3607, #8082 ) ;
#6229 = ORIENTED_EDGE ( 'NONE', *, *, #44, .T. ) ;
#6230 = CARTESIAN_POINT ( 'NONE',  ( 0.0000000000000000000, 83.49999999999712900, 1871.300000002325300 ) ) ;
#6231 = ORIENTED_EDGE ( 'NONE', *, *, #4520, .T. ) ;
#6232 = DIRECTION ( 'NONE',  ( -0.0000000000000000000, 1.000000000000000000, 3.491483361109382500E-015 ) ) ;
#6233 = CARTESIAN_POINT ( 'NONE',  ( 1844.673133009261200, -43.01142653261963000, 1960.262953451442200 ) ) ;
#6234 = LINE ( 'NONE', #3003, #576 ) ;
#6235 = DIRECTION ( 'NONE',  ( -0.0000000000000000000, 1.000000000000000000, 3.491475051078775400E-015 ) ) ;
#6236 = DIRECTION ( 'NONE',  ( 9.115924681779572100E-011, -3.546085137301702500E-015, 1.000000000000000000 ) ) ;
#6237 = EDGE_CURVE ( 'NONE', #6778, #5812, #4632, .T. ) ;
#6238 = CARTESIAN_POINT ( 'NONE',  ( 1829.999999950338000, 82.49999999999707300, 1895.000000009617700 ) ) ;
#6239 = ORIENTED_EDGE ( 'NONE', *, *, #5236, .T. ) ;
#6240 = EDGE_CURVE ( 'NONE', #7546, #7216, #648, .T. ) ;
#6241 = ORIENTED_EDGE ( 'NONE', *, *, #564, .T. ) ;
#6242 = VECTOR ( 'NONE', #4444, 1000.000000000000100 ) ;
#6243 = ORIENTED_EDGE ( 'NONE', *, *, #2633, .F. ) ;
#6244 = ORIENTED_EDGE ( 'NONE', *, *, #3414, .F. ) ;
#6245 = CARTESIAN_POINT ( 'NONE',  ( 1949.336587183731800, -130.3834762082245800, 2350.171268875768000 ) ) ;
#6246 = VERTEX_POINT ( 'NONE', #4794 ) ;
#6247 = CARTESIAN_POINT ( 'NONE',  ( 1814.483153947651800, 84.00910858277809700, 1926.566337295005700 ) ) ;
#6248 = LINE ( 'NONE', #3741, #1070 ) ;
#6249 = CARTESIAN_POINT ( 'NONE',  ( 1757.095731789622300, -12.44296476917766700, 1979.586046306501200 ) ) ;
#6250 = AXIS2_PLACEMENT_3D ( 'NONE', #5067, #5031, #5061 ) ;
#6251 = CARTESIAN_POINT ( 'NONE',  ( 1994.719999397111500, 500000.0000000000600, 2369.254424355289800 ) ) ;
#6252 = ORIENTED_EDGE ( 'NONE', *, *, #3032, .T. ) ;
#6253 = CARTESIAN_POINT ( 'NONE',  ( 1994.719999397111500, -182.5000000000046600, 2404.254424353543500 ) ) ;
#6254 = CARTESIAN_POINT ( 'NONE',  ( 1686.398592826367800, 129.7333671374013300, 2084.241831191901800 ) ) ;
#6255 = DIRECTION ( 'NONE',  ( -1.000000000000000000, 0.0000000000000000000, 9.117021966424493800E-011 ) ) ;
#6256 = EDGE_CURVE ( 'NONE', #843, #6910, #407, .T. ) ;
#6257 = CIRCLE ( 'NONE', #7619, 51.79366155933973200 ) ;
#6258 = DIRECTION ( 'NONE',  ( 0.0000000000000000000, 1.000000000000000000, 0.0000000000000000000 ) ) ;
#6259 = CARTESIAN_POINT ( 'NONE',  ( 1798.169474179598200, 12.44296476917011400, 2050.181877243931900 ) ) ;
#6260 = ORIENTED_EDGE ( 'NONE', *, *, #1454, .T. ) ;
#6261 = DIRECTION ( 'NONE',  ( 0.0000000000000000000, 1.000000000000000000, 3.491475051101101300E-015 ) ) ;
#6262 = CARTESIAN_POINT ( 'NONE',  ( 1962.151357641168700, -91.81690978431821300, 1955.554249985049000 ) ) ;
#6263 = CARTESIAN_POINT ( 'NONE',  ( 1884.999999967202500, -102.7454177931872400, 2155.000000026027000 ) ) ;
#6264 = CARTESIAN_POINT ( 'NONE',  ( 1759.439899755468600, 125.4391287590932800, 1951.849525373849500 ) ) ;
#6265 = DIRECTION ( 'NONE',  ( -0.7071067811865475700, -0.7071067811865475700, 6.445685274116051900E-011 ) ) ;
#6266 = FACE_OUTER_BOUND ( 'NONE', #2883, .T. ) ;
#6267 = AXIS2_PLACEMENT_3D ( 'NONE', #4775, #6022, #2042 ) ;
#6268 = FACE_OUTER_BOUND ( 'NONE', #5599, .T. ) ;
#6269 = LINE ( 'NONE', #8443, #3047 ) ;
#6270 = CIRCLE ( 'NONE', #8638, 20.00000000000001800 ) ;
#6271 = CARTESIAN_POINT ( 'NONE',  ( 1968.197070597641900, 88.01966814610328500, 1955.043301615287400 ) ) ;
#6272 = ADVANCED_FACE ( 'NONE', ( #6093, #7609 ), #6033, .F. ) ;
#6273 = EDGE_CURVE ( 'NONE', #8061, #7681, #4055, .T. ) ;
#6274 = CARTESIAN_POINT ( 'NONE',  ( 1967.484833233300200, -130.1731062909095200, 2328.227306556893800 ) ) ;
#6275 = VERTEX_POINT ( 'NONE', #4196 ) ;
#6276 = VECTOR ( 'NONE', #1598, 1000.000000000000000 ) ;
#6277 = VECTOR ( 'NONE', #1829, 1000.000000000000000 ) ;
#6278 = DIRECTION ( 'NONE',  ( -0.0000000000000000000, 3.083952846181025600E-015, -1.000000000000000000 ) ) ;
#6279 = PRESENTATION_LAYER_ASSIGNMENT (  '', '', ( #6681 ) ) ;
#6280 = DIRECTION ( 'NONE',  ( 0.5264027796015927600, -2.968582502070803400E-015, 0.8502353283813352000 ) ) ;
#6281 = ORIENTED_EDGE ( 'NONE', *, *, #4473, .F. ) ;
#6282 = CARTESIAN_POINT ( 'NONE',  ( 2040.474263337552400, -104.4740219876217500, 2347.769870320766100 ) ) ;
#6283 = LINE ( 'NONE', #1239, #5027 ) ;
#6284 = EDGE_CURVE ( 'NONE', #6654, #6659, #2164, .T. ) ;
#6285 = DIRECTION ( 'NONE',  ( 0.0000000000000000000, 2.413528314402453900E-015, -1.000000000000000000 ) ) ;
#6286 = ORIENTED_EDGE ( 'NONE', *, *, #415, .F. ) ;
#6287 = EDGE_LOOP ( 'NONE', ( #8518, #7230, #6724, #1061 ) ) ;
#6288 = CARTESIAN_POINT ( 'NONE',  ( 1974.999999958223500, -29.00000000000390100, 1981.500000001154100 ) ) ;
#6289 = CARTESIAN_POINT ( 'NONE',  ( 2009.233659656762900, -37.22166914573951100, 1953.910099764904800 ) ) ;
#6290 = LINE ( 'NONE', #1246, #7824 ) ;
#6291 = ORIENTED_EDGE ( 'NONE', *, *, #548, .F. ) ;
#6292 = ORIENTED_EDGE ( 'NONE', *, *, #679, .T. ) ;
#6293 = DIRECTION ( 'NONE',  ( 0.0000000000000000000, 1.000000000000000000, 0.0000000000000000000 ) ) ;
#6294 = EDGE_CURVE ( 'NONE', #5510, #1585, #2401, .T. ) ;
#6295 = ORIENTED_EDGE ( 'NONE', *, *, #8760, .T. ) ;
#6296 = FACE_OUTER_BOUND ( 'NONE', #7731, .T. ) ;
#6297 = DIRECTION ( 'NONE',  ( -3.182806635077191500E-025, -3.491475051078775400E-015, 1.000000000000000000 ) ) ;
#6298 = AXIS2_PLACEMENT_3D ( 'NONE', #3809, #3798, #3754 ) ;
#6299 = ORIENTED_EDGE ( 'NONE', *, *, #4724, .T. ) ;
#6300 = AXIS2_PLACEMENT_3D ( 'NONE', #724, #5562, #1471 ) ;
#6301 = ORIENTED_EDGE ( 'NONE', *, *, #4711, .T. ) ;
#6303 = ORIENTED_EDGE ( 'NONE', *, *, #5994, .T. ) ;
#6302 = CARTESIAN_POINT ( 'NONE',  ( 1641.999999967202500, 107.4999999999965600, 2035.000000003669600 ) ) ;
#6304 = EDGE_CURVE ( 'NONE', #1753, #3160, #182, .T. ) ;
#6305 = CARTESIAN_POINT ( 'NONE',  ( 1884.999999947512200, 140.4999999999969000, 1945.500000004472000 ) ) ;
#6306 = CARTESIAN_POINT ( 'NONE',  ( 1953.021549052188200, 65.61366749183028400, 1954.790330793888600 ) ) ;
#6307 = ADVANCED_FACE ( 'NONE', ( #5522, #5711 ), #1343, .F. ) ;
#6308 = ORIENTED_EDGE ( 'NONE', *, *, #1817, .F. ) ;
#6309 = ORIENTED_EDGE ( 'NONE', *, *, #5691, .F. ) ;
#6310 = DIRECTION ( 'NONE',  ( 3.182802359415012600E-025, 3.491475051101101300E-015, -1.000000000000000000 ) ) ;
#6311 = LINE ( 'NONE', #6157, #6117 ) ;
#6312 = CARTESIAN_POINT ( 'NONE',  ( 1811.408512899716900, 105.4052824396162900, 1927.083200353454000 ) ) ;
#6313 = CARTESIAN_POINT ( 'NONE',  ( 1959.359027662754700, 93.97063234778703100, 1955.651760296874300 ) ) ;
#6314 = EDGE_CURVE ( 'NONE', #1591, #4018, #4346, .T. ) ;
#6315 = VERTEX_POINT ( 'NONE', #2865 ) ;
#6316 = DIRECTION ( 'NONE',  ( -0.8620007025111419100, -0.004158333741524033300, 0.5068900246905555500 ) ) ;
#6317 = FACE_OUTER_BOUND ( 'NONE', #3863, .T. ) ;
#6318 = DIRECTION ( 'NONE',  ( 3.182802359415013500E-025, 3.491475051101102100E-015, -1.000000000000000000 ) ) ;
#6319 = ORIENTED_EDGE ( 'NONE', *, *, #4548, .T. ) ;
#6320 = VECTOR ( 'NONE', #334, 1000.000000000000000 ) ;
#6321 = ADVANCED_FACE ( 'NONE', ( #3849 ), #3635, .T. ) ;
#6322 = B_SPLINE_CURVE_WITH_KNOTS ( 'NONE', 3,
 ( #2523, #1018, #7734, #3943, #8415, #4574, #298, #5200, #1053, #5832, #1798, #6433, #2558, #7071, #3282, #7761, #3976, #8450 ),
 .UNSPECIFIED., .F., .F.,
 ( 4, 2, 2, 2, 2, 2, 2, 2, 4 ),
 ( 0.09843333662801444200, 0.1092801286805636500, 0.1147035247068381200, 0.1174152227199751200, 0.1201269207331121400, 0.1309737127856602000, 0.1336854107987969500, 0.1363971088119337300, 0.1418205048382063000 ),
 .UNSPECIFIED. ) ;
#6323 = VERTEX_POINT ( 'NONE', #7396 ) ;
#6324 = DIRECTION ( 'NONE',  ( 9.115936927843110400E-011, -3.491483361109382100E-015, 1.000000000000000000 ) ) ;
#6325 = CARTESIAN_POINT ( 'NONE',  ( 1884.999999947511900, 113.6020964029630400, 1957.000000004472000 ) ) ;
#6326 = CYLINDRICAL_SURFACE ( 'NONE', #2382, 6.650000000000148700 ) ;
#6327 = CARTESIAN_POINT ( 'NONE',  ( 1964.999999967202500, -104.5000000000000000, 2293.400000026026600 ) ) ;
#6328 = DIRECTION ( 'NONE',  ( -1.000000000000000000, 0.0000000000000000000, 9.116360358139759800E-011 ) ) ;
#6329 = EDGE_LOOP ( 'NONE', ( #1111, #5817 ) ) ;
#6330 = CARTESIAN_POINT ( 'NONE',  ( 1804.253903004576200, 97.49263793537264200, 1927.542394481899700 ) ) ;
#6331 = CARTESIAN_POINT ( 'NONE',  ( 2013.106163065394200, -11.16512782025688800, 1941.400914205241600 ) ) ;
#6332 = EDGE_CURVE ( 'NONE', #2011, #7103, #5321, .T. ) ;
#6333 = DIRECTION ( 'NONE',  ( 0.0000000000000000000, -1.000000000000000000, -3.491483361109382100E-015 ) ) ;
#6334 = CIRCLE ( 'NONE', #8148, 3.400000000000069600 ) ;
#6335 = ORIENTED_EDGE ( 'NONE', *, *, #5142, .F. ) ;
#6336 = EDGE_CURVE ( 'NONE', #4936, #8266, #8771, .T. ) ;
#6337 = ORIENTED_EDGE ( 'NONE', *, *, #5362, .F. ) ;
#6338 = ADVANCED_FACE ( 'NONE', ( #8559 ), #4287, .T. ) ;
#6339 = DIRECTION ( 'NONE',  ( 3.182802359415012600E-025, 3.491475051101101300E-015, -1.000000000000000000 ) ) ;
#6340 = FACE_BOUND ( 'NONE', #4218, .T. ) ;
#6341 = DIRECTION ( 'NONE',  ( -9.116397759820105700E-011, 4.891033724888730600E-015, -1.000000000000000000 ) ) ;
#6342 = VECTOR ( 'NONE', #1466, 1000.000000000000000 ) ;
#6343 = DIRECTION ( 'NONE',  ( 0.0000000000000000000, -1.000000000000000000, 0.0000000000000000000 ) ) ;
#6344 = VECTOR ( 'NONE', #8090, 1000.000000000000000 ) ;
#6345 = AXIS2_PLACEMENT_3D ( 'NONE', #5097, #926, #5717 ) ;
#6346 = CARTESIAN_POINT ( 'NONE',  ( 1880.166562139602300, 91.38955924493265600, 1921.433233205631500 ) ) ;
#6347 = AXIS2_PLACEMENT_3D ( 'NONE', #2189, #6758, #2925 ) ;
#6348 = FACE_OUTER_BOUND ( 'NONE', #5141, .T. ) ;
#6349 = CARTESIAN_POINT ( 'NONE',  ( 1880.956406101790700, 112.6207335340942700, 1934.727791017226500 ) ) ;
#6350 = DIRECTION ( 'NONE',  ( 0.0000000000000000000, 1.000000000000000000, -0.0000000000000000000 ) ) ;
#6351 = EDGE_CURVE ( 'NONE', #3026, #6680, #6763, .T. ) ;
#6352 = VERTEX_POINT ( 'NONE', #4310 ) ;
#6353 = CARTESIAN_POINT ( 'NONE',  ( 1866.249999952526000, -82.42722283114150600, 1885.500000009617900 ) ) ;
#6354 = LINE ( 'NONE', #3094, #269 ) ;
#6355 = CARTESIAN_POINT ( 'NONE',  ( 1820.016541318162400, 83.99999999999337800, 1926.566655373221000 ) ) ;
#6356 = LINE ( 'NONE', #2092, #2943 ) ;
#6357 = ADVANCED_FACE ( 'NONE', ( #6968 ), #8793, .F. ) ;
#6358 = FACE_OUTER_BOUND ( 'NONE', #3670, .T. ) ;
#6359 = CARTESIAN_POINT ( 'NONE',  ( 1958.393401206048600, -89.24350493803437700, 1930.937571194829600 ) ) ;
#6360 = CARTESIAN_POINT ( 'NONE',  ( 1733.047282915500300, 129.5555388738132800, 2098.945682895746400 ) ) ;
#6361 = DIRECTION ( 'NONE',  ( 0.0000000000000000000, 4.163336342344333100E-015, -1.000000000000000000 ) ) ;
#6362 = ORIENTED_EDGE ( 'NONE', *, *, #1703, .T. ) ;
#6363 = AXIS2_PLACEMENT_3D ( 'NONE', #6963, #8339, #4498 ) ;
#6364 = DIRECTION ( 'NONE',  ( 0.0000000000000000000, 3.491483361109382500E-015, -1.000000000000000000 ) ) ;
#6365 = EDGE_CURVE ( 'NONE', #6188, #5221, #3422, .T. ) ;
#6366 = B_SPLINE_CURVE_WITH_KNOTS ( 'NONE', 3,
 ( #1481, #734, #2964, #7467 ),
 .UNSPECIFIED., .F., .F.,
 ( 4, 4 ),
 ( 0.0000000000000000000, 1.000000000000000000 ),
 .UNSPECIFIED. ) ;
#6367 = CARTESIAN_POINT ( 'NONE',  ( 1814.999999952526000, -108.4000000000068800, 1931.300000002324200 ) ) ;
#6368 = FACE_OUTER_BOUND ( 'NONE', #1439, .T. ) ;
#6369 = CIRCLE ( 'NONE', #36, 6.650000000000093600 ) ;
#6370 = CARTESIAN_POINT ( 'NONE',  ( 1649.999999967202500, 147.9999999999965900, 2035.000000003669600 ) ) ;
#6371 = ORIENTED_EDGE ( 'NONE', *, *, #1323, .F. ) ;
#6372 = DIRECTION ( 'NONE',  ( -2.901425564165518900E-035, -1.000000000000000000, 2.644917691272267300E-045 ) ) ;
#6373 = FACE_OUTER_BOUND ( 'NONE', #5621, .T. ) ;
#6374 = DIRECTION ( 'NONE',  ( 0.0000000000000000000, -1.000000000000000000, -3.491475051101101300E-015 ) ) ;
#6375 = CARTESIAN_POINT ( 'NONE',  ( 1666.773845283150900, -130.5559129974001800, 2033.105262101953900 ) ) ;
#6376 =( LENGTH_UNIT ( ) NAMED_UNIT ( * ) SI_UNIT ( .MILLI., .METRE. ) );
#6377 = ORIENTED_EDGE ( 'NONE', *, *, #4503, .F. ) ;
#6378 = CARTESIAN_POINT ( 'NONE',  ( 1873.804887084001200, 113.8427000828181300, 1942.842322647337800 ) ) ;
#6379 = CARTESIAN_POINT ( 'NONE',  ( 1961.437713531386200, -88.98344930233390900, 1938.857753872092900 ) ) ;
#6380 = ADVANCED_FACE ( 'NONE', ( #1461 ), #3191, .T. ) ;
#6381 = EDGE_LOOP ( 'NONE', ( #1852, #1655, #2800, #2703 ) ) ;
#6382 = EDGE_CURVE ( 'NONE', #4781, #707, #4932, .T. ) ;
#6383 = VECTOR ( 'NONE', #6712, 1000.000000000000000 ) ;
#6384 = DIRECTION ( 'NONE',  ( 0.0000000000000000000, 1.000000000000000000, 3.491483361109382500E-015 ) ) ;
#6385 = PLANE ( 'NONE',  #6094 ) ;
#6386 = CARTESIAN_POINT ( 'NONE',  ( 2010.362377038880400, 14.67599525043880100, 1929.122774564149700 ) ) ;
#6387 = ORIENTED_EDGE ( 'NONE', *, *, #11, .F. ) ;
#6388 = LINE ( 'NONE', #4226, #6200 ) ;
#6389 = CARTESIAN_POINT ( 'NONE',  ( 1968.197070597641900, 88.01966814610328500, 1955.043301615287400 ) ) ;
#6390 = ORIENTED_EDGE ( 'NONE', *, *, #1434, .T. ) ;
#6391 = VERTEX_POINT ( 'NONE', #4957 ) ;
#6392 = CYLINDRICAL_SURFACE ( 'NONE', #6642, 10.99999999999991300 ) ;
#6393 = AXIS2_PLACEMENT_3D ( 'NONE', #3636, #8114, #4302 ) ;
#6394 = CARTESIAN_POINT ( 'NONE',  ( 1994.999999967202500, -500000.0000000000600, 2317.500000026027000 ) ) ;
#6395 = VERTEX_POINT ( 'NONE', #3704 ) ;
#6396 = EDGE_CURVE ( 'NONE', #1351, #882, #8359, .T. ) ;
#6397 = CARTESIAN_POINT ( 'NONE',  ( 1690.912811554398600, -130.5627194781633900, 2051.599023546689800 ) ) ;
#6398 = DIRECTION ( 'NONE',  ( 0.0000000000000000000, 1.000000000000000000, 3.491483361109382500E-015 ) ) ;
#6399 = CIRCLE ( 'NONE', #1939, 18.99999999999968400 ) ;
#6400 = CARTESIAN_POINT ( 'NONE',  ( 1875.841847559497000, 114.2293535773560100, 1952.496014222288100 ) ) ;
#6401 = CARTESIAN_POINT ( 'NONE',  ( 1842.993817724125800, -14.35405551787288800, 1956.841467653607200 ) ) ;
#6402 = AXIS2_PLACEMENT_3D ( 'NONE', #4661, #406, #5294 ) ;
#6403 = VERTEX_POINT ( 'NONE', #755 ) ;
#6404 = DIRECTION ( 'NONE',  ( 1.000000000000000000, 0.0000000000000000000, 0.0000000000000000000 ) ) ;
#6405 = AXIS2_PLACEMENT_3D ( 'NONE', #4538, #1006, #5790 ) ;
#6406 = DIRECTION ( 'NONE',  ( -0.0000000000000000000, 1.000000000000000000, 0.0000000000000000000 ) ) ;
#6407 = DIRECTION ( 'NONE',  ( 9.104611628057098400E-011, -0.05233595624294261300, 0.9986295347545740600 ) ) ;
#6408 = VECTOR ( 'NONE', #4231, 1000.000000000000000 ) ;
#6409 = CARTESIAN_POINT ( 'NONE',  ( 1959.179278270310300, -86.35877689124700400, 1918.536173002393800 ) ) ;
#6410 = EDGE_CURVE ( 'NONE', #662, #7313, #5135, .T. ) ;
#6411 = CARTESIAN_POINT ( 'NONE',  ( 1964.999999967202500, -500000.0000000000600, 2290.000000026026600 ) ) ;
#6412 = VERTEX_POINT ( 'NONE', #1534 ) ;
#6413 = DIRECTION ( 'NONE',  ( 0.0000000000000000000, -3.083952846181025600E-015, 1.000000000000000000 ) ) ;
#6414 = ADVANCED_FACE ( 'NONE', ( #6562 ), #997, .F. ) ;
#6415 = CARTESIAN_POINT ( 'NONE',  ( 1992.682425406082800, 65.38030575215616100, 1953.397188330318600 ) ) ;
#6416 = VECTOR ( 'NONE', #8809, 1000.000000000000300 ) ;
#6417 =( BOUNDED_CURVE ( )  B_SPLINE_CURVE ( 3, ( #6199, #6247, #6227, #6138 ),
 .UNSPECIFIED., .F., .F. ) 
 B_SPLINE_CURVE_WITH_KNOTS ( ( 4, 4 ),
 ( 3.071106361399080800, 3.141592656200252100 ),
 .UNSPECIFIED. ) 
 CURVE ( )  GEOMETRIC_REPRESENTATION_ITEM ( )  RATIONAL_B_SPLINE_CURVE ( ( 1.000000000000000000, 0.9995860163731406000, 0.9995860163731406000, 1.000000000000000000 ) ) 
 REPRESENTATION_ITEM ( '' )  );
#6418 = CARTESIAN_POINT ( 'NONE',  ( 1884.999999956379300, 72.26203889641199400, 1961.500000004603400 ) ) ;
#6419 = ORIENTED_EDGE ( 'NONE', *, *, #3008, .T. ) ;
#6420 = DIRECTION ( 'NONE',  ( -3.182806635077191500E-025, -3.491475051078775400E-015, 1.000000000000000000 ) ) ;
#6421 = VECTOR ( 'NONE', #1405, 1000.000000000000300 ) ;
#6422 = CARTESIAN_POINT ( 'NONE',  ( 1740.924583422795900, -130.5572117594305200, 2148.961621174583800 ) ) ;
#6423 = EDGE_CURVE ( 'NONE', #5223, #7985, #2958, .T. ) ;
#6424 = PLANE ( 'NONE',  #5220 ) ;
#6425 = ORIENTED_EDGE ( 'NONE', *, *, #7686, .F. ) ;
#6426 = CARTESIAN_POINT ( 'NONE',  ( 1699.831954962190800, -130.5587111394440000, 2078.075139719399000 ) ) ;
#6427 = CARTESIAN_POINT ( 'NONE',  ( 1964.999999967202500, -91.99999999998453900, 2230.000000026026600 ) ) ;
#6428 = ORIENTED_EDGE ( 'NONE', *, *, #6184, .F. ) ;
#6429 = CARTESIAN_POINT ( 'NONE',  ( 1884.999999947511900, 113.6020964029630400, 1957.000000004472000 ) ) ;
#6430 = LINE ( 'NONE', #7198, #3259 ) ;
#6431 = DIRECTION ( 'NONE',  ( -0.0000000000000000000, 1.000000000000000000, 3.491483361109382100E-015 ) ) ;
#6432 = DIRECTION ( 'NONE',  ( -1.227130743769471000E-015, 0.9986295347545732800, -0.05233595624295506200 ) ) ;
#6433 = CARTESIAN_POINT ( 'NONE',  ( 2025.784013318946600, -129.5990497913294300, 2331.050744144115000 ) ) ;
#6434 = DIRECTION ( 'NONE',  ( -0.5028917890201630700, 0.0000000000000000000, -0.8643493787445558600 ) ) ;
#6435 = ORIENTED_EDGE ( 'NONE', *, *, #2700, .F. ) ;
#6436 = CARTESIAN_POINT ( 'NONE',  ( 2001.380109307567600, 38.67767618969742200, 1917.062487505620100 ) ) ;
#6437 = EDGE_CURVE ( 'NONE', #5029, #4131, #1228, .T. ) ;
#6438 = PLANE ( 'NONE',  #82 ) ;
#6439 = VECTOR ( 'NONE', #308, 1000.000000000000000 ) ;
#6440 = EDGE_CURVE ( 'NONE', #1753, #4201, #4730, .T. ) ;
#6441 = CARTESIAN_POINT ( 'NONE',  ( 1884.999999947512200, 109.4999999999968900, 1945.500000004472000 ) ) ;
#6442 = AXIS2_PLACEMENT_3D ( 'NONE', #5876, #398, #5287 ) ;
#6443 = CARTESIAN_POINT ( 'NONE',  ( 2011.703324461786900, 26.80673456405800100, 1951.385124041571800 ) ) ;
#6444 = CIRCLE ( 'NONE', #3260, 18.99999999999968400 ) ;
#6445 = CARTESIAN_POINT ( 'NONE',  ( 1814.225292585302700, 91.77999999999653400, 1926.294971787103100 ) ) ;
#6446 = FACE_OUTER_BOUND ( 'NONE', #329, .T. ) ;
#6447 = CARTESIAN_POINT ( 'NONE',  ( 1649.999999953190800, 91.77999999999677500, 1926.294971802073900 ) ) ;
#6448 = VECTOR ( 'NONE', #6420, 1000.000000000000000 ) ;
#6449 = CARTESIAN_POINT ( 'NONE',  ( 1666.543673542400000, -130.5641465223351400, 2007.943174376968500 ) ) ;
#6450 = CARTESIAN_POINT ( 'NONE',  ( 1974.999999958223300, -45.00000000000330400, 1981.499999999553900 ) ) ;
#6451 = AXIS2_PLACEMENT_3D ( 'NONE', #4487, #190, #5113 ) ;
#6452 = CARTESIAN_POINT ( 'NONE',  ( 1692.694510060741100, -130.5456834200641700, 2105.772038458989800 ) ) ;
#6453 = ORIENTED_EDGE ( 'NONE', *, *, #415, .T. ) ;
#6454 = FACE_OUTER_BOUND ( 'NONE', #8703, .T. ) ;
#6455 = CARTESIAN_POINT ( 'NONE',  ( 2004.010279566007700, -128.7483634094333800, 2201.703296368217300 ) ) ;
#6456 = ADVANCED_FACE ( 'NONE', ( #6373 ), #5992, .T. ) ;
#6457 = CYLINDRICAL_SURFACE ( 'NONE', #6926, 20.00000000000001800 ) ;
#6458 = LINE ( 'NONE', #8666, #1102 ) ;
#6459 = EDGE_CURVE ( 'NONE', #8180, #4088, #7715, .T. ) ;
#6460 = CARTESIAN_POINT ( 'NONE',  ( 1884.999999947512200, 109.4999999999968900, 1945.500000004472000 ) ) ;
#6461 = DIRECTION ( 'NONE',  ( 0.0000000000000000000, -1.000000000000000000, 0.0000000000000000000 ) ) ;
#6462 = DIRECTION ( 'NONE',  ( -0.8643493787445562000, 0.0000000000000000000, 0.5028917890201628500 ) ) ;
#6463 = EDGE_LOOP ( 'NONE', ( #409, #7692, #2761, #207, #25, #267, #4712 ) ) ;
#6464 = CARTESIAN_POINT ( 'NONE',  ( 1994.719999397111700, -104.2848661113143400, 2419.811728531748000 ) ) ;
#6465 =( BOUNDED_CURVE ( )  B_SPLINE_CURVE ( 3, ( #1992, #8617, #7279, #3500 ),
 .UNSPECIFIED., .F., .T. ) 
 B_SPLINE_CURVE_WITH_KNOTS ( ( 4, 4 ),
 ( 2.993035430439765500, 3.210350180520778800 ),
 .UNSPECIFIED. ) 
 CURVE ( )  GEOMETRIC_REPRESENTATION_ITEM ( )  RATIONAL_B_SPLINE_CURVE ( ( 1.000000000000000000, 0.9960683954172454600, 0.9960683954172454600, 1.000000000000000000 ) ) 
 REPRESENTATION_ITEM ( '' )  );
#6466 = VECTOR ( 'NONE', #1202, 1000.000000000000100 ) ;
#6467 = VERTEX_POINT ( 'NONE', #862 ) ;
#6468 = AXIS2_PLACEMENT_3D ( 'NONE', #258, #1759, #6398 ) ;
#6469 = ORIENTED_EDGE ( 'NONE', *, *, #7314, .F. ) ;
#6470 = EDGE_CURVE ( 'NONE', #4852, #3341, #4357, .T. ) ;
#6471 = DIRECTION ( 'NONE',  ( -0.0000000000000000000, 1.000000000000000000, 3.491483361109382100E-015 ) ) ;
#6472 = CIRCLE ( 'NONE', #6034, 3.400000000000069600 ) ;
#6473 = ORIENTED_EDGE ( 'NONE', *, *, #7382, .F. ) ;
#6474 = CARTESIAN_POINT ( 'NONE',  ( 1627.281354686153000, 129.6614067341917000, 2035.000000003669600 ) ) ;
#6475 = ORIENTED_EDGE ( 'NONE', *, *, #3792, .T. ) ;
#6476 = CARTESIAN_POINT ( 'NONE',  ( 1936.412074720883500, -130.5443311659563200, 2402.069437660291900 ) ) ;
#6477 = DIRECTION ( 'NONE',  ( -1.000000000000000000, 0.0000000000000000000, 9.115912537477290800E-011 ) ) ;
#6478 = VECTOR ( 'NONE', #7065, 1000.000000000000200 ) ;
#6479 = DIRECTION ( 'NONE',  ( -3.182806635077191500E-025, -3.491475051078775400E-015, 1.000000000000000000 ) ) ;
#6480 = CARTESIAN_POINT ( 'NONE',  ( 1730.170380471826800, 129.4882319471289000, 2091.109519406152700 ) ) ;
#6481 = ORIENTED_EDGE ( 'NONE', *, *, #5039, .F. ) ;
#6482 = EDGE_CURVE ( 'NONE', #8229, #8720, #759, .T. ) ;
#6483 = ORIENTED_EDGE ( 'NONE', *, *, #3462, .F. ) ;
#6484 = CARTESIAN_POINT ( 'NONE',  ( 1880.999999971505800, -3.254638298783340700E-012, 1981.500000002324700 ) ) ;
#6485 = DIRECTION ( 'NONE',  ( -3.182806635077191500E-025, -3.491475051078775400E-015, 1.000000000000000000 ) ) ;
#6486 = DIRECTION ( 'NONE',  ( 0.0000000000000000000, 1.000000000000000000, 0.0000000000000000000 ) ) ;
#6487 = PRESENTATION_STYLE_ASSIGNMENT (( #1962 ) ) ;
#6488 = CARTESIAN_POINT ( 'NONE',  ( 1947.499999952525700, -126.3000000000065800, 1894.000000002324200 ) ) ;
#6489 = EDGE_CURVE ( 'NONE', #1559, #8637, #521, .T. ) ;
#6490 = CARTESIAN_POINT ( 'NONE',  ( 1866.100822968326200, 65.24387233821471500, 1961.499999993762900 ) ) ;
#6491 = AXIS2_PLACEMENT_3D ( 'NONE', #8621, #6011, #2030 ) ;
#6492 = ORIENTED_EDGE ( 'NONE', *, *, #828, .F. ) ;
#6493 = CARTESIAN_POINT ( 'NONE',  ( 1863.000172019838800, -64.89976603441050400, 1961.499999880449000 ) ) ;
#6494 = ORIENTED_EDGE ( 'NONE', *, *, #7309, .T. ) ;
#6495 = VECTOR ( 'NONE', #5516, 1000.000000000000000 ) ;
#6496 = PLANE ( 'NONE',  #8207 ) ;
#6497 = ADVANCED_FACE ( 'NONE', ( #5807 ), #285, .F. ) ;
#6498 = ORIENTED_EDGE ( 'NONE', *, *, #4182, .F. ) ;
#6499 = CARTESIAN_POINT ( 'NONE',  ( 1961.648000531724600, -84.97093430522518500, 1919.000000002324900 ) ) ;
#6500 = AXIS2_PLACEMENT_3D ( 'NONE', #2284, #1857, #2089 ) ;
#6501 = CARTESIAN_POINT ( 'NONE',  ( 1878.999999971988500, 96.99999999999654700, 2081.000000008745200 ) ) ;
#6502 = FACE_OUTER_BOUND ( 'NONE', #6880, .T. ) ;
#6503 = CARTESIAN_POINT ( 'NONE',  ( 2074.161543021009900, -126.2608217891631700, 2129.715562911507300 ) ) ;
#6504 = ADVANCED_FACE ( 'NONE', ( #2726, #4147 ), #3821, .T. ) ;
#6505 = CARTESIAN_POINT ( 'NONE',  ( 1697.593142457037900, 79.99999999999660400, 2016.425645147678300 ) ) ;
#6506 = EDGE_CURVE ( 'NONE', #2955, #2631, #7274, .T. ) ;
#6507 = VERTEX_POINT ( 'NONE', #922 ) ;
#6508 = DIRECTION ( 'NONE',  ( 0.0000000000000000000, 1.000000000000000000, 0.0000000000000000000 ) ) ;
#6509 = CARTESIAN_POINT ( 'NONE',  ( 1891.992482425607900, 112.7537280940603400, 1954.660542479680500 ) ) ;
#6510 = CARTESIAN_POINT ( 'NONE',  ( 1676.278433009699700, 129.6479196321045900, 2122.806184025812900 ) ) ;
#6511 = VECTOR ( 'NONE', #3254, 1000.000000000000000 ) ;
#6512 = DIRECTION ( 'NONE',  ( -0.0000000000000000000, 1.000000000000000000, 3.546076827293422200E-015 ) ) ;
#6513 = CARTESIAN_POINT ( 'NONE',  ( 1953.749999952525700, -69.12722283114128200, 1895.000000009617200 ) ) ;
#6514 = ORIENTED_EDGE ( 'NONE', *, *, #3201, .F. ) ;
#6515 = CARTESIAN_POINT ( 'NONE',  ( 1776.354176725220400, 12.44296476917343400, 1967.662642742215900 ) ) ;
#6516 = EDGE_CURVE ( 'NONE', #4656, #5354, #3949, .T. ) ;
#6517 =( BOUNDED_CURVE ( )  B_SPLINE_CURVE ( 3, ( #1934, #1953, #1901, #1805 ),
 .UNSPECIFIED., .F., .T. ) 
 B_SPLINE_CURVE_WITH_KNOTS ( ( 4, 4 ),
 ( 4.807065053911627100E-015, 0.07224736652520377700 ),
 .UNSPECIFIED. ) 
 CURVE ( )  GEOMETRIC_REPRESENTATION_ITEM ( )  RATIONAL_B_SPLINE_CURVE ( ( 1.000000000000000000, 0.9995650738009429500, 0.9995650738009429500, 1.000000000000000000 ) ) 
 REPRESENTATION_ITEM ( '' )  );
#6518 = ORIENTED_EDGE ( 'NONE', *, *, #2404, .F. ) ;
#6519 = DIRECTION ( 'NONE',  ( 1.196245788188485300E-015, -1.000000000000000000, 1.063329589500865800E-015 ) ) ;
#6520 = CARTESIAN_POINT ( 'NONE',  ( 1693.846113006929000, -130.5366915172332700, 1994.434700414062500 ) ) ;
#6521 = ORIENTED_EDGE ( 'NONE', *, *, #4837, .F. ) ;
#6522 = LINE ( 'NONE', #268, #1410 ) ;
#6523 = CARTESIAN_POINT ( 'NONE',  ( 1765.597389700474700, -12.44296476917646300, 1950.288493701370500 ) ) ;
#6524 = ORIENTED_EDGE ( 'NONE', *, *, #28, .T. ) ;
#6525 = ORIENTED_EDGE ( 'NONE', *, *, #1156, .F. ) ;
#6526 = CARTESIAN_POINT ( 'NONE',  ( 1811.864183668988700, -129.1141977247292200, 1928.755525435774900 ) ) ;
#6527 = ORIENTED_EDGE ( 'NONE', *, *, #8287, .F. ) ;
#6528 = CARTESIAN_POINT ( 'NONE',  ( 1624.347166186309600, 129.6512059131939100, 2036.816003559716800 ) ) ;
#6529 = EDGE_CURVE ( 'NONE', #1909, #6114, #2278, .T. ) ;
#6530 = VECTOR ( 'NONE', #7439, 1000.000000000000200 ) ;
#6531 = DIRECTION ( 'NONE',  ( -3.182806635077192000E-025, -3.491475051078775400E-015, 1.000000000000000000 ) ) ;
#6532 = CARTESIAN_POINT ( 'NONE',  ( 1810.632937853747800, -130.5468096213533600, 2292.872968436724000 ) ) ;
#6533 = CARTESIAN_POINT ( 'NONE',  ( 1896.501370510680800, 111.6827291597108000, 1945.169428201509400 ) ) ;
#6534 = DIRECTION ( 'NONE',  ( 2.901425564165518900E-035, 1.000000000000000000, -2.644917691272267300E-045 ) ) ;
#6535 = ADVANCED_FACE ( 'NONE', ( #49 ), #3852, .T. ) ;
#6536 = CIRCLE ( 'NONE', #6975, 38.49999999999997900 ) ;
#6537 = CARTESIAN_POINT ( 'NONE',  ( 1880.999999972398400, -62.21677477173890500, 2146.500000008745200 ) ) ;
#6538 = CIRCLE ( 'NONE', #3517, 22.26203889641542600 ) ;
#6539 = DIRECTION ( 'NONE',  ( 9.115924681779572100E-011, -3.546085137301702900E-015, 1.000000000000000000 ) ) ;
#6540 = FACE_BOUND ( 'NONE', #7343, .T. ) ;
#6541 = DIRECTION ( 'NONE',  ( 0.0000000000000000000, -1.000000000000000000, -3.491475051101101300E-015 ) ) ;
#6542 = ADVANCED_FACE ( 'NONE', ( #6186 ), #4493, .T. ) ;
#6543 = EDGE_LOOP ( 'NONE', ( #7561, #8336, #7828, #2143 ) ) ;
#6544 = VECTOR ( 'NONE', #6851, 1000.000000000000100 ) ;
#6545 = AXIS2_PLACEMENT_3D ( 'NONE', #8497, #5868, #4643 ) ;
#6546 = DIRECTION ( 'NONE',  ( 0.0000000000000000000, 0.0000000000000000000, -1.000000000000000000 ) ) ;
#6547 = VECTOR ( 'NONE', #3535, 1000.000000000000000 ) ;
#6548 = CONICAL_SURFACE ( 'NONE', #1172, 95.81902857353519200, 0.05235987755990714100 ) ;
#6549 = CARTESIAN_POINT ( 'NONE',  ( 1697.260215688270600, 129.7407742214697400, 2097.025372241129800 ) ) ;
#6550 = EDGE_CURVE ( 'NONE', #2220, #7855, #7739, .T. ) ;
#6551 = ORIENTED_EDGE ( 'NONE', *, *, #1125, .T. ) ;
#6552 = CARTESIAN_POINT ( 'NONE',  ( 1798.140899136308900, -129.3378636532390800, 1931.370012190605600 ) ) ;
#6553 = CIRCLE ( 'NONE', #7252, 14.99999999999968000 ) ;
#6554 = FACE_OUTER_BOUND ( 'NONE', #1007, .T. ) ;
#6555 = CARTESIAN_POINT ( 'NONE',  ( 2014.999871424485000, 1.970374818166531500E-012, 1950.333323684517200 ) ) ;
#6556 = DIRECTION ( 'NONE',  ( 1.000000000000000000, 3.469446951953611000E-015, -9.116041255197152600E-011 ) ) ;
#6557 = AXIS2_PLACEMENT_3D ( 'NONE', #4924, #5559, #1467 ) ;
#6558 = CARTESIAN_POINT ( 'NONE',  ( 1892.594962504155100, 111.5528345966763800, 1936.856586197214500 ) ) ;
#6559 = DIRECTION ( 'NONE',  ( -1.000000000000000000, 1.111267503048323600E-039, -3.182802359415012600E-025 ) ) ;
#6560 = EDGE_LOOP ( 'NONE', ( #5864, #6054, #6252, #6435 ) ) ;
#6561 = EDGE_CURVE ( 'NONE', #1569, #6016, #7460, .T. ) ;
#6562 = FACE_OUTER_BOUND ( 'NONE', #2177, .T. ) ;
#6563 = DIRECTION ( 'NONE',  ( -1.000000000000000000, -3.182809934755971400E-025, 9.115924681779572100E-011 ) ) ;
#6564 = CARTESIAN_POINT ( 'NONE',  ( 1990.839459047263300, -33.48480033194842800, 1885.500000009617900 ) ) ;
#6565 = CARTESIAN_POINT ( 'NONE',  ( 1825.518155684401100, 91.77999999999003900, 1926.294971786074000 ) ) ;
#6566 = ORIENTED_EDGE ( 'NONE', *, *, #6633, .T. ) ;
#6567 = CARTESIAN_POINT ( 'NONE',  ( 1964.999999967202500, -92.00000000000000000, 2293.400000026026600 ) ) ;
#6568 = DIRECTION ( 'NONE',  ( 0.0000000000000000000, 1.000000000000000000, 0.0000000000000000000 ) ) ;
#6569 = ORIENTED_EDGE ( 'NONE', *, *, #6550, .F. ) ;
#6570 =( LENGTH_UNIT ( ) NAMED_UNIT ( * ) SI_UNIT ( .MILLI., .METRE. ) );
#6571 = CYLINDRICAL_SURFACE ( 'NONE', #6591, 3.400000000000069600 ) ;
#6572 = CARTESIAN_POINT ( 'NONE',  ( 1897.499999947512200, 83.50000000000289900, 2.579175931710529400E-013 ) ) ;
#6573 = ORIENTED_EDGE ( 'NONE', *, *, #6672, .T. ) ;
#6574 = CARTESIAN_POINT ( 'NONE',  ( 1698.165654381912200, 129.7912156100490800, 2065.736206322660100 ) ) ;
#6575 = CARTESIAN_POINT ( 'NONE',  ( 1904.842219477623500, 68.75773922018110800, 1956.582650388506600 ) ) ;
#6576 = CARTESIAN_POINT ( 'NONE',  ( 1946.147095255923400, -104.7542203061885400, 2383.190973283607000 ) ) ;
#6577 = ORIENTED_EDGE ( 'NONE', *, *, #6773, .F. ) ;
#6578 = CARTESIAN_POINT ( 'NONE',  ( 1953.628661645057300, -121.2031223737357900, 1928.340923531965500 ) ) ;
#6579 = ADVANCED_FACE ( 'NONE', ( #7059 ), #3530, .T. ) ;
#6580 = EDGE_LOOP ( 'NONE', ( #403, #8747, #6853, #7025, #7463, #650 ) ) ;
#6581 = CIRCLE ( 'NONE', #4577, 20.00000000000001800 ) ;
#6582 = DIRECTION ( 'NONE',  ( 0.0000000000000000000, -3.491483361109382500E-015, 1.000000000000000000 ) ) ;
#6583 = DIRECTION ( 'NONE',  ( 0.0000000000000000000, 2.921639538487234500E-015, -1.000000000000000000 ) ) ;
#6584 = EDGE_CURVE ( 'NONE', #8419, #3150, #5616, .T. ) ;
#6585 = CARTESIAN_POINT ( 'NONE',  ( 1627.281354686153000, 129.6614067341917000, 2035.000000003669600 ) ) ;
#6586 = ORIENTED_EDGE ( 'NONE', *, *, #8021, .F. ) ;
#6587 = CARTESIAN_POINT ( 'NONE',  ( 1938.499999952526200, -106.3000000000066100, 1894.000000002324200 ) ) ;
#6588 = VECTOR ( 'NONE', #8447, 1000.000000000000000 ) ;
#6589 = EDGE_CURVE ( 'NONE', #8285, #6812, #1803, .T. ) ;
#6590 = DIRECTION ( 'NONE',  ( -0.0000000000000000000, 1.000000000000000000, 0.0000000000000000000 ) ) ;
#6591 = AXIS2_PLACEMENT_3D ( 'NONE', #2118, #5454, #1355 ) ;
#6592 = DIRECTION ( 'NONE',  ( 0.0000000000000000000, 1.000000000000000000, 0.0000000000000000000 ) ) ;
#6593 = ORIENTED_EDGE ( 'NONE', *, *, #981, .T. ) ;
#6594 = ORIENTED_EDGE ( 'NONE', *, *, #7483, .T. ) ;
#6595 = CARTESIAN_POINT ( 'NONE',  ( 1844.999999935018000, 28.99999999999611300, 1726.941558781093100 ) ) ;
#6596 = CARTESIAN_POINT ( 'NONE',  ( 1736.217045243875400, 129.4043607369864300, 2096.983200692719500 ) ) ;
#6597 = LINE ( 'NONE', #635, #6408 ) ;
#6598 = ORIENTED_EDGE ( 'NONE', *, *, #8453, .F. ) ;
#6599 = CARTESIAN_POINT ( 'NONE',  ( 1687.319870136197100, 129.7897563946240200, 2046.355063905703000 ) ) ;
#6600 = AXIS2_PLACEMENT_3D ( 'NONE', #4085, #4702, #453 ) ;
#6601 = ORIENTED_EDGE ( 'NONE', *, *, #4306, .F. ) ;
#6602 = DIRECTION ( 'NONE',  ( 3.182806635077191500E-025, -0.0000000000000000000, -1.000000000000000000 ) ) ;
#6603 = AXIS2_PLACEMENT_3D ( 'NONE', #7610, #3819, #8297 ) ;
#6604 =( BOUNDED_CURVE ( )  B_SPLINE_CURVE ( 3, ( #2852, #4245, #8086, #4273 ),
 .UNSPECIFIED., .F., .T. ) 
 B_SPLINE_CURVE_WITH_KNOTS ( ( 4, 4 ),
 ( 3.083079750301798100, 3.288707873497417100 ),
 .UNSPECIFIED. ) 
 CURVE ( )  GEOMETRIC_REPRESENTATION_ITEM ( )  RATIONAL_B_SPLINE_CURVE ( ( 1.000000000000000000, 0.9964795257179837100, 0.9964795257179837100, 1.000000000000000000 ) ) 
 REPRESENTATION_ITEM ( '' )  );
#6605 = VECTOR ( 'NONE', #3658, 1000.000000000000000 ) ;
#6606 = CARTESIAN_POINT ( 'NONE',  ( 2042.870229699759000, -123.1882433248131200, 2355.438372804626900 ) ) ;
#6607 = CARTESIAN_POINT ( 'NONE',  ( 1668.643874868848600, 129.7625363161872700, 2009.397622765207600 ) ) ;
#6608 = EDGE_CURVE ( 'NONE', #3016, #6617, #8658, .T. ) ;
#6609 = ORIENTED_EDGE ( 'NONE', *, *, #2026, .F. ) ;
#6610 = CARTESIAN_POINT ( 'NONE',  ( 1994.999999967202500, -500000.0000000000600, 2342.500000026026600 ) ) ;
#6611 = DIRECTION ( 'NONE',  ( 0.002742800895366906600, -0.05233575879157461400, 0.9986257784550518500 ) ) ;
#6612 = VERTEX_POINT ( 'NONE', #4050 ) ;
#6613 = CARTESIAN_POINT ( 'NONE',  ( 1807.942180375131100, -96.53511718670584700, 1927.422833738710300 ) ) ;
#6614 = LINE ( 'NONE', #2890, #6421 ) ;
#6615 = DIRECTION ( 'NONE',  ( -0.02967278503919660800, -0.9993908270190955400, 0.01837119207089461800 ) ) ;
#6616 = DIRECTION ( 'NONE',  ( 9.090937439199193500E-011, 4.764358427894895100E-012, 1.000000000000000000 ) ) ;
#6617 = VERTEX_POINT ( 'NONE', #4669 ) ;
#6618 = DIRECTION ( 'NONE',  ( -1.000000000000000000, 0.0000000000000000000, 9.115405577931148800E-011 ) ) ;
#6619 = AXIS2_PLACEMENT_3D ( 'NONE', #6675, #8037, #5444 ) ;
#6620 = ORIENTED_EDGE ( 'NONE', *, *, #5440, .F. ) ;
#6621 = DIRECTION ( 'NONE',  ( 1.000000000000000000, -1.146296613448754200E-039, 3.232576927341070300E-025 ) ) ;
#6622 = EDGE_CURVE ( 'NONE', #2228, #3376, #5216, .T. ) ;
#6623 = DIRECTION ( 'NONE',  ( 0.0000000000000000000, 3.491483361109382500E-015, -1.000000000000000000 ) ) ;
#6624 = ADVANCED_FACE ( 'NONE', ( #6656 ), #5897, .F. ) ;
#6625 = CYLINDRICAL_SURFACE ( 'NONE', #6825, 14.99999999999968000 ) ;
#6626 = DIRECTION ( 'NONE',  ( 3.182802359415013500E-025, 3.491475051101102100E-015, -1.000000000000000000 ) ) ;
#6627 = CARTESIAN_POINT ( 'NONE',  ( 1714.807911180161000, 129.4957545098616000, 2066.652884168853200 ) ) ;
#6628 = EDGE_LOOP ( 'NONE', ( #4648, #8538, #1291, #3971, #4544, #1843 ) ) ;
#6629 = CARTESIAN_POINT ( 'NONE',  ( 1659.473003684447300, 129.7490595065949000, 2030.667931032643300 ) ) ;
#6630 = CARTESIAN_POINT ( 'NONE',  ( 1716.392782630642200, 129.4197360717872100, 2065.671649081347800 ) ) ;
#6631 = VECTOR ( 'NONE', #2510, 1000.000000000000000 ) ;
#6632 = CARTESIAN_POINT ( 'NONE',  ( 1990.839459047263300, -33.48480033194846300, 1895.000000009617200 ) ) ;
#6633 = EDGE_CURVE ( 'NONE', #6275, #7242, #1337, .T. ) ;
#6634 = LINE ( 'NONE', #6728, #3717 ) ;
#6635 = CARTESIAN_POINT ( 'NONE',  ( 1949.999999956399700, 64.99999999999676000, 1961.499999998679400 ) ) ;
#6636 = CIRCLE ( 'NONE', #5471, 6.499999999999908500 ) ;
#6637 = LINE ( 'NONE', #8334, #3283 ) ;
#6638 = DIRECTION ( 'NONE',  ( -9.115878422486879800E-011, 3.491483361109382100E-015, -1.000000000000000000 ) ) ;
#6639 = DIRECTION ( 'NONE',  ( 3.182802359415013500E-025, 3.491475051101102100E-015, -1.000000000000000000 ) ) ;
#6640 = EDGE_CURVE ( 'NONE', #209, #1619, #3300, .T. ) ;
#6641 = VECTOR ( 'NONE', #6372, 1000.000000000000000 ) ;
#6642 = AXIS2_PLACEMENT_3D ( 'NONE', #208, #998, #967 ) ;
#6643 = CARTESIAN_POINT ( 'NONE',  ( 1804.001231182377300, -104.6199664401840600, 1928.486292832227500 ) ) ;
#6644 = DIRECTION ( 'NONE',  ( 5.848099552016986600E-016, -0.9993908270190955400, -0.03489949670250391100 ) ) ;
#6645 = CARTESIAN_POINT ( 'NONE',  ( 1676.278433009699700, 129.6479196321045900, 2122.806184025812900 ) ) ;
#6646 = VERTEX_POINT ( 'NONE', #4080 ) ;
#6647 = CARTESIAN_POINT ( 'NONE',  ( 1829.160540857788400, -40.13480033194852600, 1885.500000009617900 ) ) ;
#6648 = CIRCLE ( 'NONE', #5268, 67.50000000000011400 ) ;
#6649 = DIRECTION ( 'NONE',  ( -1.676390818025142500E-016, -1.000000000000000000, -3.393948359834997300E-015 ) ) ;
#6650 = FACE_OUTER_BOUND ( 'NONE', #2891, .T. ) ;
#6651 = VECTOR ( 'NONE', #7871, 1000.000000000000000 ) ;
#6652 = DIRECTION ( 'NONE',  ( 0.0000000000000000000, -3.083952846181025600E-015, 1.000000000000000000 ) ) ;
#6653 = DIRECTION ( 'NONE',  ( -9.115924681779572100E-011, -0.0000000000000000000, -1.000000000000000000 ) ) ;
#6654 = VERTEX_POINT ( 'NONE', #5331 ) ;
#6655 = CARTESIAN_POINT ( 'NONE',  ( 1694.032694222898000, 129.5555388738135900, 2035.930093096195600 ) ) ;
#6656 = FACE_OUTER_BOUND ( 'NONE', #3483, .T. ) ;
#6657 = CARTESIAN_POINT ( 'NONE',  ( 1829.160540857791400, 26.83480033194931400, 1885.500000009618400 ) ) ;
#6658 = EDGE_CURVE ( 'NONE', #8072, #8789, #1106, .T. ) ;
#6659 = VERTEX_POINT ( 'NONE', #1947 ) ;
#6660 = ORIENTED_EDGE ( 'NONE', *, *, #4975, .T. ) ;
#6661 = CARTESIAN_POINT ( 'NONE',  ( 1994.719999397111500, -169.7500000000062000, 2369.254424353543500 ) ) ;
#6662 =( BOUNDED_SURFACE ( )  B_SPLINE_SURFACE ( 3, 3, ( 
 ( #6937, #2400, #2071, #1740 ),
 ( #2037, #1704, #1677, #1608 ),
 ( #1640, #1549, #1579, #6264 ),
 ( #6128, #1485, #1515, #1357 ),
 ( #1455, #6630, #1420, #1289 ),
 ( #4207, #1324, #3804, #995 ),
 ( #935, #4479, #875, #839 ),
 ( #673, #801, #769, #642 ),
 ( #4859, #572, #6908, #240 ),
 ( #6360, #206, #3190, #180 ),
 ( #111, #43, #3516, #7 ),
 ( #7411, #550, #7269, #4161 ),
 ( #8640, #5411, #3489, #5384 ),
 ( #4780, #1301, #1267, #3103 ),
 ( #119, #5055, #4434, #3782 ),
 ( #8260, #730, #4314, #1339 ),
 ( #34, #8795, #4930, #726 ),
 ( #5564, #1475, #6171, #2225 ),
 ( #6791, #2957, #7458, #3676 ),
 ( #8155, #4340, #8823, #4958 ),
 ( #758, #5586, #1506, #6197 ),
 ( #2260, #6814, #2987, #7493 ),
 ( #3706, #8184, #4365, #32 ),
 ( #4983, #788, #5615, #1537 ),
 ( #6224, #2291, #6842, #3021 ),
 ( #7520, #3735, #8210, #4387 ),
 ( #64, #5012, #824, #5642 ),
 ( #1570, #6254, #2324, #6866 ),
 ( #3050, #7548, #3763, #8245 ),
 ( #4415, #100, #5036, #865 ) ),
 .UNSPECIFIED., .F., .F., .F. ) 
 B_SPLINE_SURFACE_WITH_KNOTS ( ( 4, 3, 1, 1, 3, 1, 1, 3, 3, 1, 1, 3, 1, 1, 3, 4 ),
 ( 4, 4 ),
 ( 0.0000000000000000000, 0.7156312437694254400, 0.7184088244976228900, 0.7211864052258203400, 0.7239639859540176700, 0.7267414806891465700, 0.7295189754242752400, 0.7322964701594041300, 0.7489611987365169000, 0.7517386934716454600, 0.7545161882067739100, 0.7572936829419024700, 0.7600711776770310300, 0.7628486724121594800, 0.7656261671472879300, 0.8810760919205439200 ),
 ( 0.0000000000000000000, 1.000000000000000000 ),
 .UNSPECIFIED. ) 
 GEOMETRIC_REPRESENTATION_ITEM ( )  RATIONAL_B_SPLINE_SURFACE ( (
 ( 1.000000000000000000, 1.000000000000000000, 1.000000000000000000, 1.000000000000000000),
 ( 0.9990301254229312400, 0.9990301254229312400, 0.9990301254229312400, 0.9990301254229312400),
 ( 0.9990301254229312400, 0.9990301254229312400, 0.9990301254229312400, 0.9990301254229312400),
 ( 1.000000000000000000, 1.000000000000000000, 1.000000000000000000, 1.000000000000000000),
 ( 1.000000000000000000, 1.000000000000000000, 1.000000000000000000, 1.000000000000000000),
 ( 1.000000000000000000, 1.000000000000000000, 1.000000000000000000, 1.000000000000000000),
 ( 1.000000000000000000, 1.000000000000000000, 1.000000000000000000, 1.000000000000000000),
 ( 1.000000000000000000, 1.000000000000000000, 1.000000000000000000, 1.000000000000000000),
 ( 1.000000000000000000, 1.000000000000000000, 1.000000000000000000, 1.000000000000000000),
 ( 1.000000000000000000, 1.000000000000000000, 1.000000000000000000, 1.000000000000000000),
 ( 1.000000000000000000, 1.000000000000000000, 1.000000000000000000, 1.000000000000000000),
 ( 1.000000000000000000, 1.000000000000000000, 1.000000000000000000, 1.000000000000000000),
 ( 1.000000000000000000, 1.000000000000000000, 1.000000000000000000, 1.000000000000000000),
 ( 1.000000000000000000, 1.000000000000000000, 1.000000000000000000, 1.000000000000000000),
 ( 0.9999616229803441900, 0.9999616229803441900, 0.9999616229803441900, 0.9999616229803441900),
 ( 0.9999616229803441900, 0.9999616229803441900, 0.9999616229803441900, 0.9999616229803441900),
 ( 1.000000000000000000, 1.000000000000000000, 1.000000000000000000, 1.000000000000000000),
 ( 1.000000000000000000, 1.000000000000000000, 1.000000000000000000, 1.000000000000000000),
 ( 1.000000000000000000, 1.000000000000000000, 1.000000000000000000, 1.000000000000000000),
 ( 1.000000000000000000, 1.000000000000000000, 1.000000000000000000, 1.000000000000000000),
 ( 1.000000000000000000, 1.000000000000000000, 1.000000000000000000, 1.000000000000000000),
 ( 1.000000000000000000, 1.000000000000000000, 1.000000000000000000, 1.000000000000000000),
 ( 1.000000000000000000, 1.000000000000000000, 1.000000000000000000, 1.000000000000000000),
 ( 1.000000000000000000, 1.000000000000000000, 1.000000000000000000, 1.000000000000000000),
 ( 1.000000000000000000, 1.000000000000000000, 1.000000000000000000, 1.000000000000000000),
 ( 1.000000000000000000, 1.000000000000000000, 1.000000000000000000, 1.000000000000000000),
 ( 1.000000000000000000, 1.000000000000000000, 1.000000000000000000, 1.000000000000000000),
 ( 1.000000000000000000, 1.000000000000000000, 1.000000000000000000, 1.000000000000000000),
 ( 1.000000000000000000, 1.000000000000000000, 1.000000000000000000, 1.000000000000000000),
 ( 1.000000000000000000, 1.000000000000000000, 1.000000000000000000, 1.000000000000000000) ) ) 
 REPRESENTATION_ITEM ( '' )  SURFACE ( )  );
#6663 = ADVANCED_FACE ( 'NONE', ( #8246 ), #4104, .T. ) ;
#6664 = DIRECTION ( 'NONE',  ( -0.4582286514497626600, 0.2661971132841585700, -0.8480363199001046400 ) ) ;
#6665 = VECTOR ( 'NONE', #7106, 1000.000000000000200 ) ;
#6666 = CARTESIAN_POINT ( 'NONE',  ( 1924.749999947512200, -2.842582649824244000E-012, 1864.000000000980000 ) ) ;
#6667 = AXIS2_PLACEMENT_3D ( 'NONE', #7323, #3548, #8024 ) ;
#6668 = CARTESIAN_POINT ( 'NONE',  ( 1649.999999967202500, 115.4999999999966000, 2020.061399501887800 ) ) ;
#6669 = CARTESIAN_POINT ( 'NONE',  ( 1938.999999935018000, 64.99999999999670300, 1981.500000005933500 ) ) ;
#6670 = VERTEX_POINT ( 'NONE', #5355 ) ;
#6671 = ORIENTED_EDGE ( 'NONE', *, *, #3004, .F. ) ;
#6672 = EDGE_CURVE ( 'NONE', #2981, #8539, #4829, .T. ) ;
#6673 = CARTESIAN_POINT ( 'NONE',  ( 1809.034971167015600, -114.2677018714161400, 1928.236555732223000 ) ) ;
#6674 = CARTESIAN_POINT ( 'NONE',  ( 1634.999999967202700, 115.9999999999967500, 2003.500000003669800 ) ) ;
#6675 = CARTESIAN_POINT ( 'NONE',  ( 1953.749999952532100, 75.77722283113182300, 1885.500000009618400 ) ) ;
#6676 = CONICAL_SURFACE ( 'NONE', #4279, 52.20502822395323500, 0.03490658503990558300 ) ;
#6677 = CARTESIAN_POINT ( 'NONE',  ( 1964.999999967202500, -92.00000000000000000, 2230.000000026026600 ) ) ;
#6678 = ORIENTED_EDGE ( 'NONE', *, *, #7939, .T. ) ;
#6679 =( NAMED_UNIT ( * ) SI_UNIT ( $, .STERADIAN. ) SOLID_ANGLE_UNIT ( ) );
#6680 = VERTEX_POINT ( 'NONE', #7208 ) ;
#6681 = STYLED_ITEM ( 'NONE', ( #6222 ), #4244 ) ;
#6682 = CARTESIAN_POINT ( 'NONE',  ( 1994.999999967202500, -104.5000000000000000, 2326.600000026028300 ) ) ;
#6683 = CARTESIAN_POINT ( 'NONE',  ( 1672.306124375383700, 129.6458841719265000, 2005.796309312571300 ) ) ;
#6684 = DIRECTION ( 'NONE',  ( 0.8502353283813352000, 0.0000000000000000000, -0.5264027796015928700 ) ) ;
#6685 = ORIENTED_EDGE ( 'NONE', *, *, #1237, .T. ) ;
#6686 = DIRECTION ( 'NONE',  ( 0.0000000000000000000, -1.000000000000000000, 0.0000000000000000000 ) ) ;
#6687 = EDGE_CURVE ( 'NONE', #1754, #6659, #4626, .T. ) ;
#6688 = PLANE ( 'NONE',  #3394 ) ;
#6689 = EDGE_LOOP ( 'NONE', ( #4668, #1617, #5660, #7753 ) ) ;
#6690 = DIRECTION ( 'NONE',  ( 0.8618976669184040800, 0.0000000000000000000, -0.5070822534467279700 ) ) ;
#6691 = FILL_AREA_STYLE_COLOUR ( '', #2936 ) ;
#6692 = FACE_OUTER_BOUND ( 'NONE', #3198, .T. ) ;
#6693 = DIRECTION ( 'NONE',  ( 0.0000000000000000000, 1.000000000000000000, 0.0000000000000000000 ) ) ;
#6694 = ORIENTED_EDGE ( 'NONE', *, *, #6256, .T. ) ;
#6695 = DIRECTION ( 'NONE',  ( -0.0000000000000000000, -1.000000000000000000, -0.0000000000000000000 ) ) ;
#6696 = VECTOR ( 'NONE', #6819, 1000.000000000000100 ) ;
#6697 = EDGE_CURVE ( 'NONE', #1524, #1976, #6283, .T. ) ;
#6698 = DIRECTION ( 'NONE',  ( 0.1897655195080812400, -0.008620541820105139000, 0.9817915939060365400 ) ) ;
#6699 = CARTESIAN_POINT ( 'NONE',  ( 1814.225292585302700, -86.00924963875282000, 1926.496490830262500 ) ) ;
#6700 = CARTESIAN_POINT ( 'NONE',  ( 1649.999999967202500, 161.4999999999968700, 1958.000000003670000 ) ) ;
#6701 = EDGE_LOOP ( 'NONE', ( #4664, #7241, #7453, #145, #1075, #3140 ) ) ;
#6702 = AXIS2_PLACEMENT_3D ( 'NONE', #3728, #3779, #3839 ) ;
#6703 = CARTESIAN_POINT ( 'NONE',  ( 1829.160540857788400, -33.48480033194842800, 1885.500000009617900 ) ) ;
#6704 = AXIS2_PLACEMENT_3D ( 'NONE', #5532, #2926, #7428 ) ;
#6705 = ADVANCED_FACE ( 'NONE', ( #6087 ), #7601, .T. ) ;
#6706 = EDGE_CURVE ( 'NONE', #4623, #5974, #2573, .T. ) ;
#6707 = ORIENTED_EDGE ( 'NONE', *, *, #6860, .T. ) ;
#6708 = DIRECTION ( 'NONE',  ( 0.0000000000000000000, 1.000000000000000000, 3.491483361109381700E-015 ) ) ;
#6709 = CARTESIAN_POINT ( 'NONE',  ( 1724.801872398843900, 129.7810507115502200, 2104.050630749639800 ) ) ;
#6710 = UNCERTAINTY_MEASURE_WITH_UNIT (LENGTH_MEASURE( 1.000000000000000100E-005 ), #4263, 'distance_accuracy_value', 'NONE');
#6711 = VECTOR ( 'NONE', #7869, 1000.000000000000000 ) ;
#6712 = DIRECTION ( 'NONE',  ( -3.182806635077191500E-025, -3.491475051078775400E-015, 1.000000000000000000 ) ) ;
#6713 = CARTESIAN_POINT ( 'NONE',  ( 1634.999999967202700, 115.9999999999966300, 2035.000000003669600 ) ) ;
#6714 = CARTESIAN_POINT ( 'NONE',  ( 1624.347166186309300, 129.6512059131939100, 2036.816003559716600 ) ) ;
#6715 = CARTESIAN_POINT ( 'NONE',  ( 1994.719999397111500, -144.7499999999877200, 2369.254424353543500 ) ) ;
#6716 = DIRECTION ( 'NONE',  ( 3.182806635077191500E-025, 3.491475051078775400E-015, -1.000000000000000000 ) ) ;
#6717 = ORIENTED_EDGE ( 'NONE', *, *, #6189, .T. ) ;
#6718 = DIRECTION ( 'NONE',  ( 0.0000000000000000000, 1.000000000000000000, 3.491475051078775400E-015 ) ) ;
#6719 = CARTESIAN_POINT ( 'NONE',  ( 1856.999999952526000, -105.0000000000068200, 1953.800000002324200 ) ) ;
#6720 = EDGE_CURVE ( 'NONE', #7019, #3708, #880, .T. ) ;
#6721 = VECTOR ( 'NONE', #2459, 1000.000000000000000 ) ;
#6722 = CARTESIAN_POINT ( 'NONE',  ( 1813.386030545835000, 18.15681632914124000, 1928.865950013397000 ) ) ;
#6723 = ORIENTED_EDGE ( 'NONE', *, *, #4322, .T. ) ;
#6724 = ORIENTED_EDGE ( 'NONE', *, *, #6240, .F. ) ;
#6725 = CARTESIAN_POINT ( 'NONE',  ( 1847.783225187278500, -28.99999999992555300, 2146.500000008745200 ) ) ;
#6726 = VERTEX_POINT ( 'NONE', #1266 ) ;
#6727 = CARTESIAN_POINT ( 'NONE',  ( 1964.999999967202500, -91.99999999998453900, 2305.000000026026600 ) ) ;
#6728 = CARTESIAN_POINT ( 'NONE',  ( 1776.723619198440000, -3.205526784156457700E-012, 1967.433911309501400 ) ) ;
#6729 = DIRECTION ( 'NONE',  ( -3.182806635077191500E-025, 0.0000000000000000000, 1.000000000000000000 ) ) ;
#6730 = LINE ( 'NONE', #2268, #6530 ) ;
#6731 = DIRECTION ( 'NONE',  ( -3.182806635077191500E-025, -3.491475051078775400E-015, 1.000000000000000000 ) ) ;
#6732 = DIRECTION ( 'NONE',  ( -3.182806635077191500E-025, -3.491475051078775400E-015, 1.000000000000000000 ) ) ;
#6733 = FACE_OUTER_BOUND ( 'NONE', #7635, .T. ) ;
#6734 = VECTOR ( 'NONE', #1303, 1000.000000000000000 ) ;
#6735 = CARTESIAN_POINT ( 'NONE',  ( 1938.499999952526200, -97.35000000000650300, 1894.000000002324200 ) ) ;
#6736 = CARTESIAN_POINT ( 'NONE',  ( 1703.391214734884700, 129.7924483180347000, 2073.721257526265200 ) ) ;
#6737 = CARTESIAN_POINT ( 'NONE',  ( 1840.006752804323000, -101.0307890257152500, 1959.974441470332500 ) ) ;
#6738 = DIRECTION ( 'NONE',  ( -3.182802359415012600E-025, -3.491475051101101300E-015, 1.000000000000000000 ) ) ;
#6739 = CARTESIAN_POINT ( 'NONE',  ( 1893.999999948953200, 82.49999999999707300, 1895.000000003000900 ) ) ;
#6740 = CARTESIAN_POINT ( 'NONE',  ( 1953.749999952525700, -75.77722283114134400, 1885.500000009617900 ) ) ;
#6741 = EDGE_LOOP ( 'NONE', ( #37, #2023, #4137, #2504 ) ) ;
#6742 = SURFACE_SIDE_STYLE ('',( #2484 ) ) ;
#6743 = LINE ( 'NONE', #6714, #6544 ) ;
#6744 = FACE_OUTER_BOUND ( 'NONE', #7606, .T. ) ;
#6745 = VECTOR ( 'NONE', #7364, 1000.000000000000000 ) ;
#6746 = CARTESIAN_POINT ( 'NONE',  ( 1909.999999950338200, -2.952624988032386900E-012, 1894.999999998031200 ) ) ;
#6747 = EDGE_CURVE ( 'NONE', #7103, #6467, #4449, .T. ) ;
#6748 = ADVANCED_FACE ( 'NONE', ( #7816 ), #2393, .T. ) ;
#6749 = CARTESIAN_POINT ( 'NONE',  ( 1814.999999952526000, 98.39999999999336900, 1953.800000002324900 ) ) ;
#6750 = DIRECTION ( 'NONE',  ( 0.0000000000000000000, 0.0000000000000000000, 1.000000000000000000 ) ) ;
#6751 = DIRECTION ( 'NONE',  ( -9.129260701243958100E-016, -1.000000000000000000, -1.565016120213248900E-015 ) ) ;
#6752 = ORIENTED_EDGE ( 'NONE', *, *, #7234, .T. ) ;
#6753 = EDGE_CURVE ( 'NONE', #8006, #4936, #4252, .T. ) ;
#6754 = CYLINDRICAL_SURFACE ( 'NONE', #7722, 87.00000000000004300 ) ;
#6755 = CIRCLE ( 'NONE', #228, 6.499999999999908500 ) ;
#6756 = DIRECTION ( 'NONE',  ( -3.182806635077191500E-025, -3.491475051078775400E-015, 1.000000000000000000 ) ) ;
#6757 = CARTESIAN_POINT ( 'NONE',  ( 1757.203944012746400, -130.4841065303313000, 2074.559546368441300 ) ) ;
#6758 = DIRECTION ( 'NONE',  ( -0.0000000000000000000, -1.000000000000000000, -0.0000000000000000000 ) ) ;
#6759 = DIRECTION ( 'NONE',  ( 0.0000000000000000000, 0.0000000000000000000, 1.000000000000000000 ) ) ;
#6760 = ORIENTED_EDGE ( 'NONE', *, *, #8591, .T. ) ;
#6761 = EDGE_LOOP ( 'NONE', ( #4454, #1870, #3946 ) ) ;
#6762 = CARTESIAN_POINT ( 'NONE',  ( 1869.999999971988500, 0.0000000000000000000, 2081.000000008745200 ) ) ;
#6763 = CIRCLE ( 'NONE', #6300, 18.99999999999968400 ) ;
#6764 = DIRECTION ( 'NONE',  ( 0.0000000000000000000, 0.0000000000000000000, 1.000000000000000000 ) ) ;
#6765 = AXIS2_PLACEMENT_3D ( 'NONE', #5389, #4791, #1277 ) ;
#6766 = ORIENTED_EDGE ( 'NONE', *, *, #4993, .T. ) ;
#6767 = CARTESIAN_POINT ( 'NONE',  ( 1682.615014304627500, 129.7880364933058700, 2042.999075347287500 ) ) ;
#6768 = ORIENTED_EDGE ( 'NONE', *, *, #5961, .T. ) ;
#6769 = DIRECTION ( 'NONE',  ( -1.000000000000000000, 0.0000000000000000000, 9.115912537477290800E-011 ) ) ;
#6770 = CARTESIAN_POINT ( 'NONE',  ( 1858.596202042141400, -128.3947390723010600, 1928.717820201254400 ) ) ;
#6771 = B_SPLINE_CURVE_WITH_KNOTS ( 'NONE', 3,
 ( #3148, #2422, #4495, #197 ),
 .UNSPECIFIED., .F., .F.,
 ( 4, 4 ),
 ( 0.0000000000000000000, 0.008302200958767894100 ),
 .UNSPECIFIED. ) ;
#6772 = CARTESIAN_POINT ( 'NONE',  ( 1953.749999952525700, -69.12722283114125300, 1885.500000009617900 ) ) ;
#6773 = EDGE_CURVE ( 'NONE', #3956, #3437, #2622, .T. ) ;
#6774 = VECTOR ( 'NONE', #8048, 1000.000000000000200 ) ;
#6775 = PLANE ( 'NONE',  #7984 ) ;
#6776 = VERTEX_POINT ( 'NONE', #2820 ) ;
#6777 = CARTESIAN_POINT ( 'NONE',  ( 1776.354176725220700, 12.44296476917351600, 1967.662642742215900 ) ) ;
#6778 = VERTEX_POINT ( 'NONE', #3554 ) ;
#6779 = CARTESIAN_POINT ( 'NONE',  ( 1972.216774745125100, -29.00000000000387200, 2146.500000008745200 ) ) ;
#6780 = CARTESIAN_POINT ( 'NONE',  ( 1972.216774733690700, 28.99999999979222000, 2146.500000008745200 ) ) ;
#6781 = AXIS2_PLACEMENT_3D ( 'NONE', #3916, #8393, #4551 ) ;
#6782 = EDGE_CURVE ( 'NONE', #8203, #3630, #400, .T. ) ;
#6783 = CARTESIAN_POINT ( 'NONE',  ( 1953.021549052188200, 65.61366749183028400, 1954.790330793888600 ) ) ;
#6784 = ORIENTED_EDGE ( 'NONE', *, *, #8320, .T. ) ;
#6786 = EDGE_LOOP ( 'NONE', ( #3055, #8440, #6846, #4343 ) ) ;
#6785 = DIRECTION ( 'NONE',  ( 0.0000000000000000000, -1.000000000000000000, 0.0000000000000000000 ) ) ;
#6787 = DIRECTION ( 'NONE',  ( 0.0000000000000000000, -3.344045254895060600E-015, 1.000000000000000000 ) ) ;
#6788 = CYLINDRICAL_SURFACE ( 'NONE', #2275, 14.99999999999968000 ) ;
#6789 = DIRECTION ( 'NONE',  ( 0.0000000000000000000, 3.491483361119837200E-015, -1.000000000000000000 ) ) ;
#6790 = PLANE ( 'NONE',  #3842 ) ;
#6791 = CARTESIAN_POINT ( 'NONE',  ( 1723.850208613446500, 129.7884175696284200, 2104.639830521934100 ) ) ;
#6792 = ADVANCED_FACE ( 'NONE', ( #5893 ), #3843, .T. ) ;
#6793 = CARTESIAN_POINT ( 'NONE',  ( 1839.999999964832300, 91.77999999999640600, 2054.000000008706100 ) ) ;
#6794 = ORIENTED_EDGE ( 'NONE', *, *, #4861, .T. ) ;
#6795 = AXIS2_PLACEMENT_3D ( 'NONE', #4731, #488, #5359 ) ;
#6796 = DIRECTION ( 'NONE',  ( 1.000000000000000000, -1.111268995878000300E-039, 3.182806635077191500E-025 ) ) ;
#6797 = CARTESIAN_POINT ( 'NONE',  ( 1660.887134311403800, 129.7803158000293400, 2012.866102708907400 ) ) ;
#6798 = LINE ( 'NONE', #3313, #6588 ) ;
#6799 = DIRECTION ( 'NONE',  ( -1.000000000000000000, -0.0000000000000000000, -0.0000000000000000000 ) ) ;
#6800 = EDGE_CURVE ( 'NONE', #5354, #6646, #5513, .T. ) ;
#6801 = CARTESIAN_POINT ( 'NONE',  ( 1649.999999967202500, 290.0683055939595600, 2080.000000026027900 ) ) ;
#6802 = ORIENTED_EDGE ( 'NONE', *, *, #8253, .F. ) ;
#6803 = FACE_BOUND ( 'NONE', #4250, .T. ) ;
#6804 = DIRECTION ( 'NONE',  ( 3.182806635077191500E-025, 3.491475051078775400E-015, -1.000000000000000000 ) ) ;
#6805 = EDGE_LOOP ( 'NONE', ( #6620, #7451 ) ) ;
#6806 = CARTESIAN_POINT ( 'NONE',  ( 1974.999999935018000, 44.99999999999671000, 1726.941558769242200 ) ) ;
#6807 = LINE ( 'NONE', #2178, #1514 ) ;
#6808 = CARTESIAN_POINT ( 'NONE',  ( 1964.999999967202500, -103.8163690510032200, 2275.000000026027000 ) ) ;
#6809 = AXIS2_PLACEMENT_3D ( 'NONE', #5396, #8273, #3790 ) ;
#6810 = EDGE_LOOP ( 'NONE', ( #256, #813, #2373, #8531 ) ) ;
#6811 = CARTESIAN_POINT ( 'NONE',  ( 1990.839459047266200, 33.48480033193579400, 1895.000000009617700 ) ) ;
#6812 = VERTEX_POINT ( 'NONE', #4216 ) ;
#6813 = CARTESIAN_POINT ( 'NONE',  ( 1947.167961133805600, -113.5427552633168600, 2384.948033998655300 ) ) ;
#6814 = CARTESIAN_POINT ( 'NONE',  ( 1702.439535171917700, 129.7891394494875200, 2074.310467066863600 ) ) ;
#6815 = UNCERTAINTY_MEASURE_WITH_UNIT (LENGTH_MEASURE( 1.000000000000000100E-005 ), #613, 'distance_accuracy_value', 'NONE');
#6816 = FACE_OUTER_BOUND ( 'NONE', #1713, .T. ) ;
#6817 = EDGE_CURVE ( 'NONE', #882, #6352, #716, .T. ) ;
#6818 = ORIENTED_EDGE ( 'NONE', *, *, #7599, .T. ) ;
#6819 = DIRECTION ( 'NONE',  ( 0.05230416184155620200, -0.9980228613759404300, 0.03485172628482887500 ) ) ;
#6820 = CARTESIAN_POINT ( 'NONE',  ( 1679.534079859370400, 129.6416757245108600, 2132.077097098165300 ) ) ;
#6821 = ORIENTED_EDGE ( 'NONE', *, *, #7093, .F. ) ;
#6822 = CARTESIAN_POINT ( 'NONE',  ( 1909.999999947512200, -2.844389003852989100E-012, 1864.000000002325400 ) ) ;
#6823 = DIRECTION ( 'NONE',  ( 0.7071067811973709100, -0.7071067811757242300, -4.726805867842504800E-015 ) ) ;
#6824 = CIRCLE ( 'NONE', #6402, 6.650000000000266800 ) ;
#6825 = AXIS2_PLACEMENT_3D ( 'NONE', #1131, #336, #369 ) ;
#6826 = CARTESIAN_POINT ( 'NONE',  ( 1773.431134166637100, 79.99999999999666000, 2067.473392730255500 ) ) ;
#6827 = UNCERTAINTY_MEASURE_WITH_UNIT (LENGTH_MEASURE( 1.000000000000000100E-005 ), #8353, 'distance_accuracy_value', 'NONE');
#6828 = PLANE ( 'NONE',  #5760 ) ;
#6829 = ADVANCED_FACE ( 'NONE', ( #7163 ), #7390, .T. ) ;
#6830 = DIRECTION ( 'NONE',  ( 0.0000000000000000000, 1.000000000000000000, 0.0000000000000000000 ) ) ;
#6831 = EDGE_CURVE ( 'NONE', #8266, #4936, #2154, .T. ) ;
#6832 = CARTESIAN_POINT ( 'NONE',  ( 1945.501387076375100, -130.4601790496100500, 2370.263855369039900 ) ) ;
#6833 = DIRECTION ( 'NONE',  ( -1.000000000000000000, 0.0000000000000000000, 9.116624592718548600E-011 ) ) ;
#6834 = ORIENTED_EDGE ( 'NONE', *, *, #2633, .T. ) ;
#6835 = CIRCLE ( 'NONE', #2287, 6.650000000000211700 ) ;
#6836 = ORIENTED_EDGE ( 'NONE', *, *, #860, .F. ) ;
#6837 = LINE ( 'NONE', #4220, #5198 ) ;
#6838 = CARTESIAN_POINT ( 'NONE',  ( 1975.696528567911600, -43.02448021463502000, 1953.209190428921800 ) ) ;
#6839 = CYLINDRICAL_SURFACE ( 'NONE', #1230, 6.650000000000093600 ) ;
#6840 = LINE ( 'NONE', #1621, #1556 ) ;
#6841 = DIRECTION ( 'NONE',  ( -9.139056720629008700E-011, 0.05233595624293107400, -0.9986295347545745000 ) ) ;
#6842 = CARTESIAN_POINT ( 'NONE',  ( 1681.028881699683800, 129.7825217123937900, 2043.981091248284000 ) ) ;
#6843 = DIRECTION ( 'NONE',  ( 0.0000000000000000000, -0.9662349396012464000, 0.2576626505603317200 ) ) ;
#6844 = EDGE_CURVE ( 'NONE', #6323, #2093, #4047, .T. ) ;
#6845 = CARTESIAN_POINT ( 'NONE',  ( 1869.999999971395700, 51.21677477664437100, 2081.000000008745200 ) ) ;
#6846 = ORIENTED_EDGE ( 'NONE', *, *, #5026, .T. ) ;
#6847 = FACE_OUTER_BOUND ( 'NONE', #2424, .T. ) ;
#6848 = LINE ( 'NONE', #5155, #8444 ) ;
#6849 = VECTOR ( 'NONE', #7146, 1000.000000000000000 ) ;
#6850 = CARTESIAN_POINT ( 'NONE',  ( 1922.499999947512600, 83.50000000000289900, 2.579175931710529400E-013 ) ) ;
#6851 = DIRECTION ( 'NONE',  ( 0.8503131561502405000, 0.002956146920498196500, -0.5262687504243446200 ) ) ;
#6852 = DIRECTION ( 'NONE',  ( -3.182806635077192000E-025, -3.491475051078775400E-015, 1.000000000000000000 ) ) ;
#6853 = ORIENTED_EDGE ( 'NONE', *, *, #74, .F. ) ;
#6854 = ORIENTED_EDGE ( 'NONE', *, *, #6459, .T. ) ;
#6855 = CARTESIAN_POINT ( 'NONE',  ( 1952.999999956400900, -43.00000000000307700, 1961.499999999239200 ) ) ;
#6856 = EDGE_CURVE ( 'NONE', #4572, #5029, #170, .T. ) ;
#6857 = VECTOR ( 'NONE', #6508, 1000.000000000000000 ) ;
#6858 = CARTESIAN_POINT ( 'NONE',  ( 1952.073215506392400, -130.3489605794030100, 2344.650420053704700 ) ) ;
#6859 = ORIENTED_EDGE ( 'NONE', *, *, #7131, .T. ) ;
#6860 = EDGE_CURVE ( 'NONE', #6868, #2930, #1913, .T. ) ;
#6861 = ORIENTED_EDGE ( 'NONE', *, *, #6622, .F. ) ;
#6862 = DIRECTION ( 'NONE',  ( 0.0000000000000000000, -1.000000000000000000, 0.0000000000000000000 ) ) ;
#6863 = DIRECTION ( 'NONE',  ( 1.000000000000000000, 0.0000000000000000000, 0.0000000000000000000 ) ) ;
#6864 = FACE_OUTER_BOUND ( 'NONE', #1054, .T. ) ;
#6865 = ORIENTED_EDGE ( 'NONE', *, *, #1335, .T. ) ;
#6866 = CARTESIAN_POINT ( 'NONE',  ( 1647.384004133765500, 129.7333671374015600, 2021.226241392350900 ) ) ;
#6867 = ADVANCED_FACE ( 'NONE', ( #3625 ), #6754, .T. ) ;
#6868 = VERTEX_POINT ( 'NONE', #6779 ) ;
#6869 = DIRECTION ( 'NONE',  ( -9.115878422486879800E-011, 3.491483361109382100E-015, -1.000000000000000000 ) ) ;
#6870 = FACE_OUTER_BOUND ( 'NONE', #4584, .T. ) ;
#6871 = AXIS2_PLACEMENT_3D ( 'NONE', #2380, #6297, #8173 ) ;
#6872 = AXIS2_PLACEMENT_3D ( 'NONE', #4614, #1849, #6477 ) ;
#6873 = DIRECTION ( 'NONE',  ( -0.0000000000000000000, -1.000000000000000000, -3.491475051078775400E-015 ) ) ;
#6874 = ORIENTED_EDGE ( 'NONE', *, *, #2295, .F. ) ;
#6875 = CARTESIAN_POINT ( 'NONE',  ( 1949.999999971988500, 76.99999999999634800, 2081.000000008745200 ) ) ;
#6876 = ORIENTED_EDGE ( 'NONE', *, *, #4613, .F. ) ;
#6877 = CARTESIAN_POINT ( 'NONE',  ( 1964.999999967202500, -104.0780155995548700, 2305.000000026026600 ) ) ;
#6878 = CARTESIAN_POINT ( 'NONE',  ( 1914.999999967202300, -102.7545546920174900, 2155.000000026027000 ) ) ;
#6879 = DIRECTION ( 'NONE',  ( -1.200881365871955200E-015, -1.000000000000000000, -5.070387989237146600E-015 ) ) ;
#6880 = EDGE_LOOP ( 'NONE', ( #7209, #1637 ) ) ;
#6881 = EDGE_CURVE ( 'NONE', #5869, #8317, #2153, .T. ) ;
#6882 = DIRECTION ( 'NONE',  ( -3.182806635077191500E-025, -3.491475051078775400E-015, 1.000000000000000000 ) ) ;
#6883 = FACE_OUTER_BOUND ( 'NONE', #2830, .T. ) ;
#6884 = CARTESIAN_POINT ( 'NONE',  ( 1953.749999952525700, -82.42722283114142100, 1885.500000009617900 ) ) ;
#6885 = ORIENTED_EDGE ( 'NONE', *, *, #1918, .T. ) ;
#6886 = ORIENTED_EDGE ( 'NONE', *, *, #6881, .T. ) ;
#6887 = CARTESIAN_POINT ( 'NONE',  ( 1972.814178565333600, -130.1138929491453400, 2325.148406682507400 ) ) ;
#6888 = AXIS2_PLACEMENT_3D ( 'NONE', #6427, #2548, #7063 ) ;
#6889 = LINE ( 'NONE', #4804, #317 ) ;
#6890 = EDGE_CURVE ( 'NONE', #4094, #8421, #5708, .T. ) ;
#6891 = DIRECTION ( 'NONE',  ( -0.8502353283813352000, -0.0000000000000000000, 0.5264027796015928700 ) ) ;
#6892 = ORIENTED_EDGE ( 'NONE', *, *, #1707, .T. ) ;
#6893 = CARTESIAN_POINT ( 'NONE',  ( 1974.999999958223500, 28.99999999999632300, 1981.499999997333400 ) ) ;
#6894 = DIRECTION ( 'NONE',  ( 3.182806635077191500E-025, 3.491475051078775400E-015, -1.000000000000000000 ) ) ;
#6895 = DIRECTION ( 'NONE',  ( 3.182802359415012600E-025, 3.491475051101101300E-015, -1.000000000000000000 ) ) ;
#6896 = LINE ( 'NONE', #4316, #5658 ) ;
#6897 = CARTESIAN_POINT ( 'NONE',  ( 1990.839459047263300, -26.83480033194833700, 1885.500000009617900 ) ) ;
#6898 = CARTESIAN_POINT ( 'NONE',  ( 2027.799118045247300, -122.8106266615148700, 2282.192355860911400 ) ) ;
#6899 = DIRECTION ( 'NONE',  ( -1.000000000000000000, 0.0000000000000000000, 9.115982822406393400E-011 ) ) ;
#6900 = ORIENTED_EDGE ( 'NONE', *, *, #6633, .F. ) ;
#6901 = DIRECTION ( 'NONE',  ( -9.115924681779572100E-011, 3.546085137301702500E-015, -1.000000000000000000 ) ) ;
#6902 = CARTESIAN_POINT ( 'NONE',  ( 1829.160540857788400, -33.48480033194846300, 1895.000000009617200 ) ) ;
#6903 = CARTESIAN_POINT ( 'NONE',  ( 1994.999999967202500, -92.00000000000000000, 2330.000000026027900 ) ) ;
#6904 = FACE_OUTER_BOUND ( 'NONE', #5420, .T. ) ;
#6905 = CARTESIAN_POINT ( 'NONE',  ( 2015.380567941822400, -11.36432341935628700, 1953.695444997120400 ) ) ;
#6906 = CARTESIAN_POINT ( 'NONE',  ( 2019.999999967202700, -104.4218247664540200, 2342.500000026028400 ) ) ;
#6907 = EDGE_CURVE ( 'NONE', #2110, #821, #1682, .T. ) ;
#6908 = CARTESIAN_POINT ( 'NONE',  ( 1694.349668841634000, 129.5406321417194100, 2035.733845875224900 ) ) ;
#6909 = CARTESIAN_POINT ( 'NONE',  ( 1359.416666623055300, -2.959895317522259100E-012, 1961.500000055218600 ) ) ;
#6910 = VERTEX_POINT ( 'NONE', #2976 ) ;
#6911 = EDGE_CURVE ( 'NONE', #3900, #8637, #6553, .T. ) ;
#6912 = VERTEX_POINT ( 'NONE', #3694 ) ;
#6913 = DIRECTION ( 'NONE',  ( 0.9119215051751044000, 0.4103646773288023900, -0.0000000000000000000 ) ) ;
#6914 = STYLED_ITEM ( 'NONE', ( #8787 ), #5379 ) ;
#6915 = ADVANCED_FACE ( 'NONE', ( #8350 ), #2245, .T. ) ;
#6916 = CIRCLE ( 'NONE', #5234, 3.400000000000138900 ) ;
#6917 = ORIENTED_EDGE ( 'NONE', *, *, #905, .T. ) ;
#6918 = CARTESIAN_POINT ( 'NONE',  ( 1964.999999967202500, -104.5000000000000000, 2333.400000026028000 ) ) ;
#6919 =( BOUNDED_CURVE ( )  B_SPLINE_CURVE ( 3, ( #6263, #6878, #3063, #7556 ),
 .UNSPECIFIED., .F., .F. ) 
 B_SPLINE_CURVE_WITH_KNOTS ( ( 4, 4 ),
 ( 0.03490658513103195300, 3.176499238720825100 ),
 .UNSPECIFIED. ) 
 CURVE ( )  GEOMETRIC_REPRESENTATION_ITEM ( )  RATIONAL_B_SPLINE_CURVE ( ( 1.000000000000000000, 0.3333333333333333700, 0.3333333333333333700, 1.000000000000000000 ) ) 
 REPRESENTATION_ITEM ( '' )  );
#6920 = DIRECTION ( 'NONE',  ( -9.115936927843110400E-011, 3.491483361109382100E-015, -1.000000000000000000 ) ) ;
#6921 = FACE_OUTER_BOUND ( 'NONE', #76, .T. ) ;
#6922 = ORIENTED_EDGE ( 'NONE', *, *, #1270, .F. ) ;
#6923 = AXIS2_PLACEMENT_3D ( 'NONE', #75, #5595, #8105 ) ;
#6924 = CARTESIAN_POINT ( 'NONE',  ( 1641.999999967202500, 119.4999999999965800, 2035.000000003669600 ) ) ;
#6925 = DIRECTION ( 'NONE',  ( -0.0000000000000000000, -1.000000000000000000, -0.0000000000000000000 ) ) ;
#6926 = AXIS2_PLACEMENT_3D ( 'NONE', #2524, #7041, #1771 ) ;
#6927 = ORIENTED_EDGE ( 'NONE', *, *, #4072, .T. ) ;
#6928 = CARTESIAN_POINT ( 'NONE',  ( 0.0000000000000000000, 82.49999999999712900, 1871.300000002325300 ) ) ;
#6929 = DIRECTION ( 'NONE',  ( 0.0000000000000000000, 1.000000000000000000, 0.0000000000000000000 ) ) ;
#6930 = EDGE_CURVE ( 'NONE', #6391, #4769, #1728, .T. ) ;
#6931 = VECTOR ( 'NONE', #4321, 1000.000000000000000 ) ;
#6932 = CARTESIAN_POINT ( 'NONE',  ( 1960.110929330215900, -114.3000000000065900, 1894.000000002324200 ) ) ;
#6933 = CARTESIAN_POINT ( 'NONE',  ( 1810.257637031040500, 104.9339193191655100, 1927.133043364562400 ) ) ;
#6934 = ADVANCED_FACE ( 'NONE', ( #3180 ), #5453, .F. ) ;
#6935 = CARTESIAN_POINT ( 'NONE',  ( 1959.716035694014200, -90.86382830541573700, 1943.265338541140900 ) ) ;
#6936 = CARTESIAN_POINT ( 'NONE',  ( 1953.017406469836900, 65.49645843037338000, 1957.026887225054000 ) ) ;
#6937 = CARTESIAN_POINT ( 'NONE',  ( 1980.312149095045700, 101.9999999999968600, 1945.857580684647900 ) ) ;
#6938 = VERTEX_POINT ( 'NONE', #8172 ) ;
#6939 = ORIENTED_EDGE ( 'NONE', *, *, #5337, .F. ) ;
#6940 = LINE ( 'NONE', #2031, #8532 ) ;
#6941 = LINE ( 'NONE', #6669, #5296 ) ;
#6942 = CONICAL_SURFACE ( 'NONE', #3279, 22.69914883178225700, 0.05235987755988465200 ) ;
#6943 = DIRECTION ( 'NONE',  ( -0.0000000000000000000, 1.000000000000000000, 3.491483361109382500E-015 ) ) ;
#6944 = EDGE_CURVE ( 'NONE', #5370, #4843, #1255, .T. ) ;
#6945 = CARTESIAN_POINT ( 'NONE',  ( 1866.999999956400400, 42.99999999999683100, 1961.499999965759800 ) ) ;
#6946 = ORIENTED_EDGE ( 'NONE', *, *, #4000, .T. ) ;
#6947 = DIRECTION ( 'NONE',  ( -0.0000000000000000000, 1.000000000000000000, 3.491483361109382100E-015 ) ) ;
#6948 = VERTEX_POINT ( 'NONE', #1354 ) ;
#6949 = FACE_OUTER_BOUND ( 'NONE', #6701, .T. ) ;
#6950 = DIRECTION ( 'NONE',  ( 0.8618976669184041900, 0.0000000000000000000, -0.5070822534467279700 ) ) ;
#6951 = FACE_BOUND ( 'NONE', #2345, .T. ) ;
#6952 = DIRECTION ( 'NONE',  ( -1.196245788188485300E-015, 1.000000000000000000, 9.835798702883013300E-015 ) ) ;
#6953 = FACE_OUTER_BOUND ( 'NONE', #6287, .T. ) ;
#6954 = ORIENTED_EDGE ( 'NONE', *, *, #942, .T. ) ;
#6955 = DIRECTION ( 'NONE',  ( -9.115812125271456600E-011, 2.156822932750847600E-015, -1.000000000000000000 ) ) ;
#6956 = CARTESIAN_POINT ( 'NONE',  ( 1949.999999956399700, -40.00000000000318300, 1961.499999998679200 ) ) ;
#6957 = CARTESIAN_POINT ( 'NONE',  ( 1814.225292585172200, 105.9726855643829700, 1927.038778919595200 ) ) ;
#6958 = EDGE_LOOP ( 'NONE', ( #6577, #3445, #7406, #7634 ) ) ;
#6959 = ADVANCED_FACE ( 'NONE', ( #4923 ), #2950, .T. ) ;
#6960 = EDGE_CURVE ( 'NONE', #1494, #6114, #4721, .T. ) ;
#6961 = DIRECTION ( 'NONE',  ( 0.0000000000000000000, 0.05233595624294046900, 0.9986295347545741700 ) ) ;
#6962 = ORIENTED_EDGE ( 'NONE', *, *, #2079, .F. ) ;
#6963 = CARTESIAN_POINT ( 'NONE',  ( 1954.999999933194700, 44.99999999999764100, 1706.941558771065500 ) ) ;
#6964 = VERTEX_POINT ( 'NONE', #4266 ) ;
#6965 = CARTESIAN_POINT ( 'NONE',  ( 1803.969498420549600, 95.02830628419157200, 1927.466236969871900 ) ) ;
#6966 = CARTESIAN_POINT ( 'NONE',  ( 2012.628254555740300, 14.94258534368821000, 1941.417603137961800 ) ) ;
#6967 = CARTESIAN_POINT ( 'NONE',  ( 1627.685757211045900, 119.4999999999965800, 2035.000000003669600 ) ) ;
#6968 = FACE_OUTER_BOUND ( 'NONE', #2997, .T. ) ;
#6969 = CARTESIAN_POINT ( 'NONE',  ( 1938.999999966680000, 62.21677476371492300, 1981.500000002324900 ) ) ;
#6970 = ORIENTED_EDGE ( 'NONE', *, *, #4246, .F. ) ;
#6971 = ORIENTED_EDGE ( 'NONE', *, *, #8797, .F. ) ;
#6972 = B_SPLINE_CURVE_WITH_KNOTS ( 'NONE', 3,
 ( #5591, #6233, #3027, #7527 ),
 .UNSPECIFIED., .F., .F.,
 ( 4, 4 ),
 ( 0.0000000000000000000, 1.000000000000000000 ),
 .UNSPECIFIED. ) ;
#6973 = PLANE ( 'NONE',  #4350 ) ;
#6974 = FACE_OUTER_BOUND ( 'NONE', #8122, .T. ) ;
#6975 = AXIS2_PLACEMENT_3D ( 'NONE', #1555, #1573, #1540 ) ;
#6976 = AXIS2_PLACEMENT_3D ( 'NONE', #5094, #3177, #7668 ) ;
#6977 = CARTESIAN_POINT ( 'NONE',  ( 1791.172187155102400, 120.5994169556690300, 1933.169327509209600 ) ) ;
#6978 = ADVANCED_FACE ( 'NONE', ( #6368 ), #6176, .F. ) ;
#6979 = ORIENTED_EDGE ( 'NONE', *, *, #6365, .T. ) ;
#6980 = EDGE_LOOP ( 'NONE', ( #1279, #1295, #8327, #8113, #4400, #8303, #6594, #8690 ) ) ;
#6981 = EDGE_CURVE ( 'NONE', #1873, #568, #8290, .T. ) ;
#6982 = CARTESIAN_POINT ( 'NONE',  ( 1866.983996593771700, -65.45650082226619300, 1957.789336612169800 ) ) ;
#6983 = CARTESIAN_POINT ( 'NONE',  ( 1879.256096336312100, 112.8430265422274300, 1935.509116647622200 ) ) ;
#6984 = PLANE ( 'NONE',  #1720 ) ;
#6985 = ORIENTED_EDGE ( 'NONE', *, *, #5274, .F. ) ;
#6986 = EDGE_LOOP ( 'NONE', ( #2729, #7819, #8671, #534 ) ) ;
#6987 = AXIS2_PLACEMENT_3D ( 'NONE', #838, #874, #5674 ) ;
#6988 = DIRECTION ( 'NONE',  ( -9.115912537477290800E-011, 3.546085137301702900E-015, -1.000000000000000000 ) ) ;
#6989 = CARTESIAN_POINT ( 'NONE',  ( 1884.999999947512200, 113.9999999999969200, 1945.500000004472000 ) ) ;
#6990 = CIRCLE ( 'NONE', #2577, 617.3453722296183100 ) ;
#6991 = CARTESIAN_POINT ( 'NONE',  ( 1960.540867213659300, -87.95574055944443600, 1930.862580029144500 ) ) ;
#6992 = CARTESIAN_POINT ( 'NONE',  ( 1649.999999967202500, -86.00924963875323200, 2080.000000026025600 ) ) ;
#6993 = EDGE_CURVE ( 'NONE', #4678, #1569, #6226, .T. ) ;
#6994 = ORIENTED_EDGE ( 'NONE', *, *, #164, .T. ) ;
#6995 = CARTESIAN_POINT ( 'NONE',  ( 1994.999999967201800, -103.3022128526733200, 2215.000000026027000 ) ) ;
#6996 = LINE ( 'NONE', #1017, #3665 ) ;
#6997 = CARTESIAN_POINT ( 'NONE',  ( 1941.062146874216500, -97.07719403506428100, 2336.822764372158400 ) ) ;
#6998 = ADVANCED_FACE ( 'NONE', ( #8550 ), #7706, .F. ) ;
#6999 = VERTEX_POINT ( 'NONE', #8801 ) ;
#7000 = AXIS2_PLACEMENT_3D ( 'NONE', #2339, #8257, #4433 ) ;
#7001 = CARTESIAN_POINT ( 'NONE',  ( 1974.999999958223500, -29.00000000000239500, 1981.500000000568900 ) ) ;
#7002 = VECTOR ( 'NONE', #7315, 999.9999999999998900 ) ;
#7003 = CARTESIAN_POINT ( 'NONE',  ( 1915.388218630202600, -90.66203889639709200, 1889.000000002324400 ) ) ;
#7004 = EDGE_LOOP ( 'NONE', ( #4833, #3168 ) ) ;
#7005 = ORIENTED_EDGE ( 'NONE', *, *, #8471, .T. ) ;
#7006 = CARTESIAN_POINT ( 'NONE',  ( 1668.628479950467200, -130.5566736185590200, 2033.810677105448600 ) ) ;
#7007 =( NAMED_UNIT ( * ) SI_UNIT ( $, .STERADIAN. ) SOLID_ANGLE_UNIT ( ) );
#7008 = CARTESIAN_POINT ( 'NONE',  ( 1873.503038833795700, 113.9859729522147900, 1944.704236473104200 ) ) ;
#7009 = CARTESIAN_POINT ( 'NONE',  ( 1884.999999967202500, -102.4837712446355900, 2125.000000026026100 ) ) ;
#7010 = CARTESIAN_POINT ( 'NONE',  ( 1959.601584756789400, -114.8885752623746300, 1929.358157734189500 ) ) ;
#7011 = EDGE_LOOP ( 'NONE', ( #4333, #3593, #3673, #1144 ) ) ;
#7012 = CARTESIAN_POINT ( 'NONE',  ( 1994.999999967202500, -92.00000000000000000, 2330.000000026027900 ) ) ;
#7013 = CARTESIAN_POINT ( 'NONE',  ( 2003.521741958620900, 39.39319325609237400, 1929.361654805770100 ) ) ;
#7014 = EDGE_CURVE ( 'NONE', #3365, #8419, #2717, .T. ) ;
#7015 = DIRECTION ( 'NONE',  ( -1.000000000000000000, 0.0000000000000000000, 9.117021965100485300E-011 ) ) ;
#7016 = CYLINDRICAL_SURFACE ( 'NONE', #5390, 80.00000000000007100 ) ;
#7017 = ORIENTED_EDGE ( 'NONE', *, *, #8508, .F. ) ;
#7018 = EDGE_CURVE ( 'NONE', #4768, #8820, #6366, .T. ) ;
#7019 = VERTEX_POINT ( 'NONE', #4937 ) ;
#7020 = CARTESIAN_POINT ( 'NONE',  ( 1843.519327749336100, 28.69851051938149300, 1957.324341178266400 ) ) ;
#7021 = ORIENTED_EDGE ( 'NONE', *, *, #525, .T. ) ;
#7022 = B_SPLINE_CURVE_WITH_KNOTS ( 'NONE', 3,
 ( #6154, #2203, #6770, #2937 ),
 .UNSPECIFIED., .F., .F.,
 ( 4, 4 ),
 ( 0.0000000000000000000, 0.1331266628528931200 ),
 .UNSPECIFIED. ) ;
#7023 = VECTOR ( 'NONE', #3898, 1000.000000000000000 ) ;
#7024 = CARTESIAN_POINT ( 'NONE',  ( 1975.262036965166800, 43.00916694718593900, 1961.500000002004500 ) ) ;
#7025 = ORIENTED_EDGE ( 'NONE', *, *, #8446, .F. ) ;
#7026 = ORIENTED_EDGE ( 'NONE', *, *, #5526, .F. ) ;
#7027 = ORIENTED_EDGE ( 'NONE', *, *, #2274, .F. ) ;
#7028 = AXIS2_PLACEMENT_3D ( 'NONE', #1241, #5978, #1986 ) ;
#7029 = CARTESIAN_POINT ( 'NONE',  ( 1692.011353071246700, -130.5627599920447600, 2053.250714774060700 ) ) ;
#7030 = CARTESIAN_POINT ( 'NONE',  ( 1960.110929330215900, -114.3000000000067200, 1931.993358385436700 ) ) ;
#7031 = AXIS2_PLACEMENT_3D ( 'NONE', #7575, #888, #5684 ) ;
#7032 = CARTESIAN_POINT ( 'NONE',  ( 1877.122473717793400, 114.1883851680303100, 1953.886838322476500 ) ) ;
#7033 = CARTESIAN_POINT ( 'NONE',  ( 1844.543474161586800, -43.01600424201769400, 1957.788860104165500 ) ) ;
#7034 = ADVANCED_FACE ( 'NONE', ( #4534 ), #3682, .T. ) ;
#7035 = EDGE_CURVE ( 'NONE', #2631, #2955, #4347, .T. ) ;
#7036 = VERTEX_POINT ( 'NONE', #1513 ) ;
#7037 = LINE ( 'NONE', #7584, #23 ) ;
#7038 = VERTEX_POINT ( 'NONE', #6203 ) ;
#7039 = EDGE_LOOP ( 'NONE', ( #3044, #2372, #2665, #835 ) ) ;
#7040 = VECTOR ( 'NONE', #3825, 1000.000000000000100 ) ;
#7041 = DIRECTION ( 'NONE',  ( -0.0000000000000000000, -1.000000000000000000, -3.491483361109382500E-015 ) ) ;
#7042 = VERTEX_POINT ( 'NONE', #3713 ) ;
#7043 = CIRCLE ( 'NONE', #3915, 20.00000000000001800 ) ;
#7044 = CARTESIAN_POINT ( 'NONE',  ( 1967.426396602251800, -81.41325264239678500, 1918.248177283219500 ) ) ;
#7045 = CARTESIAN_POINT ( 'NONE',  ( 1649.999999967202500, 147.9999999999963300, 2080.000000026027900 ) ) ;
#7046 = ORIENTED_EDGE ( 'NONE', *, *, #7529, .T. ) ;
#7047 = ORIENTED_EDGE ( 'NONE', *, *, #8722, .F. ) ;
#7048 = AXIS2_PLACEMENT_3D ( 'NONE', #4847, #6056, #1372 ) ;
#7049 = FACE_OUTER_BOUND ( 'NONE', #4105, .T. ) ;
#7050 = CARTESIAN_POINT ( 'NONE',  ( 1884.999999947512200, 109.4999999999969300, 1934.000000004471800 ) ) ;
#7051 = EDGE_CURVE ( 'NONE', #1068, #556, #1220, .T. ) ;
#7052 = CARTESIAN_POINT ( 'NONE',  ( 1994.658456236475800, 62.77549469649714100, 1953.237166361184600 ) ) ;
#7053 = VECTOR ( 'NONE', #2496, 1000.000000000000000 ) ;
#7054 = LINE ( 'NONE', #3994, #5406 ) ;
#7055 = DIRECTION ( 'NONE',  ( 0.0000000000000000000, -1.000000000000000000, -3.491475051101101300E-015 ) ) ;
#7056 = VERTEX_POINT ( 'NONE', #39 ) ;
#7057 = ORIENTED_EDGE ( 'NONE', *, *, #8050, .F. ) ;
#7058 = CARTESIAN_POINT ( 'NONE',  ( 1814.999999952526000, -105.0000000000067400, 1931.300000002324200 ) ) ;
#7059 = FACE_OUTER_BOUND ( 'NONE', #5457, .T. ) ;
#7060 = CARTESIAN_POINT ( 'NONE',  ( 1913.049219923466400, -130.5606791387907000, 2416.533987996258500 ) ) ;
#7061 = CARTESIAN_POINT ( 'NONE',  ( 1866.249999952532300, 75.77722283113902800, 1895.000000009617700 ) ) ;
#7062 = CARTESIAN_POINT ( 'NONE',  ( 1699.706387246473700, -130.5568996073148800, 2083.326667030045000 ) ) ;
#7063 = DIRECTION ( 'NONE',  ( 0.0000000000000000000, 0.0000000000000000000, 1.000000000000000000 ) ) ;
#7064 = VERTEX_POINT ( 'NONE', #765 ) ;
#7065 = DIRECTION ( 'NONE',  ( -0.8618976669184039700, -0.0000000000000000000, 0.5070822534467280800 ) ) ;
#7066 = ORIENTED_EDGE ( 'NONE', *, *, #1678, .F. ) ;
#7067 = EDGE_CURVE ( 'NONE', #8229, #6016, #6972, .T. ) ;
#7068 = LINE ( 'NONE', #8218, #3746 ) ;
#7069 = CARTESIAN_POINT ( 'NONE',  ( 1649.999999967202500, 129.7312263865719300, 2026.827234229553400 ) ) ;
#7070 = CARTESIAN_POINT ( 'NONE',  ( 1964.999999967202500, -500000.0000000000600, 2230.000000026026600 ) ) ;
#7071 = CARTESIAN_POINT ( 'NONE',  ( 2027.864239607222100, -129.5869526696326900, 2332.839970871355500 ) ) ;
#7072 = ORIENTED_EDGE ( 'NONE', *, *, #5904, .T. ) ;
#7073 = EDGE_CURVE ( 'NONE', #7681, #1619, #511, .T. ) ;
#7074 = CARTESIAN_POINT ( 'NONE',  ( 1988.831222644608900, 60.50896472101835100, 1917.500704285115000 ) ) ;
#7075 = AXIS2_PLACEMENT_3D ( 'NONE', #1742, #3921, #8400 ) ;
#7076 = ORIENTED_EDGE ( 'NONE', *, *, #6516, .F. ) ;
#7077 =( BOUNDED_CURVE ( )  B_SPLINE_CURVE ( 3, ( #4482, #8316, #936, #5728 ),
 .UNSPECIFIED., .F., .T. ) 
 B_SPLINE_CURVE_WITH_KNOTS ( ( 4, 4 ),
 ( 1.801467688178195500, 2.851887409559684000 ),
 .UNSPECIFIED. ) 
 CURVE ( )  GEOMETRIC_REPRESENTATION_ITEM ( )  RATIONAL_B_SPLINE_CURVE ( ( 1.000000000000000000, 0.9101458251075040800, 0.9101458251075040800, 1.000000000000000000 ) ) 
 REPRESENTATION_ITEM ( '' )  );
#7078 = DIRECTION ( 'NONE',  ( 0.7071067811865291400, 0.0000000000000000000, -0.7071067811865660000 ) ) ;
#7079 = CIRCLE ( 'NONE', #2405, 38.49999999999997900 ) ;
#7080 = DIRECTION ( 'NONE',  ( 0.0000000000000000000, 2.921639538487234500E-015, -1.000000000000000000 ) ) ;
#7081 = ADVANCED_FACE ( 'NONE', ( #2508 ), #3743, .T. ) ;
#7082 = CARTESIAN_POINT ( 'NONE',  ( 2013.769246634719600, 17.28508280558409600, 1950.980274367599300 ) ) ;
#7083 = ORIENTED_EDGE ( 'NONE', *, *, #6773, .T. ) ;
#7084 = ORIENTED_EDGE ( 'NONE', *, *, #1247, .T. ) ;
#7085 = DIRECTION ( 'NONE',  ( -0.9993908270159146400, 1.419844741986254900E-013, 0.03489949679359368600 ) ) ;
#7086 = LINE ( 'NONE', #4033, #1828 ) ;
#7087 = AXIS2_PLACEMENT_3D ( 'NONE', #4573, #4416, #4466 ) ;
#7088 = CARTESIAN_POINT ( 'NONE',  ( 1814.999999952526000, -105.0000000000068200, 1953.800000002324200 ) ) ;
#7089 = VERTEX_POINT ( 'NONE', #3058 ) ;
#7090 = CARTESIAN_POINT ( 'NONE',  ( 1838.668321326688600, -130.5676139100686400, 2275.515534212663200 ) ) ;
#7091 = DIRECTION ( 'NONE',  ( -9.110371506767465100E-011, 0.03489949670250453600, -0.9993908270190956500 ) ) ;
#7092 = EDGE_LOOP ( 'NONE', ( #5414, #7272, #518, #7923 ) ) ;
#7093 = EDGE_CURVE ( 'NONE', #6395, #6910, #7485, .T. ) ;
#7094 = ORIENTED_EDGE ( 'NONE', *, *, #5777, .F. ) ;
#7095 = CARTESIAN_POINT ( 'NONE',  ( 1688.907138734498600, -130.5418779826679300, 2111.112542256257300 ) ) ;
#7096 = DIRECTION ( 'NONE',  ( 0.5063873148418069900, 0.05233595624294095500, 0.8607164661207786800 ) ) ;
#7097 = CYLINDRICAL_SURFACE ( 'NONE', #2742, 3.400000000000069600 ) ;
#7098 = CARTESIAN_POINT ( 'NONE',  ( 1975.453069854255300, -127.6933708582381000, 2065.199182393950700 ) ) ;
#7099 = CARTESIAN_POINT ( 'NONE',  ( 1676.263353751746300, -80.00000000000359500, 2124.640338350800400 ) ) ;
#7100 = ORIENTED_EDGE ( 'NONE', *, *, #4747, .F. ) ;
#7101 = DIRECTION ( 'NONE',  ( 2.680784629593429300E-012, -0.9986295347545735000, 0.05233595624295130800 ) ) ;
#7102 = CARTESIAN_POINT ( 'NONE',  ( 1897.499999947512200, 82.49999999999707300, 1891.500000002324700 ) ) ;
#7103 = VERTEX_POINT ( 'NONE', #4422 ) ;
#7104 = CARTESIAN_POINT ( 'NONE',  ( 1949.999999971988500, 51.21677476836620700, 2081.000000008745200 ) ) ;
#7105 = VECTOR ( 'NONE', #8772, 1000.000000000000000 ) ;
#7106 = DIRECTION ( 'NONE',  ( -1.233540049898796900E-015, 0.9986295347545726100, 0.05233595624296602500 ) ) ;
#7107 = EDGE_CURVE ( 'NONE', #1619, #7514, #750, .T. ) ;
#7108 = CARTESIAN_POINT ( 'NONE',  ( 1804.481844220648800, 91.77999999999657600, 1927.194739833164200 ) ) ;
#7109 = ORIENTED_EDGE ( 'NONE', *, *, #8361, .T. ) ;
#7110 = DIRECTION ( 'NONE',  ( 9.115924681779572100E-011, 0.0000000000000000000, 1.000000000000000000 ) ) ;
#7111 = VECTOR ( 'NONE', #3811, 1000.000000000000000 ) ;
#7112 = DIRECTION ( 'NONE',  ( -9.115924681779572100E-011, 3.546085137301702500E-015, -1.000000000000000000 ) ) ;
#7113 = AXIS2_PLACEMENT_3D ( 'NONE', #603, #2100, #8012 ) ;
#7114 = ORIENTED_EDGE ( 'NONE', *, *, #5633, .F. ) ;
#7115 = DIRECTION ( 'NONE',  ( -0.09906855929115483700, -0.9950806100814018100, 0.0000000000000000000 ) ) ;
#7116 = VERTEX_POINT ( 'NONE', #5672 ) ;
#7117 = CARTESIAN_POINT ( 'NONE',  ( 1768.959999311465300, -130.5443311659553600, 2131.604166881102200 ) ) ;
#7118 = EDGE_CURVE ( 'NONE', #2440, #3235, #278, .T. ) ;
#7119 = CARTESIAN_POINT ( 'NONE',  ( 1866.986294902054400, -65.39167990095084800, 1959.026224410195300 ) ) ;
#7120 = CARTESIAN_POINT ( 'NONE',  ( 1844.543474161586800, -43.01600424201769400, 1957.788860104165500 ) ) ;
#7121 = ORIENTED_EDGE ( 'NONE', *, *, #4156, .F. ) ;
#7122 = CARTESIAN_POINT ( 'NONE',  ( 1871.830998011925200, 67.68190628872349600, 1957.380934398130900 ) ) ;
#7123 = CARTESIAN_POINT ( 'NONE',  ( 1727.892675121738600, 129.5932344328524600, 2092.443182390322400 ) ) ;
#7124 = ADVANCED_FACE ( 'NONE', ( #5607 ), #2299, .T. ) ;
#7125 = VERTEX_POINT ( 'NONE', #6288 ) ;
#7126 = LINE ( 'NONE', #930, #1871 ) ;
#7127 = CARTESIAN_POINT ( 'NONE',  ( 1811.684293385983700, -2.994937064541458400E-012, 1929.564608522962500 ) ) ;
#7128 = CARTESIAN_POINT ( 'NONE',  ( 1814.741496688526900, -94.00000000000682100, 1926.915268311454200 ) ) ;
#7129 = ORIENTED_EDGE ( 'NONE', *, *, #151, .T. ) ;
#7130 = CARTESIAN_POINT ( 'NONE',  ( 1964.999999967202500, -103.8163690510032200, 2275.000000026027000 ) ) ;
#7131 = EDGE_CURVE ( 'NONE', #3647, #5206, #4785, .T. ) ;
#7132 = EDGE_LOOP ( 'NONE', ( #6518, #6917, #2233, #6151 ) ) ;
#7133 = ADVANCED_FACE ( 'NONE', ( #3937 ), #1605, .T. ) ;
#7134 = VECTOR ( 'NONE', #3603, 1000.000000000000000 ) ;
#7135 = AXIS2_PLACEMENT_3D ( 'NONE', #3541, #3367, #3494 ) ;
#7136 = DIRECTION ( 'NONE',  ( -3.182806635077191500E-025, -3.491475051078775400E-015, 1.000000000000000000 ) ) ;
#7137 = CARTESIAN_POINT ( 'NONE',  ( 1897.499999947512200, 83.49999999999714400, 1871.300000002325300 ) ) ;
#7138 = ORIENTED_EDGE ( 'NONE', *, *, #4376, .T. ) ;
#7139 = ORIENTED_EDGE ( 'NONE', *, *, #1830, .F. ) ;
#7140 = ORIENTED_EDGE ( 'NONE', *, *, #3340, .F. ) ;
#7141 = CIRCLE ( 'NONE', #3133, 3.400000000000138900 ) ;
#7142 = EDGE_CURVE ( 'NONE', #2780, #3544, #5800, .T. ) ;
#7143 = CYLINDRICAL_SURFACE ( 'NONE', #1042, 9.500000000000063900 ) ;
#7144 = LINE ( 'NONE', #5997, #1895 ) ;
#7145 = CARTESIAN_POINT ( 'NONE',  ( 1906.709467611590100, -126.2608217891622200, 1859.250292132320500 ) ) ;
#7146 = DIRECTION ( 'NONE',  ( 3.182802359415012600E-025, 3.491475051101101300E-015, -1.000000000000000000 ) ) ;
#7147 = AXIS2_PLACEMENT_3D ( 'NONE', #1134, #7838, #4043 ) ;
#7148 = DIRECTION ( 'NONE',  ( 0.8618976669184041900, 0.0000000000000000000, -0.5070822534467279700 ) ) ;
#7149 = CARTESIAN_POINT ( 'NONE',  ( 1706.485411998940400, -130.5316553954128300, 2170.283806879577200 ) ) ;
#7150 = AXIS2_PLACEMENT_3D ( 'NONE', #8785, #4919, #710 ) ;
#7151 = ORIENTED_EDGE ( 'NONE', *, *, #3385, .F. ) ;
#7152 = CIRCLE ( 'NONE', #5685, 6.650000000000141600 ) ;
#7153 = CARTESIAN_POINT ( 'NONE',  ( 1893.643527571449300, 112.4880577059702200, 1953.122264563537100 ) ) ;
#7154 = CARTESIAN_POINT ( 'NONE',  ( 1622.519128000934200, 91.77999999999761400, 2035.613440710877300 ) ) ;
#7155 = CIRCLE ( 'NONE', #4292, 20.26203889641520200 ) ;
#7156 = FACE_OUTER_BOUND ( 'NONE', #5710, .T. ) ;
#7157 = EDGE_CURVE ( 'NONE', #7911, #1760, #537, .T. ) ;
#7158 = CARTESIAN_POINT ( 'NONE',  ( 2460.583333289262600, -3.164135620181917900E-012, 1956.309868577037200 ) ) ;
#7159 = CARTESIAN_POINT ( 'NONE',  ( 1990.839459047266200, 40.13480033193594200, 1895.000000009617700 ) ) ;
#7160 = EDGE_LOOP ( 'NONE', ( #6802, #8804 ) ) ;
#7161 = CARTESIAN_POINT ( 'NONE',  ( 1967.349802610291100, 104.1865044205031100, 1953.107674102710200 ) ) ;
#7162 = CARTESIAN_POINT ( 'NONE',  ( 1844.673133001912000, 43.01142653678315500, 1960.262953311166700 ) ) ;
#7163 = FACE_OUTER_BOUND ( 'NONE', #1407, .T. ) ;
#7164 = CARTESIAN_POINT ( 'NONE',  ( 1960.110929330215900, -114.3000000000066200, 1894.000000002324200 ) ) ;
#7165 = ORIENTED_EDGE ( 'NONE', *, *, #8308, .T. ) ;
#7166 = AXIS2_PLACEMENT_3D ( 'NONE', #2112, #6693, #2851 ) ;
#7167 = DIRECTION ( 'NONE',  ( 9.115936927843110400E-011, -3.491483361109382100E-015, 1.000000000000000000 ) ) ;
#7168 = ADVANCED_FACE ( 'NONE', ( #4142 ), #8650, .T. ) ;
#7169 = VERTEX_POINT ( 'NONE', #1736 ) ;
#7170 = CARTESIAN_POINT ( 'NONE',  ( 1653.684959640571800, -130.5539427575401700, 2019.300577139628800 ) ) ;
#7171 = VECTOR ( 'NONE', #8678, 1000.000000000000000 ) ;
#7172 = CARTESIAN_POINT ( 'NONE',  ( 1684.875941409980700, 129.6797353004656100, 2116.247339755822400 ) ) ;
#7173 = ORIENTED_EDGE ( 'NONE', *, *, #8197, .T. ) ;
#7174 = ORIENTED_EDGE ( 'NONE', *, *, #8778, .F. ) ;
#7175 = CARTESIAN_POINT ( 'NONE',  ( 1914.499999947512800, 83.49999999999712900, 1874.300000002324400 ) ) ;
#7176 = ADVANCED_FACE ( 'NONE', ( #1794, #5405, #3729 ), #6385, .T. ) ;
#7177 = CARTESIAN_POINT ( 'NONE',  ( 1916.530150187925500, -107.4513910373508300, 1927.620225834710300 ) ) ;
#7178 = VECTOR ( 'NONE', #582, 1000.000000000000000 ) ;
#7179 = DIRECTION ( 'NONE',  ( 0.8497173879918748000, -0.03489949670250377300, -0.5260821092511869200 ) ) ;
#7180 = CARTESIAN_POINT ( 'NONE',  ( 1643.180862444329700, -130.5468096213524200, 2022.407697657534300 ) ) ;
#7181 = CARTESIAN_POINT ( 'NONE',  ( 1896.413115123642900, 111.6187331249353300, 1944.039083078970400 ) ) ;
#7182 = DIRECTION ( 'NONE',  ( -0.8618976669184040800, -0.0000000000000000000, 0.5070822534467279700 ) ) ;
#7183 = ORIENTED_EDGE ( 'NONE', *, *, #6687, .T. ) ;
#7184 = B_SPLINE_CURVE_WITH_KNOTS ( 'NONE', 3,
 ( #1161, #5914, #1905, #6520, #2652, #7170, #3387, #7863 ),
 .UNSPECIFIED., .F., .F.,
 ( 4, 2, 2, 4 ),
 ( 3.140184917367550800E-016, 0.09447181901847630200, 0.1417077285277138200, 0.1889436380369513600 ),
 .UNSPECIFIED. ) ;
#7185 = EDGE_CURVE ( 'NONE', #6467, #3877, #5212, .T. ) ;
#7186 = ORIENTED_EDGE ( 'NONE', *, *, #4885, .T. ) ;
#7187 = DIRECTION ( 'NONE',  ( -9.116012008145912100E-011, 4.493975836356545400E-015, -1.000000000000000000 ) ) ;
#7188 = DIRECTION ( 'NONE',  ( 1.000000000000000000, 0.0000000000000000000, -9.116041255197152600E-011 ) ) ;
#7189 = CARTESIAN_POINT ( 'NONE',  ( 1938.499999952526200, -106.3000000000066100, 1894.000000002324200 ) ) ;
#7190 = VECTOR ( 'NONE', #6652, 1000.000000000000000 ) ;
#7191 = CARTESIAN_POINT ( 'NONE',  ( 1909.999999950338200, -2.952624988069865700E-012, 1895.000000008765500 ) ) ;
#7192 = EDGE_CURVE ( 'NONE', #2580, #3877, #6848, .T. ) ;
#7193 = CARTESIAN_POINT ( 'NONE',  ( 1814.225292580476200, 84.02731443593512500, 1926.565701532627600 ) ) ;
#7194 = ORIENTED_EDGE ( 'NONE', *, *, #74, .T. ) ;
#7195 = CARTESIAN_POINT ( 'NONE',  ( 1868.222682362335000, 65.52641260912061200, 1957.748523613378900 ) ) ;
#7196 = ORIENTED_EDGE ( 'NONE', *, *, #7258, .T. ) ;
#7197 = FACE_BOUND ( 'NONE', #5915, .T. ) ;
#7198 = CARTESIAN_POINT ( 'NONE',  ( 1957.103609156068200, -82.50000000000312600, 1940.000000006618400 ) ) ;
#7199 = ORIENTED_EDGE ( 'NONE', *, *, #1602, .T. ) ;
#7200 = CARTESIAN_POINT ( 'NONE',  ( 1697.914108828509800, 129.7454337484685100, 2095.087224500773100 ) ) ;
#7201 = CARTESIAN_POINT ( 'NONE',  ( 1961.004231161861300, 91.77999999999656200, 2053.999999997675800 ) ) ;
#7202 = AXIS2_PLACEMENT_3D ( 'NONE', #4820, #593, #8676 ) ;
#7203 = CARTESIAN_POINT ( 'NONE',  ( 1794.830631378754100, -129.3941954114099500, 1932.609292810353700 ) ) ;
#7204 = LINE ( 'NONE', #4522, #7420 ) ;
#7205 = DIRECTION ( 'NONE',  ( -0.05233595624294845600, 0.9986295347545736100, 0.0000000000000000000 ) ) ;
#7206 = EDGE_CURVE ( 'NONE', #6246, #3960, #1564, .T. ) ;
#7207 = ORIENTED_EDGE ( 'NONE', *, *, #6944, .T. ) ;
#7208 = CARTESIAN_POINT ( 'NONE',  ( 1649.999999967202500, -80.00000000000365200, 2099.000000026025600 ) ) ;
#7209 = ORIENTED_EDGE ( 'NONE', *, *, #4272, .T. ) ;
#7210 = CARTESIAN_POINT ( 'NONE',  ( 1891.409518331765900, 111.6169486224014100, 1935.929722532193400 ) ) ;
#7211 = CARTESIAN_POINT ( 'NONE',  ( 1884.999999947512200, 113.9999999999969200, 1945.500000004472000 ) ) ;
#7212 = ADVANCED_FACE ( 'NONE', ( #3523 ), #6457, .T. ) ;
#7213 = LINE ( 'NONE', #1935, #4098 ) ;
#7214 = CARTESIAN_POINT ( 'NONE',  ( 1909.999999952526000, -3.036420588691515300E-012, 1918.999999995884100 ) ) ;
#7215 = CARTESIAN_POINT ( 'NONE',  ( 1884.999999947512200, 113.9999999999969400, 1936.000000004472000 ) ) ;
#7216 = VERTEX_POINT ( 'NONE', #3945 ) ;
#7217 = CARTESIAN_POINT ( 'NONE',  ( 1914.499999947512800, 82.49999999999711500, 1874.300000002324400 ) ) ;
#7218 = AXIS2_PLACEMENT_3D ( 'NONE', #235, #5775, #7711 ) ;
#7219 = ORIENTED_EDGE ( 'NONE', *, *, #6584, .F. ) ;
#7220 = EDGE_CURVE ( 'NONE', #5221, #4953, #1327, .T. ) ;
#7221 = LINE ( 'NONE', #1329, #5568 ) ;
#7222 =( NAMED_UNIT ( * ) SI_UNIT ( $, .STERADIAN. ) SOLID_ANGLE_UNIT ( ) );
#7223 = ADVANCED_FACE ( 'NONE', ( #6650 ), #5202, .F. ) ;
#7224 = EDGE_LOOP ( 'NONE', ( #8326, #5809, #6286, #183 ) ) ;
#7225 = CARTESIAN_POINT ( 'NONE',  ( 1960.804854748744700, 101.9999999999970300, 1914.349785784873600 ) ) ;
#7226 = ORIENTED_EDGE ( 'NONE', *, *, #6111, .F. ) ;
#7227 = FACE_OUTER_BOUND ( 'NONE', #7874, .T. ) ;
#7228 = CARTESIAN_POINT ( 'NONE',  ( 1697.545163709112300, 129.7910253027296800, 2063.787394950442800 ) ) ;
#7229 = AXIS2_PLACEMENT_3D ( 'NONE', #8560, #6563, #2696 ) ;
#7230 = ORIENTED_EDGE ( 'NONE', *, *, #5633, .T. ) ;
#7231 = ORIENTED_EDGE ( 'NONE', *, *, #5571, .T. ) ;
#7232 =( BOUNDED_CURVE ( )  B_SPLINE_CURVE ( 3, ( #2467, #6995, #3192, #7683 ),
 .UNSPECIFIED., .F., .F. ) 
 B_SPLINE_CURVE_WITH_KNOTS ( ( 4, 4 ),
 ( 0.03490658513103195300, 3.176499238720825100 ),
 .UNSPECIFIED. ) 
 CURVE ( )  GEOMETRIC_REPRESENTATION_ITEM ( )  RATIONAL_B_SPLINE_CURVE ( ( 1.000000000000000000, 0.3333333333333333700, 0.3333333333333333700, 1.000000000000000000 ) ) 
 REPRESENTATION_ITEM ( '' )  );
#7233 = ORIENTED_EDGE ( 'NONE', *, *, #5039, .T. ) ;
#7234 = EDGE_CURVE ( 'NONE', #1959, #4404, #3294, .T. ) ;
#7235 = CIRCLE ( 'NONE', #1981, 10.99999999999991300 ) ;
#7236 = DIRECTION ( 'NONE',  ( 3.182806635077191500E-025, 3.491475051078775400E-015, -1.000000000000000000 ) ) ;
#7237 = DIRECTION ( 'NONE',  ( 3.011018746805910900E-015, 1.000000000000000000, 3.927415756703361900E-016 ) ) ;
#7238 = CARTESIAN_POINT ( 'NONE',  ( 1829.579034757817500, -4.533049283161689100E-013, 1956.808361997644400 ) ) ;
#7239 = ORIENTED_EDGE ( 'NONE', *, *, #1894, .F. ) ;
#7240 = DIRECTION ( 'NONE',  ( -3.182806635077191500E-025, -3.491475051078775400E-015, 1.000000000000000000 ) ) ;
#7241 = ORIENTED_EDGE ( 'NONE', *, *, #6423, .T. ) ;
#7242 = VERTEX_POINT ( 'NONE', #7763 ) ;
#7243 = CARTESIAN_POINT ( 'NONE',  ( 1954.999999958223300, -45.00000000000330400, 1981.500000000362200 ) ) ;
#7244 = DIRECTION ( 'NONE',  ( -3.182806635077191500E-025, -3.491475051078775400E-015, 1.000000000000000000 ) ) ;
#7245 = VERTEX_POINT ( 'NONE', #2560 ) ;
#7246 = ORIENTED_EDGE ( 'NONE', *, *, #1802, .F. ) ;
#7247 = CIRCLE ( 'NONE', #8179, 18.99999999999968400 ) ;
#7248 = EDGE_LOOP ( 'NONE', ( #6527, #4017, #4171, #945 ) ) ;
#7249 = VERTEX_POINT ( 'NONE', #3978 ) ;
#7250 = AXIS2_PLACEMENT_3D ( 'NONE', #171, #103, #54 ) ;
#7251 = CARTESIAN_POINT ( 'NONE',  ( 1755.911964886382300, 52.29769945503605300, 1980.318947148733300 ) ) ;
#7252 = AXIS2_PLACEMENT_3D ( 'NONE', #774, #5603, #1523 ) ;
#7253 = CARTESIAN_POINT ( 'NONE',  ( 1697.202456551273100, 129.4043607369866600, 2033.967610893168500 ) ) ;
#7254 = VECTOR ( 'NONE', #722, 1000.000000000000000 ) ;
#7255 = LINE ( 'NONE', #3107, #5400 ) ;
#7256 = CARTESIAN_POINT ( 'NONE',  ( 1682.512483973512200, 129.7899282464078100, 2041.617792933144100 ) ) ;
#7257 = ORIENTED_EDGE ( 'NONE', *, *, #6060, .T. ) ;
#7258 = EDGE_CURVE ( 'NONE', #6948, #4934, #8235, .T. ) ;
#7259 = ORIENTED_EDGE ( 'NONE', *, *, #7794, .T. ) ;
#7260 = CARTESIAN_POINT ( 'NONE',  ( 1884.999999967202500, -500000.0000000000600, 2185.000000026026600 ) ) ;
#7261 = CIRCLE ( 'NONE', #95, 20.00000000000001800 ) ;
#7262 = VECTOR ( 'NONE', #5043, 1000.000000000000000 ) ;
#7263 = FACE_OUTER_BOUND ( 'NONE', #2281, .T. ) ;
#7264 = CARTESIAN_POINT ( 'NONE',  ( 1983.895385535008900, -121.6601383396639700, 2069.720327032628100 ) ) ;
#7265 = ADVANCED_FACE ( 'NONE', ( #8026 ), #871, .T. ) ;
#7266 = CARTESIAN_POINT ( 'NONE',  ( 1672.222117930575500, 129.6700641312732200, 2007.176539621986000 ) ) ;
#7267 = AXIS2_PLACEMENT_3D ( 'NONE', #6394, #4564, #284 ) ;
#7268 = ORIENTED_EDGE ( 'NONE', *, *, #3948, .F. ) ;
#7269 = CARTESIAN_POINT ( 'NONE',  ( 1692.447570284268100, 129.6227388117659400, 2036.911484505673300 ) ) ;
#7270 = CARTESIAN_POINT ( 'NONE',  ( 1829.160540857791400, 33.48480033194934400, 1885.500000009618400 ) ) ;
#7271 = CARTESIAN_POINT ( 'NONE',  ( 1990.839459047263300, -40.13480033194852600, 1885.500000009617900 ) ) ;
#7272 = ORIENTED_EDGE ( 'NONE', *, *, #205, .T. ) ;
#7273 = EDGE_CURVE ( 'NONE', #1719, #3459, #1101, .T. ) ;
#7274 = CIRCLE ( 'NONE', #3135, 67.50000000000011400 ) ;
#7275 = CARTESIAN_POINT ( 'NONE',  ( 1806.491135988393100, -97.99535156091737100, 1927.696679677645100 ) ) ;
#7276 = DIRECTION ( 'NONE',  ( -9.115924681779572100E-011, 3.546085137301702500E-015, -1.000000000000000000 ) ) ;
#7277 = DIRECTION ( 'NONE',  ( -1.000000000000000000, 0.0000000000000000000, 9.116041255197152600E-011 ) ) ;
#7278 = VERTEX_POINT ( 'NONE', #7104 ) ;
#7279 = CARTESIAN_POINT ( 'NONE',  ( 1829.555420700710300, -37.27151978895471300, 2032.722467827465800 ) ) ;
#7280 = CARTESIAN_POINT ( 'NONE',  ( 1909.999999958223300, 28.99999999999614900, 1981.500000002324700 ) ) ;
#7281 = EDGE_LOOP ( 'NONE', ( #8408, #3480, #6922, #2498, #3907, #2229 ) ) ;
#7282 = CIRCLE ( 'NONE', #2027, 3.400000000000138900 ) ;
#7283 = AXIS2_PLACEMENT_3D ( 'NONE', #4011, #5266, #1129 ) ;
#7284 = CARTESIAN_POINT ( 'NONE',  ( 1994.719999397111700, -136.0000000000066200, 2418.149608794976800 ) ) ;
#7285 = CARTESIAN_POINT ( 'NONE',  ( 1675.793322487558700, 129.4957545098618000, 2003.637294369302700 ) ) ;
#7286 = ORIENTED_EDGE ( 'NONE', *, *, #391, .T. ) ;
#7287 = CARTESIAN_POINT ( 'NONE',  ( 1655.446594452231000, 129.7399891400367300, 2029.993349244626600 ) ) ;
#7288 = EDGE_CURVE ( 'NONE', #8103, #5030, #7812, .T. ) ;
#7289 = VECTOR ( 'NONE', #7430, 1000.000000000000000 ) ;
#7290 = DIRECTION ( 'NONE',  ( 0.0000000000000000000, -1.000000000000000000, 0.0000000000000000000 ) ) ;
#7291 = ORIENTED_EDGE ( 'NONE', *, *, #1748, .F. ) ;
#7292 = ORIENTED_EDGE ( 'NONE', *, *, #5946, .T. ) ;
#7293 = B_SPLINE_SURFACE_WITH_KNOTS ( 'NONE', 3, 3, ( 
 ( #5021, #6262, #8252, #4423, #110, #5045, #873, #5673, #1606, #6289, #2369, #6905, #3092, #7593, #3803, #8281, #4455, #141, #5077, #899, #5698, #1638, #6313, #2398 ),
 ( #6935, #3124, #7625, #3834, #8313, #4478, #179, #5102, #934, #5725, #1676, #6331, #2430, #6966, #3157, #7651, #3864, #8344, #4502, #204, #5133, #964, #5751, #1702 ),
 ( #6359, #2464, #6991, #3188, #7679, #3892, #8371, #4526, #239, #5157, #994, #5776, #1739, #6386, #2500, #7013, #3217, #7714, #3918, #8396, #4552, #273, #5180, #1021 ),
 ( #5806, #1773, #6409, #2525, #7044, #3247, #7737, #3947, #8417, #4576, #300, #5204, #1058, #5836, #1801, #6436, #2561, #7074, #3286, #7765, #3979, #8454, #4600, #326 ) ),
 .UNSPECIFIED., .F., .F., .F.,
 ( 4, 4 ),
 ( 4, 3, 2, 2, 2, 2, 2, 2, 2, 3, 4 ),
 ( 0.01721466254687216800, 0.7281389610289750200 ),
 ( 5.215672694276924500, 5.252563550691261800, 5.504258505338084400, 5.755953459984907800, 6.007648414631731300, 6.259343369278553800, 6.511038323925376400, 6.762733278572199900, 7.014428233219023300, 7.266123187865845900, 7.424484127929403600 ),
 .UNSPECIFIED. ) ;
#7294 = B_SPLINE_CURVE_WITH_KNOTS ( 'NONE', 3,
 ( #3083, #6898, #3796, #8272, #4446, #132 ),
 .UNSPECIFIED., .F., .F.,
 ( 4, 2, 4 ),
 ( 0.0000000000000000000, 0.2164696963771223800, 0.4329393927542445900 ),
 .UNSPECIFIED. ) ;
#7295 = DIRECTION ( 'NONE',  ( -0.5264027796015927600, 0.0000000000000000000, -0.8502353283813352000 ) ) ;
#7296 = VERTEX_POINT ( 'NONE', #6488 ) ;
#7297 = CARTESIAN_POINT ( 'NONE',  ( 1953.749999952532100, 75.77722283113179500, 1895.000000009617700 ) ) ;
#7298 = FACE_OUTER_BOUND ( 'NONE', #5244, .T. ) ;
#7299 = DIRECTION ( 'NONE',  ( -1.235232893649552000E-015, 1.000000000000000000, 5.489923971775797600E-015 ) ) ;
#7300 = CARTESIAN_POINT ( 'NONE',  ( 1964.999999967202500, -104.5000000000000000, 2233.400000026026600 ) ) ;
#7301 = EDGE_CURVE ( 'NONE', #4572, #113, #4620, .T. ) ;
#7302 = CARTESIAN_POINT ( 'NONE',  ( 1804.059241108758200, -106.3352861793929000, 1928.566218803616000 ) ) ;
#7303 = EDGE_LOOP ( 'NONE', ( #4113, #6044, #4209, #4790 ) ) ;
#7304 = EDGE_LOOP ( 'NONE', ( #1824, #5637 ) ) ;
#7305 = DIRECTION ( 'NONE',  ( 0.8502353283813349800, -0.0000000000000000000, -0.5264027796015929800 ) ) ;
#7306 = ORIENTED_EDGE ( 'NONE', *, *, #1491, .F. ) ;
#7307 = CARTESIAN_POINT ( 'NONE',  ( 1905.499999947512200, 83.50000000000289900, 2.579175931710529400E-013 ) ) ;
#7308 = FACE_OUTER_BOUND ( 'NONE', #3428, .T. ) ;
#7309 = EDGE_CURVE ( 'NONE', #7699, #1814, #5643, .T. ) ;
#7310 = AXIS2_PLACEMENT_3D ( 'NONE', #5960, #1961, #6568 ) ;
#7311 = FILL_AREA_STYLE_COLOUR ( '', #1940 ) ;
#7312 = ADVANCED_FACE ( 'NONE', ( #3059 ), #4242, .F. ) ;
#7313 = VERTEX_POINT ( 'NONE', #7161 ) ;
#7314 = EDGE_CURVE ( 'NONE', #8562, #568, #4439, .T. ) ;
#7315 = DIRECTION ( 'NONE',  ( -0.3987439384647494800, 0.8860976410327684500, -0.2362927042754034400 ) ) ;
#7316 = CARTESIAN_POINT ( 'NONE',  ( 1732.413328373143000, 129.5851962966529200, 2099.338180622079600 ) ) ;
#7317 = VECTOR ( 'NONE', #7403, 1000.000000000000100 ) ;
#7318 = CARTESIAN_POINT ( 'NONE',  ( 1649.999999967202500, -80.00000000000342500, 2080.000000026027900 ) ) ;
#7319 = AXIS2_PLACEMENT_3D ( 'NONE', #3105, #8293, #14 ) ;
#7320 = VERTEX_POINT ( 'NONE', #3374 ) ;
#7321 = DIRECTION ( 'NONE',  ( 0.7071067811600456600, 0.7071067812130494800, 0.0000000000000000000 ) ) ;
#7322 = AXIS2_PLACEMENT_3D ( 'NONE', #5945, #1945, #6556 ) ;
#7323 = CARTESIAN_POINT ( 'NONE',  ( 1892.999999956400200, 51.99999999999690900, 1961.500000004511500 ) ) ;
#7324 = FACE_OUTER_BOUND ( 'NONE', #1799, .T. ) ;
#7325 = PLANE ( 'NONE',  #8540 ) ;
#7326 = CARTESIAN_POINT ( 'NONE',  ( 1964.605787947084100, -90.30165515553591100, 1955.248449285392100 ) ) ;
#7327 = EDGE_CURVE ( 'NONE', #8180, #5869, #5887, .T. ) ;
#7328 = DIRECTION ( 'NONE',  ( -9.115817950384302700E-011, 5.421564143204653300E-015, -1.000000000000000000 ) ) ;
#7329 = ORIENTED_EDGE ( 'NONE', *, *, #4792, .T. ) ;
#7330 = DIRECTION ( 'NONE',  ( 1.000000000000000000, 0.0000000000000000000, 0.0000000000000000000 ) ) ;
#7331 = CARTESIAN_POINT ( 'NONE',  ( 1810.556364522339900, -115.0684286222194900, 1928.149377852867500 ) ) ;
#7332 = DIRECTION ( 'NONE',  ( 0.0000000000000000000, 0.0000000000000000000, 1.000000000000000000 ) ) ;
#7333 = DIRECTION ( 'NONE',  ( -9.115936927843110400E-011, 3.491483361109382100E-015, -1.000000000000000000 ) ) ;
#7334 = ORIENTED_EDGE ( 'NONE', *, *, #4127, .T. ) ;
#7335 = EDGE_LOOP ( 'NONE', ( #2243, #682, #4445, #5903 ) ) ;
#7336 = DIRECTION ( 'NONE',  ( 0.0000000000000000000, 0.0000000000000000000, 1.000000000000000000 ) ) ;
#7337 = EDGE_CURVE ( 'NONE', #4094, #2779, #631, .T. ) ;
#7338 = CARTESIAN_POINT ( 'NONE',  ( 1649.999999967202500, -188.6660834161337700, 2080.000000026025600 ) ) ;
#7339 = VECTOR ( 'NONE', #4453, 1000.000000000000000 ) ;
#7340 = ORIENTED_EDGE ( 'NONE', *, *, #1399, .T. ) ;
#7341 = CARTESIAN_POINT ( 'NONE',  ( 1930.999999947511900, 83.49999999999701600, 1900.000000002324700 ) ) ;
#7342 = CARTESIAN_POINT ( 'NONE',  ( 1711.003620704614800, 129.6567899045270500, 2069.008219231855000 ) ) ;
#7343 = EDGE_LOOP ( 'NONE', ( #3758, #4734 ) ) ;
#7344 = CARTESIAN_POINT ( 'NONE',  ( 1844.543474150139000, 43.01600424239872200, 1957.788859885738900 ) ) ;
#7345 =( BOUNDED_CURVE ( )  B_SPLINE_CURVE ( 3, ( #2214, #6164, #7452, #3669 ),
 .UNSPECIFIED., .F., .T. ) 
 B_SPLINE_CURVE_WITH_KNOTS ( ( 4, 4 ),
 ( 3.176499238720825100, 6.318091892310618200 ),
 .UNSPECIFIED. ) 
 CURVE ( )  GEOMETRIC_REPRESENTATION_ITEM ( )  RATIONAL_B_SPLINE_CURVE ( ( 1.000000000000000000, 0.3333333333333333700, 0.3333333333333333700, 1.000000000000000000 ) ) 
 REPRESENTATION_ITEM ( '' )  );
#7346 = ORIENTED_EDGE ( 'NONE', *, *, #5618, .T. ) ;
#7347 = VECTOR ( 'NONE', #7468, 1000.000000000000000 ) ;
#7348 = CARTESIAN_POINT ( 'NONE',  ( 1866.093032691800100, 65.43658846791679200, 1957.819753978711800 ) ) ;
#7349 = ORIENTED_EDGE ( 'NONE', *, *, #445, .T. ) ;
#7350 = CARTESIAN_POINT ( 'NONE',  ( 1798.169474179598400, -12.44296476917683800, 2050.181877243931900 ) ) ;
#7351 = EDGE_CURVE ( 'NONE', #821, #7038, #5696, .T. ) ;
#7352 = ORIENTED_EDGE ( 'NONE', *, *, #5063, .F. ) ;
#7353 = ADVANCED_FACE ( 'NONE', ( #390 ), #4708, .T. ) ;
#7354 = CARTESIAN_POINT ( 'NONE',  ( 1964.999999967202500, -104.5000000000000000, 2326.600000026028300 ) ) ;
#7355 = EDGE_LOOP ( 'NONE', ( #5145, #4069, #5919, #1023, #1717, #447 ) ) ;
#7356 = VECTOR ( 'NONE', #4903, 1000.000000000000000 ) ;
#7357 = ORIENTED_EDGE ( 'NONE', *, *, #2480, .T. ) ;
#7358 = VECTOR ( 'NONE', #2641, 1000.000000000000000 ) ;
#7359 = FACE_OUTER_BOUND ( 'NONE', #2033, .T. ) ;
#7360 = DIRECTION ( 'NONE',  ( 1.000000000000000000, -0.0000000000000000000, 0.0000000000000000000 ) ) ;
#7361 = EDGE_CURVE ( 'NONE', #7125, #1495, #160, .T. ) ;
#7362 = FACE_OUTER_BOUND ( 'NONE', #7852, .T. ) ;
#7363 = AXIS2_PLACEMENT_3D ( 'NONE', #7976, #8652, #4795 ) ;
#7364 = DIRECTION ( 'NONE',  ( 1.000000000000000000, 0.0000000000000000000, 0.0000000000000000000 ) ) ;
#7365 = VERTEX_POINT ( 'NONE', #6567 ) ;
#7366 = CARTESIAN_POINT ( 'NONE',  ( 1938.999999969664000, 64.99999999999758400, 1726.941558772524300 ) ) ;
#7367 = VERTEX_POINT ( 'NONE', #7217 ) ;
#7368 = DIRECTION ( 'NONE',  ( -1.000000000000000000, 0.0000000000000000000, 9.116624592718548600E-011 ) ) ;
#7369 = LINE ( 'NONE', #4886, #385 ) ;
#7370 = CARTESIAN_POINT ( 'NONE',  ( 1953.863410915347700, 91.64459996561147600, 1926.299700051122300 ) ) ;
#7371 = FACE_OUTER_BOUND ( 'NONE', #5162, .T. ) ;
#7372 = VECTOR ( 'NONE', #1185, 1000.000000000000000 ) ;
#7373 = DIRECTION ( 'NONE',  ( 3.182802359415013500E-025, 3.491475051101102100E-015, -1.000000000000000000 ) ) ;
#7374 = VERTEX_POINT ( 'NONE', #3442 ) ;
#7375 = FILL_AREA_STYLE ('',( #5479 ) ) ;
#7376 = AXIS2_PLACEMENT_3D ( 'NONE', #1055, #1800, #6434 ) ;
#7377 = ORIENTED_EDGE ( 'NONE', *, *, #709, .T. ) ;
#7378 = CARTESIAN_POINT ( 'NONE',  ( 1685.787283706242500, 129.7810507115504500, 2041.035040950088600 ) ) ;
#7379 = VECTOR ( 'NONE', #6052, 1000.000000000000000 ) ;
#7380 = DIRECTION ( 'NONE',  ( -3.182806635077191500E-025, -3.491475051078775400E-015, 1.000000000000000000 ) ) ;
#7381 = CARTESIAN_POINT ( 'NONE',  ( 1866.999999956060000, -43.00000000000317600, 1957.766593012132900 ) ) ;
#7382 = EDGE_CURVE ( 'NONE', #1391, #2908, #412, .T. ) ;
#7383 = DIRECTION ( 'NONE',  ( 0.0000000000000000000, 3.604620209821938900E-015, -1.000000000000000000 ) ) ;
#7384 = ORIENTED_EDGE ( 'NONE', *, *, #4087, .T. ) ;
#7385 = CARTESIAN_POINT ( 'NONE',  ( 0.0000000000000000000, 0.0000000000000000000, 0.0000000000000000000 ) ) ;
#7386 = ORIENTED_EDGE ( 'NONE', *, *, #7810, .T. ) ;
#7387 = CARTESIAN_POINT ( 'NONE',  ( 1814.225292585172200, 105.9726855643829700, 1927.038778919595200 ) ) ;
#7388 = DIRECTION ( 'NONE',  ( 0.0000000000000000000, 1.000000000000000000, 0.0000000000000000000 ) ) ;
#7389 = VECTOR ( 'NONE', #1313, 1000.000000000000000 ) ;
#7390 = PLANE ( 'NONE',  #5989 ) ;
#7391 = ORIENTED_EDGE ( 'NONE', *, *, #3159, .T. ) ;
#7392 = EDGE_LOOP ( 'NONE', ( #2817, #2337, #1294, #2789 ) ) ;
#7393 = EDGE_CURVE ( 'NONE', #6114, #4843, #5505, .T. ) ;
#7394 = CARTESIAN_POINT ( 'NONE',  ( 1967.420745096113300, 102.8328411210939500, 1935.589975842903900 ) ) ;
#7395 = CIRCLE ( 'NONE', #1709, 6.650000000000030600 ) ;
#7396 = CARTESIAN_POINT ( 'NONE',  ( 1956.999827875503600, -64.89976603616493400, 1961.500000001040500 ) ) ;
#7397 = EDGE_LOOP ( 'NONE', ( #1954, #2195 ) ) ;
#7398 = CARTESIAN_POINT ( 'NONE',  ( 1959.346664841608800, -115.4495192440342600, 1928.039393658176300 ) ) ;
#7399 = ADVANCED_FACE ( 'NONE', ( #6951, #2387 ), #3466, .F. ) ;
#7400 = ORIENTED_EDGE ( 'NONE', *, *, #5691, .T. ) ;
#7401 = AXIS2_PLACEMENT_3D ( 'NONE', #8309, #2426, #6961 ) ;
#7402 = VECTOR ( 'NONE', #6623, 1000.000000000000000 ) ;
#7403 = DIRECTION ( 'NONE',  ( 3.181112117648791800E-012, -0.9993908270190961000, 0.03489949670248820200 ) ) ;
#7404 = CARTESIAN_POINT ( 'NONE',  ( 1664.376626042283500, 129.7924483180349300, 2010.705667726714600 ) ) ;
#7405 = EDGE_LOOP ( 'NONE', ( #1409, #1150, #7151, #210 ) ) ;
#7406 = ORIENTED_EDGE ( 'NONE', *, *, #4697, .T. ) ;
#7407 = DIRECTION ( 'NONE',  ( 0.0000000000000000000, 1.000000000000000000, 0.0000000000000000000 ) ) ;
#7408 = CARTESIAN_POINT ( 'NONE',  ( 1994.719999397111500, -144.7500000000062000, 2369.254424353543500 ) ) ;
#7409 = B_SPLINE_CURVE_WITH_KNOTS ( 'NONE', 3,
 ( #1478, #1590, #1152, #1244, #1310, #1182, #1119, #1090, #1052, #893, #916, #826, #866, #1566, #854, #781, #817, #727, #753, #655, #694, #1274, #686, #625, #760, #591, #557, #523, #489, #456, #425, #393, #720, #359, #321, #297, #92, #163, #66, #134, #125, #20, #33, #5090, #1468, #1826, #1445, #102, #3371, #3408, #5536, #1499, #7530, #4181, #8802, #6019 ),
 .UNSPECIFIED., .F., .F.,
 ( 4, 2, 2, 2, 2, 2, 2, 2, 2, 2, 2, 2, 2, 2, 2, 2, 2, 2, 2, 2, 2, 2, 2, 2, 2, 2, 2, 4 ),
 ( 5.635475559608568400E-016, 0.01335459101470694100, 0.02670918202941331700, 0.03338647753676651800, 0.04006377304411973300, 0.05341836405882655800, 0.06677295507353338300, 0.07345025058088679200, 0.08012754608824020100, 0.09348213710294731000, 0.1001594326103008600, 0.1034980803639776300, 0.1068367281176544100, 0.1201913191323614900, 0.1335459101470685700, 0.1368845579007454100, 0.1402232056544222800, 0.1469005011617760000, 0.1602550921764832300, 0.1669323876838368400, 0.1702710354375134300, 0.1736096831911900200, 0.1869642742058976500, 0.1936415697132516900, 0.1969802174669287300, 0.1986495413437672500, 0.2003188652206057400, 0.2136734562353126400 ),
 .UNSPECIFIED. ) ;
#7410 = EDGE_CURVE ( 'NONE', #1494, #2041, #7155, .T. ) ;
#7411 = CARTESIAN_POINT ( 'NONE',  ( 1731.462158976870100, 129.6227388117657100, 2099.927074305224300 ) ) ;
#7412 = EDGE_LOOP ( 'NONE', ( #6377, #5908, #1233, #3534 ) ) ;
#7413 = DIRECTION ( 'NONE',  ( -3.182806635077191500E-025, -3.491475051078775400E-015, 1.000000000000000000 ) ) ;
#7414 =( LENGTH_UNIT ( ) NAMED_UNIT ( * ) SI_UNIT ( .MILLI., .METRE. ) );
#7415 = CYLINDRICAL_SURFACE ( 'NONE', #2073, 69.99999999999992900 ) ;
#7416 = DIRECTION ( 'NONE',  ( -1.000000000000000000, 0.0000000000000000000, 9.115982822406393400E-011 ) ) ;
#7417 = PLANE ( 'NONE',  #676 ) ;
#7418 = EDGE_LOOP ( 'NONE', ( #4691, #3144, #6244, #6335 ) ) ;
#7419 = DIRECTION ( 'NONE',  ( -1.676390818025142300E-016, -1.000000000000000000, -3.393948359834997300E-015 ) ) ;
#7420 = VECTOR ( 'NONE', #234, 1000.000000000000000 ) ;
#7421 = CARTESIAN_POINT ( 'NONE',  ( 1914.999999967202300, -102.4929081434742700, 2125.000000026026100 ) ) ;
#7422 = CARTESIAN_POINT ( 'NONE',  ( 1967.999999955669000, 91.77999999999681800, 1953.479520810928500 ) ) ;
#7423 = DIRECTION ( 'NONE',  ( 0.0000000000000000000, 1.000000000000000000, 3.491483361109381700E-015 ) ) ;
#7424 = ORIENTED_EDGE ( 'NONE', *, *, #3576, .F. ) ;
#7425 = DIRECTION ( 'NONE',  ( 0.0000000000000000000, -1.000000000000000000, -3.491483361109382100E-015 ) ) ;
#7426 = AXIS2_PLACEMENT_3D ( 'NONE', #1835, #1744, #1680 ) ;
#7427 = ORIENTED_EDGE ( 'NONE', *, *, #2354, .T. ) ;
#7428 = DIRECTION ( 'NONE',  ( 0.0000000000000000000, -0.0000000000000000000, 1.000000000000000000 ) ) ;
#7429 = FACE_OUTER_BOUND ( 'NONE', #2732, .T. ) ;
#7430 = DIRECTION ( 'NONE',  ( 1.000000000000000000, 4.764873341133332700E-012, -2.497164303737466700E-013 ) ) ;
#7431 = DIRECTION ( 'NONE',  ( 0.0000000000000000000, 0.0000000000000000000, 1.000000000000000000 ) ) ;
#7432 = EDGE_CURVE ( 'NONE', #568, #4768, #6465, .T. ) ;
#7433 = EDGE_LOOP ( 'NONE', ( #7597, #7140, #5517, #8005 ) ) ;
#7434 = DIRECTION ( 'NONE',  ( 1.000000000000000000, -0.0000000000000000000, 0.0000000000000000000 ) ) ;
#7435 = CARTESIAN_POINT ( 'NONE',  ( 1720.995149955252600, 129.7858305809407400, 2106.407471507237000 ) ) ;
#7436 = ORIENTED_EDGE ( 'NONE', *, *, #2502, .F. ) ;
#7437 = FACE_OUTER_BOUND ( 'NONE', #3370, .T. ) ;
#7438 = DIRECTION ( 'NONE',  ( 0.0000000000000000000, -1.063329589500866700E-015, -1.000000000000000000 ) ) ;
#7439 = DIRECTION ( 'NONE',  ( -0.5020639343181778600, 0.03489897739618137700, -0.8641260713771186100 ) ) ;
#7440 = DIRECTION ( 'NONE',  ( 0.0000000000000000000, 3.315501903368561500E-015, -1.000000000000000000 ) ) ;
#7441 = EDGE_LOOP ( 'NONE', ( #2647, #7920, #2788, #84, #6954, #1382 ) ) ;
#7442 = ORIENTED_EDGE ( 'NONE', *, *, #4760, .F. ) ;
#7443 = CARTESIAN_POINT ( 'NONE',  ( 1994.719999397111500, 500000.0000000000600, 2404.254424355289300 ) ) ;
#7444 = ADVANCED_FACE ( 'NONE', ( #5307 ), #5116, .T. ) ;
#7445 = DIRECTION ( 'NONE',  ( -9.115936927843110400E-011, 3.491483361109382100E-015, -1.000000000000000000 ) ) ;
#7446 = EDGE_CURVE ( 'NONE', #773, #560, #1673, .T. ) ;
#7447 = VECTOR ( 'NONE', #5388, 1000.000000000000000 ) ;
#7448 = CARTESIAN_POINT ( 'NONE',  ( 1763.681442596289100, 52.29769945503736000, 1949.837797159936100 ) ) ;
#7449 = ORIENTED_EDGE ( 'NONE', *, *, #7674, .F. ) ;
#7450 = CARTESIAN_POINT ( 'NONE',  ( 1634.239801542398300, -130.5385890005247500, 2032.717739355410000 ) ) ;
#7451 = ORIENTED_EDGE ( 'NONE', *, *, #768, .F. ) ;
#7452 = CARTESIAN_POINT ( 'NONE',  ( 1854.999999967203600, -102.2129877972452800, 2095.000000026027000 ) ) ;
#7453 = ORIENTED_EDGE ( 'NONE', *, *, #2810, .T. ) ;
#7454 = FACE_OUTER_BOUND ( 'NONE', #2537, .T. ) ;
#7455 = DIRECTION ( 'NONE',  ( 0.0000000000000000000, -1.000000000000000000, 0.0000000000000000000 ) ) ;
#7456 = AXIS2_PLACEMENT_3D ( 'NONE', #5083, #906, #5704 ) ;
#7457 = DIRECTION ( 'NONE',  ( 0.7071067811865540100, 0.7071067811865410200, 0.0000000000000000000 ) ) ;
#7458 = CARTESIAN_POINT ( 'NONE',  ( 1684.835619920844200, 129.7884175696286500, 2041.624240722383500 ) ) ;
#7459 = VERTEX_POINT ( 'NONE', #2762 ) ;
#7460 =( BOUNDED_CURVE ( )  B_SPLINE_CURVE ( 3, ( #6982, #226, #2610, #7120 ),
 .UNSPECIFIED., .F., .F. ) 
 B_SPLINE_CURVE_WITH_KNOTS ( ( 4, 4 ),
 ( 2.359038950545962800, 3.924754560168173300 ),
 .UNSPECIFIED. ) 
 CURVE ( )  GEOMETRIC_REPRESENTATION_ITEM ( )  RATIONAL_B_SPLINE_CURVE ( ( 1.000000000000000000, 0.8059338682730881100, 0.8059338682730881100, 1.000000000000000000 ) ) 
 REPRESENTATION_ITEM ( '' )  );
#7461 = DIRECTION ( 'NONE',  ( 0.0000000000000000000, 1.000000000000000000, 3.491483361109381700E-015 ) ) ;
#7462 = ORIENTED_EDGE ( 'NONE', *, *, #8402, .F. ) ;
#7463 = ORIENTED_EDGE ( 'NONE', *, *, #7989, .F. ) ;
#7464 = COLOUR_RGB ( '',0.2862745098039215500, 0.3294117647058823500, 0.3490196078431372400 ) ;
#7465 = DIRECTION ( 'NONE',  ( 3.182806635077191500E-025, 3.491475051078775400E-015, -1.000000000000000000 ) ) ;
#7466 = CARTESIAN_POINT ( 'NONE',  ( 1699.584496483017300, 129.7792128438465200, 2076.078095688657400 ) ) ;
#7467 = CARTESIAN_POINT ( 'NONE',  ( 1829.579034764598200, -6.053513855598415300E-012, 2031.198476668999800 ) ) ;
#7468 = DIRECTION ( 'NONE',  ( -1.000000000000000000, -0.0000000000000000000, 0.0000000000000000000 ) ) ;
#7469 = DIRECTION ( 'NONE',  ( -1.000000000000000000, -0.0000000000000000000, -0.0000000000000000000 ) ) ;
#7470 = ORIENTED_EDGE ( 'NONE', *, *, #2018, .F. ) ;
#7471 = ORIENTED_EDGE ( 'NONE', *, *, #5925, .T. ) ;
#7472 = VECTOR ( 'NONE', #4388, 1000.000000000000000 ) ;
#7473 = ORIENTED_EDGE ( 'NONE', *, *, #6817, .T. ) ;
#7474 = ORIENTED_EDGE ( 'NONE', *, *, #7512, .F. ) ;
#7475 = VECTOR ( 'NONE', #4396, 1000.000000000000000 ) ;
#7476 = VECTOR ( 'NONE', #1440, 1000.000000000000000 ) ;
#7477 = CYLINDRICAL_SURFACE ( 'NONE', #1488, 14.75000000000004100 ) ;
#7478 = EDGE_CURVE ( 'NONE', #1438, #7891, #8753, .T. ) ;
#7479 = CARTESIAN_POINT ( 'NONE',  ( 1884.999999967202500, -91.99999999998453900, 2170.000000026026600 ) ) ;
#7480 = ORIENTED_EDGE ( 'NONE', *, *, #8426, .T. ) ;
#7481 = DIRECTION ( 'NONE',  ( 9.115924681779572100E-011, -0.0000000000000000000, 1.000000000000000000 ) ) ;
#7482 = ORIENTED_EDGE ( 'NONE', *, *, #2887, .T. ) ;
#7483 = EDGE_CURVE ( 'NONE', #6812, #5105, #3404, .T. ) ;
#7484 = AXIS2_PLACEMENT_3D ( 'NONE', #2874, #7380, #3574 ) ;
#7485 = LINE ( 'NONE', #6875, #2266 ) ;
#7486 = VECTOR ( 'NONE', #5166, 1000.000000000000000 ) ;
#7487 = DIRECTION ( 'NONE',  ( 0.0000000000000000000, -3.652049423109128000E-015, 1.000000000000000000 ) ) ;
#7488 = ORIENTED_EDGE ( 'NONE', *, *, #8087, .F. ) ;
#7489 = CARTESIAN_POINT ( 'NONE',  ( 1634.999999967202700, 122.4999999999966500, 2003.500000003669800 ) ) ;
#7490 = DIRECTION ( 'NONE',  ( 0.0000000000000000000, -1.000000000000000000, 0.0000000000000000000 ) ) ;
#7491 = ORIENTED_EDGE ( 'NONE', *, *, #852, .F. ) ;
#7492 = CARTESIAN_POINT ( 'NONE',  ( 1947.917255315240500, -118.9658794211577700, 2386.237679784879700 ) ) ;
#7493 = CARTESIAN_POINT ( 'NONE',  ( 1663.424946479315400, 129.7891394494877500, 2011.294877267312600 ) ) ;
#7494 = ADVANCED_FACE ( 'NONE', ( #6744 ), #8125, .T. ) ;
#7495 = VECTOR ( 'NONE', #7578, 1000.000000000000000 ) ;
#7496 = AXIS2_PLACEMENT_3D ( 'NONE', #8555, #3435, #7907 ) ;
#7497 = CARTESIAN_POINT ( 'NONE',  ( 1865.639858753980200, -86.00924963898243900, 1926.496490825587900 ) ) ;
#7498 = AXIS2_PLACEMENT_3D ( 'NONE', #5092, #918, #5712 ) ;
#7499 = ORIENTED_EDGE ( 'NONE', *, *, #8530, .F. ) ;
#7500 = CARTESIAN_POINT ( 'NONE',  ( 1640.519491166767700, 129.6416757245110600, 2069.061507298614300 ) ) ;
#7501 = ORIENTED_EDGE ( 'NONE', *, *, #8233, .F. ) ;
#7502 = DIRECTION ( 'NONE',  ( -1.000000000000000000, 0.0000000000000000000, 9.116000135825862400E-011 ) ) ;
#7503 = DIRECTION ( 'NONE',  ( -0.05230070465351359400, 0.9979568944210920300, 0.03669704579602255100 ) ) ;
#7504 = DIRECTION ( 'NONE',  ( 0.0000000000000000000, 0.0000000000000000000, -1.000000000000000000 ) ) ;
#7505 = EDGE_CURVE ( 'NONE', #7952, #6617, #3173, .T. ) ;
#7506 = VECTOR ( 'NONE', #3684, 1000.000000000000000 ) ;
#7507 = CARTESIAN_POINT ( 'NONE',  ( 1798.169474179598400, 12.44296476916961700, 2050.181877243931900 ) ) ;
#7508 = DIRECTION ( 'NONE',  ( -3.182809934755971400E-025, 1.000000000000000000, 2.901425564165518900E-035 ) ) ;
#7509 = ORIENTED_EDGE ( 'NONE', *, *, #8697, .F. ) ;
#7510 = LINE ( 'NONE', #8127, #7289 ) ;
#7511 = CARTESIAN_POINT ( 'NONE',  ( 1945.759818712904500, -130.4429944292901700, 2364.115408339866900 ) ) ;
#7512 = EDGE_CURVE ( 'NONE', #5519, #6507, #4916, .T. ) ;
#7513 = CARTESIAN_POINT ( 'NONE',  ( 1878.999999971990300, 96.99999999999617700, 2134.500000008745200 ) ) ;
#7514 = VERTEX_POINT ( 'NONE', #8039 ) ;
#7516 = ORIENTED_EDGE ( 'NONE', *, *, #4809, .F. ) ;
#7515 = DIRECTION ( 'NONE',  ( 0.0000000000000000000, 1.000000000000000000, 3.491483361109381700E-015 ) ) ;
#7517 = CARTESIAN_POINT ( 'NONE',  ( 1676.052549790086500, -80.00000000000365200, 2124.764361134498400 ) ) ;
#7518 = LINE ( 'NONE', #2595, #5639 ) ;
#7519 = DIRECTION ( 'NONE',  ( 0.0000000000000000000, -1.000000000000000000, 0.0000000000000000000 ) ) ;
#7520 = CARTESIAN_POINT ( 'NONE',  ( 1719.409017350307100, 129.7803158000290600, 2107.389487408233900 ) ) ;
#7521 = CARTESIAN_POINT ( 'NONE',  ( 1649.999999967202500, 71.99999999999646100, 2080.000000026026600 ) ) ;
#7522 = ORIENTED_EDGE ( 'NONE', *, *, #6981, .F. ) ;
#7523 = AXIS2_PLACEMENT_3D ( 'NONE', #6740, #4911, #8107 ) ;
#7524 = ORIENTED_EDGE ( 'NONE', *, *, #1306, .F. ) ;
#7525 = DIRECTION ( 'NONE',  ( 0.01252157459505248900, -0.9987768383827041500, -0.04783343265865868500 ) ) ;
#7526 = VECTOR ( 'NONE', #4101, 1000.000000000000000 ) ;
#7527 = CARTESIAN_POINT ( 'NONE',  ( 1844.543474161586800, -43.01600424201769400, 1957.788860104165500 ) ) ;
#7528 = CARTESIAN_POINT ( 'NONE',  ( 1864.999999933194900, -45.00000000000233100, 1706.941558779269600 ) ) ;
#7529 = EDGE_CURVE ( 'NONE', #306, #6275, #6356, .T. ) ;
#7530 = CARTESIAN_POINT ( 'NONE',  ( 1963.949631595302700, 83.51428200213065600, 1919.000000002325100 ) ) ;
#7531 = ORIENTED_EDGE ( 'NONE', *, *, #3453, .T. ) ;
#7532 = VERTEX_POINT ( 'NONE', #1374 ) ;
#7533 = EDGE_CURVE ( 'NONE', #1976, #8634, #4717, .T. ) ;
#7534 = DIRECTION ( 'NONE',  ( -1.000000000000000000, 0.0000000000000000000, 9.118355186035717600E-011 ) ) ;
#7535 = AXIS2_PLACEMENT_3D ( 'NONE', #7859, #4062, #8537 ) ;
#7536 = ADVANCED_FACE ( 'NONE', ( #4525 ), #741, .F. ) ;
#7537 = ORIENTED_EDGE ( 'NONE', *, *, #3385, .T. ) ;
#7538 = CARTESIAN_POINT ( 'NONE',  ( 1954.325852355216500, -130.3221875120790400, 2341.159872248316800 ) ) ;
#7539 = ORIENTED_EDGE ( 'NONE', *, *, #5208, .T. ) ;
#7540 = CARTESIAN_POINT ( 'NONE',  ( 1829.160540857788400, -33.48480033194846300, 1895.000000009617200 ) ) ;
#7541 = FACE_OUTER_BOUND ( 'NONE', #1423, .T. ) ;
#7542 = CARTESIAN_POINT ( 'NONE',  ( 1866.249999952526000, -75.77722283114124500, 1885.500000009617900 ) ) ;
#7543 = AXIS2_PLACEMENT_3D ( 'NONE', #5226, #5004, #4978 ) ;
#7544 = ORIENTED_EDGE ( 'NONE', *, *, #3659, .F. ) ;
#7545 = AXIS2_PLACEMENT_3D ( 'NONE', #699, #8135, #1450 ) ;
#7546 = VERTEX_POINT ( 'NONE', #3590 ) ;
#7547 = CARTESIAN_POINT ( 'NONE',  ( 1994.719999397111500, -175.9999999999878400, 2404.254424353543500 ) ) ;
#7548 = CARTESIAN_POINT ( 'NONE',  ( 1673.212689169718300, 129.6875214309562000, 2092.405566695145800 ) ) ;
#7549 = CONICAL_SURFACE ( 'NONE', #1560, 9.737961103584824600, 0.05235987755983498300 ) ;
#7550 = CARTESIAN_POINT ( 'NONE',  ( 2014.762684108181900, -9.053683279409400000, 1950.657960749483900 ) ) ;
#7551 = EDGE_CURVE ( 'NONE', #8789, #1873, #978, .T. ) ;
#7552 = ORIENTED_EDGE ( 'NONE', *, *, #5477, .F. ) ;
#7553 = CARTESIAN_POINT ( 'NONE',  ( 1622.519128000934400, 91.77999999999639200, 2035.613440710877300 ) ) ;
#7554 = ORIENTED_EDGE ( 'NONE', *, *, #397, .F. ) ;
#7555 = DIRECTION ( 'NONE',  ( 9.115936927843110400E-011, -3.491483361109382100E-015, 1.000000000000000000 ) ) ;
#7556 = CARTESIAN_POINT ( 'NONE',  ( 1884.999999967202500, -103.0070643417389000, 2185.000000026026600 ) ) ;
#7557 = DIRECTION ( 'NONE',  ( -9.116527603211088700E-011, 4.943618894426031000E-015, -1.000000000000000000 ) ) ;
#7558 = FACE_OUTER_BOUND ( 'NONE', #7224, .T. ) ;
#7559 = VERTEX_POINT ( 'NONE', #6116 ) ;
#7560 = ORIENTED_EDGE ( 'NONE', *, *, #7512, .T. ) ;
#7561 = ORIENTED_EDGE ( 'NONE', *, *, #6184, .T. ) ;
#7562 = EDGE_CURVE ( 'NONE', #1226, #2981, #2710, .T. ) ;
#7563 = VERTEX_POINT ( 'NONE', #1406 ) ;
#7564 = ORIENTED_EDGE ( 'NONE', *, *, #4784, .F. ) ;
#7565 = FACE_OUTER_BOUND ( 'NONE', #3446, .T. ) ;
#7566 = CARTESIAN_POINT ( 'NONE',  ( 1977.548899834374900, -130.0615958420574700, 2323.129717119703900 ) ) ;
#7567 = CARTESIAN_POINT ( 'NONE',  ( 1909.999999948150400, -2.868829387380752800E-012, 1871.000000002324900 ) ) ;
#7568 =( BOUNDED_CURVE ( )  B_SPLINE_CURVE ( 3, ( #6565, #7913, #4733, #490 ),
 .UNSPECIFIED., .F., .T. ) 
 B_SPLINE_CURVE_WITH_KNOTS ( ( 4, 4 ),
 ( 1.273718516540920400, 3.141592651850371200 ),
 .UNSPECIFIED. ) 
 CURVE ( )  GEOMETRIC_REPRESENTATION_ITEM ( )  RATIONAL_B_SPLINE_CURVE ( ( 1.000000000000000000, 0.7297822167617680200, 0.7297822167617680200, 1.000000000000000000 ) ) 
 REPRESENTATION_ITEM ( '' )  );
#7569 = ORIENTED_EDGE ( 'NONE', *, *, #181, .T. ) ;
#7570 = DIRECTION ( 'NONE',  ( 1.200881365871955200E-015, 1.000000000000000000, 7.071856932357071700E-015 ) ) ;
#7571 = ORIENTED_EDGE ( 'NONE', *, *, #7118, .T. ) ;
#7572 = LINE ( 'NONE', #5199, #7356 ) ;
#7573 = VERTEX_POINT ( 'NONE', #4873 ) ;
#7574 = CYLINDRICAL_SURFACE ( 'NONE', #158, 10.99999999999991300 ) ;
#7575 = CARTESIAN_POINT ( 'NONE',  ( 1963.999999955544600, 442.6061832091984900, 1952.114278444849300 ) ) ;
#7576 = MECHANICAL_DESIGN_GEOMETRIC_PRESENTATION_REPRESENTATION (  '', ( #6681 ), #8044 ) ;
#7577 = LINE ( 'NONE', #2050, #3820 ) ;
#7578 = DIRECTION ( 'NONE',  ( 0.0000000000000000000, 1.000000000000000000, 0.0000000000000000000 ) ) ;
#7579 = CARTESIAN_POINT ( 'NONE',  ( 1814.225292585302200, 91.77999999999634900, 1979.500000011055800 ) ) ;
#7580 = VECTOR ( 'NONE', #1874, 1000.000000000000000 ) ;
#7581 = CARTESIAN_POINT ( 'NONE',  ( 2035.877533235816800, -105.1005658734664100, 2419.768979518652500 ) ) ;
#7582 = DIRECTION ( 'NONE',  ( -3.182806635077191500E-025, -3.491475051078775400E-015, 1.000000000000000000 ) ) ;
#7583 = ADVANCED_FACE ( 'NONE', ( #1208 ), #8094, .T. ) ;
#7584 = CARTESIAN_POINT ( 'NONE',  ( 1869.999999971989200, 51.99999999999580800, 2146.500000008745200 ) ) ;
#7585 = EDGE_CURVE ( 'NONE', #5030, #7374, #5979, .T. ) ;
#7586 = ORIENTED_EDGE ( 'NONE', *, *, #3340, .T. ) ;
#7587 = ORIENTED_EDGE ( 'NONE', *, *, #1365, .T. ) ;
#7588 = DIRECTION ( 'NONE',  ( 0.0000000000000000000, -1.000000000000000000, 0.0000000000000000000 ) ) ;
#7589 = VECTOR ( 'NONE', #7680, 1000.000000000000000 ) ;
#7590 = LINE ( 'NONE', #295, #4514 ) ;
#7591 = DIRECTION ( 'NONE',  ( 0.0000000000000000000, 0.0000000000000000000, 1.000000000000000000 ) ) ;
#7592 = VECTOR ( 'NONE', #4679, 999.9999999999998900 ) ;
#7593 = CARTESIAN_POINT ( 'NONE',  ( 2014.894132072599900, 15.20917543693761700, 1953.712431711773900 ) ) ;
#7594 = CARTESIAN_POINT ( 'NONE',  ( 1994.999999967202300, -104.4142106840449900, 2342.500000026027500 ) ) ;
#7595 = DIRECTION ( 'NONE',  ( -9.115830098789027600E-011, 4.133910621102674500E-015, -1.000000000000000000 ) ) ;
#7596 = DIRECTION ( 'NONE',  ( -1.000000000000000000, 0.0000000000000000000, 9.115784353800602600E-011 ) ) ;
#7597 = ORIENTED_EDGE ( 'NONE', *, *, #3805, .T. ) ;
#7598 = ORIENTED_EDGE ( 'NONE', *, *, #6127, .F. ) ;
#7599 = EDGE_CURVE ( 'NONE', #2930, #7942, #2497, .T. ) ;
#7600 = CARTESIAN_POINT ( 'NONE',  ( 1953.009166901733400, 65.26203700905028900, 1961.499999998463000 ) ) ;
#7601 = CONICAL_SURFACE ( 'NONE', #2475, 52.00350918079266200, 0.05235987755982023100 ) ;
#7602 = CARTESIAN_POINT ( 'NONE',  ( 1863.000172020743800, 64.89976603539364000, 1961.500000075245000 ) ) ;
#7603 = FACE_OUTER_BOUND ( 'NONE', #739, .T. ) ;
#7604 = AXIS2_PLACEMENT_3D ( 'NONE', #2826, #2916, #2870 ) ;
#7605 = AXIS2_PLACEMENT_3D ( 'NONE', #4981, #785, #5612 ) ;
#7606 = EDGE_LOOP ( 'NONE', ( #1984, #5574, #5761, #5949 ) ) ;
#7607 = DIRECTION ( 'NONE',  ( 1.000000000000000000, -3.179473803589592800E-012, -9.104821714599555200E-011 ) ) ;
#7608 = ADVANCED_FACE ( 'NONE', ( #4133 ), #270, .T. ) ;
#7609 = FACE_OUTER_BOUND ( 'NONE', #4695, .T. ) ;
#7610 = CARTESIAN_POINT ( 'NONE',  ( 1894.133640099876400, -57.59023623911488000, 1894.000000002324400 ) ) ;
#7611 = EDGE_CURVE ( 'NONE', #6948, #4003, #2257, .T. ) ;
#7612 = CARTESIAN_POINT ( 'NONE',  ( 1910.313400472247200, 76.49992168513466600, 1961.500000002296900 ) ) ;
#7613 = ORIENTED_EDGE ( 'NONE', *, *, #8282, .T. ) ;
#7614 = DIRECTION ( 'NONE',  ( -0.0000000000000000000, -1.000000000000000000, -0.0000000000000000000 ) ) ;
#7615 = CARTESIAN_POINT ( 'NONE',  ( 1905.499999947512200, 83.49999999999711500, 1874.300000002324400 ) ) ;
#7616 = EDGE_LOOP ( 'NONE', ( #2600, #8384, #3019, #5855 ) ) ;
#7617 = DIRECTION ( 'NONE',  ( 0.0000000000000000000, -7.205288195231731400E-015, 1.000000000000000000 ) ) ;
#7618 = FACE_OUTER_BOUND ( 'NONE', #7441, .T. ) ;
#7619 = AXIS2_PLACEMENT_3D ( 'NONE', #7318, #3545, #8018 ) ;
#7620 = CARTESIAN_POINT ( 'NONE',  ( 1961.648000531724600, -84.97093430522518500, 1919.000000002324900 ) ) ;
#7621 = AXIS2_PLACEMENT_3D ( 'NONE', #3609, #6132, #2179 ) ;
#7622 = CARTESIAN_POINT ( 'NONE',  ( 1829.160540857791400, 40.13480033194934300, 1895.000000009617700 ) ) ;
#7623 = CARTESIAN_POINT ( 'NONE',  ( 1808.820886166488200, 104.1373973156107700, 1927.216335070461100 ) ) ;
#7624 = ORIENTED_EDGE ( 'NONE', *, *, #7960, .T. ) ;
#7625 = CARTESIAN_POINT ( 'NONE',  ( 1961.902456157008400, -89.55270422764189700, 1943.188987055895300 ) ) ;
#7626 = CARTESIAN_POINT ( 'NONE',  ( 1994.999999967202500, -92.00000000000000000, 2326.600000026028300 ) ) ;
#7627 = ORIENTED_EDGE ( 'NONE', *, *, #302, .F. ) ;
#7628 = EDGE_CURVE ( 'NONE', #62, #1389, #505, .T. ) ;
#7629 = DIRECTION ( 'NONE',  ( -0.8646527788078373100, -1.754016340439584200E-015, 0.5023699554112340800 ) ) ;
#7630 = LINE ( 'NONE', #2802, #3867 ) ;
#7631 = ADVANCED_FACE ( 'NONE', ( #1914 ), #3626, .T. ) ;
#7632 = B_SPLINE_CURVE_WITH_KNOTS ( 'NONE', 3,
 ( #2657, #6526, #5325, #1198, #5940, #1941, #6552, #2685, #7203, #3427, #7898, #4102 ),
 .UNSPECIFIED., .F., .F.,
 ( 4, 2, 2, 2, 2, 4 ),
 ( 2.220446049250313100E-016, 0.006983610982470713600, 0.01396722196494120500, 0.01745902745617644900, 0.02095083294741169700, 0.02793444392988305600 ),
 .UNSPECIFIED. ) ;
#7633 = DIRECTION ( 'NONE',  ( -1.000000000000000000, 0.0000000000000000000, 9.116360357937172900E-011 ) ) ;
#7634 = ORIENTED_EDGE ( 'NONE', *, *, #8748, .T. ) ;
#7635 = EDGE_LOOP ( 'NONE', ( #7904, #8750, #4238, #6073 ) ) ;
#7636 = VERTEX_POINT ( 'NONE', #8817 ) ;
#7637 = PLANE ( 'NONE',  #2847 ) ;
#7638 = DIRECTION ( 'NONE',  ( 0.0000000000000000000, 1.125859183588297100E-014, -1.000000000000000000 ) ) ;
#7639 = ORIENTED_EDGE ( 'NONE', *, *, #6147, .F. ) ;
#7640 = DIRECTION ( 'NONE',  ( 0.5067733526388323900, 0.03489949670249804100, 0.8613726221474131700 ) ) ;
#7641 = ORIENTED_EDGE ( 'NONE', *, *, #4191, .F. ) ;
#7642 = LINE ( 'NONE', #6327, #5743 ) ;
#7643 = CARTESIAN_POINT ( 'NONE',  ( 1938.499999952526200, -115.2500000000067100, 1891.000000002324400 ) ) ;
#7644 = CARTESIAN_POINT ( 'NONE',  ( 1649.999999953209200, -86.00924963875270600, 1926.496490845233700 ) ) ;
#7645 = ORIENTED_EDGE ( 'NONE', *, *, #1856, .F. ) ;
#7646 = CARTESIAN_POINT ( 'NONE',  ( 1953.021549052188200, 65.61366749183028400, 1954.790330793888600 ) ) ;
#7647 = DIRECTION ( 'NONE',  ( -9.115924681779572100E-011, 3.546085137301702500E-015, -1.000000000000000000 ) ) ;
#7648 = CARTESIAN_POINT ( 'NONE',  ( 1804.239555745539500, 92.57143724013471300, 1927.282064417673800 ) ) ;
#7649 = FACE_BOUND ( 'NONE', #301, .T. ) ;
#7650 = ADVANCED_FACE ( 'NONE', ( #7603 ), #5127, .T. ) ;
#7651 = CARTESIAN_POINT ( 'NONE',  ( 2005.663374609673600, 40.10871032248734000, 1941.660822105920900 ) ) ;
#7652 = EDGE_CURVE ( 'NONE', #94, #718, #6755, .T. ) ;
#7653 = DIRECTION ( 'NONE',  ( -9.115936927843110400E-011, 3.491483361109382100E-015, -1.000000000000000000 ) ) ;
#7654 = ORIENTED_EDGE ( 'NONE', *, *, #445, .F. ) ;
#7655 = EDGE_CURVE ( 'NONE', #8006, #3456, #3263, .T. ) ;
#7656 = VERTEX_POINT ( 'NONE', #2982 ) ;
#7657 = PLANE ( 'NONE',  #2983 ) ;
#7658 = AXIS2_PLACEMENT_3D ( 'NONE', #4471, #5096, #925 ) ;
#7659 = CARTESIAN_POINT ( 'NONE',  ( 1977.278224419345000, -5.859923006903875200E-012, 1951.650592627876000 ) ) ;
#7660 = CIRCLE ( 'NONE', #4658, 10.99999999999991300 ) ;
#7661 = SURFACE_SIDE_STYLE ('',( #6162 ) ) ;
#7662 = VERTEX_POINT ( 'NONE', #1501 ) ;
#7663 = CARTESIAN_POINT ( 'NONE',  ( 1797.736766025242300, 119.9478416020307200, 1930.411343881635500 ) ) ;
#7664 = VERTEX_POINT ( 'NONE', #2286 ) ;
#7665 = VECTOR ( 'NONE', #3441, 1000.000000000000000 ) ;
#7666 = VERTEX_POINT ( 'NONE', #6838 ) ;
#7667 = ORIENTED_EDGE ( 'NONE', *, *, #3068, .F. ) ;
#7668 = DIRECTION ( 'NONE',  ( 0.0000000000000000000, -0.0000000000000000000, 1.000000000000000000 ) ) ;
#7669 = CARTESIAN_POINT ( 'NONE',  ( 1880.129271050829900, 91.64459996543583000, 1926.299700054492000 ) ) ;
#7670 = VERTEX_POINT ( 'NONE', #7517 ) ;
#7671 = CARTESIAN_POINT ( 'NONE',  ( 1877.418579828292000, 113.1108220633785400, 1936.820617265292000 ) ) ;
#7672 = DIRECTION ( 'NONE',  ( -9.103431842761787400E-011, -0.05233595624294046900, -0.9986295347545741700 ) ) ;
#7673 = ADVANCED_FACE ( 'NONE', ( #1683 ), #1452, .T. ) ;
#7674 = EDGE_CURVE ( 'NONE', #1764, #6246, #1557, .T. ) ;
#7675 = FACE_BOUND ( 'NONE', #4414, .T. ) ;
#7676 = CARTESIAN_POINT ( 'NONE',  ( 1938.999999935018000, 62.21677477306195000, 1726.941558772524300 ) ) ;
#7677 = DIRECTION ( 'NONE',  ( 0.0000000000000000000, 2.921639538487234500E-015, -1.000000000000000000 ) ) ;
#7678 = CARTESIAN_POINT ( 'NONE',  ( 1824.049677211913400, 86.98320333461207100, 1926.462479616858200 ) ) ;
#7679 = CARTESIAN_POINT ( 'NONE',  ( 1968.940349900808100, -82.91884844345371200, 1930.569263629430500 ) ) ;
#7680 = DIRECTION ( 'NONE',  ( -3.182806635077191500E-025, -3.491475051078775400E-015, 1.000000000000000000 ) ) ;
#7681 = VERTEX_POINT ( 'NONE', #4363 ) ;
#7682 = ORIENTED_EDGE ( 'NONE', *, *, #4424, .F. ) ;
#7683 = CARTESIAN_POINT ( 'NONE',  ( 1964.999999967202500, -103.5547225023947200, 2245.000000026026600 ) ) ;
#7684 = ORIENTED_EDGE ( 'NONE', *, *, #4229, .F. ) ;
#7685 = CIRCLE ( 'NONE', #7787, 22.26203889641209300 ) ;
#7686 = EDGE_CURVE ( 'NONE', #5056, #6207, #5314, .T. ) ;
#7687 = DIRECTION ( 'NONE',  ( 0.0000000000000000000, -3.083952846181025600E-015, 1.000000000000000000 ) ) ;
#7688 =( BOUNDED_CURVE ( )  B_SPLINE_CURVE ( 3, ( #423, #330, #244, #211 ),
 .UNSPECIFIED., .F., .F. ) 
 B_SPLINE_CURVE_WITH_KNOTS ( ( 4, 4 ),
 ( 1.739422090714005100E-009, 3.141592655329215100 ),
 .UNSPECIFIED. ) 
 CURVE ( )  GEOMETRIC_REPRESENTATION_ITEM ( )  RATIONAL_B_SPLINE_CURVE ( ( 1.000000000000000000, 0.3333333333333333700, 0.3333333333333333700, 1.000000000000000000 ) ) 
 REPRESENTATION_ITEM ( '' )  );
#7689 = VERTEX_POINT ( 'NONE', #8241 ) ;
#7690 = ORIENTED_EDGE ( 'NONE', *, *, #8050, .T. ) ;
#7691 = DIRECTION ( 'NONE',  ( 0.0000000000000000000, 0.9986295347545741700, -0.05233595624294046900 ) ) ;
#7692 = ORIENTED_EDGE ( 'NONE', *, *, #793, .T. ) ;
#7693 = CIRCLE ( 'NONE', #4692, 3.400000000000138900 ) ;
#7694 = VECTOR ( 'NONE', #5502, 1000.000000000000000 ) ;
#7695 = ORIENTED_EDGE ( 'NONE', *, *, #5392, .T. ) ;
#7696 = DIRECTION ( 'NONE',  ( 0.0000000000000000000, 1.000000000000000000, 3.491483361109382500E-015 ) ) ;
#7697 = ADVANCED_FACE ( 'NONE', ( #6554 ), #3759, .F. ) ;
#7698 = CIRCLE ( 'NONE', #2969, 67.50000000000011400 ) ;
#7699 = VERTEX_POINT ( 'NONE', #2353 ) ;
#7700 = CARTESIAN_POINT ( 'NONE',  ( 1884.999999967202500, -500000.0000000000600, 2095.000000026027000 ) ) ;
#7701 = ORIENTED_EDGE ( 'NONE', *, *, #4680, .F. ) ;
#7702 = CARTESIAN_POINT ( 'NONE',  ( 1671.640681002311800, -130.5578517592163900, 2035.128660982780700 ) ) ;
#7703 = DIRECTION ( 'NONE',  ( 0.0000000000000000000, -2.921639538487302800E-015, 1.000000000000000000 ) ) ;
#7704 = EDGE_LOOP ( 'NONE', ( #4173, #782, #4754, #3211 ) ) ;
#7705 = CARTESIAN_POINT ( 'NONE',  ( 1873.515459271506900, 114.0760095883775000, 1946.206264982191200 ) ) ;
#7706 = CYLINDRICAL_SURFACE ( 'NONE', #7545, 3.400000000000069600 ) ;
#7707 = FACE_OUTER_BOUND ( 'NONE', #1242, .T. ) ;
#7708 = EDGE_CURVE ( 'NONE', #8539, #2981, #4925, .T. ) ;
#7709 = DIRECTION ( 'NONE',  ( -3.182806635077191500E-025, -3.491475051078775400E-015, 1.000000000000000000 ) ) ;
#7710 = ORIENTED_EDGE ( 'NONE', *, *, #1210, .F. ) ;
#7711 = DIRECTION ( 'NONE',  ( 0.0000000000000000000, -5.489923971775834700E-015, 1.000000000000000000 ) ) ;
#7712 = ORIENTED_EDGE ( 'NONE', *, *, #6050, .T. ) ;
#7713 = DIRECTION ( 'NONE',  ( 0.0000000000000000000, -0.0000000000000000000, 1.000000000000000000 ) ) ;
#7714 = CARTESIAN_POINT ( 'NONE',  ( 1990.740797294003900, 61.62818956837288900, 1929.807975229287200 ) ) ;
#7715 = CIRCLE ( 'NONE', #2160, 69.99999999999992900 ) ;
#7716 = PLANE ( 'NONE',  #7075 ) ;
#7717 = VERTEX_POINT ( 'NONE', #6893 ) ;
#7718 = ADVANCED_FACE ( 'NONE', ( #8551 ), #859, .T. ) ;
#7719 = EDGE_LOOP ( 'NONE', ( #5767, #7881, #5285, #6818 ) ) ;
#7720 = CARTESIAN_POINT ( 'NONE',  ( 1970.000344831878500, 86.79421977932123900, 1954.937510206724000 ) ) ;
#7721 = LINE ( 'NONE', #2965, #7506 ) ;
#7722 = AXIS2_PLACEMENT_3D ( 'NONE', #6161, #8756, #5554 ) ;
#7723 = ORIENTED_EDGE ( 'NONE', *, *, #287, .F. ) ;
#7724 = DIRECTION ( 'NONE',  ( -0.0000000000000000000, 1.000000000000000000, 3.491483361109382100E-015 ) ) ;
#7725 = EDGE_CURVE ( 'NONE', #7296, #7089, #1221, .T. ) ;
#7726 = VECTOR ( 'NONE', #2162, 1000.000000000000000 ) ;
#7727 = CARTESIAN_POINT ( 'NONE',  ( 1693.386786734891500, -130.5627449789363900, 2055.517748728015700 ) ) ;
#7728 = CARTESIAN_POINT ( 'NONE',  ( 1877.986417471719100, 114.1483890306091100, 1954.621497638446500 ) ) ;
#7729 = CARTESIAN_POINT ( 'NONE',  ( 1842.967580085798500, -1.748709684001870100E-012, 1956.340823691194400 ) ) ;
#7730 = ORIENTED_EDGE ( 'NONE', *, *, #2404, .T. ) ;
#7731 = EDGE_LOOP ( 'NONE', ( #1721, #264, #7756, #6521, #7682, #2857 ) ) ;
#7732 = DIRECTION ( 'NONE',  ( -9.115936927843110400E-011, 3.491483361109382100E-015, -1.000000000000000000 ) ) ;
#7733 = AXIS2_PLACEMENT_3D ( 'NONE', #1072, #5843, #1813 ) ;
#7734 = CARTESIAN_POINT ( 'NONE',  ( 2001.986168299306900, -129.8012057081070100, 2320.439225938579100 ) ) ;
#7735 = CIRCLE ( 'NONE', #2755, 50.22873113858716500 ) ;
#7736 = CARTESIAN_POINT ( 'NONE',  ( 1892.999999955949300, 72.52129251389493400, 1956.553146291897300 ) ) ;
#7737 = CARTESIAN_POINT ( 'NONE',  ( 1985.856006021191200, -64.25370255071818800, 1917.604601139365300 ) ) ;
#7738 = EDGE_CURVE ( 'NONE', #4960, #3251, #3181, .T. ) ;
#7739 = B_SPLINE_CURVE_WITH_KNOTS ( 'NONE', 3,
 ( #8362, #3880, #5148, #982, #5768, #1722, #6375, #2482, #7006, #3205, #7702, #3908, #8385, #4542, #257, #5169, #1009, #5794, #1758, #6397, #2514, #7029, #3236, #7727, #3932, #8409, #4568, #288, #5192, #1044, #5823, #1789, #6426, #2547, #7062, #3270, #7754, #3966, #8438, #4591, #316, #5219, #1079, #5848, #1820, #6452, #2578, #7095, #3304, #7788, #3996, #8472, #4615, #348, #5248, #1110 ),
 .UNSPECIFIED., .F., .F.,
 ( 4, 2, 2, 2, 2, 2, 2, 2, 2, 2, 2, 2, 2, 2, 2, 2, 2, 2, 2, 2, 2, 2, 2, 2, 2, 2, 2, 4 ),
 ( 0.02383997601710375800, 0.03169644835612661600, 0.03955292069514948500, 0.04151703877990519500, 0.04348115686466090500, 0.04740939303417172900, 0.05526586537319278000, 0.05919410154270368700, 0.06312233771221460700, 0.07097881005123690700, 0.07294292813599274900, 0.07490704622074857700, 0.07883528239026062200, 0.08669175472928497600, 0.09061999089879779800, 0.09454822706831059200, 0.1024046994073361100, 0.1063329355768488800, 0.1082970536616052600, 0.1102611717463616600, 0.1181176440853857500, 0.1220458802548977100, 0.1259741164244096400, 0.1338305887634346800, 0.1377588249329466700, 0.1397229430177026600, 0.1416870611024586800, 0.1495435334414817500 ),
 .UNSPECIFIED. ) ;
#7740 = EDGE_LOOP ( 'NONE', ( #4529, #7291, #6104 ) ) ;
#7741 = DIRECTION ( 'NONE',  ( 0.0000000000000000000, 3.315501903368561500E-015, -1.000000000000000000 ) ) ;
#7742 = ORIENTED_EDGE ( 'NONE', *, *, #6304, .F. ) ;
#7743 = FACE_OUTER_BOUND ( 'NONE', #307, .T. ) ;
#7744 = CARTESIAN_POINT ( 'NONE',  ( 1998.427706547926600, 57.44241001523445800, 1952.919192299982800 ) ) ;
#7745 = ORIENTED_EDGE ( 'NONE', *, *, #2047, .F. ) ;
#7746 = CARTESIAN_POINT ( 'NONE',  ( 0.0000000000000000000, 82.49999999999711500, 1874.300000002324400 ) ) ;
#7747 = AXIS2_PLACEMENT_3D ( 'NONE', #1903, #6519, #2650 ) ;
#7748 = ORIENTED_EDGE ( 'NONE', *, *, #4945, .F. ) ;
#7749 = DIRECTION ( 'NONE',  ( 0.0000000000000000000, 1.000000000000000000, 3.491475051101101300E-015 ) ) ;
#7750 = CARTESIAN_POINT ( 'NONE',  ( 1745.597144514048100, -130.5606791387897700, 2146.068717217068800 ) ) ;
#7751 = EDGE_CURVE ( 'NONE', #2093, #5344, #8136, .T. ) ;
#7752 = DIRECTION ( 'NONE',  ( 0.0000000000000000000, -1.000000000000000000, 0.0000000000000000000 ) ) ;
#7753 = ORIENTED_EDGE ( 'NONE', *, *, #5929, .F. ) ;
#7754 = CARTESIAN_POINT ( 'NONE',  ( 1699.446001557344500, -130.5558839338057500, 2085.964188433824300 ) ) ;
#7755 = DIRECTION ( 'NONE',  ( -0.0000000000000000000, -1.000000000000000000, -0.0000000000000000000 ) ) ;
#7756 = ORIENTED_EDGE ( 'NONE', *, *, #5254, .F. ) ;
#7757 = DIRECTION ( 'NONE',  ( -0.7071067811865523500, -0.7071067811865426900, 0.0000000000000000000 ) ) ;
#7758 = ADVANCED_FACE ( 'NONE', ( #8763 ), #3791, .T. ) ;
#7759 = CIRCLE ( 'NONE', #5345, 22.26203889637212500 ) ;
#7760 = CARTESIAN_POINT ( 'NONE',  ( 1967.349802610291100, 104.1865044205031100, 1953.107674102710200 ) ) ;
#7761 = CARTESIAN_POINT ( 'NONE',  ( 2030.486847004120400, -129.5737723935936600, 2335.374570036241900 ) ) ;
#7762 = ORIENTED_EDGE ( 'NONE', *, *, #4381, .T. ) ;
#7763 = CARTESIAN_POINT ( 'NONE',  ( 1888.999999947512400, 83.49999999999704400, 1909.000000002324700 ) ) ;
#7764 = ORIENTED_EDGE ( 'NONE', *, *, #7933, .F. ) ;
#7765 = CARTESIAN_POINT ( 'NONE',  ( 1971.240562956733600, 78.52739324205980200, 1918.114983658775100 ) ) ;
#7766 = EDGE_CURVE ( 'NONE', #3459, #1719, #6369, .T. ) ;
#7767 = CARTESIAN_POINT ( 'NONE',  ( 1814.999999952526000, -94.00000000000682100, 1931.300000002324200 ) ) ;
#7768 = ORIENTED_EDGE ( 'NONE', *, *, #749, .F. ) ;
#7769 = ORIENTED_EDGE ( 'NONE', *, *, #80, .T. ) ;
#7770 = EDGE_CURVE ( 'NONE', #6868, #1495, #988, .T. ) ;
#7771 = ORIENTED_EDGE ( 'NONE', *, *, #312, .F. ) ;
#7772 = CARTESIAN_POINT ( 'NONE',  ( 1844.999999935018000, -29.00000000000305900, 1726.941558781093100 ) ) ;
#7773 = AXIS2_PLACEMENT_3D ( 'NONE', #8536, #1929, #6541 ) ;
#7774 = CARTESIAN_POINT ( 'NONE',  ( 2015.027590434510100, 4.370393622265114100, 1950.485066250759500 ) ) ;
#7775 = ORIENTED_EDGE ( 'NONE', *, *, #5181, .F. ) ;
#7776 = LINE ( 'NONE', #2331, #2586 ) ;
#7777 = DIRECTION ( 'NONE',  ( -0.8502353283813365300, 0.0000000000000000000, 0.5264027796015905400 ) ) ;
#7778 = EDGE_CURVE ( 'NONE', #8685, #2780, #4722, .T. ) ;
#7779 = DIRECTION ( 'NONE',  ( -9.115924681779572100E-011, 3.546085137301702500E-015, -1.000000000000000000 ) ) ;
#7780 = ORIENTED_EDGE ( 'NONE', *, *, #5835, .T. ) ;
#7781 = ORIENTED_EDGE ( 'NONE', *, *, #942, .F. ) ;
#7782 = VERTEX_POINT ( 'NONE', #8360 ) ;
#7783 = ORIENTED_EDGE ( 'NONE', *, *, #4784, .T. ) ;
#7784 = CARTESIAN_POINT ( 'NONE',  ( 1671.216245917270300, -130.5676139100676200, 2005.050263433472100 ) ) ;
#7785 = DIRECTION ( 'NONE',  ( 0.8502353283813349800, -0.0000000000000000000, -0.5264027796015929800 ) ) ;
#7786 = VECTOR ( 'NONE', #1163, 1000.000000000000200 ) ;
#7787 = AXIS2_PLACEMENT_3D ( 'NONE', #1684, #6341, #2441 ) ;
#7788 = CARTESIAN_POINT ( 'NONE',  ( 1686.761195616396000, -130.5399000205049200, 2113.601903453143700 ) ) ;
#7789 = CARTESIAN_POINT ( 'NONE',  ( 1906.455725616423300, 67.62367891040678100, 1956.486679114414800 ) ) ;
#7790 = AXIS2_PLACEMENT_3D ( 'NONE', #3359, #8524, #4667 ) ;
#7791 = CARTESIAN_POINT ( 'NONE',  ( 1947.323340279653600, -126.3215517265991400, 1928.609176394117900 ) ) ;
#7792 = CARTESIAN_POINT ( 'NONE',  ( 1882.668418765714000, 116.5236056837972600, 2002.178310314212700 ) ) ;
#7793 = ORIENTED_EDGE ( 'NONE', *, *, #1022, .F. ) ;
#7794 = EDGE_CURVE ( 'NONE', #5003, #8180, #6177, .T. ) ;
#7795 = LINE ( 'NONE', #5955, #2819 ) ;
#7796 = ORIENTED_EDGE ( 'NONE', *, *, #771, .T. ) ;
#7797 = LINE ( 'NONE', #3136, #3046 ) ;
#7798 = CARTESIAN_POINT ( 'NONE',  ( 1967.457175872078600, 102.1377004900424300, 1926.837795854296900 ) ) ;
#7799 = DIRECTION ( 'NONE',  ( -0.5028917890201634000, 3.017861474071847400E-015, -0.8643493787445557500 ) ) ;
#7800 = CYLINDRICAL_SURFACE ( 'NONE', #5374, 14.99999999999968000 ) ;
#7801 = CARTESIAN_POINT ( 'NONE',  ( 1922.499999947512200, 83.49999999999707300, 1891.500000002324700 ) ) ;
#7802 = LINE ( 'NONE', #6474, #2606 ) ;
#7803 = PLANE ( 'NONE',  #6442 ) ;
#7804 = DIRECTION ( 'NONE',  ( 3.182802359415012600E-025, 3.491475051101101300E-015, -1.000000000000000000 ) ) ;
#7805 = ORIENTED_EDGE ( 'NONE', *, *, #5337, .T. ) ;
#7806 = ORIENTED_EDGE ( 'NONE', *, *, #876, .F. ) ;
#7807 = CYLINDRICAL_SURFACE ( 'NONE', #6500, 6.650000000000141600 ) ;
#7808 = CARTESIAN_POINT ( 'NONE',  ( 1949.999999971988500, 76.99999999999630500, 2081.000000008745200 ) ) ;
#7809 = ADVANCED_FACE ( 'NONE', ( #7707 ), #3878, .T. ) ;
#7810 = EDGE_CURVE ( 'NONE', #4637, #3341, #5985, .T. ) ;
#7811 = CARTESIAN_POINT ( 'NONE',  ( 1649.999999967202500, -188.6660834161337200, 2061.000000026025600 ) ) ;
#7812 = LINE ( 'NONE', #4624, #6077 ) ;
#7813 = CARTESIAN_POINT ( 'NONE',  ( 1953.009166903152400, -65.26203700894028300, 1961.500000000563700 ) ) ;
#7814 = ORIENTED_EDGE ( 'NONE', *, *, #519, .T. ) ;
#7815 = ORIENTED_EDGE ( 'NONE', *, *, #7327, .F. ) ;
#7816 = FACE_OUTER_BOUND ( 'NONE', #464, .T. ) ;
#7817 = CARTESIAN_POINT ( 'NONE',  ( 2010.252049368597900, -130.3625399225027800, 2356.353191107391000 ) ) ;
#7818 = DIRECTION ( 'NONE',  ( -9.115936927843110400E-011, 3.491483361109382100E-015, -1.000000000000000000 ) ) ;
#7819 = ORIENTED_EDGE ( 'NONE', *, *, #8228, .T. ) ;
#7820 = CARTESIAN_POINT ( 'NONE',  ( 1885.758670925572700, 113.5267187920291300, 1957.000000004471800 ) ) ;
#7821 = CARTESIAN_POINT ( 'NONE',  ( 1724.855920208677600, 129.7018477562308500, 2094.223199207038800 ) ) ;
#7822 = ORIENTED_EDGE ( 'NONE', *, *, #3987, .T. ) ;
#7823 = EDGE_CURVE ( 'NONE', #4617, #6726, #2951, .T. ) ;
#7824 = VECTOR ( 'NONE', #494, 1000.000000000000100 ) ;
#7825 = DIRECTION ( 'NONE',  ( -0.0000000000000000000, -1.000000000000000000, -3.491483361109381700E-015 ) ) ;
#7826 = CARTESIAN_POINT ( 'NONE',  ( 1967.384954008850600, 103.5157757645808500, 1944.346601925708200 ) ) ;
#7827 = CARTESIAN_POINT ( 'NONE',  ( 1811.691038051927800, -3.670790594452725000, 1929.435912629943700 ) ) ;
#7828 = ORIENTED_EDGE ( 'NONE', *, *, #3659, .T. ) ;
#7829 = DIRECTION ( 'NONE',  ( 0.0000000000000000000, 1.000000000000000000, 0.0000000000000000000 ) ) ;
#7830 = EDGE_CURVE ( 'NONE', #2432, #3900, #2718, .T. ) ;
#7831 = PRESENTATION_LAYER_ASSIGNMENT (  '', '', ( #6914 ) ) ;
#7832 = ORIENTED_EDGE ( 'NONE', *, *, #1429, .F. ) ;
#7833 = DIRECTION ( 'NONE',  ( 1.000000000000000000, 0.0000000000000000000, 0.0000000000000000000 ) ) ;
#7834 = VECTOR ( 'NONE', #3337, 1000.000000000000200 ) ;
#7835 = DIRECTION ( 'NONE',  ( -1.000000000000000000, -3.182809934755971400E-025, 9.115924681779572100E-011 ) ) ;
#7836 = ORIENTED_EDGE ( 'NONE', *, *, #7035, .T. ) ;
#7837 = EDGE_LOOP ( 'NONE', ( #4361, #4547 ) ) ;
#7838 = DIRECTION ( 'NONE',  ( 0.0000000000000000000, -3.491483361109382500E-015, 1.000000000000000000 ) ) ;
#7839 = AXIS2_PLACEMENT_3D ( 'NONE', #4528, #1388, #6042 ) ;
#7840 = CARTESIAN_POINT ( 'NONE',  ( 1884.999999967202500, -91.99999999998453900, 2125.000000026026100 ) ) ;
#7841 = ORIENTED_EDGE ( 'NONE', *, *, #2893, .F. ) ;
#7842 = ORIENTED_EDGE ( 'NONE', *, *, #2047, .T. ) ;
#7843 = EDGE_CURVE ( 'NONE', #7064, #5565, #4348, .T. ) ;
#7844 = VERTEX_POINT ( 'NONE', #2513 ) ;
#7845 = CARTESIAN_POINT ( 'NONE',  ( 1676.263353751746500, 79.99999999999617700, 2124.640338350800900 ) ) ;
#7846 = CARTESIAN_POINT ( 'NONE',  ( 1880.744650125058300, -130.5367068040604600, 2436.534586381284500 ) ) ;
#7847 = VECTOR ( 'NONE', #6852, 1000.000000000000000 ) ;
#7848 = CARTESIAN_POINT ( 'NONE',  ( 1894.750440959135200, 112.2781125362622800, 1951.609072633962300 ) ) ;
#7849 = DIRECTION ( 'NONE',  ( -1.682678671044006900E-039, -1.000000000000000000, -5.355640838901736500E-064 ) ) ;
#7850 = ADVANCED_FACE ( 'NONE', ( #5801 ), #5792, .T. ) ;
#7851 =( BOUNDED_SURFACE ( )  B_SPLINE_SURFACE ( 3, 3, ( 
 ( #4752, #4723, #2008, #6606 ),
 ( #2747, #7264, #3485, #7957 ),
 ( #4155, #8631, #4777, #544 ),
 ( #5407, #1296, #6024, #2045 ) ),
 .UNSPECIFIED., .F., .F., .F. ) 
 B_SPLINE_SURFACE_WITH_KNOTS ( ( 4, 4 ),
 ( 4, 4 ),
 ( 0.1398545267423204100, 0.8768203087655959100 ),
 ( 0.0000000000000000000, 0.9899064864072132400 ),
 .UNSPECIFIED. ) 
 GEOMETRIC_REPRESENTATION_ITEM ( )  RATIONAL_B_SPLINE_SURFACE ( (
 ( 0.9976519480193605200, 0.9961900182507893400, 0.9947280884822182800, 0.9932661587136472100),
 ( 0.9941981789489617900, 0.9905858845975715800, 0.9869735902461812500, 0.9833612958947911500),
 ( 0.9942781341828985700, 0.9907156210704285400, 0.9871531079579584100, 0.9835905948454885000),
 ( 0.9978918137211708600, 0.9965792276693603600, 0.9952666416175501900, 0.9939540555657396800) ) ) 
 REPRESENTATION_ITEM ( '' )  SURFACE ( )  );
#7852 = EDGE_LOOP ( 'NONE', ( #342, #1995, #475, #1876, #2939, #4378 ) ) ;
#7853 = CARTESIAN_POINT ( 'NONE',  ( 1676.153820351554000, -127.9368992301327700, 2122.398836818839300 ) ) ;
#7854 = CARTESIAN_POINT ( 'NONE',  ( 1976.724438973915500, -28.70430952579499000, 1952.672918811114000 ) ) ;
#7855 = VERTEX_POINT ( 'NONE', #1041 ) ;
#7856 = AXIS2_PLACEMENT_3D ( 'NONE', #4039, #4688, #435 ) ;
#7857 = VECTOR ( 'NONE', #4420, 1000.000000000000000 ) ;
#7858 = EDGE_CURVE ( 'NONE', #6646, #5354, #2267, .T. ) ;
#7859 = CARTESIAN_POINT ( 'NONE',  ( 1864.999999956400400, 44.99999999999673900, 1961.499999999647800 ) ) ;
#7860 = ADVANCED_FACE ( 'NONE', ( #4143 ), #6424, .F. ) ;
#7861 = EDGE_LOOP ( 'NONE', ( #7690, #3794 ) ) ;
#7862 = DIRECTION ( 'NONE',  ( -3.182806635077191500E-025, -3.491475051078775400E-015, 1.000000000000000000 ) ) ;
#7863 = CARTESIAN_POINT ( 'NONE',  ( 1626.909945577154500, -130.5336078553816000, 2035.876430493805900 ) ) ;
#7864 = FACE_OUTER_BOUND ( 'NONE', #8292, .T. ) ;
#7865 = ORIENTED_EDGE ( 'NONE', *, *, #3621, .F. ) ;
#7866 = CARTESIAN_POINT ( 'NONE',  ( 1688.964436242834200, 129.6970809847326800, 2111.704320338962600 ) ) ;
#7867 = ORIENTED_EDGE ( 'NONE', *, *, #332, .F. ) ;
#7868 = LINE ( 'NONE', #8522, #2673 ) ;
#7869 = DIRECTION ( 'NONE',  ( -0.0000000000000000000, 1.000000000000000000, 3.491483361109382500E-015 ) ) ;
#7870 = EDGE_CURVE ( 'NONE', #3697, #6084, #280, .T. ) ;
#7871 = DIRECTION ( 'NONE',  ( -3.182806635077192000E-025, -3.491475051078775400E-015, 1.000000000000000000 ) ) ;
#7872 = CARTESIAN_POINT ( 'NONE',  ( 1964.605787947084300, -90.30165515553562700, 1955.248449285391600 ) ) ;
#7873 = CARTESIAN_POINT ( 'NONE',  ( 1812.969218399373900, -130.5485433110329400, 2291.426516457966500 ) ) ;
#7874 = EDGE_LOOP ( 'NONE', ( #2390, #8625, #7482, #2619 ) ) ;
#7875 = CARTESIAN_POINT ( 'NONE',  ( 1896.140819033490100, 111.5506583923809700, 1942.550109664711300 ) ) ;
#7876 = PLANE ( 'NONE',  #6600 ) ;
#7877 = ORIENTED_EDGE ( 'NONE', *, *, #8197, .F. ) ;
#7878 = FACE_OUTER_BOUND ( 'NONE', #8688, .T. ) ;
#7879 = CARTESIAN_POINT ( 'NONE',  ( 1649.999999967202500, -86.00924963875307600, 2080.000000026025600 ) ) ;
#7880 = DIRECTION ( 'NONE',  ( 0.0000000000000000000, -1.000000000000000000, 0.0000000000000000000 ) ) ;
#7881 = ORIENTED_EDGE ( 'NONE', *, *, #1645, .T. ) ;
#7882 = DIRECTION ( 'NONE',  ( -1.000000000000000000, 2.664535259100377700E-015, 9.115982822406393400E-011 ) ) ;
#7883 = VERTEX_POINT ( 'NONE', #5845 ) ;
#7884 = VERTEX_POINT ( 'NONE', #6450 ) ;
#7885 = CARTESIAN_POINT ( 'NONE',  ( 1871.841650927247700, 67.66922058785942800, 1957.697020560774000 ) ) ;
#7886 = AXIS2_PLACEMENT_3D ( 'NONE', #1272, #1243, #1149 ) ;
#7887 = PLANE ( 'NONE',  #2320 ) ;
#7888 = ADVANCED_FACE ( 'NONE', ( #7263 ), #2543, .T. ) ;
#7889 = ORIENTED_EDGE ( 'NONE', *, *, #5602, .F. ) ;
#7890 = VERTEX_POINT ( 'NONE', #1818 ) ;
#7891 = VERTEX_POINT ( 'NONE', #8470 ) ;
#7892 = CARTESIAN_POINT ( 'NONE',  ( 1698.835157031619900, 129.7528223498636400, 2091.826823859525600 ) ) ;
#7893 = FACE_OUTER_BOUND ( 'NONE', #6166, .T. ) ;
#7894 = EDGE_CURVE ( 'NONE', #2124, #1351, #7054, .T. ) ;
#7895 = VECTOR ( 'NONE', #7481, 1000.000000000000000 ) ;
#7896 = ORIENTED_EDGE ( 'NONE', *, *, #3698, .F. ) ;
#7897 = DIRECTION ( 'NONE',  ( 0.0000000000000000000, 3.491483361119837200E-015, -1.000000000000000000 ) ) ;
#7898 = CARTESIAN_POINT ( 'NONE',  ( 1789.531026091153800, -129.4862039291964800, 1935.128933819862600 ) ) ;
#7899 =( BOUNDED_CURVE ( )  B_SPLINE_CURVE ( 3, ( #4056, #7853, #424, #5309 ),
 .UNSPECIFIED., .F., .F. ) 
 B_SPLINE_CURVE_WITH_KNOTS ( ( 4, 4 ),
 ( 6.278369470901745700, 6.355582913533282000 ),
 .UNSPECIFIED. ) 
 CURVE ( )  GEOMETRIC_REPRESENTATION_ITEM ( )  RATIONAL_B_SPLINE_CURVE ( ( 1.000000000000000000, 0.9995032353957787900, 0.9995032353957787900, 1.000000000000000000 ) ) 
 REPRESENTATION_ITEM ( '' )  );
#7900 = ORIENTED_EDGE ( 'NONE', *, *, #7830, .F. ) ;
#7901 = ADVANCED_FACE ( 'NONE', ( #2029 ), #5246, .T. ) ;
#7902 = CARTESIAN_POINT ( 'NONE',  ( 1914.499999947512800, 82.49999999999712900, 1871.300000002325300 ) ) ;
#7903 = CARTESIAN_POINT ( 'NONE',  ( 1649.999999967202500, -86.00924963875307600, 2080.000000026025600 ) ) ;
#7904 = ORIENTED_EDGE ( 'NONE', *, *, #2791, .F. ) ;
#7905 = LINE ( 'NONE', #5515, #6168 ) ;
#7906 = CARTESIAN_POINT ( 'NONE',  ( 1890.099372255107900, 111.7057954562980300, 1935.185497331536000 ) ) ;
#7907 = DIRECTION ( 'NONE',  ( 0.0000000000000000000, -1.000000000000000000, -3.546076827293422200E-015 ) ) ;
#7908 = VECTOR ( 'NONE', #6089, 1000.000000000000000 ) ;
#7909 = EDGE_CURVE ( 'NONE', #1569, #5344, #4938, .T. ) ;
#7910 = DIRECTION ( 'NONE',  ( 3.182802359415012600E-025, 3.491475051101101300E-015, -1.000000000000000000 ) ) ;
#7911 = VERTEX_POINT ( 'NONE', #1108 ) ;
#7912 = CARTESIAN_POINT ( 'NONE',  ( 2014.999871424485000, 2.017377161661647200E-012, 1950.333323684517800 ) ) ;
#7913 = CARTESIAN_POINT ( 'NONE',  ( 1827.883039418104300, 99.50491161453811600, 1926.699817248734500 ) ) ;
#7914 = EDGE_LOOP ( 'NONE', ( #24, #1426, #3219, #2704 ) ) ;
#7915 = VERTEX_POINT ( 'NONE', #381 ) ;
#7916 = CARTESIAN_POINT ( 'NONE',  ( 1854.999999967203600, -102.9979274429086500, 2185.000000026026600 ) ) ;
#7917 = DIRECTION ( 'NONE',  ( -9.115936927843110400E-011, 3.491483361109382100E-015, -1.000000000000000000 ) ) ;
#7918 = VECTOR ( 'NONE', #950, 1000.000000000000000 ) ;
#7919 = CARTESIAN_POINT ( 'NONE',  ( 1895.249999947512200, -2.844389003857681600E-012, 1864.000000003669400 ) ) ;
#7920 = ORIENTED_EDGE ( 'NONE', *, *, #6294, .T. ) ;
#7921 = AXIS2_PLACEMENT_3D ( 'NONE', #879, #6913, #3099 ) ;
#7922 = CARTESIAN_POINT ( 'NONE',  ( 1888.270767953607400, -130.4747773658021100, 2283.577278843616100 ) ) ;
#7923 = ORIENTED_EDGE ( 'NONE', *, *, #6382, .T. ) ;
#7924 = CARTESIAN_POINT ( 'NONE',  ( 1921.790266056142400, 101.9999999999971900, 1851.334195985321700 ) ) ;
#7925 = VECTOR ( 'NONE', #61, 1000.000000000000000 ) ;
#7926 = CARTESIAN_POINT ( 'NONE',  ( 1696.607791228857200, 129.7894707696924000, 2061.225142635607000 ) ) ;
#7927 = ORIENTED_EDGE ( 'NONE', *, *, #5468, .T. ) ;
#7928 = ORIENTED_EDGE ( 'NONE', *, *, #7309, .F. ) ;
#7929 = CARTESIAN_POINT ( 'NONE',  ( 1652.868771548984100, 129.7503623889585400, 2019.163648652884600 ) ) ;
#7930 = CIRCLE ( 'NONE', #5782, 11.50000000000028800 ) ;
#7931 = DIRECTION ( 'NONE',  ( -3.182809934755971400E-025, 1.000000000000000000, 2.901425564165518900E-035 ) ) ;
#7932 = DIRECTION ( 'NONE',  ( -1.000000000000000000, 3.141932605362689500E-015, 0.0000000000000000000 ) ) ;
#7933 = EDGE_CURVE ( 'NONE', #3365, #7891, #40, .T. ) ;
#7934 = VERTEX_POINT ( 'NONE', #5895 ) ;
#7935 = CARTESIAN_POINT ( 'NONE',  ( 1813.530543546414500, -94.07636598259922800, 1926.919270483099400 ) ) ;
#7936 = CARTESIAN_POINT ( 'NONE',  ( 2011.164208431224800, -28.89055765591449500, 1951.476763449855100 ) ) ;
#7937 = FACE_OUTER_BOUND ( 'NONE', #4865, .T. ) ;
#7938 = DIRECTION ( 'NONE',  ( -3.182802359415012600E-025, -3.491475051101101300E-015, 1.000000000000000000 ) ) ;
#7939 = EDGE_CURVE ( 'NONE', #5996, #167, #8651, .T. ) ;
#7940 = DIRECTION ( 'NONE',  ( -3.182806635077191500E-025, 0.0000000000000000000, 1.000000000000000000 ) ) ;
#7941 = AXIS2_PLACEMENT_3D ( 'NONE', #4267, #1418, #6126 ) ;
#7942 = VERTEX_POINT ( 'NONE', #2634 ) ;
#7943 = CARTESIAN_POINT ( 'NONE',  ( 1930.999999947511900, 82.49999999999701600, 1909.000000002324900 ) ) ;
#7944 = ADVANCED_FACE ( 'NONE', ( #3939 ), #4049, .F. ) ;
#7945 = EDGE_LOOP ( 'NONE', ( #719, #2695 ) ) ;
#7946 = FACE_OUTER_BOUND ( 'NONE', #4282, .T. ) ;
#7947 = CARTESIAN_POINT ( 'NONE',  ( 1735.900076976943200, 129.4197360717871000, 2097.179443981123800 ) ) ;
#7948 = ORIENTED_EDGE ( 'NONE', *, *, #6844, .F. ) ;
#7949 = CARTESIAN_POINT ( 'NONE',  ( 1678.161598702782600, 129.7840216074657700, 2038.386050783828300 ) ) ;
#7950 = CARTESIAN_POINT ( 'NONE',  ( 1862.896390743970900, -82.50000000000319700, 1864.000000006618400 ) ) ;
#7951 = AXIS2_PLACEMENT_3D ( 'NONE', #2119, #6695, #2856 ) ;
#7952 = VERTEX_POINT ( 'NONE', #6505 ) ;
#7953 = CARTESIAN_POINT ( 'NONE',  ( -1.163943493558540700E-014, 96.99999999999617700, 2134.500000008745200 ) ) ;
#7954 = AXIS2_PLACEMENT_3D ( 'NONE', #2416, #6955, #3142 ) ;
#7955 = DIRECTION ( 'NONE',  ( 0.0000000000000000000, 1.000000000000000000, 0.0000000000000000000 ) ) ;
#7956 = VECTOR ( 'NONE', #6512, 1000.000000000000000 ) ;
#7957 = CARTESIAN_POINT ( 'NONE',  ( 2040.849589627353200, -126.0904973676136200, 2355.778960548579100 ) ) ;
#7958 = B_SPLINE_CURVE_WITH_KNOTS ( 'NONE', 3,
 ( #7127, #7827, #4029, #8505, #4652, #394 ),
 .UNSPECIFIED., .F., .F.,
 ( 4, 2, 4 ),
 ( 3.929820977488709700E-017, 0.01094697791220056900, 0.02189395582440109600 ),
 .UNSPECIFIED. ) ;
#7959 = CARTESIAN_POINT ( 'NONE',  ( 1674.367273311113000, 129.5902473816719600, 2005.843498361815800 ) ) ;
#7960 = EDGE_CURVE ( 'NONE', #3995, #2631, #5609, .T. ) ;
#7961 = VERTEX_POINT ( 'NONE', #1169 ) ;
#7962 = CARTESIAN_POINT ( 'NONE',  ( 2036.306044717695800, -127.5407195613744400, 2342.666715326077300 ) ) ;
#7963 = VERTEX_POINT ( 'NONE', #1917 ) ;
#7964 = DIRECTION ( 'NONE',  ( 0.0000000000000000000, -1.000000000000000000, 0.0000000000000000000 ) ) ;
#7965 = DIRECTION ( 'NONE',  ( 0.02968393220228580600, -0.9993903690979683000, -0.01837809356915430900 ) ) ;
#7966 = COLOUR_RGB ( '',0.2862745098039215500, 0.3294117647058823500, 0.3490196078431372400 ) ;
#7967 = CARTESIAN_POINT ( 'NONE',  ( 1805.525473211675500, -99.40085077880161200, 1927.926607474633300 ) ) ;
#7968 = CARTESIAN_POINT ( 'NONE',  ( 2012.835943022736700, -22.36053458995845800, 1951.190212764640800 ) ) ;
#7969 = CARTESIAN_POINT ( 'NONE',  ( 1909.999999947512200, -2.844389003852986700E-012, 1864.000000002324700 ) ) ;
#7970 = EDGE_LOOP ( 'NONE', ( #175, #1340, #2623, #8458, #5899 ) ) ;
#7971 = AXIS2_PLACEMENT_3D ( 'NONE', #2356, #6895, #3080 ) ;
#7972 = ORIENTED_EDGE ( 'NONE', *, *, #4997, .F. ) ;
#7973 = DIRECTION ( 'NONE',  ( 0.0000000000000000000, 1.000000000000000000, 3.491483361109381700E-015 ) ) ;
#7974 = EDGE_CURVE ( 'NONE', #94, #3376, #8445, .T. ) ;
#7975 = LINE ( 'NONE', #4354, #2781 ) ;
#7976 = CARTESIAN_POINT ( 'NONE',  ( 1960.110929330215900, -114.3000000000066100, 1894.000000002324200 ) ) ;
#7977 = VERTEX_POINT ( 'NONE', #7177 ) ;
#7978 = CARTESIAN_POINT ( 'NONE',  ( 1953.749999952532100, 75.77722283113179500, 1895.000000009617700 ) ) ;
#7979 = CARTESIAN_POINT ( 'NONE',  ( 1714.173947620415700, 129.5257249481034300, 2067.045387478086000 ) ) ;
#7980 = ORIENTED_EDGE ( 'NONE', *, *, #2959, .F. ) ;
#7981 = LINE ( 'NONE', #5121, #5857 ) ;
#7982 = CARTESIAN_POINT ( 'NONE',  ( 1649.999999967202500, 129.7266450836413600, 2029.771268887440600 ) ) ;
#7983 = CARTESIAN_POINT ( 'NONE',  ( 1974.999999935018000, 28.99999999999632600, 1981.499999997301100 ) ) ;
#7984 = AXIS2_PLACEMENT_3D ( 'NONE', #4325, #8805, #4943 ) ;
#7985 = VERTEX_POINT ( 'NONE', #3396 ) ;
#7986 = DIRECTION ( 'NONE',  ( 0.0000000000000000000, -0.03008450609849911200, 0.9995473588043786200 ) ) ;
#7987 = ORIENTED_EDGE ( 'NONE', *, *, #3453, .F. ) ;
#7988 = ORIENTED_EDGE ( 'NONE', *, *, #828, .T. ) ;
#7989 = EDGE_CURVE ( 'NONE', #1538, #5223, #3524, .T. ) ;
#7990 = ADVANCED_FACE ( 'NONE', ( #5020 ), #5328, .F. ) ;
#7991 = CARTESIAN_POINT ( 'NONE',  ( 1676.260311030383300, 91.77999999999690300, 2125.119408651681200 ) ) ;
#7992 = FACE_OUTER_BOUND ( 'NONE', #7004, .T. ) ;
#7993 = DIRECTION ( 'NONE',  ( 0.0000000000000000000, -1.000000000000000000, 0.0000000000000000000 ) ) ;
#7994 = CARTESIAN_POINT ( 'NONE',  ( 1842.499999947511900, -2.844389003852986700E-012, 1864.000000008478100 ) ) ;
#7995 = EDGE_CURVE ( 'NONE', #4737, #7681, #1328, .T. ) ;
#7996 = ORIENTED_EDGE ( 'NONE', *, *, #7051, .F. ) ;
#7997 = ORIENTED_EDGE ( 'NONE', *, *, #8397, .F. ) ;
#7998 = CARTESIAN_POINT ( 'NONE',  ( 1804.504201481502400, -108.3630148383906800, 1928.587154044928200 ) ) ;
#7999 = ORIENTED_EDGE ( 'NONE', *, *, #7014, .T. ) ;
#8000 = CARTESIAN_POINT ( 'NONE',  ( 2013.665796827914800, -17.95760006266466700, 1951.007386049619100 ) ) ;
#8001 = CARTESIAN_POINT ( 'NONE',  ( 1622.735672556621700, -80.00000000000319700, 2035.963199182048800 ) ) ;
#8002 = FACE_OUTER_BOUND ( 'NONE', #1353, .T. ) ;
#8003 = CARTESIAN_POINT ( 'NONE',  ( 1814.225292580470300, -86.00924963875327500, 1926.496490830262200 ) ) ;
#8004 = DIRECTION ( 'NONE',  ( -2.901425564165518900E-035, -1.000000000000000000, 2.644917691272267300E-045 ) ) ;
#8005 = ORIENTED_EDGE ( 'NONE', *, *, #2371, .F. ) ;
#8006 = VERTEX_POINT ( 'NONE', #3431 ) ;
#8007 = FACE_OUTER_BOUND ( 'NONE', #1697, .T. ) ;
#8008 = ORIENTED_EDGE ( 'NONE', *, *, #8059, .T. ) ;
#8009 = VECTOR ( 'NONE', #3640, 1000.000000000000000 ) ;
#8010 = FACE_OUTER_BOUND ( 'NONE', #7248, .T. ) ;
#8011 = ORIENTED_EDGE ( 'NONE', *, *, #7505, .T. ) ;
#8012 = DIRECTION ( 'NONE',  ( 0.0000000000000000000, 1.000000000000000000, 0.0000000000000000000 ) ) ;
#8013 = AXIS2_PLACEMENT_3D ( 'NONE', #4345, #3, #4964 ) ;
#8014 = CARTESIAN_POINT ( 'NONE',  ( 1693.398739680541000, 129.5851962966530900, 2036.322590822528800 ) ) ;
#8015 = FACE_OUTER_BOUND ( 'NONE', #4793, .T. ) ;
#8016 = CARTESIAN_POINT ( 'NONE',  ( 1934.999999967203200, -103.2839390550044400, 2215.000000026027000 ) ) ;
#8017 =( BOUNDED_CURVE ( )  B_SPLINE_CURVE ( 3, ( #6282, #1597, #7581, #3795 ),
 .UNSPECIFIED., .F., .F. ) 
 B_SPLINE_CURVE_WITH_KNOTS ( ( 4, 4 ),
 ( 1.167119776107966800, 3.176483280881222000 ),
 .UNSPECIFIED. ) 
 CURVE ( )  GEOMETRIC_REPRESENTATION_ITEM ( )  RATIONAL_B_SPLINE_CURVE ( ( 1.000000000000000000, 0.6909045600591481300, 0.6909045600591481300, 1.000000000000000000 ) ) 
 REPRESENTATION_ITEM ( '' )  );
#8018 = DIRECTION ( 'NONE',  ( 0.0000000000000000000, 5.626818710822552800E-015, -1.000000000000000000 ) ) ;
#8019 = DIRECTION ( 'NONE',  ( 9.115936927843110400E-011, -3.491483361109382100E-015, 1.000000000000000000 ) ) ;
#8020 = ORIENTED_EDGE ( 'NONE', *, *, #4575, .F. ) ;
#8021 = EDGE_CURVE ( 'NONE', #2223, #1873, #2975, .T. ) ;
#8022 = PLANE ( 'NONE',  #4567 ) ;
#8023 = VERTEX_POINT ( 'NONE', #7902 ) ;
#8024 = DIRECTION ( 'NONE',  ( -1.000000000000000000, 0.0000000000000000000, 9.116501443007297600E-011 ) ) ;
#8025 = LINE ( 'NONE', #2325, #3291 ) ;
#8026 = FACE_OUTER_BOUND ( 'NONE', #6031, .T. ) ;
#8027 = COLOUR_RGB ( '',0.8431372549019607900, 0.8431372549019607900, 0.8431372549019607900 ) ;
#8028 = DIRECTION ( 'NONE',  ( 0.0000000000000000000, -1.000000000000000000, -3.491483361109382500E-015 ) ) ;
#8029 = FILL_AREA_STYLE_COLOUR ( '', #8027 ) ;
#8030 = AXIS2_PLACEMENT_3D ( 'NONE', #2077, #4211, #8692 ) ;
#8031 = ORIENTED_EDGE ( 'NONE', *, *, #8682, .T. ) ;
#8032 = ORIENTED_EDGE ( 'NONE', *, *, #6800, .T. ) ;
#8033 = EDGE_CURVE ( 'NONE', #1167, #62, #1847, .T. ) ;
#8034 = VECTOR ( 'NONE', #5947, 1000.000000000000100 ) ;
#8035 = CARTESIAN_POINT ( 'NONE',  ( 1811.527008041887300, -115.4430782598608800, 1928.108815749428200 ) ) ;
#8036 = CARTESIAN_POINT ( 'NONE',  ( 1990.911578276168000, -67.57889589319107400, 1953.535850933082400 ) ) ;
#8037 = DIRECTION ( 'NONE',  ( -3.182806635077191500E-025, -3.491475051078775400E-015, 1.000000000000000000 ) ) ;
#8038 = ORIENTED_EDGE ( 'NONE', *, *, #3328, .F. ) ;
#8039 = CARTESIAN_POINT ( 'NONE',  ( 1623.559456279989500, 129.4899948214154200, 2037.293758312232500 ) ) ;
#8040 = ORIENTED_EDGE ( 'NONE', *, *, #7974, .F. ) ;
#8041 = CARTESIAN_POINT ( 'NONE',  ( 1787.905153605222900, -3.453088867333897200E-012, 1936.988233591988500 ) ) ;
#8042 = ADVANCED_FACE ( 'NONE', ( #8237 ), #2046, .F. ) ;
#8043 = VECTOR ( 'NONE', #6590, 1000.000000000000000 ) ;
#8044 =( GEOMETRIC_REPRESENTATION_CONTEXT ( 3 ) GLOBAL_UNCERTAINTY_ASSIGNED_CONTEXT ( ( #6710 ) ) GLOBAL_UNIT_ASSIGNED_CONTEXT ( ( #4263, #8740, #4879 ) ) REPRESENTATION_CONTEXT ( 'NONE', 'WORKASPACE' ) );
#8045 = ORIENTED_EDGE ( 'NONE', *, *, #2526, .T. ) ;
#8046 = CARTESIAN_POINT ( 'NONE',  ( 1671.989032012012800, 129.6567899045271900, 2005.992629432304500 ) ) ;
#8047 = EDGE_LOOP ( 'NONE', ( #6794, #5349, #8796, #7199, #2431 ) ) ;
#8048 = DIRECTION ( 'NONE',  ( 0.01762596506929107700, -0.9993908236329754900, 0.03012153703878239400 ) ) ;
#8049 = DIRECTION ( 'NONE',  ( 0.05226442768868550700, -0.9972646886344881400, 0.05226442768395588000 ) ) ;
#8050 = EDGE_CURVE ( 'NONE', #6659, #6654, #4826, .T. ) ;
#8051 = CARTESIAN_POINT ( 'NONE',  ( 1910.308533683622000, 66.76196179769949900, 1961.500000002297400 ) ) ;
#8052 = LINE ( 'NONE', #3969, #6478 ) ;
#8053 = CARTESIAN_POINT ( 'NONE',  ( 1966.271215063827400, -65.62526881793344600, 1954.328047634066300 ) ) ;
#8054 = ORIENTED_EDGE ( 'NONE', *, *, #8187, .F. ) ;
#8055 = CARTESIAN_POINT ( 'NONE',  ( 1773.431134166636900, -80.00000000000352400, 2067.473392730255000 ) ) ;
#8056 = ORIENTED_EDGE ( 'NONE', *, *, #5602, .T. ) ;
#8057 = DIRECTION ( 'NONE',  ( 3.182802359415013500E-025, 3.491475051101102100E-015, -1.000000000000000000 ) ) ;
#8058 = DIRECTION ( 'NONE',  ( 3.182802359415012600E-025, 3.491475051101101300E-015, -1.000000000000000000 ) ) ;
#8059 = EDGE_CURVE ( 'NONE', #5114, #7942, #6458, .T. ) ;
#8060 = CARTESIAN_POINT ( 'NONE',  ( 1624.206263766724500, -3.453088867333897200E-012, 2038.338468935340900 ) ) ;
#8061 = VERTEX_POINT ( 'NONE', #7991 ) ;
#8063 = ORIENTED_EDGE ( 'NONE', *, *, #1349, .T. ) ;
#8062 = CARTESIAN_POINT ( 'NONE',  ( 2010.535349907937200, -31.05475634844081900, 1951.574345223730500 ) ) ;
#8064 = DIRECTION ( 'NONE',  ( 9.115936927843110400E-011, -3.491483361109382100E-015, 1.000000000000000000 ) ) ;
#8065 = ORIENTED_EDGE ( 'NONE', *, *, #8564, .T. ) ;
#8066 = LINE ( 'NONE', #1456, #1146 ) ;
#8067 = CARTESIAN_POINT ( 'NONE',  ( 1959.986095665548200, 87.63580085458345100, 1926.439690396902300 ) ) ;
#8068 = AXIS2_PLACEMENT_3D ( 'NONE', #8124, #2221, #6789 ) ;
#8069 = CARTESIAN_POINT ( 'NONE',  ( 1865.707500929181200, 74.97388694332352100, 1961.500000006362600 ) ) ;
#8070 = ORIENTED_EDGE ( 'NONE', *, *, #4259, .T. ) ;
#8071 = EDGE_CURVE ( 'NONE', #5286, #3903, #3061, .T. ) ;
#8072 = VERTEX_POINT ( 'NONE', #7326 ) ;
#8073 = SURFACE_STYLE_USAGE ( .BOTH. , #3598 ) ;
#8074 = CARTESIAN_POINT ( 'NONE',  ( 1724.484654077096100, 129.7839511391836100, 2104.247028853475500 ) ) ;
#8075 = VECTOR ( 'NONE', #8216, 1000.000000000000100 ) ;
#8076 = CARTESIAN_POINT ( 'NONE',  ( 1924.361880167769200, -67.55847553905509500, 1955.859104077404000 ) ) ;
#8077 = CARTESIAN_POINT ( 'NONE',  ( 1909.999999956400200, -3.184808631561151800E-012, 1961.500000002324700 ) ) ;
#8078 = MANIFOLD_SOLID_BREP ( 'Cut-Extrude8', #6181 ) ;
#8079 = DIRECTION ( 'NONE',  ( -1.000000000000000000, 0.0000000000000000000, 9.115812125264589700E-011 ) ) ;
#8080 = AXIS2_PLACEMENT_3D ( 'NONE', #4800, #571, #5428 ) ;
#8081 = EDGE_LOOP ( 'NONE', ( #6760, #2626, #1807, #3639, #6097, #8673, #4745, #5727, #1364, #7084 ) ) ;
#8082 = DIRECTION ( 'NONE',  ( 0.0000000000000000000, -3.491483361109382500E-015, 1.000000000000000000 ) ) ;
#8083 = AXIS2_PLACEMENT_3D ( 'NONE', #2946, #7445, #3660 ) ;
#8084 = FACE_BOUND ( 'NONE', #4298, .T. ) ;
#8085 = ADVANCED_FACE ( 'NONE', ( #4621 ), #162, .F. ) ;
#8086 = CARTESIAN_POINT ( 'NONE',  ( 1833.381501801627800, 61.59847967758941000, 2031.457095255202800 ) ) ;
#8087 = EDGE_CURVE ( 'NONE', #1389, #5206, #2146, .T. ) ;
#8088 = DIRECTION ( 'NONE',  ( 0.03487823696311093100, 0.03489949670249755500, 0.9987820251267327500 ) ) ;
#8089 = EDGE_LOOP ( 'NONE', ( #1927, #6859, #7488, #1812, #2166 ) ) ;
#8090 = DIRECTION ( 'NONE',  ( 3.182802359415012600E-025, 3.491475051101101300E-015, -1.000000000000000000 ) ) ;
#8091 = DIRECTION ( 'NONE',  ( 0.0000000000000000000, -1.000000000000000000, -3.491483361109382500E-015 ) ) ;
#8092 = LINE ( 'NONE', #5898, #4683 ) ;
#8093 = CARTESIAN_POINT ( 'NONE',  ( 2009.131826286154600, -35.35775308117271700, 1951.773712898296500 ) ) ;
#8094 = PLANE ( 'NONE',  #8575 ) ;
#8095 = ORIENTED_EDGE ( 'NONE', *, *, #6589, .F. ) ;
#8096 = CARTESIAN_POINT ( 'NONE',  ( 1649.999999967202500, 79.99999999999640500, 2080.000000026026600 ) ) ;
#8097 = LINE ( 'NONE', #6537, #4504 ) ;
#8098 = ORIENTED_EDGE ( 'NONE', *, *, #5846, .F. ) ;
#8099 = CARTESIAN_POINT ( 'NONE',  ( 1930.999999947511900, 82.49999999999704400, 1900.000000002324700 ) ) ;
#8100 = CARTESIAN_POINT ( 'NONE',  ( 1702.756761692906400, 129.7902424056703100, 2074.114063886664600 ) ) ;
#8101 = ORIENTED_EDGE ( 'NONE', *, *, #2060, .F. ) ;
#8102 = CARTESIAN_POINT ( 'NONE',  ( 1840.139451606762300, -101.6337399068771000, 2029.103249317653800 ) ) ;
#8103 = VERTEX_POINT ( 'NONE', #7354 ) ;
#8104 = CARTESIAN_POINT ( 'NONE',  ( 1964.999999967202500, -500000.0000000000600, 2305.000000026026600 ) ) ;
#8105 = DIRECTION ( 'NONE',  ( -0.8502353283813349800, 0.0000000000000000000, 0.5264027796015931000 ) ) ;
#8106 = CYLINDRICAL_SURFACE ( 'NONE', #5330, 34.99999999999970200 ) ;
#8107 = DIRECTION ( 'NONE',  ( 0.0000000000000000000, -1.000000000000000000, 0.0000000000000000000 ) ) ;
#8108 = EDGE_LOOP ( 'NONE', ( #6994, #3170, #333, #8812, #3944, #1259, #2915, #1815, #698, #3060, #2072 ) ) ;
#8109 =( NAMED_UNIT ( * ) SI_UNIT ( $, .STERADIAN. ) SOLID_ANGLE_UNIT ( ) );
#8110 = CARTESIAN_POINT ( 'NONE',  ( 1938.499999952526200, -106.3000000000066100, 1894.000000002324200 ) ) ;
#8111 = EDGE_CURVE ( 'NONE', #2252, #6148, #4041, .T. ) ;
#8112 = DIRECTION ( 'NONE',  ( 3.182802359415013500E-025, 3.491475051101102100E-015, -1.000000000000000000 ) ) ;
#8113 = ORIENTED_EDGE ( 'NONE', *, *, #6747, .F. ) ;
#8114 = DIRECTION ( 'NONE',  ( -9.117865069926245400E-011, -9.782067449765309600E-015, -1.000000000000000000 ) ) ;
#8115 = ORIENTED_EDGE ( 'NONE', *, *, #2354, .F. ) ;
#8116 = LINE ( 'NONE', #1653, #6342 ) ;
#8117 = LINE ( 'NONE', #6083, #6344 ) ;
#8118 = CARTESIAN_POINT ( 'NONE',  ( 1764.378823701831400, -130.4406986100705700, 2070.340972182892100 ) ) ;
#8119 = EDGE_CURVE ( 'NONE', #8820, #2414, #6604, .T. ) ;
#8120 = AXIS2_PLACEMENT_3D ( 'NONE', #4758, #7237, #7932 ) ;
#8121 = ORIENTED_EDGE ( 'NONE', *, *, #5358, .F. ) ;
#8122 = EDGE_LOOP ( 'NONE', ( #2611, #1325, #5016, #7047 ) ) ;
#8123 = FACE_OUTER_BOUND ( 'NONE', #7281, .T. ) ;
#8124 = CARTESIAN_POINT ( 'NONE',  ( 1961.004231161861300, 91.77999999999656200, 2053.999999997675800 ) ) ;
#8125 = CYLINDRICAL_SURFACE ( 'NONE', #7202, 67.50000000000011400 ) ;
#8126 = VECTOR ( 'NONE', #1436, 1000.000000000000000 ) ;
#8127 = CARTESIAN_POINT ( 'NONE',  ( 1962.383203366905000, 91.64459996582775100, 1926.299700054472200 ) ) ;
#8128 = ADVANCED_FACE ( 'NONE', ( #7156 ), #1425, .T. ) ;
#8129 = CARTESIAN_POINT ( 'NONE',  ( 2008.354270930927700, -37.50296392547520700, 1951.875823805535400 ) ) ;
#8130 = ORIENTED_EDGE ( 'NONE', *, *, #578, .F. ) ;
#8131 = DIRECTION ( 'NONE',  ( 9.115924681779572100E-011, -3.546085137301702500E-015, 1.000000000000000000 ) ) ;
#8132 = AXIS2_PLACEMENT_3D ( 'NONE', #3565, #2864, #7368 ) ;
#8133 = VERTEX_POINT ( 'NONE', #2148 ) ;
#8134 = CARTESIAN_POINT ( 'NONE',  ( 1681.980561262649600, 129.7858305809409700, 2043.391881707686300 ) ) ;
#8135 = DIRECTION ( 'NONE',  ( 0.0000000000000000000, 1.000000000000000000, 0.0000000000000000000 ) ) ;
#8136 = CIRCLE ( 'NONE', #7954, 617.3453722297304000 ) ;
#8137 = DIRECTION ( 'NONE',  ( 6.645809934380590200E-016, -1.000000000000000000, 1.063329589500866900E-015 ) ) ;
#8138 = PLANE ( 'NONE',  #4079 ) ;
#8139 = CARTESIAN_POINT ( 'NONE',  ( 1814.999999952526000, 105.9999999999931900, 1927.040210408437400 ) ) ;
#8140 = EDGE_CURVE ( 'NONE', #3956, #1712, #5506, .T. ) ;
#8141 = CARTESIAN_POINT ( 'NONE',  ( 1649.999999967202500, -128.0547095101152000, 2129.800000026025400 ) ) ;
#8142 = ORIENTED_EDGE ( 'NONE', *, *, #1290, .F. ) ;
#8143 = DIRECTION ( 'NONE',  ( -0.0000000000000000000, 1.000000000000000000, 3.491483361109382500E-015 ) ) ;
#8144 = VECTOR ( 'NONE', #6195, 1000.000000000000200 ) ;
#8145 = DIRECTION ( 'NONE',  ( -1.000000000000000000, -0.0000000000000000000, -0.0000000000000000000 ) ) ;
#8146 = CARTESIAN_POINT ( 'NONE',  ( 1639.037415262521100, -130.5415965282990700, 2031.411384985958400 ) ) ;
#8147 = ORIENTED_EDGE ( 'NONE', *, *, #7337, .T. ) ;
#8148 = AXIS2_PLACEMENT_3D ( 'NONE', #1858, #6486, #2618 ) ;
#8149 = ORIENTED_EDGE ( 'NONE', *, *, #1944, .F. ) ;
#8150 = EDGE_CURVE ( 'NONE', #2381, #2565, #3833, .T. ) ;
#8151 = CARTESIAN_POINT ( 'NONE',  ( 2005.833551351382300, -43.81180122392216700, 1952.184293014587600 ) ) ;
#8152 = FACE_OUTER_BOUND ( 'NONE', #5542, .T. ) ;
#8153 = CARTESIAN_POINT ( 'NONE',  ( 1634.999999967202700, 122.4999999999966500, 2003.500000003669800 ) ) ;
#8154 = CARTESIAN_POINT ( 'NONE',  ( 1814.225292580613300, -115.9726855640745500, 1928.066807966798300 ) ) ;
#8155 = CARTESIAN_POINT ( 'NONE',  ( 1722.898509081185900, 129.7924483180346700, 2105.229052426040700 ) ) ;
#8156 = ORIENTED_EDGE ( 'NONE', *, *, #6640, .T. ) ;
#8157 = CARTESIAN_POINT ( 'NONE',  ( 1999.527160213899800, -55.70765046659964500, 1952.820182467856700 ) ) ;
#8158 = CYLINDRICAL_SURFACE ( 'NONE', #1400, 18.99999999999968400 ) ;
#8159 = CARTESIAN_POINT ( 'NONE',  ( 1660.569907790415300, 129.7792128438467500, 2013.062505889106200 ) ) ;
#8160 = ORIENTED_EDGE ( 'NONE', *, *, #5063, .T. ) ;
#8161 = DIRECTION ( 'NONE',  ( 0.01837119207089161000, -0.9993908270190957600, 0.02967278503919175800 ) ) ;
#8162 = CARTESIAN_POINT ( 'NONE',  ( 1880.999999935018000, -65.00000000000331100, 1981.500000003107500 ) ) ;
#8163 = EDGE_CURVE ( 'NONE', #6776, #460, #5697, .T. ) ;
#8164 = DIRECTION ( 'NONE',  ( -3.182806635077191500E-025, -3.491475051078775400E-015, 1.000000000000000000 ) ) ;
#8165 = EDGE_LOOP ( 'NONE', ( #4751, #5150 ) ) ;
#8166 = CARTESIAN_POINT ( 'NONE',  ( 1829.555420693800000, -3.073299733533721300, 1956.916574028015000 ) ) ;
#8167 = LINE ( 'NONE', #5779, #1252 ) ;
#8168 = DIRECTION ( 'NONE',  ( 0.0000000000000000000, -1.000000000000000000, -3.491483361109382100E-015 ) ) ;
#8169 = ADVANCED_FACE ( 'NONE', ( #6953 ), #7417, .T. ) ;
#8170 = DIRECTION ( 'NONE',  ( 0.0000000000000000000, 0.0000000000000000000, 1.000000000000000000 ) ) ;
#8171 = ORIENTED_EDGE ( 'NONE', *, *, #6423, .F. ) ;
#8172 = CARTESIAN_POINT ( 'NONE',  ( 1994.719999397111500, -136.0000000000242400, 2407.754424353543500 ) ) ;
#8173 = DIRECTION ( 'NONE',  ( 0.0000000000000000000, -1.000000000000000000, 0.0000000000000000000 ) ) ;
#8174 = FACE_BOUND ( 'NONE', #422, .T. ) ;
#8175 =( BOUNDED_CURVE ( )  B_SPLINE_CURVE ( 3, ( #139, #3827, #4475, #173 ),
 .UNSPECIFIED., .F., .F. ) 
 B_SPLINE_CURVE_WITH_KNOTS ( ( 4, 4 ),
 ( 3.227944802846278300, 3.924857689327498500 ),
 .UNSPECIFIED. ) 
 CURVE ( )  GEOMETRIC_REPRESENTATION_ITEM ( )  RATIONAL_B_SPLINE_CURVE ( ( 1.000000000000000000, 0.9599339172043134200, 0.9599339172043134200, 1.000000000000000000 ) ) 
 REPRESENTATION_ITEM ( '' )  );
#8176 = CARTESIAN_POINT ( 'NONE',  ( 1997.091518493055000, -59.48262043959725500, 1953.037142160530500 ) ) ;
#8177 = EDGE_LOOP ( 'NONE', ( #1886, #1635 ) ) ;
#8178 = DIRECTION ( 'NONE',  ( 0.0000000000000000000, -1.000000000000000000, 0.0000000000000000000 ) ) ;
#8179 = AXIS2_PLACEMENT_3D ( 'NONE', #7521, #7515, #7487 ) ;
#8180 = VERTEX_POINT ( 'NONE', #6777 ) ;
#8181 = CARTESIAN_POINT ( 'NONE',  ( 1967.999999955669000, 91.77999999999681800, 1953.479520810928500 ) ) ;
#8182 = CYLINDRICAL_SURFACE ( 'NONE', #7113, 10.99999999999991300 ) ;
#8183 = CARTESIAN_POINT ( 'NONE',  ( 1948.422614662082900, -122.1848008661706800, 2387.107477747194000 ) ) ;
#8184 = CARTESIAN_POINT ( 'NONE',  ( 1702.122308650928700, 129.7880364933057500, 2074.506870247063500 ) ) ;
#8185 = ORIENTED_EDGE ( 'NONE', *, *, #1748, .T. ) ;
#8186 = CARTESIAN_POINT ( 'NONE',  ( 1993.041870436206400, -64.91899826246546500, 1953.368517201451100 ) ) ;
#8187 = EDGE_CURVE ( 'NONE', #4059, #2686, #1907, .T. ) ;
#8188 = EDGE_LOOP ( 'NONE', ( #8147, #7384, #7391, #8223 ) ) ;
#8189 = ORIENTED_EDGE ( 'NONE', *, *, #486, .T. ) ;
#8190 = LINE ( 'NONE', #2945, #6416 ) ;
#8191 = CARTESIAN_POINT ( 'NONE',  ( 1844.543474161586800, -43.01600424201769400, 1957.788860104165500 ) ) ;
#8192 = CARTESIAN_POINT ( 'NONE',  ( 1953.749999952532100, 75.77722283113182300, 1885.500000009618400 ) ) ;
#8193 = AXIS2_PLACEMENT_3D ( 'NONE', #7058, #3261, #7749 ) ;
#8194 = ORIENTED_EDGE ( 'NONE', *, *, #1263, .F. ) ;
#8195 = ORIENTED_EDGE ( 'NONE', *, *, #5128, .T. ) ;
#8196 = DIRECTION ( 'NONE',  ( -9.115936927843110400E-011, 3.491483361109382100E-015, -1.000000000000000000 ) ) ;
#8197 = EDGE_CURVE ( 'NONE', #186, #3209, #1675, .T. ) ;
#8198 = FACE_OUTER_BOUND ( 'NONE', #594, .T. ) ;
#8199 = ORIENTED_EDGE ( 'NONE', *, *, #2959, .T. ) ;
#8200 = CARTESIAN_POINT ( 'NONE',  ( 1946.498754175800700, -130.4267173295546100, 2359.540228587934100 ) ) ;
#8201 = EDGE_LOOP ( 'NONE', ( #8231, #5311, #2724, #1686 ) ) ;
#8202 = CARTESIAN_POINT ( 'NONE',  ( 1922.499999947512200, 83.49999999999707300, 1891.500000002324400 ) ) ;
#8203 = VERTEX_POINT ( 'NONE', #2242 ) ;
#8204 = CARTESIAN_POINT ( 'NONE',  ( 2015.029584474112900, -4.552677834785395600, 1950.491366002386300 ) ) ;
#8205 = FACE_OUTER_BOUND ( 'NONE', #8468, .T. ) ;
#8206 = DIRECTION ( 'NONE',  ( -1.000000000000000000, 0.0000000000000000000, 9.115982822406393400E-011 ) ) ;
#8207 = AXIS2_PLACEMENT_3D ( 'NONE', #4627, #7835, #4038 ) ;
#8208 = DIRECTION ( 'NONE',  ( 0.0000000000000000000, 0.0000000000000000000, -1.000000000000000000 ) ) ;
#8209 = ORIENTED_EDGE ( 'NONE', *, *, #6215, .F. ) ;
#8210 = CARTESIAN_POINT ( 'NONE',  ( 1680.394428657704800, 129.7803158000293100, 2044.373897608683100 ) ) ;
#8211 = ADVANCED_FACE ( 'NONE', ( #5308 ), #6548, .T. ) ;
#8212 = CARTESIAN_POINT ( 'NONE',  ( 1991.633180711139900, -66.69756687254492500, 1953.479856573389000 ) ) ;
#8213 = ORIENTED_EDGE ( 'NONE', *, *, #2425, .F. ) ;
#8214 = EDGE_CURVE ( 'NONE', #8103, #8448, #8343, .T. ) ;
#8215 = FACE_OUTER_BOUND ( 'NONE', #3582, .T. ) ;
#8216 = DIRECTION ( 'NONE',  ( -0.9993908270159143100, -3.330653720796720800E-016, 0.03489949679360514900 ) ) ;
#8217 = DIRECTION ( 'NONE',  ( 0.8502353283813349800, -0.0000000000000000000, -0.5264027796015929800 ) ) ;
#8218 = CARTESIAN_POINT ( 'NONE',  ( 1847.783225195304600, 28.99999999999635100, 1981.500000002324700 ) ) ;
#8219 = CARTESIAN_POINT ( 'NONE',  ( 1847.783225185792200, -29.00000000014389200, 1981.500000002324700 ) ) ;
#8220 = DIRECTION ( 'NONE',  ( -9.115924681779572100E-011, 3.546085137301702500E-015, -1.000000000000000000 ) ) ;
#8221 = ORIENTED_EDGE ( 'NONE', *, *, #5829, .T. ) ;
#8222 = ORIENTED_EDGE ( 'NONE', *, *, #5972, .T. ) ;
#8223 = ORIENTED_EDGE ( 'NONE', *, *, #2669, .T. ) ;
#8224 = LINE ( 'NONE', #3769, #4813 ) ;
#8225 = VECTOR ( 'NONE', #3207, 1000.000000000000100 ) ;
#8226 = FACE_OUTER_BOUND ( 'NONE', #5054, .T. ) ;
#8227 = DIRECTION ( 'NONE',  ( 0.7071067810044042700, -0.7071067813686907600, 0.0000000000000000000 ) ) ;
#8228 = EDGE_CURVE ( 'NONE', #2263, #773, #1443, .T. ) ;
#8229 = VERTEX_POINT ( 'NONE', #1989 ) ;
#8230 = CARTESIAN_POINT ( 'NONE',  ( 1956.169448787594800, -130.3007437424632300, 2338.677541424791300 ) ) ;
#8231 = ORIENTED_EDGE ( 'NONE', *, *, #1971, .F. ) ;
#8232 = VECTOR ( 'NONE', #3816, 1000.000000000000000 ) ;
#8233 = EDGE_CURVE ( 'NONE', #1814, #5510, #2454, .T. ) ;
#8234 = AXIS2_PLACEMENT_3D ( 'NONE', #3443, #7917, #4117 ) ;
#8235 = LINE ( 'NONE', #5229, #6277 ) ;
#8236 = DIRECTION ( 'NONE',  ( 0.0000000000000000000, -1.000000000000000000, 0.0000000000000000000 ) ) ;
#8237 = FACE_OUTER_BOUND ( 'NONE', #8506, .T. ) ;
#8238 = B_SPLINE_CURVE_WITH_KNOTS ( 'NONE', 3,
 ( #2227, #2194, #1404, #2021, #1956, #1926 ),
 .UNSPECIFIED., .F., .F.,
 ( 4, 2, 4 ),
 ( 2.224778631027185300E-016, 0.07705711474489246300, 0.1541142294897847000 ),
 .UNSPECIFIED. ) ;
#8239 = CARTESIAN_POINT ( 'NONE',  ( 1988.712734441458900, -70.17720335911646100, 1953.703426455009100 ) ) ;
#8240 = VERTEX_POINT ( 'NONE', #6585 ) ;
#8241 = CARTESIAN_POINT ( 'NONE',  ( 1865.733784524529500, -86.05503909347605400, 1926.498890548596600 ) ) ;
#8242 = EDGE_CURVE ( 'NONE', #8789, #1165, #5118, .T. ) ;
#8243 = CARTESIAN_POINT ( 'NONE',  ( 1649.999999967202500, 79.99999999999633400, 2099.000000026026100 ) ) ;
#8244 = ORIENTED_EDGE ( 'NONE', *, *, #3604, .F. ) ;
#8245 = CARTESIAN_POINT ( 'NONE',  ( 1634.198100477116000, 129.6875214309564500, 2029.389976895594800 ) ) ;
#8246 = FACE_OUTER_BOUND ( 'NONE', #1473, .T. ) ;
#8247 = CARTESIAN_POINT ( 'NONE',  ( 1993.730079423371500, -64.02050626879186300, 1953.313089257102300 ) ) ;
#8248 = STYLED_ITEM ( 'NONE', ( #5780 ), #1952 ) ;
#8249 = ORIENTED_EDGE ( 'NONE', *, *, #1156, .T. ) ;
#8250 = DIRECTION ( 'NONE',  ( 0.0000000000000000000, 1.000000000000000000, 0.0000000000000000000 ) ) ;
#8251 = EDGE_LOOP ( 'NONE', ( #2676, #8095, #8310, #6717 ) ) ;
#8252 = CARTESIAN_POINT ( 'NONE',  ( 1963.264045100357400, -91.14966789583937200, 1955.515394082646300 ) ) ;
#8253 = EDGE_CURVE ( 'NONE', #947, #892, #3620, .T. ) ;
#8254 = VECTOR ( 'NONE', #8565, 1000.000000000000200 ) ;
#8255 = DIRECTION ( 'NONE',  ( 1.199235599696148500E-015, 0.9986295347545740600, 0.05233595624294125300 ) ) ;
#8256 = ORIENTED_EDGE ( 'NONE', *, *, #8264, .F. ) ;
#8257 = DIRECTION ( 'NONE',  ( 0.5063873148418071000, -0.05233595624294694300, 0.8607164661207784600 ) ) ;
#8258 = ADVANCED_FACE ( 'NONE', ( #3175 ), #2123, .T. ) ;
#8259 = ORIENTED_EDGE ( 'NONE', *, *, #470, .F. ) ;
#8260 = CARTESIAN_POINT ( 'NONE',  ( 1726.705227982988400, 129.7636477283257600, 2102.872213861257500 ) ) ;
#8261 = FACE_OUTER_BOUND ( 'NONE', #3298, .T. ) ;
#8262 = CARTESIAN_POINT ( 'NONE',  ( 1980.501024716256600, -130.0291562710516500, 2322.133975298577800 ) ) ;
#8263 = EDGE_LOOP ( 'NONE', ( #7427, #8401, #8655, #7026, #474, #6475 ) ) ;
#8264 = EDGE_CURVE ( 'NONE', #2989, #5316, #1209, .T. ) ;
#8265 = DIRECTION ( 'NONE',  ( -1.000000000000000000, 0.0000000000000000000, 9.116000135825862400E-011 ) ) ;
#8266 = VERTEX_POINT ( 'NONE', #6727 ) ;
#8268 = ORIENTED_EDGE ( 'NONE', *, *, #1140, .F. ) ;
#8267 = CARTESIAN_POINT ( 'NONE',  ( 1987.198065139179100, -71.85325967696096000, 1953.814884725165900 ) ) ;
#8269 = CARTESIAN_POINT ( 'NONE',  ( 1953.749999952525700, -75.77722283114137300, 1895.000000009617200 ) ) ;
#8270 = FACE_OUTER_BOUND ( 'NONE', #1912, .T. ) ;
#8271 = DIRECTION ( 'NONE',  ( 0.0000000000000000000, -1.000000000000000000, -3.491483361109382100E-015 ) ) ;
#8272 = CARTESIAN_POINT ( 'NONE',  ( 1986.727792602521700, -118.3594376834796400, 2069.701265937019300 ) ) ;
#8273 = DIRECTION ( 'NONE',  ( -1.196245788188485300E-015, 1.000000000000000000, 9.835798702883013300E-015 ) ) ;
#8274 = EDGE_LOOP ( 'NONE', ( #3253, #8618 ) ) ;
#8275 = ORIENTED_EDGE ( 'NONE', *, *, #2853, .T. ) ;
#8276 = ORIENTED_EDGE ( 'NONE', *, *, #852, .T. ) ;
#8277 = CARTESIAN_POINT ( 'NONE',  ( 0.0000000000000000000, 96.99999999999636200, 2081.000000008745200 ) ) ;
#8278 = CIRCLE ( 'NONE', #4986, 38.49999999999997900 ) ;
#8279 = DIRECTION ( 'NONE',  ( 0.0000000000000000000, -0.9662349396012464000, 0.2576626505603317200 ) ) ;
#8280 = ADVANCED_FACE ( 'NONE', ( #6358 ), #3587, .F. ) ;
#8281 = CARTESIAN_POINT ( 'NONE',  ( 2007.805007260727100, 40.82422738888231400, 1953.959989406069800 ) ) ;
#8282 = EDGE_CURVE ( 'NONE', #6726, #7884, #2944, .T. ) ;
#8283 = VERTEX_POINT ( 'NONE', #4897 ) ;
#8284 = DIRECTION ( 'NONE',  ( 0.0000000000000000000, 0.0000000000000000000, 1.000000000000000000 ) ) ;
#8285 = VERTEX_POINT ( 'NONE', #685 ) ;
#8286 = LINE ( 'NONE', #6230, #4868 ) ;
#8287 = EDGE_CURVE ( 'NONE', #2432, #1559, #4682, .T. ) ;
#8288 = PLANE ( 'NONE',  #502 ) ;
#8289 = MECHANICAL_DESIGN_GEOMETRIC_PRESENTATION_REPRESENTATION (  '', ( #6914 ), #8729 ) ;
#8290 =( BOUNDED_CURVE ( )  B_SPLINE_CURVE ( 3, ( #6737, #2169, #3624, #8102 ),
 .UNSPECIFIED., .F., .F. ) 
 B_SPLINE_CURVE_WITH_KNOTS ( ( 4, 4 ),
 ( 1.787043683289071900, 1.788415640160180300 ),
 .UNSPECIFIED. ) 
 CURVE ( )  GEOMETRIC_REPRESENTATION_ITEM ( )  RATIONAL_B_SPLINE_CURVE ( ( 1.000000000000000000, 0.9999998431445347200, 0.9999998431445347200, 1.000000000000000000 ) ) 
 REPRESENTATION_ITEM ( '' )  );
#8291 = PLANE ( 'NONE',  #989 ) ;
#8292 = EDGE_LOOP ( 'NONE', ( #2083, #4703 ) ) ;
#8293 = DIRECTION ( 'NONE',  ( 3.182802359415012600E-025, 3.491475051101101300E-015, -1.000000000000000000 ) ) ;
#8294 = ORIENTED_EDGE ( 'NONE', *, *, #4004, .T. ) ;
#8295 = CARTESIAN_POINT ( 'NONE',  ( 1829.160540857788400, -26.83480033194836900, 1895.000000009617200 ) ) ;
#8296 = LINE ( 'NONE', #3292, #933 ) ;
#8297 = DIRECTION ( 'NONE',  ( 0.0000000000000000000, -1.000000000000000000, -2.552236838218749300E-015 ) ) ;
#8298 = AXIS2_PLACEMENT_3D ( 'NONE', #8345, #8372, #8314 ) ;
#8299 = ORIENTED_EDGE ( 'NONE', *, *, #4967, .T. ) ;
#8300 = DIRECTION ( 'NONE',  ( 0.0000000000000000000, 1.000000000000000000, 3.491475051078775400E-015 ) ) ;
#8301 = CARTESIAN_POINT ( 'NONE',  ( 1952.999999956400900, -43.00000000000307700, 1961.499999998422900 ) ) ;
#8302 = AXIS2_PLACEMENT_3D ( 'NONE', #360, #5259, #1122 ) ;
#8303 = ORIENTED_EDGE ( 'NONE', *, *, #1772, .T. ) ;
#8304 = PLANE ( 'NONE',  #7658 ) ;
#8305 = DIRECTION ( 'NONE',  ( 0.0000000000000000000, -1.000000000000000000, 0.0000000000000000000 ) ) ;
#8306 = ADVANCED_FACE ( 'NONE', ( #980, #3405 ), #8762, .T. ) ;
#8307 = VECTOR ( 'NONE', #7755, 1000.000000000000000 ) ;
#8308 = EDGE_CURVE ( 'NONE', #1559, #2432, #7345, .T. ) ;
#8309 = CARTESIAN_POINT ( 'NONE',  ( 1962.383203366905000, 90.99999999999700200, 1913.999999997549800 ) ) ;
#8310 = ORIENTED_EDGE ( 'NONE', *, *, #3953, .T. ) ;
#8311 = CARTESIAN_POINT ( 'NONE',  ( 1806.936249872207800, 102.5276368611209300, 1927.361722155994800 ) ) ;
#8312 = ORIENTED_EDGE ( 'NONE', *, *, #7258, .F. ) ;
#8313 = CARTESIAN_POINT ( 'NONE',  ( 1970.454303199364600, -84.42444424451065300, 1942.890349975641600 ) ) ;
#8314 = DIRECTION ( 'NONE',  ( 0.0000000000000000000, -1.000000000000000000, -3.491475051078775400E-015 ) ) ;
#8315 = LINE ( 'NONE', #5227, #3806 ) ;
#8316 = CARTESIAN_POINT ( 'NONE',  ( 1822.270456535648000, 55.98683028706263100, 1927.544896815293900 ) ) ;
#8317 = VERTEX_POINT ( 'NONE', #751 ) ;
#8318 = ORIENTED_EDGE ( 'NONE', *, *, #8335, .T. ) ;
#8319 = ORIENTED_EDGE ( 'NONE', *, *, #1066, .T. ) ;
#8320 = EDGE_CURVE ( 'NONE', #4467, #1946, #2734, .T. ) ;
#8321 = VERTEX_POINT ( 'NONE', #717 ) ;
#8322 = FACE_OUTER_BOUND ( 'NONE', #5703, .T. ) ;
#8323 = CARTESIAN_POINT ( 'NONE',  ( 1964.999999967202500, -103.5547225023947200, 2245.000000026026600 ) ) ;
#8324 = DIRECTION ( 'NONE',  ( 4.557787766721673700E-011, 4.557787766721726700E-011, 1.000000000000000000 ) ) ;
#8325 = ADVANCED_FACE ( 'NONE', ( #6170 ), #5581, .T. ) ;
#8326 = ORIENTED_EDGE ( 'NONE', *, *, #3287, .T. ) ;
#8327 = ORIENTED_EDGE ( 'NONE', *, *, #7185, .F. ) ;
#8328 = LINE ( 'NONE', #588, #630 ) ;
#8329 = DIRECTION ( 'NONE',  ( -0.02754979283939147300, 0.9986295347545740600, -0.04449787894236809100 ) ) ;
#8330 = AXIS2_PLACEMENT_3D ( 'NONE', #201, #6988, #3183 ) ;
#8331 = FACE_OUTER_BOUND ( 'NONE', #5605, .T. ) ;
#8332 = FACE_OUTER_BOUND ( 'NONE', #955, .T. ) ;
#8333 = CARTESIAN_POINT ( 'NONE',  ( 1884.241734841368300, 112.2376271687111300, 1934.000000004472200 ) ) ;
#8334 = CARTESIAN_POINT ( 'NONE',  ( 1764.378823701831400, -130.4406986100704600, 2070.340972182892100 ) ) ;
#8335 = EDGE_CURVE ( 'NONE', #2041, #4953, #2712, .T. ) ;
#8336 = ORIENTED_EDGE ( 'NONE', *, *, #4527, .T. ) ;
#8337 = CARTESIAN_POINT ( 'NONE',  ( 1938.999999967589700, 62.21677477157906100, 2081.000000008745200 ) ) ;
#8338 = ORIENTED_EDGE ( 'NONE', *, *, #3086, .F. ) ;
#8339 = DIRECTION ( 'NONE',  ( 9.115924681779572100E-011, -3.546085137301702500E-015, 1.000000000000000000 ) ) ;
#8340 = VECTOR ( 'NONE', #5654, 1000.000000000000000 ) ;
#8341 = CARTESIAN_POINT ( 'NONE',  ( 1884.999999967202500, -92.00000000000000000, 2110.000000026026600 ) ) ;
#8342 = VECTOR ( 'NONE', #1341, 1000.000000000000100 ) ;
#8343 = CIRCLE ( 'NONE', #1668, 3.400000000000069600 ) ;
#8344 = CARTESIAN_POINT ( 'NONE',  ( 1992.650371943399000, 62.74741441572744100, 1942.115246173459400 ) ) ;
#8345 = CARTESIAN_POINT ( 'NONE',  ( 1829.160540857788400, -33.48480033194842800, 1885.500000009617900 ) ) ;
#8346 = ORIENTED_EDGE ( 'NONE', *, *, #8308, .F. ) ;
#8347 = EDGE_LOOP ( 'NONE', ( #421, #7624, #7836, #2867 ) ) ;
#8348 = CARTESIAN_POINT ( 'NONE',  ( 1844.999999935018000, -29.00000000000217100, 1726.941558781092900 ) ) ;
#8349 = ADVANCED_FACE ( 'NONE', ( #4339 ), #7477, .F. ) ;
#8350 = FACE_OUTER_BOUND ( 'NONE', #5095, .T. ) ;
#8351 = VECTOR ( 'NONE', #4412, 1000.000000000000200 ) ;
#8352 = UNCERTAINTY_MEASURE_WITH_UNIT (LENGTH_MEASURE( 1.000000000000000100E-005 ), #6376, 'distance_accuracy_value', 'NONE');
#8353 =( LENGTH_UNIT ( ) NAMED_UNIT ( * ) SI_UNIT ( .MILLI., .METRE. ) );
#8354 = ORIENTED_EDGE ( 'NONE', *, *, #7478, .T. ) ;
#8355 = AXIS2_PLACEMENT_3D ( 'NONE', #1401, #1369, #1348 ) ;
#8356 = AXIS2_PLACEMENT_3D ( 'NONE', #1919, #6531, #2662 ) ;
#8357 = ORIENTED_EDGE ( 'NONE', *, *, #7288, .T. ) ;
#8358 = CARTESIAN_POINT ( 'NONE',  ( 1802.338891264061700, 119.5113988278236500, 1929.117486143431700 ) ) ;
#8359 = CIRCLE ( 'NONE', #7605, 50.00000000000027000 ) ;
#8360 = CARTESIAN_POINT ( 'NONE',  ( 1884.999999947512200, 109.4999999999969200, 1936.000000004472000 ) ) ;
#8361 = EDGE_CURVE ( 'NONE', #2873, #4061, #2499, .T. ) ;
#8362 = CARTESIAN_POINT ( 'NONE',  ( 1649.999999967203800, -130.5478796779712500, 2030.200000026024800 ) ) ;
#8363 = DIRECTION ( 'NONE',  ( 0.0000000000000000000, 1.000000000000000000, 3.491483361109381700E-015 ) ) ;
#8364 = ORIENTED_EDGE ( 'NONE', *, *, #2669, .F. ) ;
#8365 = CARTESIAN_POINT ( 'NONE',  ( 1875.881914444104500, 113.3663775497916600, 1938.451728131866700 ) ) ;
#8366 = CARTESIAN_POINT ( 'NONE',  ( 1829.579034757817500, -4.533049283161689100E-013, 1956.808361997644400 ) ) ;
#8367 = ORIENTED_EDGE ( 'NONE', *, *, #6782, .T. ) ;
#8368 = CIRCLE ( 'NONE', #6190, 3.400000000000069600 ) ;
#8369 = ADVANCED_FACE ( 'NONE', ( #506 ), #56, .F. ) ;
#8370 = ORIENTED_EDGE ( 'NONE', *, *, #8187, .T. ) ;
#8371 = CARTESIAN_POINT ( 'NONE',  ( 1987.710576041939000, -65.44215677830895600, 1929.913792887499300 ) ) ;
#8372 = DIRECTION ( 'NONE',  ( -3.182806635077191500E-025, -3.491475051078775400E-015, 1.000000000000000000 ) ) ;
#8373 = EDGE_LOOP ( 'NONE', ( #4783, #6220 ) ) ;
#8374 = EDGE_CURVE ( 'NONE', #8460, #560, #4134, .T. ) ;
#8375 = CARTESIAN_POINT ( 'NONE',  ( 1820.931782450062900, -50.28673670595978300, 1927.743948469442800 ) ) ;
#8376 = EDGE_LOOP ( 'NONE', ( #4860, #1371, #8485, #5443 ) ) ;
#8377 = ORIENTED_EDGE ( 'NONE', *, *, #4397, .F. ) ;
#8378 = CARTESIAN_POINT ( 'NONE',  ( 0.0000000000000000000, 51.99999999999639800, 2146.500000008745200 ) ) ;
#8379 = FACE_OUTER_BOUND ( 'NONE', #7970, .T. ) ;
#8380 = PLANE ( 'NONE',  #6405 ) ;
#8381 = VERTEX_POINT ( 'NONE', #3730 ) ;
#8382 = EDGE_LOOP ( 'NONE', ( #7695, #6425, #2683 ) ) ;
#8383 = DIRECTION ( 'NONE',  ( 0.0000000000000000000, 1.000000000000000000, 3.491483361109382500E-015 ) ) ;
#8384 = ORIENTED_EDGE ( 'NONE', *, *, #8397, .T. ) ;
#8385 = CARTESIAN_POINT ( 'NONE',  ( 1677.363965466026500, -130.5598660471391700, 2038.307977346090000 ) ) ;
#8386 = CARTESIAN_POINT ( 'NONE',  ( 1916.970061616848400, -115.8454011431120800, 1928.060137263592700 ) ) ;
#8387 = FACE_OUTER_BOUND ( 'NONE', #5047, .T. ) ;
#8388 = CARTESIAN_POINT ( 'NONE',  ( 1873.641620750073100, 114.1323062689800600, 1947.338383530963000 ) ) ;
#8389 = CARTESIAN_POINT ( 'NONE',  ( 1866.983996593771700, -65.45650082226619300, 1957.789336612169800 ) ) ;
#8390 = ADVANCED_FACE ( 'NONE', ( #5791 ), #5601, .T. ) ;
#8391 = EDGE_LOOP ( 'NONE', ( #2920, #3265 ) ) ;
#8392 = CARTESIAN_POINT ( 'NONE',  ( 1915.408814897660500, -86.05503909101065600, 1926.498890544474800 ) ) ;
#8393 = DIRECTION ( 'NONE',  ( 0.0000000000000000000, 1.000000000000000000, 0.0000000000000000000 ) ) ;
#8394 = DIRECTION ( 'NONE',  ( 1.000000000000000000, 0.0000000000000000000, 0.0000000000000000000 ) ) ;
#8395 = CIRCLE ( 'NONE', #5449, 38.49999999999997900 ) ;
#8396 = CARTESIAN_POINT ( 'NONE',  ( 1972.824996382558300, 79.97966398264442500, 1930.433608784738000 ) ) ;
#8397 = EDGE_CURVE ( 'NONE', #5543, #3365, #2258, .T. ) ;
#8398 = ORIENTED_EDGE ( 'NONE', *, *, #7770, .T. ) ;
#8399 = B_SPLINE_CURVE_WITH_KNOTS ( 'NONE', 3,
 ( #1968, #5964, #7922, #4121 ),
 .UNSPECIFIED., .F., .F.,
 ( 4, 4 ),
 ( 0.0000000000000000000, 1.000000000000000000 ),
 .UNSPECIFIED. ) ;
#8400 = DIRECTION ( 'NONE',  ( 0.0000000000000000000, -1.000000000000000000, -3.491475051078775400E-015 ) ) ;
#8401 = ORIENTED_EDGE ( 'NONE', *, *, #1526, .F. ) ;
#8402 = EDGE_CURVE ( 'NONE', #3995, #7662, #7698, .T. ) ;
#8403 = ORIENTED_EDGE ( 'NONE', *, *, #4680, .T. ) ;
#8404 = CARTESIAN_POINT ( 'NONE',  ( 1972.648622253309000, 84.89647950830934100, 1954.778719375701900 ) ) ;
#8405 = FACE_OUTER_BOUND ( 'NONE', #7405, .T. ) ;
#8406 = EDGE_LOOP ( 'NONE', ( #706, #2571, #607, #343 ) ) ;
#8407 = VECTOR ( 'NONE', #2126, 1000.000000000000000 ) ;
#8408 = ORIENTED_EDGE ( 'NONE', *, *, #6589, .T. ) ;
#8409 = CARTESIAN_POINT ( 'NONE',  ( 1695.770364792522300, -130.5624690341834700, 2060.200844246400700 ) ) ;
#8410 = CARTESIAN_POINT ( 'NONE',  ( 1634.999999967202700, 128.9999999999964500, 2035.000000003669600 ) ) ;
#8411 = ORIENTED_EDGE ( 'NONE', *, *, #2274, .T. ) ;
#8412 = CARTESIAN_POINT ( 'NONE',  ( 1879.234077721867400, 114.0768837504480500, 1955.457243795131700 ) ) ;
#8413 = EDGE_CURVE ( 'NONE', #4088, #7952, #3929, .T. ) ;
#8414 = CARTESIAN_POINT ( 'NONE',  ( 1866.249999952532300, 75.77722283113905600, 1885.500000009618400 ) ) ;
#8415 = CARTESIAN_POINT ( 'NONE',  ( 2009.034735854837700, -129.7332426421001800, 2322.122598213882600 ) ) ;
#8416 = ORIENTED_EDGE ( 'NONE', *, *, #2212, .T. ) ;
#8417 = CARTESIAN_POINT ( 'NONE',  ( 1999.431288075514200, -43.04529859650465800, 1917.130541842712100 ) ) ;
#8418 = ORIENTED_EDGE ( 'NONE', *, *, #8071, .T. ) ;
#8419 = VERTEX_POINT ( 'NONE', #5060 ) ;
#8420 = CARTESIAN_POINT ( 'NONE',  ( 1865.763895012733400, -85.92403900742787900, 1923.999259974340900 ) ) ;
#8421 = VERTEX_POINT ( 'NONE', #123 ) ;
#8422 = LINE ( 'NONE', #8378, #6631 ) ;
#8423 = AXIS2_PLACEMENT_3D ( 'NONE', #6700, #2156, #6729 ) ;
#8424 = ORIENTED_EDGE ( 'NONE', *, *, #7382, .T. ) ;
#8425 = ADVANCED_FACE ( 'NONE', ( #2017 ), #1787, .T. ) ;
#8426 = EDGE_CURVE ( 'NONE', #1760, #7169, #7255, .T. ) ;
#8427 = CARTESIAN_POINT ( 'NONE',  ( 2004.732752983394400, 46.15829585603024300, 1952.304725085826000 ) ) ;
#8428 = ORIENTED_EDGE ( 'NONE', *, *, #3354, .F. ) ;
#8429 = ORIENTED_EDGE ( 'NONE', *, *, #5052, .T. ) ;
#8430 = VECTOR ( 'NONE', #6869, 1000.000000000000000 ) ;
#8431 = ORIENTED_EDGE ( 'NONE', *, *, #6489, .T. ) ;
#8432 = CARTESIAN_POINT ( 'NONE',  ( 1842.967580085798800, -2.545056179692473100E-012, 1956.340823691194400 ) ) ;
#8433 = LINE ( 'NONE', #2790, #4228 ) ;
#8434 = FACE_OUTER_BOUND ( 'NONE', #7392, .T. ) ;
#8435 = LINE ( 'NONE', #7001, #6641 ) ;
#8436 = CARTESIAN_POINT ( 'NONE',  ( 1915.385500469092400, -130.5624128284701200, 2415.087536017501000 ) ) ;
#8437 = DIRECTION ( 'NONE',  ( 0.0000000000000000000, 3.491483361109382500E-015, -1.000000000000000000 ) ) ;
#8438 = CARTESIAN_POINT ( 'NONE',  ( 1699.169042752163900, -130.5550825806593000, 2087.929644124329600 ) ) ;
#8439 = CARTESIAN_POINT ( 'NONE',  ( 1929.334848562614800, -126.3000000000066900, 1928.608039571850400 ) ) ;
#8440 = ORIENTED_EDGE ( 'NONE', *, *, #2207, .T. ) ;
#8441 = VECTOR ( 'NONE', #3737, 1000.000000000000000 ) ;
#8442 = CARTESIAN_POINT ( 'NONE',  ( 2025.626532801105000, -129.3903752004644900, 2304.040717899808000 ) ) ;
#8443 = CARTESIAN_POINT ( 'NONE',  ( 1949.999999971988500, 62.99999999999636200, 2146.500000008745200 ) ) ;
#8444 = VECTOR ( 'NONE', #8394, 1000.000000000000000 ) ;
#8445 = LINE ( 'NONE', #5301, #6651 ) ;
#8446 = EDGE_CURVE ( 'NONE', #5223, #7985, #7043, .T. ) ;
#8447 = DIRECTION ( 'NONE',  ( 1.000000000000000000, -1.111267503048323600E-039, 3.182802359415012600E-025 ) ) ;
#8448 = VERTEX_POINT ( 'NONE', #6918 ) ;
#8449 = CARTESIAN_POINT ( 'NONE',  ( 1972.186059647984400, -85.34911151950520000, 1954.810688310600900 ) ) ;
#8450 = CARTESIAN_POINT ( 'NONE',  ( 2032.877091914396000, -129.5652565131442200, 2338.143863718054000 ) ) ;
#8451 = ORIENTED_EDGE ( 'NONE', *, *, #3322, .F. ) ;
#8452 = CARTESIAN_POINT ( 'NONE',  ( 1866.249999952526000, -75.77722283114127300, 1895.000000009617200 ) ) ;
#8453 = EDGE_CURVE ( 'NONE', #209, #4737, #3722, .T. ) ;
#8454 = CARTESIAN_POINT ( 'NONE',  ( 1959.870429800981600, 86.10511466596830100, 1918.512037459138800 ) ) ;
#8455 = AXIS2_PLACEMENT_3D ( 'NONE', #6411, #1776, #2528 ) ;
#8456 = VECTOR ( 'NONE', #7148, 1000.000000000000100 ) ;
#8457 = DIRECTION ( 'NONE',  ( -0.0000000000000000000, -1.000000000000000000, -3.491483361109382500E-015 ) ) ;
#8458 = ORIENTED_EDGE ( 'NONE', *, *, #3042, .F. ) ;
#8459 = CARTESIAN_POINT ( 'NONE',  ( 1977.499999948150400, -2.848342829722529200E-012, 1870.999999996171500 ) ) ;
#8460 = VERTEX_POINT ( 'NONE', #8295 ) ;
#8461 = DIRECTION ( 'NONE',  ( 0.0000000000000000000, 1.000000000000000000, 3.491483361109381700E-015 ) ) ;
#8462 = LINE ( 'NONE', #6464, #6665 ) ;
#8463 = DIRECTION ( 'NONE',  ( -0.5264027796015927600, 2.968582502070803400E-015, -0.8502353283813352000 ) ) ;
#8464 = AXIS2_PLACEMENT_3D ( 'NONE', #799, #5622, #1546 ) ;
#8465 = ORIENTED_EDGE ( 'NONE', *, *, #8645, .T. ) ;
#8466 = DIRECTION ( 'NONE',  ( 3.182802359415012600E-025, 3.491475051101101300E-015, -1.000000000000000000 ) ) ;
#8467 = VERTEX_POINT ( 'NONE', #4440 ) ;
#8468 = EDGE_LOOP ( 'NONE', ( #7219, #1746, #7748, #3924 ) ) ;
#8469 = CARTESIAN_POINT ( 'NONE',  ( 1845.677187973291000, -130.5590915057704000, 2271.176162792219700 ) ) ;
#8470 = CARTESIAN_POINT ( 'NONE',  ( 1905.499999947512200, 83.49999999999712900, 1871.300000002325300 ) ) ;
#8471 = EDGE_CURVE ( 'NONE', #7278, #1315, #6840, .T. ) ;
#8472 = CARTESIAN_POINT ( 'NONE',  ( 1685.394427592131900, -130.5386896187539800, 2115.038725286423900 ) ) ;
#8473 = DIRECTION ( 'NONE',  ( 0.0000000000000000000, -1.000000000000000000, 0.0000000000000000000 ) ) ;
#8474 = CARTESIAN_POINT ( 'NONE',  ( 1842.967580085798500, -1.748709684001870100E-012, 1956.340823691194400 ) ) ;
#8475 = CARTESIAN_POINT ( 'NONE',  ( 1846.291406247263700, 120.6898738989711900, 2023.326752079503900 ) ) ;
#8476 = ADVANCED_FACE ( 'NONE', ( #5203 ), #1322, .T. ) ;
#8477 = VERTEX_POINT ( 'NONE', #948 ) ;
#8478 = ORIENTED_EDGE ( 'NONE', *, *, #1988, .T. ) ;
#8479 = CARTESIAN_POINT ( 'NONE',  ( 1979.194090969021300, -79.73779646321631300, 1954.369891582899300 ) ) ;
#8480 = CARTESIAN_POINT ( 'NONE',  ( 1938.999999973075800, -62.21677477240077500, 2146.500000008745200 ) ) ;
#8481 = VECTOR ( 'NONE', #1898, 1000.000000000000000 ) ;
#8482 = CARTESIAN_POINT ( 'NONE',  ( 1814.999999952526000, -94.00000000000682100, 1926.915268311430700 ) ) ;
#8483 = EDGE_CURVE ( 'NONE', #62, #4318, #3930, .T. ) ;
#8484 = EDGE_LOOP ( 'NONE', ( #7768, #1271, #8185, #8733, #6723, #2794, #2814 ) ) ;
#8485 = ORIENTED_EDGE ( 'NONE', *, *, #1323, .T. ) ;
#8486 = LINE ( 'NONE', #5458, #1375 ) ;
#8487 = DIRECTION ( 'NONE',  ( -0.0000000000000000000, -0.0000000000000000000, -1.000000000000000000 ) ) ;
#8488 = DIRECTION ( 'NONE',  ( -9.115924681779572100E-011, 3.546085137301702500E-015, -1.000000000000000000 ) ) ;
#8489 = ORIENTED_EDGE ( 'NONE', *, *, #4571, .F. ) ;
#8490 = CARTESIAN_POINT ( 'NONE',  ( 1961.507554354156100, -87.65080701668851800, 1932.237515059850000 ) ) ;
#8491 = CARTESIAN_POINT ( 'NONE',  ( 1994.719999397111500, 500000.0000000000600, 2369.254424355289800 ) ) ;
#8492 = VECTOR ( 'NONE', #6796, 1000.000000000000000 ) ;
#8493 = CARTESIAN_POINT ( 'NONE',  ( 1842.799973959178900, -130.3625399225018700, 2085.887920328201300 ) ) ;
#8494 = EDGE_CURVE ( 'NONE', #4852, #1143, #3285, .T. ) ;
#8495 = CARTESIAN_POINT ( 'NONE',  ( 1866.990833011216200, -65.26203700904986200, 1961.500000006427600 ) ) ;
#8496 = ORIENTED_EDGE ( 'NONE', *, *, #3086, .T. ) ;
#8497 = CARTESIAN_POINT ( 'NONE',  ( 2460.583333289262600, -3.164135620181917900E-012, 1956.309868577037200 ) ) ;
#8498 = CARTESIAN_POINT ( 'NONE',  ( 1964.999999967202500, -104.0780155995548700, 2305.000000026026600 ) ) ;
#8499 = CARTESIAN_POINT ( 'NONE',  ( 1886.504220263756700, 113.4478340361431500, 1956.925661811168800 ) ) ;
#8500 = CARTESIAN_POINT ( 'NONE',  ( 1721.060347574464700, 129.7748514008609100, 2096.451818263927200 ) ) ;
#8501 = LINE ( 'NONE', #276, #3579 ) ;
#8502 =( BOUNDED_CURVE ( )  B_SPLINE_CURVE ( 3, ( #7033, #2517, #6401, #7729 ),
 .UNSPECIFIED., .F., .T. ) 
 B_SPLINE_CURVE_WITH_KNOTS ( ( 4, 4 ),
 ( 3.855884342808314700, 3.925465932356126500 ),
 .UNSPECIFIED. ) 
 CURVE ( )  GEOMETRIC_REPRESENTATION_ITEM ( )  RATIONAL_B_SPLINE_CURVE ( ( 1.000000000000000000, 0.9995965742276555800, 0.9995965742276555800, 1.000000000000000000 ) ) 
 REPRESENTATION_ITEM ( '' )  );
#8503 = CARTESIAN_POINT ( 'NONE',  ( 2032.877091914396000, -129.5652565131442200, 2338.143863718054000 ) ) ;
#8504 = CARTESIAN_POINT ( 'NONE',  ( 2003.897845929236200, -47.87205214201299000, 1952.393762849514600 ) ) ;
#8505 = CARTESIAN_POINT ( 'NONE',  ( 1812.756097930452100, -14.55952125711668200, 1929.011121921427500 ) ) ;
#8506 = EDGE_LOOP ( 'NONE', ( #7806, #8648, #7259, #5982 ) ) ;
#8507 = CARTESIAN_POINT ( 'NONE',  ( 1964.999999967202500, -104.5000000000000000, 2290.000000026026600 ) ) ;
#8508 = EDGE_CURVE ( 'NONE', #7125, #7884, #8435, .T. ) ;
#8509 = FACE_OUTER_BOUND ( 'NONE', #5340, .T. ) ;
#8510 = AXIS2_PLACEMENT_3D ( 'NONE', #3461, #3152, #3471 ) ;
#8511 = VERTEX_POINT ( 'NONE', #2444 ) ;
#8512 = AXIS2_PLACEMENT_3D ( 'NONE', #6811, #2985, #7490 ) ;
#8513 = ADVANCED_FACE ( 'NONE', ( #8226 ), #8380, .T. ) ;
#8514 = CARTESIAN_POINT ( 'NONE',  ( 1977.499999947512200, -2.848342829701142400E-012, 1863.999999996172200 ) ) ;
#8515 = VERTEX_POINT ( 'NONE', #2476 ) ;
#8516 = LINE ( 'NONE', #1700, #6721 ) ;
#8517 = EDGE_CURVE ( 'NONE', #3903, #1757, #3514, .T. ) ;
#8518 = ORIENTED_EDGE ( 'NONE', *, *, #7533, .T. ) ;
#8519 = DIRECTION ( 'NONE',  ( 0.0000000000000000000, 0.0000000000000000000, -1.000000000000000000 ) ) ;
#8520 = ORIENTED_EDGE ( 'NONE', *, *, #1342, .T. ) ;
#8521 = VERTEX_POINT ( 'NONE', #3928 ) ;
#8522 = CARTESIAN_POINT ( 'NONE',  ( 1990.839459047263300, -40.13480033194852600, 1885.500000009617900 ) ) ;
#8523 = ADVANCED_FACE ( 'NONE', ( #3048 ), #1752, .T. ) ;
#8524 = DIRECTION ( 'NONE',  ( -3.182806635077191500E-025, -3.491475051078775400E-015, 1.000000000000000000 ) ) ;
#8525 = CIRCLE ( 'NONE', #3628, 3.400000000000069600 ) ;
#8526 = AXIS2_PLACEMENT_3D ( 'NONE', #6071, #2105, #6686 ) ;
#8527 = CARTESIAN_POINT ( 'NONE',  ( 1713.292574715639800, -130.5367068040595200, 2166.069315602094800 ) ) ;
#8528 = CARTESIAN_POINT ( 'NONE',  ( 1895.303551956674300, 112.1580021847000700, 1950.621345388938600 ) ) ;
#8529 = CARTESIAN_POINT ( 'NONE',  ( 1869.999999971988200, 51.99999999999639800, 2146.500000008745200 ) ) ;
#8530 = EDGE_CURVE ( 'NONE', #833, #7019, #1094, .T. ) ;
#8531 = ORIENTED_EDGE ( 'NONE', *, *, #4191, .T. ) ;
#8532 = VECTOR ( 'NONE', #2097, 1000.000000000000000 ) ;
#8533 = CYLINDRICAL_SURFACE ( 'NONE', #2545, 3.400000000000138900 ) ;
#8534 = CARTESIAN_POINT ( 'NONE',  ( 1794.806694255887100, -101.8526206733787400, 2055.782843798334400 ) ) ;
#8535 = LINE ( 'NONE', #1260, #1433 ) ;
#8536 = CARTESIAN_POINT ( 'NONE',  ( 1949.999999956399700, -40.00000000000318300, 1961.499999998679200 ) ) ;
#8537 = DIRECTION ( 'NONE',  ( 1.000000000000000000, 1.765948498544388100E-013, -9.116041255197152600E-011 ) ) ;
#8538 = ORIENTED_EDGE ( 'NONE', *, *, #3547, .T. ) ;
#8539 = VERTEX_POINT ( 'NONE', #2540 ) ;
#8540 = AXIS2_PLACEMENT_3D ( 'NONE', #6661, #8028, #4213 ) ;
#8541 = CYLINDRICAL_SURFACE ( 'NONE', #2418, 50.22873113858716500 ) ;
#8542 = DIRECTION ( 'NONE',  ( 0.5028917890201614100, -3.029533226956218800E-015, 0.8643493787445569700 ) ) ;
#8543 = DIRECTION ( 'NONE',  ( 1.000000000000000000, -0.0000000000000000000, 0.0000000000000000000 ) ) ;
#8544 = VECTOR ( 'NONE', #2797, 1000.000000000000000 ) ;
#8545 = VECTOR ( 'NONE', #1490, 1000.000000000000100 ) ;
#8546 = CARTESIAN_POINT ( 'NONE',  ( 1690.223756433137200, 129.7027574996884000, 2110.090510055569700 ) ) ;
#8547 = EDGE_LOOP ( 'NONE', ( #4369, #2746 ) ) ;
#8548 = DIRECTION ( 'NONE',  ( -9.116527603211088700E-011, 4.943618894426031000E-015, -1.000000000000000000 ) ) ;
#8549 = UNCERTAINTY_MEASURE_WITH_UNIT (LENGTH_MEASURE( 1.000000000000000100E-005 ), #7414, 'distance_accuracy_value', 'NONE');
#8550 = FACE_OUTER_BOUND ( 'NONE', #5635, .T. ) ;
#8551 = FACE_OUTER_BOUND ( 'NONE', #3952, .T. ) ;
#8552 = CARTESIAN_POINT ( 'NONE',  ( 1645.517142989955300, -130.5485433110320100, 2020.961245678776800 ) ) ;
#8553 = ORIENTED_EDGE ( 'NONE', *, *, #2340, .T. ) ;
#8554 = CARTESIAN_POINT ( 'NONE',  ( 1895.494970558076600, 111.5036129540397100, 1940.783218177202300 ) ) ;
#8555 = CARTESIAN_POINT ( 'NONE',  ( 1909.999999958223300, -3.254638298783340700E-012, 1981.500000002324700 ) ) ;
#8556 = ADVANCED_FACE ( 'NONE', ( #8015, #5010 ), #1039, .T. ) ;
#8557 = ORIENTED_EDGE ( 'NONE', *, *, #2295, .T. ) ;
#8558 = EDGE_CURVE ( 'NONE', #2381, #7320, #4611, .T. ) ;
#8559 = FACE_OUTER_BOUND ( 'NONE', #3888, .T. ) ;
#8560 = CARTESIAN_POINT ( 'NONE',  ( 1844.999999935018000, 28.99999999999754900, 1726.941558781093100 ) ) ;
#8561 = CARTESIAN_POINT ( 'NONE',  ( 1856.999999952526000, -105.0000000000068200, 1953.800000002324200 ) ) ;
#8562 = VERTEX_POINT ( 'NONE', #5818 ) ;
#8563 = DIRECTION ( 'NONE',  ( -1.000000000000000000, 1.146296613448754200E-039, -3.232576927341070300E-025 ) ) ;
#8564 = EDGE_CURVE ( 'NONE', #3877, #1930, #6270, .T. ) ;
#8565 = DIRECTION ( 'NONE',  ( -0.8618976669184040800, -0.0000000000000000000, 0.5070822534467279700 ) ) ;
#8566 = AXIS2_PLACEMENT_3D ( 'NONE', #2551, #3273, #7757 ) ;
#8567 = ORIENTED_EDGE ( 'NONE', *, *, #960, .T. ) ;
#8568 = ADVANCED_FACE ( 'NONE', ( #2824 ), #5215, .T. ) ;
#8569 = LINE ( 'NONE', #2855, #5143 ) ;
#8570 = CARTESIAN_POINT ( 'NONE',  ( 2041.088932984942900, -117.8056245409340500, 2350.949992264958400 ) ) ;
#8571 = VERTEX_POINT ( 'NONE', #5243 ) ;
#8572 = ORIENTED_EDGE ( 'NONE', *, *, #5026, .F. ) ;
#8573 = CARTESIAN_POINT ( 'NONE',  ( 1700.033721215250800, 129.7661609999107400, 2085.191044158745200 ) ) ;
#8574 = CARTESIAN_POINT ( 'NONE',  ( 1895.249999947512200, -2.844389003852986700E-012, 1864.000000003669400 ) ) ;
#8575 = AXIS2_PLACEMENT_3D ( 'NONE', #657, #4285, #8766 ) ;
#8576 = DIRECTION ( 'NONE',  ( -0.7071067812981365300, -0.7071067810749586100, -4.726805866070870700E-015 ) ) ;
#8577 = EDGE_LOOP ( 'NONE', ( #3361, #1633 ) ) ;
#8578 = CARTESIAN_POINT ( 'NONE',  ( 1649.999999967202500, 91.77999999999705900, 2132.205028249980400 ) ) ;
#8579 = ORIENTED_EDGE ( 'NONE', *, *, #5103, .T. ) ;
#8580 = EDGE_CURVE ( 'NONE', #4465, #1764, #8644, .T. ) ;
#8581 = DIRECTION ( 'NONE',  ( -9.115912537477290800E-011, 3.546085137301702900E-015, -1.000000000000000000 ) ) ;
#8582 = LINE ( 'NONE', #4458, #5154 ) ;
#8583 = CARTESIAN_POINT ( 'NONE',  ( 1888.707323840332000, 111.8124714981722100, 1934.587774318909400 ) ) ;
#8584 = EDGE_LOOP ( 'NONE', ( #3938, #376, #7896, #2300, #3218, #6299 ) ) ;
#8585 = CARTESIAN_POINT ( 'NONE',  ( 1974.999999935018000, 28.99999999999632300, 1726.941558769242200 ) ) ;
#8586 = CARTESIAN_POINT ( 'NONE',  ( 1982.510356507968000, -76.71599827356926900, 1954.148497198847300 ) ) ;
#8587 = CARTESIAN_POINT ( 'NONE',  ( 1866.100822968353000, 65.24387233755679500, 1961.500000006326900 ) ) ;
#8588 = AXIS2_PLACEMENT_3D ( 'NONE', #3314, #7799, #6462 ) ;
#8589 = LINE ( 'NONE', #3974, #5160 ) ;
#8590 = DIRECTION ( 'NONE',  ( 3.182806635077191500E-025, 3.491475051078775400E-015, -1.000000000000000000 ) ) ;
#8591 = EDGE_CURVE ( 'NONE', #8240, #5056, #7802, .T. ) ;
#8592 = DIRECTION ( 'NONE',  ( 0.0000000000000000000, -1.000000000000000000, -3.491475051078775400E-015 ) ) ;
#8593 = ORIENTED_EDGE ( 'NONE', *, *, #4945, .T. ) ;
#8594 = CARTESIAN_POINT ( 'NONE',  ( 1887.641727153387100, -4.045920641658883300E-012, 2203.099005833575100 ) ) ;
#8595 = CARTESIAN_POINT ( 'NONE',  ( 1879.898513554531500, 116.2954736481290200, 1964.441003440001400 ) ) ;
#8596 = FACE_OUTER_BOUND ( 'NONE', #5062, .T. ) ;
#8597 = ORIENTED_EDGE ( 'NONE', *, *, #5381, .T. ) ;
#8598 = CARTESIAN_POINT ( 'NONE',  ( 1694.369247539771800, 129.7861069485657300, 2056.301945365425600 ) ) ;
#8599 = AXIS2_PLACEMENT_3D ( 'NONE', #7201, #3425, #7897 ) ;
#8600 = ORIENTED_EDGE ( 'NONE', *, *, #4480, .T. ) ;
#8601 = CARTESIAN_POINT ( 'NONE',  ( 1909.999999958223300, -3.254638298783340700E-012, 1981.500000002324700 ) ) ;
#8602 = DIRECTION ( 'NONE',  ( -9.116397759820105700E-011, 4.891033724888730600E-015, -1.000000000000000000 ) ) ;
#8603 = ORIENTED_EDGE ( 'NONE', *, *, #3287, .F. ) ;
#8604 = FACE_OUTER_BOUND ( 'NONE', #8373, .T. ) ;
#8605 = B_SPLINE_CURVE_WITH_KNOTS ( 'NONE', 3,
 ( #913, #878, #927, #904 ),
 .UNSPECIFIED., .F., .F.,
 ( 4, 4 ),
 ( 0.0000000000000000000, 0.008302200793812910400 ),
 .UNSPECIFIED. ) ;
#8606 = EDGE_CURVE ( 'NONE', #4003, #6948, #6068, .T. ) ;
#8607 = ADVANCED_FACE ( 'NONE', ( #622 ), #2605, .T. ) ;
#8608 = CARTESIAN_POINT ( 'NONE',  ( 1776.723619198440000, -3.205526784156457700E-012, 1967.433911309501400 ) ) ;
#8609 = ORIENTED_EDGE ( 'NONE', *, *, #15, .F. ) ;
#8610 = DIRECTION ( 'NONE',  ( -4.558136915057779500E-011, 4.558136915057841500E-011, -1.000000000000000000 ) ) ;
#8611 = DIRECTION ( 'NONE',  ( -0.0000000000000000000, -1.000000000000000000, -3.491483361109382100E-015 ) ) ;
#8612 = ORIENTED_EDGE ( 'NONE', *, *, #6782, .F. ) ;
#8613 = CARTESIAN_POINT ( 'NONE',  ( 1812.852114681647200, -94.18997069229901300, 1926.938968739997600 ) ) ;
#8614 = FACE_OUTER_BOUND ( 'NONE', #8081, .T. ) ;
#8615 = CARTESIAN_POINT ( 'NONE',  ( 1649.999999967202500, -80.00000000000358100, 2080.000000026026100 ) ) ;
#8616 = ORIENTED_EDGE ( 'NONE', *, *, #6365, .F. ) ;
#8617 = CARTESIAN_POINT ( 'NONE',  ( 1833.097356493764000, -69.74042130658284600, 2031.954147198027800 ) ) ;
#8618 = ORIENTED_EDGE ( 'NONE', *, *, #3246, .T. ) ;
#8619 = CARTESIAN_POINT ( 'NONE',  ( 1994.719999397111500, -144.7500000000062000, 2369.254424353543500 ) ) ;
#8620 = ORIENTED_EDGE ( 'NONE', *, *, #6993, .F. ) ;
#8621 = CARTESIAN_POINT ( 'NONE',  ( 1888.999999947512400, 83.49999999999704400, 1900.000000002324700 ) ) ;
#8622 = CIRCLE ( 'NONE', #4755, 11.50000000000028800 ) ;
#8623 = AXIS2_PLACEMENT_3D ( 'NONE', #886, #6113, #7431 ) ;
#8624 = CARTESIAN_POINT ( 'NONE',  ( 1696.885488284340900, 129.4197360717873300, 2034.163854181572600 ) ) ;
#8625 = ORIENTED_EDGE ( 'NONE', *, *, #6930, .F. ) ;
#8626 = ORIENTED_EDGE ( 'NONE', *, *, #6127, .T. ) ;
#8627 = CARTESIAN_POINT ( 'NONE',  ( 1674.679136461496700, 129.7786217443556300, 2036.231304248251000 ) ) ;
#8628 = CARTESIAN_POINT ( 'NONE',  ( 1649.999999967202500, 129.7403889924330500, 2020.939164913778100 ) ) ;
#8629 = EDGE_CURVE ( 'NONE', #2873, #5891, #4432, .T. ) ;
#8630 = LINE ( 'NONE', #7746, #1777 ) ;
#8631 = CARTESIAN_POINT ( 'NONE',  ( 1980.344408395647000, -124.9584773355123300, 2070.016737331476200 ) ) ;
#8632 = ORIENTED_EDGE ( 'NONE', *, *, #6993, .T. ) ;
#8633 = CARTESIAN_POINT ( 'NONE',  ( 1678.654476015626600, 129.3883734239160500, 2003.176736454251600 ) ) ;
#8634 = VERTEX_POINT ( 'NONE', #3330 ) ;
#8635 = CONICAL_SURFACE ( 'NONE', #282, 52.00350918079266200, 0.05235987755982023100 ) ;
#8636 = CARTESIAN_POINT ( 'NONE',  ( 2038.527402047840500, -126.1255853188934300, 2346.350448028360500 ) ) ;
#8637 = VERTEX_POINT ( 'NONE', #7840 ) ;
#8638 = AXIS2_PLACEMENT_3D ( 'NONE', #3299, #7779, #3991 ) ;
#8639 = FACE_OUTER_BOUND ( 'NONE', #8679, .T. ) ;
#8640 = CARTESIAN_POINT ( 'NONE',  ( 1730.828007414287000, 129.6458841719261600, 2100.319694011897800 ) ) ;
#8641 = LINE ( 'NONE', #1664, #7040 ) ;
#8642 = DIRECTION ( 'NONE',  ( 1.000000000000000000, 0.0000000000000000000, -0.0000000000000000000 ) ) ;
#8643 = CARTESIAN_POINT ( 'NONE',  ( 1990.839459047263300, -40.13480033194855400, 1895.000000009617200 ) ) ;
#8644 = LINE ( 'NONE', #1105, #863 ) ;
#8645 = EDGE_CURVE ( 'NONE', #8637, #3900, #378, .T. ) ;
#8646 = CARTESIAN_POINT ( 'NONE',  ( 1805.042210355001100, -100.3138051581890300, 1928.059153782757900 ) ) ;
#8647 = ORIENTED_EDGE ( 'NONE', *, *, #4527, .F. ) ;
#8648 = ORIENTED_EDGE ( 'NONE', *, *, #8697, .T. ) ;
#8649 = CIRCLE ( 'NONE', #602, 53.00350918079277600 ) ;
#8650 = CYLINDRICAL_SURFACE ( 'NONE', #5687, 12.49999999999973400 ) ;
#8651 = LINE ( 'NONE', #4640, #6849 ) ;
#8652 = DIRECTION ( 'NONE',  ( -0.9986295347545740600, 0.05233595624294185700, 1.827296851799066500E-016 ) ) ;
#8653 = ADVANCED_FACE ( 'NONE', ( #5875 ), #4031, .T. ) ;
#8654 = DIRECTION ( 'NONE',  ( 0.0000000000000000000, -1.000000000000000000, 0.0000000000000000000 ) ) ;
#8655 = ORIENTED_EDGE ( 'NONE', *, *, #4115, .T. ) ;
#8656 = CARTESIAN_POINT ( 'NONE',  ( 1675.159358927814300, 129.5257249481036600, 2004.029797678535300 ) ) ;
#8657 =( BOUNDED_CURVE ( )  B_SPLINE_CURVE ( 3, ( #1231, #472, #1974, #6575 ),
 .UNSPECIFIED., .F., .T. ) 
 B_SPLINE_CURVE_WITH_KNOTS ( ( 4, 4 ),
 ( 3.924857689330488100, 4.539324844974091300 ),
 .UNSPECIFIED. ) 
 CURVE ( )  GEOMETRIC_REPRESENTATION_ITEM ( )  RATIONAL_B_SPLINE_CURVE ( ( 1.000000000000000000, 0.9687825637607049300, 0.9687825637607049300, 1.000000000000000000 ) ) 
 REPRESENTATION_ITEM ( '' )  );
#8658 = LINE ( 'NONE', #7845, #8456 ) ;
#8659 = EDGE_CURVE ( 'NONE', #5344, #5223, #5688, .T. ) ;
#8660 = PLANE ( 'NONE',  #8298 ) ;
#8661 = CARTESIAN_POINT ( 'NONE',  ( 1964.999999967202500, -103.2930759538999200, 2215.000000026027000 ) ) ;
#8662 = ORIENTED_EDGE ( 'NONE', *, *, #5628, .F. ) ;
#8663 = DIRECTION ( 'NONE',  ( -9.115936927843110400E-011, 3.491483361109382100E-015, -1.000000000000000000 ) ) ;
#8664 = ORIENTED_EDGE ( 'NONE', *, *, #3886, .F. ) ;
#8665 = CARTESIAN_POINT ( 'NONE',  ( 1844.999999958223500, -29.00000000007347700, 1981.500000005642100 ) ) ;
#8666 = CARTESIAN_POINT ( 'NONE',  ( 1938.999999958490000, -65.00000000000241600, 1726.941558777811000 ) ) ;
#8667 = VECTOR ( 'NONE', #4394, 1000.000000000000000 ) ;
#8668 = DIRECTION ( 'NONE',  ( 1.000000000000000000, -1.111267503048323600E-039, 3.182802359415012600E-025 ) ) ;
#8669 = CARTESIAN_POINT ( 'NONE',  ( 1904.693493112434000, 68.54727887142981000, 1961.500000003127300 ) ) ;
#8670 = DIRECTION ( 'NONE',  ( 0.0000000000000000000, 1.000000000000000000, 0.0000000000000000000 ) ) ;
#8671 = ORIENTED_EDGE ( 'NONE', *, *, #7446, .T. ) ;
#8672 = EDGE_CURVE ( 'NONE', #1585, #7844, #7632, .T. ) ;
#8673 = ORIENTED_EDGE ( 'NONE', *, *, #7628, .T. ) ;
#8674 = CARTESIAN_POINT ( 'NONE',  ( 1805.019127363444600, -109.6370058071012000, 1928.559743751466400 ) ) ;
#8675 = LINE ( 'NONE', #5716, #1358 ) ;
#8676 = DIRECTION ( 'NONE',  ( -1.000000000000000000, 0.0000000000000000000, 9.116000135825862400E-011 ) ) ;
#8677 = EDGE_CURVE ( 'NONE', #1495, #959, #2379, .T. ) ;
#8678 = DIRECTION ( 'NONE',  ( 4.768180175825138200E-012, -0.9986295347545735000, 0.05233595624295130800 ) ) ;
#8679 = EDGE_LOOP ( 'NONE', ( #8790, #5733, #5921, #2875 ) ) ;
#8680 = CARTESIAN_POINT ( 'NONE',  ( 1880.999999972398400, -65.00000000000389400, 2146.500000008745200 ) ) ;
#8681 = ORIENTED_EDGE ( 'NONE', *, *, #8374, .T. ) ;
#8682 = EDGE_CURVE ( 'NONE', #2081, #6964, #5541, .T. ) ;
#8683 = VECTOR ( 'NONE', #365, 1000.000000000000100 ) ;
#8684 = CARTESIAN_POINT ( 'NONE',  ( 1731.462158976870100, 129.6227388117657100, 2099.927074305224300 ) ) ;
#8685 = VERTEX_POINT ( 'NONE', #5351 ) ;
#8686 = DIRECTION ( 'NONE',  ( -9.115878422486879800E-011, 3.491483361109382100E-015, -1.000000000000000000 ) ) ;
#8687 = CARTESIAN_POINT ( 'NONE',  ( 2040.474263337552400, -104.4740219876217500, 2347.769870320766100 ) ) ;
#8688 = EDGE_LOOP ( 'NONE', ( #3838, #7377, #636, #8032 ) ) ;
#8689 = PRESENTATION_LAYER_ASSIGNMENT (  '', '', ( #8248 ) ) ;
#8690 = ORIENTED_EDGE ( 'NONE', *, *, #4531, .T. ) ;
#8691 = DIRECTION ( 'NONE',  ( 1.000000000000000000, 0.0000000000000000000, 0.0000000000000000000 ) ) ;
#8692 = DIRECTION ( 'NONE',  ( 0.0000000000000000000, -3.491483361109382500E-015, 1.000000000000000000 ) ) ;
#8693 = CIRCLE ( 'NONE', #4150, 20.00000000000001800 ) ;
#8694 = CARTESIAN_POINT ( 'NONE',  ( 1765.548636483525800, -86.00924963875334600, 2072.354392494919500 ) ) ;
#8695 = ADVANCED_FACE ( 'NONE', ( #7362 ), #6942, .T. ) ;
#8696 = SURFACE_SIDE_STYLE ('',( #2836 ) ) ;
#8697 = EDGE_CURVE ( 'NONE', #2124, #5003, #7144, .T. ) ;
#8698 = ORIENTED_EDGE ( 'NONE', *, *, #723, .F. ) ;
#8699 = CARTESIAN_POINT ( 'NONE',  ( 1856.999999952526000, -105.0000000000068200, 1953.800000002324200 ) ) ;
#8700 = CARTESIAN_POINT ( 'NONE',  ( 1814.999999952526000, 105.9999999999931800, 1931.300000002324900 ) ) ;
#8701 = CIRCLE ( 'NONE', #1135, 6.650000000000148700 ) ;
#8702 = CARTESIAN_POINT ( 'NONE',  ( 1812.851592537171900, -115.8100102315364900, 1928.072336494336000 ) ) ;
#8703 = EDGE_LOOP ( 'NONE', ( #2688, #3390, #8620, #8189 ) ) ;
#8704 = CARTESIAN_POINT ( 'NONE',  ( 1814.999999952526000, -105.0000000000068200, 1953.800000002324200 ) ) ;
#8705 = AXIS2_PLACEMENT_3D ( 'NONE', #5327, #1199, #5943 ) ;
#8706 = ORIENTED_EDGE ( 'NONE', *, *, #2327, .T. ) ;
#8707 = CARTESIAN_POINT ( 'NONE',  ( 1909.999999952525700, -3.036420588714004300E-012, 1919.000000002324700 ) ) ;
#8708 = EDGE_CURVE ( 'NONE', #1143, #4637, #5497, .T. ) ;
#8709 = VECTOR ( 'NONE', #185, 1000.000000000000200 ) ;
#8710 = ORIENTED_EDGE ( 'NONE', *, *, #8163, .F. ) ;
#8711 = CARTESIAN_POINT ( 'NONE',  ( 1924.608402599458000, -97.06565660783823500, 2346.119706855894500 ) ) ;
#8712 = CARTESIAN_POINT ( 'NONE',  ( 1709.101020888861300, 129.7222258696706900, 2070.186168204392700 ) ) ;
#8713 = ORIENTED_EDGE ( 'NONE', *, *, #3246, .F. ) ;
#8714 = CARTESIAN_POINT ( 'NONE',  ( 1853.387823809864800, 64.90070949569678800, 1958.244704937928900 ) ) ;
#8715 = LINE ( 'NONE', #5170, #5272 ) ;
#8716 = DIRECTION ( 'NONE',  ( 0.0000000000000000000, 1.000000000000000000, 0.0000000000000000000 ) ) ;
#8717 = CARTESIAN_POINT ( 'NONE',  ( 1915.408814897731600, -86.05503909237356200, 1926.498890544617800 ) ) ;
#8718 = CARTESIAN_POINT ( 'NONE',  ( 1909.999999955785800, -550.5833333333479200, 1954.750072794345000 ) ) ;
#8719 = CARTESIAN_POINT ( 'NONE',  ( 1649.999999967202500, 71.99999999999640500, 2080.000000026027900 ) ) ;
#8720 = VERTEX_POINT ( 'NONE', #3482 ) ;
#8721 = ORIENTED_EDGE ( 'NONE', *, *, #7585, .T. ) ;
#8722 = EDGE_CURVE ( 'NONE', #6148, #4195, #3612, .T. ) ;
#8723 = VECTOR ( 'NONE', #6406, 1000.000000000000000 ) ;
#8724 = CARTESIAN_POINT ( 'NONE',  ( 1866.249999952532300, 75.77722283113902800, 1895.000000009617700 ) ) ;
#8725 = ORIENTED_EDGE ( 'NONE', *, *, #1645, .F. ) ;
#8726 = CARTESIAN_POINT ( 'NONE',  ( 1814.225292582054600, -94.02731443584939100, 1926.916699800425900 ) ) ;
#8727 = EDGE_CURVE ( 'NONE', #1391, #186, #5298, .T. ) ;
#8728 = EDGE_LOOP ( 'NONE', ( #1285, #3507, #2251, #2131 ) ) ;
#8729 =( GEOMETRIC_REPRESENTATION_CONTEXT ( 3 ) GLOBAL_UNCERTAINTY_ASSIGNED_CONTEXT ( ( #1137 ) ) GLOBAL_UNIT_ASSIGNED_CONTEXT ( ( #6061, #2095, #6679 ) ) REPRESENTATION_CONTEXT ( 'NONE', 'WORKASPACE' ) );
#8730 = DIRECTION ( 'NONE',  ( -0.0000000000000000000, -1.000000000000000000, -3.491483361109382100E-015 ) ) ;
#8731 = ORIENTED_EDGE ( 'NONE', *, *, #104, .F. ) ;
#8732 = LINE ( 'NONE', #4295, #6931 ) ;
#8733 = ORIENTED_EDGE ( 'NONE', *, *, #1140, .T. ) ;
#8734 = CARTESIAN_POINT ( 'NONE',  ( 1964.677764262989100, -101.0307890257152100, 1955.620833805501900 ) ) ;
#8735 = CARTESIAN_POINT ( 'NONE',  ( 1965.496511940866900, 84.02788165517911500, 1926.565681711104400 ) ) ;
#8736 = ADVANCED_FACE ( 'NONE', ( #3823 ), #5403, .T. ) ;
#8737 = CIRCLE ( 'NONE', #4064, 21.99999999999987900 ) ;
#8738 = FACE_OUTER_BOUND ( 'NONE', #1508, .T. ) ;
#8739 = AXIS2_PLACEMENT_3D ( 'NONE', #8718, #7595, #8079 ) ;
#8740 =( NAMED_UNIT ( * ) PLANE_ANGLE_UNIT ( ) SI_UNIT ( $, .RADIAN. ) );
#8741 = AXIS2_PLACEMENT_3D ( 'NONE', #5834, #2590, #1092 ) ;
#8742 = CARTESIAN_POINT ( 'NONE',  ( 1685.470065384493900, 129.7839511391838400, 2041.231439053924500 ) ) ;
#8743 = VECTOR ( 'NONE', #7955, 1000.000000000000000 ) ;
#8744 = DIRECTION ( 'NONE',  ( 0.0000000000000000000, 1.000000000000000000, 0.0000000000000000000 ) ) ;
#8745 = DIRECTION ( 'NONE',  ( -0.0000000000000000000, 1.000000000000000000, 3.491483361109382100E-015 ) ) ;
#8746 = CARTESIAN_POINT ( 'NONE',  ( 1794.806694255887100, -101.8526206733787800, 2055.782843798334400 ) ) ;
#8747 = ORIENTED_EDGE ( 'NONE', *, *, #6079, .T. ) ;
#8748 = EDGE_CURVE ( 'NONE', #5271, #3437, #5110, .T. ) ;
#8749 = CARTESIAN_POINT ( 'NONE',  ( 1949.999999971988500, 0.0000000000000000000, 2081.000000008745200 ) ) ;
#8750 = ORIENTED_EDGE ( 'NONE', *, *, #8163, .T. ) ;
#8751 =( NAMED_UNIT ( * ) PLANE_ANGLE_UNIT ( ) SI_UNIT ( $, .RADIAN. ) );
#8752 = LINE ( 'NONE', #7950, #1902 ) ;
#8753 = LINE ( 'NONE', #7307, #1442 ) ;
#8754 = VECTOR ( 'NONE', #8112, 1000.000000000000000 ) ;
#8755 = CARTESIAN_POINT ( 'NONE',  ( 1829.160540857791400, 33.48480033194930900, 1895.000000009617700 ) ) ;
#8756 = DIRECTION ( 'NONE',  ( -3.182802359415013000E-025, -3.491475051101102100E-015, 1.000000000000000000 ) ) ;
#8757 = ORIENTED_EDGE ( 'NONE', *, *, #4920, .T. ) ;
#8758 = ORIENTED_EDGE ( 'NONE', *, *, #2938, .F. ) ;
#8759 = AXIS2_PLACEMENT_3D ( 'NONE', #7137, #8543, #6546 ) ;
#8760 = EDGE_CURVE ( 'NONE', #8467, #6646, #8535, .T. ) ;
#8761 = VECTOR ( 'NONE', #2912, 1000.000000000000000 ) ;
#8762 = PLANE ( 'NONE',  #6557 ) ;
#8763 = FACE_OUTER_BOUND ( 'NONE', #8108, .T. ) ;
#8764 = CARTESIAN_POINT ( 'NONE',  ( 1678.291317822368900, -130.5329048018429300, 2120.983427579341400 ) ) ;
#8765 = VERTEX_POINT ( 'NONE', #542 ) ;
#8766 = DIRECTION ( 'NONE',  ( 0.0000000000000000000, 0.9993908270190957600, -0.03489949670249755500 ) ) ;
#8767 = DIRECTION ( 'NONE',  ( -9.115924681779572100E-011, 3.546085137301702900E-015, -1.000000000000000000 ) ) ;
#8768 = ORIENTED_EDGE ( 'NONE', *, *, #2866, .F. ) ;
#8769 = DIRECTION ( 'NONE',  ( 0.0000000000000000000, -3.652049423109128000E-015, 1.000000000000000000 ) ) ;
#8770 =( BOUNDED_CURVE ( )  B_SPLINE_CURVE ( 3, ( #1045, #8386, #3967, #8439 ),
 .UNSPECIFIED., .F., .F. ) 
 B_SPLINE_CURVE_WITH_KNOTS ( ( 4, 4 ),
 ( 4.764748859683910700, 5.853485642767586800 ),
 .UNSPECIFIED. ) 
 CURVE ( )  GEOMETRIC_REPRESENTATION_ITEM ( )  RATIONAL_B_SPLINE_CURVE ( ( 1.000000000000000000, 0.9036363716279669500, 0.9036363716279669500, 1.000000000000000000 ) ) 
 REPRESENTATION_ITEM ( '' )  );
#8771 = CIRCLE ( 'NONE', #5474, 14.99999999999968000 ) ;
#8772 = DIRECTION ( 'NONE',  ( -1.745741680554692800E-015, 1.000000000000000000, 1.745741680554601900E-015 ) ) ;
#8773 = VERTEX_POINT ( 'NONE', #574 ) ;
#8774 = CARTESIAN_POINT ( 'NONE',  ( 1663.742173000304100, 129.7902424056705100, 2011.098474087113600 ) ) ;
#8775 = EDGE_LOOP ( 'NONE', ( #1177, #3351, #812, #12 ) ) ;
#8776 = DIRECTION ( 'NONE',  ( -0.0000000000000000000, 1.000000000000000000, 3.491483361109382100E-015 ) ) ;
#8777 = CARTESIAN_POINT ( 'NONE',  ( 1856.999999952526000, -108.4000000000068800, 1931.300000002324200 ) ) ;
#8778 = EDGE_CURVE ( 'NONE', #4953, #5796, #3395, .T. ) ;
#8779 = CONICAL_SURFACE ( 'NONE', #2701, 50.55730417820480900, 0.05235987755984662700 ) ;
#8780 = CARTESIAN_POINT ( 'NONE',  ( 1623.559456279989500, 129.4899948214154200, 2037.293758312232500 ) ) ;
#8781 = DIRECTION ( 'NONE',  ( 0.0000000000000000000, 0.0000000000000000000, 1.000000000000000000 ) ) ;
#8782 = ORIENTED_EDGE ( 'NONE', *, *, #7894, .T. ) ;
#8783 = DIRECTION ( 'NONE',  ( 0.0000000000000000000, -1.000000000000000000, 0.0000000000000000000 ) ) ;
#8784 = ADVANCED_FACE ( 'NONE', ( #8332, #6540 ), #6047, .F. ) ;
#8785 = CARTESIAN_POINT ( 'NONE',  ( 1909.999999952526000, -3.036420588714003100E-012, 1919.000000002324700 ) ) ;
#8786 = ORIENTED_EDGE ( 'NONE', *, *, #3751, .T. ) ;
#8787 = PRESENTATION_STYLE_ASSIGNMENT (( #1346 ) ) ;
#8788 = VERTEX_POINT ( 'NONE', #2778 ) ;
#8789 = VERTEX_POINT ( 'NONE', #5459 ) ;
#8790 = ORIENTED_EDGE ( 'NONE', *, *, #7288, .F. ) ;
#8791 = LINE ( 'NONE', #2374, #5346 ) ;
#8792 = AXIS2_PLACEMENT_3D ( 'NONE', #1128, #1099, #1115 ) ;
#8793 = PLANE ( 'NONE',  #8068 ) ;
#8794 = DIRECTION ( 'NONE',  ( -1.000000000000000000, -0.0000000000000000000, -0.0000000000000000000 ) ) ;
#8795 = CARTESIAN_POINT ( 'NONE',  ( 1705.294578052542900, 129.7810507115503400, 2072.542835849863900 ) ) ;
#8796 = ORIENTED_EDGE ( 'NONE', *, *, #2609, .F. ) ;
#8797 = EDGE_CURVE ( 'NONE', #2151, #2124, #3164, .T. ) ;
#8798 = CARTESIAN_POINT ( 'NONE',  ( 1814.225292584473000, 118.4497674996388400, 1927.692675075754300 ) ) ;
#8799 = CARTESIAN_POINT ( 'NONE',  ( 1720.043470392284900, 129.7825217123935600, 2106.996681047835000 ) ) ;
#8800 = FACE_OUTER_BOUND ( 'NONE', #5998, .T. ) ;
#8801 = CARTESIAN_POINT ( 'NONE',  ( 1829.160540857791400, 26.83480033194927800, 1895.000000009617700 ) ) ;
#8802 = CARTESIAN_POINT ( 'NONE',  ( 1955.959587625653100, 88.78275669050980000, 1919.000000002324900 ) ) ;
#8803 = AXIS2_PLACEMENT_3D ( 'NONE', #142, #5699, #1639 ) ;
#8804 = ORIENTED_EDGE ( 'NONE', *, *, #2838, .F. ) ;
#8805 = DIRECTION ( 'NONE',  ( 0.9986295347545739400, 0.05233595624294409100, -9.103413350811229600E-011 ) ) ;
#8806 = AXIS2_PLACEMENT_3D ( 'NONE', #7540, #3755, #8236 ) ;
#8807 = VERTEX_POINT ( 'NONE', #4834 ) ;
#8808 = LINE ( 'NONE', #6572, #222 ) ;
#8809 = DIRECTION ( 'NONE',  ( 0.0000000000000000000, 0.9981057040218213100, 0.06152238291145900600 ) ) ;
#8810 = EDGE_CURVE ( 'NONE', #7666, #4678, #3559, .T. ) ;
#8811 = CARTESIAN_POINT ( 'NONE',  ( 1704.875312763654800, 79.99999999999671700, 1985.108414068881100 ) ) ;
#8812 = ORIENTED_EDGE ( 'NONE', *, *, #7018, .T. ) ;
#8813 = CARTESIAN_POINT ( 'NONE',  ( 1641.984535578578100, -130.5433675730149000, 2030.839077015521800 ) ) ;
#8814 = ORIENTED_EDGE ( 'NONE', *, *, #4634, .F. ) ;
#8815 =( BOUNDED_CURVE ( )  B_SPLINE_CURVE ( 3, ( #6209, #6826, #2998, #7507 ),
 .UNSPECIFIED., .F., .T. ) 
 B_SPLINE_CURVE_WITH_KNOTS ( ( 4, 4 ),
 ( 3.279735330894639800, 4.815625072649684300 ),
 .UNSPECIFIED. ) 
 CURVE ( )  GEOMETRIC_REPRESENTATION_ITEM ( )  RATIONAL_B_SPLINE_CURVE ( ( 1.000000000000000000, 0.8128932002257593900, 0.8128932002257593900, 1.000000000000000000 ) ) 
 REPRESENTATION_ITEM ( '' )  );
#8816 = VECTOR ( 'NONE', #3525, 1000.000000000000200 ) ;
#8817 = CARTESIAN_POINT ( 'NONE',  ( 1967.999999955823800, 91.78000000000341200, 1955.181577197151000 ) ) ;
#8818 = AXIS2_PLACEMENT_3D ( 'NONE', #5111, #940, #5730 ) ;
#8819 = VERTEX_POINT ( 'NONE', #1390 ) ;
#8820 = VERTEX_POINT ( 'NONE', #6103 ) ;
#8821 = ORIENTED_EDGE ( 'NONE', *, *, #1867, .F. ) ;
#8822 = DIRECTION ( 'NONE',  ( -3.182802359415012600E-025, -3.491475051101101700E-015, 1.000000000000000000 ) ) ;
#8823 = CARTESIAN_POINT ( 'NONE',  ( 1683.883920388583600, 129.7924483180348100, 2042.213462626489900 ) ) ;
#8824 = ADVANCED_FACE ( 'NONE', ( #6348 ), #3578, .T. ) ;
#8825 = CIRCLE ( 'NONE', #4555, 94.99999999999997200 ) ;
#8826 = ORIENTED_EDGE ( 'NONE', *, *, #2371, .T. ) ;
#8827 = CARTESIAN_POINT ( 'NONE',  ( 1949.999999971988500, 62.99999999999636200, 2081.000000008745200 ) ) ;
ENDSEC;
END-ISO-10303-21;
