ISO-10303-21;
HEADER;
FILE_DESCRIPTION (( 'STEP AP214' ),
    '1' );
FILE_NAME ('IRB660_180-315_LINKARM_CAD_rev02.STEP',
    '2016-12-02T12:01:40',
    ( 'ABB' ),
    ( 'ABB' ),
    'SwSTEP 2.0',
    'SolidWorks 2014',
    '' );
FILE_SCHEMA (( 'AUTOMOTIVE_DESIGN' ));
ENDSEC;

DATA;
#1 = CARTESIAN_POINT ( 'NONE',  ( 54.58576336933515400, -43.00000000000095200, 618.9440291831304000 ) ) ;
#2 = EDGE_LOOP ( 'NONE', ( #890, #1779, #2682, #1556, #5032 ) ) ;
#3 = VERTEX_POINT ( 'NONE', #61 ) ;
#4 = EDGE_CURVE ( 'NONE', #2172, #570, #4596, .T. ) ;
#5 = CARTESIAN_POINT ( 'NONE',  ( 170.2316950835943300, -108.5000000000008500, 590.6186487626378000 ) ) ;
#6 = LINE ( 'NONE', #2692, #1219 ) ;
#7 = CARTESIAN_POINT ( 'NONE',  ( 229.0026561491660000, 29.99999999999943500, 836.6416764748009900 ) ) ;
#8 = VECTOR ( 'NONE', #2981, 1000.000000000000000 ) ;
#9 = CARTESIAN_POINT ( 'NONE',  ( 299.9999999999923800, -154.5000000000007100, 800.0000000000025000 ) ) ;
#10 = CARTESIAN_POINT ( 'NONE',  ( 76.52032841621704100, -108.5000000000009700, 608.7197100026015700 ) ) ;
#11 = ORIENTED_EDGE ( 'NONE', *, *, #2878, .T. ) ;
#12 = ORIENTED_EDGE ( 'NONE', *, *, #1400, .T. ) ;
#13 = ORIENTED_EDGE ( 'NONE', *, *, #1411, .T. ) ;
#14 = ORIENTED_EDGE ( 'NONE', *, *, #1707, .F. ) ;
#15 = AXIS2_PLACEMENT_3D ( 'NONE', #2075, #2128, #2108 ) ;
#16 = CARTESIAN_POINT ( 'NONE',  ( 72.25647739662525700, 30.43191084535796500, 789.9911182971234200 ) ) ;
#17 = ORIENTED_EDGE ( 'NONE', *, *, #4604, .T. ) ;
#18 = VERTEX_POINT ( 'NONE', #1436 ) ;
#19 = ORIENTED_EDGE ( 'NONE', *, *, #216, .F. ) ;
#20 = B_SPLINE_CURVE_WITH_KNOTS ( 'NONE', 3,
 ( #241, #3519, #1577, #4347, #1990, #4769, #2387, #5173, #2775, #257 ),
 .UNSPECIFIED., .F., .F.,
 ( 4, 1, 1, 1, 1, 1, 1, 4 ),
 ( 2.775557561562891400E-017, 0.001667930955157848000, 0.003336414913004029800, 0.005005424638661508700, 0.006674920033644771000, 0.007805820018077369200, 0.01001529144752007600, 0.01335690919055142400 ),
 .UNSPECIFIED. ) ;
#21 = CARTESIAN_POINT ( 'NONE',  ( 109.1135213395271800, -123.8333333344010800, 597.0030355674912200 ) ) ;
#22 = CARTESIAN_POINT ( 'NONE',  ( 82.17997206644747600, 28.21507838166840500, 792.0372897763574000 ) ) ;
#23 = CARTESIAN_POINT ( 'NONE',  ( 85.93896304316365300, -108.5000000000009500, 604.6613936239577900 ) ) ;
#24 = EDGE_CURVE ( 'NONE', #2598, #1663, #5028, .T. ) ;
#25 = AXIS2_PLACEMENT_3D ( 'NONE', #612, #4249, #1903 ) ;
#26 = CARTESIAN_POINT ( 'NONE',  ( 48.17408389680355200, -79.44390510206578400, 621.9337601924208900 ) ) ;
#27 = CARTESIAN_POINT ( 'NONE',  ( 76.69398255021653200, 28.15342513628229400, 790.6816546103796100 ) ) ;
#28 = CARTESIAN_POINT ( 'NONE',  ( 164.3155655347232800, -123.8333333333352200, 1039.944042294746900 ) ) ;
#29 = VECTOR ( 'NONE', #4628, 1000.000000000000200 ) ;
#30 = ADVANCED_FACE ( 'NONE', ( #1551 ), #886, .F. ) ;
#31 = EDGE_CURVE ( 'NONE', #4715, #1655, #1999, .T. ) ;
#32 = CARTESIAN_POINT ( 'NONE',  ( 70.42548213443241400, 31.04576796977606500, 789.8005584909421900 ) ) ;
#33 = DIRECTION ( 'NONE',  ( 0.0000000000000000000, 2.422304781000342500E-015, -1.000000000000000000 ) ) ;
#34 = CARTESIAN_POINT ( 'NONE',  ( 104.8659038957063400, -139.1666666688013800, 598.1754713193473700 ) ) ;
#35 = EDGE_CURVE ( 'NONE', #1663, #5117, #1347, .T. ) ;
#36 = CARTESIAN_POINT ( 'NONE',  ( 162.4999999999924700, -162.5000000000013400, 800.0000000054470800 ) ) ;
#37 = CARTESIAN_POINT ( 'NONE',  ( 319.6799861074909500, -174.4972571887582000, 1051.840235876340100 ) ) ;
#38 = CARTESIAN_POINT ( 'NONE',  ( 205.2080681809719600, -154.5000000000023600, 954.4941592795148600 ) ) ;
#39 = CARTESIAN_POINT ( 'NONE',  ( 41.71741214269002300, -115.8878102041306200, 624.9444721390643700 ) ) ;
#40 = CARTESIAN_POINT ( 'NONE',  ( 67.61925813808704800, 32.47290558466437500, 789.5955644391574400 ) ) ;
#41 = DIRECTION ( 'NONE',  ( 0.0000000000000000000, 2.422304781000342500E-015, -1.000000000000000000 ) ) ;
#42 = DIRECTION ( 'NONE',  ( 0.9063077870199147700, 0.0000000000000000000, -0.4226182617765882900 ) ) ;
#43 = FACE_BOUND ( 'NONE', #4281, .T. ) ;
#44 = DIRECTION ( 'NONE',  ( 1.810146235801885300E-015, -1.000000000000000000, 0.0000000000000000000 ) ) ;
#45 = EDGE_CURVE ( 'NONE', #4991, #1067, #3163, .T. ) ;
#46 = ORIENTED_EDGE ( 'NONE', *, *, #1179, .F. ) ;
#47 = ORIENTED_EDGE ( 'NONE', *, *, #779, .F. ) ;
#48 = FACE_OUTER_BOUND ( 'NONE', #5107, .T. ) ;
#49 = CARTESIAN_POINT ( 'NONE',  ( 123.6802158411974700, -131.5000000000008800, 593.7324444482419500 ) ) ;
#50 = CARTESIAN_POINT ( 'NONE',  ( 67.41951724656911400, 32.14046659011121700, 789.6075850892624400 ) ) ;
#51 = CARTESIAN_POINT ( 'NONE',  ( 75.67905481517244900, -151.6796374821402700, 609.1078931360117400 ) ) ;
#52 = VERTEX_POINT ( 'NONE', #3077 ) ;
#53 = ORIENTED_EDGE ( 'NONE', *, *, #3990, .T. ) ;
#54 = EDGE_CURVE ( 'NONE', #5117, #3287, #2631, .T. ) ;
#55 = AXIS2_PLACEMENT_3D ( 'NONE', #204, #3128, #689 ) ;
#56 = CARTESIAN_POINT ( 'NONE',  ( 100.6791312298810800, -154.5000000032016500, 599.4305961818197400 ) ) ;
#57 = LINE ( 'NONE', #3629, #3141 ) ;
#58 = PLANE ( 'NONE',  #3853 ) ;
#59 = ADVANCED_FACE ( 'NONE', ( #5220 ), #1673, .F. ) ;
#61 = CARTESIAN_POINT ( 'NONE',  ( 347.4335334820495400, 27.99999999999896300, 770.6955097086809000 ) ) ;
#60 = AXIS2_PLACEMENT_3D ( 'NONE', #752, #1182, #3985 ) ;
#62 = CARTESIAN_POINT ( 'NONE',  ( 258.4561246315175300, 27.99999999999920800, 626.3736344513914700 ) ) ;
#63 = CARTESIAN_POINT ( 'NONE',  ( -200.0000000000078400, -35.00000000000182600, 800.0000000198014000 ) ) ;
#64 = ORIENTED_EDGE ( 'NONE', *, *, #4950, .F. ) ;
#65 = VERTEX_POINT ( 'NONE', #5281 ) ;
#66 = FACE_OUTER_BOUND ( 'NONE', #3711, .T. ) ;
#67 = CARTESIAN_POINT ( 'NONE',  ( 75.38802173016668500, 30.59307949930030200, 790.3762881797790700 ) ) ;
#68 = CARTESIAN_POINT ( 'NONE',  ( 317.4948969669832800, 27.99999999999913700, 721.9363812002422900 ) ) ;
#69 = CARTESIAN_POINT ( 'NONE',  ( 39.55802175422118700, -133.1114172444722200, 625.9514074692605200 ) ) ;
#70 = CARTESIAN_POINT ( 'NONE',  ( 67.78472436982906400, 30.49515107292248200, 789.5552100686520600 ) ) ;
#71 = VERTEX_POINT ( 'NONE', #5314 ) ;
#72 = CARTESIAN_POINT ( 'NONE',  ( 113.4196974131363200, -108.5000000000009000, 595.9162766710536500 ) ) ;
#73 = DIRECTION ( 'NONE',  ( -0.0000000000000000000, 1.000000000000000000, -0.0000000000000000000 ) ) ;
#74 = EDGE_CURVE ( 'NONE', #4871, #4474, #4471, .T. ) ;
#75 = VERTEX_POINT ( 'NONE', #5238 ) ;
#76 = DIRECTION ( 'NONE',  ( 0.03492074355830958300, 0.9993900848364140100, 0.0000000000000000000 ) ) ;
#77 = EDGE_CURVE ( 'NONE', #5345, #206, #3962, .T. ) ;
#78 = CARTESIAN_POINT ( 'NONE',  ( 80.71996166608899200, 27.99999999999893400, 791.6116228343474900 ) ) ;
#79 = FACE_OUTER_BOUND ( 'NONE', #717, .T. ) ;
#80 = CARTESIAN_POINT ( 'NONE',  ( 91.21434392140622500, -108.5000000000008500, 602.6375925670545300 ) ) ;
#81 = ORIENTED_EDGE ( 'NONE', *, *, #2144, .F. ) ;
#82 = CARTESIAN_POINT ( 'NONE',  ( 156.6705055945672900, -154.5000000000015300, 1005.540602786226400 ) ) ;
#83 = ORIENTED_EDGE ( 'NONE', *, *, #77, .T. ) ;
#84 = DIRECTION ( 'NONE',  ( 0.4816060800272007900, -0.02617694830787389200, 0.8759967757121713800 ) ) ;
#85 = CARTESIAN_POINT ( 'NONE',  ( 169.2509875739490300, 27.99999999999917600, 590.5368402093799900 ) ) ;
#86 = CARTESIAN_POINT ( 'NONE',  ( -132.3785036715943300, 42.99999999999779000, 840.3739788785392200 ) ) ;
#87 = EDGE_CURVE ( 'NONE', #5150, #4476, #4515, .T. ) ;
#88 = ORIENTED_EDGE ( 'NONE', *, *, #1267, .F. ) ;
#90 = ORIENTED_EDGE ( 'NONE', *, *, #502, .T. ) ;
#89 = DIRECTION ( 'NONE',  ( 0.0000000000000000000, -3.696868522026373800E-015, 1.000000000000000000 ) ) ;
#91 = ORIENTED_EDGE ( 'NONE', *, *, #2059, .F. ) ;
#92 = DIRECTION ( 'NONE',  ( 1.737858883903028800E-015, -1.000000000000000000, -2.389772395653982800E-015 ) ) ;
#93 = CARTESIAN_POINT ( 'NONE',  ( 176.9597067419733200, 839.0046633176074200, 591.0726568250862600 ) ) ;
#94 = ORIENTED_EDGE ( 'NONE', *, *, #110, .T. ) ;
#95 = AXIS2_PLACEMENT_3D ( 'NONE', #4891, #2505, #5287 ) ;
#96 = CARTESIAN_POINT ( 'NONE',  ( 67.82310453189603500, 31.98346287977088700, 789.6178225621323500 ) ) ;
#97 = DIRECTION ( 'NONE',  ( -0.9510565163073903000, 0.0000000000000000000, -0.3090169943372866300 ) ) ;
#98 = CARTESIAN_POINT ( 'NONE',  ( -208.0050308177290800, -69.00000000000176200, 741.3919547717254100 ) ) ;
#99 = CARTESIAN_POINT ( 'NONE',  ( 293.6060841296355200, -154.5000000000024200, 977.0941372683214500 ) ) ;
#100 = VECTOR ( 'NONE', #4728, 1000.000000000000200 ) ;
#101 = DIRECTION ( 'NONE',  ( 0.3088287495336961600, -0.03489949670249826300, -0.9504771583743429900 ) ) ;
#102 = CARTESIAN_POINT ( 'NONE',  ( 315.9733882325558100, -154.5000000000026100, 1052.921060502286300 ) ) ;
#103 = CARTESIAN_POINT ( 'NONE',  ( 149.8791824405535600, 41.66666666666583300, 590.5981977073091700 ) ) ;
#104 = CARTESIAN_POINT ( 'NONE',  ( -209.0816726285626400, -69.00000000000176200, 741.8940010932589100 ) ) ;
#105 = VECTOR ( 'NONE', #1893, 1000.000000000000100 ) ;
#106 = CARTESIAN_POINT ( 'NONE',  ( -199.5329956423533100, -60.33333333333499100, 724.1849894868801100 ) ) ;
#107 = DIRECTION ( 'NONE',  ( 0.0000000000000000000, -2.389772395653985900E-015, 1.000000000000000000 ) ) ;
#108 = CARTESIAN_POINT ( 'NONE',  ( 292.4047617403293800, -184.8899114133768600, 981.0870740768879200 ) ) ;
#109 = EDGE_CURVE ( 'NONE', #2235, #3536, #2342, .T. ) ;
#110 = EDGE_CURVE ( 'NONE', #4715, #966, #3774, .T. ) ;
#111 = CARTESIAN_POINT ( 'NONE',  ( 72.06134963095064400, 30.48075610046757300, 789.9556079202798200 ) ) ;
#112 = CARTESIAN_POINT ( 'NONE',  ( 75.67905291978824800, -108.5000000000009200, 609.1078940158313300 ) ) ;
#113 = CARTESIAN_POINT ( 'NONE',  ( 336.7062482065825300, -199.4972571887581100, 977.7897294797577400 ) ) ;
#114 = FACE_OUTER_BOUND ( 'NONE', #2071, .T. ) ;
#115 = CARTESIAN_POINT ( 'NONE',  ( 235.3035037589711700, -139.1666666666674000, 596.0138157273036100 ) ) ;
#116 = EDGE_CURVE ( 'NONE', #2618, #541, #1947, .T. ) ;
#117 = CARTESIAN_POINT ( 'NONE',  ( 222.1277174269952800, -148.4999999998594800, 1039.666242109464700 ) ) ;
#118 = PLANE ( 'NONE',  #3153 ) ;
#119 = CARTESIAN_POINT ( 'NONE',  ( 134.1960563827043400, 55.33333333333246200, 592.0270133139245000 ) ) ;
#120 = FACE_OUTER_BOUND ( 'NONE', #2, .T. ) ;
#121 = DIRECTION ( 'NONE',  ( -1.000000000000000000, -1.741929637828457800E-015, 0.0000000000000000000 ) ) ;
#122 = DIRECTION ( 'NONE',  ( 0.03237875028866986400, 0.9994718956726940100, -0.002747051178147747300 ) ) ;
#123 = ORIENTED_EDGE ( 'NONE', *, *, #630, .F. ) ;
#125 = ORIENTED_EDGE ( 'NONE', *, *, #4263, .F. ) ;
#124 = CARTESIAN_POINT ( 'NONE',  ( 195.4033304256532500, -174.4972571887583700, 1029.826353957500500 ) ) ;
#126 = CARTESIAN_POINT ( 'NONE',  ( 74.98155660931773500, -108.5000000000009800, 609.4331442482687200 ) ) ;
#127 = LINE ( 'NONE', #420, #5338 ) ;
#128 = AXIS2_PLACEMENT_3D ( 'NONE', #3677, #3579, #3660 ) ;
#129 = VERTEX_POINT ( 'NONE', #4981 ) ;
#130 = ORIENTED_EDGE ( 'NONE', *, *, #4818, .T. ) ;
#131 = CARTESIAN_POINT ( 'NONE',  ( 74.13574912566485900, 29.32527884905619000, 790.2256551557111400 ) ) ;
#132 = CARTESIAN_POINT ( 'NONE',  ( 83.21253323236177800, 28.05760694411853300, 792.3499374483043300 ) ) ;
#133 = LINE ( 'NONE', #1904, #3337 ) ;
#134 = CARTESIAN_POINT ( 'NONE',  ( 83.49521685409746400, 31.10083954555179300, 792.2739606891160500 ) ) ;
#135 = EDGE_CURVE ( 'NONE', #301, #3287, #2492, .T. ) ;
#136 = VERTEX_POINT ( 'NONE', #5038 ) ;
#137 = ORIENTED_EDGE ( 'NONE', *, *, #1857, .T. ) ;
#138 = CARTESIAN_POINT ( 'NONE',  ( 231.7601572311609700, -154.5000000000007400, 595.6826600169921400 ) ) ;
#139 = CARTESIAN_POINT ( 'NONE',  ( 124.6877583922879200, -154.4999999999983200, 593.5499138500961200 ) ) ;
#140 = DIRECTION ( 'NONE',  ( 0.0000000000000000000, 2.498001805406601400E-015, -1.000000000000000000 ) ) ;
#141 = CARTESIAN_POINT ( 'NONE',  ( 228.9998226072729300, 28.99999999999909100, 836.7503923448109600 ) ) ;
#142 = CARTESIAN_POINT ( 'NONE',  ( 45.57820936601087400, -136.2061285518305500, 623.1441969273157600 ) ) ;
#143 = ORIENTED_EDGE ( 'NONE', *, *, #3969, .T. ) ;
#144 = VERTEX_POINT ( 'NONE', #5003 ) ;
#145 = EDGE_CURVE ( 'NONE', #456, #301, #441, .T. ) ;
#146 = FACE_OUTER_BOUND ( 'NONE', #3967, .T. ) ;
#147 = CARTESIAN_POINT ( 'NONE',  ( 32.54481694187904800, -43.00000000000237300, 629.2217185818044500 ) ) ;
#148 = DIRECTION ( 'NONE',  ( 0.6586744367898516000, 0.0000000000000000000, 0.7524280605609894300 ) ) ;
#149 = ORIENTED_EDGE ( 'NONE', *, *, #2125, .T. ) ;
#150 = ORIENTED_EDGE ( 'NONE', *, *, #3030, .T. ) ;
#151 = CARTESIAN_POINT ( 'NONE',  ( 74.28596999480311100, 28.74796719043652600, 790.2281090616417000 ) ) ;
#152 = EDGE_CURVE ( 'NONE', #4227, #4681, #3256, .T. ) ;
#153 = CARTESIAN_POINT ( 'NONE',  ( 85.31115274355559600, 28.00694175126358200, 792.9920405095746200 ) ) ;
#154 = EDGE_CURVE ( 'NONE', #456, #4839, #3654, .T. ) ;
#155 = VERTEX_POINT ( 'NONE', #4762 ) ;
#156 = DIRECTION ( 'NONE',  ( -1.737858883903028800E-015, 1.000000000000000000, 2.389772395653982800E-015 ) ) ;
#157 = ORIENTED_EDGE ( 'NONE', *, *, #1077, .T. ) ;
#158 = ORIENTED_EDGE ( 'NONE', *, *, #1963, .T. ) ;
#159 = VERTEX_POINT ( 'NONE', #4803 ) ;
#160 = CARTESIAN_POINT ( 'NONE',  ( 358.0135846799346400, -139.1666666666682500, 1052.189308186581500 ) ) ;
#161 = CARTESIAN_POINT ( 'NONE',  ( 174.4646997390704000, -199.4972571887583400, 1004.913498074536400 ) ) ;
#162 = CARTESIAN_POINT ( 'NONE',  ( 289.9999999999924400, -195.4999999998595100, 1078.000000000002500 ) ) ;
#163 = ORIENTED_EDGE ( 'NONE', *, *, #1048, .F. ) ;
#164 = ORIENTED_EDGE ( 'NONE', *, *, #5157, .F. ) ;
#165 = ORIENTED_EDGE ( 'NONE', *, *, #2518, .F. ) ;
#166 = CARTESIAN_POINT ( 'NONE',  ( 189.7138081316568600, 41.66666666666590400, 592.1450297924393500 ) ) ;
#167 = DIRECTION ( 'NONE',  ( -1.737858883903028800E-015, 1.000000000000000000, 2.389772395653982800E-015 ) ) ;
#168 = EDGE_CURVE ( 'NONE', #3970, #2444, #1116, .T. ) ;
#169 = CARTESIAN_POINT ( 'NONE',  ( 315.3343195250312200, 839.0046633176067400, 1075.224032078611800 ) ) ;
#170 = CARTESIAN_POINT ( 'NONE',  ( -200.0000000000078700, -43.00000000000214600, 800.0000000198011800 ) ) ;
#171 = B_SPLINE_CURVE_WITH_KNOTS ( 'NONE', 3,
 ( #1168, #251, #4355, #2008, #4784, #2397, #5189, #2790, #268, #3182 ),
 .UNSPECIFIED., .F., .F.,
 ( 4, 2, 2, 2, 4 ),
 ( 2.775557561562891400E-017, 0.01170625512463040200, 0.02341251024926077600, 0.03511876537389114300, 0.04682502049852152500 ),
 .UNSPECIFIED. ) ;
#172 = FACE_OUTER_BOUND ( 'NONE', #3400, .T. ) ;
#173 = EDGE_CURVE ( 'NONE', #351, #1492, #5137, .T. ) ;
#174 = CARTESIAN_POINT ( 'NONE',  ( 75.98993497776209000, 27.72732089629917600, 790.4891370802055200 ) ) ;
#175 = LINE ( 'NONE', #3414, #4420 ) ;
#176 = PLANE ( 'NONE',  #617 ) ;
#177 = DIRECTION ( 'NONE',  ( 0.03489949670250273900, -0.9993908270190955400, 0.0000000000000000000 ) ) ;
#178 = MECHANICAL_DESIGN_GEOMETRIC_PRESENTATION_REPRESENTATION (  '', ( #4968 ), #493 ) ;
#179 = CARTESIAN_POINT ( 'NONE',  ( 75.67905291978824800, -108.5000000000009200, 609.1078940158313300 ) ) ;
#180 = DIRECTION ( 'NONE',  ( 0.03492074355830958300, 0.9993900848364140100, 0.0000000000000000000 ) ) ;
#181 = CARTESIAN_POINT ( 'NONE',  ( 83.33702835762810000, -123.8333333344011500, 605.7230126638385200 ) ) ;
#182 = CARTESIAN_POINT ( 'NONE',  ( 185.2712480090646100, 55.33333333333254700, 591.7714822993832500 ) ) ;
#183 = EDGE_CURVE ( 'NONE', #351, #3852, #834, .T. ) ;
#184 = CARTESIAN_POINT ( 'NONE',  ( 258.4561246315149100, 27.99999999999912200, 626.3736344513872600 ) ) ;
#185 = CARTESIAN_POINT ( 'NONE',  ( 102.0678257584716000, -154.5000000000016200, 599.0032188589593700 ) ) ;
#186 = DIRECTION ( 'NONE',  ( -0.03592539977754257600, -0.9989268187751497700, 0.02923313843197106900 ) ) ;
#187 = CARTESIAN_POINT ( 'NONE',  ( 65.18098481774212900, -108.5000000000009800, 614.0033642424596100 ) ) ;
#188 = EDGE_CURVE ( 'NONE', #649, #4405, #3809, .T. ) ;
#189 = EDGE_CURVE ( 'NONE', #3852, #5289, #4631, .T. ) ;
#190 = FACE_OUTER_BOUND ( 'NONE', #5175, .T. ) ;
#191 = CARTESIAN_POINT ( 'NONE',  ( 77.00593307177464900, 29.12150994952410300, 790.7533437709908000 ) ) ;
#192 = SURFACE_SIDE_STYLE ('',( #1075 ) ) ;
#193 = CARTESIAN_POINT ( 'NONE',  ( 471.0920357040849900, -108.5000000000008200, 855.9241926059714800 ) ) ;
#194 = VERTEX_POINT ( 'NONE', #4655 ) ;
#195 = CIRCLE ( 'NONE', #336, 8.950000000000013500 ) ;
#196 = EDGE_CURVE ( 'NONE', #3846, #5092, #2515, .T. ) ;
#197 = CARTESIAN_POINT ( 'NONE',  ( 71.48927693510137300, -108.5000000000009800, 611.0616546648124100 ) ) ;
#198 = CARTESIAN_POINT ( 'NONE',  ( 76.52032841621709700, -139.1666666688014400, 608.7197100026014600 ) ) ;
#199 = CARTESIAN_POINT ( 'NONE',  ( 179.9068334964739200, 68.99999999999920400, 591.3204403449740300 ) ) ;
#200 = CARTESIAN_POINT ( 'NONE',  ( 178.0671789980411900, 68.99999999999911900, 591.1657689973851600 ) ) ;
#201 = VERTEX_POINT ( 'NONE', #4541 ) ;
#202 = LINE ( 'NONE', #3236, #1404 ) ;
#203 = CARTESIAN_POINT ( 'NONE',  ( 120.7202068672279200, -154.5000000000015900, 594.3035751471818500 ) ) ;
#204 = CARTESIAN_POINT ( 'NONE',  ( 299.9999999999921000, 68.99999999999883500, 800.0000000000030700 ) ) ;
#205 = CARTESIAN_POINT ( 'NONE',  ( 73.58456273803020100, -108.5000000000009800, 610.0845779207549000 ) ) ;
#206 = VERTEX_POINT ( 'NONE', #4690 ) ;
#207 = ORIENTED_EDGE ( 'NONE', *, *, #3382, .T. ) ;
#208 = AXIS2_PLACEMENT_3D ( 'NONE', #1858, #4632, #2255 ) ;
#209 = LINE ( 'NONE', #5276, #4321 ) ;
#210 = DIRECTION ( 'NONE',  ( -0.9848077530190860700, 0.0000000000000000000, -0.1736481776279237600 ) ) ;
#211 = ORIENTED_EDGE ( 'NONE', *, *, #901, .F. ) ;
#213 = VERTEX_POINT ( 'NONE', #4454 ) ;
#212 = CARTESIAN_POINT ( 'NONE',  ( 68.25117566863650600, 31.64213478977771000, 789.6364648609668400 ) ) ;
#214 = CARTESIAN_POINT ( 'NONE',  ( 471.1678290476556300, -108.5000000000008200, 855.6923137564066300 ) ) ;
#215 = FACE_OUTER_BOUND ( 'NONE', #4142, .T. ) ;
#216 = EDGE_CURVE ( 'NONE', #5289, #747, #3155, .T. ) ;
#217 = AXIS2_PLACEMENT_3D ( 'NONE', #1803, #2204, #4994 ) ;
#218 = ORIENTED_EDGE ( 'NONE', *, *, #851, .F. ) ;
#219 = EDGE_LOOP ( 'NONE', ( #3334, #1926, #4452, #863 ) ) ;
#220 = CARTESIAN_POINT ( 'NONE',  ( 67.28754374221289000, -108.5000000000009800, 613.0210264859803100 ) ) ;
#221 =( NAMED_UNIT ( * ) PLANE_ANGLE_UNIT ( ) SI_UNIT ( $, .RADIAN. ) );
#222 = CARTESIAN_POINT ( 'NONE',  ( 65.38420712958739500, 27.99999999999880300, 851.6704520656637700 ) ) ;
#223 = CARTESIAN_POINT ( 'NONE',  ( 229.0362235014107700, 29.99999999999930700, 836.7067016694478500 ) ) ;
#224 = LINE ( 'NONE', #984, #2362 ) ;
#225 = CARTESIAN_POINT ( 'NONE',  ( 186.9360357044691600, 68.99999999999914700, 591.9114661042637000 ) ) ;
#226 = EDGE_CURVE ( 'NONE', #516, #2430, #3008, .T. ) ;
#227 = EDGE_LOOP ( 'NONE', ( #4107, #3271, #2791, #5114 ) ) ;
#229 = ORIENTED_EDGE ( 'NONE', *, *, #5183, .T. ) ;
#228 = CARTESIAN_POINT ( 'NONE',  ( 226.7314714267134000, 68.99999999999937500, 598.9335365589145100 ) ) ;
#230 = EDGE_CURVE ( 'NONE', #3536, #747, #5327, .T. ) ;
#231 = CARTESIAN_POINT ( 'NONE',  ( 230.5852766008684400, -154.4999999999990900, 595.5823100437560200 ) ) ;
#232 = CARTESIAN_POINT ( 'NONE',  ( 364.3866418287347000, -108.5000000000015300, 1042.166561924344900 ) ) ;
#233 = ORIENTED_EDGE ( 'NONE', *, *, #54, .F. ) ;
#234 = ORIENTED_EDGE ( 'NONE', *, *, #850, .T. ) ;
#235 = ORIENTED_EDGE ( 'NONE', *, *, #588, .T. ) ;
#236 = LINE ( 'NONE', #3599, #4878 ) ;
#237 = CARTESIAN_POINT ( 'NONE',  ( 36.33753233286063300, -43.00000000000088800, 627.4531031908752500 ) ) ;
#238 = CARTESIAN_POINT ( 'NONE',  ( 72.92582484099523300, 29.15438005282359400, 790.0338040729827800 ) ) ;
#239 = EDGE_CURVE ( 'NONE', #516, #380, #3502, .T. ) ;
#240 = EDGE_CURVE ( 'NONE', #271, #1196, #3549, .T. ) ;
#241 = CARTESIAN_POINT ( 'NONE',  ( 190.2696970427621500, 27.99999999999926800, 592.1917696218138200 ) ) ;
#242 = CARTESIAN_POINT ( 'NONE',  ( 69.39024010630682000, -108.5000000000009800, 612.0404863829652400 ) ) ;
#243 = CARTESIAN_POINT ( 'NONE',  ( 176.3921312729092400, -108.5000000000008100, 591.0263418615641100 ) ) ;
#244 = CARTESIAN_POINT ( 'NONE',  ( -200.0000000000079600, 34.99999999999819500, 800.0000000198016300 ) ) ;
#245 = AXIS2_PLACEMENT_3D ( 'NONE', #1547, #3810, #1383 ) ;
#246 = CARTESIAN_POINT ( 'NONE',  ( -200.0000000000079600, 34.99999999999816000, 830.0000000198016300 ) ) ;
#247 = PLANE ( 'NONE',  #2100 ) ;
#248 = ADVANCED_FACE ( 'NONE', ( #910, #2465 ), #4242, .T. ) ;
#249 = CARTESIAN_POINT ( 'NONE',  ( 63.07044315881102400, -108.5000000000009800, 614.9875523339083000 ) ) ;
#250 = CARTESIAN_POINT ( 'NONE',  ( 290.0053966939813700, -203.4999999998595400, 1097.832348653998500 ) ) ;
#251 = CARTESIAN_POINT ( 'NONE',  ( 173.1056774165972200, 27.99999999999842600, 590.7486074866525300 ) ) ;
#252 = VECTOR ( 'NONE', #599, 1000.000000000000100 ) ;
#253 = B_SPLINE_CURVE_WITH_KNOTS ( 'NONE', 3,
 ( #365, #562, #511, #303, #330, #266, #259, #316, #249, #187, #220, #242, #197, #205, #126, #179 ),
 .UNSPECIFIED., .F., .F.,
 ( 4, 1, 1, 1, 1, 1, 1, 1, 1, 1, 1, 1, 1, 4 ),
 ( 0.0000000000000000000, 0.001118969266499515000, 0.003492480371439275200, 0.005857745255199406900, 0.008214918104777684700, 0.01056415619851050700, 0.01290561992639611800, 0.01523947280887319500, 0.01756588151397095100, 0.01988501587275459000, 0.02219704889298035000, 0.02450215677088080100, 0.02680051890099980100, 0.02909231788399801000 ),
 .UNSPECIFIED. ) ;
#254 = EDGE_CURVE ( 'NONE', #3287, #3101, #929, .T. ) ;
#255 = CARTESIAN_POINT ( 'NONE',  ( 31.52582506466319900, -73.21736191599313800, 629.6967341206154700 ) ) ;
#256 = DIRECTION ( 'NONE',  ( 0.01494643477640151400, -0.9996313384200477000, -0.02266696574354018200 ) ) ;
#257 = CARTESIAN_POINT ( 'NONE',  ( 176.9597527035187200, 27.99999999999924300, 591.0726606892369500 ) ) ;
#258 = PRESENTATION_LAYER_ASSIGNMENT (  '', '', ( #4770 ) ) ;
#259 = CARTESIAN_POINT ( 'NONE',  ( 58.83686441834764500, -108.5000000000009800, 616.9617263242619200 ) ) ;
#260 = CARTESIAN_POINT ( 'NONE',  ( 171.8948117283321700, -123.8333333333341400, 590.7090339724418300 ) ) ;
#261 = EDGE_CURVE ( 'NONE', #5117, #1883, #1521, .T. ) ;
#262 = DIRECTION ( 'NONE',  ( 0.01068482934545449100, -0.9993287299830676500, -0.03504174442415231000 ) ) ;
#263 = LINE ( 'NONE', #1123, #2399 ) ;
#264 = CARTESIAN_POINT ( 'NONE',  ( -23.68094758279389100, -43.00000000000174800, 655.4402231734262600 ) ) ;
#265 = CARTESIAN_POINT ( 'NONE',  ( 291.2053268409345000, -148.4999999998594000, 1051.846488409162900 ) ) ;
#266 = CARTESIAN_POINT ( 'NONE',  ( 56.71356768959527300, -108.5000000000010100, 617.9518318153793600 ) ) ;
#267 = VECTOR ( 'NONE', #2281, 1000.000000000000100 ) ;
#269 = EDGE_CURVE ( 'NONE', #4904, #4134, #4259, .T. ) ;
#268 = CARTESIAN_POINT ( 'NONE',  ( 134.1960563827044000, 27.99999999999836900, 592.0270133139243900 ) ) ;
#270 = EDGE_CURVE ( 'NONE', #1883, #3101, #1799, .T. ) ;
#271 = VERTEX_POINT ( 'NONE', #4124 ) ;
#272 = ORIENTED_EDGE ( 'NONE', *, *, #1757, .T. ) ;
#273 = CARTESIAN_POINT ( 'NONE',  ( 26.74303527527172300, -103.4347238319853700, 631.9269849438375100 ) ) ;
#274 = VECTOR ( 'NONE', #210, 999.9999999999998900 ) ;
#275 = PLANE ( 'NONE',  #60 ) ;
#276 = ADVANCED_FACE ( 'NONE', ( #1405 ), #3956, .T. ) ;
#277 = ORIENTED_EDGE ( 'NONE', *, *, #4062, .F. ) ;
#278 = ORIENTED_EDGE ( 'NONE', *, *, #3807, .F. ) ;
#279 = VECTOR ( 'NONE', #2257, 1000.000000000000000 ) ;
#280 = EDGE_CURVE ( 'NONE', #3174, #4776, #3758, .T. ) ;
#281 = CARTESIAN_POINT ( 'NONE',  ( 88.56487657643822300, -108.5000000000009400, 603.6326207290892400 ) ) ;
#282 = CARTESIAN_POINT ( 'NONE',  ( 166.9468606990896000, -139.1666666666674800, 590.4807848033432300 ) ) ;
#283 = CARTESIAN_POINT ( 'NONE',  ( 345.4359661082571600, -154.5000000000017100, 1071.880455665191200 ) ) ;
#284 = DIRECTION ( 'NONE',  ( 0.0000000000000000000, 1.784559394442161000E-015, -1.000000000000000000 ) ) ;
#285 = ORIENTED_EDGE ( 'NONE', *, *, #4062, .T. ) ;
#286 = ORIENTED_EDGE ( 'NONE', *, *, #1471, .T. ) ;
#287 = DIRECTION ( 'NONE',  ( 4.153087188293503300E-030, -1.000000000000000000, -2.389772395653986300E-015 ) ) ;
#288 = FACE_OUTER_BOUND ( 'NONE', #2616, .T. ) ;
#289 = CARTESIAN_POINT ( 'NONE',  ( 290.0053966939813700, -203.4999999998595400, 1097.832348653998500 ) ) ;
#290 = CARTESIAN_POINT ( 'NONE',  ( 78.85528485231765200, 27.99999999999891300, 791.0529469530830500 ) ) ;
#291 = CARTESIAN_POINT ( 'NONE',  ( 369.9947634683927000, -139.1666666666681400, 1033.236710042357600 ) ) ;
#292 = EDGE_CURVE ( 'NONE', #3101, #2656, #1386, .T. ) ;
#293 = STYLED_ITEM ( 'NONE', ( #5226 ), #1704 ) ;
#294 = CARTESIAN_POINT ( 'NONE',  ( 65.13452671515594300, -146.2591634923163900, 789.5670927086667900 ) ) ;
#295 = ORIENTED_EDGE ( 'NONE', *, *, #3641, .T. ) ;
#296 = LINE ( 'NONE', #5072, #2054 ) ;
#297 = CARTESIAN_POINT ( 'NONE',  ( 21.99130939944097900, -133.6520857479775900, 634.1428563393230900 ) ) ;
#298 = CARTESIAN_POINT ( 'NONE',  ( 49.31249916546173800, 68.99999999999784000, 791.6900213886383400 ) ) ;
#299 = CARTESIAN_POINT ( 'NONE',  ( 347.5672895689912700, 27.99999999999911900, 770.6128750478510500 ) ) ;
#300 = ORIENTED_EDGE ( 'NONE', *, *, #4645, .T. ) ;
#301 = VERTEX_POINT ( 'NONE', #3903 ) ;
#302 = VERTEX_POINT ( 'NONE', #3877 ) ;
#303 = CARTESIAN_POINT ( 'NONE',  ( 52.45332810537159700, -108.5000000000010100, 619.9383774236695200 ) ) ;
#304 = CARTESIAN_POINT ( 'NONE',  ( 162.1269082712411800, -154.5000000000008500, 590.3763885167011300 ) ) ;
#305 = ORIENTED_EDGE ( 'NONE', *, *, #5325, .F. ) ;
#306 = EDGE_LOOP ( 'NONE', ( #90, #371, #4901, #5295 ) ) ;
#307 = CARTESIAN_POINT ( 'NONE',  ( 222.2622405119063600, -154.5000000000025900, 1039.930258529118200 ) ) ;
#308 = EDGE_CURVE ( 'NONE', #1651, #5092, #5190, .T. ) ;
#309 = CARTESIAN_POINT ( 'NONE',  ( 290.9886175570439400, -154.5000000000025300, 1052.048573085713100 ) ) ;
#310 = EDGE_CURVE ( 'NONE', #301, #2656, #1960, .T. ) ;
#311 = ORIENTED_EDGE ( 'NONE', *, *, #355, .F. ) ;
#312 = DIRECTION ( 'NONE',  ( -0.5255877528067215400, 0.0000000000000000000, -0.8507393925871662400 ) ) ;
#313 = ORIENTED_EDGE ( 'NONE', *, *, #1365, .T. ) ;
#314 = ADVANCED_FACE ( 'NONE', ( #172 ), #3786, .F. ) ;
#315 = ORIENTED_EDGE ( 'NONE', *, *, #631, .T. ) ;
#316 = CARTESIAN_POINT ( 'NONE',  ( 60.95577982806242500, -108.5000000000009800, 615.9736531689051200 ) ) ;
#317 = CARTESIAN_POINT ( 'NONE',  ( 372.4805806096476300, -154.5000000000015300, 1029.215564949354100 ) ) ;
#318 = CARTESIAN_POINT ( 'NONE',  ( 77.50048977894478200, -152.6159563714475700, 608.2675198057072500 ) ) ;
#319 = B_SPLINE_CURVE_WITH_KNOTS ( 'NONE', 3,
 ( #4363, #1147, #5167, #2769 ),
 .UNSPECIFIED., .F., .F.,
 ( 4, 4 ),
 ( 0.0000000000000000000, 1.000000000000000000 ),
 .UNSPECIFIED. ) ;
#320 = CARTESIAN_POINT ( 'NONE',  ( -0.4687384760811710300, -43.00000000000099500, 644.6162540343466400 ) ) ;
#321 = DIRECTION ( 'NONE',  ( 1.737858883903028800E-015, -1.000000000000000000, -2.389772395653982800E-015 ) ) ;
#322 = CARTESIAN_POINT ( 'NONE',  ( -173.3165224756197100, 42.99999999999737100, 725.2164376801541700 ) ) ;
#323 = EDGE_CURVE ( 'NONE', #2446, #4789, #363, .T. ) ;
#324 = LINE ( 'NONE', #2638, #1374 ) ;
#325 = CARTESIAN_POINT ( 'NONE',  ( -206.6622042471145200, -56.00000000000169800, 739.4736266791276200 ) ) ;
#326 = CARTESIAN_POINT ( 'NONE',  ( 155.9102313205289100, -108.5000000000008500, 590.4134606742851500 ) ) ;
#327 = CARTESIAN_POINT ( 'NONE',  ( 149.1055233341477300, -123.8333333333351000, 968.5035168089016200 ) ) ;
#328 = AXIS2_PLACEMENT_3D ( 'NONE', #2831, #2710, #2698 ) ;
#329 = DIRECTION ( 'NONE',  ( -0.7521702222569450800, -0.02617694830787567500, 0.6584487255111248800 ) ) ;
#330 = CARTESIAN_POINT ( 'NONE',  ( 54.58576336933528200, -108.5000000000010100, 618.9440291831300600 ) ) ;
#331 = CARTESIAN_POINT ( 'NONE',  ( 377.4858213356724800, -108.5000000000012500, 1021.036021730503400 ) ) ;
#332 = DIRECTION ( 'NONE',  ( -0.9081431738416595500, 0.0000000000000000000, -0.4186597375014671200 ) ) ;
#333 = CARTESIAN_POINT ( 'NONE',  ( 122.1979108148232000, -108.5000000000008700, 594.0111072900008400 ) ) ;
#334 = EDGE_CURVE ( 'NONE', #2656, #5252, #2319, .T. ) ;
#335 = PRESENTATION_STYLE_ASSIGNMENT (( #3333 ) ) ;
#336 = AXIS2_PLACEMENT_3D ( 'NONE', #250, #3165, #721 ) ;
#337 = CARTESIAN_POINT ( 'NONE',  ( -18.24549821674907000, -73.21736191599328000, 652.9055677758834700 ) ) ;
#338 = CARTESIAN_POINT ( 'NONE',  ( 226.7314714267134500, 27.99999999999928200, 598.9335365589145100 ) ) ;
#339 = CARTESIAN_POINT ( 'NONE',  ( 191.8867491278823000, -154.5000000000017100, 1052.514708860579500 ) ) ;
#340 = ADVANCED_FACE ( 'NONE', ( #1034 ), #2326, .T. ) ;
#341 = CARTESIAN_POINT ( 'NONE',  ( 107.6910269350359500, -108.5000000000009000, 597.3844748959538700 ) ) ;
#342 = VECTOR ( 'NONE', #332, 1000.000000000000000 ) ;
#343 = CARTESIAN_POINT ( 'NONE',  ( 80.09740984134263900, 29.52864390923257800, 791.3414687807688800 ) ) ;
#344 = CARTESIAN_POINT ( 'NONE',  ( 151.4122398236405600, -123.8333333333341700, 590.5608829665574100 ) ) ;
#345 = EDGE_CURVE ( 'NONE', #5252, #456, #236, .T. ) ;
#346 = CARTESIAN_POINT ( 'NONE',  ( 151.2723964470629600, -108.5000000000017600, 979.6042461272102200 ) ) ;
#347 = ORIENTED_EDGE ( 'NONE', *, *, #2549, .F. ) ;
#348 = ORIENTED_EDGE ( 'NONE', *, *, #3302, .T. ) ;
#349 = VECTOR ( 'NONE', #1825, 1000.000000000000000 ) ;
#350 = CARTESIAN_POINT ( 'NONE',  ( -196.7954942127375900, -60.33333333333497700, 722.3575167471804000 ) ) ;
#351 = VERTEX_POINT ( 'NONE', #3555 ) ;
#352 = CARTESIAN_POINT ( 'NONE',  ( 384.1628292870058200, -123.8333333333346200, 1009.950461851437900 ) ) ;
#353 = CARTESIAN_POINT ( 'NONE',  ( 299.9999999999925000, -200.4999999998588600, 800.0000000000023900 ) ) ;
#354 = B_SPLINE_SURFACE_WITH_KNOTS ( 'NONE', 3, 3, ( 
 ( #1725, #413, #4493, #2130 ),
 ( #4920, #2532, #5319, #2918 ),
 ( #432, #3318, #900, #3712 ),
 ( #1321, #4118, #1747, #4508 ),
 ( #2141, #4940, #2551, #5332 ),
 ( #2934, #455, #3336, #914 ),
 ( #3731, #1343, #4127, #1763 ),
 ( #4527, #2157, #4951, #2566 ),
 ( #5352, #2948, #475, #3356 ),
 ( #931, #3745, #1366, #4143 ),
 ( #1777, #4546, #2176, #4964 ),
 ( #2577, #21, #2966, #490 ),
 ( #3376, #955, #3761, #1380 ),
 ( #4165, #1798, #4562, #2199 ),
 ( #4988, #2594, #34, #2987 ),
 ( #517, #3392, #972, #3780 ),
 ( #1403, #4182, #1819, #4587 ),
 ( #2213, #5007, #2614, #56 ),
 ( #2998, #544, #3410, #989 ),
 ( #3800, #1424, #4198, #1835 ),
 ( #4610, #2230, #5022, #2634 ),
 ( #80, #3016, #559, #3427 ),
 ( #1006, #3816, #1441, #4216 ),
 ( #1848, #4698, #2323, #5110 ),
 ( #2712, #181, #3110, #659 ),
 ( #3505, #1107, #3905, #1531 ),
 ( #4297, #1950, #4720, #2338 ),
 ( #5129, #2731, #198, #3124 ),
 ( #681, #3524, #1121, #3919 ) ),
 .UNSPECIFIED., .F., .F., .F.,
 ( 4, 1, 1, 1, 1, 1, 1, 1, 1, 1, 1, 1, 1, 1, 1, 1, 1, 1, 1, 1, 1, 1, 1, 1, 1, 1, 4 ),
 ( 4, 4 ),
 ( 0.0000000000000000000, 0.03012561299290084100, 0.06016454813670930200, 0.09011628124035292500, 0.1199802897615830500, 0.1497560528771244300, 0.1794430515525310400, 0.2090407686117045100, 0.2385486888061497100, 0.2679662988839825500, 0.2972930876586197800, 0.3265285460773340600, 0.3556721672895494200, 0.3847234467149821500, 0.4136818821115971200, 0.4425469736434780600, 0.4713182239485196300, 0.4999951382060893200, 0.5565356001634570400, 0.6128356431883080800, 0.6688928093859420900, 0.7247046574160546100, 0.7802687637907486100, 0.8355827241661807300, 0.8906441546287409100, 0.9454506929769558300, 0.9999999533904555500 ),
 ( 0.0000000000000000000, 1.000000000000000000 ),
 .UNSPECIFIED. ) ;
#355 = EDGE_CURVE ( 'NONE', #1094, #155, #5120, .T. ) ;
#356 = FACE_OUTER_BOUND ( 'NONE', #525, .T. ) ;
#357 = CARTESIAN_POINT ( 'NONE',  ( 67.18401199897937200, 31.26768583835743700, 789.6508810264865600 ) ) ;
#358 = CARTESIAN_POINT ( 'NONE',  ( -28.45226234368664100, -103.4347238319855200, 657.6650805960300700 ) ) ;
#359 = ORIENTED_EDGE ( 'NONE', *, *, #2996, .T. ) ;
#360 = B_SPLINE_CURVE_WITH_KNOTS ( 'NONE', 3,
 ( #1678, #4441, #4875, #2486, #5269, #2869, #372, #3269, #841, #3668, #1274, #4064, #1695, #4461 ),
 .UNSPECIFIED., .F., .F.,
 ( 4, 2, 2, 2, 2, 2, 4 ),
 ( 0.0000000000000000000, 0.009450699706807926300, 0.01890139941361585600, 0.02126407434031781000, 0.02362674926701975900, 0.02835209912042368000, 0.03780279882723160100 ),
 .UNSPECIFIED. ) ;
#361 = FACE_OUTER_BOUND ( 'NONE', #4544, .T. ) ;
#362 = ORIENTED_EDGE ( 'NONE', *, *, #3310, .F. ) ;
#363 = B_SPLINE_CURVE_WITH_KNOTS ( 'NONE', 3,
 ( #3755, #3793, #3765, #3671 ),
 .UNSPECIFIED., .F., .F.,
 ( 4, 4 ),
 ( 0.0000000000000000000, 1.000000000000000000 ),
 .UNSPECIFIED. ) ;
#364 = EDGE_CURVE ( 'NONE', #380, #75, #3788, .T. ) ;
#365 = CARTESIAN_POINT ( 'NONE',  ( 49.31249916030916600, -108.5000000000011500, 621.4029256442306600 ) ) ;
#366 = CARTESIAN_POINT ( 'NONE',  ( 142.9651427271265000, -139.1666666666675400, 591.1036459193753700 ) ) ;
#367 = FACE_OUTER_BOUND ( 'NONE', #1005, .T. ) ;
#368 = CARTESIAN_POINT ( 'NONE',  ( 152.2209139441085900, -123.8333333333351300, 984.3471492108949400 ) ) ;
#369 = ORIENTED_EDGE ( 'NONE', *, *, #638, .F. ) ;
#371 = ORIENTED_EDGE ( 'NONE', *, *, #189, .F. ) ;
#370 = CARTESIAN_POINT ( 'NONE',  ( 76.78792618231041400, 28.40632874313700600, 790.6809657875994600 ) ) ;
#372 = CARTESIAN_POINT ( 'NONE',  ( 152.5397445070738300, -154.4999999999992600, 985.9261689831116700 ) ) ;
#373 = ADVANCED_FACE ( 'NONE', ( #2493 ), #3500, .T. ) ;
#374 = VECTOR ( 'NONE', #1127, 1000.000000000000100 ) ;
#375 = CARTESIAN_POINT ( 'NONE',  ( 79.44426998658799700, 28.79506421020773400, 791.1859152758073600 ) ) ;
#376 = CARTESIAN_POINT ( 'NONE',  ( 265.0555088487972700, -150.5000000000029000, 1116.754480681051100 ) ) ;
#377 = EDGE_CURVE ( 'NONE', #5252, #4905, #4016, .T. ) ;
#378 = AXIS2_PLACEMENT_3D ( 'NONE', #4703, #2719, #3116 ) ;
#379 = DIRECTION ( 'NONE',  ( 0.0000000000000000000, 2.467162276944789900E-015, -1.000000000000000000 ) ) ;
#380 = VERTEX_POINT ( 'NONE', #3476 ) ;
#381 = EDGE_LOOP ( 'NONE', ( #446, #4530, #1665, #1154, #13, #1217, #2169, #207 ) ) ;
#382 = EDGE_LOOP ( 'NONE', ( #4536, #3657, #2437, #2010 ) ) ;
#383 = ORIENTED_EDGE ( 'NONE', *, *, #705, .F. ) ;
#384 = AXIS2_PLACEMENT_3D ( 'NONE', #2458, #5249, #2839 ) ;
#385 = CARTESIAN_POINT ( 'NONE',  ( 78.81299799908868000, 28.08059594595508200, 791.0358680270169300 ) ) ;
#386 = CARTESIAN_POINT ( 'NONE',  ( -35.73986909782360000, -133.6520857479777600, 661.0632994114405400 ) ) ;
#387 = CARTESIAN_POINT ( 'NONE',  ( 290.0053966939813700, -200.4999999998595400, 1097.832348653998500 ) ) ;
#388 = VERTEX_POINT ( 'NONE', #3503 ) ;
#389 = ORIENTED_EDGE ( 'NONE', *, *, #87, .T. ) ;
#390 = ORIENTED_EDGE ( 'NONE', *, *, #2582, .T. ) ;
#391 = FACE_OUTER_BOUND ( 'NONE', #3235, .T. ) ;
#392 = CARTESIAN_POINT ( 'NONE',  ( 81.85816174354050600, 30.81209467196778500, 791.7987908192481000 ) ) ;
#393 = CARTESIAN_POINT ( 'NONE',  ( 133.0007899639356600, -154.5000000000009100, 592.2187407883969900 ) ) ;
#394 = CARTESIAN_POINT ( 'NONE',  ( 153.5005154949949400, -139.1666666666685300, 990.6494741399686700 ) ) ;
#395 = EDGE_CURVE ( 'NONE', #966, #4715, #4810, .T. ) ;
#396 = CARTESIAN_POINT ( 'NONE',  ( 299.9999999999923800, -154.5000000000001700, 649.4235144278890200 ) ) ;
#397 = EDGE_CURVE ( 'NONE', #4979, #2016, #1916, .T. ) ;
#398 = CARTESIAN_POINT ( 'NONE',  ( -195.6980479277803800, -69.00000000000166300, 722.1886420658916000 ) ) ;
#399 = CARTESIAN_POINT ( 'NONE',  ( 195.4033304256532500, -174.4972571887584500, 1029.826353957500500 ) ) ;
#400 = B_SPLINE_SURFACE_WITH_KNOTS ( 'NONE', 3, 3, ( 
 ( #4332, #3694, #5159, #2762 ),
 ( #243, #3157, #715, #3556 ),
 ( #1156, #3950, #1580, #4351 ),
 ( #1997, #4773, #2391, #5178 ),
 ( #2780, #260, #3177, #733 ),
 ( #3571, #1173, #3972, #1598 ),
 ( #4362, #2018, #4794, #2405 ),
 ( #5197, #2801, #282, #3189 ),
 ( #756, #3592, #1186, #3987 ),
 ( #1619, #4380, #2030, #4816 ),
 ( #2425, #5209, #2817, #304 ),
 ( #3207, #770, #3611, #1211 ),
 ( #4003, #1635, #4402, #2045 ),
 ( #4828, #2448, #5231, #2827 ),
 ( #326, #3230, #790, #3624 ),
 ( #1236, #4024, #1649, #4421 ),
 ( #2064, #4847, #2463, #5254 ),
 ( #2845, #344, #3250, #815 ),
 ( #3645, #1250, #4045, #1671 ),
 ( #4435, #2083, #4868, #2481 ),
 ( #5265, #2865, #366, #3264 ),
 ( #837, #3661, #1269, #4060 ),
 ( #1691, #4455, #2096, #4887 ),
 ( #2502, #5282, #2880, #393 ),
 ( #3283, #849, #3678, #1288 ),
 ( #4077, #1706, #4479, #2109 ),
 ( #4899, #2517, #5297, #2893 ),
 ( #409, #3301, #869, #3690 ) ),
 .UNSPECIFIED., .F., .F., .F.,
 ( 4, 1, 1, 1, 1, 1, 1, 1, 1, 1, 1, 1, 1, 1, 1, 1, 1, 1, 1, 1, 1, 1, 1, 1, 1, 4 ),
 ( 4, 4 ),
 ( 0.0000000000000000000, 0.03132106588619591000, 0.06241623119852968100, 0.09328289516577628600, 0.1239184802446591100, 0.1543204328737928000, 0.1844862241896321800, 0.2144133507051506600, 0.2440993349520342600, 0.2735417260871366700, 0.3027381004640436500, 0.3316860621705214300, 0.3603832435327424800, 0.3888273055870874500, 0.4170159385204471600, 0.4449468620798642800, 0.4726178259524362900, 0.5000266101163999300, 0.5661400234372904200, 0.6312622976257192800, 0.6953716164291805500, 0.7584467180790711600, 0.8204669120325179800, 0.8814120934494247300, 0.9412627555496503300, 1.000000000000000000 ),
 ( 0.0000000000000000000, 1.000000000000000000 ),
 .UNSPECIFIED. ) ;
#401 = CARTESIAN_POINT ( 'NONE',  ( 80.08730185721975700, 28.15246942883766200, 791.4137300883498900 ) ) ;
#402 = CARTESIAN_POINT ( 'NONE',  ( -44.55696343338934200, -43.00000000000112300, 665.1748658133003600 ) ) ;
#403 = CARTESIAN_POINT ( 'NONE',  ( 226.7314714267133400, 68.99999999999926100, 598.9335365589145100 ) ) ;
#404 = LINE ( 'NONE', #1871, #2755 ) ;
#405 = EDGE_CURVE ( 'NONE', #5345, #2902, #1504, .T. ) ;
#406 = ADVANCED_FACE ( 'NONE', ( #391 ), #3406, .T. ) ;
#407 = B_SPLINE_SURFACE_WITH_KNOTS ( 'NONE', 3, 3, ( 
 ( #1892, #5061, #4663, #2275 ),
 ( #5077, #2679, #132, #3066 ),
 ( #619, #3468, #1057, #3866 ),
 ( #1491, #4256, #1908, #4685 ),
 ( #2295, #5089, #2695, #153 ),
 ( #3082, #633, #3491, #1079 ),
 ( #3882, #1510, #4278, #1922 ) ),
 .UNSPECIFIED., .F., .F., .F.,
 ( 4, 1, 2, 4 ),
 ( 4, 4 ),
 ( 0.0000000000000000000, 0.5002742259099138800, 0.6568965315835622000, 1.000000000000000000 ),
 ( 0.9974771329467312400, 1.000000000000000000 ),
 .UNSPECIFIED. ) ;
#408 = CARTESIAN_POINT ( 'NONE',  ( 79.14083927750755300, 28.40387855755192300, 791.1164059464648500 ) ) ;
#409 = CARTESIAN_POINT ( 'NONE',  ( 123.6802158411974200, -108.5000000000008800, 593.7324444482419500 ) ) ;
#410 = CARTESIAN_POINT ( 'NONE',  ( 156.0414687853360400, -154.5000000000018500, 1002.691584077881700 ) ) ;
#411 = AXIS2_PLACEMENT_3D ( 'NONE', #222, #3137, #698 ) ;
#412 = VECTOR ( 'NONE', #4094, 1000.000000000000000 ) ;
#413 = CARTESIAN_POINT ( 'NONE',  ( 123.6802158415374600, -123.8333333344010300, 593.7324444481787400 ) ) ;
#414 = CARTESIAN_POINT ( 'NONE',  ( -200.0000000000079900, 42.99999999999815300, 800.0000000198016300 ) ) ;
#415 = AXIS2_PLACEMENT_3D ( 'NONE', #3432, #3822, #1446 ) ;
#416 = CARTESIAN_POINT ( 'NONE',  ( -176.3010186140994100, -51.66666666666827700, 725.6088616786944400 ) ) ;
#417 = VECTOR ( 'NONE', #1931, 1000.000000000000000 ) ;
#418 = CARTESIAN_POINT ( 'NONE',  ( 74.98155660931780600, -152.3317153061953500, 609.4331442482687200 ) ) ;
#419 = CARTESIAN_POINT ( 'NONE',  ( 81.39148786234045500, 30.22011328163623000, 791.6913576238968100 ) ) ;
#420 = CARTESIAN_POINT ( 'NONE',  ( -173.3165224756197600, -43.00000000000237300, 725.2164376801540600 ) ) ;
#421 = CARTESIAN_POINT ( 'NONE',  ( 208.5433125998626500, 27.99999999999923300, 593.7282265713124600 ) ) ;
#422 = VECTOR ( 'NONE', #1780, 1000.000000000000200 ) ;
#423 = VERTEX_POINT ( 'NONE', #3316 ) ;
#424 = ORIENTED_EDGE ( 'NONE', *, *, #526, .T. ) ;
#425 = LINE ( 'NONE', #4644, #2659 ) ;
#426 = CARTESIAN_POINT ( 'NONE',  ( 80.44527104896872100, 29.87014672284172100, 791.4270080544715700 ) ) ;
#428 = EDGE_CURVE ( 'NONE', #4959, #3111, #5177, .T. ) ;
#427 = CARTESIAN_POINT ( 'NONE',  ( 195.4033304256532800, -174.4972571887586800, 1029.826353957500500 ) ) ;
#429 = EDGE_CURVE ( 'NONE', #2016, #351, #2005, .T. ) ;
#430 = DIRECTION ( 'NONE',  ( -1.850371707708592400E-015, 2.312964634635740700E-015, -1.000000000000000000 ) ) ;
#431 = VERTEX_POINT ( 'NONE', #3164 ) ;
#432 = CARTESIAN_POINT ( 'NONE',  ( 122.1979108148232500, -108.5000000000008000, 594.0111072900011800 ) ) ;
#433 = FACE_BOUND ( 'NONE', #1297, .T. ) ;
#434 = ADVANCED_FACE ( 'NONE', ( #3716 ), #1879, .T. ) ;
#435 = CARTESIAN_POINT ( 'NONE',  ( 18.43189517212403300, -43.00000000000166300, 635.8026822533991000 ) ) ;
#436 = CARTESIAN_POINT ( 'NONE',  ( 67.28754374221276200, -43.00000000000090900, 613.0210264859806600 ) ) ;
#437 = VERTEX_POINT ( 'NONE', #3135 ) ;
#438 = VERTEX_POINT ( 'NONE', #3099 ) ;
#439 = FACE_OUTER_BOUND ( 'NONE', #1215, .T. ) ;
#440 = EDGE_CURVE ( 'NONE', #2052, #65, #2916, .T. ) ;
#441 = CIRCLE ( 'NONE', #1162, 180.0000000000000600 ) ;
#442 = CARTESIAN_POINT ( 'NONE',  ( 224.1373232843064900, -199.4972571887584300, 1038.474256504021900 ) ) ;
#443 = CARTESIAN_POINT ( 'NONE',  ( 149.8791824405535100, 68.99999999999909100, 590.5981977073092800 ) ) ;
#444 = DIRECTION ( 'NONE',  ( 1.000000000000000000, 1.146483603531168700E-029, -3.059600512716296000E-015 ) ) ;
#445 = ORIENTED_EDGE ( 'NONE', *, *, #4399, .F. ) ;
#446 = ORIENTED_EDGE ( 'NONE', *, *, #3728, .T. ) ;
#447 = VECTOR ( 'NONE', #1661, 1000.000000000000000 ) ;
#448 = AXIS2_PLACEMENT_3D ( 'NONE', #3802, #3775, #3837 ) ;
#449 = CARTESIAN_POINT ( 'NONE',  ( 81.22171630897726400, 30.46005934428163900, 791.6273650440034500 ) ) ;
#450 = CARTESIAN_POINT ( 'NONE',  ( 265.0555088487972700, -150.5000000000027300, 1087.886926653826100 ) ) ;
#451 = VERTEX_POINT ( 'NONE', #3054 ) ;
#452 = ORIENTED_EDGE ( 'NONE', *, *, #109, .F. ) ;
#453 = SURFACE_SIDE_STYLE ('',( #1518 ) ) ;
#454 = COLOUR_RGB ( '',0.2901960784313725200, 0.3294117647058823500, 0.3490196078431372400 ) ;
#455 = CARTESIAN_POINT ( 'NONE',  ( 117.7820250465906000, -123.8333333344010500, 594.9181678281605600 ) ) ;
#456 = VERTEX_POINT ( 'NONE', #3122 ) ;
#457 = DIRECTION ( 'NONE',  ( 1.737858883903028600E-015, -1.000000000000000000, -2.389772395653982800E-015 ) ) ;
#458 = EDGE_LOOP ( 'NONE', ( #218, #1098, #47, #856, #4990, #1080, #1607, #4274, #4609, #4342, #5097, #1355, #739, #1526, #2222, #53, #2002, #4092, #5273, #754, #4506 ) ) ;
#459 = EDGE_LOOP ( 'NONE', ( #5041, #94 ) ) ;
#460 = CARTESIAN_POINT ( 'NONE',  ( 120.7202068672278300, -108.5000000000008700, 594.3035751471816200 ) ) ;
#461 = CARTESIAN_POINT ( 'NONE',  ( 265.1486293844570200, -153.1666232450001200, 1073.438829280548600 ) ) ;
#462 = EDGE_CURVE ( 'NONE', #423, #1655, #5058, .T. ) ;
#463 = CARTESIAN_POINT ( 'NONE',  ( 60.95577982806236200, -79.44390510206574200, 615.9736531689052300 ) ) ;
#464 = VERTEX_POINT ( 'NONE', #3050 ) ;
#465 = CARTESIAN_POINT ( 'NONE',  ( 152.8955387011177700, -108.5000000000008800, 590.5010746165077100 ) ) ;
#466 = CARTESIAN_POINT ( 'NONE',  ( -185.3767239495545600, 68.99999999999761300, 854.5748092045548700 ) ) ;
#467 = ADVANCED_FACE ( 'NONE', ( #3847 ), #3040, .T. ) ;
#468 = EDGE_CURVE ( 'NONE', #2408, #2344, #2798, .T. ) ;
#469 = CARTESIAN_POINT ( 'NONE',  ( 81.01971701247630600, 30.31986513431141400, 791.5745139775149300 ) ) ;
#470 = CARTESIAN_POINT ( 'NONE',  ( 73.81775926788647300, 29.95011319474432600, 790.1982515810700500 ) ) ;
#471 = CARTESIAN_POINT ( 'NONE',  ( 471.2268572052944900, -154.5000000000021300, 855.4563735158786800 ) ) ;
#472 = B_SPLINE_CURVE_WITH_KNOTS ( 'NONE', 3,
 ( #3994, #2436, #318, #3216, #777, #3618 ),
 .UNSPECIFIED., .F., .F.,
 ( 4, 2, 4 ),
 ( 0.0000000000000000000, 0.003320405486590369400, 0.006640810973180738700 ),
 .UNSPECIFIED. ) ;
#473 = EDGE_CURVE ( 'NONE', #194, #2276, #707, .T. ) ;
#474 = VECTOR ( 'NONE', #1631, 1000.000000000000000 ) ;
#475 = CARTESIAN_POINT ( 'NONE',  ( 113.4196974131364500, -139.1666666688013800, 595.9162766710538800 ) ) ;
#476 = EDGE_CURVE ( 'NONE', #5185, #3852, #1745, .T. ) ;
#477 = CARTESIAN_POINT ( 'NONE',  ( 80.89473515338886500, 28.38194272744840400, 791.6740926118204700 ) ) ;
#478 = DIRECTION ( 'NONE',  ( 0.0000000000000000000, -2.312964634635740700E-015, 1.000000000000000000 ) ) ;
#479 = CARTESIAN_POINT ( 'NONE',  ( 54.58576336933531100, -115.8878102041306000, 618.9440291831301700 ) ) ;
#480 = CARTESIAN_POINT ( 'NONE',  ( 173.5713779260461300, -108.5000000000008500, 590.8144930838968800 ) ) ;
#481 = CARTESIAN_POINT ( 'NONE',  ( -197.7803432427677400, -69.00000000000167700, 722.8701967020315400 ) ) ;
#482 = CARTESIAN_POINT ( 'NONE',  ( 156.6705055945672600, -139.1666666666685600, 1005.540602786226400 ) ) ;
#483 = EDGE_CURVE ( 'NONE', #2309, #1785, #743, .T. ) ;
#484 = COLOUR_RGB ( '',0.2901960784313725200, 0.3294117647058823500, 0.3490196078431372400 ) ;
#485 = CARTESIAN_POINT ( 'NONE',  ( 299.9999999999923800, -154.5000000000011100, 800.0000000000025000 ) ) ;
#486 = CARTESIAN_POINT ( 'NONE',  ( 72.24060598378179100, 30.43701652388647000, 789.9892211959235100 ) ) ;
#487 = CARTESIAN_POINT ( 'NONE',  ( 258.4561246315091100, 68.99999999999926100, 626.3736344513781700 ) ) ;
#488 = EDGE_CURVE ( 'NONE', #2016, #5185, #3968, .T. ) ;
#489 = LINE ( 'NONE', #4389, #1522 ) ;
#490 = CARTESIAN_POINT ( 'NONE',  ( 109.1135213395272100, -154.5000000032016200, 597.0030355674912200 ) ) ;
#491 = CARTESIAN_POINT ( 'NONE',  ( 82.17995840879467600, 28.21670658281718100, 792.0373479364927800 ) ) ;
#492 = ADVANCED_FACE ( 'NONE', ( #4674 ), #3226, .T. ) ;
#494 = CARTESIAN_POINT ( 'NONE',  ( 83.25529571532730700, 31.11883908305338100, 792.2008046158080100 ) ) ;
#493 =( GEOMETRIC_REPRESENTATION_CONTEXT ( 3 ) GLOBAL_UNCERTAINTY_ASSIGNED_CONTEXT ( ( #4453 ) ) GLOBAL_UNIT_ASSIGNED_CONTEXT ( ( #4560, #2196, #4986 ) ) REPRESENTATION_CONTEXT ( 'NONE', 'WORKASPACE' ) );
#495 = ORIENTED_EDGE ( 'NONE', *, *, #554, .T. ) ;
#496 = ORIENTED_EDGE ( 'NONE', *, *, #764, .T. ) ;
#497 = CARTESIAN_POINT ( 'NONE',  ( 299.9999999999923800, -150.5000000000031300, 800.0000000000026100 ) ) ;
#498 = CARTESIAN_POINT ( 'NONE',  ( 48.17408389680366600, -152.3317153061954300, 621.9337601924207800 ) ) ;
#499 = LINE ( 'NONE', #3792, #4706 ) ;
#500 = VECTOR ( 'NONE', #4059, 1000.000000000000000 ) ;
#501 = CARTESIAN_POINT ( 'NONE',  ( 66.74311190766880500, 32.12452974190816200, 789.6031203199321500 ) ) ;
#502 = EDGE_CURVE ( 'NONE', #3833, #5289, #6, .T. ) ;
#503 = CARTESIAN_POINT ( 'NONE',  ( -200.0000000000079600, 34.99999999999818800, 800.0000000198016300 ) ) ;
#504 = ORIENTED_EDGE ( 'NONE', *, *, #2239, .F. ) ;
#506 = ORIENTED_EDGE ( 'NONE', *, *, #4523, .T. ) ;
#505 = CARTESIAN_POINT ( 'NONE',  ( 164.3155655347233300, -154.5000000000019000, 1039.944042294746900 ) ) ;
#507 = CARTESIAN_POINT ( 'NONE',  ( 81.64117868735878900, 30.70615748675860600, 791.7395762847463600 ) ) ;
#508 = LINE ( 'NONE', #3162, #2595 ) ;
#509 = ORIENTED_EDGE ( 'NONE', *, *, #310, .T. ) ;
#510 = ORIENTED_EDGE ( 'NONE', *, *, #3444, .F. ) ;
#511 = CARTESIAN_POINT ( 'NONE',  ( 50.69519572198158400, -108.5000000000010400, 620.7581841347079000 ) ) ;
#513 = EDGE_CURVE ( 'NONE', #649, #2736, #2245, .T. ) ;
#512 = CARTESIAN_POINT ( 'NONE',  ( 70.42348181414745100, 31.04646387226705800, 789.8003813943448700 ) ) ;
#514 = EDGE_CURVE ( 'NONE', #5185, #3833, #2567, .T. ) ;
#515 = FACE_OUTER_BOUND ( 'NONE', #2253, .T. ) ;
#516 = VERTEX_POINT ( 'NONE', #2637 ) ;
#517 = CARTESIAN_POINT ( 'NONE',  ( 103.4634430874654600, -108.5000000000008500, 598.5848067738517100 ) ) ;
#518 = CARTESIAN_POINT ( 'NONE',  ( 348.6141140432362100, -174.4972571887581700, 1035.932812104362000 ) ) ;
#519 = FACE_OUTER_BOUND ( 'NONE', #2042, .T. ) ;
#520 = ORIENTED_EDGE ( 'NONE', *, *, #2939, .T. ) ;
#521 = CARTESIAN_POINT ( 'NONE',  ( 82.54637015191916300, 31.04198249175267700, 791.9923801806375000 ) ) ;
#522 = CARTESIAN_POINT ( 'NONE',  ( 130.2334627276504800, -710.6076823182569300, 592.6275745848601000 ) ) ;
#523 = CARTESIAN_POINT ( 'NONE',  ( 40.27871027075110500, -43.00000000000099500, 625.6153465451989200 ) ) ;
#524 = ORIENTED_EDGE ( 'NONE', *, *, #691, .T. ) ;
#525 = EDGE_LOOP ( 'NONE', ( #3894, #2361, #2951, #3652 ) ) ;
#526 = EDGE_CURVE ( 'NONE', #5216, #5091, #2175, .T. ) ;
#527 = CARTESIAN_POINT ( 'NONE',  ( 72.25953279482465100, 30.81135155781743200, 789.9422927520026900 ) ) ;
#528 = VECTOR ( 'NONE', #1876, 1000.000000000000200 ) ;
#529 = DIRECTION ( 'NONE',  ( 4.943961906533893900E-015, -1.000000000000000000, -2.428612866367529500E-015 ) ) ;
#530 = CARTESIAN_POINT ( 'NONE',  ( 83.01759643675073600, 31.11000859653396900, 792.1299138999613700 ) ) ;
#531 = ORIENTED_EDGE ( 'NONE', *, *, #553, .F. ) ;
#532 = ORIENTED_EDGE ( 'NONE', *, *, #116, .T. ) ;
#533 = ORIENTED_EDGE ( 'NONE', *, *, #4793, .F. ) ;
#534 = ADVANCED_FACE ( 'NONE', ( #1088 ), #2060, .T. ) ;
#535 = VERTEX_POINT ( 'NONE', #2390 ) ;
#536 = AXIS2_PLACEMENT_3D ( 'NONE', #3445, #1036, #3841 ) ;
#537 = PLANE ( 'NONE',  #4440 ) ;
#538 = DIRECTION ( 'NONE',  ( -0.9659258262788196200, 0.0000000000000000000, 0.2588190451407693700 ) ) ;
#539 = PLANE ( 'NONE',  #3710 ) ;
#540 = DIRECTION ( 'NONE',  ( 4.153087188293503300E-030, -1.000000000000000000, -2.389772395653986300E-015 ) ) ;
#541 = VERTEX_POINT ( 'NONE', #2396 ) ;
#542 = ORIENTED_EDGE ( 'NONE', *, *, #2675, .F. ) ;
#543 = ORIENTED_EDGE ( 'NONE', *, *, #1471, .F. ) ;
#544 = CARTESIAN_POINT ( 'NONE',  ( 98.84841597857010200, -123.8333333344010900, 600.0085945548992200 ) ) ;
#545 = DIRECTION ( 'NONE',  ( 0.0000000000000000000, 2.220446049250314300E-015, -1.000000000000000000 ) ) ;
#546 = CARTESIAN_POINT ( 'NONE',  ( 265.0555088487972200, -136.0000000000026700, 1087.886926653826100 ) ) ;
#547 = DIRECTION ( 'NONE',  ( 0.0000000000000000000, 2.498001805406600200E-015, -1.000000000000000000 ) ) ;
#548 = AXIS2_PLACEMENT_3D ( 'NONE', #63, #3001, #547 ) ;
#549 = CARTESIAN_POINT ( 'NONE',  ( 82.63595491367227900, 27.99999999999896600, 792.1697722454332500 ) ) ;
#550 = CARTESIAN_POINT ( 'NONE',  ( 78.03890746794866100, 29.82643037111583300, 790.7747909844068800 ) ) ;
#551 = DIRECTION ( 'NONE',  ( 0.0000000000000000000, -2.775557561562888600E-015, 1.000000000000000000 ) ) ;
#552 = DIRECTION ( 'NONE',  ( 0.9507306129924172300, -0.02617694830787207400, 0.3089111019312023000 ) ) ;
#553 = EDGE_CURVE ( 'NONE', #4093, #1527, #4276, .T. ) ;
#554 = EDGE_CURVE ( 'NONE', #747, #2607, #5237, .T. ) ;
#555 = DIRECTION ( 'NONE',  ( -1.737858883903028800E-015, 1.000000000000000000, 2.389772395653982800E-015 ) ) ;
#556 = LINE ( 'NONE', #113, #252 ) ;
#557 = CARTESIAN_POINT ( 'NONE',  ( -206.6622042471145700, -51.66666666666837700, 739.4736266791276200 ) ) ;
#558 = CARTESIAN_POINT ( 'NONE',  ( 81.25011762034944200, 27.99999999999894100, 791.7588720551001400 ) ) ;
#559 = CARTESIAN_POINT ( 'NONE',  ( 91.21434392140625400, -139.1666666688013800, 602.6375925670545300 ) ) ;
#560 = EDGE_CURVE ( 'NONE', #3833, #2607, #5126, .T. ) ;
#561 = PLANE ( 'NONE',  #4372 ) ;
#562 = CARTESIAN_POINT ( 'NONE',  ( 49.64793601445562400, -108.5000000000010400, 621.2465138932085400 ) ) ;
#563 = CARTESIAN_POINT ( 'NONE',  ( 169.2509875739490300, 55.33333333333251900, 590.5368402093801000 ) ) ;
#564 = CARTESIAN_POINT ( 'NONE',  ( 86.10696440213791900, 28.00000000001125900, 793.2346971438881800 ) ) ;
#565 = B_SPLINE_SURFACE_WITH_KNOTS ( 'NONE', 3, 3, ( 
 ( #2789, #2007, #3181, #745 ),
 ( #3581, #1177, #3980, #1606 ),
 ( #4368, #2021, #4804, #2414 ),
 ( #5203, #2809, #291, #3196 ),
 ( #762, #3600, #1198, #3992 ),
 ( #1627, #4388, #2033, #4820 ),
 ( #2434, #5217, #2820, #317 ),
 ( #3215, #775, #3617, #1221 ),
 ( #4013, #1641, #4413, #2050 ),
 ( #4836, #2453, #5239, #2833 ),
 ( #331, #3240, #797, #3631 ),
 ( #1242, #4033, #1657, #4426 ),
 ( #2076, #4854, #2469, #5260 ),
 ( #2853, #352, #3255, #828 ) ),
 .UNSPECIFIED., .F., .F., .F.,
 ( 4, 2, 2, 2, 2, 2, 4 ),
 ( 4, 4 ),
 ( 0.0000000000000000000, 0.2500000000000028900, 0.3750000000000031100, 0.4375000000000032200, 0.5000000000000032200, 0.7500000000000015500, 1.000000000000000000 ),
 ( 0.0000000000000000000, 1.000000000000000000 ),
 .UNSPECIFIED. ) ;
#566 = CARTESIAN_POINT ( 'NONE',  ( -176.3010186140994100, -56.00000000000162000, 725.6088616786944400 ) ) ;
#567 = LINE ( 'NONE', #2305, #4765 ) ;
#568 = CARTESIAN_POINT ( 'NONE',  ( 317.3959486142140300, -710.6076823182570500, 722.0753571865062700 ) ) ;
#569 = AXIS2_PLACEMENT_3D ( 'NONE', #5018, #5067, #5009 ) ;
#570 = VERTEX_POINT ( 'NONE', #2225 ) ;
#571 = LINE ( 'NONE', #1480, #3327 ) ;
#572 = CARTESIAN_POINT ( 'NONE',  ( 67.82327709458985500, 31.99015454235808100, 789.6181040768513000 ) ) ;
#573 = CARTESIAN_POINT ( 'NONE',  ( 83.49521685409746400, 31.10083954555179300, 792.2739606891160500 ) ) ;
#574 = CARTESIAN_POINT ( 'NONE',  ( -209.0816726285627900, -51.66666666666837700, 741.8940010932590200 ) ) ;
#575 = DIRECTION ( 'NONE',  ( -1.737858883903029000E-015, 1.000000000000000000, 2.389772395653983200E-015 ) ) ;
#576 = ORIENTED_EDGE ( 'NONE', *, *, #364, .T. ) ;
#577 = ORIENTED_EDGE ( 'NONE', *, *, #1857, .F. ) ;
#578 = EDGE_CURVE ( 'NONE', #4599, #1880, #4152, .T. ) ;
#579 = AXIS2_PLACEMENT_3D ( 'NONE', #4103, #1727, #4494 ) ;
#580 = LINE ( 'NONE', #3018, #3827 ) ;
#582 = DIRECTION ( 'NONE',  ( 0.3090169943372900200, 0.0000000000000000000, -0.9510565163073891900 ) ) ;
#581 = MECHANICAL_DESIGN_GEOMETRIC_PRESENTATION_REPRESENTATION (  '', ( #4770 ), #882 ) ;
#583 = CARTESIAN_POINT ( 'NONE',  ( 195.4033304256532500, -174.4972571887584800, 1029.826353957500500 ) ) ;
#584 = CARTESIAN_POINT ( 'NONE',  ( 149.8791824405535100, 68.99999999999917600, 590.5981977073092800 ) ) ;
#585 = ORIENTED_EDGE ( 'NONE', *, *, #894, .T. ) ;
#586 = CIRCLE ( 'NONE', #2723, 69.99999999999995700 ) ;
#587 = CARTESIAN_POINT ( 'NONE',  ( 223.3310472874210300, -174.4972571887597000, 1038.900619235482300 ) ) ;
#588 = EDGE_CURVE ( 'NONE', #1700, #3409, #953, .T. ) ;
#589 = CARTESIAN_POINT ( 'NONE',  ( -200.0023237766678200, -43.00000000000164800, 725.1914669190118700 ) ) ;
#590 = ORIENTED_EDGE ( 'NONE', *, *, #4785, .T. ) ;
#591 = VECTOR ( 'NONE', #2139, 1000.000000000000100 ) ;
#592 = ORIENTED_EDGE ( 'NONE', *, *, #5133, .T. ) ;
#593 = B_SPLINE_SURFACE_WITH_KNOTS ( 'NONE', 3, 3, ( 
 ( #993, #3804, #4202, #1838 ),
 ( #4614, #2233, #5026, #2639 ),
 ( #85, #3021, #563, #3431 ),
 ( #1011, #3820, #1445, #4220 ),
 ( #1853, #4629, #2254, #5047 ),
 ( #2651, #103, #3042, #584 ),
 ( #3443, #1032, #3839, #1459 ),
 ( #4233, #1878, #4648, #2267 ),
 ( #5070, #2670, #119, #3058 ),
 ( #605, #3458, #1051, #3857 ) ),
 .UNSPECIFIED., .F., .F., .F.,
 ( 4, 2, 2, 2, 4 ),
 ( 4, 4 ),
 ( 1.387778780781445700E-017, 0.01181385372464849100, 0.02362770744929696900, 0.03544156117394544500, 0.04725541489859392400 ),
 ( 0.0000000000000000000, 1.000000000000000000 ),
 .UNSPECIFIED. ) ;
#594 = CARTESIAN_POINT ( 'NONE',  ( 72.06151883538845500, 30.48777242464399300, 789.9559026386348300 ) ) ;
#595 = CARTESIAN_POINT ( 'NONE',  ( 176.9597067419735200, -154.5000000000008000, 591.0726568250836400 ) ) ;
#596 = EDGE_CURVE ( 'NONE', #1196, #2062, #2973, .T. ) ;
#597 = VERTEX_POINT ( 'NONE', #2203 ) ;
#598 = EDGE_CURVE ( 'NONE', #2607, #4599, #810, .T. ) ;
#599 = DIRECTION ( 'NONE',  ( -0.9965655024944827200, 0.0000000000000000000, 0.08280820755166160000 ) ) ;
#600 = FACE_OUTER_BOUND ( 'NONE', #1677, .T. ) ;
#601 = VERTEX_POINT ( 'NONE', #2301 ) ;
#602 = CARTESIAN_POINT ( 'NONE',  ( 234.7102757571799400, -108.5000000000005800, 595.9567759480335100 ) ) ;
#603 = VERTEX_POINT ( 'NONE', #2095 ) ;
#604 = CARTESIAN_POINT ( 'NONE',  ( 479.8885385508003800, -108.5000000000007200, 806.3335375624126300 ) ) ;
#605 = CARTESIAN_POINT ( 'NONE',  ( 130.2334627276007400, 27.99999999999909100, 592.6275745845425700 ) ) ;
#606 = VECTOR ( 'NONE', #2870, 1000.000000000000000 ) ;
#607 = EDGE_CURVE ( 'NONE', #1434, #438, #1808, .T. ) ;
#608 = ORIENTED_EDGE ( 'NONE', *, *, #740, .F. ) ;
#610 = ORIENTED_EDGE ( 'NONE', *, *, #2497, .F. ) ;
#609 = CARTESIAN_POINT ( 'NONE',  ( 299.9999999999923800, -150.5000000000018500, 800.0000000000026100 ) ) ;
#611 = ORIENTED_EDGE ( 'NONE', *, *, #216, .T. ) ;
#612 = CARTESIAN_POINT ( 'NONE',  ( 223.9350259148749300, -174.4972571887584000, 1039.096863787619200 ) ) ;
#613 = DIRECTION ( 'NONE',  ( 0.9565220583341068600, -7.257003245334399300E-016, 0.2916599936917702000 ) ) ;
#614 = ORIENTED_EDGE ( 'NONE', *, *, #4759, .F. ) ;
#615 = B_SPLINE_SURFACE_WITH_KNOTS ( 'NONE', 3, 3, ( 
 ( #1914, #3871, #2303, #5096 ),
 ( #2700, #166, #3090, #640 ),
 ( #3495, #1087, #3887, #1515 ),
 ( #4290, #1930, #4699, #2324 ),
 ( #5111, #2713, #182, #3113 ),
 ( #660, #3506, #1108, #3906 ),
 ( #1532, #4298, #1954, #4721 ),
 ( #2339, #5130, #2732, #199 ),
 ( #3125, #685, #3525, #1122 ),
 ( #3920, #1549, #4312, #1966 ) ),
 .UNSPECIFIED., .F., .F., .F.,
 ( 4, 1, 1, 1, 1, 1, 1, 4 ),
 ( 4, 4 ),
 ( 0.0000000000000000000, 0.1248740207306122400, 0.2497894434562872900, 0.3747442291666017200, 0.4997353757833844500, 0.5844031659359588700, 0.7498210330429445600, 1.000000000000000000 ),
 ( 0.0000000000000000000, 1.000000000000000000 ),
 .UNSPECIFIED. ) ;
#616 = EDGE_CURVE ( 'NONE', #1813, #998, #4987, .T. ) ;
#617 = AXIS2_PLACEMENT_3D ( 'NONE', #3104, #1941, #4711 ) ;
#618 = CARTESIAN_POINT ( 'NONE',  ( 74.14672144419026300, 29.85851117970659600, 790.2479222745344000 ) ) ;
#619 = CARTESIAN_POINT ( 'NONE',  ( 83.97281589034929500, 27.88665205842491400, 792.5773647820879000 ) ) ;
#620 = CARTESIAN_POINT ( 'NONE',  ( 223.2487431345609000, -198.4999999998592600, 1041.866378939858400 ) ) ;
#621 = CARTESIAN_POINT ( 'NONE',  ( 230.5852766008683800, -123.8333333333339800, 595.5823100437560200 ) ) ;
#622 = PLANE ( 'NONE',  #3648 ) ;
#623 = DIRECTION ( 'NONE',  ( -1.000000000000000000, -1.737858883997657000E-015, 3.959720780110111500E-011 ) ) ;
#624 = CARTESIAN_POINT ( 'NONE',  ( 53.10346055290823800, -140.0745262564732900, 619.6352289543086700 ) ) ;
#625 = B_SPLINE_SURFACE_WITH_KNOTS ( 'NONE', 3, 3, ( 
 ( #4795, #2406, #2804, #283 ),
 ( #3190, #757, #3593, #1187 ),
 ( #3988, #1622, #160, #2754 ),
 ( #232, #3147, #704, #3547 ) ),
 .UNSPECIFIED., .F., .F., .F.,
 ( 4, 4 ),
 ( 4, 4 ),
 ( 0.0000000000000000000, 1.000000000000000000 ),
 ( 0.0000000000000000000, 1.000000000000000000 ),
 .UNSPECIFIED. ) ;
#626 = VECTOR ( 'NONE', #4825, 1000.000000000000000 ) ;
#627 = CARTESIAN_POINT ( 'NONE',  ( 289.6982612968766400, -174.4972571887579700, 1050.793250976452100 ) ) ;
#628 = CARTESIAN_POINT ( 'NONE',  ( 25.53161212955683400, -43.00000000000237300, 632.4920296943379300 ) ) ;
#629 = B_SPLINE_CURVE_WITH_KNOTS ( 'NONE', 3,
 ( #5008, #4611, #2635, #82 ),
 .UNSPECIFIED., .F., .F.,
 ( 4, 4 ),
 ( 2.288783399261118700E-016, 0.03524265032400189500 ),
 .UNSPECIFIED. ) ;
#630 = EDGE_CURVE ( 'NONE', #2062, #1196, #4863, .T. ) ;
#631 = EDGE_CURVE ( 'NONE', #4599, #1813, #4177, .T. ) ;
#632 = CARTESIAN_POINT ( 'NONE',  ( 74.30745923220379700, 29.80885166168675900, 790.2723795361847600 ) ) ;
#633 = CARTESIAN_POINT ( 'NONE',  ( 85.70918657762624100, 27.88522020380679600, 793.1090119554550000 ) ) ;
#634 = B_SPLINE_CURVE_WITH_KNOTS ( 'NONE', 3,
 ( #1536, #1722, #1571, #1519, #1506, #1514, #1478, #1466, #1451, #1406, #1457, #1454, #1438, #1443, #1428, #1398, #1419, #1415, #1392, #1287, #1249, #1376, #1373, #1317, #1360, #1195, #1275, #1185, #1241, #1306, #1172, #1268, #1146, #1369, #1235, #1220, #1176, #1138, #1113, #1210, #1105, #1166, #1155 ),
 .UNSPECIFIED., .F., .F.,
 ( 4, 1, 1, 1, 1, 1, 1, 2, 2, 1, 1, 1, 1, 2, 2, 1, 2, 2, 2, 1, 1, 2, 2, 2, 1, 1, 2, 2, 4 ),
 ( 0.0000000000000000000, 0.1249999999998323000, 0.1874999999997496200, 0.2187499999997052100, 0.2343749999996863100, 0.2421874999996760100, 0.2460937499996727600, 0.2480468749996689300, 0.2499999999996651000, 0.3124999999996900800, 0.3437499999997058500, 0.3593749999997100100, 0.3671874999997120600, 0.3710937499997092300, 0.3749999999997064600, 0.3906249999997140600, 0.3984374999997177300, 0.4062499999997213300, 0.4218749999997289400, 0.4296874999997309400, 0.4335937499997320500, 0.4355468749997305500, 0.4374999999997289900, 0.4687499999997223900, 0.4843749999997191700, 0.4921874999997174500, 0.4960937499997183400, 0.4999999999997193400, 1.000000000000000000 ),
 .UNSPECIFIED. ) ;
#635 = DIRECTION ( 'NONE',  ( 2.326346966392633900E-015, -1.000000000000000000, -1.437219770200968000E-015 ) ) ;
#636 = FACE_OUTER_BOUND ( 'NONE', #2413, .T. ) ;
#637 = DIRECTION ( 'NONE',  ( -1.737858883903028800E-015, 1.000000000000000000, 2.389772395653982800E-015 ) ) ;
#638 = EDGE_CURVE ( 'NONE', #4212, #4789, #1939, .T. ) ;
#639 = CARTESIAN_POINT ( 'NONE',  ( 299.9999999999923800, -162.5000000000010500, 649.8427766621533700 ) ) ;
#640 = CARTESIAN_POINT ( 'NONE',  ( 189.7138081316568300, 68.99999999999923300, 592.1450297924393500 ) ) ;
#641 = CARTESIAN_POINT ( 'NONE',  ( 299.9999999999923800, -154.5000000000012800, 950.5764855721159800 ) ) ;
#642 = B_SPLINE_SURFACE_WITH_KNOTS ( 'NONE', 3, 3, ( 
 ( #2510, #858, #2119, #4907 ),
 ( #2523, #5309, #2901, #418 ),
 ( #3309, #879, #3698, #1312 ),
 ( #4105, #1730, #4498, #2133 ),
 ( #4924, #2536, #5322, #2923 ),
 ( #436, #3322, #904, #3719 ),
 ( #1326, #4120, #1753, #4511 ),
 ( #2143, #4943, #2554, #5337 ),
 ( #2938, #463, #3341, #919 ),
 ( #3734, #1349, #4131, #1766 ),
 ( #4532, #2163, #4955, #2570 ),
 ( #1, #2953, #479, #3364 ),
 ( #935, #3748, #1370, #4149 ),
 ( #1781, #4551, #2184, #4971 ),
 ( #2581, #26, #2970, #498 ),
 ( #3381, #963, #3766, #1385 ),
 ( #4169, #1804, #4568, #2205 ),
 ( #4995, #2597, #39, #2990 ),
 ( #523, #3397, #977, #3787 ),
 ( #1408, #4187, #1823, #4590 ) ),
 .UNSPECIFIED., .F., .F., .F.,
 ( 4, 1, 1, 1, 1, 1, 1, 1, 1, 1, 1, 1, 1, 1, 1, 1, 1, 4 ),
 ( 4, 4 ),
 ( 0.0000000000000000000, 0.05733829298156343400, 0.1148407886943808000, 0.1725120556063921600, 0.2303565819720177800, 0.2883787760274422700, 0.3465829662366755000, 0.4049734015864068800, 0.4635542519276403300, 0.5223296083621219400, 0.5813034836714172600, 0.6404798127867305000, 0.6998624532973694000, 0.7594551859958554900, 0.8192617154577075400, 0.8792856706539717800, 0.9395306055944718800, 1.000000000000000000 ),
 ( 0.0000000000000000000, 1.000000000000000000 ),
 .UNSPECIFIED. ) ;
#643 = VECTOR ( 'NONE', #1985, 1000.000000000000100 ) ;
#644 = VERTEX_POINT ( 'NONE', #1964 ) ;
#646 = ORIENTED_EDGE ( 'NONE', *, *, #4329, .F. ) ;
#645 = DIRECTION ( 'NONE',  ( 0.0000000000000000000, 2.333433348216590500E-015, -1.000000000000000000 ) ) ;
#647 = AXIS2_PLACEMENT_3D ( 'NONE', #2404, #2452, #2381 ) ;
#648 = ORIENTED_EDGE ( 'NONE', *, *, #3142, .F. ) ;
#649 = VERTEX_POINT ( 'NONE', #1810 ) ;
#650 = CARTESIAN_POINT ( 'NONE',  ( 76.00757404514314400, 28.80432001110043000, 790.5336474016115700 ) ) ;
#651 = CARTESIAN_POINT ( 'NONE',  ( 313.6961364667574800, -200.4999999998594300, 1072.104979840895800 ) ) ;
#652 = LINE ( 'NONE', #2752, #4845 ) ;
#653 = EDGE_CURVE ( 'NONE', #3218, #4933, #2733, .T. ) ;
#654 = AXIS2_PLACEMENT_3D ( 'NONE', #3074, #1572, #4339 ) ;
#655 = VERTEX_POINT ( 'NONE', #1837 ) ;
#656 = FACE_OUTER_BOUND ( 'NONE', #1875, .T. ) ;
#657 = CARTESIAN_POINT ( 'NONE',  ( 245.5662155184852200, -174.4972571887582500, 972.5229076461020000 ) ) ;
#658 = CARTESIAN_POINT ( 'NONE',  ( 299.9999999999934600, -710.6076823182571600, 800.0000000000011400 ) ) ;
#659 = CARTESIAN_POINT ( 'NONE',  ( 83.33702835762815700, -154.5000000032016800, 605.7230126638385200 ) ) ;
#660 = CARTESIAN_POINT ( 'NONE',  ( 183.7865328676412300, 27.99999999999921100, 591.6466295121082300 ) ) ;
#661 = CARTESIAN_POINT ( 'NONE',  ( 299.9999999999921600, 27.99999999999880300, 800.0000000000029600 ) ) ;
#662 = B_SPLINE_CURVE_WITH_KNOTS ( 'NONE', 3,
 ( #2703, #2311, #3892, #1517 ),
 .UNSPECIFIED., .F., .F.,
 ( 4, 4 ),
 ( 0.0000000000000000000, 1.000000000000000000 ),
 .UNSPECIFIED. ) ;
#663 = B_SPLINE_SURFACE_WITH_KNOTS ( 'NONE', 3, 3, ( 
 ( #2818, #327, #3625, #1237 ),
 ( #4026, #1650, #4422, #2068 ),
 ( #4848, #2464, #5255, #2847 ),
 ( #346, #3251, #819, #3646 ),
 ( #1251, #4046, #1674, #4436 ),
 ( #2084, #4872, #2482, #5266 ),
 ( #2867, #368, #3265, #838 ),
 ( #3665, #1270, #4061, #1692 ),
 ( #4458, #2097, #4888, #2504 ),
 ( #5284, #2881, #394, #3285 ),
 ( #852, #3679, #1291, #4078 ),
 ( #1708, #4481, #2111, #4900 ),
 ( #2519, #5300, #2894, #410 ),
 ( #3303, #871, #3691, #1308 ) ),
 .UNSPECIFIED., .F., .F., .F.,
 ( 4, 2, 2, 2, 2, 2, 4 ),
 ( 4, 4 ),
 ( 0.0000000000000000000, 0.2500000000000005600, 0.3749999999999997800, 0.4374999999999991100, 0.4999999999999985600, 0.7499999999999993300, 1.000000000000000000 ),
 ( 0.0000000000000000000, 1.000000000000000000 ),
 .UNSPECIFIED. ) ;
#664 = VERTEX_POINT ( 'NONE', #1793 ) ;
#665 = CARTESIAN_POINT ( 'NONE',  ( 104.8659038957063700, -154.5000000000016200, 598.1754713193472500 ) ) ;
#666 = EDGE_CURVE ( 'NONE', #1813, #3218, #4236, .T. ) ;
#667 = LINE ( 'NONE', #3560, #4025 ) ;
#668 = CARTESIAN_POINT ( 'NONE',  ( 347.9726082567686900, -199.4972571887582500, 1036.063327931738700 ) ) ;
#669 = CARTESIAN_POINT ( 'NONE',  ( 75.67905266104820300, -131.5000000016013100, 609.1078941352199100 ) ) ;
#670 = ORIENTED_EDGE ( 'NONE', *, *, #31, .F. ) ;
#671 = ORIENTED_EDGE ( 'NONE', *, *, #4503, .F. ) ;
#672 = VECTOR ( 'NONE', #2138, 1000.000000000000000 ) ;
#673 = CARTESIAN_POINT ( 'NONE',  ( 77.32929670136275000, 27.94737419074618900, 790.7786944254792200 ) ) ;
#674 =( LENGTH_UNIT ( ) NAMED_UNIT ( * ) SI_UNIT ( .MILLI., .METRE. ) );
#675 = EDGE_CURVE ( 'NONE', #3218, #683, #3658, .T. ) ;
#676 = EDGE_LOOP ( 'NONE', ( #1681, #2036 ) ) ;
#677 = ORIENTED_EDGE ( 'NONE', *, *, #4359, .F. ) ;
#678 = ORIENTED_EDGE ( 'NONE', *, *, #2627, .F. ) ;
#679 = DIRECTION ( 'NONE',  ( 0.0000000000000000000, 2.498001805406600200E-015, -1.000000000000000000 ) ) ;
#680 =( NAMED_UNIT ( * ) PLANE_ANGLE_UNIT ( ) SI_UNIT ( $, .RADIAN. ) );
#681 = CARTESIAN_POINT ( 'NONE',  ( 75.67905266104816100, -108.5000000000008800, 609.1078941352199100 ) ) ;
#682 = ORIENTED_EDGE ( 'NONE', *, *, #1328, .T. ) ;
#683 = VERTEX_POINT ( 'NONE', #1558 ) ;
#684 = ORIENTED_EDGE ( 'NONE', *, *, #2866, .T. ) ;
#685 = CARTESIAN_POINT ( 'NONE',  ( 178.0671789980412400, 41.66666666666586100, 591.1657689973850400 ) ) ;
#686 = CARTESIAN_POINT ( 'NONE',  ( 299.9999999999923800, -162.5000000000021600, 950.1572233378515200 ) ) ;
#687 = EDGE_CURVE ( 'NONE', #2114, #1754, #634, .T. ) ;
#688 = CARTESIAN_POINT ( 'NONE',  ( 123.1856398322189200, -154.5000000000015900, 593.8254212335029900 ) ) ;
#689 = DIRECTION ( 'NONE',  ( 0.0000000000000000000, -2.489036743286218300E-015, 1.000000000000000000 ) ) ;
#690 = CARTESIAN_POINT ( 'NONE',  ( 345.4359661082571100, -154.5000000000014500, 1071.880455665191000 ) ) ;
#691 = EDGE_CURVE ( 'NONE', #2408, #1499, #4732, .T. ) ;
#692 = CARTESIAN_POINT ( 'NONE',  ( 39.55802175411054100, -43.00000000000088800, 625.9514074693133800 ) ) ;
#693 = VECTOR ( 'NONE', #1913, 1000.000000000000000 ) ;
#694 = CARTESIAN_POINT ( 'NONE',  ( 69.62731066619161900, 30.92435331888279000, 789.7183273638598800 ) ) ;
#695 = CARTESIAN_POINT ( 'NONE',  ( 471.1678290476556900, -139.1666666666675700, 855.6923137564065200 ) ) ;
#696 = AXIS2_PLACEMENT_3D ( 'NONE', #299, #3606, #1207 ) ;
#697 = CIRCLE ( 'NONE', #1104, 289.9999999999997200 ) ;
#698 = DIRECTION ( 'NONE',  ( 0.0000000000000000000, -2.402497283975623500E-015, 1.000000000000000000 ) ) ;
#699 = CARTESIAN_POINT ( 'NONE',  ( 283.6924497719031700, 27.99999999999877800, 853.4819030649908900 ) ) ;
#700 = CARTESIAN_POINT ( 'NONE',  ( 189.7138081316568300, 68.99999999999914700, 592.1450297924393500 ) ) ;
#701 = CARTESIAN_POINT ( 'NONE',  ( 336.6520379758766800, -174.4972571887581700, 977.1373298275858600 ) ) ;
#702 = CARTESIAN_POINT ( 'NONE',  ( -197.7803432427677400, -56.00000000000164800, 722.8701967020315400 ) ) ;
#703 =( NAMED_UNIT ( * ) SI_UNIT ( $, .STERADIAN. ) SOLID_ANGLE_UNIT ( ) );
#705 = EDGE_CURVE ( 'NONE', #2483, #4474, #1679, .T. ) ;
#704 = CARTESIAN_POINT ( 'NONE',  ( 364.3866418287347500, -139.1666666666682200, 1042.166561924344700 ) ) ;
#706 = EDGE_CURVE ( 'NONE', #1540, #3759, #1550, .T. ) ;
#707 = B_SPLINE_CURVE_WITH_KNOTS ( 'NONE', 3,
 ( #2958, #2929, #2879, #2788 ),
 .UNSPECIFIED., .F., .F.,
 ( 4, 4 ),
 ( 1.387778780781445700E-017, 0.002251191104914711100 ),
 .UNSPECIFIED. ) ;
#708 = LINE ( 'NONE', #4649, #3936 ) ;
#709 = CARTESIAN_POINT ( 'NONE',  ( 36.33753233286069000, -103.4347238319853400, 627.4531031908751400 ) ) ;
#710 = CARTESIAN_POINT ( 'NONE',  ( 72.99094321794652300, 29.11904670511584600, 790.0418059801098700 ) ) ;
#711 = EDGE_LOOP ( 'NONE', ( #2187, #2229, #3417, #3544 ) ) ;
#712 = FACE_OUTER_BOUND ( 'NONE', #748, .T. ) ;
#713 = EDGE_CURVE ( 'NONE', #388, #1142, #2613, .T. ) ;
#714 = DIRECTION ( 'NONE',  ( 1.810146235675929900E-015, -1.000000000000000000, -7.240584942703719500E-015 ) ) ;
#715 = CARTESIAN_POINT ( 'NONE',  ( 176.3921312729093000, -139.1666666666674800, 591.0263418615639900 ) ) ;
#716 = DIRECTION ( 'NONE',  ( 0.0000000000000000000, -2.389772395653982800E-015, 1.000000000000000000 ) ) ;
#717 = EDGE_LOOP ( 'NONE', ( #4403, #3168, #5063, #1944 ) ) ;
#718 = FACE_OUTER_BOUND ( 'NONE', #1501, .T. ) ;
#719 = FILL_AREA_STYLE ('',( #895 ) ) ;
#720 = VERTEX_POINT ( 'NONE', #926 ) ;
#721 = DIRECTION ( 'NONE',  ( 0.0000000000000000000, -3.101181633031158700E-015, 1.000000000000000000 ) ) ;
#722 = AXIS2_PLACEMENT_3D ( 'NONE', #1293, #4903, #2521 ) ;
#723 = CARTESIAN_POINT ( 'NONE',  ( 364.3866418287347000, -108.5000000000015500, 1042.166561924344900 ) ) ;
#724 = CONICAL_SURFACE ( 'NONE', #1379, 150.5764855721134600, 0.05235987755983000100 ) ;
#725 = CARTESIAN_POINT ( 'NONE',  ( 31.52582506466330900, -133.6520857479775700, 629.6967341206153600 ) ) ;
#726 = ORIENTED_EDGE ( 'NONE', *, *, #310, .F. ) ;
#727 = CARTESIAN_POINT ( 'NONE',  ( 66.82159598382828800, 32.37017407900301400, 789.5907821544144600 ) ) ;
#728 = CARTESIAN_POINT ( 'NONE',  ( 149.1055233341477900, -154.5000000000017100, 968.5035168089015100 ) ) ;
#729 = LINE ( 'NONE', #1307, #5043 ) ;
#730 = ORIENTED_EDGE ( 'NONE', *, *, #1963, .F. ) ;
#731 = ORIENTED_EDGE ( 'NONE', *, *, #1143, .T. ) ;
#732 = CARTESIAN_POINT ( 'NONE',  ( 190.2696970427621500, 48.49999999999922600, 592.1917696218138200 ) ) ;
#733 = CARTESIAN_POINT ( 'NONE',  ( 171.8948117283322300, -154.5000000000008200, 590.7090339724417200 ) ) ;
#734 = LINE ( 'NONE', #325, #1740 ) ;
#735 = CARTESIAN_POINT ( 'NONE',  ( 293.6060841296355200, -154.5000000000033000, 977.0941372683213300 ) ) ;
#736 = EDGE_CURVE ( 'NONE', #5211, #3536, #2498, .T. ) ;
#737 = EDGE_LOOP ( 'NONE', ( #2369, #1416, #2299, #4138 ) ) ;
#739 = ORIENTED_EDGE ( 'NONE', *, *, #514, .F. ) ;
#738 = CARTESIAN_POINT ( 'NONE',  ( -45.35363362018848200, -43.00000000000153500, 665.5463626410605700 ) ) ;
#740 = EDGE_CURVE ( 'NONE', #3759, #664, #224, .T. ) ;
#741 = DIRECTION ( 'NONE',  ( 0.03487823683251811000, -0.03489949670249860300, -0.9987820251312932200 ) ) ;
#742 = ADVANCED_FACE ( 'NONE', ( #79 ), #3961, .T. ) ;
#743 = LINE ( 'NONE', #2962, #3722 ) ;
#744 = CARTESIAN_POINT ( 'NONE',  ( 168.5822897445115100, -154.4999999999982400, 590.5426493579901700 ) ) ;
#745 = CARTESIAN_POINT ( 'NONE',  ( 364.3866418287348100, -154.5000000000015600, 1042.166561924344700 ) ) ;
#746 = CARTESIAN_POINT ( 'NONE',  ( 81.16554768557149700, -154.5000000000017900, 791.7483555498001800 ) ) ;
#747 = VERTEX_POINT ( 'NONE', #690 ) ;
#748 = EDGE_LOOP ( 'NONE', ( #1738, #1812, #4662, #1687 ) ) ;
#749 = ORIENTED_EDGE ( 'NONE', *, *, #145, .F. ) ;
#750 = CARTESIAN_POINT ( 'NONE',  ( 25.15556896222489100, -43.00000000000090900, 632.6672610542033200 ) ) ;
#751 = DIRECTION ( 'NONE',  ( 0.9964838533888339400, 0.0000000000000000000, 0.08378502214203192900 ) ) ;
#752 = CARTESIAN_POINT ( 'NONE',  ( 222.1277174269952800, -148.4999999998594800, 1039.666242109464700 ) ) ;
#753 = EDGE_CURVE ( 'NONE', #2052, #437, #5052, .T. ) ;
#754 = ORIENTED_EDGE ( 'NONE', *, *, #270, .F. ) ;
#755 = CARTESIAN_POINT ( 'NONE',  ( 133.0007899639356600, -154.4999999999983200, 592.2187407883969900 ) ) ;
#756 = CARTESIAN_POINT ( 'NONE',  ( 165.3256600219381500, -108.5000000000008200, 590.4326838911818000 ) ) ;
#757 = CARTESIAN_POINT ( 'NONE',  ( 351.7027255145645800, -123.8333333333349500, 1062.081252630727900 ) ) ;
#758 = CARTESIAN_POINT ( 'NONE',  ( 313.8274172079531500, -150.5000000000029000, 1118.376068552106300 ) ) ;
#759 = AXIS2_PLACEMENT_3D ( 'NONE', #3389, #3394, #3386 ) ;
#760 = DIRECTION ( 'NONE',  ( -1.737858883903028800E-015, 1.000000000000000000, 2.389772395653982800E-015 ) ) ;
#761 = DIRECTION ( 'NONE',  ( -1.737858883903028800E-015, 1.000000000000000000, 2.389772395653982800E-015 ) ) ;
#762 = CARTESIAN_POINT ( 'NONE',  ( 370.8177908585667000, -108.5000000000012800, 1031.909384592002400 ) ) ;
#763 = VECTOR ( 'NONE', #3187, 1000.000000000000000 ) ;
#764 = EDGE_CURVE ( 'NONE', #4709, #1600, #875, .T. ) ;
#765 = AXIS2_PLACEMENT_3D ( 'NONE', #2557, #5340, #2941 ) ;
#766 = CARTESIAN_POINT ( 'NONE',  ( 20.41467531883456100, -73.21736191599316600, 634.8780867151558600 ) ) ;
#767 = DIRECTION ( 'NONE',  ( 0.4816060800272007900, 0.02617694830787248600, 0.8759967757121714900 ) ) ;
#768 = ADVANCED_FACE ( 'NONE', ( #2910 ), #622, .T. ) ;
#769 = CARTESIAN_POINT ( 'NONE',  ( 289.9999999999924400, -195.4999999998595100, 1080.500000000002500 ) ) ;
#770 = CARTESIAN_POINT ( 'NONE',  ( 160.5498158199088700, -123.8333333333341500, 590.3674850747161100 ) ) ;
#771 = EDGE_CURVE ( 'NONE', #75, #2430, #4922, .T. ) ;
#772 = CARTESIAN_POINT ( 'NONE',  ( 39.55802175422118700, -133.1114172444722200, 625.9514074692605200 ) ) ;
#773 = VECTOR ( 'NONE', #3989, 1000.000000000000100 ) ;
#774 = CARTESIAN_POINT ( 'NONE',  ( -132.3785036730710100, -43.00000000000211000, 840.3739788789348500 ) ) ;
#775 = CARTESIAN_POINT ( 'NONE',  ( 373.3146486480022800, -123.8333333333346800, 1027.859734226380600 ) ) ;
#776 = FACE_OUTER_BOUND ( 'NONE', #3539, .T. ) ;
#778 = EDGE_CURVE ( 'NONE', #4789, #1545, #4557, .T. ) ;
#777 = CARTESIAN_POINT ( 'NONE',  ( 80.24604469842624600, -154.0273243224571600, 607.0447727163430000 ) ) ;
#779 = EDGE_CURVE ( 'NONE', #3759, #4709, #253, .T. ) ;
#780 = ORIENTED_EDGE ( 'NONE', *, *, #1844, .T. ) ;
#781 = VERTEX_POINT ( 'NONE', #161 ) ;
#782 = CARTESIAN_POINT ( 'NONE',  ( -0.4687384760811141900, -103.4347238319854700, 644.6162540343465300 ) ) ;
#783 = CARTESIAN_POINT ( 'NONE',  ( -196.7954942127375100, -43.00000000000163400, 722.3575167471805100 ) ) ;
#784 = CARTESIAN_POINT ( 'NONE',  ( 244.9436082348880200, -199.4972571887584300, 972.3206102766705500 ) ) ;
#785 = CARTESIAN_POINT ( 'NONE',  ( 106.2751262208142700, -108.5000000000009100, 597.7753237106013600 ) ) ;
#786 = EDGE_LOOP ( 'NONE', ( #4382, #2860, #1806, #4737, #2610 ) ) ;
#787 = VECTOR ( 'NONE', #3546, 1000.000000000000000 ) ;
#788 = EDGE_CURVE ( 'NONE', #1225, #2309, #734, .T. ) ;
#789 = ORIENTED_EDGE ( 'NONE', *, *, #1829, .T. ) ;
#790 = CARTESIAN_POINT ( 'NONE',  ( 155.9102313205289600, -139.1666666666675100, 590.4134606742850300 ) ) ;
#791 = VERTEX_POINT ( 'NONE', #108 ) ;
#792 = ORIENTED_EDGE ( 'NONE', *, *, #2410, .T. ) ;
#793 = CARTESIAN_POINT ( 'NONE',  ( -194.6043943229443000, -51.66666666666830600, 722.3814827039286700 ) ) ;
#794 = DIRECTION ( 'NONE',  ( -0.5243971889479208700, 0.0000000000000000000, -0.8514737742429409100 ) ) ;
#795 = ADVANCED_FACE ( 'NONE', ( #600 ), #537, .T. ) ;
#796 =( NAMED_UNIT ( * ) PLANE_ANGLE_UNIT ( ) SI_UNIT ( $, .RADIAN. ) );
#797 = CARTESIAN_POINT ( 'NONE',  ( 377.4858213356725400, -139.1666666666680800, 1021.036021730503400 ) ) ;
#798 = EDGE_CURVE ( 'NONE', #1344, #2598, #4796, .T. ) ;
#799 = CARTESIAN_POINT ( 'NONE',  ( 290.0053966939813700, -203.4999999998595400, 1097.832348653998500 ) ) ;
#800 = EDGE_LOOP ( 'NONE', ( #278, #5064, #4861, #4973 ) ) ;
#801 = ORIENTED_EDGE ( 'NONE', *, *, #2582, .F. ) ;
#802 = CONICAL_SURFACE ( 'NONE', #1129, 318.6761969355990200, 0.03490658503988460600 ) ;
#803 = AXIS2_PLACEMENT_3D ( 'NONE', #3035, #575, #3441 ) ;
#804 = CARTESIAN_POINT ( 'NONE',  ( 123.6802158411974200, -108.5000000000009000, 593.7324444482419500 ) ) ;
#805 = CARTESIAN_POINT ( 'NONE',  ( -18.24549821674896000, -133.6520857479777100, 652.9055677758833600 ) ) ;
#806 = CARTESIAN_POINT ( 'NONE',  ( 299.9999999999923800, -136.0000000000017900, 800.0000000000026100 ) ) ;
#807 = VERTEX_POINT ( 'NONE', #37 ) ;
#808 = ORIENTED_EDGE ( 'NONE', *, *, #4329, .T. ) ;
#809 = EDGE_CURVE ( 'NONE', #4709, #1344, #2778, .T. ) ;
#810 = CIRCLE ( 'NONE', #947, 275.6508828008754800 ) ;
#811 = CARTESIAN_POINT ( 'NONE',  ( 104.8659038957063100, -108.5000000000009100, 598.1754713193471400 ) ) ;
#812 = B_SPLINE_CURVE_WITH_KNOTS ( 'NONE', 3,
 ( #2690, #5082, #3482, #1070 ),
 .UNSPECIFIED., .F., .F.,
 ( 4, 4 ),
 ( 0.0000000000000000000, 1.000000000000000000 ),
 .UNSPECIFIED. ) ;
#813 = ORIENTED_EDGE ( 'NONE', *, *, #230, .F. ) ;
#814 = SURFACE_SIDE_STYLE ('',( #3419 ) ) ;
#815 = CARTESIAN_POINT ( 'NONE',  ( 151.4122398236406200, -154.5000000000008500, 590.5608829665573000 ) ) ;
#816 = ORIENTED_EDGE ( 'NONE', *, *, #630, .T. ) ;
#817 = ORIENTED_EDGE ( 'NONE', *, *, #5194, .F. ) ;
#818 = ORIENTED_EDGE ( 'NONE', *, *, #183, .T. ) ;
#819 = CARTESIAN_POINT ( 'NONE',  ( 151.2723964470629600, -139.1666666666684500, 979.6042461272102200 ) ) ;
#820 = EDGE_CURVE ( 'NONE', #2688, #5102, #3842, .T. ) ;
#821 = CARTESIAN_POINT ( 'NONE',  ( -197.7803432427677400, -43.00000000000163400, 722.8701967020315400 ) ) ;
#822 = EDGE_CURVE ( 'NONE', #2116, #1663, #3715, .T. ) ;
#823 = EDGE_LOOP ( 'NONE', ( #286, #4371, #898, #2223 ) ) ;
#824 = CARTESIAN_POINT ( 'NONE',  ( 74.05489663624256000, 29.88139921555062300, 790.2339060609962200 ) ) ;
#825 = EDGE_LOOP ( 'NONE', ( #2506, #4962, #1559 ) ) ;
#826 = ORIENTED_EDGE ( 'NONE', *, *, #3873, .T. ) ;
#827 =( LENGTH_UNIT ( ) NAMED_UNIT ( * ) SI_UNIT ( .MILLI., .METRE. ) );
#828 = CARTESIAN_POINT ( 'NONE',  ( 384.1628292870058800, -154.5000000000014800, 1009.950461851437900 ) ) ;
#829 = CARTESIAN_POINT ( 'NONE',  ( 83.78082188306356700, 27.50092524038373700, 792.5559913742341700 ) ) ;
#830 = CARTESIAN_POINT ( 'NONE',  ( -30.88818122052583700, -43.00000000000108000, 658.8009381622030100 ) ) ;
#831 = CARTESIAN_POINT ( 'NONE',  ( -194.6043943229443000, -43.00000000000162000, 722.3814827039286700 ) ) ;
#832 = EDGE_CURVE ( 'NONE', #5091, #1197, #2792, .T. ) ;
#833 = ADVANCED_FACE ( 'NONE', ( #4666 ), #3859, .T. ) ;
#834 = LINE ( 'NONE', #4705, #906 ) ;
#835 = CYLINDRICAL_SURFACE ( 'NONE', #3684, 400.0000000000001100 ) ;
#836 = SURFACE_STYLE_USAGE ( .BOTH. , #814 ) ;
#837 = CARTESIAN_POINT ( 'NONE',  ( 139.5725109881391300, -108.5000000000008500, 591.4265559115558500 ) ) ;
#838 = CARTESIAN_POINT ( 'NONE',  ( 152.2209139441086400, -154.5000000000018200, 984.3471492108948300 ) ) ;
#839 = AXIS2_PLACEMENT_3D ( 'NONE', #1902, #2286, #4248 ) ;
#840 = CARTESIAN_POINT ( 'NONE',  ( 76.02657220370292600, 28.95836384077610100, 790.5489635873532300 ) ) ;
#841 = CARTESIAN_POINT ( 'NONE',  ( 152.0620456741674800, -154.4999999999992300, 983.5572384555731600 ) ) ;
#842 = CARTESIAN_POINT ( 'NONE',  ( 65.13452671515594300, -146.2591634923163900, 789.5670927086667900 ) ) ;
#843 = CARTESIAN_POINT ( 'NONE',  ( 317.4948969669833300, 27.99999999999914400, 721.9363812002421800 ) ) ;
#844 = CARTESIAN_POINT ( 'NONE',  ( 84.94126804556412900, 27.63716738901285900, 792.8991358907425100 ) ) ;
#845 = AXIS2_PLACEMENT_3D ( 'NONE', #976, #1407, #4185 ) ;
#846 = CARTESIAN_POINT ( 'NONE',  ( -38.15478564044610700, -73.21736191599332200, 662.1894111520395000 ) ) ;
#847 = DIRECTION ( 'NONE',  ( 0.0000000000000000000, -3.101181633031158700E-015, 1.000000000000000000 ) ) ;
#848 = CIRCLE ( 'NONE', #1311, 178.7460384745874100 ) ;
#850 = EDGE_CURVE ( 'NONE', #1595, #4776, #4520, .T. ) ;
#849 = CARTESIAN_POINT ( 'NONE',  ( 129.8247752253181800, -123.8333333333342100, 592.6819191157405800 ) ) ;
#851 = EDGE_CURVE ( 'NONE', #1344, #2116, #1870, .T. ) ;
#852 = CARTESIAN_POINT ( 'NONE',  ( 154.1385372764644000, -108.5000000000017900, 993.7324924846865300 ) ) ;
#853 = ORIENTED_EDGE ( 'NONE', *, *, #429, .T. ) ;
#854 = CARTESIAN_POINT ( 'NONE',  ( 49.60538400674163700, -138.2763203266159700, 791.6115431319290100 ) ) ;
#855 = ADVANCED_FACE ( 'NONE', ( #3471 ), #2200, .F. ) ;
#856 = ORIENTED_EDGE ( 'NONE', *, *, #706, .F. ) ;
#857 = CARTESIAN_POINT ( 'NONE',  ( -173.3165224756176000, -60.33333333333494900, 725.2164376801531500 ) ) ;
#858 = CARTESIAN_POINT ( 'NONE',  ( 75.67905481353594200, -79.44390510206569900, 609.1078931315207700 ) ) ;
#859 = EDGE_CURVE ( 'NONE', #2116, #1883, #2426, .T. ) ;
#860 = LINE ( 'NONE', #518, #3017 ) ;
#861 = CARTESIAN_POINT ( 'NONE',  ( 86.11965518258932700, 28.83026305187945600, 793.1930767238710600 ) ) ;
#862 = CARTESIAN_POINT ( 'NONE',  ( -44.55696343338928500, -103.4347238319855600, 665.1748658133002400 ) ) ;
#863 = ORIENTED_EDGE ( 'NONE', *, *, #5256, .F. ) ;
#864 = CARTESIAN_POINT ( 'NONE',  ( 223.2075697415067500, 41.66666666666592500, 597.4068646882865300 ) ) ;
#865 = FACE_OUTER_BOUND ( 'NONE', #3024, .T. ) ;
#866 = ORIENTED_EDGE ( 'NONE', *, *, #2274, .T. ) ;
#867 = AXIS2_PLACEMENT_3D ( 'NONE', #5002, #4993, #4936 ) ;
#868 = CARTESIAN_POINT ( 'NONE',  ( 228.8627196564008300, 27.99999999999886300, 836.5990074362342700 ) ) ;
#869 = CARTESIAN_POINT ( 'NONE',  ( 123.6802158411974800, -139.1666666666675700, 593.7324444482419500 ) ) ;
#870 = FACE_OUTER_BOUND ( 'NONE', #5228, .T. ) ;
#871 = CARTESIAN_POINT ( 'NONE',  ( 156.6705055945672300, -123.8333333333351600, 1005.540602786226400 ) ) ;
#872 = ORIENTED_EDGE ( 'NONE', *, *, #4423, .F. ) ;
#873 = DIRECTION ( 'NONE',  ( -0.03489949666293111500, -1.926771261082500300E-015, 0.9993908270204774300 ) ) ;
#874 = DIRECTION ( 'NONE',  ( 0.0000000000000000000, -2.312964634635740700E-015, 1.000000000000000000 ) ) ;
#875 = LINE ( 'NONE', #669, #1872 ) ;
#876 = CARTESIAN_POINT ( 'NONE',  ( -176.3010186140994100, -69.00000000000163400, 725.6088616786944400 ) ) ;
#877 = EDGE_CURVE ( 'NONE', #4341, #5306, #2552, .T. ) ;
#878 = AXIS2_PLACEMENT_3D ( 'NONE', #902, #3713, #1322 ) ;
#879 = CARTESIAN_POINT ( 'NONE',  ( 73.58456273803014400, -79.44390510206569900, 610.0845779207550100 ) ) ;
#880 = ORIENTED_EDGE ( 'NONE', *, *, #2389, .T. ) ;
#881 = VERTEX_POINT ( 'NONE', #4205 ) ;
#882 =( GEOMETRIC_REPRESENTATION_CONTEXT ( 3 ) GLOBAL_UNCERTAINTY_ASSIGNED_CONTEXT ( ( #3346 ) ) GLOBAL_UNIT_ASSIGNED_CONTEXT ( ( #2747, #221, #3136 ) ) REPRESENTATION_CONTEXT ( 'NONE', 'WORKASPACE' ) );
#883 = CARTESIAN_POINT ( 'NONE',  ( 78.84827923219214100, 30.46678727244631100, 790.9158914023603300 ) ) ;
#884 = VECTOR ( 'NONE', #3206, 1000.000000000000000 ) ;
#885 = DIRECTION ( 'NONE',  ( -0.9063077870199147700, -0.0000000000000000000, 0.4226182617765882900 ) ) ;
#886 = CYLINDRICAL_SURFACE ( 'NONE', #245, 62.09631117132163800 ) ;
#887 = CARTESIAN_POINT ( 'NONE',  ( 208.5433125998625900, 55.33333333333257500, 593.7282265713125800 ) ) ;
#888 = UNCERTAINTY_MEASURE_WITH_UNIT (LENGTH_MEASURE( 1.000000000000000100E-005 ), #827, 'distance_accuracy_value', 'NONE');
#889 = CLOSED_SHELL ( 'NONE', ( #1830, #916, #2092, #5355, #4578, #2605, #3387, #3979, #3714, #742, #4111, #4780, #1393, #1334, #4083, #3642, #3740, #3195, #4475, #2073, #5202, #3794, #3360, #1310, #4058, #4157, #434, #5278, #2936, #2402, #2193, #2787, #2988, #2862, #314, #3764, #5326, #2884, #4030, #2020, #4862, #4913, #248, #4548, #2533, #1584, #1801, #1751, #2514, #1615, #59, #4958, #4495, #373, #5227, #3280, #795, #406, #974, #4814, #3412, #1368, #3562, #3225, #4893, #4129, #534, #1668, #2814, #833, #2960, #30, #3615, #3669, #1770, #1993, #4941, #4992, #2579, #1170, #4183, #3688, #340, #3588, #4442, #892, #4000, #944, #1194, #3175, #1285, #5176, #276, #2487, #3328, #1718, #768, #2215, #2160, #1233, #2830, #3307, #1639, #5259, #3253, #1254, #4834, #2459, #2137, #1696, #855, #2117, #2041, #2432, #2909, #5305, #4418, #4386, #4519, #4360, #2559, #467, #492 ) ) ;
#890 = ORIENTED_EDGE ( 'NONE', *, *, #5016, .F. ) ;
#891 = ORIENTED_EDGE ( 'NONE', *, *, #1304, .T. ) ;
#892 = ADVANCED_FACE ( 'NONE', ( #146 ), #5356, .F. ) ;
#893 = ORIENTED_EDGE ( 'NONE', *, *, #1230, .T. ) ;
#894 = EDGE_CURVE ( 'NONE', #4959, #159, #1212, .T. ) ;
#895 = FILL_AREA_STYLE_COLOUR ( '', #1286 ) ;
#896 = CARTESIAN_POINT ( 'NONE',  ( 49.60538400670968400, -108.5000000000017100, 791.6115431319377600 ) ) ;
#897 = CARTESIAN_POINT ( 'NONE',  ( 205.0047171529556600, -174.4972571887582800, 953.8238007789070700 ) ) ;
#898 = ORIENTED_EDGE ( 'NONE', *, *, #771, .F. ) ;
#899 = EDGE_CURVE ( 'NONE', #1158, #3075, #2297, .T. ) ;
#900 = CARTESIAN_POINT ( 'NONE',  ( 122.1979108148233000, -139.1666666688013800, 594.0111072900010600 ) ) ;
#901 = EDGE_CURVE ( 'NONE', #4939, #4408, #3350, .T. ) ;
#902 = CARTESIAN_POINT ( 'NONE',  ( 65.38420712958731000, 68.99999999999795400, 851.6704520656638800 ) ) ;
#903 = CARTESIAN_POINT ( 'NONE',  ( 292.7751730592843300, -199.4972571887581400, 981.4401203267810800 ) ) ;
#904 = CARTESIAN_POINT ( 'NONE',  ( 67.28754374221290400, -115.8878102041305700, 613.0210264859804300 ) ) ;
#905 = CARTESIAN_POINT ( 'NONE',  ( 161.5243879421003600, 68.99999999999909100, 590.3364631046705400 ) ) ;
#906 = VECTOR ( 'NONE', #4750, 1000.000000000000000 ) ;
#907 = CARTESIAN_POINT ( 'NONE',  ( 174.4646997390704000, -199.4972571887583400, 1004.913498074536400 ) ) ;
#908 = CIRCLE ( 'NONE', #4054, 30.00000000000002800 ) ;
#909 = EDGE_CURVE ( 'NONE', #438, #3174, #1346, .T. ) ;
#910 = FACE_OUTER_BOUND ( 'NONE', #1797, .T. ) ;
#911 = DIRECTION ( 'NONE',  ( 1.737858883903028600E-015, -1.000000000000000000, -2.389772395653982800E-015 ) ) ;
#912 =( LENGTH_UNIT ( ) NAMED_UNIT ( * ) SI_UNIT ( .MILLI., .METRE. ) );
#913 = PRESENTATION_LAYER_ASSIGNMENT (  '', '', ( #293 ) ) ;
#914 = CARTESIAN_POINT ( 'NONE',  ( 117.7820250465906600, -154.5000000032015900, 594.9181678281604500 ) ) ;
#915 = CARTESIAN_POINT ( 'NONE',  ( 80.70807945895995800, 28.27109498202858600, 791.6187073409631700 ) ) ;
#916 = ADVANCED_FACE ( 'NONE', ( #1082 ), #4145, .F. ) ;
#917 = CARTESIAN_POINT ( 'NONE',  ( 265.1020683574554900, -151.8332898826711000, 1073.432890777922500 ) ) ;
#918 = FACE_OUTER_BOUND ( 'NONE', #3953, .T. ) ;
#919 = CARTESIAN_POINT ( 'NONE',  ( 60.95577982806250400, -152.3317153061953800, 615.9736531689047800 ) ) ;
#920 = CARTESIAN_POINT ( 'NONE',  ( 155.9102313205289100, -108.5000000000008800, 590.4134606742851500 ) ) ;
#921 = CARTESIAN_POINT ( 'NONE',  ( 80.71996166608899200, 27.99999999999893400, 791.6116228343474900 ) ) ;
#922 = LINE ( 'NONE', #1599, #1915 ) ;
#923 = ORIENTED_EDGE ( 'NONE', *, *, #5348, .T. ) ;
#924 = EDGE_LOOP ( 'NONE', ( #4327, #2351, #5155, #1409 ) ) ;
#925 = COLOUR_RGB ( '',0.2901960784313725200, 0.3294117647058823500, 0.3490196078431372400 ) ;
#926 = CARTESIAN_POINT ( 'NONE',  ( 39.55802175423760000, -43.00000000000149900, 625.9514074692540400 ) ) ;
#928 = EDGE_CURVE ( 'NONE', #5091, #5211, #5232, .T. ) ;
#927 = CARTESIAN_POINT ( 'NONE',  ( 289.6982612968766400, -174.4972571887583400, 1050.793250976452100 ) ) ;
#929 = LINE ( 'NONE', #4113, #412 ) ;
#930 = ORIENTED_EDGE ( 'NONE', *, *, #483, .T. ) ;
#931 = CARTESIAN_POINT ( 'NONE',  ( 111.9779450274367900, -108.5000000000008200, 596.2688266654953400 ) ) ;
#932 = LINE ( 'NONE', #668, #4015 ) ;
#933 = CARTESIAN_POINT ( 'NONE',  ( 81.53963173204601800, 28.01665094321339200, 791.8400619250436400 ) ) ;
#934 = DIRECTION ( 'NONE',  ( 0.9848077530190860700, 1.120035444168233500E-015, 0.1736481776279237600 ) ) ;
#935 = CARTESIAN_POINT ( 'NONE',  ( 52.45332810537146900, -43.00000000000095200, 619.9383774236697500 ) ) ;
#936 = ORIENTED_EDGE ( 'NONE', *, *, #239, .T. ) ;
#937 = EDGE_LOOP ( 'NONE', ( #1223, #2623 ) ) ;
#938 = EDGE_CURVE ( 'NONE', #1283, #4212, #296, .T. ) ;
#939 = CARTESIAN_POINT ( 'NONE',  ( 176.3921312729092400, -108.5000000000008500, 591.0263418615641100 ) ) ;
#940 = DIRECTION ( 'NONE',  ( -1.737858883903028800E-015, 1.000000000000000000, 2.389772395653982800E-015 ) ) ;
#941 = CARTESIAN_POINT ( 'NONE',  ( 159.2312392569331200, -108.5000000000018300, 1017.138617408112500 ) ) ;
#942 = DIRECTION ( 'NONE',  ( -1.523194374362277200E-015, 1.000000000000000000, 2.030925832483036300E-015 ) ) ;
#943 = ORIENTED_EDGE ( 'NONE', *, *, #2285, .T. ) ;
#944 = ADVANCED_FACE ( 'NONE', ( #3096 ), #802, .T. ) ;
#945 = VECTOR ( 'NONE', #1555, 1000.000000000000000 ) ;
#946 = B_SPLINE_CURVE_WITH_KNOTS ( 'NONE', 3,
 ( #2734, #200, #4746, #2356, #5144, #2749, #225, #3139, #700, #3545 ),
 .UNSPECIFIED., .F., .F.,
 ( 4, 1, 1, 1, 1, 1, 1, 4 ),
 ( 2.093477055390766200E-015, 0.003341617742948542800, 0.005551089172335115300, 0.006681989156738981300, 0.008351484551679829600, 0.01002049427729490400, 0.01168897823509869500, 0.01335690919021414000 ),
 .UNSPECIFIED. ) ;
#947 = AXIS2_PLACEMENT_3D ( 'NONE', #2006, #2017, #2029 ) ;
#948 = CARTESIAN_POINT ( 'NONE',  ( 152.8955387011178600, -154.4999999999982700, 590.5010746165075900 ) ) ;
#949 = CARTESIAN_POINT ( 'NONE',  ( 71.39265010901203800, 30.71479285978737300, 789.8933371367622800 ) ) ;
#950 = ORIENTED_EDGE ( 'NONE', *, *, #196, .T. ) ;
#951 = ORIENTED_EDGE ( 'NONE', *, *, #280, .T. ) ;
#952 = CARTESIAN_POINT ( 'NONE',  ( -23.68094758279389100, -43.00000000000174800, 655.4402231734262600 ) ) ;
#953 = CIRCLE ( 'NONE', #5103, 60.00000000000005700 ) ;
#954 = B_SPLINE_CURVE_WITH_KNOTS ( 'NONE', 3,
 ( #651, #2707, #1102, #3898 ),
 .UNSPECIFIED., .F., .F.,
 ( 4, 4 ),
 ( 0.0000000000000000000, 0.002002664394415573900 ),
 .UNSPECIFIED. ) ;
#955 = CARTESIAN_POINT ( 'NONE',  ( 107.6910269350359800, -123.8333333344010800, 597.3844748959542100 ) ) ;
#956 = ORIENTED_EDGE ( 'NONE', *, *, #3100, .F. ) ;
#957 = ORIENTED_EDGE ( 'NONE', *, *, #2192, .T. ) ;
#958 = CARTESIAN_POINT ( 'NONE',  ( 82.63850932734436600, 27.76109127355192600, 792.1613948434019200 ) ) ;
#959 = ORIENTED_EDGE ( 'NONE', *, *, #1888, .F. ) ;
#960 = ORIENTED_EDGE ( 'NONE', *, *, #4171, .T. ) ;
#961 = DIRECTION ( 'NONE',  ( -0.0000000000000000000, -1.000000000000000000, -0.0000000000000000000 ) ) ;
#962 = DIRECTION ( 'NONE',  ( -1.000000000000000000, -1.741929637828458000E-015, 0.0000000000000000000 ) ) ;
#963 = CARTESIAN_POINT ( 'NONE',  ( 46.02702760621852500, -79.44390510206579800, 622.9349162068316400 ) ) ;
#964 = ORIENTED_EDGE ( 'NONE', *, *, #1375, .T. ) ;
#965 = CARTESIAN_POINT ( 'NONE',  ( 67.61848433624936700, 31.78746238654006000, 789.6314796337273900 ) ) ;
#966 = VERTEX_POINT ( 'NONE', #4676 ) ;
#967 = DIRECTION ( 'NONE',  ( 0.0000000000000000000, 2.498001805406600200E-015, -1.000000000000000000 ) ) ;
#968 = DIRECTION ( 'NONE',  ( -0.03489949666292813800, -2.486575510370190200E-015, 0.9993908270204775500 ) ) ;
#969 = CARTESIAN_POINT ( 'NONE',  ( 69.78096187881409700, 31.27202563748547000, 789.7462515311541400 ) ) ;
#970 = CARTESIAN_POINT ( 'NONE',  ( 229.0726243959121900, 30.99999999997817600, 836.6630109938964800 ) ) ;
#971 = FACE_OUTER_BOUND ( 'NONE', #5069, .T. ) ;
#972 = CARTESIAN_POINT ( 'NONE',  ( 103.4634430874655200, -139.1666666688013800, 598.5848067738516000 ) ) ;
#973 = DIRECTION ( 'NONE',  ( -1.290301261655854000E-015, 1.000000000000000000, 3.778739409134997900E-015 ) ) ;
#974 = ADVANCED_FACE ( 'NONE', ( #1935 ), #3900, .T. ) ;
#975 = CARTESIAN_POINT ( 'NONE',  ( 123.6802158413675100, -154.5000000000011400, 593.7324444482102300 ) ) ;
#976 = CARTESIAN_POINT ( 'NONE',  ( -200.0000000000076200, -150.5000000000019900, 800.0000000198009500 ) ) ;
#977 = CARTESIAN_POINT ( 'NONE',  ( 40.27871027075121900, -115.8878102041306200, 625.6153465451986900 ) ) ;
#978 = CARTESIAN_POINT ( 'NONE',  ( 75.38237115295686400, 29.90763626708383100, 790.4117737470444400 ) ) ;
#979 = CARTESIAN_POINT ( 'NONE',  ( 176.9597067419734900, -108.5000000000008200, 591.0726568250838700 ) ) ;
#980 = CARTESIAN_POINT ( 'NONE',  ( 315.9733882325558100, -154.5000000000026100, 1052.921060502286300 ) ) ;
#981 = EDGE_CURVE ( 'NONE', #2114, #2276, #812, .T. ) ;
#982 = SURFACE_STYLE_FILL_AREA ( #1378 ) ;
#983 = B_SPLINE_CURVE_WITH_KNOTS ( 'NONE', 3,
 ( #3674, #1282, #4071, #1702 ),
 .UNSPECIFIED., .F., .F.,
 ( 4, 4 ),
 ( 0.0000000000000000000, 1.000000000000000000 ),
 .UNSPECIFIED. ) ;
#984 = CARTESIAN_POINT ( 'NONE',  ( 49.31249915871917700, -108.5000000000011200, 621.4029256449720200 ) ) ;
#985 = CARTESIAN_POINT ( 'NONE',  ( 195.7771291002732100, -199.4972571887584000, 1029.259470825881200 ) ) ;
#986 = CARTESIAN_POINT ( 'NONE',  ( -206.6622042471144600, -60.33333333333503400, 739.4736266791276200 ) ) ;
#987 = CARTESIAN_POINT ( 'NONE',  ( 75.67909591976481900, 27.99999999999861100, 609.1078739633426300 ) ) ;
#988 = FACE_OUTER_BOUND ( 'NONE', #458, .T. ) ;
#989 = CARTESIAN_POINT ( 'NONE',  ( 98.84841597857015900, -154.5000000032016500, 600.0085945548991000 ) ) ;
#990 = DIRECTION ( 'NONE',  ( -1.737858883903028800E-015, 1.000000000000000000, 2.389772395653982800E-015 ) ) ;
#991 = AXIS2_PLACEMENT_3D ( 'NONE', #1248, #4039, #1666 ) ;
#992 = PLANE ( 'NONE',  #1836 ) ;
#993 = CARTESIAN_POINT ( 'NONE',  ( 176.9597527035187500, 27.99999999999917600, 591.0726606892369500 ) ) ;
#994 = CARTESIAN_POINT ( 'NONE',  ( 479.8885385424387100, -108.5000000000003100, 590.3231384668929400 ) ) ;
#995 = VECTOR ( 'NONE', #4783, 1000.000000000000200 ) ;
#996 = ORIENTED_EDGE ( 'NONE', *, *, #74, .F. ) ;
#998 = VERTEX_POINT ( 'NONE', #1505 ) ;
#997 = CARTESIAN_POINT ( 'NONE',  ( -223.8779317903850800, -43.00000000000194700, 748.7936100531760500 ) ) ;
#999 = EDGE_LOOP ( 'NONE', ( #1494, #610, #1206, #4870 ) ) ;
#1000 = CARTESIAN_POINT ( 'NONE',  ( -200.0000000000079600, 34.99999999999819500, 800.0000000198016300 ) ) ;
#1001 = EDGE_CURVE ( 'NONE', #5244, #603, #2968, .T. ) ;
#1002 = CARTESIAN_POINT ( 'NONE',  ( -206.6622042471145700, -43.00000000000169100, 739.4736266791276200 ) ) ;
#1003 = LINE ( 'NONE', #4135, #1986 ) ;
#1004 = CARTESIAN_POINT ( 'NONE',  ( 81.70187799467105100, 27.99999999999894100, 791.8891276780972200 ) ) ;
#1005 = EDGE_LOOP ( 'NONE', ( #1433, #4771, #2241, #808 ) ) ;
#1006 = CARTESIAN_POINT ( 'NONE',  ( 88.56487657643822300, -108.5000000000008500, 603.6326207290892400 ) ) ;
#1007 = CARTESIAN_POINT ( 'NONE',  ( 316.0024934326602900, -136.0000000000025900, 1056.090034801033400 ) ) ;
#1008 = FACE_OUTER_BOUND ( 'NONE', #786, .T. ) ;
#1009 = DIRECTION ( 'NONE',  ( 0.03395329333744787100, 0.9990487776442206200, 0.02736263436019238300 ) ) ;
#1010 = CARTESIAN_POINT ( 'NONE',  ( 299.9999999999906800, 839.0046633176074200, 800.0000000000048900 ) ) ;
#1011 = CARTESIAN_POINT ( 'NONE',  ( 161.5243879421004500, 27.99999999999914700, 590.3364631046704300 ) ) ;
#1012 = CARTESIAN_POINT ( 'NONE',  ( -207.1647672749907400, -69.00000000000176200, 740.5513765705119300 ) ) ;
#1013 = ORIENTED_EDGE ( 'NONE', *, *, #2422, .F. ) ;
#1014 = ORIENTED_EDGE ( 'NONE', *, *, #553, .T. ) ;
#1015 = EDGE_CURVE ( 'NONE', #1142, #807, #4980, .T. ) ;
#1016 = B_SPLINE_CURVE_WITH_KNOTS ( 'NONE', 3,
 ( #4306, #1541, #212, #3132, #694, #3535, #1133, #3929, #1564, #4324, #1972, #4753, #2367, #5152, #2758, #238, #3151, #710, #3551, #1151, #3944 ),
 .UNSPECIFIED., .F., .F.,
 ( 4, 2, 2, 2, 2, 2, 1, 1, 1, 2, 2, 4 ),
 ( 0.0000000000000000000, 0.2499999999999279500, 0.3749999999998943600, 0.4374999999998789900, 0.4999999999998636600, 0.6249999999998305800, 0.6874999999998140400, 0.7187499999998058200, 0.7343749999998038200, 0.7421874999998063800, 0.7499999999998090400, 1.000000000000000000 ),
 .UNSPECIFIED. ) ;
#1017 = DIRECTION ( 'NONE',  ( -0.5224985646821831400, 0.0000000000000000000, 0.8526401643747839600 ) ) ;
#1018 = DIRECTION ( 'NONE',  ( 0.0000000000000000000, 2.389772395653982800E-015, -1.000000000000000000 ) ) ;
#1019 = ORIENTED_EDGE ( 'NONE', *, *, #109, .T. ) ;
#1020 = ORIENTED_EDGE ( 'NONE', *, *, #4927, .F. ) ;
#1021 = CARTESIAN_POINT ( 'NONE',  ( 69.57547871721365600, 30.30362716405792900, 789.6700949559863100 ) ) ;
#1022 = CARTESIAN_POINT ( 'NONE',  ( -209.0816726285626700, -69.00000000000173400, 741.8940010932589100 ) ) ;
#1023 = EDGE_LOOP ( 'NONE', ( #496, #4079, #2508, #3348, #608, #1085 ) ) ;
#1024 = CARTESIAN_POINT ( 'NONE',  ( 75.67905291978824800, -108.5000000000009200, 609.1078940158313300 ) ) ;
#1025 = EDGE_LOOP ( 'NONE', ( #91, #2249, #893, #5065 ) ) ;
#1026 = ORIENTED_EDGE ( 'NONE', *, *, #4209, .T. ) ;
#1027 = ORIENTED_EDGE ( 'NONE', *, *, #1035, .T. ) ;
#1028 = CARTESIAN_POINT ( 'NONE',  ( 235.3035037589711200, -108.5000000000005800, 596.0138157273036100 ) ) ;
#1029 = DIRECTION ( 'NONE',  ( -1.737858883903028800E-015, 1.000000000000000000, 2.389772395653982800E-015 ) ) ;
#1030 = CARTESIAN_POINT ( 'NONE',  ( 299.9999999999923800, -154.5000000000013400, 950.5764855721159800 ) ) ;
#1031 = VERTEX_POINT ( 'NONE', #4269 ) ;
#1032 = CARTESIAN_POINT ( 'NONE',  ( 145.9777449750427800, 41.66666666666580500, 590.8371044474463400 ) ) ;
#1033 = CARTESIAN_POINT ( 'NONE',  ( 266.8015473233796800, -200.4999999998595100, 1070.419242932541900 ) ) ;
#1034 = FACE_OUTER_BOUND ( 'NONE', #3169, .T. ) ;
#1035 = EDGE_CURVE ( 'NONE', #4664, #2598, #4393, .T. ) ;
#1036 = DIRECTION ( 'NONE',  ( -1.737858883903028800E-015, 1.000000000000000000, 2.389772395653982800E-015 ) ) ;
#1037 = CARTESIAN_POINT ( 'NONE',  ( -200.0023237766677100, -60.33333333333499100, 725.1914669190118700 ) ) ;
#1038 = CARTESIAN_POINT ( 'NONE',  ( 205.2080681809719400, -154.5000000000023600, 954.4941592795148600 ) ) ;
#1039 = CARTESIAN_POINT ( 'NONE',  ( 299.9999999999924400, -198.4999999998598500, 800.0000000000022700 ) ) ;
#1040 = EDGE_CURVE ( 'NONE', #3204, #2235, #2170, .T. ) ;
#1041 = ORIENTED_EDGE ( 'NONE', *, *, #2211, .F. ) ;
#1042 = CARTESIAN_POINT ( 'NONE',  ( 73.42935089025755200, 28.47251515167190000, 790.0779730468586900 ) ) ;
#1043 = CARTESIAN_POINT ( 'NONE',  ( 65.13452671515588600, -108.5000000000015900, 849.5670927086669100 ) ) ;
#1044 = LINE ( 'NONE', #1103, #3313 ) ;
#1045 = CARTESIAN_POINT ( 'NONE',  ( 289.9999999999924400, -200.4999999998595100, 1080.500000000002500 ) ) ;
#1046 = CARTESIAN_POINT ( 'NONE',  ( 223.5147160007092600, -199.4972571887584300, 1038.271959134590400 ) ) ;
#1047 = CARTESIAN_POINT ( 'NONE',  ( 234.7102757571800000, -139.1666666666674000, 595.9567759480335100 ) ) ;
#1048 = EDGE_CURVE ( 'NONE', #65, #1474, #3695, .T. ) ;
#1049 = DIRECTION ( 'NONE',  ( 0.0000000000000000000, 2.312964634635740700E-015, -1.000000000000000000 ) ) ;
#1050 = CARTESIAN_POINT ( 'NONE',  ( 292.0171760175093100, -198.4999999998593400, 978.5676924631783300 ) ) ;
#1051 = CARTESIAN_POINT ( 'NONE',  ( 130.2334627276007100, 55.33333333333243300, 592.6275745845425700 ) ) ;
#1052 = CARTESIAN_POINT ( 'NONE',  ( 299.9999999999924400, -198.4999999998592600, 800.0000000000022700 ) ) ;
#1053 = CARTESIAN_POINT ( 'NONE',  ( 265.0555088487972700, -150.5000000000029000, 1116.754480681051100 ) ) ;
#1054 = DIRECTION ( 'NONE',  ( 0.9659258262788196200, -0.0000000000000000000, -0.2588190451407693700 ) ) ;
#1055 = VECTOR ( 'NONE', #2377, 1000.000000000000000 ) ;
#1056 = CARTESIAN_POINT ( 'NONE',  ( 74.14686878107920600, 29.86567145239541800, 790.2482212786150100 ) ) ;
#1057 = CARTESIAN_POINT ( 'NONE',  ( 83.97200388303653500, 28.00141885911740000, 792.5815130866039900 ) ) ;
#1058 = VERTEX_POINT ( 'NONE', #3143 ) ;
#1059 = ORIENTED_EDGE ( 'NONE', *, *, #4, .F. ) ;
#1060 = AXIS2_PLACEMENT_3D ( 'NONE', #3368, #940, #3750 ) ;
#1061 = CIRCLE ( 'NONE', #1060, 275.6508828008754800 ) ;
#1062 = CARTESIAN_POINT ( 'NONE',  ( 230.5852766008684400, -154.5000000000007400, 595.5823100437560200 ) ) ;
#1063 = CARTESIAN_POINT ( 'NONE',  ( 289.9797343361084400, -184.8899114133770100, 1050.530773121006600 ) ) ;
#1064 = DIRECTION ( 'NONE',  ( -0.3090169943372898000, 0.0000000000000000000, 0.9510565163073891900 ) ) ;
#1065 = CARTESIAN_POINT ( 'NONE',  ( 62.13372223721027200, -144.7165830734870700, 615.4243596422384100 ) ) ;
#1066 = ORIENTED_EDGE ( 'NONE', *, *, #3509, .T. ) ;
#1067 = VERTEX_POINT ( 'NONE', #4317 ) ;
#1068 = LINE ( 'NONE', #1096, #5219 ) ;
#1069 = VECTOR ( 'NONE', #5147, 1000.000000000000000 ) ;
#1070 = CARTESIAN_POINT ( 'NONE',  ( 77.26567371377686300, 27.99999999999869600, 790.7669660163350000 ) ) ;
#1071 = CARTESIAN_POINT ( 'NONE',  ( -206.6622042471145400, -43.00000000000169100, 739.4736266791276200 ) ) ;
#1072 = CARTESIAN_POINT ( 'NONE',  ( 191.8867491278823000, -154.5000000000026100, 1052.514708860579500 ) ) ;
#1073 = ORIENTED_EDGE ( 'NONE', *, *, #3039, .F. ) ;
#1074 = ORIENTED_EDGE ( 'NONE', *, *, #429, .F. ) ;
#1075 = SURFACE_STYLE_FILL_AREA ( #2726 ) ;
#1076 = CARTESIAN_POINT ( 'NONE',  ( 74.30760448677025900, 29.81602261480196600, 790.2726787784736200 ) ) ;
#1077 = EDGE_CURVE ( 'NONE', #159, #18, #2846, .T. ) ;
#1078 = ORIENTED_EDGE ( 'NONE', *, *, #3349, .T. ) ;
#1080 = ORIENTED_EDGE ( 'NONE', *, *, #691, .F. ) ;
#1079 = CARTESIAN_POINT ( 'NONE',  ( 85.70890218660696300, 27.99999999999863600, 793.1133211418825800 ) ) ;
#1081 = PLANE ( 'NONE',  #3785 ) ;
#1082 = FACE_OUTER_BOUND ( 'NONE', #823, .T. ) ;
#1083 = ORIENTED_EDGE ( 'NONE', *, *, #4423, .T. ) ;
#1084 = CARTESIAN_POINT ( 'NONE',  ( 66.74717316321650200, 31.90496171011776000, 789.5684221886082200 ) ) ;
#1085 = ORIENTED_EDGE ( 'NONE', *, *, #779, .T. ) ;
#1086 = CARTESIAN_POINT ( 'NONE',  ( 49.31249916546198600, -108.5000000000010700, 590.3231384668929400 ) ) ;
#1087 = CARTESIAN_POINT ( 'NONE',  ( 188.6018460044178400, 41.66666666666590400, 592.0515346370948500 ) ) ;
#1088 = FACE_OUTER_BOUND ( 'NONE', #3664, .T. ) ;
#1089 = DIRECTION ( 'NONE',  ( -6.049435690397999600E-016, -1.000000000000000000, -1.297305670189480400E-015 ) ) ;
#1090 = EDGE_CURVE ( 'NONE', #1785, #5346, #1633, .T. ) ;
#1091 = ORIENTED_EDGE ( 'NONE', *, *, #4432, .F. ) ;
#1092 = ORIENTED_EDGE ( 'NONE', *, *, #3100, .T. ) ;
#1094 = VERTEX_POINT ( 'NONE', #246 ) ;
#1093 = CARTESIAN_POINT ( 'NONE',  ( 81.88730304801991600, -154.5000000000016800, 606.3390075307038400 ) ) ;
#1095 = ORIENTED_EDGE ( 'NONE', *, *, #1981, .F. ) ;
#1096 = CARTESIAN_POINT ( 'NONE',  ( 174.2129824838010600, -199.4972571887582800, 1005.324263302263600 ) ) ;
#1097 = CARTESIAN_POINT ( 'NONE',  ( 229.9999495005514800, -154.5000000000007100, 595.5323155529592900 ) ) ;
#1098 = ORIENTED_EDGE ( 'NONE', *, *, #809, .F. ) ;
#1099 = EDGE_LOOP ( 'NONE', ( #3112, #3238, #2188, #2985, #826, #2074, #3915, #4041, #1953 ) ) ;
#1100 = AXIS2_PLACEMENT_3D ( 'NONE', #5324, #444, #3326 ) ;
#1101 = CARTESIAN_POINT ( 'NONE',  ( 76.01645319367793300, 29.34645950780018400, 790.5560529940705700 ) ) ;
#1102 = CARTESIAN_POINT ( 'NONE',  ( 313.7444389089286600, -199.1666665317017900, 1072.055925066613600 ) ) ;
#1103 = CARTESIAN_POINT ( 'NONE',  ( 258.4561246315104200, -710.6076823182569300, 626.3736344513762300 ) ) ;
#1104 = AXIS2_PLACEMENT_3D ( 'NONE', #2997, #540, #3408 ) ;
#1105 = CARTESIAN_POINT ( 'NONE',  ( 70.86362237704226200, 31.30913601460069600, 789.7843394348805100 ) ) ;
#1106 = CARTESIAN_POINT ( 'NONE',  ( -197.7803432427677400, -43.00000000000163400, 722.8701967020315400 ) ) ;
#1107 = CARTESIAN_POINT ( 'NONE',  ( 80.75992419931080200, -123.8333333344011500, 606.8177135529732600 ) ) ;
#1108 = CARTESIAN_POINT ( 'NONE',  ( 183.7865328676412000, 55.33333333333254700, 591.6466295121082300 ) ) ;
#1109 = DIRECTION ( 'NONE',  ( 0.0000000000000000000, -2.364584906121907500E-015, 1.000000000000000000 ) ) ;
#1110 = CYLINDRICAL_SURFACE ( 'NONE', #2371, 275.6508828008754800 ) ;
#1111 = CARTESIAN_POINT ( 'NONE',  ( 107.6910269350360600, -154.5000000000016200, 597.3844748959541000 ) ) ;
#1112 = CARTESIAN_POINT ( 'NONE',  ( 65.13452671515592800, -108.5000000000014500, 789.5670927086669100 ) ) ;
#1113 = CARTESIAN_POINT ( 'NONE',  ( 72.86858388443049300, 31.01024914643803500, 790.0268296973042700 ) ) ;
#1114 = EDGE_CURVE ( 'NONE', #136, #649, #667, .T. ) ;
#1115 = CARTESIAN_POINT ( 'NONE',  ( 77.34255757713188500, 29.03504092347927200, 790.8229439206526200 ) ) ;
#1116 = LINE ( 'NONE', #4977, #100 ) ;
#1117 =( NAMED_UNIT ( * ) SI_UNIT ( $, .STERADIAN. ) SOLID_ANGLE_UNIT ( ) );
#1118 = CARTESIAN_POINT ( 'NONE',  ( -132.3785036757288700, 42.99999999999723600, 706.1267260020982800 ) ) ;
#1119 = FACE_OUTER_BOUND ( 'NONE', #2803, .T. ) ;
#1120 = EDGE_CURVE ( 'NONE', #5216, #5092, #2727, .T. ) ;
#1121 = CARTESIAN_POINT ( 'NONE',  ( 75.67905266104821700, -139.1666666688014400, 609.1078941352197900 ) ) ;
#1122 = CARTESIAN_POINT ( 'NONE',  ( 178.0671789980411900, 68.99999999999920400, 591.1657689973851600 ) ) ;
#1123 = CARTESIAN_POINT ( 'NONE',  ( 49.60538400670759500, -108.5000000000017100, 791.6115431319383300 ) ) ;
#1124 = FACE_OUTER_BOUND ( 'NONE', #4739, .T. ) ;
#1126 = ORIENTED_EDGE ( 'NONE', *, *, #3969, .F. ) ;
#1125 = DIRECTION ( 'NONE',  ( 1.000000000000000000, 4.943961906533899400E-015, 0.0000000000000000000 ) ) ;
#1127 = DIRECTION ( 'NONE',  ( 0.3090169943372879100, 2.599437052793104100E-015, -0.9510565163073898500 ) ) ;
#1128 = FACE_OUTER_BOUND ( 'NONE', #1861, .T. ) ;
#1129 = AXIS2_PLACEMENT_3D ( 'NONE', #609, #3860, #121 ) ;
#1130 = VERTEX_POINT ( 'NONE', #701 ) ;
#1131 = ORIENTED_EDGE ( 'NONE', *, *, #3693, .F. ) ;
#1132 = CARTESIAN_POINT ( 'NONE',  ( 39.55802175411065500, -133.6520857479775400, 625.9514074693133800 ) ) ;
#1133 = CARTESIAN_POINT ( 'NONE',  ( 70.30026403918836300, 30.56854937011679900, 789.7688088228187600 ) ) ;
#1134 = VECTOR ( 'NONE', #2507, 1000.000000000000000 ) ;
#1135 = CARTESIAN_POINT ( 'NONE',  ( 471.2268797739978900, -108.5000000000008200, 855.4562455224011000 ) ) ;
#1136 = ORIENTED_EDGE ( 'NONE', *, *, #1829, .F. ) ;
#1137 = VECTOR ( 'NONE', #1756, 1000.000000000000000 ) ;
#1138 = CARTESIAN_POINT ( 'NONE',  ( 72.89751990424841200, 31.00597052035866600, 790.0303497987741800 ) ) ;
#1139 = DIRECTION ( 'NONE',  ( 1.000000000000000000, 0.0000000000000000000, 0.0000000000000000000 ) ) ;
#1140 = DIRECTION ( 'NONE',  ( 0.0000000000000000000, 2.389772395653982800E-015, -1.000000000000000000 ) ) ;
#1141 = DIRECTION ( 'NONE',  ( -0.2912602838069384700, 0.05233595624294114900, 0.9552111780966754400 ) ) ;
#1142 = VERTEX_POINT ( 'NONE', #1583 ) ;
#1143 = EDGE_CURVE ( 'NONE', #4600, #4093, #3634, .T. ) ;
#1144 = FACE_OUTER_BOUND ( 'NONE', #1495, .T. ) ;
#1145 = CARTESIAN_POINT ( 'NONE',  ( 191.8867491278823000, -154.5000000000017100, 1052.514708860579500 ) ) ;
#1146 = CARTESIAN_POINT ( 'NONE',  ( 73.46322227237963900, 30.92673509351732600, 790.1017807315611200 ) ) ;
#1147 = CARTESIAN_POINT ( 'NONE',  ( 313.2631019810709700, -167.2092291260842100, 1117.816528178464500 ) ) ;
#1148 = ORIENTED_EDGE ( 'NONE', *, *, #1267, .T. ) ;
#1149 = ORIENTED_EDGE ( 'NONE', *, *, #820, .T. ) ;
#1150 = CARTESIAN_POINT ( 'NONE',  ( 34.73057267366340300, -43.00000000000088800, 628.2024018614855500 ) ) ;
#1151 = CARTESIAN_POINT ( 'NONE',  ( 74.46823112746665200, 28.32023048459310000, 790.2392914346313500 ) ) ;
#1152 = DIRECTION ( 'NONE',  ( -1.737858883903028800E-015, 1.000000000000000000, 2.389772395653982800E-015 ) ) ;
#1153 = ORIENTED_EDGE ( 'NONE', *, *, #4636, .F. ) ;
#1154 = ORIENTED_EDGE ( 'NONE', *, *, #308, .T. ) ;
#1155 = CARTESIAN_POINT ( 'NONE',  ( 66.82159598382828800, 32.37017407900301400, 789.5907821544144600 ) ) ;
#1156 = CARTESIAN_POINT ( 'NONE',  ( 175.2610739254857300, -108.5000000000008100, 590.9340459773336500 ) ) ;
#1157 = ORIENTED_EDGE ( 'NONE', *, *, #4983, .F. ) ;
#1158 = VERTEX_POINT ( 'NONE', #4336 ) ;
#1159 = ORIENTED_EDGE ( 'NONE', *, *, #560, .T. ) ;
#1160 = CARTESIAN_POINT ( 'NONE',  ( 265.0555088487972700, -150.5000000000027300, 1087.886926653826100 ) ) ;
#1161 = PLANE ( 'NONE',  #5334 ) ;
#1162 = AXIS2_PLACEMENT_3D ( 'NONE', #4915, #4886, #4867 ) ;
#1163 = DIRECTION ( 'NONE',  ( 0.3090169943372796900, 0.0000000000000000000, -0.9510565163073925200 ) ) ;
#1164 = VERTEX_POINT ( 'NONE', #3976 ) ;
#1165 = DIRECTION ( 'NONE',  ( -0.08277983124711485500, 0.02617694830787483200, -0.9962240043865566700 ) ) ;
#1166 = CARTESIAN_POINT ( 'NONE',  ( 68.82332554983308600, 31.78567589065008600, 789.6370983396211600 ) ) ;
#1167 = DIRECTION ( 'NONE',  ( -0.03489949666292875600, 0.0000000000000000000, 0.9993908270204776600 ) ) ;
#1168 = CARTESIAN_POINT ( 'NONE',  ( 176.9597527035187200, 27.99999999999924300, 591.0726606892369500 ) ) ;
#1169 = CARTESIAN_POINT ( 'NONE',  ( 29.92824144569152600, -73.21736191599313800, 630.4416839963515700 ) ) ;
#1170 = ADVANCED_FACE ( 'NONE', ( #1672 ), #2606, .T. ) ;
#1171 = FACE_OUTER_BOUND ( 'NONE', #381, .T. ) ;
#1172 = CARTESIAN_POINT ( 'NONE',  ( 73.61665205548096900, 30.90712327247120300, 790.1222696383124500 ) ) ;
#1173 = CARTESIAN_POINT ( 'NONE',  ( 170.2316950835943600, -123.8333333333341400, 590.6186487626378000 ) ) ;
#1174 = DIRECTION ( 'NONE',  ( -0.0000000000000000000, 1.000000000000000000, -0.0000000000000000000 ) ) ;
#1175 = CARTESIAN_POINT ( 'NONE',  ( -206.6622042471145400, -43.00000000000169100, 739.4736266791276200 ) ) ;
#1176 = CARTESIAN_POINT ( 'NONE',  ( 72.94123989254953200, 30.99953232569181300, 790.0356838840029900 ) ) ;
#1177 = CARTESIAN_POINT ( 'NONE',  ( 365.9490675730919500, -123.8333333333347200, 1039.709374357428700 ) ) ;
#1179 = EDGE_CURVE ( 'NONE', #1724, #1158, #3653, .T. ) ;
#1178 = CARTESIAN_POINT ( 'NONE',  ( 384.1628292870058200, -154.5000000000010200, 1009.950461851437900 ) ) ;
#1180 = CARTESIAN_POINT ( 'NONE',  ( 25.15556896222494700, -103.4347238319853700, 632.6672610542032100 ) ) ;
#1181 = DIRECTION ( 'NONE',  ( -1.737858883903028800E-015, 1.000000000000000000, 2.389772395653982800E-015 ) ) ;
#1182 = DIRECTION ( 'NONE',  ( -0.9504771583743417700, -0.03489949670250197500, -0.3088287495336997100 ) ) ;
#1183 = FACE_OUTER_BOUND ( 'NONE', #3901, .T. ) ;
#1184 = EDGE_CURVE ( 'NONE', #1676, #3514, #4725, .T. ) ;
#1185 = CARTESIAN_POINT ( 'NONE',  ( 73.70178168819232700, 30.89635362385591200, 790.1337041597132600 ) ) ;
#1186 = CARTESIAN_POINT ( 'NONE',  ( 165.3256600219382100, -139.1666666666674800, 590.4326838911816800 ) ) ;
#1187 = CARTESIAN_POINT ( 'NONE',  ( 351.7027255145646300, -154.5000000000017100, 1062.081252630727900 ) ) ;
#1188 = CARTESIAN_POINT ( 'NONE',  ( 292.7785231117849800, -174.4972571887581100, 980.7829377839045700 ) ) ;
#1189 = ORIENTED_EDGE ( 'NONE', *, *, #2811, .F. ) ;
#1190 = ORIENTED_EDGE ( 'NONE', *, *, #2524, .F. ) ;
#1191 = LINE ( 'NONE', #3345, #5212 ) ;
#1192 = DIRECTION ( 'NONE',  ( 0.0000000000000000000, 2.392722035830081200E-015, -1.000000000000000000 ) ) ;
#1193 = DIRECTION ( 'NONE',  ( 1.737858883903028800E-015, -1.000000000000000000, -2.389772395653982800E-015 ) ) ;
#1194 = ADVANCED_FACE ( 'NONE', ( #367 ), #2491, .T. ) ;
#1195 = CARTESIAN_POINT ( 'NONE',  ( 73.84344672720546000, 30.87887252166584800, 790.1529970079051300 ) ) ;
#1196 = VERTEX_POINT ( 'NONE', #2032 ) ;
#1197 = VERTEX_POINT ( 'NONE', #4819 ) ;
#1198 = CARTESIAN_POINT ( 'NONE',  ( 370.8177908585667500, -139.1666666666681100, 1031.909384592002400 ) ) ;
#1199 = MECHANICAL_DESIGN_GEOMETRIC_PRESENTATION_REPRESENTATION (  '', ( #293 ), #1489 ) ;
#1200 = VECTOR ( 'NONE', #148, 999.9999999999998900 ) ;
#1201 = AXIS2_PLACEMENT_3D ( 'NONE', #2407, #2805, #284 ) ;
#1202 = VECTOR ( 'NONE', #3886, 1000.000000000000100 ) ;
#1203 = CARTESIAN_POINT ( 'NONE',  ( 20.41467531883466800, -133.6520857479775900, 634.8780867151557500 ) ) ;
#1204 = ORIENTED_EDGE ( 'NONE', *, *, #3073, .T. ) ;
#1206 = ORIENTED_EDGE ( 'NONE', *, *, #3002, .T. ) ;
#1205 = CARTESIAN_POINT ( 'NONE',  ( 156.6705055945672000, -108.5000000000018300, 1005.540602786226400 ) ) ;
#1207 = DIRECTION ( 'NONE',  ( -0.5255877528067213200, 0.0000000000000000000, -0.8507393925871663500 ) ) ;
#1208 = VECTOR ( 'NONE', #3451, 1000.000000000000100 ) ;
#1209 = VERTEX_POINT ( 'NONE', #5200 ) ;
#1210 = CARTESIAN_POINT ( 'NONE',  ( 72.85540458245017700, 31.01220528961458800, 790.0252307460830300 ) ) ;
#1211 = CARTESIAN_POINT ( 'NONE',  ( 160.5498158199089300, -154.5000000000008500, 590.3674850747160000 ) ) ;
#1212 = CIRCLE ( 'NONE', #208, 25.00000000000002100 ) ;
#1213 = CARTESIAN_POINT ( 'NONE',  ( 14.73364073565955900, -120.3503045365339400, 637.5269450728709400 ) ) ;
#1214 = EDGE_CURVE ( 'NONE', #1222, #5211, #4857, .T. ) ;
#1215 = EDGE_LOOP ( 'NONE', ( #1994, #1463, #2806, #5234 ) ) ;
#1217 = ORIENTED_EDGE ( 'NONE', *, *, #2219, .T. ) ;
#1216 = CARTESIAN_POINT ( 'NONE',  ( -206.6622042471144900, -69.00000000000174800, 739.4736266791276200 ) ) ;
#1218 = CARTESIAN_POINT ( 'NONE',  ( -185.3767239495539900, 839.0046633176069700, 854.5748092045562300 ) ) ;
#1219 = VECTOR ( 'NONE', #2643, 1000.000000000000000 ) ;
#1220 = CARTESIAN_POINT ( 'NONE',  ( 73.04545247826243300, 30.98437737086517500, 790.0485109199338500 ) ) ;
#1221 = CARTESIAN_POINT ( 'NONE',  ( 373.3146486480023300, -154.5000000000015300, 1027.859734226380400 ) ) ;
#1222 = VERTEX_POINT ( 'NONE', #309 ) ;
#1223 = ORIENTED_EDGE ( 'NONE', *, *, #4300, .F. ) ;
#1224 = VERTEX_POINT ( 'NONE', #5213 ) ;
#1225 = VERTEX_POINT ( 'NONE', #1216 ) ;
#1226 = CARTESIAN_POINT ( 'NONE',  ( -7.552812479193391900, -43.00000000000102300, 647.9194880116883700 ) ) ;
#1227 =( BOUNDED_CURVE ( )  B_SPLINE_CURVE ( 3, ( #4892, #398, #3681, #1295 ),
 .UNSPECIFIED., .F., .F. ) 
 B_SPLINE_CURVE_WITH_KNOTS ( ( 4, 4 ),
 ( 0.0000000000000000000, 0.003277676584257582600 ),
 .UNSPECIFIED. ) 
 CURVE ( )  GEOMETRIC_REPRESENTATION_ITEM ( )  RATIONAL_B_SPLINE_CURVE ( ( 1.000000000000000000, 0.9646482515381606900, 0.9646482515381606900, 1.000000000000000000 ) ) 
 REPRESENTATION_ITEM ( '' )  );
#1228 = CARTESIAN_POINT ( 'NONE',  ( 223.2075697415068600, 27.99999999999860000, 597.4068646882868700 ) ) ;
#1229 = EDGE_CURVE ( 'NONE', #4933, #1700, #4457, .T. ) ;
#1230 = EDGE_CURVE ( 'NONE', #4227, #597, #3528, .T. ) ;
#1231 = ORIENTED_EDGE ( 'NONE', *, *, #2776, .F. ) ;
#1232 = ORIENTED_EDGE ( 'NONE', *, *, #607, .F. ) ;
#1233 = ADVANCED_FACE ( 'NONE', ( #215 ), #2049, .T. ) ;
#1234 = ORIENTED_EDGE ( 'NONE', *, *, #4996, .F. ) ;
#1235 = CARTESIAN_POINT ( 'NONE',  ( 73.13850451611364200, 30.97119256000119200, 790.0601697651613900 ) ) ;
#1236 = CARTESIAN_POINT ( 'NONE',  ( 154.3949256214198400, -108.5000000000008500, 590.4518128700247000 ) ) ;
#1237 = CARTESIAN_POINT ( 'NONE',  ( 149.1055233341477900, -154.5000000000017600, 968.5035168089015100 ) ) ;
#1238 = AXIS2_PLACEMENT_3D ( 'NONE', #1918, #1912, #1928 ) ;
#1239 = CARTESIAN_POINT ( 'NONE',  ( -194.6043943229443000, -43.00000000000163400, 722.3814827039286700 ) ) ;
#1240 = CARTESIAN_POINT ( 'NONE',  ( -173.3165224756176300, -69.00000000000208900, 725.2164376801531500 ) ) ;
#1241 = CARTESIAN_POINT ( 'NONE',  ( 73.65135322905614100, 30.90271302343117600, 790.1269186146569200 ) ) ;
#1242 = CARTESIAN_POINT ( 'NONE',  ( 380.8238636076313800, -108.5000000000012200, 1015.517954225785300 ) ) ;
#1243 = DIRECTION ( 'NONE',  ( 0.0000000000000000000, -3.101181633031158700E-015, 1.000000000000000000 ) ) ;
#1244 = LINE ( 'NONE', #2266, #4176 ) ;
#1245 = CARTESIAN_POINT ( 'NONE',  ( 319.3645955550547900, -199.4972571887583400, 1051.266569723685500 ) ) ;
#1246 = CARTESIAN_POINT ( 'NONE',  ( -22.61043434002198200, -73.21736191599328000, 654.9410482513088700 ) ) ;
#1247 = DIRECTION ( 'NONE',  ( 0.0000000000000000000, 2.416585094908966000E-015, -1.000000000000000000 ) ) ;
#1248 = CARTESIAN_POINT ( 'NONE',  ( 299.9999999999921600, 27.99999999999880300, 800.0000000000029600 ) ) ;
#1249 = CARTESIAN_POINT ( 'NONE',  ( 74.22921388554482300, 30.82960858844941400, 790.2073012233547600 ) ) ;
#1250 = CARTESIAN_POINT ( 'NONE',  ( 149.2499155919780400, -123.8333333333341800, 590.6640424021230700 ) ) ;
#1251 = CARTESIAN_POINT ( 'NONE',  ( 151.5870057416650200, -108.5000000000017600, 981.1863593927073500 ) ) ;
#1252 = CARTESIAN_POINT ( 'NONE',  ( -197.7803432427677400, -60.33333333333497700, 722.8701967020315400 ) ) ;
#1253 = CARTESIAN_POINT ( 'NONE',  ( 319.5226157011639400, -199.4972571887582800, 1051.179693304453200 ) ) ;
#1254 = ADVANCED_FACE ( 'NONE', ( #2360 ), #3480, .F. ) ;
#1255 = CARTESIAN_POINT ( 'NONE',  ( 82.31049688214429200, 30.98062452381130400, 791.9250947879586400 ) ) ;
#1256 = B_SPLINE_CURVE_WITH_KNOTS ( 'NONE', 3,
 ( #4970, #4148, #1384, #4168 ),
 .UNSPECIFIED., .F., .F.,
 ( 4, 4 ),
 ( 0.0000000000000000000, 1.000000000000000000 ),
 .UNSPECIFIED. ) ;
#1257 = CARTESIAN_POINT ( 'NONE',  ( 265.0555088487972200, -150.5000000000027300, 1052.738953492972100 ) ) ;
#1258 = VECTOR ( 'NONE', #1299, 1000.000000000000000 ) ;
#1259 = ORIENTED_EDGE ( 'NONE', *, *, #894, .F. ) ;
#1260 = ORIENTED_EDGE ( 'NONE', *, *, #3864, .F. ) ;
#1261 = CARTESIAN_POINT ( 'NONE',  ( 81.35434004399053300, 27.73631671590177900, 791.8161149307014700 ) ) ;
#1262 = CARTESIAN_POINT ( 'NONE',  ( -30.88818122052578700, -103.4347238319855400, 658.8009381622029000 ) ) ;
#1263 = FACE_OUTER_BOUND ( 'NONE', #3342, .T. ) ;
#1264 = ORIENTED_EDGE ( 'NONE', *, *, #4106, .T. ) ;
#1265 = ORIENTED_EDGE ( 'NONE', *, *, #675, .T. ) ;
#1266 = LINE ( 'NONE', #4029, #3273 ) ;
#1267 = EDGE_CURVE ( 'NONE', #2276, #2660, #3094, .T. ) ;
#1268 = CARTESIAN_POINT ( 'NONE',  ( 73.61184072621308900, 30.90773642339868800, 790.1216260471180700 ) ) ;
#1269 = CARTESIAN_POINT ( 'NONE',  ( 139.5725109881391900, -139.1666666666675400, 591.4265559115558500 ) ) ;
#1270 = CARTESIAN_POINT ( 'NONE',  ( 152.5397445070737800, -123.8333333333351300, 985.9261689831117800 ) ) ;
#1271 = EDGE_LOOP ( 'NONE', ( #305, #533, #951, #4580 ) ) ;
#1272 = CARTESIAN_POINT ( 'NONE',  ( 74.65940155981915900, 29.70630984795347700, 790.3247950839908100 ) ) ;
#1273 = VECTOR ( 'NONE', #1354, 1000.000000000000000 ) ;
#1274 = CARTESIAN_POINT ( 'NONE',  ( 151.2723964470629900, -154.4999999999992300, 979.6042461272101000 ) ) ;
#1275 = CARTESIAN_POINT ( 'NONE',  ( 73.74778353898368300, 30.89063478009076400, 790.1399434273679400 ) ) ;
#1276 = CARTESIAN_POINT ( 'NONE',  ( -173.3165224756176000, -51.66666666666826300, 725.2164376801531500 ) ) ;
#1277 = AXIS2_PLACEMENT_3D ( 'NONE', #4318, #2739, #1557 ) ;
#1278 = ORIENTED_EDGE ( 'NONE', *, *, #1675, .F. ) ;
#1279 = VECTOR ( 'NONE', #873, 1000.000000000000200 ) ;
#1280 = CARTESIAN_POINT ( 'NONE',  ( 82.62866886156311400, 27.80819019878924800, 792.1939844701335000 ) ) ;
#1281 = CARTESIAN_POINT ( 'NONE',  ( -38.15478564044599400, -133.6520857479777600, 662.1894111520395000 ) ) ;
#1282 = CARTESIAN_POINT ( 'NONE',  ( -9.369603640457111000, -43.00000000000248000, 648.7667338884979200 ) ) ;
#1283 = VERTEX_POINT ( 'NONE', #1694 ) ;
#1284 = VERTEX_POINT ( 'NONE', #4460 ) ;
#1285 = ADVANCED_FACE ( 'NONE', ( #519 ), #4028, .T. ) ;
#1286 = COLOUR_RGB ( '',0.2901960784313725200, 0.3294117647058823500, 0.3490196078431372400 ) ;
#1287 = CARTESIAN_POINT ( 'NONE',  ( 74.31453447719337600, 30.81436467758322800, 790.2196285565170200 ) ) ;
#1288 = CARTESIAN_POINT ( 'NONE',  ( 129.8247752253182300, -154.5000000000009100, 592.6819191157404700 ) ) ;
#1289 = ORIENTED_EDGE ( 'NONE', *, *, #596, .T. ) ;
#1290 = ORIENTED_EDGE ( 'NONE', *, *, #2558, .F. ) ;
#1291 = CARTESIAN_POINT ( 'NONE',  ( 154.1385372764644600, -139.1666666666685300, 993.7324924846864200 ) ) ;
#1292 = EDGE_CURVE ( 'NONE', #5306, #603, #4326, .T. ) ;
#1293 = CARTESIAN_POINT ( 'NONE',  ( 454.4755667363044700, 839.0046633176074200, 892.3975069008660100 ) ) ;
#1294 = ORIENTED_EDGE ( 'NONE', *, *, #2461, .T. ) ;
#1295 = CARTESIAN_POINT ( 'NONE',  ( -197.7803432427677400, -69.00000000000167700, 722.8701967020315400 ) ) ;
#1296 = VERTEX_POINT ( 'NONE', #854 ) ;
#1297 = EDGE_LOOP ( 'NONE', ( #4930, #1733 ) ) ;
#1298 = CARTESIAN_POINT ( 'NONE',  ( -174.2543743728414800, -43.00000000000159900, 725.6537652020890600 ) ) ;
#1299 = DIRECTION ( 'NONE',  ( -3.959720780110111500E-011, -0.0000000000000000000, -1.000000000000000000 ) ) ;
#1300 = ORIENTED_EDGE ( 'NONE', *, *, #4137, .T. ) ;
#1301 = CARTESIAN_POINT ( 'NONE',  ( 83.80181132898133000, 28.88923138204194200, 792.4863265451558600 ) ) ;
#1302 = CARTESIAN_POINT ( 'NONE',  ( -45.35363362018847500, -43.00000000000112300, 665.5463626410605700 ) ) ;
#1303 = CARTESIAN_POINT ( 'NONE',  ( 223.2075697415067200, 68.99999999999926100, 597.4068646882865300 ) ) ;
#1304 = EDGE_CURVE ( 'NONE', #2688, #807, #5290, .T. ) ;
#1305 = PRESENTATION_STYLE_ASSIGNMENT (( #5143 ) ) ;
#1306 = CARTESIAN_POINT ( 'NONE',  ( 73.63043918947342100, 30.90536866640692200, 790.1241153200568300 ) ) ;
#1307 = CARTESIAN_POINT ( 'NONE',  ( 222.2622405119063600, -154.5000000000025900, 1039.930258529118200 ) ) ;
#1308 = CARTESIAN_POINT ( 'NONE',  ( 156.6705055945672900, -154.5000000000018500, 1005.540602786226400 ) ) ;
#1309 = LINE ( 'NONE', #3470, #5318 ) ;
#1310 = ADVANCED_FACE ( 'NONE', ( #1144 ), #2115, .F. ) ;
#1311 = AXIS2_PLACEMENT_3D ( 'NONE', #1052, #3858, #1481 ) ;
#1312 = CARTESIAN_POINT ( 'NONE',  ( 73.58456273803028600, -152.3317153061953500, 610.0845779207547800 ) ) ;
#1313 = CARTESIAN_POINT ( 'NONE',  ( 84.99270635607189200, 31.02124390059253800, 792.7294069899147600 ) ) ;
#1314 = DIRECTION ( 'NONE',  ( 1.741929637828456600E-015, -1.000000000000000000, -1.219350746479921600E-015 ) ) ;
#1315 = CARTESIAN_POINT ( 'NONE',  ( 204.7693187003627000, 27.99999999999923300, 593.4109074106518200 ) ) ;
#1316 = SURFACE_STYLE_FILL_AREA ( #1568 ) ;
#1317 = CARTESIAN_POINT ( 'NONE',  ( 74.02221001896286600, 30.85768128456797400, 790.1778660038749000 ) ) ;
#1318 = EDGE_CURVE ( 'NONE', #2235, #2376, #2110, .T. ) ;
#1319 = DIRECTION ( 'NONE',  ( 0.4185162732656855800, 0.02617694830787552600, -0.9078319758573658600 ) ) ;
#1320 = FACE_OUTER_BOUND ( 'NONE', #4586, .T. ) ;
#1321 = CARTESIAN_POINT ( 'NONE',  ( 120.7202068672278300, -108.5000000000008000, 594.3035751471819600 ) ) ;
#1322 = DIRECTION ( 'NONE',  ( 0.0000000000000000000, -2.458369313835521700E-015, 1.000000000000000000 ) ) ;
#1323 = ORIENTED_EDGE ( 'NONE', *, *, #4043, .F. ) ;
#1324 = ORIENTED_EDGE ( 'NONE', *, *, #981, .T. ) ;
#1325 = CARTESIAN_POINT ( 'NONE',  ( -176.3010186140994100, -43.00000000000159900, 725.6088616786944400 ) ) ;
#1326 = CARTESIAN_POINT ( 'NONE',  ( 65.18098481774200100, -43.00000000000090900, 614.0033642424598400 ) ) ;
#1327 = LINE ( 'NONE', #4733, #274 ) ;
#1328 = EDGE_CURVE ( 'NONE', #201, #65, #3152, .T. ) ;
#1329 = CARTESIAN_POINT ( 'NONE',  ( 126.7219423757642600, -108.5000000000009200, 593.1813926210516000 ) ) ;
#1330 = CARTESIAN_POINT ( 'NONE',  ( 173.1056774165971300, 68.99999999999911900, 590.7486074866526500 ) ) ;
#1331 = ORIENTED_EDGE ( 'NONE', *, *, #1713, .T. ) ;
#1332 = CARTESIAN_POINT ( 'NONE',  ( 258.4561246315237200, -710.6076823182569300, 626.3736344513978300 ) ) ;
#1333 = VECTOR ( 'NONE', #2674, 1000.000000000000100 ) ;
#1334 = ADVANCED_FACE ( 'NONE', ( #1008 ), #354, .F. ) ;
#1335 = ORIENTED_EDGE ( 'NONE', *, *, #2524, .T. ) ;
#1336 = ORIENTED_EDGE ( 'NONE', *, *, #928, .T. ) ;
#1337 = AXIS2_PLACEMENT_3D ( 'NONE', #3623, #3742, #3707 ) ;
#1338 = CARTESIAN_POINT ( 'NONE',  ( 233.5280469670973400, -154.4999999999990900, 595.8431028425336500 ) ) ;
#1339 = CARTESIAN_POINT ( 'NONE',  ( 74.05489663624256000, 29.88139921555062300, 790.2339060609962200 ) ) ;
#1340 = FACE_OUTER_BOUND ( 'NONE', #1656, .T. ) ;
#1341 =( NAMED_UNIT ( * ) SI_UNIT ( $, .STERADIAN. ) SOLID_ANGLE_UNIT ( ) );
#1342 = ORIENTED_EDGE ( 'NONE', *, *, #1365, .F. ) ;
#1344 = VERTEX_POINT ( 'NONE', #4742 ) ;
#1343 = CARTESIAN_POINT ( 'NONE',  ( 116.3218295843898000, -123.8333333344010600, 595.2408312412751500 ) ) ;
#1345 = CARTESIAN_POINT ( 'NONE',  ( 80.70790681941076600, 28.40781304085902500, 791.6238756372015400 ) ) ;
#1346 = LINE ( 'NONE', #587, #3219 ) ;
#1347 = LINE ( 'NONE', #1896, #4463 ) ;
#1348 = AXIS2_PLACEMENT_3D ( 'NONE', #503, #3384, #967 ) ;
#1349 = CARTESIAN_POINT ( 'NONE',  ( 58.83686441834757400, -79.44390510206574200, 616.9617263242619200 ) ) ;
#1350 = VERTEX_POINT ( 'NONE', #4100 ) ;
#1351 = ORIENTED_EDGE ( 'NONE', *, *, #476, .T. ) ;
#1352 = CARTESIAN_POINT ( 'NONE',  ( 158.9878693894191300, -108.5000000000008700, 590.3709355697992600 ) ) ;
#1353 = CARTESIAN_POINT ( 'NONE',  ( 229.0726243959121900, 30.99999999997817600, 836.6630109938964800 ) ) ;
#1354 = DIRECTION ( 'NONE',  ( -0.006292495596171114600, 0.9996313384200479200, -0.02641196220873857200 ) ) ;
#1355 = ORIENTED_EDGE ( 'NONE', *, *, #560, .F. ) ;
#1356 = ORIENTED_EDGE ( 'NONE', *, *, #240, .F. ) ;
#1357 = ORIENTED_EDGE ( 'NONE', *, *, #462, .T. ) ;
#1358 = ORIENTED_EDGE ( 'NONE', *, *, #173, .F. ) ;
#1359 = B_SPLINE_CURVE_WITH_KNOTS ( 'NONE', 3,
 ( #4855, #4427, #1659, #5261 ),
 .UNSPECIFIED., .F., .F.,
 ( 4, 4 ),
 ( 0.0000000000000000000, 1.000000000000000000 ),
 .UNSPECIFIED. ) ;
#1360 = CARTESIAN_POINT ( 'NONE',  ( 73.91210274272648900, 30.87059734051023700, 790.1624659889221200 ) ) ;
#1361 = CARTESIAN_POINT ( 'NONE',  ( 73.09169194660474000, 30.16895203561745500, 790.0968103183734000 ) ) ;
#1362 = ORIENTED_EDGE ( 'NONE', *, *, #240, .T. ) ;
#1363 = EDGE_LOOP ( 'NONE', ( #1886, #3361, #4678, #4808, #4116, #1682, #1019, #3425, #495, #4011 ) ) ;
#1364 = ORIENTED_EDGE ( 'NONE', *, *, #3302, .F. ) ;
#1365 = EDGE_CURVE ( 'NONE', #1545, #2114, #3031, .T. ) ;
#1366 = CARTESIAN_POINT ( 'NONE',  ( 111.9779450274368700, -139.1666666688013800, 596.2688266654952300 ) ) ;
#1367 = CARTESIAN_POINT ( 'NONE',  ( 81.53822446819600600, 28.28928233849964600, 791.8500825530024900 ) ) ;
#1368 = ADVANCED_FACE ( 'NONE', ( #870, #4088 ), #1548, .F. ) ;
#1369 = CARTESIAN_POINT ( 'NONE',  ( 73.32945584885300100, 30.94465418147003500, 790.0844034203405500 ) ) ;
#1370 = CARTESIAN_POINT ( 'NONE',  ( 52.45332810537162500, -115.8878102041306000, 619.9383774236696400 ) ) ;
#1371 = CARTESIAN_POINT ( 'NONE',  ( 265.1951919267641000, -154.5000000000019900, 800.0000000198009500 ) ) ;
#1372 = CARTESIAN_POINT ( 'NONE',  ( 159.2312392569331800, -139.1666666666685900, 1017.138617408112300 ) ) ;
#1373 = CARTESIAN_POINT ( 'NONE',  ( 74.05999346178883500, 30.85302217020731800, 790.1832125179645300 ) ) ;
#1374 = VECTOR ( 'NONE', #3430, 1000.000000000000000 ) ;
#1375 = EDGE_CURVE ( 'NONE', #4787, #1785, #3954, .T. ) ;
#1376 = CARTESIAN_POINT ( 'NONE',  ( 74.12958863586693800, 30.84379741535422100, 790.1930980710971000 ) ) ;
#1377 = CARTESIAN_POINT ( 'NONE',  ( 70.80862683188527700, 30.91329793926366100, 789.8356145734262600 ) ) ;
#1378 = FILL_AREA_STYLE ('',( #3374 ) ) ;
#1379 = AXIS2_PLACEMENT_3D ( 'NONE', #9, #3770, #3385 ) ;
#1380 = CARTESIAN_POINT ( 'NONE',  ( 107.6910269350360600, -154.5000000032016200, 597.3844748959541000 ) ) ;
#1381 = CARTESIAN_POINT ( 'NONE',  ( 82.63558733355617400, 28.03437896465905500, 792.1709777535479600 ) ) ;
#1383 = DIRECTION ( 'NONE',  ( 0.0000000000000000000, -1.787904955516743400E-015, 1.000000000000000000 ) ) ;
#1382 = AXIS2_PLACEMENT_3D ( 'NONE', #2576, #3757, #33 ) ;
#1384 = CARTESIAN_POINT ( 'NONE',  ( 42.80950662339293400, -43.00000000000226000, 624.4352151742350500 ) ) ;
#1385 = CARTESIAN_POINT ( 'NONE',  ( 46.02702760621863800, -152.3317153061954300, 622.9349162068315300 ) ) ;
#1386 = CIRCLE ( 'NONE', #4658, 400.0000000000001100 ) ;
#1387 = PRODUCT ( 'IRB660_180-315_LINKARM_CAD_rev02', 'IRB660_180-315_LINKARM_CAD_rev02', '', ( #3932 ) ) ;
#1388 = CARTESIAN_POINT ( 'NONE',  ( 72.25587068584377400, 30.12590840597565700, 789.9780468258866200 ) ) ;
#1389 = SURFACE_SIDE_STYLE ('',( #4006 ) ) ;
#1390 = CARTESIAN_POINT ( 'NONE',  ( 77.95750518876784000, 27.99999999999880300, 790.8603868050457800 ) ) ;
#1391 = FACE_BOUND ( 'NONE', #2671, .T. ) ;
#1392 = CARTESIAN_POINT ( 'NONE',  ( 74.37768615057611000, 30.80107526069950600, 790.2288589710749400 ) ) ;
#1393 = ADVANCED_FACE ( 'NONE', ( #1863 ), #400, .F. ) ;
#1394 = ORIENTED_EDGE ( 'NONE', *, *, #2144, .T. ) ;
#1395 = EDGE_LOOP ( 'NONE', ( #1937, #2294, #3467, #3977 ) ) ;
#1396 = B_SPLINE_CURVE_WITH_KNOTS ( 'NONE', 3,
 ( #4496, #4066, #2535, #5321 ),
 .UNSPECIFIED., .F., .F.,
 ( 4, 4 ),
 ( 0.0000000000000000000, 1.000000000000000000 ),
 .UNSPECIFIED. ) ;
#1397 = FACE_OUTER_BOUND ( 'NONE', #1945, .T. ) ;
#1398 = CARTESIAN_POINT ( 'NONE',  ( 74.46824538681080700, 30.78058240297793400, 790.2421712818020300 ) ) ;
#1400 = EDGE_CURVE ( 'NONE', #4459, #4985, #729, .T. ) ;
#1399 = CARTESIAN_POINT ( 'NONE',  ( 69.10962427755239900, 31.51366845939625300, 789.6983926381993800 ) ) ;
#1401 = CARTESIAN_POINT ( 'NONE',  ( 49.60538400670797900, 839.0046633176067400, 791.6115431319399200 ) ) ;
#1402 = ORIENTED_EDGE ( 'NONE', *, *, #2549, .T. ) ;
#1403 = CARTESIAN_POINT ( 'NONE',  ( 102.0678257584715400, -108.5000000000008500, 599.0032188589596000 ) ) ;
#1404 = VECTOR ( 'NONE', #794, 1000.000000000000000 ) ;
#1405 = FACE_OUTER_BOUND ( 'NONE', #2247, .T. ) ;
#1406 = CARTESIAN_POINT ( 'NONE',  ( 75.78991060405788000, 30.18363971754121900, 790.4522094310340200 ) ) ;
#1407 = DIRECTION ( 'NONE',  ( -4.153087188293503300E-030, 1.000000000000000000, 2.389772395653985900E-015 ) ) ;
#1408 = CARTESIAN_POINT ( 'NONE',  ( 39.55802175433746000, -43.00000000000099500, 625.9514074692075400 ) ) ;
#1409 = ORIENTED_EDGE ( 'NONE', *, *, #1001, .T. ) ;
#1410 = VECTOR ( 'NONE', #5223, 999.9999999999998900 ) ;
#1411 = EDGE_CURVE ( 'NONE', #5092, #4156, #2715, .T. ) ;
#1412 = CARTESIAN_POINT ( 'NONE',  ( 78.03157001259771200, 29.14098707071514100, 790.8100487693327500 ) ) ;
#1413 = DIRECTION ( 'NONE',  ( 0.02706529291555872400, -0.9993150019883697600, -0.02523879395651730900 ) ) ;
#1414 = DIRECTION ( 'NONE',  ( -0.1993679344559921900, 0.0000000000000000000, -0.9799247046129365700 ) ) ;
#1415 = CARTESIAN_POINT ( 'NONE',  ( 74.39453990768826900, 30.79742605309469600, 790.2313277843402400 ) ) ;
#1416 = ORIENTED_EDGE ( 'NONE', *, *, #1184, .F. ) ;
#1417 = VECTOR ( 'NONE', #2450, 1000.000000000000100 ) ;
#1418 = AXIS2_PLACEMENT_3D ( 'NONE', #3045, #1462, #4238 ) ;
#1419 = CARTESIAN_POINT ( 'NONE',  ( 74.42402264583567700, 30.79081155563817900, 790.2356587544379600 ) ) ;
#1420 = ORIENTED_EDGE ( 'NONE', *, *, #4074, .T. ) ;
#1421 = ORIENTED_EDGE ( 'NONE', *, *, #909, .F. ) ;
#1422 = CARTESIAN_POINT ( 'NONE',  ( -194.6043943229443000, -69.00000000000167700, 722.3814827039286700 ) ) ;
#1423 = VECTOR ( 'NONE', #1009, 1000.000000000000300 ) ;
#1424 = CARTESIAN_POINT ( 'NONE',  ( 96.58171677884493500, -123.8333333344011000, 600.7511989186456300 ) ) ;
#1425 = EDGE_LOOP ( 'NONE', ( #670, #2984, #3086, #2604 ) ) ;
#1426 = DIRECTION ( 'NONE',  ( 0.4226182617765882900, -1.431418430658341300E-015, 0.9063077870199147700 ) ) ;
#1427 = ORIENTED_EDGE ( 'NONE', *, *, #2764, .T. ) ;
#1428 = CARTESIAN_POINT ( 'NONE',  ( 74.57142195398783700, 30.75456253476499000, 790.2574796487705300 ) ) ;
#1429 = CARTESIAN_POINT ( 'NONE',  ( 194.0215415042986300, -198.4999999998594000, 1050.916756799783300 ) ) ;
#1430 = DIRECTION ( 'NONE',  ( 0.6586744367898516000, 0.0000000000000000000, 0.7524280605609892100 ) ) ;
#1431 = PLANE ( 'NONE',  #5170 ) ;
#1432 = ORIENTED_EDGE ( 'NONE', *, *, #269, .F. ) ;
#1433 = ORIENTED_EDGE ( 'NONE', *, *, #87, .F. ) ;
#1434 = VERTEX_POINT ( 'NONE', #427 ) ;
#1435 = CARTESIAN_POINT ( 'NONE',  ( 149.1055233341476800, -108.5000000000018200, 968.5035168089016200 ) ) ;
#1436 = CARTESIAN_POINT ( 'NONE',  ( -200.0000000000078400, -35.00000000000176900, 775.0000000198014000 ) ) ;
#1437 = EDGE_CURVE ( 'NONE', #966, #423, #3835, .T. ) ;
#1438 = CARTESIAN_POINT ( 'NONE',  ( 75.19017438854979200, 30.53819165471026100, 790.3524747142468000 ) ) ;
#1439 = CARTESIAN_POINT ( 'NONE',  ( -207.1647672749908500, -43.00000000000172000, 740.5513765705120500 ) ) ;
#1440 = CARTESIAN_POINT ( 'NONE',  ( 82.07596097895638800, 27.99999999999897700, 791.9998125521214000 ) ) ;
#1441 = CARTESIAN_POINT ( 'NONE',  ( 88.56487657643826600, -139.1666666688013800, 603.6326207290891300 ) ) ;
#1442 = DIRECTION ( 'NONE',  ( -0.9993908270204776600, 8.340185374728197600E-017, -0.03489949666292901900 ) ) ;
#1443 = CARTESIAN_POINT ( 'NONE',  ( 74.77773365669997900, 30.69391541689736200, 790.2885459758568900 ) ) ;
#1444 = CARTESIAN_POINT ( 'NONE',  ( 204.7693187003627000, 27.99999999999944200, 593.4109074106517000 ) ) ;
#1445 = CARTESIAN_POINT ( 'NONE',  ( 161.5243879421003900, 55.33333333333249000, 590.3364631046704300 ) ) ;
#1446 = DIRECTION ( 'NONE',  ( 0.0000000000000000000, 2.389772395653982800E-015, -1.000000000000000000 ) ) ;
#1447 = VECTOR ( 'NONE', #2681, 1000.000000000000000 ) ;
#1448 = CARTESIAN_POINT ( 'NONE',  ( -185.3767239495542200, 839.0046633176069700, 854.5748092045562300 ) ) ;
#1449 = CARTESIAN_POINT ( 'NONE',  ( -197.7803432427677400, -69.00000000000166300, 722.8701967020315400 ) ) ;
#1450 = CARTESIAN_POINT ( 'NONE',  ( -200.0000000000076200, -154.5000000000019900, 800.0000000198009500 ) ) ;
#1451 = CARTESIAN_POINT ( 'NONE',  ( 75.80128111662524800, 30.17610622641331400, 790.4541432339445900 ) ) ;
#1452 = AXIS2_PLACEMENT_3D ( 'NONE', #4718, #4680, #4671 ) ;
#1453 = CARTESIAN_POINT ( 'NONE',  ( 69.60174852784854200, 31.31433776065978200, 789.7125732706158500 ) ) ;
#1454 = CARTESIAN_POINT ( 'NONE',  ( 75.54332374417033700, 30.34569209656895700, 790.4103419295927300 ) ) ;
#1455 = VECTOR ( 'NONE', #3114, 1000.000000000000000 ) ;
#1456 = AXIS2_PLACEMENT_3D ( 'NONE', #2935, #457, #3339 ) ;
#1457 = CARTESIAN_POINT ( 'NONE',  ( 75.78589043265131400, 30.18629687633102800, 790.4515260514439200 ) ) ;
#1458 = DIRECTION ( 'NONE',  ( -0.4226182617048165300, -2.641942262630467000E-015, 0.9063077870533824400 ) ) ;
#1459 = CARTESIAN_POINT ( 'NONE',  ( 145.9777449750427300, 68.99999999999914700, 590.8371044474463400 ) ) ;
#1460 = FACE_OUTER_BOUND ( 'NONE', #3942, .T. ) ;
#1461 = CARTESIAN_POINT ( 'NONE',  ( 114.8676898745775900, -108.5000000000009000, 595.5735769154806600 ) ) ;
#1462 = DIRECTION ( 'NONE',  ( 1.737858883903028800E-015, -1.000000000000000000, -2.389772395653982800E-015 ) ) ;
#1463 = ORIENTED_EDGE ( 'NONE', *, *, #1507, .T. ) ;
#1465 = VERTEX_POINT ( 'NONE', #4114 ) ;
#1464 = PLANE ( 'NONE',  #4585 ) ;
#1466 = CARTESIAN_POINT ( 'NONE',  ( 75.81833672019153900, 30.16475981557230700, 790.4570463578377300 ) ) ;
#1467 = CYLINDRICAL_SURFACE ( 'NONE', #4942, 8.950000000000013500 ) ;
#1468 = EDGE_LOOP ( 'NONE', ( #2565, #2861, #2156, #2149, #4398 ) ) ;
#1469 = CARTESIAN_POINT ( 'NONE',  ( 73.45243557409327200, 29.52508862840434700, 790.1220541332454600 ) ) ;
#1470 = CARTESIAN_POINT ( 'NONE',  ( 142.9651427271265300, -154.4999999999982900, 591.1036459193753700 ) ) ;
#1471 = EDGE_CURVE ( 'NONE', #380, #516, #4918, .T. ) ;
#1472 = LINE ( 'NONE', #1038, #1596 ) ;
#1473 = DIRECTION ( 'NONE',  ( -0.08378502214203194200, -2.526976150611088900E-015, 0.9964838533888340500 ) ) ;
#1474 = VERTEX_POINT ( 'NONE', #4095 ) ;
#1475 = ORIENTED_EDGE ( 'NONE', *, *, #5283, .T. ) ;
#1476 = CARTESIAN_POINT ( 'NONE',  ( 233.5280469670972500, -108.5000000000006000, 595.8431028425339900 ) ) ;
#1477 = CIRCLE ( 'NONE', #3080, 150.5764855721134600 ) ;
#1478 = CARTESIAN_POINT ( 'NONE',  ( 75.85813195610249700, 30.13796163789885800, 790.4638372482051000 ) ) ;
#1479 = CARTESIAN_POINT ( 'NONE',  ( 292.5490090876358500, -183.7703798442159100, 978.0765844738588200 ) ) ;
#1480 = CARTESIAN_POINT ( 'NONE',  ( 195.8959059801609300, -199.4972571887583400, 1029.395154028965400 ) ) ;
#1481 = DIRECTION ( 'NONE',  ( 1.000000000000000000, -9.316763331649993400E-016, 0.0000000000000000000 ) ) ;
#1482 = ORIENTED_EDGE ( 'NONE', *, *, #5264, .T. ) ;
#1483 = EDGE_CURVE ( 'NONE', #3514, #2428, #1732, .T. ) ;
#1484 = CARTESIAN_POINT ( 'NONE',  ( 208.5433125998625900, 68.99999999999926100, 593.7282265713125800 ) ) ;
#1485 = VECTOR ( 'NONE', #3324, 1000.000000000000000 ) ;
#1486 = CARTESIAN_POINT ( 'NONE',  ( 39.55802175423760000, -43.00000000000149900, 625.9514074692540400 ) ) ;
#1487 = VERTEX_POINT ( 'NONE', #450 ) ;
#1488 = ORIENTED_EDGE ( 'NONE', *, *, #3176, .F. ) ;
#1489 =( GEOMETRIC_REPRESENTATION_CONTEXT ( 3 ) GLOBAL_UNCERTAINTY_ASSIGNED_CONTEXT ( ( #4729 ) ) GLOBAL_UNIT_ASSIGNED_CONTEXT ( ( #674, #3517, #1117 ) ) REPRESENTATION_CONTEXT ( 'NONE', 'WORKASPACE' ) );
#1490 = CARTESIAN_POINT ( 'NONE',  ( 74.20865691261767000, 28.77074645517237200, 790.2162364878875000 ) ) ;
#1491 = CARTESIAN_POINT ( 'NONE',  ( 84.73314628150558300, 27.85465238737839400, 792.8092025679427500 ) ) ;
#1492 = VERTEX_POINT ( 'NONE', #3332 ) ;
#1493 = CARTESIAN_POINT ( 'NONE',  ( -256.5000000083102800, -69.00000000000142100, 590.3231384960518000 ) ) ;
#1494 = ORIENTED_EDGE ( 'NONE', *, *, #2745, .T. ) ;
#1495 = EDGE_LOOP ( 'NONE', ( #1351, #1560, #1074, #4315 ) ) ;
#1496 = AXIS2_PLACEMENT_3D ( 'NONE', #5316, #2915, #430 ) ;
#1497 = CARTESIAN_POINT ( 'NONE',  ( 229.9999495005508800, -123.8333333333339800, 595.5323155529654300 ) ) ;
#1498 = CARTESIAN_POINT ( 'NONE',  ( -45.35363362018836100, -89.46210314318803100, 665.5463626410604500 ) ) ;
#1499 = VERTEX_POINT ( 'NONE', #896 ) ;
#1500 = ORIENTED_EDGE ( 'NONE', *, *, #1746, .F. ) ;
#1501 = EDGE_LOOP ( 'NONE', ( #5299, #348, #150, #1427, #2058, #2216, #2296, #731, #1014, #1475, #4507, #5353, #1131, #2072, #5251, #1500, #1748, #3851, #1946, #4158 ) ) ;
#1502 = DIRECTION ( 'NONE',  ( 0.0000000000000000000, -2.389772395653985900E-015, 1.000000000000000000 ) ) ;
#1503 = CARTESIAN_POINT ( 'NONE',  ( 71.16393049357853300, -149.3586124255667200, 611.2133454731059600 ) ) ;
#1504 = CIRCLE ( 'NONE', #2151, 137.4999999999999400 ) ;
#1505 = CARTESIAN_POINT ( 'NONE',  ( 156.6705055945672900, -154.5000000000015300, 1005.540602786226400 ) ) ;
#1506 = CARTESIAN_POINT ( 'NONE',  ( 76.09686869358387200, 29.96812243853805700, 790.5050565097687900 ) ) ;
#1507 = EDGE_CURVE ( 'NONE', #4097, #1919, #3709, .T. ) ;
#1508 = CARTESIAN_POINT ( 'NONE',  ( 75.00129218551600700, 28.00193321164303500, 790.3187683170429000 ) ) ;
#1509 = VECTOR ( 'NONE', #3223, 1000.000000000000100 ) ;
#1510 = CARTESIAN_POINT ( 'NONE',  ( 86.10712815073847500, 27.88520954907488700, 793.2303511704002400 ) ) ;
#1511 = DIRECTION ( 'NONE',  ( 0.9848077530190850700, 0.0000000000000000000, 0.1736481776279282200 ) ) ;
#1512 = CARTESIAN_POINT ( 'NONE',  ( 66.75960626007602600, 32.39698027029317000, 789.5891650377137700 ) ) ;
#1513 = EDGE_CURVE ( 'NONE', #4227, #2446, #4790, .T. ) ;
#1514 = CARTESIAN_POINT ( 'NONE',  ( 75.93771761493248100, 30.08307240636907000, 790.4774867507458100 ) ) ;
#1515 = CARTESIAN_POINT ( 'NONE',  ( 188.6018460044177800, 68.99999999999923300, 592.0515346370949600 ) ) ;
#1516 = CARTESIAN_POINT ( 'NONE',  ( 85.93896304316373900, -154.5000000000016800, 604.6613936239577900 ) ) ;
#1517 = CARTESIAN_POINT ( 'NONE',  ( 317.3959486088030000, 30.99999973416031900, 722.0753571747925400 ) ) ;
#1518 = SURFACE_STYLE_FILL_AREA ( #2932 ) ;
#1519 = CARTESIAN_POINT ( 'NONE',  ( 76.41508199469691900, 29.71753648347109300, 790.5612779768141500 ) ) ;
#1520 = AXIS2_PLACEMENT_3D ( 'NONE', #1043, #1029, #1049 ) ;
#1521 = LINE ( 'NONE', #4251, #500 ) ;
#1522 = VECTOR ( 'NONE', #4821, 1000.000000000000200 ) ;
#1523 = CARTESIAN_POINT ( 'NONE',  ( 76.01657242336656900, 29.35373938639836700, 790.5563538575827400 ) ) ;
#1524 = CARTESIAN_POINT ( 'NONE',  ( 124.0549796165927600, -154.5000000000019000, 838.2365927245721200 ) ) ;
#1525 = CARTESIAN_POINT ( 'NONE',  ( 198.4858276042216100, -154.5000000000025600, 1032.204833670686000 ) ) ;
#1526 = ORIENTED_EDGE ( 'NONE', *, *, #488, .F. ) ;
#1527 = VERTEX_POINT ( 'NONE', #2153 ) ;
#1528 = AXIS2_PLACEMENT_3D ( 'NONE', #4763, #3563, #1167 ) ;
#1529 = LINE ( 'NONE', #566, #4439 ) ;
#1530 = CARTESIAN_POINT ( 'NONE',  ( 158.9878693894192200, -154.4999999999982700, 590.3709355697991400 ) ) ;
#1531 = CARTESIAN_POINT ( 'NONE',  ( 80.75992419931085900, -154.5000000032016800, 606.8177135529732600 ) ) ;
#1532 = CARTESIAN_POINT ( 'NONE',  ( 182.1234563054804300, 27.99999999999921100, 591.5067997858071700 ) ) ;
#1533 = ORIENTED_EDGE ( 'NONE', *, *, #77, .F. ) ;
#1534 = FACE_OUTER_BOUND ( 'NONE', #3159, .T. ) ;
#1535 = CARTESIAN_POINT ( 'NONE',  ( 110.5425232596998600, -154.5000000000016200, 596.6311160947966500 ) ) ;
#1536 = CARTESIAN_POINT ( 'NONE',  ( 77.95750518876784000, 27.99999999999880300, 790.8603868050457800 ) ) ;
#1537 = EDGE_LOOP ( 'NONE', ( #4735, #3150, #1265, #957 ) ) ;
#1538 = LINE ( 'NONE', #3222, #1410 ) ;
#1539 = CARTESIAN_POINT ( 'NONE',  ( 77.34264721282829700, 29.04239290888085600, 790.8232430211331800 ) ) ;
#1540 = VERTEX_POINT ( 'NONE', #2562 ) ;
#1541 = CARTESIAN_POINT ( 'NONE',  ( 67.54480292928921900, 32.00471111571760500, 789.6075131892317800 ) ) ;
#1542 = CARTESIAN_POINT ( 'NONE',  ( -200.0000000000079600, 34.99999999999822400, 800.0000000198016300 ) ) ;
#1543 = VECTOR ( 'NONE', #2019, 1000.000000000000100 ) ;
#1544 = VECTOR ( 'NONE', #4846, 1000.000000000000200 ) ;
#1545 = VERTEX_POINT ( 'NONE', #2946 ) ;
#1546 = ORIENTED_EDGE ( 'NONE', *, *, #4096, .T. ) ;
#1547 = CARTESIAN_POINT ( 'NONE',  ( 65.38420712958867400, -710.6076823182576200, 851.6704520656619500 ) ) ;
#1548 = PLANE ( 'NONE',  #1864 ) ;
#1549 = CARTESIAN_POINT ( 'NONE',  ( 176.9597527034874800, 41.66666666666586100, 591.0726606895588000 ) ) ;
#1550 = LINE ( 'NONE', #1086, #3532 ) ;
#1551 = FACE_OUTER_BOUND ( 'NONE', #2065, .T. ) ;
#1552 = EDGE_CURVE ( 'NONE', #2660, #1754, #5307, .T. ) ;
#1553 = ORIENTED_EDGE ( 'NONE', *, *, #196, .F. ) ;
#1554 = ORIENTED_EDGE ( 'NONE', *, *, #1090, .T. ) ;
#1556 = ORIENTED_EDGE ( 'NONE', *, *, #706, .T. ) ;
#1555 = DIRECTION ( 'NONE',  ( 1.737858883903028800E-015, -1.000000000000000000, -2.389772395653982800E-015 ) ) ;
#1557 = DIRECTION ( 'NONE',  ( 0.0000000000000000000, -2.775557561562888600E-015, 1.000000000000000000 ) ) ;
#1558 = CARTESIAN_POINT ( 'NONE',  ( 124.0549796165926300, -108.5000000000015300, 838.2365927245721200 ) ) ;
#1559 = ORIENTED_EDGE ( 'NONE', *, *, #4390, .F. ) ;
#1560 = ORIENTED_EDGE ( 'NONE', *, *, #183, .F. ) ;
#1561 = ORIENTED_EDGE ( 'NONE', *, *, #502, .F. ) ;
#1562 = AXIS2_PLACEMENT_3D ( 'NONE', #3144, #4761, #2380 ) ;
#1563 = CARTESIAN_POINT ( 'NONE',  ( 39.02059250676023800, -73.21736191599310900, 626.2020119235995700 ) ) ;
#1564 = CARTESIAN_POINT ( 'NONE',  ( 70.79995841008408800, 30.30234598836957400, 789.8105426988789800 ) ) ;
#1565 = CARTESIAN_POINT ( 'NONE',  ( 471.2268797739978900, -139.1666666666675700, 855.4562455224009900 ) ) ;
#1566 = APPLICATION_CONTEXT ( 'automotive_design' ) ;
#1567 = DIRECTION ( 'NONE',  ( -0.03489949666292949800, -1.997205509697135800E-015, 0.9993908270204775500 ) ) ;
#1568 = FILL_AREA_STYLE ('',( #4313 ) ) ;
#1569 = CARTESIAN_POINT ( 'NONE',  ( -198.7651922727978900, -43.00000000000161300, 723.3828766568826700 ) ) ;
#1570 = DIRECTION ( 'NONE',  ( 0.01016271221530932200, 0.9993869806673999500, 0.03350197237367924500 ) ) ;
#1571 = CARTESIAN_POINT ( 'NONE',  ( 77.05108990962820300, 29.13362049316019800, 790.6780401644362000 ) ) ;
#1572 = DIRECTION ( 'NONE',  ( 0.4226182617765882900, -1.431418430658341300E-015, 0.9063077870199147700 ) ) ;
#1573 = EDGE_CURVE ( 'NONE', #4844, #1714, #1603, .T. ) ;
#1574 = VECTOR ( 'NONE', #2632, 1000.000000000000000 ) ;
#1575 = CARTESIAN_POINT ( 'NONE',  ( 34.73057267366346000, -103.4347238319853400, 628.2024018614854400 ) ) ;
#1576 = CARTESIAN_POINT ( 'NONE',  ( 205.0047171529556600, -174.4972571887582800, 953.8238007789070700 ) ) ;
#1577 = CARTESIAN_POINT ( 'NONE',  ( 188.6018460044177500, 27.99999999999806400, 592.0515346370948500 ) ) ;
#1578 = EDGE_CURVE ( 'NONE', #807, #655, #2903, .T. ) ;
#1579 = CARTESIAN_POINT ( 'NONE',  ( 149.1055233341476800, -108.5000000000018200, 968.5035168089016200 ) ) ;
#1580 = CARTESIAN_POINT ( 'NONE',  ( 175.2610739254857900, -139.1666666666674800, 590.9340459773336500 ) ) ;
#1581 = CARTESIAN_POINT ( 'NONE',  ( 65.13452671515423700, 839.0046633176066300, 849.5670927086691800 ) ) ;
#1582 = LINE ( 'NONE', #3908, #1455 ) ;
#1583 = CARTESIAN_POINT ( 'NONE',  ( 290.3329351460580500, -174.4972571887578000, 1050.815414275616600 ) ) ;
#1584 = ADVANCED_FACE ( 'NONE', ( #439 ), #4603, .T. ) ;
#1585 = CARTESIAN_POINT ( 'NONE',  ( 149.7165701618229400, -108.5000000000017800, 971.6810602430971400 ) ) ;
#1586 = CARTESIAN_POINT ( 'NONE',  ( 75.67909591976528800, 839.0046633176066300, 609.1078739633437600 ) ) ;
#1587 = CIRCLE ( 'NONE', #4740, 318.6761969355989700 ) ;
#1588 = AXIS2_PLACEMENT_3D ( 'NONE', #4937, #2546, #5329 ) ;
#1589 = AXIS2_PLACEMENT_3D ( 'NONE', #1854, #4234, #1881 ) ;
#1590 = ORIENTED_EDGE ( 'NONE', *, *, #4957, .F. ) ;
#1591 = CARTESIAN_POINT ( 'NONE',  ( 29.92824144569164000, -133.6520857479775900, 630.4416839963514600 ) ) ;
#1592 = DIRECTION ( 'NONE',  ( -0.1993679344559921900, 0.0000000000000000000, -0.9799247046129365700 ) ) ;
#1593 = FACE_OUTER_BOUND ( 'NONE', #4102, .T. ) ;
#1594 = CARTESIAN_POINT ( 'NONE',  ( 82.63412633666213500, 28.17102281021263700, 792.1757692086208600 ) ) ;
#1595 = VERTEX_POINT ( 'NONE', #985 ) ;
#1596 = VECTOR ( 'NONE', #3844, 1000.000000000000100 ) ;
#1597 = CARTESIAN_POINT ( 'NONE',  ( 160.5498158199089300, -154.4999999999982700, 590.3674850747160000 ) ) ;
#1598 = CARTESIAN_POINT ( 'NONE',  ( 170.2316950835944200, -154.5000000000008200, 590.6186487626378000 ) ) ;
#1599 = CARTESIAN_POINT ( 'NONE',  ( -194.6043943229443000, -56.00000000000164800, 722.3814827039286700 ) ) ;
#1600 = VERTEX_POINT ( 'NONE', #51 ) ;
#1601 = EDGE_CURVE ( 'NONE', #2902, #3209, #3465, .T. ) ;
#1602 = CARTESIAN_POINT ( 'NONE',  ( 299.9999999999934600, -710.6076823182571600, 800.0000000000011400 ) ) ;
#1603 = LINE ( 'NONE', #3352, #4659 ) ;
#1604 = PLANE ( 'NONE',  #4215 ) ;
#1605 = CARTESIAN_POINT ( 'NONE',  ( 150.3343170477659800, -108.5000000000017800, 974.8536936399657400 ) ) ;
#1606 = CARTESIAN_POINT ( 'NONE',  ( 365.9490675730919500, -154.5000000000015600, 1039.709374357428700 ) ) ;
#1607 = ORIENTED_EDGE ( 'NONE', *, *, #4477, .F. ) ;
#1608 = VECTOR ( 'NONE', #3721, 1000.000000000000100 ) ;
#1609 = CARTESIAN_POINT ( 'NONE',  ( 23.57163313436461700, -43.00000000000092400, 633.4058998391593600 ) ) ;
#1610 = CARTESIAN_POINT ( 'NONE',  ( -200.0023237766678200, -43.00000000000160600, 725.1914669190118700 ) ) ;
#1611 = CARTESIAN_POINT ( 'NONE',  ( 289.3994161418897900, -198.4999999998594000, 1053.530527380373300 ) ) ;
#1612 = ORIENTED_EDGE ( 'NONE', *, *, #2717, .F. ) ;
#1613 = ORIENTED_EDGE ( 'NONE', *, *, #2140, .T. ) ;
#1614 = EDGE_CURVE ( 'NONE', #2902, #5345, #4514, .T. ) ;
#1615 = ADVANCED_FACE ( 'NONE', ( #1340 ), #539, .T. ) ;
#1616 = VECTOR ( 'NONE', #2800, 1000.000000000000000 ) ;
#1617 = EDGE_LOOP ( 'NONE', ( #4598, #19, #1561, #1159 ) ) ;
#1618 = CARTESIAN_POINT ( 'NONE',  ( 152.0620456741673900, -108.5000000000018000, 983.5572384555732700 ) ) ;
#1619 = CARTESIAN_POINT ( 'NONE',  ( 163.7189312392306400, -108.5000000000008200, 590.3980032445438200 ) ) ;
#1620 = ORIENTED_EDGE ( 'NONE', *, *, #5095, .F. ) ;
#1621 = EDGE_LOOP ( 'NONE', ( #543, #4309 ) ) ;
#1622 = CARTESIAN_POINT ( 'NONE',  ( 358.0135846799346400, -123.8333333333349200, 1052.189308186581500 ) ) ;
#1623 = AXIS2_PLACEMENT_3D ( 'NONE', #3570, #3522, #3485 ) ;
#1624 = CARTESIAN_POINT ( 'NONE',  ( 299.9999999999920400, -136.0000000000019900, 800.0000000000026100 ) ) ;
#1625 = ORIENTED_EDGE ( 'NONE', *, *, #3836, .T. ) ;
#1626 = CARTESIAN_POINT ( 'NONE',  ( 153.5005154949948900, -108.5000000000018300, 990.6494741399687900 ) ) ;
#1627 = CARTESIAN_POINT ( 'NONE',  ( 372.0631715283793700, -108.5000000000012800, 1029.892802189809300 ) ) ;
#1628 = STYLED_ITEM ( 'NONE', ( #2954 ), #3175 ) ;
#1629 = CARTESIAN_POINT ( 'NONE',  ( 15.86312646775314800, -73.21736191599318000, 637.0005459960580100 ) ) ;
#1630 = CARTESIAN_POINT ( 'NONE',  ( 317.3959486088030000, 30.99999973416031900, 722.0753571747925400 ) ) ;
#1631 = DIRECTION ( 'NONE',  ( 1.737858883903028800E-015, -1.000000000000000000, -2.389772395653982800E-015 ) ) ;
#1632 = LINE ( 'NONE', #322, #3619 ) ;
#1633 =( BOUNDED_CURVE ( )  B_SPLINE_CURVE ( 3, ( #1982, #3095, #1569, #4760 ),
 .UNSPECIFIED., .F., .F. ) 
 B_SPLINE_CURVE_WITH_KNOTS ( ( 4, 4 ),
 ( 0.0000000000000000000, 0.003277676584257709300 ),
 .UNSPECIFIED. ) 
 CURVE ( )  GEOMETRIC_REPRESENTATION_ITEM ( )  RATIONAL_B_SPLINE_CURVE ( ( 0.9999999999999995600, 0.9646482515381601400, 0.9646482515381601400, 0.9999999999999995600 ) ) 
 REPRESENTATION_ITEM ( '' )  );
#1634 = CARTESIAN_POINT ( 'NONE',  ( 151.2723964470629600, -108.5000000000018000, 979.6042461272102200 ) ) ;
#1635 = CARTESIAN_POINT ( 'NONE',  ( 158.9878693894191600, -123.8333333333341700, 590.3709355697992600 ) ) ;
#1636 = CARTESIAN_POINT ( 'NONE',  ( -5.624266716703907300, -109.8852076907073600, 647.0203421072515100 ) ) ;
#1637 = DIRECTION ( 'NONE',  ( -0.1888416664015815100, 0.0000000000000000000, -0.9820075483572789900 ) ) ;
#1638 = DIRECTION ( 'NONE',  ( 0.0000000000000000000, -2.775557561562888600E-015, 1.000000000000000000 ) ) ;
#1639 = ADVANCED_FACE ( 'NONE', ( #288 ), #4042, .F. ) ;
#1640 = CARTESIAN_POINT ( 'NONE',  ( 152.2209139441085600, -108.5000000000018000, 984.3471492108949400 ) ) ;
#1641 = CARTESIAN_POINT ( 'NONE',  ( 373.7317073739561700, -123.8333333333346800, 1027.180496448388800 ) ) ;
#1642 = CARTESIAN_POINT ( 'NONE',  ( -200.0000000000078200, -43.00000000000189700, 830.0000000198014000 ) ) ;
#1643 = LINE ( 'NONE', #1723, #2823 ) ;
#1644 = CARTESIAN_POINT ( 'NONE',  ( -7.552812479193335100, -103.4347238319854800, 647.9194880116882600 ) ) ;
#1645 = DIRECTION ( 'NONE',  ( 8.275558072368211800E-012, 1.609856533952937800E-011, 1.000000000000000000 ) ) ;
#1646 = CIRCLE ( 'NONE', #3022, 200.0000000000001700 ) ;
#1647 = EDGE_CURVE ( 'NONE', #3146, #4787, #3939, .T. ) ;
#1648 = CARTESIAN_POINT ( 'NONE',  ( 156.0414687853359500, -108.5000000000018500, 1002.691584077881700 ) ) ;
#1649 = CARTESIAN_POINT ( 'NONE',  ( 154.3949256214199000, -139.1666666666675100, 590.4518128700245800 ) ) ;
#1650 = CARTESIAN_POINT ( 'NONE',  ( 149.7165701618229700, -123.8333333333351000, 971.6810602430970200 ) ) ;
#1651 = VERTEX_POINT ( 'NONE', #3013 ) ;
#1652 = CARTESIAN_POINT ( 'NONE',  ( -194.6043943229443000, -69.00000000000166300, 722.3814827039286700 ) ) ;
#1653 = CARTESIAN_POINT ( 'NONE',  ( -176.3010186140994100, -69.00000000000173400, 725.6088616786944400 ) ) ;
#1654 = CARTESIAN_POINT ( 'NONE',  ( 152.5397445070737500, -108.5000000000018000, 985.9261689831117800 ) ) ;
#1655 = VERTEX_POINT ( 'NONE', #1045 ) ;
#1656 = EDGE_LOOP ( 'NONE', ( #1157, #2832, #4791, #4335, #872, #880, #4268, #2856, #3224, #2313 ) ) ;
#1657 = CARTESIAN_POINT ( 'NONE',  ( 380.8238636076314400, -139.1666666666680500, 1015.517954225785300 ) ) ;
#1658 = AXIS2_PLACEMENT_3D ( 'NONE', #1332, #5342, #2942 ) ;
#1659 = CARTESIAN_POINT ( 'NONE',  ( 471.2268572052943800, -108.5000000000009700, 855.4563735158791400 ) ) ;
#1660 = FACE_OUTER_BOUND ( 'NONE', #3856, .T. ) ;
#1661 = DIRECTION ( 'NONE',  ( 2.117227527313366500E-016, -1.000000000000000000, -2.518090931982620100E-015 ) ) ;
#1662 = CARTESIAN_POINT ( 'NONE',  ( -22.61043434002186800, -133.6520857479777400, 654.9410482513087600 ) ) ;
#1663 = VERTEX_POINT ( 'NONE', #3850 ) ;
#1665 = ORIENTED_EDGE ( 'NONE', *, *, #3192, .T. ) ;
#1664 = CARTESIAN_POINT ( 'NONE',  ( 219.6189667298463300, 27.99999999999862500, 596.1934156970196500 ) ) ;
#1666 = DIRECTION ( 'NONE',  ( 0.0000000000000000000, -2.364584906121907500E-015, 1.000000000000000000 ) ) ;
#1667 = LINE ( 'NONE', #4374, #3650 ) ;
#1668 = ADVANCED_FACE ( 'NONE', ( #4384 ), #407, .T. ) ;
#1669 = ORIENTED_EDGE ( 'NONE', *, *, #2976, .F. ) ;
#1670 = CARTESIAN_POINT ( 'NONE',  ( 152.6999450917374200, -108.5000000000018000, 986.7164464092852500 ) ) ;
#1671 = CARTESIAN_POINT ( 'NONE',  ( 149.2499155919780900, -154.5000000000008800, 590.6640424021229600 ) ) ;
#1672 = FACE_OUTER_BOUND ( 'NONE', #1855, .T. ) ;
#1673 = CONICAL_SURFACE ( 'NONE', #5296, 178.7460384745874600, 0.03490658503989003300 ) ;
#1674 = CARTESIAN_POINT ( 'NONE',  ( 151.5870057416650800, -139.1666666666684500, 981.1863593927073500 ) ) ;
#1675 = EDGE_CURVE ( 'NONE', #5243, #136, #3343, .T. ) ;
#1676 = VERTEX_POINT ( 'NONE', #2317 ) ;
#1677 = EDGE_LOOP ( 'NONE', ( #4397, #3697, #2676, #2729 ) ) ;
#1678 = CARTESIAN_POINT ( 'NONE',  ( 156.6705055945672900, -154.5000000000015300, 1005.540602786226400 ) ) ;
#1679 = LINE ( 'NONE', #1072, #374 ) ;
#1680 = DIRECTION ( 'NONE',  ( 0.0000000000000000000, 2.389772395653982800E-015, -1.000000000000000000 ) ) ;
#1681 = ORIENTED_EDGE ( 'NONE', *, *, #771, .T. ) ;
#1682 = ORIENTED_EDGE ( 'NONE', *, *, #1040, .T. ) ;
#1683 = CARTESIAN_POINT ( 'NONE',  ( 78.81155484859326100, 27.98299070679331600, 791.0407755744602100 ) ) ;
#1684 = CARTESIAN_POINT ( 'NONE',  ( -33.31752439940214600, -43.00000000000109400, 659.9337417444005500 ) ) ;
#1685 = DIRECTION ( 'NONE',  ( -1.737858883903028800E-015, 1.000000000000000000, 2.389772395653982800E-015 ) ) ;
#1686 = EDGE_CURVE ( 'NONE', #451, #5216, #954, .T. ) ;
#1687 = ORIENTED_EDGE ( 'NONE', *, *, #2646, .T. ) ;
#1688 = ORIENTED_EDGE ( 'NONE', *, *, #2683, .T. ) ;
#1689 = VECTOR ( 'NONE', #3529, 1000.000000000000000 ) ;
#1690 = CARTESIAN_POINT ( 'NONE',  ( 151.5870057416650200, -108.5000000000018000, 981.1863593927073500 ) ) ;
#1691 = CARTESIAN_POINT ( 'NONE',  ( 136.2506232092529500, -108.5000000000008500, 591.7995146641387700 ) ) ;
#1692 = CARTESIAN_POINT ( 'NONE',  ( 152.5397445070738300, -154.5000000000018200, 985.9261689831116700 ) ) ;
#1693 = AXIS2_PLACEMENT_3D ( 'NONE', #2308, #5100, #2702 ) ;
#1694 = CARTESIAN_POINT ( 'NONE',  ( 283.7383055296284100, 68.99999999999869300, 853.3315154742532500 ) ) ;
#1695 = CARTESIAN_POINT ( 'NONE',  ( 149.7165701618230300, -154.4999999999992300, 971.6810602430969100 ) ) ;
#1696 = ADVANCED_FACE ( 'NONE', ( #5349 ), #176, .T. ) ;
#1697 = CARTESIAN_POINT ( 'NONE',  ( 54.67745700207763800, -140.8836479819302700, 790.2524852686647100 ) ) ;
#1698 = CARTESIAN_POINT ( 'NONE',  ( -200.0000000000078200, -43.00000000000182600, 800.0000000198014000 ) ) ;
#1699 = CARTESIAN_POINT ( 'NONE',  ( 80.08585038691046500, 28.05486418967430500, 791.4186351430935200 ) ) ;
#1700 = VERTEX_POINT ( 'NONE', #1524 ) ;
#1701 = CARTESIAN_POINT ( 'NONE',  ( -40.56183656843256800, -73.21736191599333700, 663.3118668549410600 ) ) ;
#1702 = CARTESIAN_POINT ( 'NONE',  ( -23.63790980913102400, -43.00000000000177600, 655.4201543329105600 ) ) ;
#1703 = VECTOR ( 'NONE', #5005, 1000.000000000000000 ) ;
#1704 = MANIFOLD_SOLID_BREP ( 'Cut-Extrude2', #889 ) ;
#1705 = CARTESIAN_POINT ( 'NONE',  ( 155.4090066689474300, -108.5000000000018300, 999.7533585686685500 ) ) ;
#1707 = EDGE_CURVE ( 'NONE', #129, #4600, #2291, .T. ) ;
#1706 = CARTESIAN_POINT ( 'NONE',  ( 126.7219423757642900, -123.8333333333342200, 593.1813926210516000 ) ) ;
#1708 = CARTESIAN_POINT ( 'NONE',  ( 155.4090066689474300, -108.5000000000017900, 999.7533585686685500 ) ) ;
#1709 = DIRECTION ( 'NONE',  ( 0.006292495596173093000, 0.9996313384200474800, 0.02641196220875598500 ) ) ;
#1710 = CARTESIAN_POINT ( 'NONE',  ( -174.2543743728414800, -60.33333333333493400, 725.6537652020888300 ) ) ;
#1711 = LINE ( 'NONE', #3496, #417 ) ;
#1712 = DIRECTION ( 'NONE',  ( -1.737858883903028800E-015, 1.000000000000000000, 2.389772395653982800E-015 ) ) ;
#1713 = EDGE_CURVE ( 'NONE', #1754, #194, #1016, .T. ) ;
#1714 = VERTEX_POINT ( 'NONE', #2349 ) ;
#1715 = CARTESIAN_POINT ( 'NONE',  ( 81.37510363835014000, 29.12462285751647100, 791.7463824342331700 ) ) ;
#1716 = CARTESIAN_POINT ( 'NONE',  ( -45.35363362018841800, -103.4347238319855600, 665.5463626410604500 ) ) ;
#1717 = CARTESIAN_POINT ( 'NONE',  ( 219.6189667298462200, 41.66666666666594700, 596.1934156970196500 ) ) ;
#1718 = ADVANCED_FACE ( 'NONE', ( #1795 ), #4346, .T. ) ;
#1719 = ORIENTED_EDGE ( 'NONE', *, *, #1375, .F. ) ;
#1720 = LINE ( 'NONE', #4626, #4643 ) ;
#1721 = AXIS2_PLACEMENT_3D ( 'NONE', #4646, #4549, #4627 ) ;
#1722 = CARTESIAN_POINT ( 'NONE',  ( 77.59530468591447100, 28.49127406952864000, 790.7854971566580400 ) ) ;
#1723 = CARTESIAN_POINT ( 'NONE',  ( -132.3785036721845900, 839.0046633176069700, 840.3739788786990600 ) ) ;
#1724 = VERTEX_POINT ( 'NONE', #5138 ) ;
#1725 = CARTESIAN_POINT ( 'NONE',  ( 123.6802158415374300, -108.5000000000008000, 593.7324444481788500 ) ) ;
#1726 = CONICAL_SURFACE ( 'NONE', #2197, 80.00000000000001400, 0.05235987755984940200 ) ;
#1727 = DIRECTION ( 'NONE',  ( -1.731861749056300300E-015, 1.000000000000000000, 5.093711026636171800E-016 ) ) ;
#1728 = CARTESIAN_POINT ( 'NONE',  ( -174.2543743728415100, -43.00000000000159200, 725.6537652020890600 ) ) ;
#1729 = AXIS2_PLACEMENT_3D ( 'NONE', #3320, #4119, #1749 ) ;
#1730 = CARTESIAN_POINT ( 'NONE',  ( 71.48927693510131600, -79.44390510206571300, 611.0616546648125200 ) ) ;
#1731 = ORIENTED_EDGE ( 'NONE', *, *, #4896, .T. ) ;
#1732 = LINE ( 'NONE', #2930, #591 ) ;
#1733 = ORIENTED_EDGE ( 'NONE', *, *, #1774, .F. ) ;
#1734 = AXIS2_PLACEMENT_3D ( 'NONE', #4296, #3541, #1139 ) ;
#1735 = CARTESIAN_POINT ( 'NONE',  ( 82.67956978037190700, 31.19226671036892600, 792.0240939016025500 ) ) ;
#1736 = CARTESIAN_POINT ( 'NONE',  ( 130.2334627276248700, 68.99999999999892000, 592.6275745847023000 ) ) ;
#1737 = CARTESIAN_POINT ( 'NONE',  ( 204.7693187003626500, 55.33333333333257500, 593.4109074106518200 ) ) ;
#1738 = ORIENTED_EDGE ( 'NONE', *, *, #3248, .F. ) ;
#1739 = ORIENTED_EDGE ( 'NONE', *, *, #2654, .T. ) ;
#1740 = VECTOR ( 'NONE', #73, 1000.000000000000000 ) ;
#1741 = CARTESIAN_POINT ( 'NONE',  ( 154.1385372764644000, -108.5000000000018300, 993.7324924846865300 ) ) ;
#1742 = ORIENTED_EDGE ( 'NONE', *, *, #440, .F. ) ;
#1743 = ORIENTED_EDGE ( 'NONE', *, *, #3735, .F. ) ;
#1744 = FILL_AREA_STYLE_COLOUR ( '', #484 ) ;
#1745 = LINE ( 'NONE', #3088, #606 ) ;
#1746 = EDGE_CURVE ( 'NONE', #3281, #1724, #2840, .T. ) ;
#1747 = CARTESIAN_POINT ( 'NONE',  ( 120.7202068672278900, -139.1666666688013800, 594.3035751471819600 ) ) ;
#1748 = ORIENTED_EDGE ( 'NONE', *, *, #2023, .F. ) ;
#1749 = DIRECTION ( 'NONE',  ( -0.8893710152935500000, 0.4571861734082953200, 0.0000000000000000000 ) ) ;
#1750 = ORIENTED_EDGE ( 'NONE', *, *, #5325, .T. ) ;
#1751 = ADVANCED_FACE ( 'NONE', ( #656 ), #3566, .T. ) ;
#1752 = ORIENTED_EDGE ( 'NONE', *, *, #135, .F. ) ;
#1753 = CARTESIAN_POINT ( 'NONE',  ( 65.18098481774214300, -115.8878102041305700, 614.0033642424596100 ) ) ;
#1754 = VERTEX_POINT ( 'NONE', #727 ) ;
#1755 = CARTESIAN_POINT ( 'NONE',  ( 133.0007899639355700, -108.5000000000009000, 592.2187407883971000 ) ) ;
#1756 = DIRECTION ( 'NONE',  ( -0.9063077870199147700, -0.0000000000000000000, 0.4226182617765882900 ) ) ;
#1757 = EDGE_CURVE ( 'NONE', #1434, #1595, #3768, .T. ) ;
#1758 =( BOUNDED_SURFACE ( )  B_SPLINE_SURFACE ( 3, 3, ( 
 ( #4618, #3433, #3824, #1449 ),
 ( #4225, #1859, #4633, #2256 ),
 ( #5053, #2655, #106, #3048 ),
 ( #589, #3446, #1037, #3843 ) ),
 .UNSPECIFIED., .F., .F., .F. ) 
 B_SPLINE_SURFACE_WITH_KNOTS ( ( 4, 4 ),
 ( 4, 4 ),
 ( 0.0000000000000000000, 1.000000000000000000 ),
 ( 0.0000000000000000000, 1.000000000000000000 ),
 .UNSPECIFIED. ) 
 GEOMETRIC_REPRESENTATION_ITEM ( )  RATIONAL_B_SPLINE_SURFACE ( (
 ( 1.000000000000000000, 1.000000000000000000, 1.000000000000000000, 1.000000000000000000),
 ( 0.9646482515381601400, 0.9646482515381601400, 0.9646482515381601400, 0.9646482515381601400),
 ( 0.9646482515381601400, 0.9646482515381601400, 0.9646482515381601400, 0.9646482515381601400),
 ( 1.000000000000000000, 1.000000000000000000, 1.000000000000000000, 1.000000000000000000) ) ) 
 REPRESENTATION_ITEM ( '' )  SURFACE ( )  );
#1759 = CARTESIAN_POINT ( 'NONE',  ( 176.3921312729094100, -154.4999999999982400, 591.0263418615639900 ) ) ;
#1760 = DIRECTION ( 'NONE',  ( -0.9993908270204776600, 0.0000000000000000000, -0.03489949666292525100 ) ) ;
#1761 = CARTESIAN_POINT ( 'NONE',  ( -200.0000000000078400, -35.00000000000181900, 800.0000000198014000 ) ) ;
#1762 = FACE_OUTER_BOUND ( 'NONE', #4438, .T. ) ;
#1763 = CARTESIAN_POINT ( 'NONE',  ( 116.3218295843898600, -154.5000000032015900, 595.2408312412751500 ) ) ;
#1764 = CARTESIAN_POINT ( 'NONE',  ( 80.70790477230133300, 28.40943420374051700, 791.6239369213515100 ) ) ;
#1765 = AXIS2_PLACEMENT_3D ( 'NONE', #3191, #2427, #5210 ) ;
#1766 = CARTESIAN_POINT ( 'NONE',  ( 58.83686441834773000, -152.3317153061953800, 616.9617263242618000 ) ) ;
#1767 = CARTESIAN_POINT ( 'NONE',  ( 162.1269082712411800, -108.5000000000008700, 590.3763885167012400 ) ) ;
#1768 = CARTESIAN_POINT ( 'NONE',  ( 314.8315843856104800, -150.5000000000027300, 1089.620482881673300 ) ) ;
#1769 = CARTESIAN_POINT ( 'NONE',  ( 156.6705055945672000, -108.5000000000018200, 1005.540602786226400 ) ) ;
#1770 = ADVANCED_FACE ( 'NONE', ( #515 ), #5192, .F. ) ;
#1771 = VECTOR ( 'NONE', #4381, 1000.000000000000000 ) ;
#1772 = CARTESIAN_POINT ( 'NONE',  ( 173.5713779260462100, -154.4999999999982400, 590.8144930838966500 ) ) ;
#1774 = EDGE_CURVE ( 'NONE', #603, #5244, #1477, .T. ) ;
#1773 = CARTESIAN_POINT ( 'NONE',  ( 72.67902439268861800, 30.29744577741785200, 790.0431409023444800 ) ) ;
#1775 = DIRECTION ( 'NONE',  ( 1.010449049093596500E-016, 1.000000000000000000, 2.930302242371429400E-015 ) ) ;
#1776 = FACE_OUTER_BOUND ( 'NONE', #1617, .T. ) ;
#1777 = CARTESIAN_POINT ( 'NONE',  ( 110.5425232596998100, -108.5000000000008200, 596.6311160947966500 ) ) ;
#1778 = CARTESIAN_POINT ( 'NONE',  ( 81.53821607497164300, 28.29090837080806900, 791.8501423181842300 ) ) ;
#1779 = ORIENTED_EDGE ( 'NONE', *, *, #4096, .F. ) ;
#1780 = DIRECTION ( 'NONE',  ( -0.6586744367898532700, 1.708611887086600600E-015, -0.7524280605609878800 ) ) ;
#1781 = CARTESIAN_POINT ( 'NONE',  ( 50.31613958882468300, -43.00000000000095200, 620.9349357631736000 ) ) ;
#1782 = EDGE_CURVE ( 'NONE', #4408, #2066, #1667, .T. ) ;
#1783 = CARTESIAN_POINT ( 'NONE',  ( 67.61771053441171400, 31.10201918841576700, 789.6673948282974600 ) ) ;
#1784 = CARTESIAN_POINT ( 'NONE',  ( 228.8627196564008800, 27.99999999999886000, 836.5990074362341600 ) ) ;
#1785 = VERTEX_POINT ( 'NONE', #1610 ) ;
#1787 = ORIENTED_EDGE ( 'NONE', *, *, #2866, .F. ) ;
#1786 = CARTESIAN_POINT ( 'NONE',  ( 161.7782627898010000, -108.5000000000018600, 1028.592445563547200 ) ) ;
#1788 = CARTESIAN_POINT ( 'NONE',  ( 156.6705055945672000, -108.5000000000018300, 1005.540602786226400 ) ) ;
#1789 = LINE ( 'NONE', #2807, #3518 ) ;
#1790 = ORIENTED_EDGE ( 'NONE', *, *, #3628, .T. ) ;
#1791 = ORIENTED_EDGE ( 'NONE', *, *, #1318, .T. ) ;
#1792 = STYLED_ITEM ( 'NONE', ( #4594 ), #742 ) ;
#1793 = CARTESIAN_POINT ( 'NONE',  ( 49.31249507700221800, -43.00000000000147100, 621.4028753027671400 ) ) ;
#1794 = CARTESIAN_POINT ( 'NONE',  ( 70.56482735228596000, 30.99738161953721500, 789.8130285205346600 ) ) ;
#1795 = FACE_OUTER_BOUND ( 'NONE', #5099, .T. ) ;
#1796 = SURFACE_STYLE_USAGE ( .BOTH. , #4162 ) ;
#1797 = EDGE_LOOP ( 'NONE', ( #5285, #2164 ) ) ;
#1798 = CARTESIAN_POINT ( 'NONE',  ( 106.2751262208143400, -123.8333333344010800, 597.7753237106017000 ) ) ;
#1799 = B_SPLINE_CURVE_WITH_KNOTS ( 'NONE', 3,
 ( #4044, #4032, #4065, #3971, #4023, #4002 ),
 .UNSPECIFIED., .F., .F.,
 ( 4, 1, 1, 4 ),
 ( 5.551115123125782700E-017, 0.001762407941254080400, 0.003537541575863843500, 0.005325415208471690400 ),
 .UNSPECIFIED. ) ;
#1800 = CARTESIAN_POINT ( 'NONE',  ( 82.63411762296226500, 28.17183778351159200, 792.1757977858900400 ) ) ;
#1801 = ADVANCED_FACE ( 'NONE', ( #2599 ), #3984, .T. ) ;
#1802 = VECTOR ( 'NONE', #3938, 1000.000000000000000 ) ;
#1803 = CARTESIAN_POINT ( 'NONE',  ( -132.3785036803142800, -43.00000000000122200, 590.3231384911370000 ) ) ;
#1804 = CARTESIAN_POINT ( 'NONE',  ( 43.87492226066876800, -79.44390510206579800, 623.9384306695643500 ) ) ;
#1805 = ORIENTED_EDGE ( 'NONE', *, *, #468, .T. ) ;
#1806 = ORIENTED_EDGE ( 'NONE', *, *, #3923, .F. ) ;
#1807 = CARTESIAN_POINT ( 'NONE',  ( 75.37672057574707200, 29.22219303486736000, 790.4472593143096900 ) ) ;
#1808 = LINE ( 'NONE', #1905, #672 ) ;
#1809 =( LENGTH_UNIT ( ) NAMED_UNIT ( * ) SI_UNIT ( .MILLI., .METRE. ) );
#1810 = CARTESIAN_POINT ( 'NONE',  ( 245.4385533639985200, -154.5000000000024700, 968.6009020022008800 ) ) ;
#1811 = ORIENTED_EDGE ( 'NONE', *, *, #832, .F. ) ;
#1812 = ORIENTED_EDGE ( 'NONE', *, *, #3438, .F. ) ;
#1813 = VERTEX_POINT ( 'NONE', #1205 ) ;
#1814 = VERTEX_POINT ( 'NONE', #298 ) ;
#1815 = CARTESIAN_POINT ( 'NONE',  ( 149.1055233341456900, 839.0046633176065100, 968.5035168089018500 ) ) ;
#1816 = CARTESIAN_POINT ( 'NONE',  ( 68.73843947892373800, 31.64933906342038500, 789.6752166653821000 ) ) ;
#1817 = ORIENTED_EDGE ( 'NONE', *, *, #1757, .F. ) ;
#1818 = ORIENTED_EDGE ( 'NONE', *, *, #3382, .F. ) ;
#1819 = CARTESIAN_POINT ( 'NONE',  ( 102.0678257584715900, -139.1666666688013800, 599.0032188589594900 ) ) ;
#1820 = PLANE ( 'NONE',  #3055 ) ;
#1821 = CARTESIAN_POINT ( 'NONE',  ( 166.9468606990896300, -154.4999999999982700, 590.4807848033432300 ) ) ;
#1822 = CARTESIAN_POINT ( 'NONE',  ( 49.31249915749126000, -646.7632205590530200, 590.3693917057446500 ) ) ;
#1823 = CARTESIAN_POINT ( 'NONE',  ( 39.55802175433757400, -115.8878102041306200, 625.9514074692074200 ) ) ;
#1824 = CARTESIAN_POINT ( 'NONE',  ( 67.18552779717779800, 33.32401543273036300, 789.5431209133430500 ) ) ;
#1825 = DIRECTION ( 'NONE',  ( -0.0000000000000000000, 2.389772395653985900E-015, -1.000000000000000000 ) ) ;
#1826 = DIRECTION ( 'NONE',  ( -1.737858883903029000E-015, 1.000000000000000000, 2.389772395653983200E-015 ) ) ;
#1827 = DIRECTION ( 'NONE',  ( 2.119053607348278900E-015, -1.000000000000000000, -4.074974933495534700E-016 ) ) ;
#1828 = CYLINDRICAL_SURFACE ( 'NONE', #3946, 2.499999999999946700 ) ;
#1829 = EDGE_CURVE ( 'NONE', #4991, #4036, #2269, .T. ) ;
#1830 = ADVANCED_FACE ( 'NONE', ( #361 ), #3521, .F. ) ;
#1831 = CARTESIAN_POINT ( 'NONE',  ( 149.1055233341476800, -108.5000000000017900, 968.5035168089016200 ) ) ;
#1832 = LINE ( 'NONE', #1401, #1703 ) ;
#1833 = CARTESIAN_POINT ( 'NONE',  ( -198.7651922727978900, -69.00000000000166300, 723.3828766568830100 ) ) ;
#1834 = CARTESIAN_POINT ( 'NONE',  ( 80.98527358029493000, 27.99999999999896300, 791.6843832898448500 ) ) ;
#1835 = CARTESIAN_POINT ( 'NONE',  ( 96.58171677884502100, -154.5000000032016500, 600.7511989186455100 ) ) ;
#1837 = CARTESIAN_POINT ( 'NONE',  ( 348.6141140432362100, -174.4972571887582000, 1035.932812104362000 ) ) ;
#1836 = AXIS2_PLACEMENT_3D ( 'NONE', #4613, #84, #3020 ) ;
#1838 = CARTESIAN_POINT ( 'NONE',  ( 176.9597527035186900, 68.99999999999920400, 591.0726606892370700 ) ) ;
#1839 = DIRECTION ( 'NONE',  ( 1.737858883903028800E-015, -1.000000000000000000, -2.389772395653982800E-015 ) ) ;
#1840 = DIRECTION ( 'NONE',  ( 0.03489949666292901200, -0.0000000000000000000, -0.9993908270204775500 ) ) ;
#1841 = CARTESIAN_POINT ( 'NONE',  ( 109.1135213395271500, -108.5000000000009000, 597.0030355674908800 ) ) ;
#1842 = CYLINDRICAL_SURFACE ( 'NONE', #2334, 30.00000000000002800 ) ;
#1843 = CARTESIAN_POINT ( 'NONE',  ( 164.3155655347232500, -108.5000000000019000, 1039.944042294746900 ) ) ;
#1844 = EDGE_CURVE ( 'NONE', #2126, #4844, #2722, .T. ) ;
#1845 = CARTESIAN_POINT ( 'NONE',  ( -207.1647672749907400, -60.33333333333506900, 740.5513765705120500 ) ) ;
#1846 = CARTESIAN_POINT ( 'NONE',  ( 82.44955727382981100, 27.99999999999898000, 792.1122466153772200 ) ) ;
#1847 = ORIENTED_EDGE ( 'NONE', *, *, #168, .F. ) ;
#1848 = CARTESIAN_POINT ( 'NONE',  ( 85.93896304316365300, -108.5000000000008700, 604.6613936239577900 ) ) ;
#1849 = FACE_BOUND ( 'NONE', #4217, .T. ) ;
#1850 = CARTESIAN_POINT ( 'NONE',  ( -173.3165224756171200, 839.0046633176066300, 725.2164376801541700 ) ) ;
#1851 = DIRECTION ( 'NONE',  ( 1.737858883903028800E-015, -1.000000000000000000, -2.389772395653982800E-015 ) ) ;
#1852 = DIRECTION ( 'NONE',  ( 1.737858883903028800E-015, -1.000000000000000000, -2.389772395653982800E-015 ) ) ;
#1853 = CARTESIAN_POINT ( 'NONE',  ( 157.6525075219026600, 27.99999999999914700, 590.3478873231174500 ) ) ;
#1854 = CARTESIAN_POINT ( 'NONE',  ( 479.8885385507987800, 839.0046633176075400, 806.3335375624151300 ) ) ;
#1855 = EDGE_LOOP ( 'NONE', ( #4155, #3481, #2177, #4400 ) ) ;
#1856 = VECTOR ( 'NONE', #1860, 1000.000000000000000 ) ;
#1857 = EDGE_CURVE ( 'NONE', #5102, #655, #1538, .T. ) ;
#1858 = CARTESIAN_POINT ( 'NONE',  ( -200.0000000000079600, 34.99999999999818800, 800.0000000198016300 ) ) ;
#1859 = CARTESIAN_POINT ( 'NONE',  ( -198.7651922727978900, -51.66666666666832000, 723.3828766568829000 ) ) ;
#1860 = DIRECTION ( 'NONE',  ( 1.737858883903028800E-015, -1.000000000000000000, -2.389772395653982800E-015 ) ) ;
#1861 = EDGE_LOOP ( 'NONE', ( #2550, #1078, #1590, #1204 ) ) ;
#1862 = B_SPLINE_CURVE_WITH_KNOTS ( 'NONE', 3,
 ( #338, #1228, #1664, #4429, #2080, #4859 ),
 .UNSPECIFIED., .F., .F.,
 ( 4, 2, 4 ),
 ( 2.775557561562891400E-017, 0.01137856958675754200, 0.02275711355469748100 ),
 .UNSPECIFIED. ) ;
#1863 = FACE_OUTER_BOUND ( 'NONE', #711, .T. ) ;
#1864 = AXIS2_PLACEMENT_3D ( 'NONE', #2748, #3542, #1140 ) ;
#1865 = CARTESIAN_POINT ( 'NONE',  ( 69.60192609626955100, 31.32116956798441300, 789.7128603989609700 ) ) ;
#1866 = CARTESIAN_POINT ( 'NONE',  ( 156.6705055945672000, -108.5000000000018300, 1005.540602786226400 ) ) ;
#1867 = ORIENTED_EDGE ( 'NONE', *, *, #4300, .T. ) ;
#1869 = EDGE_LOOP ( 'NONE', ( #4656, #1924, #4966, #3511 ) ) ;
#1868 = CARTESIAN_POINT ( 'NONE',  ( -199.5329956423533100, -69.00000000000172000, 724.1849894868801100 ) ) ;
#1870 = B_SPLINE_CURVE_WITH_KNOTS ( 'NONE', 3,
 ( #2925, #2474, #1329, #4121, #1755, #4516, #2145, #4944, #2556, #5339, #2940, #465, #3344, #920, #3736, #1352, #4133, #1767, #4535, #2166, #4956, #2571, #5, #2955, #480, #3366, #939, #3749 ),
 .UNSPECIFIED., .F., .F.,
 ( 4, 1, 1, 1, 1, 1, 1, 1, 1, 1, 1, 1, 1, 1, 1, 1, 1, 1, 1, 1, 1, 1, 1, 1, 1, 4 ),
 ( 0.0000000000000000000, 0.003139895233994547900, 0.006339310025043666700, 0.009597234131913125900, 0.01291262478784448200, 0.01628440725580862500, 0.01971147548907891500, 0.02319269290512534700, 0.02672689328057622400, 0.02819207455646603000, 0.02967127107643500700, 0.03116436416559774700, 0.03267123352980659500, 0.03419175727441938600, 0.03572581192460784500, 0.03727327244725558300, 0.03883401227449521900, 0.04040790332892926800, 0.04199481605058440200, 0.04359461942564158600, 0.04520718101699002700, 0.04683236699664618300, 0.04847004218008332800, 0.05012007006251137400, 0.05178231285714911300, 0.05345663153552746700 ),
 .UNSPECIFIED. ) ;
#1871 = CARTESIAN_POINT ( 'NONE',  ( 39.55802175433755300, -97.66585765309821500, 625.9514074692074200 ) ) ;
#1872 = VECTOR ( 'NONE', #714, 1000.000000000000000 ) ;
#1873 = ORIENTED_EDGE ( 'NONE', *, *, #1114, .T. ) ;
#1874 = DIRECTION ( 'NONE',  ( 0.0000000000000000000, -2.389772395653985900E-015, 1.000000000000000000 ) ) ;
#1875 = EDGE_LOOP ( 'NONE', ( #4730, #1092, #2168, #149 ) ) ;
#1876 = DIRECTION ( 'NONE',  ( -0.1888416664015815100, 1.883100139166092100E-015, -0.9820075483572789900 ) ) ;
#1877 = DIRECTION ( 'NONE',  ( -0.7521702222569454100, 0.02617694830787071000, 0.6584487255111248800 ) ) ;
#1878 = CARTESIAN_POINT ( 'NONE',  ( 138.1361606636832300, 41.66666666666580500, 591.5515098504378100 ) ) ;
#1879 = CYLINDRICAL_SURFACE ( 'NONE', #3486, 180.0000000000000600 ) ;
#1880 = VERTEX_POINT ( 'NONE', #2457 ) ;
#1881 = DIRECTION ( 'NONE',  ( -0.1736481776279283900, 0.0000000000000000000, 0.9848077530190850700 ) ) ;
#1882 = CARTESIAN_POINT ( 'NONE',  ( 116.3218295843897700, -108.5000000000008800, 595.2408312412748000 ) ) ;
#1883 = VERTEX_POINT ( 'NONE', #5248 ) ;
#1885 = ORIENTED_EDGE ( 'NONE', *, *, #4917, .T. ) ;
#1884 = DIRECTION ( 'NONE',  ( 0.03607424966132387300, 0.9987827659587186200, -0.03363978203294405700 ) ) ;
#1886 = ORIENTED_EDGE ( 'NONE', *, *, #578, .T. ) ;
#1887 = DIRECTION ( 'NONE',  ( 0.9510565163073891900, 0.0000000000000000000, 0.3090169943372900200 ) ) ;
#1888 = EDGE_CURVE ( 'NONE', #144, #3204, #4583, .T. ) ;
#1889 = ORIENTED_EDGE ( 'NONE', *, *, #2484, .T. ) ;
#1890 = CARTESIAN_POINT ( 'NONE',  ( 73.46405593543269700, 30.05493275461839200, 790.1442436575071000 ) ) ;
#1891 = CARTESIAN_POINT ( 'NONE',  ( 83.49521685409878600, -710.6076823182573900, 792.2739606891142300 ) ) ;
#1892 = CARTESIAN_POINT ( 'NONE',  ( 82.63596588513431100, 27.99897386313730900, 792.1697362636541600 ) ) ;
#1893 = DIRECTION ( 'NONE',  ( 0.3090169943372901300, -0.0000000000000000000, -0.9510565163073891900 ) ) ;
#1894 = CARTESIAN_POINT ( 'NONE',  ( 233.5280469670973100, -139.1666666666674000, 595.8431028425336500 ) ) ;
#1895 = EDGE_CURVE ( 'NONE', #4874, #201, #1862, .T. ) ;
#1896 = CARTESIAN_POINT ( 'NONE',  ( 190.2696970427609800, -154.5000000000010800, 592.1917696218131400 ) ) ;
#1897 = CARTESIAN_POINT ( 'NONE',  ( 293.6060841296355200, -154.5000000000033000, 977.0941372683213300 ) ) ;
#1898 = ORIENTED_EDGE ( 'NONE', *, *, #4320, .F. ) ;
#1899 = DIRECTION ( 'NONE',  ( 0.9565220583341055300, 0.0000000000000000000, 0.2916599936917747000 ) ) ;
#1900 =( BOUNDED_CURVE ( )  B_SPLINE_CURVE ( 3, ( #1240, #5236, #4833, #1653 ),
 .UNSPECIFIED., .F., .F. ) 
 B_SPLINE_CURVE_WITH_KNOTS ( ( 4, 4 ),
 ( 0.0000000000000000000, 0.003062591940453895200 ),
 .UNSPECIFIED. ) 
 CURVE ( )  GEOMETRIC_REPRESENTATION_ITEM ( )  RATIONAL_B_SPLINE_CURVE ( ( 1.000000000000000000, 0.9691388770248035000, 0.9691388770248035000, 1.000000000000000000 ) ) 
 REPRESENTATION_ITEM ( '' )  );
#1901 = LINE ( 'NONE', #1611, #4947 ) ;
#1902 = CARTESIAN_POINT ( 'NONE',  ( 299.9999999999923800, -154.5000000000007100, 800.0000000000025000 ) ) ;
#1903 = DIRECTION ( 'NONE',  ( 0.9510565163073891900, 0.0000000000000000000, 0.3090169943372901300 ) ) ;
#1904 = CARTESIAN_POINT ( 'NONE',  ( 49.60538400670768800, 68.99999999999761300, 791.6115431319386700 ) ) ;
#1905 = CARTESIAN_POINT ( 'NONE',  ( 223.9350259148749300, -174.4972571887584500, 1039.096863787619200 ) ) ;
#1906 = AXIS2_PLACEMENT_3D ( 'NONE', #3402, #3378, #3331 ) ;
#1907 = CARTESIAN_POINT ( 'NONE',  ( 74.23029607149757700, 29.83087516980285200, 790.2604905159464600 ) ) ;
#1908 = CARTESIAN_POINT ( 'NONE',  ( 84.73256594081601600, 27.96942870131502400, 792.8134215122597700 ) ) ;
#1909 = DIRECTION ( 'NONE',  ( 0.0000000000000000000, -2.389772395653985900E-015, 1.000000000000000000 ) ) ;
#1910 = PRESENTATION_LAYER_ASSIGNMENT (  '', '', ( #1628 ) ) ;
#1911 = CARTESIAN_POINT ( 'NONE',  ( 229.9999495005509400, -154.5000000000007400, 595.5323155529654300 ) ) ;
#1912 = DIRECTION ( 'NONE',  ( 1.737858883903029000E-015, -1.000000000000000000, -2.389772395653983200E-015 ) ) ;
#1913 = DIRECTION ( 'NONE',  ( -0.9659258262788196200, 0.0000000000000000000, 0.2588190451407693700 ) ) ;
#1914 = CARTESIAN_POINT ( 'NONE',  ( 190.2696970427621700, 27.99999999999921100, 592.1917696218138200 ) ) ;
#1915 = VECTOR ( 'NONE', #1174, 1000.000000000000000 ) ;
#1916 = CIRCLE ( 'NONE', #1906, 180.0000000000001700 ) ;
#1917 = EDGE_LOOP ( 'NONE', ( #2777, #2978 ) ) ;
#1918 = CARTESIAN_POINT ( 'NONE',  ( -200.0000000000078400, -35.00000000000181900, 800.0000000198014000 ) ) ;
#1919 = VERTEX_POINT ( 'NONE', #2476 ) ;
#1920 = ORIENTED_EDGE ( 'NONE', *, *, #2094, .T. ) ;
#1921 = CARTESIAN_POINT ( 'NONE',  ( 75.02133624944065100, 29.06986223319114500, 790.3631839974185600 ) ) ;
#1922 = CARTESIAN_POINT ( 'NONE',  ( 86.10696440213755000, 27.99999999999857900, 793.2346971438879600 ) ) ;
#1923 = FACE_OUTER_BOUND ( 'NONE', #4925, .T. ) ;
#1924 = ORIENTED_EDGE ( 'NONE', *, *, #1292, .T. ) ;
#1925 = CARTESIAN_POINT ( 'NONE',  ( 471.2692413168877600, -154.5000000000018200, 855.2160012743034900 ) ) ;
#1926 = ORIENTED_EDGE ( 'NONE', *, *, #513, .F. ) ;
#1927 = CARTESIAN_POINT ( 'NONE',  ( 66.75977321237567700, 32.40358712223434200, 789.5894435738177900 ) ) ;
#1928 = DIRECTION ( 'NONE',  ( 0.0000000000000000000, -2.312964634635740700E-015, 1.000000000000000000 ) ) ;
#1929 = PLANE ( 'NONE',  #4219 ) ;
#1930 = CARTESIAN_POINT ( 'NONE',  ( 186.9360357044691900, 41.66666666666590400, 591.9114661042635800 ) ) ;
#1931 = DIRECTION ( 'NONE',  ( -1.276780878010794600E-015, 1.000000000000000000, -2.251309171938090700E-016 ) ) ;
#1932 = ORIENTED_EDGE ( 'NONE', *, *, #1179, .T. ) ;
#1933 = EDGE_CURVE ( 'NONE', #5346, #3454, #3753, .T. ) ;
#1934 = CARTESIAN_POINT ( 'NONE',  ( 91.21434392140628200, -154.5000000000016500, 602.6375925670545300 ) ) ;
#1935 = FACE_OUTER_BOUND ( 'NONE', #924, .T. ) ;
#1936 = CARTESIAN_POINT ( 'NONE',  ( 159.2312392569331200, -108.5000000000018300, 1017.138617408112500 ) ) ;
#1937 = ORIENTED_EDGE ( 'NONE', *, *, #2829, .T. ) ;
#1938 = ORIENTED_EDGE ( 'NONE', *, *, #3828, .T. ) ;
#1939 = LINE ( 'NONE', #1891, #3907 ) ;
#1940 = CARTESIAN_POINT ( 'NONE',  ( 76.99134682981127800, 28.02544365402420800, 790.7085505810648600 ) ) ;
#1941 = DIRECTION ( 'NONE',  ( 0.8514737742429409100, 2.732931189484822800E-015, -0.5243971889479208700 ) ) ;
#1942 = ORIENTED_EDGE ( 'NONE', *, *, #1507, .F. ) ;
#1943 = CARTESIAN_POINT ( 'NONE',  ( -200.0000000000093800, 839.0046633176062900, 800.0000000198033400 ) ) ;
#1944 = ORIENTED_EDGE ( 'NONE', *, *, #1077, .F. ) ;
#1945 = EDGE_LOOP ( 'NONE', ( #1984, #4027, #46, #4743 ) ) ;
#1946 = ORIENTED_EDGE ( 'NONE', *, *, #3828, .F. ) ;
#1947 = LINE ( 'NONE', #5080, #4726 ) ;
#1948 = CARTESIAN_POINT ( 'NONE',  ( 163.7189312392307300, -154.4999999999982700, 590.3980032445437000 ) ) ;
#1949 = CARTESIAN_POINT ( 'NONE',  ( 299.9999999999923800, -154.5000000000000600, 800.0000000000025000 ) ) ;
#1950 = CARTESIAN_POINT ( 'NONE',  ( 78.20684702511471200, -123.8333333344011500, 607.9415112261392600 ) ) ;
#1951 = ORIENTED_EDGE ( 'NONE', *, *, #355, .T. ) ;
#1952 = ORIENTED_EDGE ( 'NONE', *, *, #173, .T. ) ;
#1953 = ORIENTED_EDGE ( 'NONE', *, *, #5283, .F. ) ;
#1954 = CARTESIAN_POINT ( 'NONE',  ( 182.1234563054804000, 55.33333333333254700, 591.5067997858071700 ) ) ;
#1955 = CARTESIAN_POINT ( 'NONE',  ( -200.0000000000079900, 42.99999999999815300, 800.0000000198016300 ) ) ;
#1956 = VECTOR ( 'NONE', #3630, 1000.000000000000000 ) ;
#1957 = CARTESIAN_POINT ( 'NONE',  ( 113.4196974131364800, -154.5000000000016200, 595.9162766710537700 ) ) ;
#1958 = DIRECTION ( 'NONE',  ( -0.1993679344559924100, 0.0000000000000000000, -0.9799247046129365700 ) ) ;
#1959 = EDGE_CURVE ( 'NONE', #4939, #4383, #2485, .T. ) ;
#1960 = LINE ( 'NONE', #3893, #2980 ) ;
#1961 = LINE ( 'NONE', #1498, #2082 ) ;
#1962 = DIRECTION ( 'NONE',  ( 0.0000000000000000000, -2.312964634635740700E-015, 1.000000000000000000 ) ) ;
#1963 = EDGE_CURVE ( 'NONE', #2066, #4383, #4451, .T. ) ;
#1964 = CARTESIAN_POINT ( 'NONE',  ( 82.63595491367227900, 27.99999999999896600, 792.1697722454332500 ) ) ;
#1965 = FILL_AREA_STYLE_COLOUR ( '', #2385 ) ;
#1966 = CARTESIAN_POINT ( 'NONE',  ( 176.9597527034874200, 68.99999999999920400, 591.0726606895588000 ) ) ;
#1967 = CARTESIAN_POINT ( 'NONE',  ( -209.0816726285626400, -43.00000000000176900, 741.8940010932589100 ) ) ;
#1968 = CARTESIAN_POINT ( 'NONE',  ( 290.3753574292702500, -199.4972571887581400, 1050.161848618179400 ) ) ;
#1969 = AXIS2_PLACEMENT_3D ( 'NONE', #4778, #2394, #5184 ) ;
#1970 = FACE_BOUND ( 'NONE', #1621, .T. ) ;
#1971 = CARTESIAN_POINT ( 'NONE',  ( 39.02059250676036600, -133.6520857479775700, 626.2020119235994600 ) ) ;
#1972 = CARTESIAN_POINT ( 'NONE',  ( 71.62404255256461700, 29.85958869716261400, 789.8874865224312300 ) ) ;
#1973 = CARTESIAN_POINT ( 'NONE',  ( 471.2692413168877000, -108.5000000000008200, 855.2160012743036100 ) ) ;
#1974 = AXIS2_PLACEMENT_3D ( 'NONE', #1822, #623, #3478 ) ;
#1975 = CIRCLE ( 'NONE', #2078, 30.00000000000002800 ) ;
#1976 = CARTESIAN_POINT ( 'NONE',  ( -200.0023237766683300, 839.0046633176065100, 725.1914669190116500 ) ) ;
#1977 = DIRECTION ( 'NONE',  ( 0.0000000000000000000, 0.0000000000000000000, -1.000000000000000000 ) ) ;
#1978 = SURFACE_STYLE_USAGE ( .BOTH. , #4334 ) ;
#1979 = VERTEX_POINT ( 'NONE', #4884 ) ;
#1980 = FACE_OUTER_BOUND ( 'NONE', #1099, .T. ) ;
#1981 = EDGE_CURVE ( 'NONE', #3538, #129, #983, .T. ) ;
#1982 = CARTESIAN_POINT ( 'NONE',  ( -200.0023237766678200, -43.00000000000160600, 725.1914669190118700 ) ) ;
#1983 = DIRECTION ( 'NONE',  ( 1.810146235801883700E-015, -1.000000000000000000, 0.0000000000000000000 ) ) ;
#1984 = ORIENTED_EDGE ( 'NONE', *, *, #269, .T. ) ;
#1985 = DIRECTION ( 'NONE',  ( 0.02509583615301370600, -0.9990487776442200700, 0.03566144830725154900 ) ) ;
#1986 = VECTOR ( 'NONE', #2167, 1000.000000000000000 ) ;
#1987 = B_SPLINE_CURVE_WITH_KNOTS ( 'NONE', 3,
 ( #3061, #5073, #3461, #1053 ),
 .UNSPECIFIED., .F., .F.,
 ( 4, 4 ),
 ( 0.0000000000000000000, 1.000000000000000000 ),
 .UNSPECIFIED. ) ;
#1988 = CARTESIAN_POINT ( 'NONE',  ( 33.12662110600945200, -43.00000000000089500, 628.9502993126911900 ) ) ;
#1989 = ORIENTED_EDGE ( 'NONE', *, *, #901, .T. ) ;
#1990 = CARTESIAN_POINT ( 'NONE',  ( 185.2712480090646600, 27.99999999999806400, 591.7714822993832500 ) ) ;
#1991 = VECTOR ( 'NONE', #4756, 1000.000000000000000 ) ;
#1992 = EDGE_CURVE ( 'NONE', #1284, #4528, #209, .T. ) ;
#1993 = ADVANCED_FACE ( 'NONE', ( #66 ), #3965, .T. ) ;
#1994 = ORIENTED_EDGE ( 'NONE', *, *, #2048, .T. ) ;
#1995 = ORIENTED_EDGE ( 'NONE', *, *, #736, .T. ) ;
#1996 = CARTESIAN_POINT ( 'NONE',  ( 161.7782627898010000, -108.5000000000018600, 1028.592445563547200 ) ) ;
#1997 = CARTESIAN_POINT ( 'NONE',  ( 173.5713779260461300, -108.5000000000008200, 590.8144930838968800 ) ) ;
#1998 = VECTOR ( 'NONE', #961, 1000.000000000000000 ) ;
#1999 = LINE ( 'NONE', #769, #2363 ) ;
#2000 = DIRECTION ( 'NONE',  ( 0.0000000000000000000, -1.758784218555365900E-015, 1.000000000000000000 ) ) ;
#2001 = AXIS2_PLACEMENT_3D ( 'NONE', #4434, #4367, #4412 ) ;
#2002 = ORIENTED_EDGE ( 'NONE', *, *, #377, .F. ) ;
#2004 = VERTEX_POINT ( 'NONE', #2513 ) ;
#2003 = CARTESIAN_POINT ( 'NONE',  ( -30.90517626331361400, -43.00000000000237300, 658.8089363263272800 ) ) ;
#2005 = LINE ( 'NONE', #3270, #884 ) ;
#2006 = CARTESIAN_POINT ( 'NONE',  ( 299.9999999999923300, -108.5000000000010400, 800.0000000000027300 ) ) ;
#2007 = CARTESIAN_POINT ( 'NONE',  ( 364.3866418287347000, -123.8333333333347400, 1042.166561924344700 ) ) ;
#2008 = CARTESIAN_POINT ( 'NONE',  ( 161.5243879421004500, 27.99999999999839800, 590.3364631046704300 ) ) ;
#2009 = ORIENTED_EDGE ( 'NONE', *, *, #2028, .F. ) ;
#2010 = ORIENTED_EDGE ( 'NONE', *, *, #859, .T. ) ;
#2011 = EDGE_LOOP ( 'NONE', ( #3706, #233, #3015, #2490 ) ) ;
#2012 = AXIS2_PLACEMENT_3D ( 'NONE', #3393, #973, #3783 ) ;
#2013 = CARTESIAN_POINT ( 'NONE',  ( 28.33395259373554600, -73.21736191599313800, 631.1851128508036500 ) ) ;
#2014 = CARTESIAN_POINT ( 'NONE',  ( -200.0000000000079000, 34.99999999999812400, 825.0000000198016300 ) ) ;
#2015 = PRODUCT_DEFINITION ( 'UNKNOWN', '', #2265, #2435 ) ;
#2016 = VERTEX_POINT ( 'NONE', #4931 ) ;
#2017 = DIRECTION ( 'NONE',  ( 1.737858883903028800E-015, -1.000000000000000000, -2.389772395653982800E-015 ) ) ;
#2018 = CARTESIAN_POINT ( 'NONE',  ( 168.5822897445114600, -123.8333333333341400, 590.5426493579902900 ) ) ;
#2019 = DIRECTION ( 'NONE',  ( -0.01016271221531276800, 0.9993869806673999500, -0.03350197237367770500 ) ) ;
#2020 = ADVANCED_FACE ( 'NONE', ( #2228 ), #2542, .F. ) ;
#2021 = CARTESIAN_POINT ( 'NONE',  ( 367.5489231140406900, -123.8333333333347100, 1037.163808246736800 ) ) ;
#2023 = EDGE_CURVE ( 'NONE', #3395, #3281, #3278, .T. ) ;
#2022 = CARTESIAN_POINT ( 'NONE',  ( 160.2027482750827100, 27.99999999999880300, 790.3694313673258900 ) ) ;
#2024 = FACE_OUTER_BOUND ( 'NONE', #3781, .T. ) ;
#2025 = CARTESIAN_POINT ( 'NONE',  ( 23.57163313436467400, -103.4347238319853700, 633.4058998391592500 ) ) ;
#2026 = CARTESIAN_POINT ( 'NONE',  ( 299.9999999999923800, -154.5000000000007700, 800.0000000000025000 ) ) ;
#2027 = CARTESIAN_POINT ( 'NONE',  ( 471.0920357040850500, -108.5000000000009000, 855.9241926059714800 ) ) ;
#2028 = EDGE_CURVE ( 'NONE', #781, #2428, #5288, .T. ) ;
#2029 = DIRECTION ( 'NONE',  ( 0.0000000000000000000, 2.366239572098362600E-015, -1.000000000000000000 ) ) ;
#2030 = CARTESIAN_POINT ( 'NONE',  ( 163.7189312392307000, -139.1666666666675100, 590.3980032445437000 ) ) ;
#2031 = FACE_OUTER_BOUND ( 'NONE', #2047, .T. ) ;
#2032 = CARTESIAN_POINT ( 'NONE',  ( -200.0000000000078400, -35.00000000000175500, 770.0000000198014000 ) ) ;
#2033 = CARTESIAN_POINT ( 'NONE',  ( 372.0631715283794300, -139.1666666666681100, 1029.892802189809300 ) ) ;
#2034 = LINE ( 'NONE', #1160, #5331 ) ;
#2035 = CARTESIAN_POINT ( 'NONE',  ( 49.60538400670763100, -43.00000000000226000, 791.6115431319384500 ) ) ;
#2036 = ORIENTED_EDGE ( 'NONE', *, *, #5086, .T. ) ;
#2037 = CARTESIAN_POINT ( 'NONE',  ( 15.86312646775326100, -133.6520857479776200, 637.0005459960578900 ) ) ;
#2038 = CARTESIAN_POINT ( 'NONE',  ( 65.13452671515423700, 839.0046633176066300, 849.5670927086691800 ) ) ;
#2039 = CIRCLE ( 'NONE', #1348, 25.00000000000002100 ) ;
#2040 = CARTESIAN_POINT ( 'NONE',  ( 221.5881618655810700, -198.4999999998593400, 1041.326823378444300 ) ) ;
#2041 = ADVANCED_FACE ( 'NONE', ( #4204 ), #4946, .T. ) ;
#2042 = EDGE_LOOP ( 'NONE', ( #5235, #2173, #891, #5286, #4513 ) ) ;
#2043 = FACE_OUTER_BOUND ( 'NONE', #2439, .T. ) ;
#2044 = CARTESIAN_POINT ( 'NONE',  ( 156.6705055945672300, -131.5000000000018800, 1005.540602786226400 ) ) ;
#2045 = CARTESIAN_POINT ( 'NONE',  ( 158.9878693894192200, -154.5000000000008500, 590.3709355697991400 ) ) ;
#2046 = CARTESIAN_POINT ( 'NONE',  ( -21.51603392967130500, -101.7159553584531700, 654.4306948734483700 ) ) ;
#2047 = EDGE_LOOP ( 'NONE', ( #3829, #3973, #4130, #1847, #614 ) ) ;
#2048 = EDGE_CURVE ( 'NONE', #807, #4097, #5156, .T. ) ;
#2049 = PLANE ( 'NONE',  #4080 ) ;
#2050 = CARTESIAN_POINT ( 'NONE',  ( 373.7317073739561700, -154.5000000000015300, 1027.180496448388600 ) ) ;
#2051 = CARTESIAN_POINT ( 'NONE',  ( 290.0053966939813700, -200.4999999998595400, 1097.832348653998500 ) ) ;
#2052 = VERTEX_POINT ( 'NONE', #3347 ) ;
#2053 = ORIENTED_EDGE ( 'NONE', *, *, #2745, .F. ) ;
#2054 = VECTOR ( 'NONE', #2270, 1000.000000000000100 ) ;
#2055 = CARTESIAN_POINT ( 'NONE',  ( -12.91287257973459600, -43.00000000000102300, 650.4188672748243800 ) ) ;
#2056 = CARTESIAN_POINT ( 'NONE',  ( 314.3841868174017700, -198.4999999998593700, 1054.403014796946100 ) ) ;
#2057 = VERTEX_POINT ( 'NONE', #921 ) ;
#2058 = ORIENTED_EDGE ( 'NONE', *, *, #2518, .T. ) ;
#2059 = EDGE_CURVE ( 'NONE', #2446, #4591, #1003, .T. ) ;
#2060 = CYLINDRICAL_SURFACE ( 'NONE', #647, 200.0000000000001700 ) ;
#2061 = CARTESIAN_POINT ( 'NONE',  ( 103.4634430874654600, -108.5000000000009200, 598.5848067738513700 ) ) ;
#2062 = VERTEX_POINT ( 'NONE', #3724 ) ;
#2063 = CARTESIAN_POINT ( 'NONE',  ( 155.9102313205289900, -154.4999999999982700, 590.4134606742850300 ) ) ;
#2064 = CARTESIAN_POINT ( 'NONE',  ( 152.8955387011177700, -108.5000000000008500, 590.5010746165077100 ) ) ;
#2065 = EDGE_LOOP ( 'NONE', ( #369, #5179, #1335, #4714, #3154, #2838, #1342, #4512 ) ) ;
#2066 = VERTEX_POINT ( 'NONE', #4539 ) ;
#2067 = ORIENTED_EDGE ( 'NONE', *, *, #3735, .T. ) ;
#2068 = CARTESIAN_POINT ( 'NONE',  ( 149.7165701618230300, -154.5000000000017900, 971.6810602430969100 ) ) ;
#2069 = PRESENTATION_LAYER_ASSIGNMENT (  '', '', ( #1792 ) ) ;
#2070 = CARTESIAN_POINT ( 'NONE',  ( -195.6980479277803500, -51.66666666666830600, 722.1886420658916000 ) ) ;
#2071 = EDGE_LOOP ( 'NONE', ( #2721, #4391 ) ) ;
#2072 = ORIENTED_EDGE ( 'NONE', *, *, #4230, .F. ) ;
#2073 = ADVANCED_FACE ( 'NONE', ( #865 ), #2277, .F. ) ;
#2074 = ORIENTED_EDGE ( 'NONE', *, *, #3404, .T. ) ;
#2075 = CARTESIAN_POINT ( 'NONE',  ( -200.0000000000078400, -35.00000000000181900, 800.0000000198014000 ) ) ;
#2076 = CARTESIAN_POINT ( 'NONE',  ( 382.4932038689033800, -108.5000000000012100, 1012.741839469185400 ) ) ;
#2077 = CARTESIAN_POINT ( 'NONE',  ( 84.93830082624609200, 27.44195691067970000, 792.9089267036289400 ) ) ;
#2078 = AXIS2_PLACEMENT_3D ( 'NONE', #5358, #2952, #478 ) ;
#2079 = CARTESIAN_POINT ( 'NONE',  ( -26.01017682051087800, -73.21736191599329400, 656.5263488079579000 ) ) ;
#2080 = CARTESIAN_POINT ( 'NONE',  ( 208.5433125998627300, 27.99999999999860000, 593.7282265713124600 ) ) ;
#2081 = CARTESIAN_POINT ( 'NONE',  ( 192.6011052740122700, -169.2305150879406900, 1051.980783054816600 ) ) ;
#2082 = VECTOR ( 'NONE', #2280, 999.9999999999998900 ) ;
#2083 = CARTESIAN_POINT ( 'NONE',  ( 146.4268529081681200, -123.8333333333341800, 590.8341455910637000 ) ) ;
#2084 = CARTESIAN_POINT ( 'NONE',  ( 152.0620456741673900, -108.5000000000017600, 983.5572384555732700 ) ) ;
#2085 = CARTESIAN_POINT ( 'NONE',  ( 226.7314714267133700, 48.49999999999925400, 598.9335365589145100 ) ) ;
#2086 = CARTESIAN_POINT ( 'NONE',  ( -200.0000000000076700, -127.8528137423875000, 800.0000000198011800 ) ) ;
#2087 = CARTESIAN_POINT ( 'NONE',  ( -173.3165224756176300, -69.00000000000208900, 725.2164376801531500 ) ) ;
#2088 = B_SPLINE_CURVE_WITH_KNOTS ( 'NONE', 3,
 ( #2563, #4949, #471, #3354 ),
 .UNSPECIFIED., .F., .F.,
 ( 4, 4 ),
 ( 0.0000000000000000000, 1.000000000000000000 ),
 .UNSPECIFIED. ) ;
#2089 = CARTESIAN_POINT ( 'NONE',  ( 84.93978443590506800, 27.53956214984629000, 792.9040312971858400 ) ) ;
#2090 = LINE ( 'NONE', #487, #3129 ) ;
#2091 = CARTESIAN_POINT ( 'NONE',  ( -33.31752439940208900, -103.4347238319855400, 659.9337417444003200 ) ) ;
#2092 = ADVANCED_FACE ( 'NONE', ( #2106 ), #724, .T. ) ;
#2093 = FACE_OUTER_BOUND ( 'NONE', #1023, .T. ) ;
#2094 = EDGE_CURVE ( 'NONE', #4036, #535, #4827, .T. ) ;
#2095 = CARTESIAN_POINT ( 'NONE',  ( 299.9999999999923800, -154.5000000000002300, 649.4235144278890200 ) ) ;
#2096 = CARTESIAN_POINT ( 'NONE',  ( 136.2506232092530100, -139.1666666666675400, 591.7995146641386600 ) ) ;
#2097 = CARTESIAN_POINT ( 'NONE',  ( 152.6999450917374500, -123.8333333333351500, 986.7164464092852500 ) ) ;
#2098 = FACE_OUTER_BOUND ( 'NONE', #306, .T. ) ;
#2099 = ORIENTED_EDGE ( 'NONE', *, *, #1614, .F. ) ;
#2100 = AXIS2_PLACEMENT_3D ( 'NONE', #3561, #1165, #3955 ) ;
#2101 = DIRECTION ( 'NONE',  ( 0.0000000000000000000, -2.312964634635740700E-015, 1.000000000000000000 ) ) ;
#2102 = CIRCLE ( 'NONE', #1456, 25.00000000000002100 ) ;
#2103 = CARTESIAN_POINT ( 'NONE',  ( 86.10291033476283900, 27.73477262774171200, 793.2479927790584500 ) ) ;
#2104 = CARTESIAN_POINT ( 'NONE',  ( -40.56183656843245400, -133.6520857479777900, 663.3118668549409400 ) ) ;
#2105 = EDGE_LOOP ( 'NONE', ( #3659, #592, #789 ) ) ;
#2106 = FACE_OUTER_BOUND ( 'NONE', #1869, .T. ) ;
#2107 = EDGE_LOOP ( 'NONE', ( #4314, #4075, #1951, #1867 ) ) ;
#2108 = DIRECTION ( 'NONE',  ( 0.0000000000000000000, -2.312964634635740700E-015, 1.000000000000000000 ) ) ;
#2109 = CARTESIAN_POINT ( 'NONE',  ( 126.7219423757643400, -154.5000000000009100, 593.1813926210514900 ) ) ;
#2110 = LINE ( 'NONE', #3305, #1279 ) ;
#2111 = CARTESIAN_POINT ( 'NONE',  ( 155.4090066689474600, -139.1666666666685300, 999.7533585686684300 ) ) ;
#2112 = B_SPLINE_CURVE_WITH_KNOTS ( 'NONE', 3,
 ( #772, #3208, #1213, #4004, #1636, #4406, #2046, #4829, #2449, #5233 ),
 .UNSPECIFIED., .F., .F.,
 ( 4, 3, 3, 4 ),
 ( 0.0000000000000000000, 0.04532604287421054800, 0.07434235075403286500, 0.1033586586342833800 ),
 .UNSPECIFIED. ) ;
#2113 = EDGE_CURVE ( 'NONE', #4022, #2126, #3025, .T. ) ;
#2114 = VERTEX_POINT ( 'NONE', #1390 ) ;
#2116 = VERTEX_POINT ( 'NONE', #979 ) ;
#2115 = PLANE ( 'NONE',  #722 ) ;
#2117 = ADVANCED_FACE ( 'NONE', ( #5040 ), #1726, .F. ) ;
#2118 = CARTESIAN_POINT ( 'NONE',  ( -175.2808857116648700, -43.00000000000162000, 725.7887386332606600 ) ) ;
#2119 = CARTESIAN_POINT ( 'NONE',  ( 75.67905481353602700, -115.8878102041305500, 609.1078931315206500 ) ) ;
#2120 = ORIENTED_EDGE ( 'NONE', *, *, #4043, .T. ) ;
#2121 = EDGE_LOOP ( 'NONE', ( #4348, #3365, #4860, #1612, #1669, #5298, #2544, #780, #3231, #3298, #2478 ) ) ;
#2122 = CARTESIAN_POINT ( 'NONE',  ( 78.83208176613581500, 29.37129684836244800, 790.9709721672453500 ) ) ;
#2123 = CARTESIAN_POINT ( 'NONE',  ( -223.8779317903849600, -69.00000000000184700, 748.7936100531759400 ) ) ;
#2124 = CARTESIAN_POINT ( 'NONE',  ( 219.6189667298461400, 68.99999999999928900, 596.1934156970196500 ) ) ;
#2125 = EDGE_CURVE ( 'NONE', #655, #1130, #2779, .T. ) ;
#2126 = VERTEX_POINT ( 'NONE', #5014 ) ;
#2127 = VERTEX_POINT ( 'NONE', #69 ) ;
#2128 = DIRECTION ( 'NONE',  ( 1.737858883903029000E-015, -1.000000000000000000, -2.389772395653983200E-015 ) ) ;
#2129 = ORIENTED_EDGE ( 'NONE', *, *, #1437, .F. ) ;
#2130 = CARTESIAN_POINT ( 'NONE',  ( 123.6802158415375200, -154.5000000032015900, 593.7324444481787400 ) ) ;
#2131 = CARTESIAN_POINT ( 'NONE',  ( 18.43189517212403300, -43.00000000000166300, 635.8026822533991000 ) ) ;
#2132 = AXIS2_PLACEMENT_3D ( 'NONE', #2701, #167, #3091 ) ;
#2133 = CARTESIAN_POINT ( 'NONE',  ( 71.48927693510145800, -152.3317153061953500, 611.0616546648122900 ) ) ;
#2134 = CARTESIAN_POINT ( 'NONE',  ( 80.13617439228966100, 31.43894070114307800, 791.2485717255176500 ) ) ;
#2135 = CARTESIAN_POINT ( 'NONE',  ( 134.1960563827043100, 68.99999999999906200, 592.0270133139245000 ) ) ;
#2136 = FACE_OUTER_BOUND ( 'NONE', #3772, .T. ) ;
#2137 = ADVANCED_FACE ( 'NONE', ( #3948 ), #4786, .T. ) ;
#2138 = DIRECTION ( 'NONE',  ( 0.9510565163073891900, 0.0000000000000000000, 0.3090169943372901300 ) ) ;
#2140 = EDGE_CURVE ( 'NONE', #4476, #3204, #3832, .T. ) ;
#2139 = DIRECTION ( 'NONE',  ( -0.5224985646821829200, 0.0000000000000000000, 0.8526401643747839600 ) ) ;
#2141 = CARTESIAN_POINT ( 'NONE',  ( 119.2481725079937600, -108.5000000000008000, 594.6056217655821000 ) ) ;
#2142 = DIRECTION ( 'NONE',  ( -0.02534233496953342700, 0.9993869806674001700, -0.02415427355127280200 ) ) ;
#2143 = CARTESIAN_POINT ( 'NONE',  ( 63.07044315881088200, -43.00000000000092400, 614.9875523339085200 ) ) ;
#2144 = EDGE_CURVE ( 'NONE', #1474, #2314, #586, .T. ) ;
#2145 = CARTESIAN_POINT ( 'NONE',  ( 139.5725109881391300, -108.5000000000009000, 591.4265559115558500 ) ) ;
#2146 = DIRECTION ( 'NONE',  ( -0.03489949666292882500, -9.646358097812719400E-016, 0.9993908270204775500 ) ) ;
#2147 = LINE ( 'NONE', #4333, #4125 ) ;
#2148 = ORIENTED_EDGE ( 'NONE', *, *, #2484, .F. ) ;
#2149 = ORIENTED_EDGE ( 'NONE', *, *, #3444, .T. ) ;
#2150 = VECTOR ( 'NONE', #2540, 1000.000000000000200 ) ;
#2151 = AXIS2_PLACEMENT_3D ( 'NONE', #3351, #3300, #3263 ) ;
#2152 = DIRECTION ( 'NONE',  ( 1.810146235801883700E-015, -1.000000000000000000, 0.0000000000000000000 ) ) ;
#2153 = CARTESIAN_POINT ( 'NONE',  ( -45.35363362018830500, -89.46210314318806000, 665.5463626410604500 ) ) ;
#2154 = DIRECTION ( 'NONE',  ( 0.0000000000000000000, -2.389772395653982800E-015, 1.000000000000000000 ) ) ;
#2155 = VERTEX_POINT ( 'NONE', #997 ) ;
#2156 = ORIENTED_EDGE ( 'NONE', *, *, #4759, .T. ) ;
#2157 = CARTESIAN_POINT ( 'NONE',  ( 114.8676898745775900, -123.8333333344010600, 595.5735769154810000 ) ) ;
#2158 = CIRCLE ( 'NONE', #55, 55.75565666215087600 ) ;
#2159 = CARTESIAN_POINT ( 'NONE',  ( 80.89531896206179300, 28.10749663630847600, 791.6637794730700100 ) ) ;
#2160 = ADVANCED_FACE ( 'NONE', ( #3704 ), #4619, .T. ) ;
#2161 = CARTESIAN_POINT ( 'NONE',  ( 174.3026315899357100, -154.5000000000025000, 1004.927248126532200 ) ) ;
#2162 = MECHANICAL_DESIGN_GEOMETRIC_PRESENTATION_REPRESENTATION (  '', ( #1628 ), #2440 ) ;
#2163 = CARTESIAN_POINT ( 'NONE',  ( 56.71356768959520900, -79.44390510206575600, 617.9518318153795900 ) ) ;
#2164 = ORIENTED_EDGE ( 'NONE', *, *, #1614, .T. ) ;
#2165 = COLOUR_RGB ( '',0.8431372549019607900, 0.8431372549019607900, 0.8431372549019607900 ) ;
#2166 = CARTESIAN_POINT ( 'NONE',  ( 165.3256600219381500, -108.5000000000008500, 590.4326838911818000 ) ) ;
#2167 = DIRECTION ( 'NONE',  ( 0.9565220583341055300, 0.0000000000000000000, 0.2916599936917747000 ) ) ;
#2168 = ORIENTED_EDGE ( 'NONE', *, *, #2829, .F. ) ;
#2169 = ORIENTED_EDGE ( 'NONE', *, *, #3279, .T. ) ;
#2170 = LINE ( 'NONE', #169, #945 ) ;
#2171 = CARTESIAN_POINT ( 'NONE',  ( 72.39333438908629100, 30.38802578901220700, 790.0076233699604700 ) ) ;
#2172 = VERTEX_POINT ( 'NONE', #2237 ) ;
#2173 = ORIENTED_EDGE ( 'NONE', *, *, #2575, .T. ) ;
#2174 = DIRECTION ( 'NONE',  ( 1.737858883903028800E-015, -1.000000000000000000, -2.389772395653982800E-015 ) ) ;
#2175 = LINE ( 'NONE', #2412, #2304 ) ;
#2176 = CARTESIAN_POINT ( 'NONE',  ( 110.5425232596998300, -139.1666666688013800, 596.6311160947966500 ) ) ;
#2177 = ORIENTED_EDGE ( 'NONE', *, *, #4826, .F. ) ;
#2178 = ORIENTED_EDGE ( 'NONE', *, *, #2685, .T. ) ;
#2179 = CARTESIAN_POINT ( 'NONE',  ( 82.18340696584667200, 27.80558582542406000, 792.0226625034115400 ) ) ;
#2180 = ORIENTED_EDGE ( 'NONE', *, *, #1230, .F. ) ;
#2181 = ORIENTED_EDGE ( 'NONE', *, *, #578, .F. ) ;
#2182 = DIRECTION ( 'NONE',  ( -2.775557561562888600E-015, 2.312964634635740700E-015, -1.000000000000000000 ) ) ;
#2183 = CARTESIAN_POINT ( 'NONE',  ( -2.235450554362852700, -43.00000000000172000, 645.4400236700603300 ) ) ;
#2184 = CARTESIAN_POINT ( 'NONE',  ( 50.31613958882482500, -115.8878102041306000, 620.9349357631734800 ) ) ;
#2185 = ORIENTED_EDGE ( 'NONE', *, *, #1552, .T. ) ;
#2187 = ORIENTED_EDGE ( 'NONE', *, *, #822, .T. ) ;
#2186 = CARTESIAN_POINT ( 'NONE',  ( 72.25220857686298400, 29.44046525413384100, 790.0138008997699900 ) ) ;
#2188 = ORIENTED_EDGE ( 'NONE', *, *, #3923, .T. ) ;
#2189 = FILL_AREA_STYLE_COLOUR ( '', #925 ) ;
#2190 = CARTESIAN_POINT ( 'NONE',  ( 161.7782627898010600, -139.1666666666685900, 1028.592445563547200 ) ) ;
#2191 = DIRECTION ( 'NONE',  ( -1.737858883903028800E-015, 1.000000000000000000, 2.389772395653982800E-015 ) ) ;
#2192 = EDGE_CURVE ( 'NONE', #683, #1700, #2665, .T. ) ;
#2193 = ADVANCED_FACE ( 'NONE', ( #3583, #433 ), #5055, .F. ) ;
#2194 = CARTESIAN_POINT ( 'NONE',  ( 65.13452671515595700, -154.5000000000019600, 849.5670927086667900 ) ) ;
#2195 = CARTESIAN_POINT ( 'NONE',  ( 70.45369277104758500, 31.03595706437908000, 789.8030613116726500 ) ) ;
#2196 =( NAMED_UNIT ( * ) PLANE_ANGLE_UNIT ( ) SI_UNIT ( $, .RADIAN. ) );
#2197 = AXIS2_PLACEMENT_3D ( 'NONE', #2208, #529, #3401 ) ;
#2198 = LINE ( 'NONE', #5046, #5262 ) ;
#2199 = CARTESIAN_POINT ( 'NONE',  ( 106.2751262208143700, -154.5000000032016200, 597.7753237106017000 ) ) ;
#2200 = B_SPLINE_SURFACE_WITH_KNOTS ( 'NONE', 3, 3, ( 
 ( #4151, #357, #1783, #4553, #2186, #4974, #2583, #27, #2972 ),
 ( #501, #3383, #965, #3769, #1388, #4172, #1807, #4570, #2206 ),
 ( #4998, #2600, #40, #2991, #527, #3399, #978, #3790, #1412 ),
 ( #4189, #1824, #4593, #2220, #5012, #2624, #67, #3003, #550 ) ),
 .UNSPECIFIED., .F., .F., .F.,
 ( 4, 4 ),
 ( 4, 2, 3, 4 ),
 ( 0.2091305615092835000, 0.2430796956030698000 ),
 ( 0.5238706818922670400, 0.5599438464545232200, 0.7465917952726975900, 0.8840784010230263700 ),
 .UNSPECIFIED. ) ;
#2201 = CARTESIAN_POINT ( 'NONE',  ( 82.63410019556249600, 28.17346773010950800, 792.1758549404282800 ) ) ;
#2203 = CARTESIAN_POINT ( 'NONE',  ( 228.9634217131351800, 27.99999999999884900, 836.7940830201740700 ) ) ;
#2202 = AXIS2_PLACEMENT_3D ( 'NONE', #5062, #1473, #4243 ) ;
#2204 = DIRECTION ( 'NONE',  ( 1.000000000000000000, -6.881397015609234900E-026, -3.959698384589041100E-011 ) ) ;
#2205 = CARTESIAN_POINT ( 'NONE',  ( 43.87492226066889600, -152.3317153061954300, 623.9384306695642400 ) ) ;
#2206 = CARTESIAN_POINT ( 'NONE',  ( 78.02423255724679100, 28.45554377031439200, 790.8453065542584000 ) ) ;
#2207 =( NAMED_UNIT ( * ) SI_UNIT ( $, .STERADIAN. ) SOLID_ANGLE_UNIT ( ) );
#2208 = CARTESIAN_POINT ( 'NONE',  ( 299.9999999999920400, 27.99999999999876400, 800.0000000000029600 ) ) ;
#2209 = FACE_OUTER_BOUND ( 'NONE', #2445, .T. ) ;
#2211 = EDGE_CURVE ( 'NONE', #3574, #136, #1472, .T. ) ;
#2210 = CARTESIAN_POINT ( 'NONE',  ( 68.65191719887694400, 31.68113025359752700, 789.6700955621464600 ) ) ;
#2212 = FACE_OUTER_BOUND ( 'NONE', #2500, .T. ) ;
#2213 = CARTESIAN_POINT ( 'NONE',  ( 100.6791312298809900, -108.5000000000008500, 599.4305961818197400 ) ) ;
#2214 = DIRECTION ( 'NONE',  ( 0.0000000000000000000, 2.389772395653982800E-015, -1.000000000000000000 ) ) ;
#2215 = ADVANCED_FACE ( 'NONE', ( #4651 ), #1464, .T. ) ;
#2216 = ORIENTED_EDGE ( 'NONE', *, *, #1981, .T. ) ;
#2217 = CARTESIAN_POINT ( 'NONE',  ( 49.31249915749008700, 27.99999999999802500, 590.3693917057446500 ) ) ;
#2218 = FACE_OUTER_BOUND ( 'NONE', #4926, .T. ) ;
#2219 = EDGE_CURVE ( 'NONE', #4156, #2961, #4509, .T. ) ;
#2220 = CARTESIAN_POINT ( 'NONE',  ( 70.25620932306571800, 32.17090102388689800, 789.6876392423052900 ) ) ;
#2221 = DIRECTION ( 'NONE',  ( -0.5255877528067206500, 2.038506524076633100E-015, -0.8507393925871668000 ) ) ;
#2222 = ORIENTED_EDGE ( 'NONE', *, *, #397, .F. ) ;
#2223 = ORIENTED_EDGE ( 'NONE', *, *, #364, .F. ) ;
#2224 = ORIENTED_EDGE ( 'NONE', *, *, #3039, .T. ) ;
#2225 = CARTESIAN_POINT ( 'NONE',  ( 283.7383055296286300, 27.99999999999881000, 853.3315154742531400 ) ) ;
#2226 = DIRECTION ( 'NONE',  ( -0.03488753747705677200, 0.02617694830787136200, 0.9990483607444006200 ) ) ;
#2227 = DIRECTION ( 'NONE',  ( 1.737858883903028800E-015, -1.000000000000000000, -2.389772395653982800E-015 ) ) ;
#2228 = FACE_OUTER_BOUND ( 'NONE', #3909, .T. ) ;
#2229 = ORIENTED_EDGE ( 'NONE', *, *, #24, .F. ) ;
#2230 = CARTESIAN_POINT ( 'NONE',  ( 93.88680619964398500, -123.8333333344011000, 601.6768961544554500 ) ) ;
#2231 = VECTOR ( 'NONE', #4948, 999.9999999999998900 ) ;
#2232 = DIRECTION ( 'NONE',  ( 1.146483603531168700E-029, -1.000000000000000000, -3.507781821184790500E-044 ) ) ;
#2233 = CARTESIAN_POINT ( 'NONE',  ( 173.1056774165971900, 41.66666666666586100, 590.7486074866525300 ) ) ;
#2234 = PLANE ( 'NONE',  #415 ) ;
#2235 = VERTEX_POINT ( 'NONE', #2271 ) ;
#2236 = DIRECTION ( 'NONE',  ( -4.153087188293503300E-030, 1.000000000000000000, 2.389772395653985900E-015 ) ) ;
#2237 = CARTESIAN_POINT ( 'NONE',  ( 228.8627196564008800, 27.99999999999886000, 836.5990074362341600 ) ) ;
#2238 = CARTESIAN_POINT ( 'NONE',  ( 351.7027255145645200, -108.5000000000015900, 1062.081252630728200 ) ) ;
#2239 = EDGE_CURVE ( 'NONE', #2248, #1676, #2543, .T. ) ;
#2240 = ORIENTED_EDGE ( 'NONE', *, *, #2811, .T. ) ;
#2241 = ORIENTED_EDGE ( 'NONE', *, *, #4616, .F. ) ;
#2242 = CARTESIAN_POINT ( 'NONE',  ( 67.79748899673578000, 30.99013973144073500, 789.5760339806922700 ) ) ;
#2243 = CARTESIAN_POINT ( 'NONE',  ( 164.3155655347233100, -131.5000000000019300, 1039.944042294746900 ) ) ;
#2244 = CARTESIAN_POINT ( 'NONE',  ( -208.0050308177291900, -43.00000000000172000, 741.3919547717254100 ) ) ;
#2245 = B_SPLINE_CURVE_WITH_KNOTS ( 'NONE', 3,
 ( #2603, #2663, #2669, #2596 ),
 .UNSPECIFIED., .F., .F.,
 ( 4, 4 ),
 ( 0.0000000000000000000, 1.000000000000000000 ),
 .UNSPECIFIED. ) ;
#2246 = CARTESIAN_POINT ( 'NONE',  ( 223.7882986959750400, -198.4999999998592300, 1040.205797670878800 ) ) ;
#2247 = EDGE_LOOP ( 'NONE', ( #5169, #577, #792, #1739 ) ) ;
#2248 = VERTEX_POINT ( 'NONE', #3862 ) ;
#2249 = ORIENTED_EDGE ( 'NONE', *, *, #1513, .F. ) ;
#2250 = CARTESIAN_POINT ( 'NONE',  ( 299.9999999999923800, -154.5000000000014800, 937.5000000000023900 ) ) ;
#2251 = EDGE_CURVE ( 'NONE', #52, #194, #2416, .T. ) ;
#2252 = DIRECTION ( 'NONE',  ( 0.0000000000000000000, 2.416585094908966000E-015, -1.000000000000000000 ) ) ;
#2253 = EDGE_LOOP ( 'NONE', ( #2503, #5250, #2496, #2914 ) ) ;
#2254 = CARTESIAN_POINT ( 'NONE',  ( 157.6525075219026100, 55.33333333333249000, 590.3478873231174500 ) ) ;
#2255 = DIRECTION ( 'NONE',  ( 0.0000000000000000000, 2.498001805406600200E-015, -1.000000000000000000 ) ) ;
#2256 = CARTESIAN_POINT ( 'NONE',  ( -198.7651922727978900, -69.00000000000164800, 723.3828766568829000 ) ) ;
#2257 = DIRECTION ( 'NONE',  ( 8.095153439615270700E-016, 2.826889872651480000E-017, 1.000000000000000000 ) ) ;
#2258 = CARTESIAN_POINT ( 'NONE',  ( 345.4359661082570500, -108.5000000000016500, 1071.880455665191200 ) ) ;
#2259 = AXIS2_PLACEMENT_3D ( 'NONE', #4285, #4272, #4295 ) ;
#2260 = CARTESIAN_POINT ( 'NONE',  ( 72.02380099041053500, 28.92374354348734800, 789.8902061275288100 ) ) ;
#2261 = LINE ( 'NONE', #2696, #3439 ) ;
#2262 = CARTESIAN_POINT ( 'NONE',  ( -197.7803432427677400, -69.00000000000167700, 722.8701967020315400 ) ) ;
#2263 = DIRECTION ( 'NONE',  ( 1.523194374362277600E-015, -1.000000000000000000, -3.046388748724555100E-015 ) ) ;
#2264 = CARTESIAN_POINT ( 'NONE',  ( 66.72247392179716000, 30.92753144170803400, 789.5272150265013800 ) ) ;
#2265 = PRODUCT_DEFINITION_FORMATION_WITH_SPECIFIED_SOURCE ( 'ANY', '', #1387, .NOT_KNOWN. ) ;
#2266 = CARTESIAN_POINT ( 'NONE',  ( -200.0023237766677400, -69.00000000000173400, 725.1914669190118700 ) ) ;
#2267 = CARTESIAN_POINT ( 'NONE',  ( 138.1361606636831700, 68.99999999999914700, 591.5515098504379200 ) ) ;
#2268 = PLANE ( 'NONE',  #2398 ) ;
#2269 = B_SPLINE_CURVE_WITH_KNOTS ( 'NONE', 3,
 ( #1630, #3200, #3997, #2442 ),
 .UNSPECIFIED., .F., .F.,
 ( 4, 4 ),
 ( 0.0000000000000000000, 1.000000000000000000 ),
 .UNSPECIFIED. ) ;
#2270 = DIRECTION ( 'NONE',  ( -0.9565220583341055300, -9.943721588736703500E-016, -0.2916599936917746400 ) ) ;
#2271 = CARTESIAN_POINT ( 'NONE',  ( 315.3343195250328700, -150.5000000000027000, 1075.224032078609300 ) ) ;
#2272 = VECTOR ( 'NONE', #1502, 1000.000000000000000 ) ;
#2273 = CARTESIAN_POINT ( 'NONE',  ( 73.46421197427565600, 30.06204753031411800, 790.1445416196437500 ) ) ;
#2274 = EDGE_CURVE ( 'NONE', #3075, #1814, #133, .T. ) ;
#2275 = CARTESIAN_POINT ( 'NONE',  ( 82.63412633666217700, 28.17102281021263400, 792.1757692086209800 ) ) ;
#2276 = VERTEX_POINT ( 'NONE', #3462 ) ;
#2277 = B_SPLINE_SURFACE_WITH_KNOTS ( 'NONE', 3, 3, ( 
 ( #1769, #2572, #482, #3369 ),
 ( #941, #3751, #1372, #4154 ),
 ( #1786, #4555, #2190, #4976 ),
 ( #2585, #28, #2975, #505 ) ),
 .UNSPECIFIED., .F., .F., .F.,
 ( 4, 4 ),
 ( 4, 4 ),
 ( 0.0000000000000000000, 1.000000000000000000 ),
 ( 0.0000000000000000000, 1.000000000000000000 ),
 .UNSPECIFIED. ) ;
#2278 = LINE ( 'NONE', #5312, #4375 ) ;
#2279 = CARTESIAN_POINT ( 'NONE',  ( 231.7601572311608900, -108.5000000000006000, 595.6826600169922600 ) ) ;
#2280 = DIRECTION ( 'NONE',  ( -0.8215243550498829700, 0.4223092160586534000, 0.3830830981546949300 ) ) ;
#2281 = DIRECTION ( 'NONE',  ( 0.9965655024944822800, 6.467090920551714700E-016, -0.08280820755166629100 ) ) ;
#2282 = CARTESIAN_POINT ( 'NONE',  ( 39.55802175422118700, -133.1114172444722200, 625.9514074692605200 ) ) ;
#2283 = ORIENTED_EDGE ( 'NONE', *, *, #850, .F. ) ;
#2284 = VECTOR ( 'NONE', #186, 1000.000000000000100 ) ;
#2285 = EDGE_CURVE ( 'NONE', #2428, #1434, #3460, .T. ) ;
#2286 = DIRECTION ( 'NONE',  ( -1.290301261655854000E-015, 1.000000000000000000, 3.778739409134997900E-015 ) ) ;
#2287 = CARTESIAN_POINT ( 'NONE',  ( 235.3035037589711700, -154.5000000000006300, 596.0138157273036100 ) ) ;
#2288 = DIRECTION ( 'NONE',  ( 1.737858883903028800E-015, -1.000000000000000000, -2.389772395653982800E-015 ) ) ;
#2289 = CARTESIAN_POINT ( 'NONE',  ( 157.4412753927040900, -154.4999999999982700, 590.3863809748716000 ) ) ;
#2290 = ORIENTED_EDGE ( 'NONE', *, *, #4785, .F. ) ;
#2291 = LINE ( 'NONE', #2332, #4262 ) ;
#2292 = AXIS2_PLACEMENT_3D ( 'NONE', #1576, #4768, #2386 ) ;
#2293 = CARTESIAN_POINT ( 'NONE',  ( 74.23044233944479200, 29.83804101444926000, 790.2607896470667600 ) ) ;
#2294 = ORIENTED_EDGE ( 'NONE', *, *, #2312, .T. ) ;
#2296 = ORIENTED_EDGE ( 'NONE', *, *, #1707, .T. ) ;
#2295 = CARTESIAN_POINT ( 'NONE',  ( 85.31175950462881000, 27.83477052595810600, 792.9856316699190300 ) ) ;
#2297 = LINE ( 'NONE', #1448, #4394 ) ;
#2298 =( BOUNDED_CURVE ( )  B_SPLINE_CURVE ( 3, ( #842, #2871, #1697, #4465 ),
 .UNSPECIFIED., .F., .F. ) 
 B_SPLINE_CURVE_WITH_KNOTS ( ( 4, 4 ),
 ( 1.570796326755300500, 1.832595714593496800 ),
 .UNSPECIFIED. ) 
 CURVE ( )  GEOMETRIC_REPRESENTATION_ITEM ( )  RATIONAL_B_SPLINE_CURVE ( ( 1.000000000000000000, 0.9942965742475080600, 0.9942965742475080600, 1.000000000000000000 ) ) 
 REPRESENTATION_ITEM ( '' )  );
#2299 = ORIENTED_EDGE ( 'NONE', *, *, #2383, .T. ) ;
#2300 = ORIENTED_EDGE ( 'NONE', *, *, #3958, .F. ) ;
#2301 = CARTESIAN_POINT ( 'NONE',  ( 292.0171760175093100, -198.4999999998593400, 978.5676924631783300 ) ) ;
#2302 = DIRECTION ( 'NONE',  ( 0.0000000000000000000, 0.0000000000000000000, -1.000000000000000000 ) ) ;
#2303 = CARTESIAN_POINT ( 'NONE',  ( 190.2696970427621500, 55.33333333333254700, 592.1917696218138200 ) ) ;
#2304 = VECTOR ( 'NONE', #2424, 1000.000000000000200 ) ;
#2305 = CARTESIAN_POINT ( 'NONE',  ( -132.3785036757284400, 839.0046633176066300, 706.1267260020993000 ) ) ;
#2306 = ORIENTED_EDGE ( 'NONE', *, *, #188, .F. ) ;
#2307 = ORIENTED_EDGE ( 'NONE', *, *, #3958, .T. ) ;
#2309 = VERTEX_POINT ( 'NONE', #1071 ) ;
#2308 = CARTESIAN_POINT ( 'NONE',  ( 299.9999999999923800, -154.5000000000007700, 800.0000000000025000 ) ) ;
#2310 = ORIENTED_EDGE ( 'NONE', *, *, #653, .T. ) ;
#2311 = CARTESIAN_POINT ( 'NONE',  ( 317.3193348510353100, 28.99999975740341500, 721.9509579496800600 ) ) ;
#2312 = EDGE_CURVE ( 'NONE', #1224, #4097, #4257, .T. ) ;
#2313 = ORIENTED_EDGE ( 'NONE', *, *, #3895, .T. ) ;
#2314 = VERTEX_POINT ( 'NONE', #2691 ) ;
#2315 = ORIENTED_EDGE ( 'NONE', *, *, #3030, .F. ) ;
#2316 = CARTESIAN_POINT ( 'NONE',  ( 75.03142602442616700, 29.60743602902468300, 790.3855419495037000 ) ) ;
#2317 = CARTESIAN_POINT ( 'NONE',  ( 205.2589408023503400, -199.4972571887583400, 954.6618638371055600 ) ) ;
#2318 = CARTESIAN_POINT ( 'NONE',  ( -85.15886506582559400, -68.99999999820831000, 827.7215148451239200 ) ) ;
#2319 = CIRCLE ( 'NONE', #128, 180.0000000000000600 ) ;
#2320 = EDGE_CURVE ( 'NONE', #5101, #2155, #4378, .T. ) ;
#2321 = CARTESIAN_POINT ( 'NONE',  ( 358.0135846799345800, -108.5000000000015600, 1052.189308186581500 ) ) ;
#2322 = CARTESIAN_POINT ( 'NONE',  ( 316.1900975164463100, -148.4999999998593700, 1052.718975825736200 ) ) ;
#2323 = CARTESIAN_POINT ( 'NONE',  ( 85.93896304316371000, -139.1666666688014100, 604.6613936239577900 ) ) ;
#2324 = CARTESIAN_POINT ( 'NONE',  ( 186.9360357044691600, 68.99999999999923300, 591.9114661042637000 ) ) ;
#2325 = VECTOR ( 'NONE', #1064, 1000.000000000000200 ) ;
#2326 = CYLINDRICAL_SURFACE ( 'NONE', #1337, 56.49999999999999300 ) ;
#2327 = CARTESIAN_POINT ( 'NONE',  ( 96.58171677884502100, -154.5000000000016500, 600.7511989186455100 ) ) ;
#2328 = DIRECTION ( 'NONE',  ( -0.5224985646821831400, 0.0000000000000000000, 0.8526401643747839600 ) ) ;
#2329 = DIRECTION ( 'NONE',  ( -1.737858883903028800E-015, 1.000000000000000000, 2.389772395653982800E-015 ) ) ;
#2330 = MECHANICAL_DESIGN_GEOMETRIC_PRESENTATION_REPRESENTATION (  '', ( #1792 ), #2590 ) ;
#2331 = CARTESIAN_POINT ( 'NONE',  ( 77.00578666462865800, 29.11050835373376300, 790.7528941662800400 ) ) ;
#2332 = CARTESIAN_POINT ( 'NONE',  ( -173.3165224756197600, -43.00000000000248000, 725.2164376801540600 ) ) ;
#2333 = DIRECTION ( 'NONE',  ( 0.9510565163073898500, -1.110223024625157300E-015, 0.3090169943372880200 ) ) ;
#2334 = AXIS2_PLACEMENT_3D ( 'NONE', #2086, #4879, #5270 ) ;
#2335 = UNCERTAINTY_MEASURE_WITH_UNIT (LENGTH_MEASURE( 1.000000000000000100E-005 ), #4758, 'distance_accuracy_value', 'NONE');
#2336 = CARTESIAN_POINT ( 'NONE',  ( 151.4122398236406200, -154.4999999999982700, 590.5608829665573000 ) ) ;
#2337 = DIRECTION ( 'NONE',  ( 0.0000000000000000000, -2.930302242371429800E-015, 1.000000000000000000 ) ) ;
#2338 = CARTESIAN_POINT ( 'NONE',  ( 78.20684702511476900, -154.5000000032017100, 607.9415112261392600 ) ) ;
#2339 = CARTESIAN_POINT ( 'NONE',  ( 179.9068334964740100, 27.99999999999917600, 591.3204403449740300 ) ) ;
#2340 = DIRECTION ( 'NONE',  ( 0.0000000000000000000, -2.312964634635740700E-015, 1.000000000000000000 ) ) ;
#2341 = CYLINDRICAL_SURFACE ( 'NONE', #2756, 8.950000000000013500 ) ;
#2342 = B_SPLINE_CURVE_WITH_KNOTS ( 'NONE', 3,
 ( #5074, #5196, #5187, #5128 ),
 .UNSPECIFIED., .F., .F.,
 ( 4, 4 ),
 ( 0.0000000000000000000, 1.000000000000000000 ),
 .UNSPECIFIED. ) ;
#2343 = CARTESIAN_POINT ( 'NONE',  ( 116.3218295843898600, -154.5000000000015900, 595.2408312412751500 ) ) ;
#2344 = VERTEX_POINT ( 'NONE', #3076 ) ;
#2345 = DIRECTION ( 'NONE',  ( 4.943961906533893900E-015, -1.000000000000000000, -2.406928822917819400E-015 ) ) ;
#2346 = CARTESIAN_POINT ( 'NONE',  ( -45.35363362018844000, -88.32604287398945100, 665.5463626410604500 ) ) ;
#2347 = ORIENTED_EDGE ( 'NONE', *, *, #705, .T. ) ;
#2348 = CARTESIAN_POINT ( 'NONE',  ( 39.55802175411054100, -73.21736191599310900, 625.9514074693133800 ) ) ;
#2349 = CARTESIAN_POINT ( 'NONE',  ( -185.3767239495543600, -68.99999999923117900, 854.5748092045545300 ) ) ;
#2350 = FACE_OUTER_BOUND ( 'NONE', #4984, .T. ) ;
#2351 = ORIENTED_EDGE ( 'NONE', *, *, #2816, .T. ) ;
#2352 = VECTOR ( 'NONE', #1685, 1000.000000000000000 ) ;
#2353 = DIRECTION ( 'NONE',  ( 0.0000000000000000000, -1.000000000000000000, 0.0000000000000000000 ) ) ;
#2354 = SURFACE_SIDE_STYLE ('',( #4752 ) ) ;
#2355 = CARTESIAN_POINT ( 'NONE',  ( 228.9634217131351800, 27.99999999999884900, 836.7940830201740700 ) ) ;
#2356 = CARTESIAN_POINT ( 'NONE',  ( 182.1234563054803700, 68.99999999999914700, 591.5067997858072900 ) ) ;
#2357 = ORIENTED_EDGE ( 'NONE', *, *, #596, .F. ) ;
#2358 = EDGE_CURVE ( 'NONE', #535, #4991, #662, .T. ) ;
#2359 = CARTESIAN_POINT ( 'NONE',  ( 212.2945970714441400, 68.99999999999928900, 594.3537346264403100 ) ) ;
#2360 = FACE_OUTER_BOUND ( 'NONE', #3520, .T. ) ;
#2361 = ORIENTED_EDGE ( 'NONE', *, *, #928, .F. ) ;
#2362 = VECTOR ( 'NONE', #942, 1000.000000000000000 ) ;
#2363 = VECTOR ( 'NONE', #3063, 1000.000000000000000 ) ;
#2364 = B_SPLINE_CURVE_WITH_KNOTS ( 'NONE', 3,
 ( #339, #2081, #3803, #1429 ),
 .UNSPECIFIED., .F., .F.,
 ( 4, 4 ),
 ( 0.0000000000000000000, 1.000000000000000000 ),
 .UNSPECIFIED. ) ;
#2365 = AXIS2_PLACEMENT_3D ( 'NONE', #4801, #2411, #5201 ) ;
#2366 = CARTESIAN_POINT ( 'NONE',  ( 37.94769772507805800, -73.21736191599310900, 626.7023051484204600 ) ) ;
#2367 = CARTESIAN_POINT ( 'NONE',  ( 72.39621109909346300, 29.44168151045176900, 789.9708713435773000 ) ) ;
#2368 = CARTESIAN_POINT ( 'NONE',  ( 471.2692413168877000, -139.1666666666675700, 855.2160012743034900 ) ) ;
#2369 = ORIENTED_EDGE ( 'NONE', *, *, #1483, .F. ) ;
#2370 = ORIENTED_EDGE ( 'NONE', *, *, #1578, .F. ) ;
#2371 = AXIS2_PLACEMENT_3D ( 'NONE', #1010, #1852, #2252 ) ;
#2372 = B_SPLINE_SURFACE_WITH_KNOTS ( 'NONE', 3, 3, ( 
 ( #692, #2348, #3533, #1132 ),
 ( #3928, #1563, #4322, #1971 ),
 ( #4751, #2366, #5151, #2757 ),
 ( #237, #3149, #709, #3550 ),
 ( #1150, #3943, #1575, #4345 ),
 ( #1988, #4767, #2384, #5171 ),
 ( #2772, #255, #3170, #725 ),
 ( #3565, #1169, #3963, #1591 ),
 ( #4357, #2013, #4788, #2400 ),
 ( #5191, #2794, #273, #3185 ),
 ( #750, #3584, #1180, #3983 ),
 ( #1609, #4373, #2025, #4811 ),
 ( #2417, #5205, #2812, #297 ),
 ( #3199, #766, #3604, #1203 ),
 ( #3996, #1629, #4395, #2037 ),
 ( #4823, #2441, #5221, #2824 ),
 ( #320, #3221, #782, #3621 ),
 ( #1226, #4018, #1644, #4416 ),
 ( #2055, #4841, #2456, #5247 ),
 ( #2837, #337, #3243, #805 ),
 ( #3638, #1246, #4038, #1662 ),
 ( #4428, #2079, #4858, #2475 ),
 ( #5263, #2859, #358, #3260 ),
 ( #830, #3656, #1262, #4056 ),
 ( #1684, #4448, #2091, #4883 ),
 ( #2495, #5275, #2875, #386 ),
 ( #3275, #846, #3673, #1281 ),
 ( #4070, #1701, #4470, #2104 ),
 ( #4895, #2512, #5292, #2889 ),
 ( #402, #3296, #862, #3686 ),
 ( #1302, #4090, #1716, #4487 ) ),
 .UNSPECIFIED., .F., .F., .F.,
 ( 4, 1, 1, 1, 1, 1, 1, 1, 1, 1, 1, 1, 1, 1, 1, 1, 1, 1, 1, 1, 1, 1, 1, 1, 1, 1, 1, 1, 4 ),
 ( 4, 4 ),
 ( 0.0000000000000000000, 0.01972564592197318500, 0.03937921629561421500, 0.05896039761486016700, 0.07846886688542589700, 0.09790429192329443100, 0.1172663316559639700, 0.1365546364264979600, 0.1557688483004024400, 0.1749086013753653500, 0.1939735220939048400, 0.2129632295589662100, 0.2318773358525271500, 0.2507154463572088300, 0.3765046367672258400, 0.4998159054043168600, 0.5628715924132821100, 0.6253982849828346700, 0.6873840561239306100, 0.7488165515874099000, 0.7771260767683728600, 0.8053380882219520800, 0.8334515043941820300, 0.8614652339774452300, 0.8893781782130055800, 0.9171892332569651100, 0.9448972926101041300, 0.9725012496120299900, 1.000000000000000000 ),
 ( 0.0000000000000000000, 1.000000000000000000 ),
 .UNSPECIFIED. ) ;
#2373 = CARTESIAN_POINT ( 'NONE',  ( 345.4359661082554000, 839.0046633176068600, 1071.880455665193500 ) ) ;
#2374 = DIRECTION ( 'NONE',  ( 0.3090169943372980100, 0.0000000000000000000, -0.9510565163073865200 ) ) ;
#2375 = ORIENTED_EDGE ( 'NONE', *, *, #3475, .T. ) ;
#2376 = VERTEX_POINT ( 'NONE', #3499 ) ;
#2377 = DIRECTION ( 'NONE',  ( -0.9063077870199147700, -0.0000000000000000000, 0.4226182617765882900 ) ) ;
#2378 =( NAMED_UNIT ( * ) PLANE_ANGLE_UNIT ( ) SI_UNIT ( $, .RADIAN. ) );
#2379 = ORIENTED_EDGE ( 'NONE', *, *, #323, .T. ) ;
#2380 = DIRECTION ( 'NONE',  ( -0.9965655024944827200, 0.0000000000000000000, 0.08280820755166160000 ) ) ;
#2381 = DIRECTION ( 'NONE',  ( 0.0000000000000000000, -2.220446049250311100E-015, 1.000000000000000000 ) ) ;
#2383 = EDGE_CURVE ( 'NONE', #1676, #781, #1068, .T. ) ;
#2382 = CARTESIAN_POINT ( 'NONE',  ( -173.3165224756197300, 27.99999999999813800, 725.2164376801541700 ) ) ;
#2384 = CARTESIAN_POINT ( 'NONE',  ( 33.12662110600950900, -103.4347238319853400, 628.9502993126909600 ) ) ;
#2385 = COLOUR_RGB ( '',0.8431372549019607900, 0.8431372549019607900, 0.8431372549019607900 ) ;
#2386 = DIRECTION ( 'NONE',  ( -0.9081431738416595500, 0.0000000000000000000, -0.4186597375014671200 ) ) ;
#2387 = CARTESIAN_POINT ( 'NONE',  ( 182.1234563054804300, 27.99999999999806400, 591.5067997858071700 ) ) ;
#2388 = LINE ( 'NONE', #5078, #1447 ) ;
#2389 = EDGE_CURVE ( 'NONE', #1350, #791, #5344, .T. ) ;
#2390 = CARTESIAN_POINT ( 'NONE',  ( 317.2810279818230000, 27.99999999999924700, 721.8887583513696900 ) ) ;
#2391 = CARTESIAN_POINT ( 'NONE',  ( 173.5713779260461800, -139.1666666666674800, 590.8144930838967600 ) ) ;
#2392 = DIRECTION ( 'NONE',  ( 0.0000000000000000000, 1.850371707708592400E-015, -1.000000000000000000 ) ) ;
#2393 = CARTESIAN_POINT ( 'NONE',  ( 290.0053966939813700, -203.4999999998595700, 1106.782348653998500 ) ) ;
#2394 = DIRECTION ( 'NONE',  ( 1.731861749056300300E-015, -1.000000000000000000, -5.093711026636171800E-016 ) ) ;
#2395 = DIRECTION ( 'NONE',  ( -0.9063077870199147700, -0.0000000000000000000, 0.4226182617765882900 ) ) ;
#2396 = CARTESIAN_POINT ( 'NONE',  ( -200.0000000000079600, 42.99999999999822400, 770.0000000198016300 ) ) ;
#2397 = CARTESIAN_POINT ( 'NONE',  ( 149.8791824405535900, 27.99999999999839800, 590.5981977073091700 ) ) ;
#2398 = AXIS2_PLACEMENT_3D ( 'NONE', #3059, #4246, #1899 ) ;
#2399 = VECTOR ( 'NONE', #3921, 1000.000000000000000 ) ;
#2400 = CARTESIAN_POINT ( 'NONE',  ( 28.33395259373566000, -133.6520857479775900, 631.1851128508035300 ) ) ;
#2401 = CARTESIAN_POINT ( 'NONE',  ( 81.34481100004467200, 28.17068168329923200, 791.7894960612452500 ) ) ;
#2402 = ADVANCED_FACE ( 'NONE', ( #2043 ), #5098, .F. ) ;
#2403 = LINE ( 'NONE', #4266, #2272 ) ;
#2404 = CARTESIAN_POINT ( 'NONE',  ( 160.2027482750839900, -710.6076823182572800, 790.3694313673240700 ) ) ;
#2405 = CARTESIAN_POINT ( 'NONE',  ( 168.5822897445115100, -154.5000000000008200, 590.5426493579901700 ) ) ;
#2406 = CARTESIAN_POINT ( 'NONE',  ( 345.4359661082571100, -123.8333333333349800, 1071.880455665191200 ) ) ;
#2407 = CARTESIAN_POINT ( 'NONE',  ( 336.6520379758766800, -199.4972571887581100, 977.1373298275857500 ) ) ;
#2408 = VERTEX_POINT ( 'NONE', #1112 ) ;
#2409 = FACE_OUTER_BOUND ( 'NONE', #5343, .T. ) ;
#2410 = EDGE_CURVE ( 'NONE', #5102, #3217, #932, .T. ) ;
#2411 = DIRECTION ( 'NONE',  ( 1.737858883903028800E-015, -1.000000000000000000, -2.389772395653982800E-015 ) ) ;
#2412 = CARTESIAN_POINT ( 'NONE',  ( 313.7685903087311800, -198.4999999998594500, 1072.031392359328900 ) ) ;
#2413 = EDGE_LOOP ( 'NONE', ( #123, #2357 ) ) ;
#2414 = CARTESIAN_POINT ( 'NONE',  ( 367.5489231140407500, -154.5000000000015600, 1037.163808246736600 ) ) ;
#2415 = DIRECTION ( 'NONE',  ( 0.0000000000000000000, -2.393918396847991800E-015, 1.000000000000000000 ) ) ;
#2416 = CIRCLE ( 'NONE', #4304, 62.09631117132163800 ) ;
#2417 = CARTESIAN_POINT ( 'NONE',  ( 21.99130939944086500, -43.00000000000092400, 634.1428563393233200 ) ) ;
#2418 = ORIENTED_EDGE ( 'NONE', *, *, #3509, .F. ) ;
#2419 = DIRECTION ( 'NONE',  ( 0.0000000000000000000, -3.686575033302438500E-015, 1.000000000000000000 ) ) ;
#2420 = CARTESIAN_POINT ( 'NONE',  ( 222.8287215740538700, -154.5000000000025900, 1038.186809089790400 ) ) ;
#2421 = VECTOR ( 'NONE', #3407, 1000.000000000000000 ) ;
#2422 = EDGE_CURVE ( 'NONE', #4528, #1283, #2158, .T. ) ;
#2423 = ORIENTED_EDGE ( 'NONE', *, *, #3773, .F. ) ;
#2424 = DIRECTION ( 'NONE',  ( 0.03489949666292883200, 4.720570722536177500E-015, -0.9993908270204775500 ) ) ;
#2425 = CARTESIAN_POINT ( 'NONE',  ( 162.1269082712410900, -108.5000000000008400, 590.3763885167012400 ) ) ;
#2426 = LINE ( 'NONE', #3418, #1608 ) ;
#2427 = DIRECTION ( 'NONE',  ( 1.737858883903028800E-015, -1.000000000000000000, -2.389772395653982800E-015 ) ) ;
#2428 = VERTEX_POINT ( 'NONE', #4727 ) ;
#2430 = VERTEX_POINT ( 'NONE', #4302 ) ;
#2429 = CARTESIAN_POINT ( 'NONE',  ( 290.9886175570438800, -154.5000000000026100, 1052.048573085713100 ) ) ;
#2431 = CARTESIAN_POINT ( 'NONE',  ( 347.4335334820501700, -710.6076823182570500, 770.6955097086781700 ) ) ;
#2432 = ADVANCED_FACE ( 'NONE', ( #1923 ), #2836, .F. ) ;
#2433 = CARTESIAN_POINT ( 'NONE',  ( 370.8177908585667000, -108.5000000000013600, 1031.909384592002400 ) ) ;
#2434 = CARTESIAN_POINT ( 'NONE',  ( 372.4805806096475200, -108.5000000000012800, 1029.215564949354300 ) ) ;
#2435 = PRODUCT_DEFINITION_CONTEXT ( 'detailed design', #1566, 'design' ) ;
#2436 = CARTESIAN_POINT ( 'NONE',  ( 76.58976026925752500, -152.1477907438392400, 608.6876725363093800 ) ) ;
#2437 = ORIENTED_EDGE ( 'NONE', *, *, #822, .F. ) ;
#2438 = ORIENTED_EDGE ( 'NONE', *, *, #110, .F. ) ;
#2439 = EDGE_LOOP ( 'NONE', ( #3959, #936, #576, #4843 ) ) ;
#2440 =( GEOMETRIC_REPRESENTATION_CONTEXT ( 3 ) GLOBAL_UNCERTAINTY_ASSIGNED_CONTEXT ( ( #3627 ) ) GLOBAL_UNIT_ASSIGNED_CONTEXT ( ( #1809, #4571, #2207 ) ) REPRESENTATION_CONTEXT ( 'NONE', 'WORKASPACE' ) );
#2441 = CARTESIAN_POINT ( 'NONE',  ( 8.359170274322082200, -73.21736191599320900, 640.4994239363290900 ) ) ;
#2442 = CARTESIAN_POINT ( 'NONE',  ( 317.4948969669833300, 27.99999999999914400, 721.9363812002421800 ) ) ;
#2443 = CARTESIAN_POINT ( 'NONE',  ( -209.0816726285626400, -43.00000000000176900, 741.8940010932589100 ) ) ;
#2444 = VERTEX_POINT ( 'NONE', #1968 ) ;
#2445 = EDGE_LOOP ( 'NONE', ( #3840, #950, #2849, #923 ) ) ;
#2446 = VERTEX_POINT ( 'NONE', #4749 ) ;
#2447 = CARTESIAN_POINT ( 'NONE',  ( 384.1628292870057600, -108.5000000000012600, 1009.950461851437900 ) ) ;
#2448 = CARTESIAN_POINT ( 'NONE',  ( 157.4412753927040300, -123.8333333333341700, 590.3863809748716000 ) ) ;
#2449 = CARTESIAN_POINT ( 'NONE',  ( -37.40777647823130500, -93.54671570507635200, 661.8411145082885700 ) ) ;
#2450 = DIRECTION ( 'NONE',  ( 0.9565220583341058600, -6.969098776975138500E-016, 0.2916599936917734800 ) ) ;
#2451 = CARTESIAN_POINT ( 'NONE',  ( 345.4359661082570500, -108.5000000000016500, 1071.880455665191200 ) ) ;
#2452 = DIRECTION ( 'NONE',  ( -1.737858883903028800E-015, 1.000000000000000000, 2.389772395653982800E-015 ) ) ;
#2453 = CARTESIAN_POINT ( 'NONE',  ( 375.8171185467193700, -123.8333333333346600, 1023.778016134891900 ) ) ;
#2454 = DIRECTION ( 'NONE',  ( 0.0000000000000000000, -3.101181633031158700E-015, 1.000000000000000000 ) ) ;
#2455 = VECTOR ( 'NONE', #2620, 1000.000000000000000 ) ;
#2456 = CARTESIAN_POINT ( 'NONE',  ( -12.91287257973454000, -103.4347238319854800, 650.4188672748241500 ) ) ;
#2457 = CARTESIAN_POINT ( 'NONE',  ( 164.3155655347233100, -154.5000000000017300, 1039.944042294747100 ) ) ;
#2458 = CARTESIAN_POINT ( 'NONE',  ( 299.9999999999923800, -154.5000000000011100, 800.0000000000025000 ) ) ;
#2459 = ADVANCED_FACE ( 'NONE', ( #3890 ), #3083, .T. ) ;
#2460 = CARTESIAN_POINT ( 'NONE',  ( 102.0678257584715400, -108.5000000000009200, 599.0032188589592600 ) ) ;
#2461 = EDGE_CURVE ( 'NONE', #3146, #5346, #4136, .T. ) ;
#2462 = CARTESIAN_POINT ( 'NONE',  ( 364.3866418287347000, -108.5000000000015500, 1042.166561924344900 ) ) ;
#2463 = CARTESIAN_POINT ( 'NONE',  ( 152.8955387011178300, -139.1666666666675100, 590.5010746165075900 ) ) ;
#2464 = CARTESIAN_POINT ( 'NONE',  ( 150.3343170477660100, -123.8333333333351200, 974.8536936399657400 ) ) ;
#2465 = FACE_BOUND ( 'NONE', #676, .T. ) ;
#2466 = CARTESIAN_POINT ( 'NONE',  ( -195.6980479277803500, -69.00000000000166300, 722.1886420658916000 ) ) ;
#2467 = DIRECTION ( 'NONE',  ( 0.02100817506661491200, 0.9993869806674001700, -0.02800570393452397900 ) ) ;
#2468 = CARTESIAN_POINT ( 'NONE',  ( 372.0631715283793700, -108.5000000000013600, 1029.892802189809300 ) ) ;
#2469 = CARTESIAN_POINT ( 'NONE',  ( 382.4932038689034400, -139.1666666666680500, 1012.741839469185200 ) ) ;
#2470 = VECTOR ( 'NONE', #2834, 1000.000000000000000 ) ;
#2471 = CARTESIAN_POINT ( 'NONE',  ( 317.3959486130678400, 68.99999999999913300, 722.0753571846443000 ) ) ;
#2472 = B_SPLINE_CURVE_WITH_KNOTS ( 'NONE', 3,
 ( #78, #1834, #558, #3424, #1004, #3814, #1440, #4214, #1846, #4624 ),
 .UNSPECIFIED., .F., .F.,
 ( 4, 3, 3, 4 ),
 ( 1.110223024625156500E-016, 0.0008253244582191899100, 0.001410485104258113200, 0.001995696457581824800 ),
 .UNSPECIFIED. ) ;
#2473 = ORIENTED_EDGE ( 'NONE', *, *, #2685, .F. ) ;
#2474 = CARTESIAN_POINT ( 'NONE',  ( 124.6877583922878300, -108.5000000000009200, 593.5499138500962300 ) ) ;
#2475 = CARTESIAN_POINT ( 'NONE',  ( -26.01017682051076500, -133.6520857479777400, 656.5263488079577900 ) ) ;
#2476 = CARTESIAN_POINT ( 'NONE',  ( 291.0491043604375800, -154.5000000000017300, 1050.316457661493100 ) ) ;
#2477 = FACE_BOUND ( 'NONE', #937, .T. ) ;
#2478 = ORIENTED_EDGE ( 'NONE', *, *, #3073, .F. ) ;
#2479 = VECTOR ( 'NONE', #4009, 1000.000000000000000 ) ;
#2480 = CARTESIAN_POINT ( 'NONE',  ( 367.5489231140406300, -108.5000000000013800, 1037.163808246736800 ) ) ;
#2481 = CARTESIAN_POINT ( 'NONE',  ( 146.4268529081681700, -154.5000000000008800, 590.8341455910635900 ) ) ;
#2482 = CARTESIAN_POINT ( 'NONE',  ( 152.0620456741674500, -139.1666666666684500, 983.5572384555732700 ) ) ;
#2483 = VERTEX_POINT ( 'NONE', #1145 ) ;
#2484 = EDGE_CURVE ( 'NONE', #3514, #3574, #652, .T. ) ;
#2485 = LINE ( 'NONE', #4450, #2352 ) ;
#2486 = CARTESIAN_POINT ( 'NONE',  ( 154.1385372764644900, -154.4999999999992600, 993.7324924846864200 ) ) ;
#2487 = ADVANCED_FACE ( 'NONE', ( #2959 ), #3925, .T. ) ;
#2488 = CARTESIAN_POINT ( 'NONE',  ( 364.3866418287347000, -108.5000000000015500, 1042.166561924344900 ) ) ;
#2489 = DIRECTION ( 'NONE',  ( -8.095153439615270700E-016, -2.826889872651480000E-017, -1.000000000000000000 ) ) ;
#2490 = ORIENTED_EDGE ( 'NONE', *, *, #270, .T. ) ;
#2491 = CYLINDRICAL_SURFACE ( 'NONE', #3811, 289.9999999999997200 ) ;
#2492 = CIRCLE ( 'NONE', #867, 400.0000000000001100 ) ;
#2493 = FACE_OUTER_BOUND ( 'NONE', #4682, .T. ) ;
#2494 = CARTESIAN_POINT ( 'NONE',  ( 82.62720075162613400, 27.71058495962267900, 792.1988845394777200 ) ) ;
#2495 = CARTESIAN_POINT ( 'NONE',  ( -35.73986909782371400, -43.00000000000109400, 661.0632994114406500 ) ) ;
#2496 = ORIENTED_EDGE ( 'NONE', *, *, #1328, .F. ) ;
#2497 = EDGE_CURVE ( 'NONE', #1979, #451, #4965, .T. ) ;
#2498 = LINE ( 'NONE', #980, #4462 ) ;
#2499 = B_SPLINE_SURFACE_WITH_KNOTS ( 'NONE', 3, 3, ( 
 ( #193, #3917, #5139, #2744 ),
 ( #214, #3133, #695, #3537 ),
 ( #1135, #3930, #1565, #4325 ),
 ( #1973, #4754, #2368, #5154 ) ),
 .UNSPECIFIED., .F., .F., .F.,
 ( 4, 4 ),
 ( 4, 4 ),
 ( 0.0000000000000000000, 1.000000000000000000 ),
 ( 0.0000000000000000000, 1.000000000000000000 ),
 .UNSPECIFIED. ) ;
#2500 = EDGE_LOOP ( 'NONE', ( #5180, #389, #1613, #959 ) ) ;
#2501 = CARTESIAN_POINT ( 'NONE',  ( 365.9490675730919500, -108.5000000000013900, 1039.709374357428700 ) ) ;
#2502 = CARTESIAN_POINT ( 'NONE',  ( 133.0007899639355700, -108.5000000000008500, 592.2187407883971000 ) ) ;
#2503 = ORIENTED_EDGE ( 'NONE', *, *, #753, .F. ) ;
#2504 = CARTESIAN_POINT ( 'NONE',  ( 152.6999450917375000, -154.5000000000018200, 986.7164464092851400 ) ) ;
#2505 = DIRECTION ( 'NONE',  ( -0.03488753747705664700, -0.02617694830787505700, 0.9990483607444005100 ) ) ;
#2506 = ORIENTED_EDGE ( 'NONE', *, *, #4950, .T. ) ;
#2507 = DIRECTION ( 'NONE',  ( 4.061791553506660900E-015, -1.000000000000000000, -0.0000000000000000000 ) ) ;
#2508 = ORIENTED_EDGE ( 'NONE', *, *, #4747, .F. ) ;
#2509 = ORIENTED_EDGE ( 'NONE', *, *, #666, .T. ) ;
#2510 = CARTESIAN_POINT ( 'NONE',  ( 75.67905481353591300, -43.00000000000088800, 609.1078931315207700 ) ) ;
#2511 = CARTESIAN_POINT ( 'NONE',  ( 83.78524888909774400, 27.79374095788787700, 792.5412979602247100 ) ) ;
#2512 = CARTESIAN_POINT ( 'NONE',  ( -42.96057510409809800, -73.21736191599337900, 664.4304508596194400 ) ) ;
#2513 = CARTESIAN_POINT ( 'NONE',  ( -173.3165224756176300, -43.00000000000198200, 725.2164376801531500 ) ) ;
#2514 = ADVANCED_FACE ( 'NONE', ( #1660 ), #247, .T. ) ;
#2515 = CIRCLE ( 'NONE', #2001, 272.3796110358553100 ) ;
#2516 = CARTESIAN_POINT ( 'NONE',  ( 373.7317073739561100, -108.5000000000013500, 1027.180496448388800 ) ) ;
#2518 = EDGE_CURVE ( 'NONE', #2895, #3538, #4712, .T. ) ;
#2517 = CARTESIAN_POINT ( 'NONE',  ( 124.6877583922878600, -123.8333333333342200, 593.5499138500961200 ) ) ;
#2519 = CARTESIAN_POINT ( 'NONE',  ( 156.0414687853359500, -108.5000000000018000, 1002.691584077881700 ) ) ;
#2520 = LINE ( 'NONE', #3067, #105 ) ;
#2521 = DIRECTION ( 'NONE',  ( -0.5133194827825622300, 0.0000000000000000000, 0.8581975929795205800 ) ) ;
#2522 = CARTESIAN_POINT ( 'NONE',  ( -175.2808857116648700, -60.33333333333497000, 725.7887386332605500 ) ) ;
#2523 = CARTESIAN_POINT ( 'NONE',  ( 74.98155660931763600, -43.00000000000088800, 609.4331442482688300 ) ) ;
#2524 = EDGE_CURVE ( 'NONE', #1814, #52, #508, .T. ) ;
#2525 = CARTESIAN_POINT ( 'NONE',  ( 84.97605478912231500, 29.92575347645481500, 792.7843514880429400 ) ) ;
#2526 = CARTESIAN_POINT ( 'NONE',  ( 212.2945970714441700, 41.66666666666594700, 594.3537346264402000 ) ) ;
#2527 =( BOUNDED_CURVE ( )  B_SPLINE_CURVE ( 3, ( #5336, #461, #917, #3733 ),
 .UNSPECIFIED., .F., .F. ) 
 B_SPLINE_CURVE_WITH_KNOTS ( ( 4, 4 ),
 ( 1.697398344270108200, 1.697909188315910100 ),
 .UNSPECIFIED. ) 
 CURVE ( )  GEOMETRIC_REPRESENTATION_ITEM ( )  RATIONAL_B_SPLINE_CURVE ( ( 1.000000000000000000, 0.9999999782531967500, 0.9999999782531967500, 1.000000000000000000 ) ) 
 REPRESENTATION_ITEM ( '' )  );
#2528 = LINE ( 'NONE', #5131, #4497 ) ;
#2529 = AXIS2_PLACEMENT_3D ( 'NONE', #4229, #4264, #4226 ) ;
#2530 = CARTESIAN_POINT ( 'NONE',  ( 369.9947634683926500, -108.5000000000013600, 1033.236710042357600 ) ) ;
#2531 = LINE ( 'NONE', #522, #4638 ) ;
#2532 = CARTESIAN_POINT ( 'NONE',  ( 123.1856398322188700, -123.8333333344010500, 593.8254212335031100 ) ) ;
#2533 = ADVANCED_FACE ( 'NONE', ( #356 ), #5186, .T. ) ;
#2534 = ORIENTED_EDGE ( 'NONE', *, *, #5218, .T. ) ;
#2535 = CARTESIAN_POINT ( 'NONE',  ( 228.9298543608903700, 27.99999999999886300, 836.7290578255275500 ) ) ;
#2536 = CARTESIAN_POINT ( 'NONE',  ( 69.39024010630674900, -79.44390510206572700, 612.0404863829654700 ) ) ;
#2537 = FACE_OUTER_BOUND ( 'NONE', #5025, .T. ) ;
#2538 = PRODUCT_RELATED_PRODUCT_CATEGORY ( 'part', '', ( #1387 ) ) ;
#2539 = CARTESIAN_POINT ( 'NONE',  ( 299.9999999999925000, -200.4999999998582600, 800.0000000000022700 ) ) ;
#2540 = DIRECTION ( 'NONE',  ( -0.9063077870199153200, -8.500491252062615300E-016, 0.4226182617765868500 ) ) ;
#2541 = ORIENTED_EDGE ( 'NONE', *, *, #4865, .T. ) ;
#2542 = PLANE ( 'NONE',  #1100 ) ;
#2543 = LINE ( 'NONE', #3062, #1333 ) ;
#2544 = ORIENTED_EDGE ( 'NONE', *, *, #2113, .T. ) ;
#2545 = CARTESIAN_POINT ( 'NONE',  ( 372.4805806096475200, -108.5000000000013600, 1029.215564949354300 ) ) ;
#2546 = DIRECTION ( 'NONE',  ( -1.737858883903028800E-015, 1.000000000000000000, 2.389772395653982800E-015 ) ) ;
#2547 = VECTOR ( 'NONE', #3796, 1000.000000000000100 ) ;
#2548 = DIRECTION ( 'NONE',  ( -0.02376051087652978500, 0.9989268187751491100, -0.03975737484601937800 ) ) ;
#2549 = EDGE_CURVE ( 'NONE', #3075, #3281, #3644, .T. ) ;
#2550 = ORIENTED_EDGE ( 'NONE', *, *, #3609, .F. ) ;
#2551 = CARTESIAN_POINT ( 'NONE',  ( 119.2481725079938100, -139.1666666688013800, 594.6056217655821000 ) ) ;
#2552 = CIRCLE ( 'NONE', #4178, 150.1572233378490800 ) ;
#2553 = CARTESIAN_POINT ( 'NONE',  ( -194.6043943229443000, -43.00000000000162000, 722.3814827039286700 ) ) ;
#2554 = CARTESIAN_POINT ( 'NONE',  ( 63.07044315881103800, -115.8878102041305700, 614.9875523339083000 ) ) ;
#2555 = ORIENTED_EDGE ( 'NONE', *, *, #254, .T. ) ;
#2556 = CARTESIAN_POINT ( 'NONE',  ( 146.4268529081680900, -108.5000000000008800, 590.8341455910637000 ) ) ;
#2557 = CARTESIAN_POINT ( 'NONE',  ( 160.2027482750826300, 68.99999999999828000, 790.3694313673260000 ) ) ;
#2558 = EDGE_CURVE ( 'NONE', #3209, #206, #4576, .T. ) ;
#2559 = ADVANCED_FACE ( 'NONE', ( #1534 ), #3978, .T. ) ;
#2560 = ORIENTED_EDGE ( 'NONE', *, *, #638, .T. ) ;
#2561 = CARTESIAN_POINT ( 'NONE',  ( 382.4932038689033800, -108.5000000000012900, 1012.741839469185400 ) ) ;
#2562 = CARTESIAN_POINT ( 'NONE',  ( 49.31249916546192200, -108.5000000000016100, 791.6900213886378900 ) ) ;
#2563 = CARTESIAN_POINT ( 'NONE',  ( 471.0920357040851100, -154.5000000000014500, 855.9241926059714800 ) ) ;
#2564 = ORIENTED_EDGE ( 'NONE', *, *, #4126, .T. ) ;
#2565 = ORIENTED_EDGE ( 'NONE', *, *, #2908, .F. ) ;
#2566 = CARTESIAN_POINT ( 'NONE',  ( 114.8676898745776500, -154.5000000032015900, 595.5735769154808800 ) ) ;
#2567 = B_SPLINE_CURVE_WITH_KNOTS ( 'NONE', 3,
 ( #2447, #2561, #2608, #2591, #2587, #2516, #2619, #2545, #2468, #2433, #2530, #2480, #2501, #2488 ),
 .UNSPECIFIED., .F., .F.,
 ( 4, 2, 2, 2, 2, 2, 4 ),
 ( 0.0000000000000000000, 0.009450773714956756100, 0.01890154742991350900, 0.02126424085865271200, 0.02362693428739192200, 0.02835232114487033800, 0.03780309485982726000 ),
 .UNSPECIFIED. ) ;
#2568 = CARTESIAN_POINT ( 'NONE',  ( 80.89474033001792500, 28.37950921511773600, 791.6740011652625500 ) ) ;
#2569 = STYLED_ITEM ( 'NONE', ( #335 ), #4519 ) ;
#2570 = CARTESIAN_POINT ( 'NONE',  ( 56.71356768959535100, -152.3317153061954100, 617.9518318153793600 ) ) ;
#2571 = CARTESIAN_POINT ( 'NONE',  ( 168.5822897445114300, -108.5000000000008500, 590.5426493579902900 ) ) ;
#2572 = CARTESIAN_POINT ( 'NONE',  ( 156.6705055945672300, -123.8333333333351600, 1005.540602786226400 ) ) ;
#2573 = CIRCLE ( 'NONE', #991, 55.75565666215087600 ) ;
#2575 = EDGE_CURVE ( 'NONE', #2444, #2688, #1789, .T. ) ;
#2574 = CARTESIAN_POINT ( 'NONE',  ( 72.27373187238595200, 30.42636313075581400, 789.9931837299470800 ) ) ;
#2576 = CARTESIAN_POINT ( 'NONE',  ( 299.9999999999923800, -154.5000000000011100, 800.0000000000025000 ) ) ;
#2577 = CARTESIAN_POINT ( 'NONE',  ( 109.1135213395271500, -108.5000000000008200, 597.0030355674912200 ) ) ;
#2578 = CARTESIAN_POINT ( 'NONE',  ( 82.18111703291390300, 28.07858086292029000, 792.0324140187086600 ) ) ;
#2579 = ADVANCED_FACE ( 'NONE', ( #4446 ), #1604, .T. ) ;
#2580 = FACE_BOUND ( 'NONE', #4667, .T. ) ;
#2581 = CARTESIAN_POINT ( 'NONE',  ( 48.17408389680350900, -43.00000000000096600, 621.9337601924210000 ) ) ;
#2582 = EDGE_CURVE ( 'NONE', #1714, #5101, #3403, .T. ) ;
#2583 = CARTESIAN_POINT ( 'NONE',  ( 75.37106999853725100, 28.53674980265094500, 790.4827448815750600 ) ) ;
#2584 = CARTESIAN_POINT ( 'NONE',  ( 223.7603004906708300, -184.8899114133764100, 1038.753945834530900 ) ) ;
#2585 = CARTESIAN_POINT ( 'NONE',  ( 164.3155655347232500, -108.5000000000018800, 1039.944042294746900 ) ) ;
#2586 = CIRCLE ( 'NONE', #4349, 8.950000000000013500 ) ;
#2587 = CARTESIAN_POINT ( 'NONE',  ( 375.8171185467193700, -108.5000000000013400, 1023.778016134891900 ) ) ;
#2588 = VERTEX_POINT ( 'NONE', #774 ) ;
#2589 = CYLINDRICAL_SURFACE ( 'NONE', #3220, 137.4999999999999400 ) ;
#2590 =( GEOMETRIC_REPRESENTATION_CONTEXT ( 3 ) GLOBAL_UNCERTAINTY_ASSIGNED_CONTEXT ( ( #888 ) ) GLOBAL_UNIT_ASSIGNED_CONTEXT ( ( #827, #796, #703 ) ) REPRESENTATION_CONTEXT ( 'NONE', 'WORKASPACE' ) );
#2591 = CARTESIAN_POINT ( 'NONE',  ( 377.4858213356724800, -108.5000000000013400, 1021.036021730503400 ) ) ;
#2592 = CARTESIAN_POINT ( 'NONE',  ( 70.42892065134715600, 31.04457173535092500, 789.8008629322719100 ) ) ;
#2593 = ORIENTED_EDGE ( 'NONE', *, *, #4432, .T. ) ;
#2594 = CARTESIAN_POINT ( 'NONE',  ( 104.8659038957063100, -123.8333333344010900, 598.1754713193473700 ) ) ;
#2595 = VECTOR ( 'NONE', #2786, 1000.000000000000000 ) ;
#2596 = CARTESIAN_POINT ( 'NONE',  ( 246.4276530332799700, -198.4999999998592300, 970.5290295252912100 ) ) ;
#2597 = CARTESIAN_POINT ( 'NONE',  ( 41.71741214268996600, -79.44390510206579800, 624.9444721390643700 ) ) ;
#2598 = VERTEX_POINT ( 'NONE', #3614 ) ;
#2599 = FACE_OUTER_BOUND ( 'NONE', #1395, .T. ) ;
#2600 = CARTESIAN_POINT ( 'NONE',  ( 67.18502253111168400, 32.63857223460604500, 789.5790409510573200 ) ) ;
#2601 = CARTESIAN_POINT ( 'NONE',  ( 299.9999999999923800, -154.5000000000011100, 800.0000000000025000 ) ) ;
#2602 = CARTESIAN_POINT ( 'NONE',  ( 317.2810279818230000, 27.99999999999924700, 721.8887583513696900 ) ) ;
#2603 = CARTESIAN_POINT ( 'NONE',  ( 245.4385533639985200, -154.5000000000024700, 968.6009020022008800 ) ) ;
#2604 = ORIENTED_EDGE ( 'NONE', *, *, #4209, .F. ) ;
#2605 = ADVANCED_FACE ( 'NONE', ( #2350 ), #4316, .T. ) ;
#2606 = CYLINDRICAL_SURFACE ( 'NONE', #3286, 55.75565666215087600 ) ;
#2607 = VERTEX_POINT ( 'NONE', #2451 ) ;
#2608 = CARTESIAN_POINT ( 'NONE',  ( 380.8238636076313800, -108.5000000000013100, 1015.517954225785300 ) ) ;
#2609 = CARTESIAN_POINT ( 'NONE',  ( 68.01797594426354000, 31.91447118148924700, 789.6332800536062000 ) ) ;
#2610 = ORIENTED_EDGE ( 'NONE', *, *, #809, .T. ) ;
#2611 = CARTESIAN_POINT ( 'NONE',  ( 299.9999999999923800, -154.5000000000014500, 937.5000000000023900 ) ) ;
#2612 = CARTESIAN_POINT ( 'NONE',  ( 176.9597527035187200, 48.49999999999919000, 591.0726606892369500 ) ) ;
#2613 = LINE ( 'NONE', #1063, #1423 ) ;
#2614 = CARTESIAN_POINT ( 'NONE',  ( 100.6791312298810500, -139.1666666688013800, 599.4305961818197400 ) ) ;
#2615 = ORIENTED_EDGE ( 'NONE', *, *, #5264, .F. ) ;
#2616 = EDGE_LOOP ( 'NONE', ( #4972, #4203, #3884, #1300 ) ) ;
#2617 = ORIENTED_EDGE ( 'NONE', *, *, #3990, .F. ) ;
#2618 = VERTEX_POINT ( 'NONE', #3213 ) ;
#2619 = CARTESIAN_POINT ( 'NONE',  ( 373.3146486480022800, -108.5000000000013500, 1027.859734226380600 ) ) ;
#2620 = DIRECTION ( 'NONE',  ( 0.5242104891567238600, 0.02668198373660193500, 0.8511706261390532500 ) ) ;
#2621 = DIRECTION ( 'NONE',  ( 1.737858883903028800E-015, -1.000000000000000000, -2.389772395653982800E-015 ) ) ;
#2622 = CARTESIAN_POINT ( 'NONE',  ( 319.5541070479221700, -154.5000000000020200, 1051.311874288574200 ) ) ;
#2623 = ORIENTED_EDGE ( 'NONE', *, *, #2741, .F. ) ;
#2624 = CARTESIAN_POINT ( 'NONE',  ( 74.06257886127568200, 30.97640406339249400, 790.1770367774652200 ) ) ;
#2625 = ORIENTED_EDGE ( 'NONE', *, *, #1229, .T. ) ;
#2626 = DIRECTION ( 'NONE',  ( -0.1888416664015815100, 0.0000000000000000000, -0.9820075483572789900 ) ) ;
#2627 = EDGE_CURVE ( 'NONE', #1465, #535, #202, .T. ) ;
#2628 = CARTESIAN_POINT ( 'NONE',  ( 110.5425232596998100, -108.5000000000009000, 596.6311160947963100 ) ) ;
#2629 = SURFACE_STYLE_USAGE ( .BOTH. , #2746 ) ;
#2630 = DIRECTION ( 'NONE',  ( 0.9987820251312932200, -0.03489949670249938000, 0.03487823683251442500 ) ) ;
#2631 = B_SPLINE_CURVE_WITH_KNOTS ( 'NONE', 3,
 ( #1097, #231, #2658, #1338, #2766, #3239 ),
 .UNSPECIFIED., .F., .F.,
 ( 4, 1, 1, 4 ),
 ( 0.0000000000000000000, 0.001762407941254020600, 0.003537541575863779400, 0.005325415208471621900 ),
 .UNSPECIFIED. ) ;
#2632 = DIRECTION ( 'NONE',  ( -0.03489949666293953200, -6.671877187690776500E-015, 0.9993908270204772100 ) ) ;
#2633 = AXIS2_PLACEMENT_3D ( 'NONE', #265, #741, #3578 ) ;
#2634 = CARTESIAN_POINT ( 'NONE',  ( 93.88680619964404200, -154.5000000032016500, 601.6768961544553300 ) ) ;
#2635 = CARTESIAN_POINT ( 'NONE',  ( 159.2312392569332100, -154.5000000000015600, 1017.138617408112300 ) ) ;
#2637 = CARTESIAN_POINT ( 'NONE',  ( 299.9999999999923800, -108.5000000000013100, 875.0000000000025000 ) ) ;
#2636 = AXIS2_PLACEMENT_3D ( 'NONE', #583, #1877, #4647 ) ;
#2638 = CARTESIAN_POINT ( 'NONE',  ( 49.31249916546299500, -646.7632205590530200, 791.6900213886377700 ) ) ;
#2639 = CARTESIAN_POINT ( 'NONE',  ( 173.1056774165971300, 68.99999999999920400, 590.7486074866526500 ) ) ;
#2640 = CIRCLE ( 'NONE', #803, 30.00000000000002800 ) ;
#2641 = DIRECTION ( 'NONE',  ( -1.290301261655854000E-015, 1.000000000000000000, 3.778739409134997900E-015 ) ) ;
#2642 = CARTESIAN_POINT ( 'NONE',  ( 198.9043671504207700, 68.99999999999928900, 663.1647771478702700 ) ) ;
#2643 = DIRECTION ( 'NONE',  ( 3.620292471603770600E-015, -1.000000000000000000, -1.448116988641508300E-014 ) ) ;
#2644 = CARTESIAN_POINT ( 'NONE',  ( 67.82301825054915400, 31.98011704847729300, 789.6176818047730400 ) ) ;
#2645 = CARTESIAN_POINT ( 'NONE',  ( 129.8247752253182300, -154.4999999999983200, 592.6819191157404700 ) ) ;
#2646 = EDGE_CURVE ( 'NONE', #4022, #2709, #1900, .T. ) ;
#2647 = CARTESIAN_POINT ( 'NONE',  ( -208.0050308177290800, -60.33333333333506900, 741.3919547717254100 ) ) ;
#2648 = VECTOR ( 'NONE', #3888, 1000.000000000000200 ) ;
#2649 = CARTESIAN_POINT ( 'NONE',  ( 290.0053966939813700, -203.4999999998595400, 1097.832348653998500 ) ) ;
#2650 = PLANE ( 'NONE',  #2636 ) ;
#2651 = CARTESIAN_POINT ( 'NONE',  ( 149.8791824405535900, 27.99999999999914700, 590.5981977073091700 ) ) ;
#2652 = CARTESIAN_POINT ( 'NONE',  ( -208.0050308177290800, -69.00000000000176200, 741.3919547717255200 ) ) ;
#2653 = VECTOR ( 'NONE', #934, 999.9999999999998900 ) ;
#2654 = EDGE_CURVE ( 'NONE', #3217, #1130, #1266, .T. ) ;
#2655 = CARTESIAN_POINT ( 'NONE',  ( -199.5329956423533100, -51.66666666666833400, 724.1849894868801100 ) ) ;
#2656 = VERTEX_POINT ( 'NONE', #5258 ) ;
#2657 = DIRECTION ( 'NONE',  ( -4.153087188293503300E-030, 1.000000000000000000, 2.389772395653985900E-015 ) ) ;
#2658 = CARTESIAN_POINT ( 'NONE',  ( 231.7601572311609700, -154.4999999999990900, 595.6826600169921400 ) ) ;
#2659 = VECTOR ( 'NONE', #1874, 1000.000000000000000 ) ;
#2660 = VERTEX_POINT ( 'NONE', #824 ) ;
#2661 = AXIS2_PLACEMENT_3D ( 'NONE', #4605, #2227, #5020 ) ;
#2662 = CARTESIAN_POINT ( 'NONE',  ( 72.04883341743726500, 29.96175191480747900, 789.9338073226961100 ) ) ;
#2663 = CARTESIAN_POINT ( 'NONE',  ( 245.7661623861454800, -169.1037144680410900, 969.2429322302574500 ) ) ;
#2664 = CARTESIAN_POINT ( 'NONE',  ( -200.0023237766677700, -69.00000000000167700, 725.1914669190118700 ) ) ;
#2665 = LINE ( 'NONE', #3826, #1856 ) ;
#2666 = AXIS2_PLACEMENT_3D ( 'NONE', #661, #3507, #1109 ) ;
#2667 = ORIENTED_EDGE ( 'NONE', *, *, #3267, .T. ) ;
#2668 = VECTOR ( 'NONE', #1760, 1000.000000000000100 ) ;
#2669 = CARTESIAN_POINT ( 'NONE',  ( 246.0958622759060000, -183.7703811346602800, 969.8856414046209700 ) ) ;
#2670 = CARTESIAN_POINT ( 'NONE',  ( 134.1960563827043700, 41.66666666666580500, 592.0270133139245000 ) ) ;
#2671 = EDGE_LOOP ( 'NONE', ( #1357, #1026 ) ) ;
#2672 = VECTOR ( 'NONE', #3637, 1000.000000000000100 ) ;
#2673 = CARTESIAN_POINT ( 'NONE',  ( 173.6548032720246200, -174.4972571887583700, 1004.982210641394200 ) ) ;
#2674 = DIRECTION ( 'NONE',  ( -0.9081431738416595500, 0.0000000000000000000, -0.4186597375014671200 ) ) ;
#2675 = EDGE_CURVE ( 'NONE', #5105, #144, #57, .T. ) ;
#2676 = ORIENTED_EDGE ( 'NONE', *, *, #4996, .T. ) ;
#2677 = SURFACE_STYLE_FILL_AREA ( #2740 ) ;
#2678 = CARTESIAN_POINT ( 'NONE',  ( 74.12485047558394100, 28.79562665475023700, 790.2035375389276600 ) ) ;
#2679 = CARTESIAN_POINT ( 'NONE',  ( 83.21305713216295900, 28.00024904618320000, 792.3478992435358400 ) ) ;
#2680 = ORIENTED_EDGE ( 'NONE', *, *, #3873, .F. ) ;
#2681 = DIRECTION ( 'NONE',  ( -0.0000000000000000000, -2.389772395653982800E-015, 1.000000000000000000 ) ) ;
#2682 = ORIENTED_EDGE ( 'NONE', *, *, #5183, .F. ) ;
#2683 = EDGE_CURVE ( 'NONE', #998, #4933, #360, .T. ) ;
#2684 = CARTESIAN_POINT ( 'NONE',  ( 231.7601572311609500, -139.1666666666674000, 595.6826600169921400 ) ) ;
#2685 = EDGE_CURVE ( 'NONE', #1474, #4874, #5280, .T. ) ;
#2686 =( NAMED_UNIT ( * ) SI_UNIT ( $, .STERADIAN. ) SOLID_ANGLE_UNIT ( ) );
#2687 = DIRECTION ( 'NONE',  ( 0.4226182617048141500, 0.0000000000000000000, -0.9063077870533835500 ) ) ;
#2688 = VERTEX_POINT ( 'NONE', #1253 ) ;
#2689 = CARTESIAN_POINT ( 'NONE',  ( 83.49521685409742100, 68.99999999999823800, 792.2739606891160500 ) ) ;
#2690 = CARTESIAN_POINT ( 'NONE',  ( 77.95750518876784000, 27.99999999999880300, 790.8603868050457800 ) ) ;
#2691 = CARTESIAN_POINT ( 'NONE',  ( 258.4561246315243500, 68.99999999999948800, 626.3736344514029500 ) ) ;
#2692 = CARTESIAN_POINT ( 'NONE',  ( 364.3866418287347500, -131.5000000000015600, 1042.166561924344700 ) ) ;
#2693 = CARTESIAN_POINT ( 'NONE',  ( 74.27522537610278200, 28.21752495481138100, 790.2059738243698300 ) ) ;
#2694 = LINE ( 'NONE', #2040, #626 ) ;
#2695 = CARTESIAN_POINT ( 'NONE',  ( 85.31135499724669600, 27.94955134282844300, 792.9899042296893900 ) ) ;
#2696 = CARTESIAN_POINT ( 'NONE',  ( 471.0920357040834000, 839.0046633176074200, 855.9241926059738700 ) ) ;
#2697 = CARTESIAN_POINT ( 'NONE',  ( 266.8015473233796800, -200.4999999998597400, 1115.186592484524200 ) ) ;
#2698 = DIRECTION ( 'NONE',  ( 0.0000000000000000000, 2.498001805406600200E-015, -1.000000000000000000 ) ) ;
#2699 = CARTESIAN_POINT ( 'NONE',  ( 364.3866418287348100, -154.5000000000007700, 1042.166561924344700 ) ) ;
#2700 = CARTESIAN_POINT ( 'NONE',  ( 189.7138081316568900, 27.99999999999921100, 592.1450297924392300 ) ) ;
#2701 = CARTESIAN_POINT ( 'NONE',  ( 289.9999999999924400, -200.4999999998595100, 1078.000000000002500 ) ) ;
#2702 = DIRECTION ( 'NONE',  ( 0.0000000000000000000, -3.686575033302438500E-015, 1.000000000000000000 ) ) ;
#2703 = CARTESIAN_POINT ( 'NONE',  ( 317.2810279818230000, 27.99999999999924700, 721.8887583513696900 ) ) ;
#2704 = VECTOR ( 'NONE', #2548, 999.9999999999998900 ) ;
#2705 = VECTOR ( 'NONE', #4764, 1000.000000000000000 ) ;
#2706 = CARTESIAN_POINT ( 'NONE',  ( 75.03156151047244300, 29.61465459914376200, 790.3858421732982200 ) ) ;
#2707 = CARTESIAN_POINT ( 'NONE',  ( 313.7202876283033700, -199.8333331984250100, 1072.080454226144200 ) ) ;
#2708 = DIRECTION ( 'NONE',  ( -0.9993908270190956500, -0.03489949670250274600, 8.100087794242477400E-016 ) ) ;
#2709 = VERTEX_POINT ( 'NONE', #2883 ) ;
#2710 = DIRECTION ( 'NONE',  ( 1.737858883903028600E-015, -1.000000000000000000, -2.389772395653982800E-015 ) ) ;
#2711 = DIRECTION ( 'NONE',  ( 0.9987820251312932200, -0.03489949670249938000, 0.03487823683251471000 ) ) ;
#2712 = CARTESIAN_POINT ( 'NONE',  ( 83.33702835762807100, -108.5000000000008700, 605.7230126638385200 ) ) ;
#2713 = CARTESIAN_POINT ( 'NONE',  ( 185.2712480090646400, 41.66666666666590400, 591.7714822993832500 ) ) ;
#2714 = ORIENTED_EDGE ( 'NONE', *, *, #2422, .T. ) ;
#2715 = B_SPLINE_CURVE_WITH_KNOTS ( 'NONE', 3,
 ( #4916, #4491, #5315, #2913 ),
 .UNSPECIFIED., .F., .F.,
 ( 4, 4 ),
 ( 0.0000000000000000000, 0.002002775873269862700 ),
 .UNSPECIFIED. ) ;
#2716 = VECTOR ( 'NONE', #2395, 1000.000000000000000 ) ;
#2717 = EDGE_CURVE ( 'NONE', #4641, #3146, #1227, .T. ) ;
#2718 = CARTESIAN_POINT ( 'NONE',  ( 100.6791312298810800, -154.5000000000016500, 599.4305961818197400 ) ) ;
#2719 = DIRECTION ( 'NONE',  ( 1.737858883903028800E-015, -1.000000000000000000, -2.389772395653982800E-015 ) ) ;
#2720 =( LENGTH_UNIT ( ) NAMED_UNIT ( * ) SI_UNIT ( .MILLI., .METRE. ) );
#2721 = ORIENTED_EDGE ( 'NONE', *, *, #4896, .F. ) ;
#2722 = LINE ( 'NONE', #4020, #4716 ) ;
#2723 = AXIS2_PLACEMENT_3D ( 'NONE', #2642, #92, #3028 ) ;
#2724 = CARTESIAN_POINT ( 'NONE',  ( 77.00588426939262400, 29.11784275092731600, 790.7531939027538800 ) ) ;
#2725 = ORIENTED_EDGE ( 'NONE', *, *, #2717, .T. ) ;
#2726 = FILL_AREA_STYLE ('',( #5125 ) ) ;
#2727 = CIRCLE ( 'NONE', #1969, 272.3796110358551900 ) ;
#2728 = AXIS2_PLACEMENT_3D ( 'NONE', #1493, #4258, #1909 ) ;
#2729 = ORIENTED_EDGE ( 'NONE', *, *, #74, .T. ) ;
#2730 =( NAMED_UNIT ( * ) PLANE_ANGLE_UNIT ( ) SI_UNIT ( $, .RADIAN. ) );
#2731 = CARTESIAN_POINT ( 'NONE',  ( 76.52032841621706900, -123.8333333344011600, 608.7197100026014600 ) ) ;
#2732 = CARTESIAN_POINT ( 'NONE',  ( 179.9068334964739500, 55.33333333333251900, 591.3204403449740300 ) ) ;
#2733 = LINE ( 'NONE', #1815, #3779 ) ;
#2734 = CARTESIAN_POINT ( 'NONE',  ( 176.9597527035030600, 68.99999999999920400, 591.0726606893979400 ) ) ;
#2735 = EDGE_LOOP ( 'NONE', ( #1731, #532, #3459, #311 ) ) ;
#2736 = VERTEX_POINT ( 'NONE', #3289 ) ;
#2737 = CARTESIAN_POINT ( 'NONE',  ( 119.2481725079938400, -154.5000000000015900, 594.6056217655819900 ) ) ;
#2738 = ORIENTED_EDGE ( 'NONE', *, *, #189, .T. ) ;
#2739 = DIRECTION ( 'NONE',  ( -1.737858883903029000E-015, 1.000000000000000000, 2.389772395653983200E-015 ) ) ;
#2740 = FILL_AREA_STYLE ('',( #2761 ) ) ;
#2741 = EDGE_CURVE ( 'NONE', #541, #155, #5153, .T. ) ;
#2742 = ORIENTED_EDGE ( 'NONE', *, *, #3568, .F. ) ;
#2743 = ORIENTED_EDGE ( 'NONE', *, *, #3192, .F. ) ;
#2744 = CARTESIAN_POINT ( 'NONE',  ( 471.0920357040851100, -154.5000000000009400, 855.9241926059713700 ) ) ;
#2745 = EDGE_CURVE ( 'NONE', #4156, #451, #4199, .T. ) ;
#2746 = SURFACE_SIDE_STYLE ('',( #2677 ) ) ;
#2747 =( LENGTH_UNIT ( ) NAMED_UNIT ( * ) SI_UNIT ( .MILLI., .METRE. ) );
#2748 = CARTESIAN_POINT ( 'NONE',  ( 29.99999999999221200, -43.00000000000142100, 800.0000000106939500 ) ) ;
#2749 = CARTESIAN_POINT ( 'NONE',  ( 185.2712480090646100, 68.99999999999914700, 591.7714822993833600 ) ) ;
#2750 = FACE_OUTER_BOUND ( 'NONE', #3489, .T. ) ;
#2751 = CARTESIAN_POINT ( 'NONE',  ( 223.2075697415067200, 68.99999999999926100, 597.4068646882865300 ) ) ;
#2752 = CARTESIAN_POINT ( 'NONE',  ( 205.0047171529556600, -174.4972571887582500, 953.8238007789070700 ) ) ;
#2753 = CARTESIAN_POINT ( 'NONE',  ( 146.4268529081681700, -154.4999999999982900, 590.8341455910635900 ) ) ;
#2754 = CARTESIAN_POINT ( 'NONE',  ( 358.0135846799347000, -154.5000000000016800, 1052.189308186581500 ) ) ;
#2755 = VECTOR ( 'NONE', #2263, 1000.000000000000000 ) ;
#2756 = AXIS2_PLACEMENT_3D ( 'NONE', #799, #3633, #1243 ) ;
#2757 = CARTESIAN_POINT ( 'NONE',  ( 37.94769772507817200, -133.6520857479775700, 626.7023051484203500 ) ) ;
#2758 = CARTESIAN_POINT ( 'NONE',  ( 72.85905424304499400, 29.19060943715486500, 790.0256464841944500 ) ) ;
#2759 = CARTESIAN_POINT ( 'NONE',  ( -85.15886506569683000, -68.99999999815531700, 827.7215148450363800 ) ) ;
#2760 = AXIS2_PLACEMENT_3D ( 'NONE', #699, #1141, #3934 ) ;
#2761 = FILL_AREA_STYLE_COLOUR ( '', #454 ) ;
#2762 = CARTESIAN_POINT ( 'NONE',  ( 176.9597067419734900, -154.5000000000008200, 591.0726568250837500 ) ) ;
#2763 = CIRCLE ( 'NONE', #2132, 2.499999999999946700 ) ;
#2764 = EDGE_CURVE ( 'NONE', #3426, #2895, #4689, .T. ) ;
#2765 = CARTESIAN_POINT ( 'NONE',  ( 312.1389277525440200, -200.4999999998595700, 1116.697603046099900 ) ) ;
#2766 = CARTESIAN_POINT ( 'NONE',  ( 234.7102757571800600, -154.4999999999990900, 595.9567759480334000 ) ) ;
#2767 = CARTESIAN_POINT ( 'NONE',  ( -223.8779317903850200, -43.00000000000174100, 748.7936100531760500 ) ) ;
#2768 = VECTOR ( 'NONE', #2142, 999.9999999999998900 ) ;
#2769 = CARTESIAN_POINT ( 'NONE',  ( 312.1389277525440200, -200.4999999998597100, 1116.697603046100100 ) ) ;
#2770 = ORIENTED_EDGE ( 'NONE', *, *, #4074, .F. ) ;
#2771 = ORIENTED_EDGE ( 'NONE', *, *, #4818, .F. ) ;
#2772 = CARTESIAN_POINT ( 'NONE',  ( 31.52582506466319900, -43.00000000000090900, 629.6967341206155900 ) ) ;
#2773 = CARTESIAN_POINT ( 'NONE',  ( -223.8779317903848800, 839.0046633176066300, 748.7936100531774200 ) ) ;
#2774 = LINE ( 'NONE', #1850, #4777 ) ;
#2775 = CARTESIAN_POINT ( 'NONE',  ( 178.0671789980412400, 27.99999999999802800, 591.1657689973850400 ) ) ;
#2776 = EDGE_CURVE ( 'NONE', #4212, #1814, #4076, .T. ) ;
#2777 = ORIENTED_EDGE ( 'NONE', *, *, #877, .F. ) ;
#2778 = B_SPLINE_CURVE_WITH_KNOTS ( 'NONE', 3,
 ( #112, #10, #5015, #4464, #5108, #23, #281, #3246, #5253, #2842, #4419, #3227, #2460, #2061, #811, #785, #341, #1841, #2628, #3009, #72, #1461, #1882, #4552, #4480, #460, #333, #3242, #804 ),
 .UNSPECIFIED., .F., .F.,
 ( 4, 1, 1, 1, 1, 1, 1, 1, 1, 1, 1, 1, 1, 1, 1, 1, 1, 1, 1, 1, 1, 1, 1, 1, 1, 1, 4 ),
 ( 0.0000000000000000000, 0.002753649220548290100, 0.005520285843290899600, 0.008299789431903811500, 0.01109204074234601500, 0.01389691943454682500, 0.01671430413711641500, 0.01954407251227223400, 0.02238610132104137300, 0.02524026648878424300, 0.02668787846362129600, 0.02814025252655305900, 0.02959736369901083300, 0.03105918687413224500, 0.03252569682017682200, 0.03399686818394312400, 0.03547267549419479100, 0.03695309316509100300, 0.03843809549962624200, 0.03992765669307785100, 0.04142175083646668100, 0.04292035192002455200, 0.04442343383667781600, 0.04593097038554331400, 0.04744293527543772700, 0.04895930212840386700, 0.05048004448325183600 ),
 .UNSPECIFIED. ) ;
#2779 = LINE ( 'NONE', #4191, #4912 ) ;
#2780 = CARTESIAN_POINT ( 'NONE',  ( 171.8948117283321400, -108.5000000000008200, 590.7090339724418300 ) ) ;
#2781 = CARTESIAN_POINT ( 'NONE',  ( 49.60538400670805000, 839.0046633176069700, 791.6115431319400400 ) ) ;
#2782 = CARTESIAN_POINT ( 'NONE',  ( 82.63504611089821600, 28.08499833667497100, 792.1727527361375700 ) ) ;
#2783 = EDGE_LOOP ( 'NONE', ( #4657, #3590, #83, #1290 ) ) ;
#2784 = STYLED_ITEM ( 'NONE', ( #4499 ), #248 ) ;
#2785 = VECTOR ( 'NONE', #3708, 1000.000000000000000 ) ;
#2786 = DIRECTION ( 'NONE',  ( -4.810286278357727300E-016, -1.000000000000000000, -1.795223278693896600E-015 ) ) ;
#2787 = ADVANCED_FACE ( 'NONE', ( #1980 ), #5320, .F. ) ;
#2788 = CARTESIAN_POINT ( 'NONE',  ( 77.26567371377686300, 27.99999999999869600, 790.7669660163350000 ) ) ;
#2789 = CARTESIAN_POINT ( 'NONE',  ( 364.3866418287347000, -108.5000000000013100, 1042.166561924344900 ) ) ;
#2790 = CARTESIAN_POINT ( 'NONE',  ( 138.1361606636832600, 27.99999999999836900, 591.5515098504378100 ) ) ;
#2791 = ORIENTED_EDGE ( 'NONE', *, *, #4865, .F. ) ;
#2792 = LINE ( 'NONE', #4037, #3594 ) ;
#2793 = AXIS2_PLACEMENT_3D ( 'NONE', #3411, #990, #3801 ) ;
#2794 = CARTESIAN_POINT ( 'NONE',  ( 26.74303527527166600, -73.21736191599313800, 631.9269849438376200 ) ) ;
#2795 = CARTESIAN_POINT ( 'NONE',  ( 190.2696970427607500, 839.0046633176074200, 592.1917696218157500 ) ) ;
#2796 = CARTESIAN_POINT ( 'NONE',  ( -209.0816726285620700, 839.0046633176066300, 741.8940010932600400 ) ) ;
#2797 = ORIENTED_EDGE ( 'NONE', *, *, #4793, .T. ) ;
#2798 = LINE ( 'NONE', #2912, #3043 ) ;
#2799 = ORIENTED_EDGE ( 'NONE', *, *, #2683, .F. ) ;
#2800 = DIRECTION ( 'NONE',  ( -0.5133194827825621200, -2.938136594091407200E-015, 0.8581975929795207000 ) ) ;
#2801 = CARTESIAN_POINT ( 'NONE',  ( 166.9468606990895700, -123.8333333333341400, 590.4807848033433400 ) ) ;
#2802 = ORIENTED_EDGE ( 'NONE', *, *, #4126, .F. ) ;
#2803 = EDGE_LOOP ( 'NONE', ( #2099, #4443, #2770, #1533 ) ) ;
#2804 = CARTESIAN_POINT ( 'NONE',  ( 345.4359661082571100, -139.1666666666683300, 1071.880455665191200 ) ) ;
#2805 = DIRECTION ( 'NONE',  ( 1.780346410592597500E-015, -1.000000000000000000, -1.784559394442161000E-015 ) ) ;
#2806 = ORIENTED_EDGE ( 'NONE', *, *, #4161, .T. ) ;
#2807 = CARTESIAN_POINT ( 'NONE',  ( 289.7211081839371300, -199.4972571887582300, 1050.139001731118900 ) ) ;
#2808 = B_SPLINE_CURVE_WITH_KNOTS ( 'NONE', 3,
 ( #1594, #3966, #2401, #5193 ),
 .UNSPECIFIED., .F., .F.,
 ( 4, 4 ),
 ( 6.938893903907228400E-017, 0.002009700974866246400 ),
 .UNSPECIFIED. ) ;
#2809 = CARTESIAN_POINT ( 'NONE',  ( 369.9947634683927000, -123.8333333333347100, 1033.236710042357600 ) ) ;
#2811 = EDGE_CURVE ( 'NONE', #3111, #18, #2102, .T. ) ;
#2810 = CARTESIAN_POINT ( 'NONE',  ( 70.56046603437060600, -149.0483981220043300, 789.5670927086667900 ) ) ;
#2812 = CARTESIAN_POINT ( 'NONE',  ( 21.99130939944092200, -103.4347238319853800, 634.1428563393230900 ) ) ;
#2813 = PLANE ( 'NONE',  #696 ) ;
#2814 = ADVANCED_FACE ( 'NONE', ( #5033 ), #3998, .T. ) ;
#2815 = CIRCLE ( 'NONE', #384, 74.99999999999995700 ) ;
#2816 = EDGE_CURVE ( 'NONE', #5306, #4341, #2892, .T. ) ;
#2817 = CARTESIAN_POINT ( 'NONE',  ( 162.1269082712411500, -139.1666666666675100, 590.3763885167012400 ) ) ;
#2818 = CARTESIAN_POINT ( 'NONE',  ( 149.1055233341477000, -108.5000000000017300, 968.5035168089016200 ) ) ;
#2819 = DIRECTION ( 'NONE',  ( 0.8507393925871662400, 2.734500114445185600E-015, -0.5255877528067215400 ) ) ;
#2820 = CARTESIAN_POINT ( 'NONE',  ( 372.4805806096475700, -139.1666666666681100, 1029.215564949354100 ) ) ;
#2821 = AXIS2_PLACEMENT_3D ( 'NONE', #3171, #3964, #1592 ) ;
#2822 = AXIS2_PLACEMENT_3D ( 'NONE', #897, #1319, #4115 ) ;
#2823 = VECTOR ( 'NONE', #4098, 1000.000000000000000 ) ;
#2824 = CARTESIAN_POINT ( 'NONE',  ( 8.359170274322195800, -133.6520857479776500, 640.4994239363289800 ) ) ;
#2825 = LINE ( 'NONE', #2382, #2705 ) ;
#2826 = DIRECTION ( 'NONE',  ( 0.4226182617048165300, 2.641942262630467000E-015, -0.9063077870533824400 ) ) ;
#2827 = CARTESIAN_POINT ( 'NONE',  ( 157.4412753927040900, -154.5000000000008500, 590.3863809748716000 ) ) ;
#2828 = ORIENTED_EDGE ( 'NONE', *, *, #152, .T. ) ;
#2829 = EDGE_CURVE ( 'NONE', #655, #1224, #860, .T. ) ;
#2830 = ADVANCED_FACE ( 'NONE', ( #4908, #1849 ), #1820, .T. ) ;
#2831 = CARTESIAN_POINT ( 'NONE',  ( -200.0000000000079600, 34.99999999999819500, 800.0000000198016300 ) ) ;
#2832 = ORIENTED_EDGE ( 'NONE', *, *, #3902, .T. ) ;
#2833 = CARTESIAN_POINT ( 'NONE',  ( 375.8171185467194300, -154.5000000000015100, 1023.778016134891900 ) ) ;
#2834 = DIRECTION ( 'NONE',  ( 0.9659258262788196200, -0.0000000000000000000, -0.2588190451407693700 ) ) ;
#2835 = B_SPLINE_CURVE_WITH_KNOTS ( 'NONE', 3,
 ( #2355, #141, #223, #3138 ),
 .UNSPECIFIED., .F., .F.,
 ( 4, 4 ),
 ( 0.0000000000000000000, 1.000000000000000000 ),
 .UNSPECIFIED. ) ;
#2836 = CONICAL_SURFACE ( 'NONE', #5136, 80.00000000000001400, 0.05235987755983367900 ) ;
#2837 = CARTESIAN_POINT ( 'NONE',  ( -18.24549821674907000, -43.00000000000105200, 652.9055677758835800 ) ) ;
#2838 = ORIENTED_EDGE ( 'NONE', *, *, #687, .F. ) ;
#2839 = DIRECTION ( 'NONE',  ( 0.0000000000000000000, 2.220446049250314300E-015, -1.000000000000000000 ) ) ;
#2840 = LINE ( 'NONE', #2773, #3212 ) ;
#2841 = EDGE_CURVE ( 'NONE', #3033, #1714, #3945, .T. ) ;
#2842 = CARTESIAN_POINT ( 'NONE',  ( 96.58171677884490700, -108.5000000000009200, 600.7511989186452900 ) ) ;
#2843 = ORIENTED_EDGE ( 'NONE', *, *, #4230, .T. ) ;
#2844 = CARTESIAN_POINT ( 'NONE',  ( 165.3256600219382300, -154.4999999999982700, 590.4326838911816800 ) ) ;
#2845 = CARTESIAN_POINT ( 'NONE',  ( 151.4122398236405300, -108.5000000000008500, 590.5608829665574100 ) ) ;
#2846 = LINE ( 'NONE', #4748, #1802 ) ;
#2847 = CARTESIAN_POINT ( 'NONE',  ( 150.3343170477660600, -154.5000000000017900, 974.8536936399656300 ) ) ;
#2848 = AXIS2_PLACEMENT_3D ( 'NONE', #485, #555, #545 ) ;
#2849 = ORIENTED_EDGE ( 'NONE', *, *, #308, .F. ) ;
#2850 = CARTESIAN_POINT ( 'NONE',  ( -196.7954942127375900, -51.66666666666830600, 722.3575167471804000 ) ) ;
#2851 = VECTOR ( 'NONE', #1983, 1000.000000000000000 ) ;
#2852 = DIRECTION ( 'NONE',  ( 1.737858883903028800E-015, -1.000000000000000000, -2.389772395653982800E-015 ) ) ;
#2853 = CARTESIAN_POINT ( 'NONE',  ( 384.1628292870057600, -108.5000000000011900, 1009.950461851437900 ) ) ;
#2854 = DIRECTION ( 'NONE',  ( 0.5255877528066368300, -9.713158151231862900E-016, 0.8507393925872186500 ) ) ;
#2855 = ORIENTED_EDGE ( 'NONE', *, *, #1120, .T. ) ;
#2856 = ORIENTED_EDGE ( 'NONE', *, *, #713, .T. ) ;
#2857 = ORIENTED_EDGE ( 'NONE', *, *, #526, .F. ) ;
#2858 = DIRECTION ( 'NONE',  ( -0.9993908270204777700, -1.110223024625155400E-015, -0.03489949666292343300 ) ) ;
#2859 = CARTESIAN_POINT ( 'NONE',  ( -28.45226234368669800, -73.21736191599329400, 657.6650805960300700 ) ) ;
#2860 = ORIENTED_EDGE ( 'NONE', *, *, #1035, .F. ) ;
#2861 = ORIENTED_EDGE ( 'NONE', *, *, #2654, .F. ) ;
#2862 = ADVANCED_FACE ( 'NONE', ( #718 ), #58, .F. ) ;
#2863 = ORIENTED_EDGE ( 'NONE', *, *, #3126, .F. ) ;
#2864 = CARTESIAN_POINT ( 'NONE',  ( 454.4755667363060600, -108.5000000000010800, 892.3975069008638500 ) ) ;
#2866 = EDGE_CURVE ( 'NONE', #1880, #998, #629, .T. ) ;
#2865 = CARTESIAN_POINT ( 'NONE',  ( 142.9651427271264800, -123.8333333333342000, 591.1036459193754800 ) ) ;
#2867 = CARTESIAN_POINT ( 'NONE',  ( 152.2209139441085600, -108.5000000000017600, 984.3471492108949400 ) ) ;
#2868 = CARTESIAN_POINT ( 'NONE',  ( 77.03025817038505400, 28.20775041129114100, 790.7241903541508900 ) ) ;
#2869 = CARTESIAN_POINT ( 'NONE',  ( 152.6999450917375000, -154.4999999999992600, 986.7164464092851400 ) ) ;
#2870 = DIRECTION ( 'NONE',  ( 3.620292471603747800E-015, -1.000000000000000000, 0.0000000000000000000 ) ) ;
#2871 = CARTESIAN_POINT ( 'NONE',  ( 59.88353035772836800, -143.5598592762455300, 789.5670927086667900 ) ) ;
#2872 = DIRECTION ( 'NONE',  ( 0.0000000000000000000, -2.389772395653985900E-015, 1.000000000000000000 ) ) ;
#2873 = FACE_OUTER_BOUND ( 'NONE', #4910, .T. ) ;
#2874 = CARTESIAN_POINT ( 'NONE',  ( 80.08439891660114500, 27.95725895051095500, 791.4235401978373800 ) ) ;
#2875 = CARTESIAN_POINT ( 'NONE',  ( -35.73986909782365700, -103.4347238319855400, 661.0632994114405400 ) ) ;
#2876 = DIRECTION ( 'NONE',  ( -1.737858883903028800E-015, 1.000000000000000000, 2.389772395653982800E-015 ) ) ;
#2877 = LINE ( 'NONE', #3778, #3806 ) ;
#2878 = EDGE_CURVE ( 'NONE', #1465, #4991, #580, .T. ) ;
#2879 = CARTESIAN_POINT ( 'NONE',  ( 76.53196894334630000, 27.99999999999898400, 790.6090146894392800 ) ) ;
#2880 = CARTESIAN_POINT ( 'NONE',  ( 133.0007899639356300, -139.1666666666675700, 592.2187407883971000 ) ) ;
#2881 = CARTESIAN_POINT ( 'NONE',  ( 153.5005154949949100, -123.8333333333351500, 990.6494741399686700 ) ) ;
#2882 = DIRECTION ( 'NONE',  ( -1.282123642491301400E-015, 0.9986295347545740600, -0.05233595624294017100 ) ) ;
#2883 = CARTESIAN_POINT ( 'NONE',  ( -176.3010186140994100, -69.00000000000173400, 725.6088616786944400 ) ) ;
#2884 = ADVANCED_FACE ( 'NONE', ( #3699 ), #561, .F. ) ;
#2885 = CARTESIAN_POINT ( 'NONE',  ( 81.16554768557149700, -154.5000000000017900, 791.7483555498001800 ) ) ;
#2886 = FACE_OUTER_BOUND ( 'NONE', #3097, .T. ) ;
#2887 = AXIS2_PLACEMENT_3D ( 'NONE', #3194, #761, #3598 ) ;
#2888 = CARTESIAN_POINT ( 'NONE',  ( 81.35871941435988200, 28.02913243339671100, 791.8014072445696500 ) ) ;
#2889 = CARTESIAN_POINT ( 'NONE',  ( -42.96057510409799800, -133.6520857479777900, 664.4304508596193300 ) ) ;
#2890 = CARTESIAN_POINT ( 'NONE',  ( 226.7314714267133700, 55.33333333333257500, 598.9335365589145100 ) ) ;
#2891 = ORIENTED_EDGE ( 'NONE', *, *, #4717, .T. ) ;
#2892 = CIRCLE ( 'NONE', #2012, 150.1572233378490800 ) ;
#2893 = CARTESIAN_POINT ( 'NONE',  ( 124.6877583922879200, -154.5000000000009100, 593.5499138500961200 ) ) ;
#2894 = CARTESIAN_POINT ( 'NONE',  ( 156.0414687853360100, -139.1666666666685600, 1002.691584077881700 ) ) ;
#2895 = VERTEX_POINT ( 'NONE', #5023 ) ;
#2896 = EDGE_CURVE ( 'NONE', #2004, #4022, #2774, .T. ) ;
#2897 = CARTESIAN_POINT ( 'NONE',  ( 204.7693187003625300, 839.0046633176074200, 593.4109074106537500 ) ) ;
#2898 = VECTOR ( 'NONE', #42, 1000.000000000000000 ) ;
#2899 = CARTESIAN_POINT ( 'NONE',  ( 11.54990244101080200, -43.00000000000237300, 639.0118079968808600 ) ) ;
#2900 = CARTESIAN_POINT ( 'NONE',  ( -176.3010186140994100, -43.00000000000160600, 725.6088616786944400 ) ) ;
#2901 = CARTESIAN_POINT ( 'NONE',  ( 74.98155660931774900, -115.8878102041305500, 609.4331442482688300 ) ) ;
#2902 = VERTEX_POINT ( 'NONE', #2250 ) ;
#2903 = LINE ( 'NONE', #5347, #2547 ) ;
#2904 = CARTESIAN_POINT ( 'NONE',  ( 82.66309217741462600, 30.09677628623123300, 792.0790907346646500 ) ) ;
#2905 = DIRECTION ( 'NONE',  ( 0.5224985646821840300, 2.346229340325861500E-015, -0.8526401643747832900 ) ) ;
#2906 = CARTESIAN_POINT ( 'NONE',  ( 212.2945970714441400, 68.99999999999928900, 594.3537346264403100 ) ) ;
#2907 = ORIENTED_EDGE ( 'NONE', *, *, #31, .T. ) ;
#2908 = EDGE_CURVE ( 'NONE', #1130, #1350, #1720, .T. ) ;
#2909 = ADVANCED_FACE ( 'NONE', ( #1593 ), #1467, .T. ) ;
#2910 = FACE_OUTER_BOUND ( 'NONE', #1271, .T. ) ;
#2911 = VECTOR ( 'NONE', #613, 1000.000000000000000 ) ;
#2912 = CARTESIAN_POINT ( 'NONE',  ( 65.13452671515423700, 839.0046633176067400, 789.5670927086690700 ) ) ;
#2913 = CARTESIAN_POINT ( 'NONE',  ( 266.8015473233796800, -200.4999999998595100, 1070.419242932541900 ) ) ;
#2914 = ORIENTED_EDGE ( 'NONE', *, *, #5194, .T. ) ;
#2915 = DIRECTION ( 'NONE',  ( -1.737858883903028800E-015, 1.000000000000000000, 2.389772395653982800E-015 ) ) ;
#2916 = LINE ( 'NONE', #3130, #4929 ) ;
#2917 = AXIS2_PLACEMENT_3D ( 'NONE', #927, #2226, #5019 ) ;
#2918 = CARTESIAN_POINT ( 'NONE',  ( 123.1856398322189200, -154.5000000032015900, 593.8254212335029900 ) ) ;
#2919 = ORIENTED_EDGE ( 'NONE', *, *, #3310, .T. ) ;
#2920 = DIRECTION ( 'NONE',  ( -0.02948652587993762600, 0.9994718956726940100, -0.01365556853313584100 ) ) ;
#2921 = ORIENTED_EDGE ( 'NONE', *, *, #154, .T. ) ;
#2922 = AXIS2_PLACEMENT_3D ( 'NONE', #1955, #4722, #2340 ) ;
#2923 = CARTESIAN_POINT ( 'NONE',  ( 69.39024010630689100, -152.3317153061953500, 612.0404863829652400 ) ) ;
#2924 = ORIENTED_EDGE ( 'NONE', *, *, #513, .T. ) ;
#2925 = CARTESIAN_POINT ( 'NONE',  ( 123.6802158411974200, -108.5000000000009000, 593.7324444482419500 ) ) ;
#2926 = CARTESIAN_POINT ( 'NONE',  ( 145.9777449750427300, 68.99999999999906200, 590.8371044474463400 ) ) ;
#2927 = DIRECTION ( 'NONE',  ( -0.03237875028867403400, 0.9994718956726937900, 0.002747051178152014800 ) ) ;
#2928 =( BOUNDED_SURFACE ( )  B_SPLINE_SURFACE ( 3, 3, ( 
 ( #3291, #1276, #857, #3682 ),
 ( #1298, #4085, #1710, #4482 ),
 ( #2118, #4906, #2522, #5308 ),
 ( #2900, #416, #3308, #876 ) ),
 .UNSPECIFIED., .F., .F., .F. ) 
 B_SPLINE_SURFACE_WITH_KNOTS ( ( 4, 4 ),
 ( 4, 4 ),
 ( 0.0000000000000000000, 1.000000000000000000 ),
 ( 0.0000000000000000000, 1.000000000000000000 ),
 .UNSPECIFIED. ) 
 GEOMETRIC_REPRESENTATION_ITEM ( )  RATIONAL_B_SPLINE_SURFACE ( (
 ( 1.000000000000000000, 1.000000000000000000, 1.000000000000000000, 1.000000000000000000),
 ( 0.9691388770248035000, 0.9691388770248035000, 0.9691388770248035000, 0.9691388770248035000),
 ( 0.9691388770248035000, 0.9691388770248035000, 0.9691388770248035000, 0.9691388770248035000),
 ( 1.000000000000000000, 1.000000000000000000, 1.000000000000000000, 1.000000000000000000) ) ) 
 REPRESENTATION_ITEM ( '' )  SURFACE ( )  );
#2929 = CARTESIAN_POINT ( 'NONE',  ( 75.79571720599898300, 27.99999999999897000, 790.4640005739360000 ) ) ;
#2931 = EDGE_CURVE ( 'NONE', #144, #5150, #425, .T. ) ;
#2930 = CARTESIAN_POINT ( 'NONE',  ( 173.6548032720246200, -174.4972571887582500, 1004.982210641394200 ) ) ;
#2932 = FILL_AREA_STYLE ('',( #1744 ) ) ;
#2933 = LINE ( 'NONE', #2759, #4117 ) ;
#2934 = CARTESIAN_POINT ( 'NONE',  ( 117.7820250465905800, -108.5000000000008100, 594.9181678281606800 ) ) ;
#2935 = CARTESIAN_POINT ( 'NONE',  ( -200.0000000000078400, -35.00000000000182600, 800.0000000198014000 ) ) ;
#2936 = ADVANCED_FACE ( 'NONE', ( #4505 ), #4057, .F. ) ;
#2937 = CARTESIAN_POINT ( 'NONE',  ( 315.1942800860021000, -154.5000000000017300, 1075.231798747112900 ) ) ;
#2938 = CARTESIAN_POINT ( 'NONE',  ( 60.95577982806230500, -43.00000000000092400, 615.9736531689053400 ) ) ;
#2939 = EDGE_CURVE ( 'NONE', #4283, #4874, #3455, .T. ) ;
#2940 = CARTESIAN_POINT ( 'NONE',  ( 151.4122398236405300, -108.5000000000008800, 590.5608829665574100 ) ) ;
#2941 = DIRECTION ( 'NONE',  ( 0.0000000000000000000, -2.359223927328455700E-015, 1.000000000000000000 ) ) ;
#2942 = DIRECTION ( 'NONE',  ( -0.5243971889479208700, 0.0000000000000000000, -0.8514737742429409100 ) ) ;
#2943 = LINE ( 'NONE', #2782, #3995 ) ;
#2944 = AXIS2_PLACEMENT_3D ( 'NONE', #3229, #3249, #3214 ) ;
#2945 = CARTESIAN_POINT ( 'NONE',  ( 126.7219423757643400, -154.4999999999983200, 593.1813926210514900 ) ) ;
#2946 = CARTESIAN_POINT ( 'NONE',  ( 78.85528485231765200, 27.99999999999891300, 791.0529469530830500 ) ) ;
#2947 = VECTOR ( 'NONE', #4352, 1000.000000000000100 ) ;
#2948 = CARTESIAN_POINT ( 'NONE',  ( 113.4196974131363900, -123.8333333344010600, 595.9162766710538800 ) ) ;
#2949 = CARTESIAN_POINT ( 'NONE',  ( 80.89473687893186600, 28.38113155667147700, 791.6740621296344200 ) ) ;
#2950 = CARTESIAN_POINT ( 'NONE',  ( 289.9999999999924400, -200.4999999998595100, 1078.000000000002500 ) ) ;
#2951 = ORIENTED_EDGE ( 'NONE', *, *, #832, .T. ) ;
#2952 = DIRECTION ( 'NONE',  ( -1.737858883903029000E-015, 1.000000000000000000, 2.389772395653983200E-015 ) ) ;
#2953 = CARTESIAN_POINT ( 'NONE',  ( 54.58576336933521100, -79.44390510206577000, 618.9440291831302800 ) ) ;
#2954 = PRESENTATION_STYLE_ASSIGNMENT (( #4173 ) ) ;
#2955 = CARTESIAN_POINT ( 'NONE',  ( 171.8948117283321400, -108.5000000000008500, 590.7090339724418300 ) ) ;
#2956 = ORIENTED_EDGE ( 'NONE', *, *, #3797, .T. ) ;
#2957 = CARTESIAN_POINT ( 'NONE',  ( 317.4236073052632000, 27.99999999999913700, 721.9205069172846800 ) ) ;
#2958 = CARTESIAN_POINT ( 'NONE',  ( 75.05688029031728100, 27.99999999999878900, 790.3321177631147500 ) ) ;
#2959 = FACE_OUTER_BOUND ( 'NONE', #1468, .T. ) ;
#2960 = ADVANCED_FACE ( 'NONE', ( #2409 ), #4072, .T. ) ;
#2961 = VERTEX_POINT ( 'NONE', #2697 ) ;
#2962 = CARTESIAN_POINT ( 'NONE',  ( -206.6622042471145700, -43.00000000000168400, 739.4736266791276200 ) ) ;
#2963 = CARTESIAN_POINT ( 'NONE',  ( 72.24495837922063400, 30.43561610154347400, 789.9897411224733300 ) ) ;
#2964 = DIRECTION ( 'NONE',  ( 0.5243971889478775700, -1.111256393598838200E-015, 0.8514737742429674400 ) ) ;
#2965 = ORIENTED_EDGE ( 'NONE', *, *, #1959, .F. ) ;
#2966 = CARTESIAN_POINT ( 'NONE',  ( 109.1135213395272000, -139.1666666688013800, 597.0030355674912200 ) ) ;
#2967 = CARTESIAN_POINT ( 'NONE',  ( 82.17996523762107600, 28.21589248224273700, 792.0373188564249200 ) ) ;
#2968 = CIRCLE ( 'NONE', #1693, 150.5764855721134600 ) ;
#2969 = DIRECTION ( 'NONE',  ( 0.0000000000000000000, 2.389772395653982800E-015, -1.000000000000000000 ) ) ;
#2970 = CARTESIAN_POINT ( 'NONE',  ( 48.17408389680360900, -115.8878102041306000, 621.9337601924207800 ) ) ;
#2971 = ORIENTED_EDGE ( 'NONE', *, *, #4503, .T. ) ;
#2972 = CARTESIAN_POINT ( 'NONE',  ( 78.01689510189584100, 27.77010046991364700, 790.8805643391841600 ) ) ;
#2973 = CIRCLE ( 'NONE', #15, 30.00000000000002800 ) ;
#2974 = DIRECTION ( 'NONE',  ( 1.737858883903028800E-015, -1.000000000000000000, -2.389772395653982800E-015 ) ) ;
#2975 = CARTESIAN_POINT ( 'NONE',  ( 164.3155655347233100, -139.1666666666685900, 1039.944042294746900 ) ) ;
#2976 = EDGE_CURVE ( 'NONE', #2709, #4641, #1327, .T. ) ;
#2977 = ORIENTED_EDGE ( 'NONE', *, *, #2059, .T. ) ;
#2978 = ORIENTED_EDGE ( 'NONE', *, *, #2816, .F. ) ;
#2979 = ORIENTED_EDGE ( 'NONE', *, *, #4456, .T. ) ;
#2980 = VECTOR ( 'NONE', #3818, 1000.000000000000000 ) ;
#2981 = DIRECTION ( 'NONE',  ( -2.326346966392633900E-015, 1.000000000000000000, 1.437219770200968000E-015 ) ) ;
#2982 = CARTESIAN_POINT ( 'NONE',  ( 70.42319934708031300, 31.04656217732066300, 789.8003564419007000 ) ) ;
#2983 = CARTESIAN_POINT ( 'NONE',  ( 164.3155655347232500, -108.5000000000019000, 1039.944042294746900 ) ) ;
#2984 = ORIENTED_EDGE ( 'NONE', *, *, #395, .F. ) ;
#2985 = ORIENTED_EDGE ( 'NONE', *, *, #3662, .T. ) ;
#2986 = AXIS2_PLACEMENT_3D ( 'NONE', #3005, #1826, #551 ) ;
#2987 = CARTESIAN_POINT ( 'NONE',  ( 104.8659038957063700, -154.5000000032016200, 598.1754713193472500 ) ) ;
#2988 = ADVANCED_FACE ( 'NONE', ( #2537 ), #2372, .F. ) ;
#2989 = DIRECTION ( 'NONE',  ( 1.737858883903028800E-015, -1.000000000000000000, -2.389772395653982800E-015 ) ) ;
#2990 = CARTESIAN_POINT ( 'NONE',  ( 41.71741214269008000, -152.3317153061954300, 624.9444721390642600 ) ) ;
#2991 = CARTESIAN_POINT ( 'NONE',  ( 70.25380323322346500, 31.48545782576257700, 789.7235072433794600 ) ) ;
#2992 = CARTESIAN_POINT ( 'NONE',  ( 315.3343195250328700, -136.0000000000022200, 1075.224032078609500 ) ) ;
#2993 = VECTOR ( 'NONE', #4697, 1000.000000000000100 ) ;
#2994 =( BOUNDED_CURVE ( )  B_SPLINE_CURVE ( 3, ( #1967, #3179, #3573, #1175 ),
 .UNSPECIFIED., .F., .T. ) 
 B_SPLINE_CURVE_WITH_KNOTS ( ( 4, 4 ),
 ( 5.551115123125782100E-017, 0.003499774521588112700 ),
 .UNSPECIFIED. ) 
 CURVE ( )  GEOMETRIC_REPRESENTATION_ITEM ( )  RATIONAL_B_SPLINE_CURVE ( ( 1.000000000000000000, 0.9598053699371152900, 0.9598053699371152900, 1.000000000000000000 ) ) 
 REPRESENTATION_ITEM ( '' )  );
#2996 = EDGE_CURVE ( 'NONE', #3488, #3574, #2278, .T. ) ;
#2995 = CARTESIAN_POINT ( 'NONE',  ( 66.82159598382828800, 32.37017407900301400, 789.5907821544144600 ) ) ;
#2997 = CARTESIAN_POINT ( 'NONE',  ( 299.9999999999920400, -150.5000000000020200, 800.0000000000026100 ) ) ;
#2998 = CARTESIAN_POINT ( 'NONE',  ( 98.84841597857007400, -108.5000000000008500, 600.0085945548992200 ) ) ;
#2999 = CARTESIAN_POINT ( 'NONE',  ( -173.3165224756192500, 839.0046633176066300, 725.2164376801552000 ) ) ;
#3000 = DIRECTION ( 'NONE',  ( 0.0000000000000000000, 0.0000000000000000000, -1.000000000000000000 ) ) ;
#3001 = DIRECTION ( 'NONE',  ( 1.737858883903028600E-015, -1.000000000000000000, -2.389772395653982800E-015 ) ) ;
#3002 = EDGE_CURVE ( 'NONE', #1979, #2961, #3330, .T. ) ;
#3003 = CARTESIAN_POINT ( 'NONE',  ( 76.71346459905765900, 30.20975493520808200, 790.5755395820930300 ) ) ;
#3004 = PLANE ( 'NONE',  #4017 ) ;
#3005 = CARTESIAN_POINT ( 'NONE',  ( -200.0000000000076700, -127.8528137423875000, 800.0000000198011800 ) ) ;
#3006 = LINE ( 'NONE', #3416, #5145 ) ;
#3007 = DIRECTION ( 'NONE',  ( -1.737858883903028800E-015, 1.000000000000000000, 2.389772395653982800E-015 ) ) ;
#3008 = LINE ( 'NONE', #4425, #3434 ) ;
#3009 = CARTESIAN_POINT ( 'NONE',  ( 111.9779450274367900, -108.5000000000009000, 596.2688266654950000 ) ) ;
#3010 = LINE ( 'NONE', #1257, #4073 ) ;
#3011 = AXIS2_PLACEMENT_3D ( 'NONE', #3193, #760, #3597 ) ;
#3012 = CARTESIAN_POINT ( 'NONE',  ( 289.9999999999924400, -195.4999999998595100, 1078.000000000002500 ) ) ;
#3013 = CARTESIAN_POINT ( 'NONE',  ( 265.1951919267641000, -154.5000000000013600, 1072.471610521288800 ) ) ;
#3014 = AXIS2_PLACEMENT_3D ( 'NONE', #353, #4052, #1680 ) ;
#3015 = ORIENTED_EDGE ( 'NONE', *, *, #261, .T. ) ;
#3016 = CARTESIAN_POINT ( 'NONE',  ( 91.21434392140622500, -123.8333333344011200, 602.6375925670545300 ) ) ;
#3017 = VECTOR ( 'NONE', #2920, 1000.000000000000000 ) ;
#3018 = CARTESIAN_POINT ( 'NONE',  ( 317.3959486156071500, -710.6076823182570500, 722.0753571887612500 ) ) ;
#3019 = CARTESIAN_POINT ( 'NONE',  ( 175.2610739254858500, -154.4999999999982400, 590.9340459773336500 ) ) ;
#3020 = DIRECTION ( 'NONE',  ( 0.8762970608289100100, 0.0000000000000000000, -0.4817711709749904500 ) ) ;
#3021 = CARTESIAN_POINT ( 'NONE',  ( 169.2509875739490300, 41.66666666666586100, 590.5368402093801000 ) ) ;
#3022 = AXIS2_PLACEMENT_3D ( 'NONE', #2022, #4805, #2415 ) ;
#3023 = CARTESIAN_POINT ( 'NONE',  ( 84.96602582078149600, 27.99999999999896600, 792.8868053869291500 ) ) ;
#3024 = EDGE_LOOP ( 'NONE', ( #5335, #1787, #2181, #315 ) ) ;
#3025 = LINE ( 'NONE', #4573, #2898 ) ;
#3026 = DIRECTION ( 'NONE',  ( 1.000000000000000000, 1.731861749056300500E-015, 0.0000000000000000000 ) ) ;
#3027 = DIRECTION ( 'NONE',  ( 0.0000000000000000000, -1.000000000000000000, 0.0000000000000000000 ) ) ;
#3028 = DIRECTION ( 'NONE',  ( 0.0000000000000000000, -2.379049338482479700E-015, 1.000000000000000000 ) ) ;
#3029 = ORIENTED_EDGE ( 'NONE', *, *, #152, .F. ) ;
#3030 = EDGE_CURVE ( 'NONE', #464, #3426, #127, .T. ) ;
#3031 = CIRCLE ( 'NONE', #411, 62.09631117132163800 ) ;
#3032 = CARTESIAN_POINT ( 'NONE',  ( 67.82319081324294500, 31.98680871106452600, 789.6179633194917600 ) ) ;
#3033 = VERTEX_POINT ( 'NONE', #2123 ) ;
#3034 = CARTESIAN_POINT ( 'NONE',  ( -209.0816726285627900, -43.00000000000170500, 741.8940010932590200 ) ) ;
#3035 = CARTESIAN_POINT ( 'NONE',  ( -200.0000000000079600, 34.99999999999822400, 800.0000000198016300 ) ) ;
#3036 = VECTOR ( 'NONE', #44, 1000.000000000000000 ) ;
#3037 = ORIENTED_EDGE ( 'NONE', *, *, #3797, .F. ) ;
#3038 = DIRECTION ( 'NONE',  ( 0.0000000000000000000, -3.101181633031158700E-015, 1.000000000000000000 ) ) ;
#3039 = EDGE_CURVE ( 'NONE', #3602, #302, #4625, .T. ) ;
#3040 = PLANE ( 'NONE',  #4007 ) ;
#3041 = CARTESIAN_POINT ( 'NONE',  ( 313.7685903087311800, -198.4999999998594800, 1072.031392359328900 ) ) ;
#3042 = CARTESIAN_POINT ( 'NONE',  ( 149.8791824405535400, 55.33333333333249000, 590.5981977073091700 ) ) ;
#3043 = VECTOR ( 'NONE', #2852, 1000.000000000000000 ) ;
#3044 = ORIENTED_EDGE ( 'NONE', *, *, #3864, .T. ) ;
#3046 = ORIENTED_EDGE ( 'NONE', *, *, #5317, .F. ) ;
#3045 = CARTESIAN_POINT ( 'NONE',  ( 299.9999999999923800, -154.5000000000011100, 800.0000000000025000 ) ) ;
#3047 = ORIENTED_EDGE ( 'NONE', *, *, #24, .T. ) ;
#3048 = CARTESIAN_POINT ( 'NONE',  ( -199.5329956423533100, -69.00000000000170500, 724.1849894868801100 ) ) ;
#3049 = CARTESIAN_POINT ( 'NONE',  ( 223.9350259148749300, -174.4972571887584000, 1039.096863787619200 ) ) ;
#3050 = CARTESIAN_POINT ( 'NONE',  ( 18.51840738761097100, -43.00000000000165600, 635.7623409577939800 ) ) ;
#3051 = PRESENTATION_LAYER_ASSIGNMENT (  '', '', ( #2784 ) ) ;
#3052 = ORIENTED_EDGE ( 'NONE', *, *, #1513, .T. ) ;
#3053 = CARTESIAN_POINT ( 'NONE',  ( 72.06143423316953500, 30.48426426255582600, 789.9557552794575500 ) ) ;
#3054 = CARTESIAN_POINT ( 'NONE',  ( 313.6961364667574800, -200.4999999998594300, 1072.104979840895800 ) ) ;
#3055 = AXIS2_PLACEMENT_3D ( 'NONE', #36, #4588, #2214 ) ;
#3056 = CARTESIAN_POINT ( 'NONE',  ( 235.3035037589711700, -154.5000000000007400, 596.0138157273034900 ) ) ;
#3057 = CARTESIAN_POINT ( 'NONE',  ( 139.5725109881392100, -154.4999999999982900, 591.4265559115558500 ) ) ;
#3058 = CARTESIAN_POINT ( 'NONE',  ( 134.1960563827043100, 68.99999999999914700, 592.0270133139245000 ) ) ;
#3059 = CARTESIAN_POINT ( 'NONE',  ( 283.7383055296296600, -710.6076823182571600, 853.3315154742514300 ) ) ;
#3060 = VECTOR ( 'NONE', #2333, 1000.000000000000000 ) ;
#3061 = CARTESIAN_POINT ( 'NONE',  ( 266.8015473233796800, -200.4999999998597400, 1115.186592484524200 ) ) ;
#3062 = CARTESIAN_POINT ( 'NONE',  ( 204.7306423766959500, -199.4972571887583400, 954.4183149270022600 ) ) ;
#3063 = DIRECTION ( 'NONE',  ( 1.737858883903028800E-015, -1.000000000000000000, -2.389772395653982800E-015 ) ) ;
#3064 = CARTESIAN_POINT ( 'NONE',  ( 74.14664777574574800, 29.85493104336217100, 790.2477727724941600 ) ) ;
#3065 = EDGE_CURVE ( 'NONE', #3395, #3602, #3201, .T. ) ;
#3066 = CARTESIAN_POINT ( 'NONE',  ( 83.21200933256054100, 28.11496484205386500, 792.3519756530722600 ) ) ;
#3067 = CARTESIAN_POINT ( 'NONE',  ( 223.3362855324576800, -184.8899114133764100, 1040.058929691115300 ) ) ;
#3068 = CARTESIAN_POINT ( 'NONE',  ( 230.5852766008683500, -108.5000000000006000, 595.5823100437560200 ) ) ;
#3069 = CARTESIAN_POINT ( 'NONE',  ( 196.4859911350839100, 839.0046633176065100, 994.1258611538349900 ) ) ;
#3070 = PLANE ( 'NONE',  #1974 ) ;
#3071 = CARTESIAN_POINT ( 'NONE',  ( 48.58830984092375600, -137.7534876337667800, 621.7406097380411400 ) ) ;
#3072 = LINE ( 'NONE', #3951, #2947 ) ;
#3073 = EDGE_CURVE ( 'NONE', #1164, #3033, #4252, .T. ) ;
#3074 = CARTESIAN_POINT ( 'NONE',  ( -173.3165224756192500, 839.0046633176066300, 725.2164376801552000 ) ) ;
#3075 = VERTEX_POINT ( 'NONE', #466 ) ;
#3076 = CARTESIAN_POINT ( 'NONE',  ( 65.13452671515594300, -146.2591634923163900, 789.5670927086667900 ) ) ;
#3077 = CARTESIAN_POINT ( 'NONE',  ( 49.31249916546175900, 27.99999999999835900, 791.6900213886380000 ) ) ;
#3078 = VECTOR ( 'NONE', #2146, 1000.000000000000100 ) ;
#3079 = ORIENTED_EDGE ( 'NONE', *, *, #2558, .T. ) ;
#3080 = AXIS2_PLACEMENT_3D ( 'NONE', #2026, #4812, #2419 ) ;
#3081 = CARTESIAN_POINT ( 'NONE',  ( 74.29671461350346800, 29.27840942606161400, 790.2502442989131200 ) ) ;
#3082 = CARTESIAN_POINT ( 'NONE',  ( 85.70932877313586600, 27.82783030571090400, 793.1068573622411600 ) ) ;
#3083 = CYLINDRICAL_SURFACE ( 'NONE', #1277, 30.00000000000002800 ) ;
#3084 = PLANE ( 'NONE',  #3257 ) ;
#3085 = PRESENTATION_LAYER_ASSIGNMENT (  '', '', ( #2569 ) ) ;
#3086 = ORIENTED_EDGE ( 'NONE', *, *, #1437, .T. ) ;
#3087 = CARTESIAN_POINT ( 'NONE',  ( 198.9043671504208500, 27.99999999999902700, 663.1647771478701500 ) ) ;
#3088 = CARTESIAN_POINT ( 'NONE',  ( 384.1628292870058200, -131.5000000000013400, 1009.950461851437900 ) ) ;
#3089 = CARTESIAN_POINT ( 'NONE',  ( 49.60538400670767300, 42.99999999999781900, 791.6115431319385600 ) ) ;
#3090 = CARTESIAN_POINT ( 'NONE',  ( 189.7138081316568300, 55.33333333333254700, 592.1450297924393500 ) ) ;
#3091 = DIRECTION ( 'NONE',  ( 0.0000000000000000000, 0.0000000000000000000, -1.000000000000000000 ) ) ;
#3092 = ORIENTED_EDGE ( 'NONE', *, *, #3349, .F. ) ;
#3093 = ORIENTED_EDGE ( 'NONE', *, *, #1411, .F. ) ;
#3094 = B_SPLINE_CURVE_WITH_KNOTS ( 'NONE', 3,
 ( #4873, #2868, #370, #3268, #840, #3666, #1272, #4063 ),
 .UNSPECIFIED., .F., .F.,
 ( 4, 2, 2, 4 ),
 ( 1.551583845779545700E-017, 0.0009482400853452530400, 0.001896480170690490700, 0.003792960341381017800 ),
 .UNSPECIFIED. ) ;
#3095 = CARTESIAN_POINT ( 'NONE',  ( -199.5329956423533100, -43.00000000000163400, 724.1849894868797700 ) ) ;
#3096 = FACE_OUTER_BOUND ( 'NONE', #800, .T. ) ;
#3097 = EDGE_LOOP ( 'NONE', ( #5168, #3754, #4473, #3782 ) ) ;
#3098 = DIRECTION ( 'NONE',  ( 1.737858883903028800E-015, -1.000000000000000000, -2.389772395653982800E-015 ) ) ;
#3099 = CARTESIAN_POINT ( 'NONE',  ( 223.3310472874211100, -174.4972571887609500, 1038.900619235482300 ) ) ;
#3100 = EDGE_CURVE ( 'NONE', #1209, #1224, #1191, .T. ) ;
#3101 = VERTEX_POINT ( 'NONE', #4517 ) ;
#3102 = VECTOR ( 'NONE', #2353, 1000.000000000000000 ) ;
#3103 = CARTESIAN_POINT ( 'NONE',  ( 75.99875451145263100, 28.26582045369980300, 790.5113922409086600 ) ) ;
#3104 = CARTESIAN_POINT ( 'NONE',  ( 258.4561246315237200, -710.6076823182569300, 626.3736344513978300 ) ) ;
#3105 = ORIENTED_EDGE ( 'NONE', *, *, #2312, .F. ) ;
#3106 = CARTESIAN_POINT ( 'NONE',  ( 195.7023283549810100, -154.5000000000025600, 1029.372909646342100 ) ) ;
#3107 = ORIENTED_EDGE ( 'NONE', *, *, #3267, .F. ) ;
#3108 = EDGE_CURVE ( 'NONE', #2376, #4449, #3575, .T. ) ;
#3109 = DIRECTION ( 'NONE',  ( 1.737858883903028800E-015, -1.000000000000000000, -2.389772395653982800E-015 ) ) ;
#3110 = CARTESIAN_POINT ( 'NONE',  ( 83.33702835762812800, -139.1666666688014100, 605.7230126638385200 ) ) ;
#3111 = VERTEX_POINT ( 'NONE', #4538 ) ;
#3112 = ORIENTED_EDGE ( 'NONE', *, *, #4456, .F. ) ;
#3113 = CARTESIAN_POINT ( 'NONE',  ( 185.2712480090646100, 68.99999999999923300, 591.7714822993833600 ) ) ;
#3114 = DIRECTION ( 'NONE',  ( -0.9510565163073884100, 9.731157710471529900E-016, -0.3090169943372925700 ) ) ;
#3115 = CARTESIAN_POINT ( 'NONE',  ( 103.4634430874655500, -154.5000000000016200, 598.5848067738516000 ) ) ;
#3116 = DIRECTION ( 'NONE',  ( 0.0000000000000000000, 2.220446049250314300E-015, -1.000000000000000000 ) ) ;
#3117 = CARTESIAN_POINT ( 'NONE',  ( 162.1269082712411800, -154.4999999999982700, 590.3763885167011300 ) ) ;
#3118 = CARTESIAN_POINT ( 'NONE',  ( 77.32266626347814100, 27.40354082437966100, 790.7565696778924600 ) ) ;
#3119 = FACE_OUTER_BOUND ( 'NONE', #4343, .T. ) ;
#3120 = SURFACE_STYLE_USAGE ( .BOTH. , #192 ) ;
#3121 = DIRECTION ( 'NONE',  ( 0.8651445006789279000, -0.4447323972934673600, -0.2318147703288427900 ) ) ;
#3122 = CARTESIAN_POINT ( 'NONE',  ( 479.8885385508004900, -154.5000000000015900, 806.3335375624132000 ) ) ;
#3123 =( LENGTH_UNIT ( ) NAMED_UNIT ( * ) SI_UNIT ( .MILLI., .METRE. ) );
#3124 = CARTESIAN_POINT ( 'NONE',  ( 76.52032841621712600, -154.5000000032017100, 608.7197100026014600 ) ) ;
#3125 = CARTESIAN_POINT ( 'NONE',  ( 178.0671789980412400, 27.99999999999917600, 591.1657689973850400 ) ) ;
#3126 = EDGE_CURVE ( 'NONE', #1880, #1031, #1061, .T. ) ;
#3127 = CARTESIAN_POINT ( 'NONE',  ( 122.1979108148233300, -154.5000000000015900, 594.0111072900010600 ) ) ;
#3128 = DIRECTION ( 'NONE',  ( 1.737858883903028800E-015, -1.000000000000000000, -2.389772395653982800E-015 ) ) ;
#3129 = VECTOR ( 'NONE', #2964, 1000.000000000000100 ) ;
#3130 = CARTESIAN_POINT ( 'NONE',  ( 190.2696970427621500, 68.99999999999923300, 592.1917696218138200 ) ) ;
#3131 = CYLINDRICAL_SURFACE ( 'NONE', #4344, 180.0000000000001700 ) ;
#3132 = CARTESIAN_POINT ( 'NONE',  ( 69.28632854591205600, 31.10318841703132600, 789.6958651236592500 ) ) ;
#3133 = CARTESIAN_POINT ( 'NONE',  ( 471.1678290476556900, -123.8333333333341700, 855.6923137564065200 ) ) ;
#3134 = LINE ( 'NONE', #2767, #995 ) ;
#3135 = CARTESIAN_POINT ( 'NONE',  ( 190.2696970427621500, 27.99999999999926800, 592.1917696218138200 ) ) ;
#3136 =( NAMED_UNIT ( * ) SI_UNIT ( $, .STERADIAN. ) SOLID_ANGLE_UNIT ( ) );
#3137 = DIRECTION ( 'NONE',  ( -1.737858883903028800E-015, 1.000000000000000000, 2.389772395653982800E-015 ) ) ;
#3138 = CARTESIAN_POINT ( 'NONE',  ( 229.0726243959121900, 30.99999999997817600, 836.6630109938964800 ) ) ;
#3139 = CARTESIAN_POINT ( 'NONE',  ( 188.6018460044177800, 68.99999999999914700, 592.0515346370949600 ) ) ;
#3140 = ORIENTED_EDGE ( 'NONE', *, *, #473, .T. ) ;
#3141 = VECTOR ( 'NONE', #4048, 1000.000000000000000 ) ;
#3142 = EDGE_CURVE ( 'NONE', #4591, #2172, #3595, .T. ) ;
#3143 = CARTESIAN_POINT ( 'NONE',  ( 347.4335334820502800, 68.99999999999906200, 770.6955097086824900 ) ) ;
#3144 = CARTESIAN_POINT ( 'NONE',  ( 336.6520379758766800, -174.4972571887581100, 977.1373298275858600 ) ) ;
#3145 = DIRECTION ( 'NONE',  ( 0.0000000000000000000, 2.467162276944791400E-015, -1.000000000000000000 ) ) ;
#3146 = VERTEX_POINT ( 'NONE', #481 ) ;
#3147 = CARTESIAN_POINT ( 'NONE',  ( 364.3866418287347500, -123.8333333333348800, 1042.166561924344700 ) ) ;
#3148 = VECTOR ( 'NONE', #2927, 1000.000000000000200 ) ;
#3149 = CARTESIAN_POINT ( 'NONE',  ( 36.33753233286063300, -73.21736191599310900, 627.4531031908752500 ) ) ;
#3150 = ORIENTED_EDGE ( 'NONE', *, *, #653, .F. ) ;
#3151 = CARTESIAN_POINT ( 'NONE',  ( 72.97040075825384500, 29.13019315585828700, 790.0392746189328400 ) ) ;
#3152 = LINE ( 'NONE', #2897, #5163 ) ;
#3153 = AXIS2_PLACEMENT_3D ( 'NONE', #4672, #5081, #2687 ) ;
#3154 = ORIENTED_EDGE ( 'NONE', *, *, #1713, .F. ) ;
#3155 = B_SPLINE_CURVE_WITH_KNOTS ( 'NONE', 3,
 ( #4401, #4379, #4350, #4361 ),
 .UNSPECIFIED., .F., .F.,
 ( 4, 4 ),
 ( 0.0000000000000000000, 0.03524264954189484200 ),
 .UNSPECIFIED. ) ;
#3156 = DIRECTION ( 'NONE',  ( 0.9964838533888336100, 1.907496870995191500E-015, 0.08378502214203645300 ) ) ;
#3157 = CARTESIAN_POINT ( 'NONE',  ( 176.3921312729093000, -123.8333333333341200, 591.0263418615641100 ) ) ;
#3158 = DIRECTION ( 'NONE',  ( 1.737858883903028800E-015, -1.000000000000000000, -2.389772395653982800E-015 ) ) ;
#3159 = EDGE_LOOP ( 'NONE', ( #362, #211 ) ) ;
#3160 = DIRECTION ( 'NONE',  ( -1.737858883903028800E-015, 1.000000000000000000, 2.389772395653982800E-015 ) ) ;
#3161 = VERTEX_POINT ( 'NONE', #4975 ) ;
#3162 = CARTESIAN_POINT ( 'NONE',  ( 49.31249916546208600, 839.0046633176069700, 791.6900213886395900 ) ) ;
#3163 = LINE ( 'NONE', #568, #8 ) ;
#3164 = CARTESIAN_POINT ( 'NONE',  ( -176.3010186140994100, -43.00000000000159900, 725.6088616786944400 ) ) ;
#3165 = DIRECTION ( 'NONE',  ( -1.737858883903028800E-015, 1.000000000000000000, 2.389772395653982800E-015 ) ) ;
#3166 = EDGE_CURVE ( 'NONE', #159, #4959, #2039, .T. ) ;
#3167 = ORIENTED_EDGE ( 'NONE', *, *, #4889, .F. ) ;
#3168 = ORIENTED_EDGE ( 'NONE', *, *, #428, .T. ) ;
#3169 = EDGE_LOOP ( 'NONE', ( #3791, #4744, #390, #3299 ) ) ;
#3170 = CARTESIAN_POINT ( 'NONE',  ( 31.52582506466325500, -103.4347238319853400, 629.6967341206154700 ) ) ;
#3171 = CARTESIAN_POINT ( 'NONE',  ( 348.6141140432362100, -174.4972571887582000, 1035.932812104362000 ) ) ;
#3172 = CARTESIAN_POINT ( 'NONE',  ( 290.0053966939813700, -203.4999999998595100, 1088.882348653998400 ) ) ;
#3173 = ORIENTED_EDGE ( 'NONE', *, *, #5348, .F. ) ;
#3174 = VERTEX_POINT ( 'NONE', #2584 ) ;
#3175 = ADVANCED_FACE ( 'NONE', ( #4132 ), #2589, .F. ) ;
#3176 = EDGE_CURVE ( 'NONE', #388, #2444, #499, .T. ) ;
#3177 = CARTESIAN_POINT ( 'NONE',  ( 171.8948117283322000, -139.1666666666674800, 590.7090339724417200 ) ) ;
#3178 = CARTESIAN_POINT ( 'NONE',  ( 49.31249916030916600, -108.5000000000011500, 621.4029256442306600 ) ) ;
#3179 = CARTESIAN_POINT ( 'NONE',  ( -208.0050308177291100, -43.00000000000169800, 741.3919547717251800 ) ) ;
#3180 = CARTESIAN_POINT ( 'NONE',  ( -38.12940494175104100, -43.00000000000237300, 662.1776494836938100 ) ) ;
#3181 = CARTESIAN_POINT ( 'NONE',  ( 364.3866418287347500, -139.1666666666681600, 1042.166561924344700 ) ) ;
#3182 = CARTESIAN_POINT ( 'NONE',  ( 130.2334627276492500, 27.99999999999928900, 592.6275745848619200 ) ) ;
#3183 = FACE_OUTER_BOUND ( 'NONE', #4504, .T. ) ;
#3184 = STYLED_ITEM ( 'NONE', ( #4364 ), #4360 ) ;
#3185 = CARTESIAN_POINT ( 'NONE',  ( 26.74303527527177900, -133.6520857479775900, 631.9269849438374000 ) ) ;
#3186 = DIRECTION ( 'NONE',  ( -0.08378502214203194200, -2.526976150611088900E-015, 0.9964838533888340500 ) ) ;
#3187 = DIRECTION ( 'NONE',  ( 6.049435690397999600E-016, 1.000000000000000000, 1.297305670189480400E-015 ) ) ;
#3188 = CARTESIAN_POINT ( 'NONE',  ( 299.9999999999906800, 839.0046633176074200, 800.0000000000048900 ) ) ;
#3189 = CARTESIAN_POINT ( 'NONE',  ( 166.9468606990896300, -154.5000000000008500, 590.4807848033432300 ) ) ;
#3190 = CARTESIAN_POINT ( 'NONE',  ( 351.7027255145645200, -108.5000000000015900, 1062.081252630728200 ) ) ;
#3191 = CARTESIAN_POINT ( 'NONE',  ( 299.9999999999924400, -198.4999999998588600, 800.0000000000023900 ) ) ;
#3192 = EDGE_CURVE ( 'NONE', #1031, #1651, #3640, .T. ) ;
#3193 = CARTESIAN_POINT ( 'NONE',  ( -200.0000000000080100, 42.99999999999759800, 800.0000000198014000 ) ) ;
#3194 = CARTESIAN_POINT ( 'NONE',  ( 299.9999999999923800, -162.5000000000011100, 800.0000000000025000 ) ) ;
#3195 = ADVANCED_FACE ( 'NONE', ( #3513 ), #4190, .F. ) ;
#3196 = CARTESIAN_POINT ( 'NONE',  ( 369.9947634683927600, -154.5000000000015300, 1033.236710042357600 ) ) ;
#3197 = FACE_OUTER_BOUND ( 'NONE', #1025, .T. ) ;
#3198 = ORIENTED_EDGE ( 'NONE', *, *, #3065, .F. ) ;
#3199 = CARTESIAN_POINT ( 'NONE',  ( 20.41467531883456100, -43.00000000000093800, 634.8780867151559700 ) ) ;
#3200 = CARTESIAN_POINT ( 'NONE',  ( 317.4289314008751700, 29.99999994603938800, 722.0290318562659900 ) ) ;
#3201 = CIRCLE ( 'NONE', #765, 200.0000000000001700 ) ;
#3202 = CARTESIAN_POINT ( 'NONE',  ( 317.3959486088030000, 30.99999973416031900, 722.0753571747925400 ) ) ;
#3203 = EDGE_CURVE ( 'NONE', #4036, #4283, #5093, .T. ) ;
#3204 = VERTEX_POINT ( 'NONE', #2992 ) ;
#3205 = VECTOR ( 'NONE', #4271, 1000.000000000000000 ) ;
#3206 = DIRECTION ( 'NONE',  ( 2.271731252515373500E-016, -1.000000000000000000, 1.358805852057431000E-016 ) ) ;
#3207 = CARTESIAN_POINT ( 'NONE',  ( 160.5498158199088400, -108.5000000000008400, 590.3674850747161100 ) ) ;
#3208 = CARTESIAN_POINT ( 'NONE',  ( 27.14585115437986200, -126.7308711251607900, 631.7392302478151600 ) ) ;
#3209 = VERTEX_POINT ( 'NONE', #3420 ) ;
#3210 = AXIS2_PLACEMENT_3D ( 'NONE', #2950, #3007, #3000 ) ;
#3211 = DIRECTION ( 'NONE',  ( 0.9993908270204774300, 0.0000000000000000000, 0.03489949666293230100 ) ) ;
#3212 = VECTOR ( 'NONE', #5172, 1000.000000000000000 ) ;
#3213 = CARTESIAN_POINT ( 'NONE',  ( -200.0000000000079600, 34.99999999999829500, 770.0000000198016300 ) ) ;
#3214 = DIRECTION ( 'NONE',  ( -0.3090169943372898500, 0.0000000000000000000, 0.9510565163073893000 ) ) ;
#3215 = CARTESIAN_POINT ( 'NONE',  ( 373.3146486480022800, -108.5000000000012600, 1027.859734226380600 ) ) ;
#3216 = CARTESIAN_POINT ( 'NONE',  ( 79.32878650863123900, -153.5558025901139600, 607.4465058353331400 ) ) ;
#3217 = VERTEX_POINT ( 'NONE', #3808 ) ;
#3218 = VERTEX_POINT ( 'NONE', #1435 ) ;
#3219 = VECTOR ( 'NONE', #5051, 1000.000000000000200 ) ;
#3220 = AXIS2_PLACEMENT_3D ( 'NONE', #2601, #2974, #41 ) ;
#3221 = CARTESIAN_POINT ( 'NONE',  ( -0.4687384760811710300, -73.21736191599322300, 644.6162540343466400 ) ) ;
#3222 = CARTESIAN_POINT ( 'NONE',  ( 347.8765613914906700, -199.4972571887582500, 1035.591242506651000 ) ) ;
#3223 = DIRECTION ( 'NONE',  ( 0.3090169943372900200, 0.0000000000000000000, -0.9510565163073891900 ) ) ;
#3224 = ORIENTED_EDGE ( 'NONE', *, *, #4161, .F. ) ;
#3225 = ADVANCED_FACE ( 'NONE', ( #1397, #2477 ), #3004, .F. ) ;
#3226 = CYLINDRICAL_SURFACE ( 'NONE', #328, 25.00000000000002100 ) ;
#3227 = CARTESIAN_POINT ( 'NONE',  ( 100.6791312298809900, -108.5000000000009200, 599.4305961818194000 ) ) ;
#3228 = ORIENTED_EDGE ( 'NONE', *, *, #4, .T. ) ;
#3229 = CARTESIAN_POINT ( 'NONE',  ( 198.3513045193105300, -148.4999999998595100, 1031.940817251032500 ) ) ;
#3230 = CARTESIAN_POINT ( 'NONE',  ( 155.9102313205289400, -123.8333333333341700, 590.4134606742851500 ) ) ;
#3231 = ORIENTED_EDGE ( 'NONE', *, *, #1573, .T. ) ;
#3232 = ORIENTED_EDGE ( 'NONE', *, *, #2764, .F. ) ;
#3233 = CARTESIAN_POINT ( 'NONE',  ( 314.8315843856105400, -136.0000000000023300, 1089.620482881673300 ) ) ;
#3234 = DIRECTION ( 'NONE',  ( 0.6586744367898516000, 0.0000000000000000000, 0.7524280605609892100 ) ) ;
#3235 = EDGE_LOOP ( 'NONE', ( #2347, #996, #1482, #4813 ) ) ;
#3236 = CARTESIAN_POINT ( 'NONE',  ( 258.4561246315220200, 27.99999999999947100, 626.3736344513989700 ) ) ;
#3237 = ORIENTED_EDGE ( 'NONE', *, *, #1686, .F. ) ;
#3238 = ORIENTED_EDGE ( 'NONE', *, *, #4194, .T. ) ;
#3239 = CARTESIAN_POINT ( 'NONE',  ( 235.3035037589711700, -154.5000000000006300, 596.0138157273036100 ) ) ;
#3240 = CARTESIAN_POINT ( 'NONE',  ( 377.4858213356725400, -123.8333333333346500, 1021.036021730503400 ) ) ;
#3241 = CARTESIAN_POINT ( 'NONE',  ( 292.7751730592843300, -199.4972571887581100, 981.4401203267810800 ) ) ;
#3242 = CARTESIAN_POINT ( 'NONE',  ( 123.1856398322188100, -108.5000000000008700, 593.8254212335027700 ) ) ;
#3243 = CARTESIAN_POINT ( 'NONE',  ( -18.24549821674901300, -103.4347238319854900, 652.9055677758834700 ) ) ;
#3244 = CARTESIAN_POINT ( 'NONE',  ( -197.7803432427677400, -43.00000000000163400, 722.8701967020315400 ) ) ;
#3245 = CARTESIAN_POINT ( 'NONE',  ( 229.9999495005514800, -154.5000000000007100, 595.5323155529592900 ) ) ;
#3246 = CARTESIAN_POINT ( 'NONE',  ( 91.21434392140622500, -108.5000000000009400, 602.6375925670545300 ) ) ;
#3247 = FACE_OUTER_BOUND ( 'NONE', #1363, .T. ) ;
#3248 = EDGE_CURVE ( 'NONE', #431, #2709, #1529, .T. ) ;
#3249 = DIRECTION ( 'NONE',  ( -0.9504771583743418800, -0.03489949670250198900, -0.3088287495336993800 ) ) ;
#3250 = CARTESIAN_POINT ( 'NONE',  ( 151.4122398236405900, -139.1666666666675100, 590.5608829665573000 ) ) ;
#3251 = CARTESIAN_POINT ( 'NONE',  ( 151.2723964470629600, -123.8333333333351300, 979.6042461272102200 ) ) ;
#3252 = CARTESIAN_POINT ( 'NONE',  ( -196.7954942127375900, -69.00000000000166300, 722.3575167471804000 ) ) ;
#3253 = ADVANCED_FACE ( 'NONE', ( #1263 ), #1758, .F. ) ;
#3254 = CARTESIAN_POINT ( 'NONE',  ( 136.2506232092530400, -154.4999999999983200, 591.7995146641386600 ) ) ;
#3255 = CARTESIAN_POINT ( 'NONE',  ( 384.1628292870058200, -139.1666666666680500, 1009.950461851437900 ) ) ;
#3256 = B_SPLINE_CURVE_WITH_KNOTS ( 'NONE', 3,
 ( #4898, #5045, #5024, #4853, #4781, #4835, #4815 ),
 .UNSPECIFIED., .F., .F.,
 ( 4, 2, 1, 4 ),
 ( 0.0000000000000000000, 0.3431034684164378000, 0.4997257740900861200, 1.000000000000000000 ),
 .UNSPECIFIED. ) ;
#3257 = AXIS2_PLACEMENT_3D ( 'NONE', #3492, #3883, #1511 ) ;
#3258 = CARTESIAN_POINT ( 'NONE',  ( 86.09843457256290800, 27.44195691024205500, 793.2626713958203500 ) ) ;
#3259 = PRESENTATION_STYLE_ASSIGNMENT (( #1796 ) ) ;
#3260 = CARTESIAN_POINT ( 'NONE',  ( -28.45226234368658400, -133.6520857479777600, 657.6650805960297200 ) ) ;
#3261 = CARTESIAN_POINT ( 'NONE',  ( -195.6980479277802900, -43.00000000000163400, 722.1886420658917100 ) ) ;
#3262 = LINE ( 'NONE', #399, #5271 ) ;
#3263 = DIRECTION ( 'NONE',  ( 0.0000000000000000000, 2.422304781000342500E-015, -1.000000000000000000 ) ) ;
#3264 = CARTESIAN_POINT ( 'NONE',  ( 142.9651427271265300, -154.5000000000008800, 591.1036459193753700 ) ) ;
#3265 = CARTESIAN_POINT ( 'NONE',  ( 152.2209139441086200, -139.1666666666684500, 984.3471492108949400 ) ) ;
#3266 = VECTOR ( 'NONE', #3957, 1000.000000000000000 ) ;
#3267 = EDGE_CURVE ( 'NONE', #2428, #3488, #4310, .T. ) ;
#3268 = CARTESIAN_POINT ( 'NONE',  ( 76.28656446354982300, 28.78134209059705700, 790.5934329055618300 ) ) ;
#3269 = CARTESIAN_POINT ( 'NONE',  ( 152.2209139441086400, -154.4999999999992600, 984.3471492108948300 ) ) ;
#3270 = CARTESIAN_POINT ( 'NONE',  ( 454.4755667363058400, 839.0046633176074200, 892.3975069008637300 ) ) ;
#3271 = ORIENTED_EDGE ( 'NONE', *, *, #5133, .F. ) ;
#3272 = CARTESIAN_POINT ( 'NONE',  ( 75.67909591976480500, 68.99999999999828000, 609.1078739633428500 ) ) ;
#3273 = VECTOR ( 'NONE', #2467, 999.9999999999998900 ) ;
#3274 = CARTESIAN_POINT ( 'NONE',  ( 86.10141841402952400, 27.63716738857519300, 793.2528856513123400 ) ) ;
#3275 = CARTESIAN_POINT ( 'NONE',  ( -38.15478564044610700, -43.00000000000109400, 662.1894111520395000 ) ) ;
#3276 = ORIENTED_EDGE ( 'NONE', *, *, #3373, .F. ) ;
#3277 = DIRECTION ( 'NONE',  ( -1.737858883903028800E-015, 1.000000000000000000, 2.389772395653982800E-015 ) ) ;
#3278 = LINE ( 'NONE', #4123, #1137 ) ;
#3279 = EDGE_CURVE ( 'NONE', #2961, #3405, #1987, .T. ) ;
#3280 = ADVANCED_FACE ( 'NONE', ( #2218 ), #3861, .T. ) ;
#3281 = VERTEX_POINT ( 'NONE', #4653 ) ;
#3282 = CARTESIAN_POINT ( 'NONE',  ( -200.0000000000079600, 34.99999999999813100, 825.0000000198016300 ) ) ;
#3283 = CARTESIAN_POINT ( 'NONE',  ( 129.8247752253181500, -108.5000000000008800, 592.6819191157405800 ) ) ;
#3284 = VECTOR ( 'NONE', #2882, 1000.000000000000200 ) ;
#3285 = CARTESIAN_POINT ( 'NONE',  ( 153.5005154949949700, -154.5000000000018200, 990.6494741399686700 ) ) ;
#3286 = AXIS2_PLACEMENT_3D ( 'NONE', #1602, #3577, #4366 ) ;
#3287 = VERTEX_POINT ( 'NONE', #2287 ) ;
#3288 = CARTESIAN_POINT ( 'NONE',  ( 319.5226157011640000, -199.4972571887583400, 1051.179693304452900 ) ) ;
#3289 = CARTESIAN_POINT ( 'NONE',  ( 246.4276530332799700, -198.4999999998592300, 970.5290295252912100 ) ) ;
#3290 = AXIS2_PLACEMENT_3D ( 'NONE', #1698, #4466, #2101 ) ;
#3291 = CARTESIAN_POINT ( 'NONE',  ( -173.3165224756176000, -43.00000000000159200, 725.2164376801531500 ) ) ;
#3292 = DIRECTION ( 'NONE',  ( 0.01494643477640145500, 0.9996313384200478100, -0.02266696574353428000 ) ) ;
#3293 = ORIENTED_EDGE ( 'NONE', *, *, #3693, .T. ) ;
#3294 = CARTESIAN_POINT ( 'NONE',  ( 78.81588430007948900, 28.27580642427861300, 791.0260529321303700 ) ) ;
#3295 = AXIS2_PLACEMENT_3D ( 'NONE', #5160, #3158, #1977 ) ;
#3296 = CARTESIAN_POINT ( 'NONE',  ( -44.55696343338934200, -73.21736191599337900, 665.1748658133003600 ) ) ;
#3297 = CARTESIAN_POINT ( 'NONE',  ( 223.2075697415067700, 27.99999999999923300, 597.4068646882865300 ) ) ;
#3298 = ORIENTED_EDGE ( 'NONE', *, *, #2841, .F. ) ;
#3299 = ORIENTED_EDGE ( 'NONE', *, *, #2320, .T. ) ;
#3300 = DIRECTION ( 'NONE',  ( 1.737858883903028800E-015, -1.000000000000000000, -2.389772395653982800E-015 ) ) ;
#3302 = EDGE_CURVE ( 'NONE', #720, #464, #3534, .T. ) ;
#3301 = CARTESIAN_POINT ( 'NONE',  ( 123.6802158411974500, -123.8333333333342200, 593.7324444482419500 ) ) ;
#3303 = CARTESIAN_POINT ( 'NONE',  ( 156.6705055945672000, -108.5000000000018200, 1005.540602786226400 ) ) ;
#3304 = ORIENTED_EDGE ( 'NONE', *, *, #1746, .T. ) ;
#3305 = CARTESIAN_POINT ( 'NONE',  ( 315.3343195250328700, -150.5000000000027000, 1075.224032078608800 ) ) ;
#3306 = DIRECTION ( 'NONE',  ( 1.737858883903029000E-015, -1.000000000000000000, -2.389772395653983200E-015 ) ) ;
#3307 = ADVANCED_FACE ( 'NONE', ( #1128 ), #3940, .F. ) ;
#3308 = CARTESIAN_POINT ( 'NONE',  ( -176.3010186140994100, -60.33333333333496300, 725.6088616786944400 ) ) ;
#3309 = CARTESIAN_POINT ( 'NONE',  ( 73.58456273803008700, -43.00000000000088800, 610.0845779207550100 ) ) ;
#3310 = EDGE_CURVE ( 'NONE', #4408, #4939, #195, .T. ) ;
#3311 = CARTESIAN_POINT ( 'NONE',  ( 80.11988354726631200, 30.34345027704125600, 791.3036245131284000 ) ) ;
#3312 = CARTESIAN_POINT ( 'NONE',  ( 208.5433125998626200, 41.66666666666592500, 593.7282265713125800 ) ) ;
#3313 = VECTOR ( 'NONE', #3899, 1000.000000000000000 ) ;
#3314 =( BOUNDED_CURVE ( )  B_SPLINE_CURVE ( 3, ( #746, #4370, #2810, #294 ),
 .UNSPECIFIED., .F., .F. ) 
 B_SPLINE_CURVE_WITH_KNOTS ( ( 4, 4 ),
 ( 1.300327049742761900, 1.570796326755300500 ),
 .UNSPECIFIED. ) 
 CURVE ( )  GEOMETRIC_REPRESENTATION_ITEM ( )  RATIONAL_B_SPLINE_CURVE ( ( 1.000000000000000000, 0.9939131492387700600, 0.9939131492387700600, 1.000000000000000000 ) ) 
 REPRESENTATION_ITEM ( '' )  );
#3315 = MECHANICAL_DESIGN_GEOMETRIC_PRESENTATION_REPRESENTATION (  '', ( #2784 ), #3576 ) ;
#3316 = CARTESIAN_POINT ( 'NONE',  ( 289.9999999999924400, -200.4999999998595100, 1075.500000000002500 ) ) ;
#3317 = PLANE ( 'NONE',  #2822 ) ;
#3318 = CARTESIAN_POINT ( 'NONE',  ( 122.1979108148232700, -123.8333333344010500, 594.0111072900010600 ) ) ;
#3319 = UNCERTAINTY_MEASURE_WITH_UNIT (LENGTH_MEASURE( 1.000000000000000100E-005 ), #2720, 'distance_accuracy_value', 'NONE');
#3320 = CARTESIAN_POINT ( 'NONE',  ( 166.7593975079949800, -198.4999999998585200, 590.3231384792917400 ) ) ;
#3321 = CARTESIAN_POINT ( 'NONE',  ( -173.3165224756176300, -43.00000000000198200, 725.2164376801531500 ) ) ;
#3322 = CARTESIAN_POINT ( 'NONE',  ( 67.28754374221281900, -79.44390510206572700, 613.0210264859805400 ) ) ;
#3323 = VECTOR ( 'NONE', #4049, 1000.000000000000000 ) ;
#3324 = DIRECTION ( 'NONE',  ( 0.9510565163073891900, 0.0000000000000000000, 0.3090169943372900200 ) ) ;
#3325 = CARTESIAN_POINT ( 'NONE',  ( 157.6525075219025800, 68.99999999999909100, 590.3478873231175600 ) ) ;
#3326 = DIRECTION ( 'NONE',  ( -3.059600512716296000E-015, 0.0000000000000000000, -1.000000000000000000 ) ) ;
#3327 = VECTOR ( 'NONE', #1430, 1000.000000000000100 ) ;
#3328 = ADVANCED_FACE ( 'NONE', ( #48 ), #5166, .T. ) ;
#3329 = ORIENTED_EDGE ( 'NONE', *, *, #4390, .T. ) ;
#3330 = CIRCLE ( 'NONE', #5204, 316.9301584610166700 ) ;
#3331 = DIRECTION ( 'NONE',  ( 0.0000000000000000000, 2.390063455790265300E-015, -1.000000000000000000 ) ) ;
#3332 = CARTESIAN_POINT ( 'NONE',  ( 471.0920357040851100, -154.5000000000014500, 855.9241926059714800 ) ) ;
#3333 = SURFACE_STYLE_USAGE ( .BOTH. , #453 ) ;
#3334 = ORIENTED_EDGE ( 'NONE', *, *, #4171, .F. ) ;
#3335 = EDGE_CURVE ( 'NONE', #4637, #3395, #5277, .T. ) ;
#3336 = CARTESIAN_POINT ( 'NONE',  ( 117.7820250465906300, -139.1666666688013800, 594.9181678281605600 ) ) ;
#3337 = VECTOR ( 'NONE', #1054, 1000.000000000000000 ) ;
#3338 = EDGE_LOOP ( 'NONE', ( #2310, #2799, #3635, #2509 ) ) ;
#3339 = DIRECTION ( 'NONE',  ( 0.0000000000000000000, 2.498001805406600200E-015, -1.000000000000000000 ) ) ;
#3340 = CARTESIAN_POINT ( 'NONE',  ( 205.0047171529556600, -174.4972571887578300, 953.8238007789070700 ) ) ;
#3341 = CARTESIAN_POINT ( 'NONE',  ( 60.95577982806244700, -115.8878102041305900, 615.9736531689051200 ) ) ;
#3342 = EDGE_LOOP ( 'NONE', ( #3589, #964, #1554, #3543 ) ) ;
#3343 = LINE ( 'NONE', #4693, #1208 ) ;
#3344 = CARTESIAN_POINT ( 'NONE',  ( 154.3949256214198400, -108.5000000000008800, 590.4518128700247000 ) ) ;
#3345 = CARTESIAN_POINT ( 'NONE',  ( 336.2316744050074200, -154.5000000000024200, 977.6977106161737100 ) ) ;
#3346 = UNCERTAINTY_MEASURE_WITH_UNIT (LENGTH_MEASURE( 1.000000000000000100E-005 ), #2747, 'distance_accuracy_value', 'NONE');
#3347 = CARTESIAN_POINT ( 'NONE',  ( 190.2696970427621500, 68.99999999999923300, 592.1917696218138200 ) ) ;
#3348 = ORIENTED_EDGE ( 'NONE', *, *, #3559, .F. ) ;
#3349 = EDGE_CURVE ( 'NONE', #2155, #5057, #3134, .T. ) ;
#3350 = CIRCLE ( 'NONE', #536, 8.950000000000013500 ) ;
#3351 = CARTESIAN_POINT ( 'NONE',  ( 299.9999999999923800, -154.5000000000011400, 800.0000000000025000 ) ) ;
#3352 = CARTESIAN_POINT ( 'NONE',  ( 49.60538400670761700, -68.99999999846029700, 791.6115431319383300 ) ) ;
#3353 = ORIENTED_EDGE ( 'NONE', *, *, #1959, .T. ) ;
#3354 = CARTESIAN_POINT ( 'NONE',  ( 471.2692413168877600, -154.5000000000018200, 855.2160012743034900 ) ) ;
#3355 = AXIS2_PLACEMENT_3D ( 'NONE', #2795, #3186, #751 ) ;
#3356 = CARTESIAN_POINT ( 'NONE',  ( 113.4196974131364800, -154.5000000032016200, 595.9162766710537700 ) ) ;
#3357 = ORIENTED_EDGE ( 'NONE', *, *, #1114, .F. ) ;
#3358 = EDGE_LOOP ( 'NONE', ( #5162, #3107, #943, #285 ) ) ;
#3359 = CARTESIAN_POINT ( 'NONE',  ( 81.54033536397099600, 27.88033524557025100, 791.8350516110641600 ) ) ;
#3360 = ADVANCED_FACE ( 'NONE', ( #2098 ), #565, .F. ) ;
#3361 = ORIENTED_EDGE ( 'NONE', *, *, #3126, .T. ) ;
#3362 = MECHANICAL_DESIGN_GEOMETRIC_PRESENTATION_REPRESENTATION (  '', ( #2569 ), #3620 ) ;
#3363 = CARTESIAN_POINT ( 'NONE',  ( 195.7023283549810300, -154.5000000000025600, 1029.372909646342100 ) ) ;
#3364 = CARTESIAN_POINT ( 'NONE',  ( 54.58576336933535300, -152.3317153061954100, 618.9440291831300600 ) ) ;
#3365 = ORIENTED_EDGE ( 'NONE', *, *, #5230, .F. ) ;
#3366 = CARTESIAN_POINT ( 'NONE',  ( 175.2610739254857300, -108.5000000000008500, 590.9340459773336500 ) ) ;
#3367 = VERTEX_POINT ( 'NONE', #4050 ) ;
#3368 = CARTESIAN_POINT ( 'NONE',  ( 299.9999999999923800, -154.5000000000010800, 800.0000000000026100 ) ) ;
#3369 = CARTESIAN_POINT ( 'NONE',  ( 156.6705055945672900, -154.5000000000018500, 1005.540602786226400 ) ) ;
#3370 = DIRECTION ( 'NONE',  ( 1.737858883903028600E-015, -1.000000000000000000, -2.389772395653982800E-015 ) ) ;
#3371 = DIRECTION ( 'NONE',  ( -1.009316027595415400E-015, -1.000000000000000000, -1.552793888608331300E-016 ) ) ;
#3373 = EDGE_CURVE ( 'NONE', #1130, #1209, #4195, .T. ) ;
#3372 = CARTESIAN_POINT ( 'NONE',  ( 71.77321235492870200, 30.58749209393035100, 789.9334791428292400 ) ) ;
#3374 = FILL_AREA_STYLE_COLOUR ( '', #4186 ) ;
#3375 = FACE_OUTER_BOUND ( 'NONE', #4669, .T. ) ;
#3376 = CARTESIAN_POINT ( 'NONE',  ( 107.6910269350359500, -108.5000000000008200, 597.3844748959542100 ) ) ;
#3377 = CARTESIAN_POINT ( 'NONE',  ( 82.17995157996830400, 28.21752068339159800, 792.0373770165606400 ) ) ;
#3378 = DIRECTION ( 'NONE',  ( 1.737858883903028800E-015, -1.000000000000000000, -2.389772395653982800E-015 ) ) ;
#3379 = UNCERTAINTY_MEASURE_WITH_UNIT (LENGTH_MEASURE( 1.000000000000000100E-005 ), #912, 'distance_accuracy_value', 'NONE');
#3380 = DIRECTION ( 'NONE',  ( -1.741929637828456600E-015, 1.000000000000000000, 1.219350746479921600E-015 ) ) ;
#3381 = CARTESIAN_POINT ( 'NONE',  ( 46.02702760621846800, -43.00000000000098100, 622.9349162068317600 ) ) ;
#3382 = EDGE_CURVE ( 'NONE', #3405, #1487, #3010, .T. ) ;
#3383 = CARTESIAN_POINT ( 'NONE',  ( 67.18451726504551400, 31.95312903648172300, 789.6149609887718300 ) ) ;
#3384 = DIRECTION ( 'NONE',  ( 1.737858883903028600E-015, -1.000000000000000000, -2.389772395653982800E-015 ) ) ;
#3385 = DIRECTION ( 'NONE',  ( 0.0000000000000000000, -3.686575033302438500E-015, 1.000000000000000000 ) ) ;
#3386 = DIRECTION ( 'NONE',  ( 0.0000000000000000000, 0.0000000000000000000, -1.000000000000000000 ) ) ;
#3387 = ADVANCED_FACE ( 'NONE', ( #3941 ), #1842, .T. ) ;
#3388 = AXIS2_PLACEMENT_3D ( 'NONE', #1000, #911, #679 ) ;
#3389 = CARTESIAN_POINT ( 'NONE',  ( 289.9999999999924400, -195.4999999998595100, 1078.000000000002500 ) ) ;
#3390 = CARTESIAN_POINT ( 'NONE',  ( 70.09441330611140600, 31.16096283461462900, 789.7712745356536700 ) ) ;
#3391 = LINE ( 'NONE', #2471, #4433 ) ;
#3392 = CARTESIAN_POINT ( 'NONE',  ( 103.4634430874654900, -123.8333333344010900, 598.5848067738516000 ) ) ;
#3393 = CARTESIAN_POINT ( 'NONE',  ( 299.9999999999923800, -162.5000000000016200, 800.0000000000025000 ) ) ;
#3394 = DIRECTION ( 'NONE',  ( 1.737858883903028800E-015, -1.000000000000000000, -2.389772395653982800E-015 ) ) ;
#3395 = VERTEX_POINT ( 'NONE', #3272 ) ;
#3396 = DIRECTION ( 'NONE',  ( 1.737858883903028800E-015, -1.000000000000000000, -2.389772395653982800E-015 ) ) ;
#3397 = CARTESIAN_POINT ( 'NONE',  ( 40.27871027075116200, -79.44390510206581300, 625.6153465451988000 ) ) ;
#3398 = VECTOR ( 'NONE', #122, 1000.000000000000000 ) ;
#3399 = CARTESIAN_POINT ( 'NONE',  ( 74.05777172313646900, 30.29096086526820400, 790.2126362359002800 ) ) ;
#3400 = EDGE_LOOP ( 'NONE', ( #4410, #5229, #313, #1324, #4738, #4377, #1546, #1938, #1260, #5036, #1020, #817, #4999, #4840, #4963, #1920, #678, #1743, #1620, #125, #1059, #5224, #2180, #2802 ) ) ;
#3401 = DIRECTION ( 'NONE',  ( 1.000000000000000000, 4.943961906533899400E-015, 0.0000000000000000000 ) ) ;
#3402 = CARTESIAN_POINT ( 'NONE',  ( 299.9999999999923300, -108.5000000000010400, 800.0000000000027300 ) ) ;
#3403 = LINE ( 'NONE', #1218, #2479 ) ;
#3404 = EDGE_CURVE ( 'NONE', #2344, #1296, #2298, .T. ) ;
#3405 = VERTEX_POINT ( 'NONE', #376 ) ;
#3406 = PLANE ( 'NONE',  #2944 ) ;
#3407 = DIRECTION ( 'NONE',  ( 1.737858883903028800E-015, -1.000000000000000000, -2.389772395653982800E-015 ) ) ;
#3408 = DIRECTION ( 'NONE',  ( 0.0000000000000000000, 2.392722035830081200E-015, -1.000000000000000000 ) ) ;
#3409 = VERTEX_POINT ( 'NONE', #2885 ) ;
#3410 = CARTESIAN_POINT ( 'NONE',  ( 98.84841597857013100, -139.1666666688013800, 600.0085945548992200 ) ) ;
#3411 = CARTESIAN_POINT ( 'NONE',  ( -200.0000000000078200, -69.00000000000194700, 800.0000000198010600 ) ) ;
#3412 = ADVANCED_FACE ( 'NONE', ( #712 ), #2928, .F. ) ;
#3413 = VECTOR ( 'NONE', #1637, 1000.000000000000100 ) ;
#3414 = CARTESIAN_POINT ( 'NONE',  ( 265.0555088487972700, -136.0000000000026700, 1087.886926653826100 ) ) ;
#3415 = CARTESIAN_POINT ( 'NONE',  ( -223.8779317903865300, 839.0046633176064000, 748.7936100531781000 ) ) ;
#3416 = CARTESIAN_POINT ( 'NONE',  ( -200.0000000000076700, -127.8528137423875800, 830.0000000198011800 ) ) ;
#3417 = ORIENTED_EDGE ( 'NONE', *, *, #798, .F. ) ;
#3418 = CARTESIAN_POINT ( 'NONE',  ( 176.9597067419734900, -108.5000000000008500, 591.0726568250838700 ) ) ;
#3419 = SURFACE_STYLE_FILL_AREA ( #719 ) ;
#3420 = CARTESIAN_POINT ( 'NONE',  ( 299.9999999999923800, -162.5000000000014500, 937.5000000000023900 ) ) ;
#3421 = CARTESIAN_POINT ( 'NONE',  ( 173.6548032720246200, -174.4972571887584800, 1004.982210641394200 ) ) ;
#3422 = EDGE_CURVE ( 'NONE', #2172, #597, #1396, .T. ) ;
#3423 = ORIENTED_EDGE ( 'NONE', *, *, #2192, .F. ) ;
#3424 = CARTESIAN_POINT ( 'NONE',  ( 81.51445735066609200, 27.99999999999894100, 791.8350888687305100 ) ) ;
#3425 = ORIENTED_EDGE ( 'NONE', *, *, #230, .T. ) ;
#3426 = VERTEX_POINT ( 'NONE', #435 ) ;
#3427 = CARTESIAN_POINT ( 'NONE',  ( 91.21434392140628200, -154.5000000032016500, 602.6375925670545300 ) ) ;
#3428 = DIRECTION ( 'NONE',  ( -2.326346966392633900E-015, 1.000000000000000000, 1.437219770200968000E-015 ) ) ;
#3429 = AXIS2_PLACEMENT_3D ( 'NONE', #1949, #4719, #2337 ) ;
#3430 = DIRECTION ( 'NONE',  ( -1.737858883997657000E-015, 1.000000000000000000, 6.881435935864489800E-026 ) ) ;
#3431 = CARTESIAN_POINT ( 'NONE',  ( 169.2509875739490000, 68.99999999999920400, 590.5368402093802200 ) ) ;
#3432 = CARTESIAN_POINT ( 'NONE',  ( 87.44619837867605800, 68.99999999999855000, 800.0000000084195300 ) ) ;
#3433 = CARTESIAN_POINT ( 'NONE',  ( -197.7803432427677400, -51.66666666666830600, 722.8701967020315400 ) ) ;
#3434 = VECTOR ( 'NONE', #4387, 1000.000000000000000 ) ;
#3435 = DIRECTION ( 'NONE',  ( -0.8523479858856160000, -0.02617694830787378700, -0.5223195174737593800 ) ) ;
#3436 = CARTESIAN_POINT ( 'NONE',  ( 149.2499155919780900, -154.4999999999982900, 590.6640424021229600 ) ) ;
#3437 = CARTESIAN_POINT ( 'NONE',  ( 69.56234381189619900, 29.79827186575704400, 789.6488557986717800 ) ) ;
#3438 = EDGE_CURVE ( 'NONE', #2004, #431, #4660, .T. ) ;
#3439 = VECTOR ( 'NONE', #156, 1000.000000000000000 ) ;
#3440 = CARTESIAN_POINT ( 'NONE',  ( -209.0816726285626700, -60.33333333333504800, 741.8940010932589100 ) ) ;
#3441 = DIRECTION ( 'NONE',  ( 0.0000000000000000000, -2.312964634635740700E-015, 1.000000000000000000 ) ) ;
#3442 = DIRECTION ( 'NONE',  ( -0.9965655024944827200, 0.0000000000000000000, 0.08280820755166168300 ) ) ;
#3443 = CARTESIAN_POINT ( 'NONE',  ( 145.9777449750428100, 27.99999999999911900, 590.8371044474463400 ) ) ;
#3444 = EDGE_CURVE ( 'NONE', #3970, #791, #4902, .T. ) ;
#3445 = CARTESIAN_POINT ( 'NONE',  ( 290.0053966939813700, -203.4999999998595400, 1097.832348653998500 ) ) ;
#3446 = CARTESIAN_POINT ( 'NONE',  ( -200.0023237766678200, -51.66666666666832000, 725.1914669190118700 ) ) ;
#3447 = COLOUR_RGB ( '',0.2901960784313725200, 0.3294117647058823500, 0.3490196078431372400 ) ;
#3448 = DIRECTION ( 'NONE',  ( -0.1736481776279274200, -2.795880565358022000E-015, 0.9848077530190853000 ) ) ;
#3449 = VECTOR ( 'NONE', #2621, 1000.000000000000000 ) ;
#3450 = CARTESIAN_POINT ( 'NONE',  ( 72.06160343760737400, 30.49128058673213100, 789.9560499978124400 ) ) ;
#3451 = DIRECTION ( 'NONE',  ( -0.04004848433815005900, 0.9991441599933627000, 0.01034729207930777100 ) ) ;
#3452 = PLANE ( 'NONE',  #2202 ) ;
#3453 = PRESENTATION_LAYER_ASSIGNMENT (  '', '', ( #3184 ) ) ;
#3454 = VERTEX_POINT ( 'NONE', #2553 ) ;
#3455 = CIRCLE ( 'NONE', #4668, 69.99999999999995700 ) ;
#3456 = CARTESIAN_POINT ( 'NONE',  ( 234.7102757571800000, -123.8333333333339800, 595.9567759480335100 ) ) ;
#3457 = CARTESIAN_POINT ( 'NONE',  ( 479.8885385508003800, -108.5000000000008400, 806.3335375624127400 ) ) ;
#3458 = CARTESIAN_POINT ( 'NONE',  ( 130.2334627276007400, 41.66666666666577600, 592.6275745845425700 ) ) ;
#3459 = ORIENTED_EDGE ( 'NONE', *, *, #2741, .T. ) ;
#3460 = LINE ( 'NONE', #124, #1200 ) ;
#3461 = CARTESIAN_POINT ( 'NONE',  ( 265.6389656865146100, -167.2080177845259600, 1116.231851282214600 ) ) ;
#3462 = CARTESIAN_POINT ( 'NONE',  ( 77.26567371377686300, 27.99999999999869600, 790.7669660163350000 ) ) ;
#3463 = ORIENTED_EDGE ( 'NONE', *, *, #2627, .T. ) ;
#3464 = EDGE_CURVE ( 'NONE', #1031, #5105, #2527, .T. ) ;
#3465 = LINE ( 'NONE', #2611, #2421 ) ;
#3466 = CARTESIAN_POINT ( 'NONE',  ( 74.14679511263474900, 29.86209131605102100, 790.2480717765747600 ) ) ;
#3467 = ORIENTED_EDGE ( 'NONE', *, *, #2048, .F. ) ;
#3469 = ORIENTED_EDGE ( 'NONE', *, *, #899, .F. ) ;
#3468 = CARTESIAN_POINT ( 'NONE',  ( 83.97240988669293000, 27.94403545877116800, 792.5794389343458300 ) ) ;
#3470 = CARTESIAN_POINT ( 'NONE',  ( 347.4335334820507300, -710.6076823182570500, 770.6955097086790800 ) ) ;
#3471 = FACE_OUTER_BOUND ( 'NONE', #4723, .T. ) ;
#3472 = ADVANCED_BREP_SHAPE_REPRESENTATION ( 'IRB660_180-315_LINKARM_CAD_rev02', ( #1704, #1734 ), #4485 ) ;
#3473 = ORIENTED_EDGE ( 'NONE', *, *, #4492, .T. ) ;
#3474 = CARTESIAN_POINT ( 'NONE',  ( 230.5852766008684100, -139.1666666666674000, 595.5823100437560200 ) ) ;
#3475 = EDGE_CURVE ( 'NONE', #3947, #271, #1975, .T. ) ;
#3476 = CARTESIAN_POINT ( 'NONE',  ( 299.9999999999923300, -108.5000000000009400, 725.0000000000026100 ) ) ;
#3477 = CARTESIAN_POINT ( 'NONE',  ( 200.0118857882903600, -198.4999999998595100, 1032.480372812446800 ) ) ;
#3478 = DIRECTION ( 'NONE',  ( 3.959720780110111500E-011, 0.0000000000000000000, 1.000000000000000000 ) ) ;
#3479 = CARTESIAN_POINT ( 'NONE',  ( 57.61860488935540300, -142.3955616017990500, 617.5298308834579800 ) ) ;
#3480 =( BOUNDED_SURFACE ( )  B_SPLINE_SURFACE ( 3, 3, ( 
 ( #1239, #793, #4008, #1652 ),
 ( #4424, #2070, #4851, #2466 ),
 ( #5257, #2850, #350, #3252 ),
 ( #821, #3649, #1252, #4047 ) ),
 .UNSPECIFIED., .F., .F., .F. ) 
 B_SPLINE_SURFACE_WITH_KNOTS ( ( 4, 4 ),
 ( 4, 4 ),
 ( 0.0000000000000000000, 1.000000000000000000 ),
 ( 0.0000000000000000000, 1.000000000000000000 ),
 .UNSPECIFIED. ) 
 GEOMETRIC_REPRESENTATION_ITEM ( )  RATIONAL_B_SPLINE_SURFACE ( (
 ( 1.000000000000000000, 1.000000000000000000, 1.000000000000000000, 1.000000000000000000),
 ( 0.9646482515381606900, 0.9646482515381606900, 0.9646482515381606900, 0.9646482515381606900),
 ( 0.9646482515381606900, 0.9646482515381606900, 0.9646482515381606900, 0.9646482515381606900),
 ( 1.000000000000000000, 1.000000000000000000, 1.000000000000000000, 1.000000000000000000) ) ) 
 REPRESENTATION_ITEM ( '' )  SURFACE ( )  );
#3481 = ORIENTED_EDGE ( 'NONE', *, *, #5095, .T. ) ;
#3482 = CARTESIAN_POINT ( 'NONE',  ( 77.49624147074398200, 27.99999999827130300, 790.7981005086919600 ) ) ;
#3483 = EDGE_LOOP ( 'NONE', ( #3789, #4163, #4208, #509 ) ) ;
#3484 = CARTESIAN_POINT ( 'NONE',  ( 18.51840738761097100, -43.00000000000165600, 635.7623409577939800 ) ) ;
#3485 = DIRECTION ( 'NONE',  ( -0.5224985646821829200, 0.0000000000000000000, 0.8526401643747839600 ) ) ;
#3486 = AXIS2_PLACEMENT_3D ( 'NONE', #3188, #3109, #3145 ) ;
#3487 = ORIENTED_EDGE ( 'NONE', *, *, #4320, .T. ) ;
#3488 = VERTEX_POINT ( 'NONE', #2161 ) ;
#3489 = EDGE_LOOP ( 'NONE', ( #1791, #3586, #4608, #5122, #4288, #424, #1336, #1995, #452 ) ) ;
#3490 = CARTESIAN_POINT ( 'NONE',  ( 74.30753185948700000, 29.81243713824429200, 790.2725291573292500 ) ) ;
#3491 = CARTESIAN_POINT ( 'NONE',  ( 85.70904438211658800, 27.94261010190275100, 793.1111665486687300 ) ) ;
#3492 = CARTESIAN_POINT ( 'NONE',  ( -176.3010186141010000, 839.0046633176066300, 725.6088616786966000 ) ) ;
#3493 = AXIS2_PLACEMENT_3D ( 'NONE', #4595, #5013, #2626 ) ;
#3494 = DIRECTION ( 'NONE',  ( 0.0000000000000000000, -2.379049338482479700E-015, 1.000000000000000000 ) ) ;
#3495 = CARTESIAN_POINT ( 'NONE',  ( 188.6018460044178400, 27.99999999999921100, 592.0515346370948500 ) ) ;
#3496 = CARTESIAN_POINT ( 'NONE',  ( 471.2692413168865100, 839.0046633176075400, 855.2160012743032700 ) ) ;
#3497 = LINE ( 'NONE', #62, #2455 ) ;
#3498 = CARTESIAN_POINT ( 'NONE',  ( 81.16554768876599700, -154.5000000000015300, 606.6493729310914200 ) ) ;
#3499 = CARTESIAN_POINT ( 'NONE',  ( 314.8315843856105400, -150.5000000000027000, 1089.620482881673300 ) ) ;
#3500 = PLANE ( 'NONE',  #1623 ) ;
#3501 = CARTESIAN_POINT ( 'NONE',  ( 76.01639357883360000, 29.34281956850108500, 790.5559025623148300 ) ) ;
#3502 = CIRCLE ( 'NONE', #2529, 74.99999999999995700 ) ;
#3503 = CARTESIAN_POINT ( 'NONE',  ( 289.9797343361084400, -184.8899114133772300, 1050.530773121006600 ) ) ;
#3504 = CARTESIAN_POINT ( 'NONE',  ( 299.9999999999923800, -154.5000000000008000, 662.5000000000025000 ) ) ;
#3505 = CARTESIAN_POINT ( 'NONE',  ( 80.75992419931077400, -108.5000000000008800, 606.8177135529732600 ) ) ;
#3506 = CARTESIAN_POINT ( 'NONE',  ( 183.7865328676412000, 41.66666666666590400, 591.6466295121082300 ) ) ;
#3507 = DIRECTION ( 'NONE',  ( -1.737858883903028800E-015, 1.000000000000000000, 2.389772395653982800E-015 ) ) ;
#3508 = LINE ( 'NONE', #2035, #2470 ) ;
#3509 = EDGE_CURVE ( 'NONE', #3454, #431, #3692, .T. ) ;
#3510 = CARTESIAN_POINT ( 'NONE',  ( 106.2751262208143700, -154.5000000000016200, 597.7753237106017000 ) ) ;
#3511 = ORIENTED_EDGE ( 'NONE', *, *, #4237, .F. ) ;
#3512 = CARTESIAN_POINT ( 'NONE',  ( 170.2316950835944200, -154.4999999999982400, 590.6186487626378000 ) ) ;
#3513 = FACE_OUTER_BOUND ( 'NONE', #1537, .T. ) ;
#3514 = VERTEX_POINT ( 'NONE', #3340 ) ;
#3515 = AXIS2_PLACEMENT_3D ( 'NONE', #3421, #3435, #1017 ) ;
#3516 = CARTESIAN_POINT ( 'NONE',  ( 77.33592713924730300, 28.49120755711274500, 790.8008191730658600 ) ) ;
#3517 =( NAMED_UNIT ( * ) PLANE_ANGLE_UNIT ( ) SI_UNIT ( $, .RADIAN. ) );
#3518 = VECTOR ( 'NONE', #4385, 1000.000000000000200 ) ;
#3519 = CARTESIAN_POINT ( 'NONE',  ( 189.7138081316568000, 27.99999999999806400, 592.1450297924392300 ) ) ;
#3520 = EDGE_LOOP ( 'NONE', ( #2423, #2725, #1294, #3643 ) ) ;
#3521 = CYLINDRICAL_SURFACE ( 'NONE', #4691, 60.00000000000005700 ) ;
#3522 = DIRECTION ( 'NONE',  ( -0.8523479858856161100, 0.02617694830787261100, -0.5223195174737592600 ) ) ;
#3523 =( NAMED_UNIT ( * ) SI_UNIT ( $, .STERADIAN. ) SOLID_ANGLE_UNIT ( ) );
#3524 = CARTESIAN_POINT ( 'NONE',  ( 75.67905266104818900, -123.8333333344011600, 609.1078941352197900 ) ) ;
#3525 = CARTESIAN_POINT ( 'NONE',  ( 178.0671789980412100, 55.33333333333251900, 591.1657689973850400 ) ) ;
#3526 = ORIENTED_EDGE ( 'NONE', *, *, #3475, .F. ) ;
#3527 = CARTESIAN_POINT ( 'NONE',  ( 123.6802158413675100, -154.5000000000011400, 593.7324444482102300 ) ) ;
#3528 = LINE ( 'NONE', #4407, #1417 ) ;
#3529 = DIRECTION ( 'NONE',  ( -1.737858883903029000E-015, 1.000000000000000000, 2.389772395653983200E-015 ) ) ;
#3530 = EDGE_CURVE ( 'NONE', #4876, #3488, #3823, .T. ) ;
#3531 = ORIENTED_EDGE ( 'NONE', *, *, #1048, .T. ) ;
#3532 = VECTOR ( 'NONE', #1018, 1000.000000000000000 ) ;
#3533 = CARTESIAN_POINT ( 'NONE',  ( 39.55802175411059800, -103.4347238319853400, 625.9514074693133800 ) ) ;
#3534 = B_SPLINE_CURVE_WITH_KNOTS ( 'NONE', 3,
 ( #1486, #147, #628, #3484 ),
 .UNSPECIFIED., .F., .F.,
 ( 4, 4 ),
 ( 0.0000000000000000000, 1.000000000000000000 ),
 .UNSPECIFIED. ) ;
#3535 = CARTESIAN_POINT ( 'NONE',  ( 70.13277664346341600, 30.65734505596533300, 789.7557253693545400 ) ) ;
#3536 = VERTEX_POINT ( 'NONE', #2937 ) ;
#3537 = CARTESIAN_POINT ( 'NONE',  ( 471.1678290476556900, -154.5000000000009400, 855.6923137564065200 ) ) ;
#3538 = VERTEX_POINT ( 'NONE', #2183 ) ;
#3539 = EDGE_LOOP ( 'NONE', ( #4019, #524, #1153, #3663 ) ) ;
#3540 = EDGE_CURVE ( 'NONE', #3405, #4449, #1587, .T. ) ;
#3541 = DIRECTION ( 'NONE',  ( 0.0000000000000000000, 0.0000000000000000000, 1.000000000000000000 ) ) ;
#3542 = DIRECTION ( 'NONE',  ( 1.737858883903028800E-015, -1.000000000000000000, -2.389772395653982800E-015 ) ) ;
#3543 = ORIENTED_EDGE ( 'NONE', *, *, #2461, .F. ) ;
#3544 = ORIENTED_EDGE ( 'NONE', *, *, #851, .T. ) ;
#3545 = CARTESIAN_POINT ( 'NONE',  ( 190.2696970427621500, 68.99999999999923300, 592.1917696218138200 ) ) ;
#3546 = DIRECTION ( 'NONE',  ( -0.0000000000000000000, 1.000000000000000000, -0.0000000000000000000 ) ) ;
#3547 = CARTESIAN_POINT ( 'NONE',  ( 364.3866418287348100, -154.5000000000015600, 1042.166561924344700 ) ) ;
#3548 = AXIS2_PLACEMENT_3D ( 'NONE', #4445, #5272, #2872 ) ;
#3549 = LINE ( 'NONE', #4240, #4188 ) ;
#3550 = CARTESIAN_POINT ( 'NONE',  ( 36.33753233286074600, -133.6520857479775700, 627.4531031908750300 ) ) ;
#3551 = CARTESIAN_POINT ( 'NONE',  ( 73.78712757628970600, 28.68703415637216000, 790.1403943956131600 ) ) ;
#3552 = DIRECTION ( 'NONE',  ( 0.0000000000000000000, -3.172065784643306100E-015, 1.000000000000000000 ) ) ;
#3553 = AXIS2_PLACEMENT_3D ( 'NONE', #1581, #4774, #2392 ) ;
#3554 = VECTOR ( 'NONE', #4640, 1000.000000000000100 ) ;
#3555 = CARTESIAN_POINT ( 'NONE',  ( 454.4755667363060600, -154.5000000000009900, 892.3975069008638500 ) ) ;
#3556 = CARTESIAN_POINT ( 'NONE',  ( 176.3921312729094100, -154.5000000000008200, 591.0263418615639900 ) ) ;
#3557 = DIRECTION ( 'NONE',  ( -3.059600512716296000E-015, 0.0000000000000000000, -1.000000000000000000 ) ) ;
#3558 = CARTESIAN_POINT ( 'NONE',  ( 290.0053966939813700, -200.4999999998595100, 1088.882348653998400 ) ) ;
#3559 = EDGE_CURVE ( 'NONE', #664, #720, #1256, .T. ) ;
#3560 = CARTESIAN_POINT ( 'NONE',  ( 244.1839181280900800, -154.5000000000024200, 972.4622722134365600 ) ) ;
#3561 = CARTESIAN_POINT ( 'NONE',  ( 336.6520379758766800, -174.4972571887581100, 977.1373298275858600 ) ) ;
#3562 = ADVANCED_FACE ( 'NONE', ( #4772 ), #4550, .F. ) ;
#3563 = DIRECTION ( 'NONE',  ( -0.9990483607444006200, -0.02617694830787493600, -0.03488753747705675100 ) ) ;
#3564 = FACE_BOUND ( 'NONE', #5054, .T. ) ;
#3565 = CARTESIAN_POINT ( 'NONE',  ( 29.92824144569152600, -43.00000000000090900, 630.4416839963516800 ) ) ;
#3566 = PLANE ( 'NONE',  #2821 ) ;
#3567 = CARTESIAN_POINT ( 'NONE',  ( 198.9043671504221000, -710.6076823182571600, 663.1647771478683400 ) ) ;
#3568 = EDGE_CURVE ( 'NONE', #3602, #3367, #2531, .T. ) ;
#3569 = CIRCLE ( 'NONE', #548, 25.00000000000002100 ) ;
#3570 = CARTESIAN_POINT ( 'NONE',  ( 173.6548032720246200, -174.4972571887584800, 1004.982210641394200 ) ) ;
#3571 = CARTESIAN_POINT ( 'NONE',  ( 170.2316950835943300, -108.5000000000008200, 590.6186487626378000 ) ) ;
#3572 = PLANE ( 'NONE',  #3821 ) ;
#3573 = CARTESIAN_POINT ( 'NONE',  ( -207.1647672749907700, -43.00000000000169800, 740.5513765705115900 ) ) ;
#3574 = VERTEX_POINT ( 'NONE', #38 ) ;
#3575 = LINE ( 'NONE', #1768, #3078 ) ;
#3576 =( GEOMETRIC_REPRESENTATION_CONTEXT ( 3 ) GLOBAL_UNCERTAINTY_ASSIGNED_CONTEXT ( ( #4081 ) ) GLOBAL_UNIT_ASSIGNED_CONTEXT ( ( #4211, #4201, #4147 ) ) REPRESENTATION_CONTEXT ( 'NONE', 'WORKASPACE' ) );
#3577 = DIRECTION ( 'NONE',  ( -1.737858883903028800E-015, 1.000000000000000000, 2.389772395653982800E-015 ) ) ;
#3578 = DIRECTION ( 'NONE',  ( 0.0000000000000000000, 0.9993900848364141200, -0.03492074355830880600 ) ) ;
#3579 = DIRECTION ( 'NONE',  ( 1.737858883903028800E-015, -1.000000000000000000, -2.389772395653982800E-015 ) ) ;
#3580 = ORIENTED_EDGE ( 'NONE', *, *, #778, .T. ) ;
#3581 = CARTESIAN_POINT ( 'NONE',  ( 365.9490675730919500, -108.5000000000013100, 1039.709374357428700 ) ) ;
#3582 = DIRECTION ( 'NONE',  ( -0.03489949666292217100, -3.363009259674303100E-013, 0.9993908270204778800 ) ) ;
#3583 = FACE_OUTER_BOUND ( 'NONE', #4537, .T. ) ;
#3584 = CARTESIAN_POINT ( 'NONE',  ( 25.15556896222489100, -73.21736191599313800, 632.6672610542032100 ) ) ;
#3585 = EDGE_LOOP ( 'NONE', ( #347, #866, #1231, #4650, #1013, #4534, #5031, #3730, #81, #163, #1742, #677, #1073, #3198, #5242 ) ) ;
#3586 = ORIENTED_EDGE ( 'NONE', *, *, #3108, .T. ) ;
#3587 = DIRECTION ( 'NONE',  ( 0.03607424966132362400, 0.9987827659587182900, -0.03363978203295391700 ) ) ;
#3588 = ADVANCED_FACE ( 'NONE', ( #1460 ), #4567, .T. ) ;
#3589 = ORIENTED_EDGE ( 'NONE', *, *, #1647, .T. ) ;
#3590 = ORIENTED_EDGE ( 'NONE', *, *, #405, .F. ) ;
#3591 = DIRECTION ( 'NONE',  ( 1.276780878010794600E-015, -1.000000000000000000, 2.251309171938090700E-016 ) ) ;
#3592 = CARTESIAN_POINT ( 'NONE',  ( 165.3256600219381800, -123.8333333333341400, 590.4326838911816800 ) ) ;
#3593 = CARTESIAN_POINT ( 'NONE',  ( 351.7027255145645800, -139.1666666666683100, 1062.081252630727900 ) ) ;
#3594 = VECTOR ( 'NONE', #2858, 1000.000000000000100 ) ;
#3595 = B_SPLINE_CURVE_WITH_KNOTS ( 'NONE', 3,
 ( #1353, #7, #4153, #1784 ),
 .UNSPECIFIED., .F., .F.,
 ( 4, 4 ),
 ( 0.0000000000000000000, 1.000000000000000000 ),
 .UNSPECIFIED. ) ;
#3596 = EDGE_LOOP ( 'NONE', ( #4021, #1136, #4197 ) ) ;
#3597 = DIRECTION ( 'NONE',  ( 9.824982518806696500E-016, 2.333433348216590500E-015, -1.000000000000000000 ) ) ;
#3598 = DIRECTION ( 'NONE',  ( 0.0000000000000000000, 2.422304781000342500E-015, -1.000000000000000000 ) ) ;
#3599 = CARTESIAN_POINT ( 'NONE',  ( 479.8885385507992400, 839.0046633176075400, 806.3335375624125200 ) ) ;
#3600 = CARTESIAN_POINT ( 'NONE',  ( 370.8177908585667500, -123.8333333333347100, 1031.909384592002400 ) ) ;
#3601 = EDGE_CURVE ( 'NONE', #18, #3111, #3569, .T. ) ;
#3602 = VERTEX_POINT ( 'NONE', #5010 ) ;
#3603 = ORIENTED_EDGE ( 'NONE', *, *, #4523, .F. ) ;
#3604 = CARTESIAN_POINT ( 'NONE',  ( 20.41467531883461100, -103.4347238319853800, 634.8780867151558600 ) ) ;
#3605 = DIRECTION ( 'NONE',  ( 0.8762970608289100100, 0.0000000000000000000, -0.4817711709749903900 ) ) ;
#3606 = DIRECTION ( 'NONE',  ( 0.8495734838167106100, 0.05233595624294668000, -0.5248674530580780300 ) ) ;
#3607 = ORIENTED_EDGE ( 'NONE', *, *, #3773, .T. ) ;
#3608 = EDGE_LOOP ( 'NONE', ( #3329, #2564, #2828 ) ) ;
#3609 = EDGE_CURVE ( 'NONE', #2155, #3033, #4502, .T. ) ;
#3610 = CARTESIAN_POINT ( 'NONE',  ( -200.0000000000076700, -127.8528137423875800, 830.0000000198011800 ) ) ;
#3611 = CARTESIAN_POINT ( 'NONE',  ( 160.5498158199089000, -139.1666666666675100, 590.3674850747161100 ) ) ;
#3612 = CARTESIAN_POINT ( 'NONE',  ( 198.4858276042216100, -154.5000000000025300, 1032.204833670686000 ) ) ;
#3613 = CARTESIAN_POINT ( 'NONE',  ( 149.1055233341481300, -154.5000000000019600, 968.5035168089032100 ) ) ;
#3614 = CARTESIAN_POINT ( 'NONE',  ( 123.6802158413675100, -154.5000000000011400, 593.7324444482102300 ) ) ;
#3615 = ADVANCED_FACE ( 'NONE', ( #1320 ), #593, .T. ) ;
#3616 = CARTESIAN_POINT ( 'NONE',  ( 171.8948117283322300, -154.4999999999982400, 590.7090339724417200 ) ) ;
#3617 = CARTESIAN_POINT ( 'NONE',  ( 373.3146486480023300, -139.1666666666681100, 1027.859734226380600 ) ) ;
#3618 = CARTESIAN_POINT ( 'NONE',  ( 81.16554768876599700, -154.5000000000015300, 606.6493729310914200 ) ) ;
#3619 = VECTOR ( 'NONE', #5225, 1000.000000000000000 ) ;
#3620 =( GEOMETRIC_REPRESENTATION_CONTEXT ( 3 ) GLOBAL_UNCERTAINTY_ASSIGNED_CONTEXT ( ( #3379 ) ) GLOBAL_UNIT_ASSIGNED_CONTEXT ( ( #912, #3729, #1341 ) ) REPRESENTATION_CONTEXT ( 'NONE', 'WORKASPACE' ) );
#3621 = CARTESIAN_POINT ( 'NONE',  ( -0.4687384760810573400, -133.6520857479776800, 644.6162540343465300 ) ) ;
#3622 = CARTESIAN_POINT ( 'NONE',  ( -185.3767239495543900, -43.00000000000226000, 854.5748092045546400 ) ) ;
#3623 = CARTESIAN_POINT ( 'NONE',  ( -200.0000000000093800, 839.0046633176062900, 800.0000000198033400 ) ) ;
#3624 = CARTESIAN_POINT ( 'NONE',  ( 155.9102313205289900, -154.5000000000008500, 590.4134606742850300 ) ) ;
#3625 = CARTESIAN_POINT ( 'NONE',  ( 149.1055233341477600, -139.1666666666684200, 968.5035168089016200 ) ) ;
#3626 = LINE ( 'NONE', #4938, #2704 ) ;
#3627 = UNCERTAINTY_MEASURE_WITH_UNIT (LENGTH_MEASURE( 1.000000000000000100E-005 ), #1809, 'distance_accuracy_value', 'NONE');
#3628 = EDGE_CURVE ( 'NONE', #3161, #1209, #4369, .T. ) ;
#3629 = CARTESIAN_POINT ( 'NONE',  ( 265.0555088487954000, 839.0046633176067400, 1073.426940382780700 ) ) ;
#3630 = DIRECTION ( 'NONE',  ( 1.737858883903028800E-015, -1.000000000000000000, -2.389772395653982800E-015 ) ) ;
#3631 = CARTESIAN_POINT ( 'NONE',  ( 377.4858213356726000, -154.5000000000015100, 1021.036021730503400 ) ) ;
#3632 = VECTOR ( 'NONE', #3582, 1000.000000000000000 ) ;
#3633 = DIRECTION ( 'NONE',  ( -1.737858883903028800E-015, 1.000000000000000000, 2.389772395653982800E-015 ) ) ;
#3634 = B_SPLINE_CURVE_WITH_KNOTS ( 'NONE', 3,
 ( #264, #2003, #3180, #738 ),
 .UNSPECIFIED., .F., .F.,
 ( 4, 4 ),
 ( 0.0000000000000000000, 1.000000000000000000 ),
 .UNSPECIFIED. ) ;
#3635 = ORIENTED_EDGE ( 'NONE', *, *, #616, .F. ) ;
#3636 = EDGE_LOOP ( 'NONE', ( #590, #3473, #1432, #2843 ) ) ;
#3637 = DIRECTION ( 'NONE',  ( 0.8762970608289100100, 0.0000000000000000000, -0.4817711709749904500 ) ) ;
#3638 = CARTESIAN_POINT ( 'NONE',  ( -22.61043434002198200, -43.00000000000105200, 654.9410482513089800 ) ) ;
#3639 = DIRECTION ( 'NONE',  ( -1.737858883903028800E-015, 1.000000000000000000, 2.389772395653982800E-015 ) ) ;
#3640 = LINE ( 'NONE', #1371, #349 ) ;
#3641 = EDGE_CURVE ( 'NONE', #781, #1595, #571, .T. ) ;
#3642 = ADVANCED_FACE ( 'NONE', ( #120 ), #3070, .F. ) ;
#3643 = ORIENTED_EDGE ( 'NONE', *, *, #1933, .T. ) ;
#3644 = CIRCLE ( 'NONE', #2365, 56.49999999999999300 ) ;
#3645 = CARTESIAN_POINT ( 'NONE',  ( 149.2499155919780100, -108.5000000000008500, 590.6640424021230700 ) ) ;
#3646 = CARTESIAN_POINT ( 'NONE',  ( 151.2723964470629900, -154.5000000000017900, 979.6042461272101000 ) ) ;
#3647 = ORIENTED_EDGE ( 'NONE', *, *, #2320, .F. ) ;
#3648 = AXIS2_PLACEMENT_3D ( 'NONE', #657, #552, #582 ) ;
#3649 = CARTESIAN_POINT ( 'NONE',  ( -197.7803432427677400, -51.66666666666830600, 722.8701967020315400 ) ) ;
#3650 = VECTOR ( 'NONE', #1181, 1000.000000000000000 ) ;
#3651 = PLANE ( 'NONE',  #3014 ) ;
#3652 = ORIENTED_EDGE ( 'NONE', *, *, #4983, .T. ) ;
#3653 = CIRCLE ( 'NONE', #3011, 56.49999999999999300 ) ;
#3654 = LINE ( 'NONE', #4969, #1544 ) ;
#3655 = CARTESIAN_POINT ( 'NONE',  ( 82.62573264168915400, 27.61297972045608200, 792.2037846088221600 ) ) ;
#3656 = CARTESIAN_POINT ( 'NONE',  ( -30.88818122052583700, -73.21736191599330800, 658.8009381622030100 ) ) ;
#3657 = ORIENTED_EDGE ( 'NONE', *, *, #35, .F. ) ;
#3658 = LINE ( 'NONE', #1831, #528 ) ;
#3659 = ORIENTED_EDGE ( 'NONE', *, *, #3203, .T. ) ;
#3660 = DIRECTION ( 'NONE',  ( 0.0000000000000000000, 2.390063455790266900E-015, -1.000000000000000000 ) ) ;
#3662 = EDGE_CURVE ( 'NONE', #4664, #3409, #2403, .T. ) ;
#3661 = CARTESIAN_POINT ( 'NONE',  ( 139.5725109881391600, -123.8333333333342000, 591.4265559115558500 ) ) ;
#3663 = ORIENTED_EDGE ( 'NONE', *, *, #3404, .F. ) ;
#3664 = EDGE_LOOP ( 'NONE', ( #3044, #4222, #5056, #5222 ) ) ;
#3665 = CARTESIAN_POINT ( 'NONE',  ( 152.5397445070737500, -108.5000000000017600, 985.9261689831117800 ) ) ;
#3666 = CARTESIAN_POINT ( 'NONE',  ( 75.22328563481468700, 29.44376347591536800, 790.4148229723086800 ) ) ;
#3667 = ORIENTED_EDGE ( 'NONE', *, *, #687, .T. ) ;
#3668 = CARTESIAN_POINT ( 'NONE',  ( 151.5870057416651100, -154.4999999999992300, 981.1863593927072300 ) ) ;
#3669 = ADVANCED_FACE ( 'NONE', ( #1183 ), #615, .T. ) ;
#3670 = ORIENTED_EDGE ( 'NONE', *, *, #4616, .T. ) ;
#3671 = CARTESIAN_POINT ( 'NONE',  ( 83.49521685409746400, 31.10083954555179300, 792.2739606891160500 ) ) ;
#3672 = CARTESIAN_POINT ( 'NONE',  ( 83.78377322041970400, 27.69613571871983000, 792.5461957648944900 ) ) ;
#3673 = CARTESIAN_POINT ( 'NONE',  ( -38.15478564044605000, -103.4347238319855600, 662.1894111520395000 ) ) ;
#3674 = CARTESIAN_POINT ( 'NONE',  ( -2.235450554362852700, -43.00000000000172000, 645.4400236700603300 ) ) ;
#3675 = CYLINDRICAL_SURFACE ( 'NONE', #5044, 55.75565666215087600 ) ;
#3676 = EDGE_CURVE ( 'NONE', #597, #4591, #2835, .T. ) ;
#3677 = CARTESIAN_POINT ( 'NONE',  ( 299.9999999999923300, -108.5000000000009200, 800.0000000000027300 ) ) ;
#3678 = CARTESIAN_POINT ( 'NONE',  ( 129.8247752253182100, -139.1666666666675700, 592.6819191157405800 ) ) ;
#3679 = CARTESIAN_POINT ( 'NONE',  ( 154.1385372764644300, -123.8333333333351600, 993.7324924846864200 ) ) ;
#3680 = VECTOR ( 'NONE', #4606, 1000.000000000000000 ) ;
#3681 = CARTESIAN_POINT ( 'NONE',  ( -196.7954942127375900, -69.00000000000166300, 722.3575167471804000 ) ) ;
#3682 = CARTESIAN_POINT ( 'NONE',  ( -173.3165224756176000, -69.00000000000162000, 725.2164376801531500 ) ) ;
#3683 = AXIS2_PLACEMENT_3D ( 'NONE', #289, #1193, #3991 ) ;
#3684 = AXIS2_PLACEMENT_3D ( 'NONE', #3069, #3870, #140 ) ;
#3685 = CARTESIAN_POINT ( 'NONE',  ( 84.95940322217271000, 28.83026305231712200, 792.8392959861712400 ) ) ;
#3686 = CARTESIAN_POINT ( 'NONE',  ( -44.55696343338924200, -133.6520857479777900, 665.1748658133002400 ) ) ;
#3687 = CARTESIAN_POINT ( 'NONE',  ( 223.2075697415067500, 55.33333333333257500, 597.4068646882865300 ) ) ;
#3688 = ADVANCED_FACE ( 'NONE', ( #3197 ), #4745, .T. ) ;
#3689 = CIRCLE ( 'NONE', #2666, 55.75565666215087600 ) ;
#3690 = CARTESIAN_POINT ( 'NONE',  ( 123.6802158411975100, -154.5000000000009100, 593.7324444482418400 ) ) ;
#3691 = CARTESIAN_POINT ( 'NONE',  ( 156.6705055945672600, -139.1666666666685600, 1005.540602786226400 ) ) ;
#3692 = LINE ( 'NONE', #4953, #2653 ) ;
#3693 = EDGE_CURVE ( 'NONE', #213, #2004, #4247, .T. ) ;
#3694 = CARTESIAN_POINT ( 'NONE',  ( 176.9597067419734900, -123.8333333333341200, 591.0726568250838700 ) ) ;
#3695 = B_SPLINE_CURVE_WITH_KNOTS ( 'NONE', 3,
 ( #3924, #1484, #2359, #5146, #2751, #228 ),
 .UNSPECIFIED., .F., .F.,
 ( 4, 2, 4 ),
 ( 8.326672684688674100E-017, 0.01137850272941048000, 0.02275703107754560200 ),
 .UNSPECIFIED. ) ;
#3696 = CARTESIAN_POINT ( 'NONE',  ( 4.667909775292825400, -43.00000000000237300, 642.2209338806035200 ) ) ;
#3697 = ORIENTED_EDGE ( 'NONE', *, *, #4604, .F. ) ;
#3698 = CARTESIAN_POINT ( 'NONE',  ( 73.58456273803022900, -115.8878102041305500, 610.0845779207549000 ) ) ;
#3699 = FACE_OUTER_BOUND ( 'NONE', #3974, .T. ) ;
#3700 = CARTESIAN_POINT ( 'NONE',  ( 86.15314487824241500, 31.02124390015490700, 793.0832446134962800 ) ) ;
#3701 = CARTESIAN_POINT ( 'NONE',  ( 299.9999999999925000, -200.4999999998599400, 800.0000000000025000 ) ) ;
#3702 = ORIENTED_EDGE ( 'NONE', *, *, #4645, .F. ) ;
#3703 = CARTESIAN_POINT ( 'NONE',  ( 208.5433125998625900, 68.99999999999926100, 593.7282265713125800 ) ) ;
#3704 = FACE_OUTER_BOUND ( 'NONE', #737, .T. ) ;
#3705 = EDGE_CURVE ( 'NONE', #791, #388, #2147, .T. ) ;
#3706 = ORIENTED_EDGE ( 'NONE', *, *, #254, .F. ) ;
#3707 = DIRECTION ( 'NONE',  ( 0.0000000000000000000, 1.964996503761339300E-015, -1.000000000000000000 ) ) ;
#3708 = DIRECTION ( 'NONE',  ( 1.737858883903028800E-015, -1.000000000000000000, -2.389772395653982800E-015 ) ) ;
#3709 = LINE ( 'NONE', #3727, #2668 ) ;
#3710 = AXIS2_PLACEMENT_3D ( 'NONE', #3798, #2630, #76 ) ;
#3711 = EDGE_LOOP ( 'NONE', ( #4254, #682, #3531, #2178 ) ) ;
#3712 = CARTESIAN_POINT ( 'NONE',  ( 122.1979108148233300, -154.5000000032015900, 594.0111072900010600 ) ) ;
#3713 = DIRECTION ( 'NONE',  ( -1.737858883903028800E-015, 1.000000000000000000, 2.389772395653982800E-015 ) ) ;
#3714 = ADVANCED_FACE ( 'NONE', ( #5207 ), #5087, .F. ) ;
#3715 = LINE ( 'NONE', #93, #447 ) ;
#3716 = FACE_OUTER_BOUND ( 'NONE', #3483, .T. ) ;
#3717 = MECHANICAL_DESIGN_GEOMETRIC_PRESENTATION_REPRESENTATION (  '', ( #3184 ), #3982 ) ;
#3718 = CARTESIAN_POINT ( 'NONE',  ( -175.2808857116648700, -43.00000000000161300, 725.7887386332606600 ) ) ;
#3719 = CARTESIAN_POINT ( 'NONE',  ( 67.28754374221296100, -152.3317153061953800, 613.0210264859803100 ) ) ;
#3720 = ORIENTED_EDGE ( 'NONE', *, *, #2878, .F. ) ;
#3721 = DIRECTION ( 'NONE',  ( 0.9964838533888168400, 1.564358391139555500E-015, 0.08378502214223515500 ) ) ;
#3722 = VECTOR ( 'NONE', #2826, 1000.000000000000100 ) ;
#3723 = CARTESIAN_POINT ( 'NONE',  ( 169.2509875739490000, 68.99999999999911900, 590.5368402093802200 ) ) ;
#3724 = CARTESIAN_POINT ( 'NONE',  ( -200.0000000000078400, -35.00000000000189000, 830.0000000198014000 ) ) ;
#3725 = ORIENTED_EDGE ( 'NONE', *, *, #3999, .T. ) ;
#3726 = ORIENTED_EDGE ( 'NONE', *, *, #736, .F. ) ;
#3728 = EDGE_CURVE ( 'NONE', #1487, #5105, #2034, .T. ) ;
#3727 = CARTESIAN_POINT ( 'NONE',  ( 319.5541070479222900, -154.5000000000026100, 1051.311874288574200 ) ) ;
#3729 =( NAMED_UNIT ( * ) PLANE_ANGLE_UNIT ( ) SI_UNIT ( $, .RADIAN. ) );
#3730 = ORIENTED_EDGE ( 'NONE', *, *, #4577, .F. ) ;
#3731 = CARTESIAN_POINT ( 'NONE',  ( 116.3218295843897700, -108.5000000000008100, 595.2408312412751500 ) ) ;
#3732 = CARTESIAN_POINT ( 'NONE',  ( 80.70790784296551100, 28.40700245941823700, 791.6238449951265500 ) ) ;
#3733 = CARTESIAN_POINT ( 'NONE',  ( 265.0555088487971600, -150.5000000000021900, 1073.426940382778400 ) ) ;
#3734 = CARTESIAN_POINT ( 'NONE',  ( 58.83686441834751700, -43.00000000000092400, 616.9617263242620300 ) ) ;
#3735 = EDGE_CURVE ( 'NONE', #3, #1465, #3072, .T. ) ;
#3736 = CARTESIAN_POINT ( 'NONE',  ( 157.4412753927040000, -108.5000000000008800, 590.3863809748716000 ) ) ;
#3737 = DIRECTION ( 'NONE',  ( 0.1993679344559927400, -2.346229340325864600E-015, 0.9799247046129365700 ) ) ;
#3738 = CARTESIAN_POINT ( 'NONE',  ( 319.6799861074910000, -174.4972571887582500, 1051.840235876340100 ) ) ;
#3739 = LINE ( 'NONE', #4396, #474 ) ;
#3740 = ADVANCED_FACE ( 'NONE', ( #776 ), #3879, .F. ) ;
#3741 = STYLED_ITEM ( 'NONE', ( #4802 ), #492 ) ;
#3742 = DIRECTION ( 'NONE',  ( 1.737858883903028800E-015, -1.000000000000000000, -2.389772395653982800E-015 ) ) ;
#3743 = CARTESIAN_POINT ( 'NONE',  ( 73.54720878825530400, 30.03012372738394100, 790.1589876264856700 ) ) ;
#3744 = CARTESIAN_POINT ( 'NONE',  ( 299.9999999999921600, 68.99999999999870700, 855.7556566621539100 ) ) ;
#3745 = CARTESIAN_POINT ( 'NONE',  ( 111.9779450274368500, -123.8333333344010600, 596.2688266654953400 ) ) ;
#3746 = CARTESIAN_POINT ( 'NONE',  ( 81.53892810012104100, 28.15296664085650500, 791.8450722390231200 ) ) ;
#3747 = CIRCLE ( 'NONE', #1496, 60.00000000000005700 ) ;
#3748 = CARTESIAN_POINT ( 'NONE',  ( 52.45332810537152600, -79.44390510206577000, 619.9383774236696400 ) ) ;
#3749 = CARTESIAN_POINT ( 'NONE',  ( 176.9597067419734900, -108.5000000000008200, 591.0726568250838700 ) ) ;
#3750 = DIRECTION ( 'NONE',  ( -3.624877642363448800E-015, 2.416585094908966000E-015, -1.000000000000000000 ) ) ;
#3751 = CARTESIAN_POINT ( 'NONE',  ( 159.2312392569331500, -123.8333333333351800, 1017.138617408112300 ) ) ;
#3752 = LINE ( 'NONE', #4340, #643 ) ;
#3753 =( BOUNDED_CURVE ( )  B_SPLINE_CURVE ( 3, ( #3244, #783, #3261, #831 ),
 .UNSPECIFIED., .F., .F. ) 
 B_SPLINE_CURVE_WITH_KNOTS ( ( 4, 4 ),
 ( 0.0000000000000000000, 0.003277668127876940900 ),
 .UNSPECIFIED. ) 
 CURVE ( )  GEOMETRIC_REPRESENTATION_ITEM ( )  RATIONAL_B_SPLINE_CURVE ( ( 1.000000000000000000, 0.9646482515381606900, 0.9646482515381606900, 1.000000000000000000 ) ) 
 REPRESENTATION_ITEM ( '' )  );
#3754 = ORIENTED_EDGE ( 'NONE', *, *, #154, .F. ) ;
#3755 = CARTESIAN_POINT ( 'NONE',  ( 86.15282015985879100, 30.99999999997522000, 793.0843095531490700 ) ) ;
#3756 = CARTESIAN_POINT ( 'NONE',  ( 70.93986807038199100, 30.86832209340175800, 789.8481434819864300 ) ) ;
#3757 = DIRECTION ( 'NONE',  ( 1.737858883903028800E-015, -1.000000000000000000, -2.389772395653982800E-015 ) ) ;
#3758 = LINE ( 'NONE', #3926, #1202 ) ;
#3759 = VERTEX_POINT ( 'NONE', #3178 ) ;
#3760 = EDGE_LOOP ( 'NONE', ( #3304, #1932, #4849, #1402 ) ) ;
#3761 = CARTESIAN_POINT ( 'NONE',  ( 107.6910269350360100, -139.1666666688013800, 597.3844748959541000 ) ) ;
#3762 = VECTOR ( 'NONE', #5164, 1000.000000000000000 ) ;
#3763 = CARTESIAN_POINT ( 'NONE',  ( 82.63704833045025600, 27.89773511910544800, 792.1661862984749400 ) ) ;
#3764 = ADVANCED_FACE ( 'NONE', ( #4001 ), #3572, .F. ) ;
#3765 = CARTESIAN_POINT ( 'NONE',  ( 84.39128832082289500, 31.03362663483792300, 792.5471882598294500 ) ) ;
#3766 = CARTESIAN_POINT ( 'NONE',  ( 46.02702760621858100, -115.8878102041306000, 622.9349162068315300 ) ) ;
#3767 = ORIENTED_EDGE ( 'NONE', *, *, #2908, .T. ) ;
#3768 = LINE ( 'NONE', #4358, #4852 ) ;
#3769 = CARTESIAN_POINT ( 'NONE',  ( 70.25139714338121200, 30.80001462763829800, 789.7593752444536200 ) ) ;
#3770 = DIRECTION ( 'NONE',  ( -1.290301261655854000E-015, 1.000000000000000000, 3.778739409134997900E-015 ) ) ;
#3771 = CARTESIAN_POINT ( 'NONE',  ( 299.9999999999923800, -154.5000000000009400, 725.0000000000025000 ) ) ;
#3772 = EDGE_LOOP ( 'NONE', ( #520, #2473, #1394, #2541 ) ) ;
#3773 = EDGE_CURVE ( 'NONE', #4641, #3454, #922, .T. ) ;
#3774 = CIRCLE ( 'NONE', #569, 2.499999999999946700 ) ;
#3775 = DIRECTION ( 'NONE',  ( -4.153087188293503300E-030, 1.000000000000000000, 2.389772395653985900E-015 ) ) ;
#3776 = CARTESIAN_POINT ( 'NONE',  ( 69.33017178680846400, 31.43390488383609200, 789.7135406524289500 ) ) ;
#3777 = ORIENTED_EDGE ( 'NONE', *, *, #5230, .T. ) ;
#3778 = CARTESIAN_POINT ( 'NONE',  ( 223.2487431345609300, -198.4999999998593400, 1041.866378939858400 ) ) ;
#3779 = VECTOR ( 'NONE', #1827, 1000.000000000000000 ) ;
#3780 = CARTESIAN_POINT ( 'NONE',  ( 103.4634430874655500, -154.5000000032016200, 598.5848067738516000 ) ) ;
#3781 = EDGE_LOOP ( 'NONE', ( #2771, #506, #3960, #2617 ) ) ;
#3782 = ORIENTED_EDGE ( 'NONE', *, *, #377, .T. ) ;
#3783 = DIRECTION ( 'NONE',  ( 0.0000000000000000000, -3.696868522026373800E-015, 1.000000000000000000 ) ) ;
#3784 = ORIENTED_EDGE ( 'NONE', *, *, #3142, .T. ) ;
#3786 = PLANE ( 'NONE',  #448 ) ;
#3785 = AXIS2_PLACEMENT_3D ( 'NONE', #4694, #2708, #177 ) ;
#3787 = CARTESIAN_POINT ( 'NONE',  ( 40.27871027075127600, -152.3317153061954300, 625.6153465451986900 ) ) ;
#3788 = LINE ( 'NONE', #3771, #1956 ) ;
#3789 = ORIENTED_EDGE ( 'NONE', *, *, #334, .T. ) ;
#3790 = CARTESIAN_POINT ( 'NONE',  ( 76.70697058277724500, 29.52431166889948600, 790.6109112581884800 ) ) ;
#3791 = ORIENTED_EDGE ( 'NONE', *, *, #3609, .T. ) ;
#3792 = CARTESIAN_POINT ( 'NONE',  ( 289.9797343361084900, -184.8899114133770100, 1050.530773121006600 ) ) ;
#3793 = CARTESIAN_POINT ( 'NONE',  ( 85.27715608940904700, 31.00001345298723300, 792.8173045478403100 ) ) ;
#3794 = ADVANCED_FACE ( 'NONE', ( #1776 ), #625, .F. ) ;
#3795 = CARTESIAN_POINT ( 'NONE',  ( 265.7073648467360300, -169.1667134609653300, 1071.762138670022300 ) ) ;
#3797 = EDGE_CURVE ( 'NONE', #4985, #438, #3752, .T. ) ;
#3796 = DIRECTION ( 'NONE',  ( 0.8762970608289100100, 0.0000000000000000000, -0.4817711709749903900 ) ) ;
#3798 = CARTESIAN_POINT ( 'NONE',  ( 291.2053268409345000, -148.4999999998594000, 1051.846488409162900 ) ) ;
#3799 = CARTESIAN_POINT ( 'NONE',  ( 82.63412633666213500, 28.17102281021263700, 792.1757692086208600 ) ) ;
#3800 = CARTESIAN_POINT ( 'NONE',  ( 96.58171677884490700, -108.5000000000008500, 600.7511989186456300 ) ) ;
#3801 = DIRECTION ( 'NONE',  ( 0.0000000000000000000, 2.456245629701674100E-015, -1.000000000000000000 ) ) ;
#3802 = CARTESIAN_POINT ( 'NONE',  ( 299.9999999999920400, 27.99999999999894800, 800.0000000000029600 ) ) ;
#3803 = CARTESIAN_POINT ( 'NONE',  ( 193.3127029722803900, -183.8971817545603900, 1051.448131629043700 ) ) ;
#3804 = CARTESIAN_POINT ( 'NONE',  ( 176.9597527035187500, 41.66666666666586100, 591.0726606892370700 ) ) ;
#3805 = DIRECTION ( 'NONE',  ( -1.737858883903029000E-015, 1.000000000000000000, 2.389772395653983200E-015 ) ) ;
#3806 = VECTOR ( 'NONE', #4584, 1000.000000000000000 ) ;
#3807 = EDGE_CURVE ( 'NONE', #4449, #1979, #319, .T. ) ;
#3808 = CARTESIAN_POINT ( 'NONE',  ( 336.1265114412857400, -199.4972571887582000, 977.8379018901671300 ) ) ;
#3809 = CIRCLE ( 'NONE', #1721, 177.2095246169554300 ) ;
#3810 = DIRECTION ( 'NONE',  ( -1.737858883903028800E-015, 1.000000000000000000, 2.389772395653982800E-015 ) ) ;
#3811 = AXIS2_PLACEMENT_3D ( 'NONE', #1624, #287, #1192 ) ;
#3812 = CARTESIAN_POINT ( 'NONE',  ( 154.3949256214199300, -154.4999999999982700, 590.4518128700244700 ) ) ;
#3813 = CARTESIAN_POINT ( 'NONE',  ( -206.6622042471144600, -69.00000000000173400, 739.4736266791276200 ) ) ;
#3814 = CARTESIAN_POINT ( 'NONE',  ( 81.88905024838689400, 27.99999999999897700, 791.9440355898970000 ) ) ;
#3815 = FACE_OUTER_BOUND ( 'NONE', #5174, .T. ) ;
#3816 = CARTESIAN_POINT ( 'NONE',  ( 88.56487657643825200, -123.8333333344011200, 603.6326207290891300 ) ) ;
#3817 = DIRECTION ( 'NONE',  ( -6.049435690397999600E-016, -1.000000000000000000, -1.297305670189480400E-015 ) ) ;
#3818 = DIRECTION ( 'NONE',  ( -1.737858883903028800E-015, 1.000000000000000000, 2.389772395653982800E-015 ) ) ;
#3819 = CARTESIAN_POINT ( 'NONE',  ( 384.1628292870057600, -108.5000000000012600, 1009.950461851437900 ) ) ;
#3820 = CARTESIAN_POINT ( 'NONE',  ( 161.5243879421004200, 41.66666666666583300, 590.3364631046704300 ) ) ;
#3821 = AXIS2_PLACEMENT_3D ( 'NONE', #2781, #5182, #3975 ) ;
#3822 = DIRECTION ( 'NONE',  ( 1.737858883903028800E-015, -1.000000000000000000, -2.389772395653982800E-015 ) ) ;
#3823 = LINE ( 'NONE', #3363, #422 ) ;
#3824 = CARTESIAN_POINT ( 'NONE',  ( -197.7803432427677400, -60.33333333333497700, 722.8701967020315400 ) ) ;
#3825 = ORIENTED_EDGE ( 'NONE', *, *, #1090, .F. ) ;
#3826 = CARTESIAN_POINT ( 'NONE',  ( 124.0549796165911000, 839.0046633176067400, 838.2365927245743900 ) ) ;
#3827 = VECTOR ( 'NONE', #3428, 1000.000000000000000 ) ;
#3828 = EDGE_CURVE ( 'NONE', #881, #4637, #2825, .T. ) ;
#3829 = ORIENTED_EDGE ( 'NONE', *, *, #2410, .F. ) ;
#3830 = CARTESIAN_POINT ( 'NONE',  ( 69.58861362253105700, 30.80898246235884100, 789.6913341133010800 ) ) ;
#3831 = CARTESIAN_POINT ( 'NONE',  ( 265.1951919267641000, -154.5000000000013600, 1072.471610521288800 ) ) ;
#3832 = LINE ( 'NONE', #4207, #4082 ) ;
#3833 = VERTEX_POINT ( 'NONE', #723 ) ;
#3834 = DIRECTION ( 'NONE',  ( -1.737858883903028800E-015, 1.000000000000000000, 2.389772395653982800E-015 ) ) ;
#3835 = LINE ( 'NONE', #3933, #2785 ) ;
#3836 = EDGE_CURVE ( 'NONE', #71, #3367, #171, .T. ) ;
#3837 = DIRECTION ( 'NONE',  ( 0.0000000000000000000, -2.389772395653985900E-015, 1.000000000000000000 ) ) ;
#3838 = DIRECTION ( 'NONE',  ( 0.9579290388460535200, 0.0000000000000000000, 0.2870051507124500300 ) ) ;
#3839 = CARTESIAN_POINT ( 'NONE',  ( 145.9777449750427500, 55.33333333333246200, 590.8371044474463400 ) ) ;
#3840 = ORIENTED_EDGE ( 'NONE', *, *, #5149, .T. ) ;
#3841 = DIRECTION ( 'NONE',  ( 0.0000000000000000000, -3.101181633031158700E-015, 1.000000000000000000 ) ) ;
#3842 = LINE ( 'NONE', #1245, #2672 ) ;
#3843 = CARTESIAN_POINT ( 'NONE',  ( -200.0023237766677100, -69.00000000000170500, 725.1914669190117600 ) ) ;
#3844 = DIRECTION ( 'NONE',  ( 0.9081431738416594300, -1.293418184110343900E-015, 0.4186597375014673400 ) ) ;
#3845 = CARTESIAN_POINT ( 'NONE',  ( 266.7317057843961800, -198.4999999998598000, 1070.340291314538500 ) ) ;
#3846 = VERTEX_POINT ( 'NONE', #5198 ) ;
#3847 = FACE_OUTER_BOUND ( 'NONE', #459, .T. ) ;
#3848 = CARTESIAN_POINT ( 'NONE',  ( 73.44089323217542600, 28.99880189003809500, 790.1000135900520700 ) ) ;
#3849 = CARTESIAN_POINT ( 'NONE',  ( 266.2195361477398600, -183.8333805607518100, 1071.051706555702100 ) ) ;
#3850 = CARTESIAN_POINT ( 'NONE',  ( 176.9597067419735200, -154.5000000000008000, 591.0726568250836400 ) ) ;
#3851 = ORIENTED_EDGE ( 'NONE', *, *, #3335, .F. ) ;
#3852 = VERTEX_POINT ( 'NONE', #1178 ) ;
#3853 = AXIS2_PLACEMENT_3D ( 'NONE', #2999, #1426, #4200 ) ;
#3854 = CARTESIAN_POINT ( 'NONE',  ( 234.7102757571800600, -154.5000000000007400, 595.9567759480334000 ) ) ;
#3855 = CARTESIAN_POINT ( 'NONE',  ( 196.4859911350855600, -108.5000000000019300, 994.1258611538327200 ) ) ;
#3856 = EDGE_LOOP ( 'NONE', ( #1083, #1790, #3276, #3767 ) ) ;
#3857 = CARTESIAN_POINT ( 'NONE',  ( 130.2334627276006800, 68.99999999999911900, 592.6275745845425700 ) ) ;
#3858 = DIRECTION ( 'NONE',  ( 1.009316027595415400E-015, 1.000000000000000000, 1.552793888608331300E-016 ) ) ;
#3859 = B_SPLINE_SURFACE_WITH_KNOTS ( 'NONE', 3, 3, ( 
 ( #3258, #2077, #829, #3655, #1261, #4055, #1683 ),
 ( #4447, #2089, #4882, #2494, #5274, #2874, #385 ),
 ( #3274, #844, #3672, #1280, #4069, #1699, #4469 ),
 ( #2103, #4894, #2511, #5291, #2888, #401, #3294 ),
 ( #861, #3685, #1301, #4089, #1715, #4486, #2122 ),
 ( #4909, #2525, #5311, #2904, #419, #3311, #883 ),
 ( #3700, #1313, #4108, #1735, #4500, #2134, #4928 ) ),
 .UNSPECIFIED., .F., .F., .F.,
 ( 4, 3, 4 ),
 ( 4, 3, 4 ),
 ( -0.005613235717542982800, 0.0000000000000000000, 0.06300118753361397300 ),
 ( 0.0000000000000000000, 1.000000000000000000, 2.100687766934661300 ),
 .UNSPECIFIED. ) ;
#3860 = DIRECTION ( 'NONE',  ( -1.741929637828456600E-015, 1.000000000000000000, 1.219350746479921600E-015 ) ) ;
#3861 = PLANE ( 'NONE',  #25 ) ;
#3862 = CARTESIAN_POINT ( 'NONE',  ( 244.7638423165711900, -199.4972571887583400, 972.8738728840938800 ) ) ;
#3863 = CARTESIAN_POINT ( 'NONE',  ( 74.19783733317774500, 28.24068209785716000, 790.1941094738580200 ) ) ;
#3864 = EDGE_CURVE ( 'NONE', #3367, #4637, #1646, .T. ) ;
#3865 = CYLINDRICAL_SURFACE ( 'NONE', #5140, 69.99999999999995700 ) ;
#3866 = CARTESIAN_POINT ( 'NONE',  ( 83.97159787938019800, 28.05880225946365400, 792.5835872388621500 ) ) ;
#3867 = PLANE ( 'NONE',  #2728 ) ;
#3868 = CARTESIAN_POINT ( 'NONE',  ( 229.9999495005508300, -108.5000000000006000, 595.5323155529654300 ) ) ;
#3869 = DIRECTION ( 'NONE',  ( 1.737858883903028800E-015, -1.000000000000000000, -2.389772395653982800E-015 ) ) ;
#3870 = DIRECTION ( 'NONE',  ( 1.737858883903028800E-015, -1.000000000000000000, -2.389772395653982800E-015 ) ) ;
#3871 = CARTESIAN_POINT ( 'NONE',  ( 190.2696970427621700, 41.66666666666590400, 592.1917696218138200 ) ) ;
#3872 = CARTESIAN_POINT ( 'NONE',  ( 66.64883958597592100, -147.0376045456432300, 613.3188884005941200 ) ) ;
#3873 = EDGE_CURVE ( 'NONE', #3409, #2344, #3314, .T. ) ;
#3874 = DIRECTION ( 'NONE',  ( 0.9993908270204775500, 0.0000000000000000000, 0.03489949666292877000 ) ) ;
#3875 = CARTESIAN_POINT ( 'NONE',  ( 348.0241528405479700, -154.5000000000025600, 1035.659593900630600 ) ) ;
#3876 = LINE ( 'NONE', #1188, #773 ) ;
#3877 = CARTESIAN_POINT ( 'NONE',  ( 176.9597527035030600, 68.99999999999920400, 591.0726606893979400 ) ) ;
#3878 = B_SPLINE_CURVE_WITH_KNOTS ( 'NONE', 3,
 ( #549, #5027, #3023, #564 ),
 .UNSPECIFIED., .F., .F.,
 ( 4, 4 ),
 ( 0.0000000000000000000, 1.000000000000000000 ),
 .UNSPECIFIED. ) ;
#3879 = CYLINDRICAL_SURFACE ( 'NONE', #3553, 60.00000000000005700 ) ;
#3880 = AXIS2_PLACEMENT_3D ( 'NONE', #387, #3277, #847 ) ;
#3881 = CARTESIAN_POINT ( 'NONE',  ( 74.30767711405349000, 29.81960809135961200, 790.2728283996179900 ) ) ;
#3882 = CARTESIAN_POINT ( 'NONE',  ( 86.10721002503896700, 27.82781432361304000, 793.2281781836560400 ) ) ;
#3883 = DIRECTION ( 'NONE',  ( -0.1736481776279282500, -2.655242411355302200E-015, 0.9848077530190851900 ) ) ;
#3884 = ORIENTED_EDGE ( 'NONE', *, *, #788, .F. ) ;
#3885 = CARTESIAN_POINT ( 'NONE',  ( 66.75952278392611600, 32.39367684432261300, 789.5890257696617000 ) ) ;
#3886 = DIRECTION ( 'NONE',  ( -0.01680088010840610100, -0.9993150019883696400, -0.03297358379927217000 ) ) ;
#3887 = CARTESIAN_POINT ( 'NONE',  ( 188.6018460044178100, 55.33333333333254700, 592.0515346370948500 ) ) ;
#3888 = DIRECTION ( 'NONE',  ( -1.288532948620625000E-015, 0.9986295347545736100, 0.05233595624294772000 ) ) ;
#3889 = ORIENTED_EDGE ( 'NONE', *, *, #1933, .F. ) ;
#3890 = FACE_OUTER_BOUND ( 'NONE', #4087, .T. ) ;
#3891 = CARTESIAN_POINT ( 'NONE',  ( 83.47383974256689500, -154.5000000000016800, 605.6671920577599600 ) ) ;
#3892 = CARTESIAN_POINT ( 'NONE',  ( 317.3576417202476700, 29.99999951480747400, 722.0131575479902000 ) ) ;
#3893 = CARTESIAN_POINT ( 'NONE',  ( 384.6932799803689700, 839.0046633176078800, 641.1697499650532600 ) ) ;
#3894 = ORIENTED_EDGE ( 'NONE', *, *, #1214, .T. ) ;
#3895 = EDGE_CURVE ( 'NONE', #1919, #1222, #4837, .T. ) ;
#3896 = CARTESIAN_POINT ( 'NONE',  ( 76.01651280852229300, 29.35009944709926800, 790.5562034258266500 ) ) ;
#3897 = EDGE_LOOP ( 'NONE', ( #2283, #4524, #4260, #504, #4572 ) ) ;
#3898 = CARTESIAN_POINT ( 'NONE',  ( 313.7685903087311800, -198.4999999998594800, 1072.031392359328900 ) ) ;
#3899 = DIRECTION ( 'NONE',  ( 1.737858883903028800E-015, -1.000000000000000000, -2.389772395653982800E-015 ) ) ;
#3900 = CONICAL_SURFACE ( 'NONE', #839, 150.5764855721134600, 0.05235987755983000100 ) ;
#3901 = EDGE_LOOP ( 'NONE', ( #4579, #3702, #5351, #5035 ) ) ;
#3902 = EDGE_CURVE ( 'NONE', #1197, #601, #489, .T. ) ;
#3903 = CARTESIAN_POINT ( 'NONE',  ( 384.6932799803706200, -154.5000000000009700, 641.1697499650508700 ) ) ;
#3904 = DIRECTION ( 'NONE',  ( -1.737858883903028800E-015, 1.000000000000000000, 2.389772395653982800E-015 ) ) ;
#3905 = CARTESIAN_POINT ( 'NONE',  ( 80.75992419931083100, -139.1666666688014100, 606.8177135529732600 ) ) ;
#3906 = CARTESIAN_POINT ( 'NONE',  ( 183.7865328676411400, 68.99999999999923300, 591.6466295121083500 ) ) ;
#3907 = VECTOR ( 'NONE', #1851, 1000.000000000000000 ) ;
#3908 = CARTESIAN_POINT ( 'NONE',  ( 222.8287215740538700, -154.5000000000025900, 1038.186809089790400 ) ) ;
#3909 = EDGE_LOOP ( 'NONE', ( #4404, #164, #4731, #542 ) ) ;
#3910 = ORIENTED_EDGE ( 'NONE', *, *, #135, .T. ) ;
#3911 = CARTESIAN_POINT ( 'NONE',  ( 109.1135213395272100, -154.5000000000016200, 597.0030355674912200 ) ) ;
#3912 = ORIENTED_EDGE ( 'NONE', *, *, #3530, .F. ) ;
#3913 = DIRECTION ( 'NONE',  ( -0.1993679344559924100, 0.0000000000000000000, -0.9799247046129365700 ) ) ;
#3914 = ORIENTED_EDGE ( 'NONE', *, *, #1552, .F. ) ;
#3915 = ORIENTED_EDGE ( 'NONE', *, *, #4917, .F. ) ;
#3916 = CARTESIAN_POINT ( 'NONE',  ( 77.34260239498007600, 29.03871691618007800, 790.8230934708931300 ) ) ;
#3917 = CARTESIAN_POINT ( 'NONE',  ( 471.0920357040849900, -123.8333333333341800, 855.9241926059714800 ) ) ;
#3918 = APPLICATION_PROTOCOL_DEFINITION ( 'draft international standard', 'automotive_design', 1998, #4311 ) ;
#3919 = CARTESIAN_POINT ( 'NONE',  ( 75.67905266104824600, -154.5000000032017100, 609.1078941352197900 ) ) ;
#3920 = CARTESIAN_POINT ( 'NONE',  ( 176.9597527034875100, 27.99999999999917600, 591.0726606895586900 ) ) ;
#3921 = DIRECTION ( 'NONE',  ( 0.9659258262788196200, -0.0000000000000000000, -0.2588190451407693700 ) ) ;
#3922 = LINE ( 'NONE', #3089, #693 ) ;
#3923 = EDGE_CURVE ( 'NONE', #1600, #4664, #472, .T. ) ;
#3924 = CARTESIAN_POINT ( 'NONE',  ( 204.7693187003626500, 68.99999999999917600, 593.4109074106518200 ) ) ;
#3925 = PLANE ( 'NONE',  #1562 ) ;
#3926 = CARTESIAN_POINT ( 'NONE',  ( 223.7603004906708300, -184.8899114133764100, 1038.753945834530900 ) ) ;
#3927 = LINE ( 'NONE', #99, #1574 ) ;
#3928 = CARTESIAN_POINT ( 'NONE',  ( 39.02059250676023800, -43.00000000000088800, 626.2020119235996800 ) ) ;
#3929 = CARTESIAN_POINT ( 'NONE',  ( 70.63325171948749000, 30.39137313245208100, 789.7961630729264500 ) ) ;
#3930 = CARTESIAN_POINT ( 'NONE',  ( 471.2268797739978900, -123.8333333333341700, 855.4562455224011000 ) ) ;
#3931 = DIRECTION ( 'NONE',  ( 0.0000000000000000000, 2.393918396847993000E-015, -1.000000000000000000 ) ) ;
#3932 = PRODUCT_CONTEXT ( 'NONE', #4311, 'mechanical' ) ;
#3933 = CARTESIAN_POINT ( 'NONE',  ( 289.9999999999924400, -195.4999999998595100, 1075.500000000002500 ) ) ;
#3934 = DIRECTION ( 'NONE',  ( 0.9565220583341056400, 0.0000000000000000000, 0.2916599936917742000 ) ) ;
#3935 = PLANE ( 'NONE',  #4809 ) ;
#3936 = VECTOR ( 'NONE', #4221, 1000.000000000000200 ) ;
#3937 = EDGE_CURVE ( 'NONE', #4383, #2066, #2586, .T. ) ;
#3938 = DIRECTION ( 'NONE',  ( 1.737858883903028600E-015, -1.000000000000000000, -2.389772395653982800E-015 ) ) ;
#3939 =( BOUNDED_CURVE ( )  B_SPLINE_CURVE ( 3, ( #2262, #1833, #1868, #2664 ),
 .UNSPECIFIED., .F., .F. ) 
 B_SPLINE_CURVE_WITH_KNOTS ( ( 4, 4 ),
 ( 0.0000000000000000000, 0.003277668127877011100 ),
 .UNSPECIFIED. ) 
 CURVE ( )  GEOMETRIC_REPRESENTATION_ITEM ( )  RATIONAL_B_SPLINE_CURVE ( ( 1.000000000000000000, 0.9646482515381601400, 0.9646482515381601400, 1.000000000000000000 ) ) 
 REPRESENTATION_ITEM ( '' )  );
#3940 = PLANE ( 'NONE',  #654 ) ;
#3941 = FACE_OUTER_BOUND ( 'NONE', #2735, .T. ) ;
#3942 = EDGE_LOOP ( 'NONE', ( #1818, #4877, #5000, #3670 ) ) ;
#3943 = CARTESIAN_POINT ( 'NONE',  ( 34.73057267366340300, -73.21736191599310900, 628.2024018614854400 ) ) ;
#3944 = CARTESIAN_POINT ( 'NONE',  ( 75.05688029031728100, 27.99999999999878900, 790.3321177631147500 ) ) ;
#3945 = CIRCLE ( 'NONE', #2793, 56.49999999999999300 ) ;
#3946 = AXIS2_PLACEMENT_3D ( 'NONE', #162, #4265, #2302 ) ;
#3947 = VERTEX_POINT ( 'NONE', #1642 ) ;
#3948 = FACE_OUTER_BOUND ( 'NONE', #2107, .T. ) ;
#3949 = DIRECTION ( 'NONE',  ( 0.9795889088908315000, -0.02617694830787109500, -0.1992996160441796400 ) ) ;
#3950 = CARTESIAN_POINT ( 'NONE',  ( 175.2610739254857900, -123.8333333333341200, 590.9340459773336500 ) ) ;
#3951 = CARTESIAN_POINT ( 'NONE',  ( 347.4335334820489700, 27.99999999999901900, 770.6955097086802200 ) ) ;
#3952 = CARTESIAN_POINT ( 'NONE',  ( 205.0047171529557200, -199.4972571887583400, 953.8238007789069600 ) ) ;
#3953 = EDGE_LOOP ( 'NONE', ( #1811, #2857, #2855, #1553, #2615, #1234, #5123, #960, #4164 ) ) ;
#3954 = LINE ( 'NONE', #1976, #1991 ) ;
#3955 = DIRECTION ( 'NONE',  ( -0.9965655024944827200, 0.0000000000000000000, 0.08280820755166168300 ) ) ;
#3956 = PLANE ( 'NONE',  #4935 ) ;
#3957 = DIRECTION ( 'NONE',  ( 6.049435690397999600E-016, 1.000000000000000000, 1.297305670189480400E-015 ) ) ;
#3958 = EDGE_CURVE ( 'NONE', #5101, #2588, #3508, .T. ) ;
#3959 = ORIENTED_EDGE ( 'NONE', *, *, #226, .F. ) ;
#3960 = ORIENTED_EDGE ( 'NONE', *, *, #4253, .T. ) ;
#3961 = CYLINDRICAL_SURFACE ( 'NONE', #3388, 25.00000000000002100 ) ;
#3962 = LINE ( 'NONE', #5208, #1069 ) ;
#3963 = CARTESIAN_POINT ( 'NONE',  ( 29.92824144569158300, -103.4347238319853700, 630.4416839963514600 ) ) ;
#3964 = DIRECTION ( 'NONE',  ( 0.9795889088908313900, 0.02617694830787530400, -0.1992996160441794000 ) ) ;
#3965 = B_SPLINE_SURFACE_WITH_KNOTS ( 'NONE', 3, 3, ( 
 ( #5293, #4472, #2890, #403 ),
 ( #3297, #864, #3687, #1303 ),
 ( #4091, #1717, #4488, #2124 ),
 ( #4911, #2526, #5313, #2906 ),
 ( #421, #3312, #887, #3703 ),
 ( #1315, #4110, #1737, #4501 ) ),
 .UNSPECIFIED., .F., .F., .F.,
 ( 4, 2, 4 ),
 ( 4, 4 ),
 ( 4.700308350313875400E-007, 0.5000000000000000000, 0.9999984042216227800 ),
 ( 0.0000000000000000000, 1.000000000000000000 ),
 .UNSPECIFIED. ) ;
#3966 = CARTESIAN_POINT ( 'NONE',  ( 81.99432943360533000, 28.23308678302051800, 791.9806841511717700 ) ) ;
#3967 = EDGE_LOOP ( 'NONE', ( #3237, #2053, #3093, #4866 ) ) ;
#3968 = LINE ( 'NONE', #2864, #1616 ) ;
#3969 = EDGE_CURVE ( 'NONE', #5243, #3514, #4700, .T. ) ;
#3970 = VERTEX_POINT ( 'NONE', #3241 ) ;
#3971 = CARTESIAN_POINT ( 'NONE',  ( 233.5280469670972500, -108.5000000000006800, 595.8431028425339900 ) ) ;
#3972 = CARTESIAN_POINT ( 'NONE',  ( 170.2316950835943900, -139.1666666666674800, 590.6186487626378000 ) ) ;
#3973 = ORIENTED_EDGE ( 'NONE', *, *, #820, .F. ) ;
#3974 = EDGE_LOOP ( 'NONE', ( #4642, #646, #5116, #4807 ) ) ;
#3975 = DIRECTION ( 'NONE',  ( -0.9659258262788196200, 0.0000000000000000000, 0.2588190451407693700 ) ) ;
#3976 = CARTESIAN_POINT ( 'NONE',  ( -209.0816726285626400, -69.00000000000176200, 741.8940010932589100 ) ) ;
#3977 = ORIENTED_EDGE ( 'NONE', *, *, #1578, .T. ) ;
#3978 = PLANE ( 'NONE',  #3683 ) ;
#3979 = ADVANCED_FACE ( 'NONE', ( #190 ), #2341, .T. ) ;
#3980 = CARTESIAN_POINT ( 'NONE',  ( 365.9490675730919500, -139.1666666666681400, 1039.709374357428700 ) ) ;
#3981 = CARTESIAN_POINT ( 'NONE',  ( 291.0491043604375800, -154.5000000000017300, 1050.316457661493100 ) ) ;
#3982 =( GEOMETRIC_REPRESENTATION_CONTEXT ( 3 ) GLOBAL_UNCERTAINTY_ASSIGNED_CONTEXT ( ( #2335 ) ) GLOBAL_UNIT_ASSIGNED_CONTEXT ( ( #4758, #2378, #5161 ) ) REPRESENTATION_CONTEXT ( 'NONE', 'WORKASPACE' ) );
#3983 = CARTESIAN_POINT ( 'NONE',  ( 25.15556896222500400, -133.6520857479775900, 632.6672610542031000 ) ) ;
#3984 = PLANE ( 'NONE',  #4141 ) ;
#3985 = DIRECTION ( 'NONE',  ( -0.3090169943372901900, 0.0000000000000000000, 0.9510565163073891900 ) ) ;
#3986 = LINE ( 'NONE', #2796, #763 ) ;
#3987 = CARTESIAN_POINT ( 'NONE',  ( 165.3256600219382300, -154.5000000000008500, 590.4326838911816800 ) ) ;
#3988 = CARTESIAN_POINT ( 'NONE',  ( 358.0135846799345800, -108.5000000000015600, 1052.189308186581500 ) ) ;
#3989 = DIRECTION ( 'NONE',  ( 0.03409428288807539500, 0.9991441599933631500, 0.02342066236263647800 ) ) ;
#3990 = EDGE_CURVE ( 'NONE', #4979, #4905, #1359, .T. ) ;
#3991 = DIRECTION ( 'NONE',  ( 0.0000000000000000000, 2.389772395653982800E-015, -1.000000000000000000 ) ) ;
#3992 = CARTESIAN_POINT ( 'NONE',  ( 370.8177908585668100, -154.5000000000015300, 1031.909384592002400 ) ) ;
#3993 = PRODUCT_DEFINITION_SHAPE ( 'NONE', 'NONE',  #2015 ) ;
#3994 = CARTESIAN_POINT ( 'NONE',  ( 75.67905481517244900, -151.6796374821402700, 609.1078931360117400 ) ) ;
#3995 = VECTOR ( 'NONE', #262, 1000.000000000000000 ) ;
#3996 = CARTESIAN_POINT ( 'NONE',  ( 15.86312646775314800, -43.00000000000095200, 637.0005459960581200 ) ) ;
#3997 = CARTESIAN_POINT ( 'NONE',  ( 317.4619141839293100, 28.99999997301926400, 721.9827065282540800 ) ) ;
#3998 = B_SPLINE_SURFACE_WITH_KNOTS ( 'NONE', 3, 3, ( 
 ( #4510, #5333, #915, #3732, #1345, #4128, #1764 ),
 ( #4529, #2159, #4952, #2568, #5354, #2949, #477 ),
 ( #3359, #933, #3746, #1367, #4144, #1778, #4547 ),
 ( #2179, #4967, #2578, #22, #2967, #491, #3377 ),
 ( #958, #3763, #1381, #4166, #1800, #4563, #2201 ) ),
 .UNSPECIFIED., .F., .F., .F.,
 ( 4, 1, 4 ),
 ( 4, 3, 4 ),
 ( 0.9431566556727935000, 0.9596509553584473600, 1.000000000000000000 ),
 ( 0.9939889038234895900, 1.000000000000000000, 1.000035851471110700 ),
 .UNSPECIFIED. ) ;
#3999 = EDGE_CURVE ( 'NONE', #1067, #1058, #3391, .T. ) ;
#4000 = ADVANCED_FACE ( 'NONE', ( #43, #4561, #1391 ), #3651, .T. ) ;
#4001 = FACE_OUTER_BOUND ( 'NONE', #4289, .T. ) ;
#4002 = CARTESIAN_POINT ( 'NONE',  ( 235.3035037589711200, -108.5000000000008700, 596.0138157273038400 ) ) ;
#4003 = CARTESIAN_POINT ( 'NONE',  ( 158.9878693894191300, -108.5000000000008400, 590.3709355697992600 ) ) ;
#4004 = CARTESIAN_POINT ( 'NONE',  ( 2.321558300197933600, -113.9698037385303300, 643.3150068792732600 ) ) ;
#4005 = ORIENTED_EDGE ( 'NONE', *, *, #428, .F. ) ;
#4006 = SURFACE_STYLE_FILL_AREA ( #4554 ) ;
#4007 = AXIS2_PLACEMENT_3D ( 'NONE', #3012, #2989, #2969 ) ;
#4008 = CARTESIAN_POINT ( 'NONE',  ( -194.6043943229443000, -60.33333333333497700, 722.3814827039286700 ) ) ;
#4009 = DIRECTION ( 'NONE',  ( 4.810286278357727300E-016, 1.000000000000000000, 1.795223278693896600E-015 ) ) ;
#4010 = CARTESIAN_POINT ( 'NONE',  ( 348.6141140432362100, -174.4972571887582000, 1035.932812104362000 ) ) ;
#4011 = ORIENTED_EDGE ( 'NONE', *, *, #598, .T. ) ;
#4012 = ORIENTED_EDGE ( 'NONE', *, *, #4636, .T. ) ;
#4013 = CARTESIAN_POINT ( 'NONE',  ( 373.7317073739561100, -108.5000000000012600, 1027.180496448388800 ) ) ;
#4014 = CARTESIAN_POINT ( 'NONE',  ( 205.0047171529556600, -174.4972571887573700, 953.8238007789070700 ) ) ;
#4015 = VECTOR ( 'NONE', #1958, 1000.000000000000100 ) ;
#4016 = LINE ( 'NONE', #3457, #5090 ) ;
#4017 = AXIS2_PLACEMENT_3D ( 'NONE', #4206, #2236, #5030 ) ;
#4018 = CARTESIAN_POINT ( 'NONE',  ( -7.552812479193391900, -73.21736191599325100, 647.9194880116883700 ) ) ;
#4019 = ORIENTED_EDGE ( 'NONE', *, *, #468, .F. ) ;
#4020 = CARTESIAN_POINT ( 'NONE',  ( -85.15886506780343300, -69.00000000190409800, 590.3231384792917400 ) ) ;
#4021 = ORIENTED_EDGE ( 'NONE', *, *, #2094, .F. ) ;
#4022 = VERTEX_POINT ( 'NONE', #2087 ) ;
#4023 = CARTESIAN_POINT ( 'NONE',  ( 234.7102757571799400, -108.5000000000006700, 595.9567759480335100 ) ) ;
#4024 = CARTESIAN_POINT ( 'NONE',  ( 154.3949256214198700, -123.8333333333341700, 590.4518128700245800 ) ) ;
#4025 = VECTOR ( 'NONE', #1163, 1000.000000000000100 ) ;
#4026 = CARTESIAN_POINT ( 'NONE',  ( 149.7165701618229400, -108.5000000000017300, 971.6810602430971400 ) ) ;
#4027 = ORIENTED_EDGE ( 'NONE', *, *, #5317, .T. ) ;
#4028 = PLANE ( 'NONE',  #95 ) ;
#4029 = CARTESIAN_POINT ( 'NONE',  ( 336.1265114412858000, -199.4972571887581100, 977.8379018901671300 ) ) ;
#4030 = ADVANCED_FACE ( 'NONE', ( #2212 ), #4881, .T. ) ;
#4031 = VECTOR ( 'NONE', #2152, 1000.000000000000000 ) ;
#4032 = CARTESIAN_POINT ( 'NONE',  ( 230.5852766008683500, -108.5000000000006800, 595.5823100437560200 ) ) ;
#4033 = CARTESIAN_POINT ( 'NONE',  ( 380.8238636076314400, -123.8333333333346400, 1015.517954225785300 ) ) ;
#4034 = ORIENTED_EDGE ( 'NONE', *, *, #3895, .F. ) ;
#4035 = ORIENTED_EDGE ( 'NONE', *, *, #909, .T. ) ;
#4036 = VERTEX_POINT ( 'NONE', #843 ) ;
#4037 = CARTESIAN_POINT ( 'NONE',  ( 314.3841868174017700, -198.4999999998593700, 1054.403014796946300 ) ) ;
#4038 = CARTESIAN_POINT ( 'NONE',  ( -22.61043434002192500, -103.4347238319855100, 654.9410482513088700 ) ) ;
#4039 = DIRECTION ( 'NONE',  ( -1.737858883903028800E-015, 1.000000000000000000, 2.389772395653982800E-015 ) ) ;
#4040 = ORIENTED_EDGE ( 'NONE', *, *, #462, .F. ) ;
#4041 = ORIENTED_EDGE ( 'NONE', *, *, #1844, .F. ) ;
#4042 =( BOUNDED_SURFACE ( )  B_SPLINE_SURFACE ( 3, 3, ( 
 ( #1002, #557, #986, #3813 ),
 ( #1439, #4213, #1845, #4623 ),
 ( #2244, #5039, #2647, #98 ),
 ( #3034, #574, #3440, #1022 ) ),
 .UNSPECIFIED., .F., .F., .F. ) 
 B_SPLINE_SURFACE_WITH_KNOTS ( ( 4, 4 ),
 ( 4, 4 ),
 ( 0.0000000000000000000, 1.000000000000000000 ),
 ( 0.0000000000000000000, 1.000000000000000000 ),
 .UNSPECIFIED. ) 
 GEOMETRIC_REPRESENTATION_ITEM ( )  RATIONAL_B_SPLINE_SURFACE ( (
 ( 1.000000000000000000, 1.000000000000000000, 1.000000000000000000, 1.000000000000000000),
 ( 0.9598053699371149600, 0.9598053699371149600, 0.9598053699371149600, 0.9598053699371149600),
 ( 0.9598053699371149600, 0.9598053699371149600, 0.9598053699371149600, 0.9598053699371149600),
 ( 1.000000000000000000, 1.000000000000000000, 1.000000000000000000, 1.000000000000000000) ) ) 
 REPRESENTATION_ITEM ( '' )  SURFACE ( )  );
#4043 = EDGE_CURVE ( 'NONE', #271, #3947, #4303, .T. ) ;
#4044 = CARTESIAN_POINT ( 'NONE',  ( 229.9999495005512000, -108.5000000000005700, 595.5323155529620200 ) ) ;
#4045 = CARTESIAN_POINT ( 'NONE',  ( 149.2499155919780700, -139.1666666666675100, 590.6640424021229600 ) ) ;
#4046 = CARTESIAN_POINT ( 'NONE',  ( 151.5870057416650500, -123.8333333333351300, 981.1863593927073500 ) ) ;
#4047 = CARTESIAN_POINT ( 'NONE',  ( -197.7803432427677400, -69.00000000000166300, 722.8701967020315400 ) ) ;
#4048 = DIRECTION ( 'NONE',  ( -1.737858883903028800E-015, 1.000000000000000000, 2.389772395653982800E-015 ) ) ;
#4049 = DIRECTION ( 'NONE',  ( 3.959698384589041100E-011, -0.0000000000000000000, 1.000000000000000000 ) ) ;
#4050 = CARTESIAN_POINT ( 'NONE',  ( 130.2334627276492500, 27.99999999999928900, 592.6275745848619200 ) ) ;
#4051 = AXIS2_PLACEMENT_3D ( 'NONE', #1450, #2657, #107 ) ;
#4052 = DIRECTION ( 'NONE',  ( 1.737858883903028800E-015, -1.000000000000000000, -2.389772395653982800E-015 ) ) ;
#4053 = LINE ( 'NONE', #4286, #2993 ) ;
#4054 = AXIS2_PLACEMENT_3D ( 'NONE', #1542, #4307, #1962 ) ;
#4055 = CARTESIAN_POINT ( 'NONE',  ( 80.08294744629188200, 27.85965371134759000, 791.4284452525807900 ) ) ;
#4056 = CARTESIAN_POINT ( 'NONE',  ( -30.88818122052572300, -133.6520857479777600, 658.8009381622027800 ) ) ;
#4057 = B_SPLINE_SURFACE_WITH_KNOTS ( 'NONE', 3, 3, ( 
 ( #1028, #5066, #115, #3056 ),
 ( #602, #3456, #1047, #3854 ),
 ( #1476, #4244, #1894, #4670 ),
 ( #2279, #5079, #2684, #138 ),
 ( #3068, #621, #3474, #1062 ),
 ( #3868, #1497, #4261, #1911 ) ),
 .UNSPECIFIED., .F., .F., .F.,
 ( 4, 1, 1, 4 ),
 ( 4, 4 ),
 ( 0.0000000000000000000, 0.3357247393149194200, 0.6690571772787973200, 1.000000000000000000 ),
 ( 0.0000000000000000000, 1.000000000000000000 ),
 .UNSPECIFIED. ) ;
#4058 = ADVANCED_FACE ( 'NONE', ( #1124 ), #3131, .T. ) ;
#4059 = DIRECTION ( 'NONE',  ( -2.117227527313366500E-016, 1.000000000000000000, 2.518090931982620100E-015 ) ) ;
#4060 = CARTESIAN_POINT ( 'NONE',  ( 139.5725109881392100, -154.5000000000008800, 591.4265559115558500 ) ) ;
#4061 = CARTESIAN_POINT ( 'NONE',  ( 152.5397445070738100, -139.1666666666684500, 985.9261689831117800 ) ) ;
#4062 = EDGE_CURVE ( 'NONE', #1434, #4876, #3262, .T. ) ;
#4063 = CARTESIAN_POINT ( 'NONE',  ( 74.05489663624256000, 29.88139921555062300, 790.2339060609962200 ) ) ;
#4064 = CARTESIAN_POINT ( 'NONE',  ( 150.3343170477660600, -154.4999999999992300, 974.8536936399656300 ) ) ;
#4065 = CARTESIAN_POINT ( 'NONE',  ( 231.7601572311608900, -108.5000000000006800, 595.6826600169922600 ) ) ;
#4066 = CARTESIAN_POINT ( 'NONE',  ( 228.8962870086456300, 27.99999999999886300, 836.6640326308808000 ) ) ;
#4067 = LINE ( 'NONE', #2217, #1258 ) ;
#4068 = CARTESIAN_POINT ( 'NONE',  ( 299.9999999999906800, 839.0046633176074200, 800.0000000000048900 ) ) ;
#4069 = CARTESIAN_POINT ( 'NONE',  ( 81.35725962423674700, 27.93152719423179100, 791.8063098066134000 ) ) ;
#4070 = CARTESIAN_POINT ( 'NONE',  ( -40.56183656843256800, -43.00000000000110800, 663.3118668549411700 ) ) ;
#4071 = CARTESIAN_POINT ( 'NONE',  ( -16.50375672639737300, -43.00000000000248000, 652.0934441072660100 ) ) ;
#4072 = B_SPLINE_SURFACE_WITH_KNOTS ( 'NONE', 3, 3, ( 
 ( #2264, #5094, #1084, #3885, #1512, #4284, #1927 ),
 ( #70, #2242, #5037, #2644, #96, #3032, #572 ),
 ( #3437, #1021, #3830, #1453, #4228, #1865, #4639 ),
 ( #2260, #5059, #2662, #111, #3053, #594, #3450 ),
 ( #1042, #3848, #1469, #4241, #1890, #4661, #2273 ),
 ( #5075, #2678, #131, #3064, #618, #3466, #1056 ),
 ( #3863, #1490, #4255, #1907, #4683, #2293, #5088 ),
 ( #2693, #151, #3081, #632, #3490, #1076, #3881 ),
 ( #1508, #4277, #1921, #4692, #2316, #5104, #2706 ),
 ( #174, #3103, #650, #3501, #1101, #3896, #1523 ),
 ( #4292, #1940, #4710, #2331, #5124, #2724, #191 ),
 ( #3118, #673, #3516, #1115, #3916, #1539, #4305 ) ),
 .UNSPECIFIED., .F., .F., .F.,
 ( 4, 1, 1, 1, 2, 2, 1, 4 ),
 ( 4, 3, 4 ),
 ( 0.5274130722575023400, 0.6242630895856092800, 0.6890509195824873200, 0.7494165255122137200, 0.7500000000000000000, 0.7568843937316094300, 0.8145452137800430800, 0.8442591276240770700 ),
 ( 0.9754907899912219600, 1.000000000000000000, 1.000165667799489700 ),
 .UNSPECIFIED. ) ;
#4073 = VECTOR ( 'NONE', #2489, 1000.000000000000000 ) ;
#4074 = EDGE_CURVE ( 'NONE', #206, #3209, #4192, .T. ) ;
#4075 = ORIENTED_EDGE ( 'NONE', *, *, #4688, .T. ) ;
#4076 = CIRCLE ( 'NONE', #878, 62.09631117132163800 ) ;
#4077 = CARTESIAN_POINT ( 'NONE',  ( 126.7219423757642600, -108.5000000000008800, 593.1813926210516000 ) ) ;
#4078 = CARTESIAN_POINT ( 'NONE',  ( 154.1385372764644900, -154.5000000000018200, 993.7324924846864200 ) ) ;
#4079 = ORIENTED_EDGE ( 'NONE', *, *, #4194, .F. ) ;
#4080 = AXIS2_PLACEMENT_3D ( 'NONE', #4832, #329, #3234 ) ;
#4081 = UNCERTAINTY_MEASURE_WITH_UNIT (LENGTH_MEASURE( 1.000000000000000100E-005 ), #4211, 'distance_accuracy_value', 'NONE');
#4082 = VECTOR ( 'NONE', #1840, 1000.000000000000100 ) ;
#4083 = ADVANCED_FACE ( 'NONE', ( #2093 ), #642, .F. ) ;
#4084 = AXIS2_PLACEMENT_3D ( 'NONE', #4086, #1712, #4484 ) ;
#4085 = CARTESIAN_POINT ( 'NONE',  ( -174.2543743728414800, -51.66666666666825600, 725.6537652020888300 ) ) ;
#4086 = CARTESIAN_POINT ( 'NONE',  ( 299.9999999999923800, -162.5000000000011100, 800.0000000000025000 ) ) ;
#4087 = EDGE_LOOP ( 'NONE', ( #1356, #2120, #1264, #816 ) ) ;
#4088 = FACE_BOUND ( 'NONE', #4150, .T. ) ;
#4089 = CARTESIAN_POINT ( 'NONE',  ( 82.64661457445737400, 29.00128586209345400, 792.1340875677267400 ) ) ;
#4090 = CARTESIAN_POINT ( 'NONE',  ( -45.35363362018847500, -73.21736191599337900, 665.5463626410605700 ) ) ;
#4091 = CARTESIAN_POINT ( 'NONE',  ( 219.6189667298462500, 27.99999999999926100, 596.1934156970196500 ) ) ;
#4092 = ORIENTED_EDGE ( 'NONE', *, *, #334, .F. ) ;
#4093 = VERTEX_POINT ( 'NONE', #5011 ) ;
#4094 = DIRECTION ( 'NONE',  ( -1.737858883903028800E-015, 1.000000000000000000, 2.389772395653982800E-015 ) ) ;
#4096 = EDGE_CURVE ( 'NONE', #52, #881, #4067, .T. ) ;
#4095 = CARTESIAN_POINT ( 'NONE',  ( 226.7314714267134000, 68.99999999999937500, 598.9335365589145100 ) ) ;
#4097 = VERTEX_POINT ( 'NONE', #2622 ) ;
#4098 = DIRECTION ( 'NONE',  ( 4.810286278357727300E-016, 1.000000000000000000, 1.795223278693896600E-015 ) ) ;
#4099 = VECTOR ( 'NONE', #3370, 1000.000000000000000 ) ;
#4100 = CARTESIAN_POINT ( 'NONE',  ( 292.7785231117849800, -174.4972571887581700, 980.7829377839046900 ) ) ;
#4101 = ORIENTED_EDGE ( 'NONE', *, *, #4826, .T. ) ;
#4102 = EDGE_LOOP ( 'NONE', ( #2965, #1989, #4914, #4708 ) ) ;
#4103 = CARTESIAN_POINT ( 'NONE',  ( 299.9999999999925000, -200.4999999998591700, 800.0000000000022700 ) ) ;
#4104 = ORIENTED_EDGE ( 'NONE', *, *, #54, .T. ) ;
#4105 = CARTESIAN_POINT ( 'NONE',  ( 71.48927693510125900, -43.00000000000089500, 611.0616546648125200 ) ) ;
#4106 = EDGE_CURVE ( 'NONE', #3947, #2062, #3006, .T. ) ;
#4107 = ORIENTED_EDGE ( 'NONE', *, *, #45, .F. ) ;
#4108 = CARTESIAN_POINT ( 'NONE',  ( 83.83493620874853000, 31.08021223034998600, 792.3763837150182800 ) ) ;
#4109 = DIRECTION ( 'NONE',  ( -1.000000000000000000, -1.751526314214299000E-015, -1.436251577655725300E-014 ) ) ;
#4110 = CARTESIAN_POINT ( 'NONE',  ( 204.7693187003626500, 41.66666666666592500, 593.4109074106518200 ) ) ;
#4111 = ADVANCED_FACE ( 'NONE', ( #988, #1970 ), #1431, .F. ) ;
#4112 = SHAPE_DEFINITION_REPRESENTATION ( #3993, #3472 ) ;
#4113 = CARTESIAN_POINT ( 'NONE',  ( 235.3035037589694700, 839.0046633176074200, 596.0138157273060000 ) ) ;
#4114 = CARTESIAN_POINT ( 'NONE',  ( 317.3959486137843000, 27.99999999999924700, 722.0753571858043600 ) ) ;
#4115 = DIRECTION ( 'NONE',  ( -0.9081431738416595500, 0.0000000000000000000, -0.4186597375014671200 ) ) ;
#4116 = ORIENTED_EDGE ( 'NONE', *, *, #1888, .T. ) ;
#4117 = VECTOR ( 'NONE', #3121, 1000.000000000000000 ) ;
#4118 = CARTESIAN_POINT ( 'NONE',  ( 120.7202068672278600, -123.8333333344010500, 594.3035751471819600 ) ) ;
#4119 = DIRECTION ( 'NONE',  ( 0.4571861734082953700, 0.8893710152935501200, -1.810106812871095100E-011 ) ) ;
#4120 = CARTESIAN_POINT ( 'NONE',  ( 65.18098481774208600, -79.44390510206572700, 614.0033642424597200 ) ) ;
#4121 = CARTESIAN_POINT ( 'NONE',  ( 129.8247752253181500, -108.5000000000009200, 592.6819191157405800 ) ) ;
#4122 = CARTESIAN_POINT ( 'NONE',  ( 176.9597527035030600, 68.99999999999920400, 591.0726606893979400 ) ) ;
#4123 = CARTESIAN_POINT ( 'NONE',  ( -173.3165224756197100, 68.99999999999818100, 725.2164376801541700 ) ) ;
#4124 = CARTESIAN_POINT ( 'NONE',  ( -200.0000000000078400, -43.00000000000176200, 770.0000000198014000 ) ) ;
#4125 = VECTOR ( 'NONE', #1567, 1000.000000000000100 ) ;
#4126 = EDGE_CURVE ( 'NONE', #644, #4227, #3878, .T. ) ;
#4127 = CARTESIAN_POINT ( 'NONE',  ( 116.3218295843898300, -139.1666666688013800, 595.2408312412751500 ) ) ;
#4128 = CARTESIAN_POINT ( 'NONE',  ( 80.70790579585607800, 28.40862362229975700, 791.6239062792765300 ) ) ;
#4129 = ADVANCED_FACE ( 'NONE', ( #5021 ), #2234, .F. ) ;
#4130 = ORIENTED_EDGE ( 'NONE', *, *, #2575, .F. ) ;
#4131 = CARTESIAN_POINT ( 'NONE',  ( 58.83686441834765900, -115.8878102041305900, 616.9617263242619200 ) ) ;
#4132 = FACE_OUTER_BOUND ( 'NONE', #2783, .T. ) ;
#4133 = CARTESIAN_POINT ( 'NONE',  ( 160.5498158199089300, -108.5000000000008700, 590.3674850747161100 ) ) ;
#4134 = VERTEX_POINT ( 'NONE', #86 ) ;
#4135 = CARTESIAN_POINT ( 'NONE',  ( 283.7383055296290300, 30.99999999999969400, 853.3315154742534800 ) ) ;
#4136 = LINE ( 'NONE', #702, #787 ) ;
#4137 = EDGE_CURVE ( 'NONE', #1225, #1164, #4170, .T. ) ;
#4138 = ORIENTED_EDGE ( 'NONE', *, *, #2028, .T. ) ;
#4139 = CARTESIAN_POINT ( 'NONE',  ( 72.93157166579206300, 30.21836651558597700, 790.0755428352169900 ) ) ;
#4140 = DIRECTION ( 'NONE',  ( 0.0000000000000000000, -2.930302242371429800E-015, 1.000000000000000000 ) ) ;
#4141 = AXIS2_PLACEMENT_3D ( 'NONE', #5206, #767, #3605 ) ;
#4142 = EDGE_LOOP ( 'NONE', ( #5279, #2009, #295, #1817 ) ) ;
#4143 = CARTESIAN_POINT ( 'NONE',  ( 111.9779450274368900, -154.5000000032016200, 596.2688266654952300 ) ) ;
#4144 = CARTESIAN_POINT ( 'NONE',  ( 81.53822027158381000, 28.29009535465386400, 791.8501124355932500 ) ) ;
#4145 = CYLINDRICAL_SURFACE ( 'NONE', #1418, 74.99999999999995700 ) ;
#4147 =( NAMED_UNIT ( * ) SI_UNIT ( $, .STERADIAN. ) SOLID_ANGLE_UNIT ( ) );
#4146 = AXIS2_PLACEMENT_3D ( 'NONE', #4543, #2174, #4961 ) ;
#4148 = CARTESIAN_POINT ( 'NONE',  ( 46.06099149258463400, -43.00000000000226000, 622.9190228791992500 ) ) ;
#4149 = CARTESIAN_POINT ( 'NONE',  ( 52.45332810537166800, -152.3317153061954100, 619.9383774236695200 ) ) ;
#4150 = EDGE_LOOP ( 'NONE', ( #3526, #1323 ) ) ;
#4151 = CARTESIAN_POINT ( 'NONE',  ( 66.74287930249707300, 31.43908654378381600, 789.6390421228865100 ) ) ;
#4152 = LINE ( 'NONE', #2243, #4031 ) ;
#4153 = CARTESIAN_POINT ( 'NONE',  ( 228.9326879027834100, 28.99999999999917600, 836.6203419555175700 ) ) ;
#4154 = CARTESIAN_POINT ( 'NONE',  ( 159.2312392569332100, -154.5000000000018800, 1017.138617408112300 ) ) ;
#4155 = ORIENTED_EDGE ( 'NONE', *, *, #1992, .F. ) ;
#4156 = VERTEX_POINT ( 'NONE', #1033 ) ;
#4157 = ADVANCED_FACE ( 'NONE', ( #2886 ), #5048, .F. ) ;
#4158 = ORIENTED_EDGE ( 'NONE', *, *, #5016, .T. ) ;
#4159 = SURFACE_STYLE_USAGE ( .BOTH. , #4184 ) ;
#4161 = EDGE_CURVE ( 'NONE', #1919, #1142, #708, .T. ) ;
#4160 = CARTESIAN_POINT ( 'NONE',  ( 70.64118936117958500, 30.97098190848684900, 789.8200218365340100 ) ) ;
#4162 = SURFACE_SIDE_STYLE ('',( #982 ) ) ;
#4163 = ORIENTED_EDGE ( 'NONE', *, *, #345, .T. ) ;
#4164 = ORIENTED_EDGE ( 'NONE', *, *, #3902, .F. ) ;
#4165 = CARTESIAN_POINT ( 'NONE',  ( 106.2751262208143100, -108.5000000000008400, 597.7753237106017000 ) ) ;
#4166 = CARTESIAN_POINT ( 'NONE',  ( 82.63412633666212100, 28.17102281021263400, 792.1757692086208600 ) ) ;
#4167 = CARTESIAN_POINT ( 'NONE',  ( -132.3785036803142800, 42.99999999999763400, 590.3231384911370000 ) ) ;
#4168 = CARTESIAN_POINT ( 'NONE',  ( 39.55802175423760000, -43.00000000000149900, 625.9514074692540400 ) ) ;
#4169 = CARTESIAN_POINT ( 'NONE',  ( 43.87492226066871100, -43.00000000000098100, 623.9384306695644700 ) ) ;
#4170 =( BOUNDED_CURVE ( )  B_SPLINE_CURVE ( 3, ( #4630, #1012, #2652, #104 ),
 .UNSPECIFIED., .F., .T. ) 
 B_SPLINE_CURVE_WITH_KNOTS ( ( 4, 4 ),
 ( 0.0000000000000000000, 0.003499808185489247700 ),
 .UNSPECIFIED. ) 
 CURVE ( )  GEOMETRIC_REPRESENTATION_ITEM ( )  RATIONAL_B_SPLINE_CURVE ( ( 1.000000000000000000, 0.9598053699371149600, 0.9598053699371149600, 1.000000000000000000 ) ) 
 REPRESENTATION_ITEM ( '' )  );
#4171 = EDGE_CURVE ( 'NONE', #2736, #601, #848, .T. ) ;
#4172 = CARTESIAN_POINT ( 'NONE',  ( 74.05296458499722700, 29.60551766714385700, 790.2482356943353400 ) ) ;
#4173 = SURFACE_STYLE_USAGE ( .BOTH. , #1389 ) ;
#4174 = CARTESIAN_POINT ( 'NONE',  ( 317.4948969669833300, 27.99999999999914400, 721.9363812002421800 ) ) ;
#4175 = DIRECTION ( 'NONE',  ( 0.0000000000000000000, 2.389772395653982800E-015, -1.000000000000000000 ) ) ;
#4176 = VECTOR ( 'NONE', #1458, 1000.000000000000100 ) ;
#4177 = B_SPLINE_CURVE_WITH_KNOTS ( 'NONE', 3,
 ( #1843, #1996, #1936, #1866 ),
 .UNSPECIFIED., .F., .F.,
 ( 4, 4 ),
 ( 0.0000000000000000000, 0.03524265032400190200 ),
 .UNSPECIFIED. ) ;
#4178 = AXIS2_PLACEMENT_3D ( 'NONE', #5029, #2641, #89 ) ;
#4179 = DIRECTION ( 'NONE',  ( 1.737858883903028800E-015, -1.000000000000000000, -2.389772395653982800E-015 ) ) ;
#4180 = CARTESIAN_POINT ( 'NONE',  ( 68.86076323551928600, 31.60449942913685800, 789.6826378400327300 ) ) ;
#4181 = CARTESIAN_POINT ( 'NONE',  ( 245.2326640286215400, -184.8899114133764100, 972.6688060606344400 ) ) ;
#4182 = CARTESIAN_POINT ( 'NONE',  ( 102.0678257584715700, -123.8333333344010900, 599.0032188589594900 ) ) ;
#4183 = ADVANCED_FACE ( 'NONE', ( #3815 ), #2268, .T. ) ;
#4184 = SURFACE_SIDE_STYLE ('',( #5017 ) ) ;
#4185 = DIRECTION ( 'NONE',  ( 0.0000000000000000000, -2.389772395653985900E-015, 1.000000000000000000 ) ) ;
#4186 = COLOUR_RGB ( '',0.2901960784313725200, 0.3294117647058823500, 0.3490196078431372400 ) ;
#4187 = CARTESIAN_POINT ( 'NONE',  ( 39.55802175433751700, -79.44390510206581300, 625.9514074692074200 ) ) ;
#4188 = VECTOR ( 'NONE', #4338, 1000.000000000000000 ) ;
#4189 = CARTESIAN_POINT ( 'NONE',  ( 66.74357711801249600, 33.49541613815677000, 789.5312767140233100 ) ) ;
#4190 = PLANE ( 'NONE',  #3493 ) ;
#4191 = CARTESIAN_POINT ( 'NONE',  ( 348.6141140432362100, -174.4972571887581700, 1035.932812104362000 ) ) ;
#4192 = CIRCLE ( 'NONE', #4084, 137.4999999999999400 ) ;
#4193 = CARTESIAN_POINT ( 'NONE',  ( 162.4999999999923800, -154.5000000000013400, 800.0000000054470800 ) ) ;
#4194 = EDGE_CURVE ( 'NONE', #2127, #1600, #4864, .T. ) ;
#4195 = LINE ( 'NONE', #5188, #5148 ) ;
#4196 = CARTESIAN_POINT ( 'NONE',  ( 81.16554768876599700, -154.5000000000015300, 606.6493729310914200 ) ) ;
#4197 = ORIENTED_EDGE ( 'NONE', *, *, #2358, .F. ) ;
#4198 = CARTESIAN_POINT ( 'NONE',  ( 96.58171677884499200, -139.1666666688013800, 600.7511989186455100 ) ) ;
#4199 = CIRCLE ( 'NONE', #579, 272.4494525748386300 ) ;
#4200 = DIRECTION ( 'NONE',  ( 0.9063077870199147700, 0.0000000000000000000, -0.4226182617765882900 ) ) ;
#4201 =( NAMED_UNIT ( * ) PLANE_ANGLE_UNIT ( ) SI_UNIT ( $, .RADIAN. ) );
#4202 = CARTESIAN_POINT ( 'NONE',  ( 176.9597527035187200, 55.33333333333251900, 591.0726606892370700 ) ) ;
#4203 = ORIENTED_EDGE ( 'NONE', *, *, #4399, .T. ) ;
#4204 = FACE_OUTER_BOUND ( 'NONE', #4287, .T. ) ;
#4205 = CARTESIAN_POINT ( 'NONE',  ( 49.31249915871890700, 27.99999999999808200, 621.4028199537745000 ) ) ;
#4206 = CARTESIAN_POINT ( 'NONE',  ( -132.3785036803144500, 42.99999999999866400, 590.3231384911372300 ) ) ;
#4207 = CARTESIAN_POINT ( 'NONE',  ( 316.0024934326602900, -136.0000000000026700, 1056.090034801033400 ) ) ;
#4208 = ORIENTED_EDGE ( 'NONE', *, *, #145, .T. ) ;
#4209 = EDGE_CURVE ( 'NONE', #1655, #423, #2763, .T. ) ;
#4210 = VECTOR ( 'NONE', #1709, 1000.000000000000100 ) ;
#4211 =( LENGTH_UNIT ( ) NAMED_UNIT ( * ) SI_UNIT ( .MILLI., .METRE. ) );
#4212 = VERTEX_POINT ( 'NONE', #2689 ) ;
#4213 = CARTESIAN_POINT ( 'NONE',  ( -207.1647672749908500, -51.66666666666837700, 740.5513765705120500 ) ) ;
#4214 = CARTESIAN_POINT ( 'NONE',  ( 82.26288789000948000, 27.99999999999897700, 792.0555943428444200 ) ) ;
#4215 = AXIS2_PLACEMENT_3D ( 'NONE', #2431, #2819, #312 ) ;
#4216 = CARTESIAN_POINT ( 'NONE',  ( 88.56487657643828000, -154.5000000032016800, 603.6326207290887900 ) ) ;
#4217 = EDGE_LOOP ( 'NONE', ( #1420, #3079 ) ) ;
#4218 = DIRECTION ( 'NONE',  ( -0.03489949666292901200, 0.0000000000000000000, 0.9993908270204775500 ) ) ;
#4219 = AXIS2_PLACEMENT_3D ( 'NONE', #2322, #2711, #180 ) ;
#4220 = CARTESIAN_POINT ( 'NONE',  ( 161.5243879421003600, 68.99999999999917600, 590.3364631046705400 ) ) ;
#4221 = DIRECTION ( 'NONE',  ( -0.03577930570470948300, -0.9990487776442201800, 0.02492751834576299400 ) ) ;
#4222 = ORIENTED_EDGE ( 'NONE', *, *, #3335, .T. ) ;
#4223 = DIRECTION ( 'NONE',  ( 4.810286278357727300E-016, 1.000000000000000000, 1.795223278693896600E-015 ) ) ;
#4224 = ORIENTED_EDGE ( 'NONE', *, *, #3662, .F. ) ;
#4225 = CARTESIAN_POINT ( 'NONE',  ( -198.7651922727978900, -43.00000000000162700, 723.3828766568829000 ) ) ;
#4226 = DIRECTION ( 'NONE',  ( 0.0000000000000000000, 2.405483220021173800E-015, -1.000000000000000000 ) ) ;
#4227 = VERTEX_POINT ( 'NONE', #4686 ) ;
#4228 = CARTESIAN_POINT ( 'NONE',  ( 69.60183731205904700, 31.31775366432214400, 789.7127168347883500 ) ) ;
#4229 = CARTESIAN_POINT ( 'NONE',  ( 299.9999999999923300, -108.5000000000011200, 800.0000000000026100 ) ) ;
#4230 = EDGE_CURVE ( 'NONE', #4904, #213, #567, .T. ) ;
#4231 = CARTESIAN_POINT ( 'NONE',  ( 289.9999999999924400, -195.4999999998595100, 1080.500000000002500 ) ) ;
#4232 = FILL_AREA_STYLE ('',( #4330 ) ) ;
#4233 = CARTESIAN_POINT ( 'NONE',  ( 138.1361606636832600, 27.99999999999911900, 591.5515098504378100 ) ) ;
#4234 = DIRECTION ( 'NONE',  ( -0.9848077530190851900, -1.296477281069954100E-015, -0.1736481776279284200 ) ) ;
#4235 = FACE_OUTER_BOUND ( 'NONE', #3760, .T. ) ;
#4236 = B_SPLINE_CURVE_WITH_KNOTS ( 'NONE', 3,
 ( #1788, #1648, #1705, #1741, #1626, #1670, #1654, #1640, #1618, #1690, #1634, #1605, #1585, #1579 ),
 .UNSPECIFIED., .F., .F.,
 ( 4, 2, 2, 2, 2, 2, 4 ),
 ( 0.0000000000000000000, 0.009450699706807895100, 0.01890139941361579400, 0.02126407434031774000, 0.02362674926701968000, 0.02835209912042358600, 0.03780279882723147600 ),
 .UNSPECIFIED. ) ;
#4237 = EDGE_CURVE ( 'NONE', #4341, #5244, #4897, .T. ) ;
#4238 = DIRECTION ( 'NONE',  ( 0.0000000000000000000, 2.220446049250314300E-015, -1.000000000000000000 ) ) ;
#4239 = DIRECTION ( 'NONE',  ( -0.3089111019312022500, -0.02617694830787544200, 0.9507306129924171200 ) ) ;
#4240 = CARTESIAN_POINT ( 'NONE',  ( -200.0000000000076700, -127.8528137423874100, 770.0000000198011800 ) ) ;
#4241 = CARTESIAN_POINT ( 'NONE',  ( 73.46397791601111700, 30.05137536677054300, 790.1440946764388400 ) ) ;
#4242 = PLANE ( 'NONE',  #4365 ) ;
#4243 = DIRECTION ( 'NONE',  ( 0.9964838533888339400, 0.0000000000000000000, 0.08378502214203192900 ) ) ;
#4244 = CARTESIAN_POINT ( 'NONE',  ( 233.5280469670972800, -123.8333333333339800, 595.8431028425339900 ) ) ;
#4245 = CARTESIAN_POINT ( 'NONE',  ( 293.0786451250111800, -169.1037131775968000, 977.5853994089064800 ) ) ;
#4246 = DIRECTION ( 'NONE',  ( -0.2916599936917747000, -2.792733921957326000E-015, 0.9565220583341055300 ) ) ;
#4247 = LINE ( 'NONE', #4757, #1055 ) ;
#4248 = DIRECTION ( 'NONE',  ( 0.0000000000000000000, -3.686575033302438500E-015, 1.000000000000000000 ) ) ;
#4249 = DIRECTION ( 'NONE',  ( -0.3089111019312024100, 0.02617694830787098100, 0.9507306129924172300 ) ) ;
#4250 = ORIENTED_EDGE ( 'NONE', *, *, #483, .F. ) ;
#4251 = CARTESIAN_POINT ( 'NONE',  ( 229.9999495005517900, 839.0046633176074200, 595.5323155529555400 ) ) ;
#4252 = LINE ( 'NONE', #4945, #2150 ) ;
#4253 = EDGE_CURVE ( 'NONE', #4839, #4905, #1711, .T. ) ;
#4254 = ORIENTED_EDGE ( 'NONE', *, *, #1895, .T. ) ;
#4255 = CARTESIAN_POINT ( 'NONE',  ( 74.21947649205759500, 29.30081081248761200, 790.2383635019169800 ) ) ;
#4256 = CARTESIAN_POINT ( 'NONE',  ( 84.73285611116080000, 27.91204054434669500, 792.8113120401012600 ) ) ;
#4257 = LINE ( 'NONE', #3875, #3205 ) ;
#4258 = DIRECTION ( 'NONE',  ( -4.153087188293503300E-030, 1.000000000000000000, 2.389772395653985900E-015 ) ) ;
#4259 = LINE ( 'NONE', #4167, #3323 ) ;
#4260 = ORIENTED_EDGE ( 'NONE', *, *, #2383, .F. ) ;
#4261 = CARTESIAN_POINT ( 'NONE',  ( 229.9999495005508800, -139.1666666666674000, 595.5323155529654300 ) ) ;
#4262 = VECTOR ( 'NONE', #4734, 1000.000000000000000 ) ;
#4263 = EDGE_CURVE ( 'NONE', #570, #1284, #3689, .T. ) ;
#4264 = DIRECTION ( 'NONE',  ( -1.737858883903028800E-015, 1.000000000000000000, 2.389772395653982800E-015 ) ) ;
#4265 = DIRECTION ( 'NONE',  ( 1.737858883903028800E-015, -1.000000000000000000, -2.389772395653982800E-015 ) ) ;
#4266 = CARTESIAN_POINT ( 'NONE',  ( 81.16554768895024100, -154.5000000000019900, 800.0000000198009500 ) ) ;
#4267 = CARTESIAN_POINT ( 'NONE',  ( 75.67905481517244900, -151.6796374821402700, 609.1078931360117400 ) ) ;
#4268 = ORIENTED_EDGE ( 'NONE', *, *, #3705, .T. ) ;
#4269 = CARTESIAN_POINT ( 'NONE',  ( 265.1951919267641000, -154.5000000000022500, 1073.444755890269600 ) ) ;
#4270 = VECTOR ( 'NONE', #1884, 1000.000000000000100 ) ;
#4271 = DIRECTION ( 'NONE',  ( -0.8762970608289067900, -1.708611887086603200E-015, 0.4817711709749965000 ) ) ;
#4272 = DIRECTION ( 'NONE',  ( -1.737858883903028800E-015, 1.000000000000000000, 2.389772395653982800E-015 ) ) ;
#4273 = PRESENTATION_LAYER_ASSIGNMENT (  '', '', ( #3741 ) ) ;
#4274 = ORIENTED_EDGE ( 'NONE', *, *, #675, .F. ) ;
#4275 = ORIENTED_EDGE ( 'NONE', *, *, #4477, .T. ) ;
#4276 = LINE ( 'NONE', #2346, #3102 ) ;
#4277 = CARTESIAN_POINT ( 'NONE',  ( 75.01131421747834300, 28.53589772241707600, 790.3409761572306700 ) ) ;
#4278 = CARTESIAN_POINT ( 'NONE',  ( 86.10704627643801200, 27.94260477453679700, 793.2325241571439800 ) ) ;
#4279 = ORIENTED_EDGE ( 'NONE', *, *, #3628, .F. ) ;
#4280 = CARTESIAN_POINT ( 'NONE',  ( 199.4723302268760700, -198.4999999998594300, 1034.140954081426300 ) ) ;
#4281 = EDGE_LOOP ( 'NONE', ( #158, #5050 ) ) ;
#4282 = ORIENTED_EDGE ( 'NONE', *, *, #4354, .F. ) ;
#4283 = VERTEX_POINT ( 'NONE', #184 ) ;
#4284 = CARTESIAN_POINT ( 'NONE',  ( 66.75968973622582300, 32.40028369626375600, 789.5893043057659500 ) ) ;
#4285 = CARTESIAN_POINT ( 'NONE',  ( 299.9999999999923800, -154.5000000000010800, 800.0000000000026100 ) ) ;
#4286 = CARTESIAN_POINT ( 'NONE',  ( 245.2326640286215400, -184.8899114133759800, 972.6688060606344400 ) ) ;
#4287 = EDGE_LOOP ( 'NONE', ( #3720, #3463, #5294 ) ) ;
#4288 = ORIENTED_EDGE ( 'NONE', *, *, #1686, .T. ) ;
#4289 = EDGE_LOOP ( 'NONE', ( #229, #1190, #5042, #3469, #3046, #4792, #2300, #801, #4566, #1885, #4012, #4282 ) ) ;
#4290 = CARTESIAN_POINT ( 'NONE',  ( 186.9360357044692200, 27.99999999999921100, 591.9114661042635800 ) ) ;
#4291 = CARTESIAN_POINT ( 'NONE',  ( 88.56487657643828000, -154.5000000000016800, 603.6326207290887900 ) ) ;
#4292 = CARTESIAN_POINT ( 'NONE',  ( 76.98412691240267200, 27.48291130416939200, 790.6863787884574300 ) ) ;
#4293 = FACE_OUTER_BOUND ( 'NONE', #3358, .T. ) ;
#4294 = CARTESIAN_POINT ( 'NONE',  ( 226.7314714267134500, 27.99999999999928200, 598.9335365589145100 ) ) ;
#4295 = DIRECTION ( 'NONE',  ( 0.0000000000000000000, 2.416585094908966000E-015, -1.000000000000000000 ) ) ;
#4296 = CARTESIAN_POINT ( 'NONE',  ( 0.0000000000000000000, 0.0000000000000000000, 0.0000000000000000000 ) ) ;
#4297 = CARTESIAN_POINT ( 'NONE',  ( 78.20684702511468300, -108.5000000000008800, 607.9415112261392600 ) ) ;
#4298 = CARTESIAN_POINT ( 'NONE',  ( 182.1234563054804300, 41.66666666666590400, 591.5067997858071700 ) ) ;
#4299 = DIRECTION ( 'NONE',  ( 8.335104759153705000E-017, 1.000000000000000000, 2.910682716535361200E-018 ) ) ;
#4300 = EDGE_CURVE ( 'NONE', #155, #541, #4634, .T. ) ;
#4301 = CARTESIAN_POINT ( 'NONE',  ( 111.9779450274368900, -154.5000000000016200, 596.2688266654952300 ) ) ;
#4302 = CARTESIAN_POINT ( 'NONE',  ( 299.9999999999923800, -154.5000000000012800, 875.0000000000023900 ) ) ;
#4303 = CIRCLE ( 'NONE', #3290, 30.00000000000002800 ) ;
#4304 = AXIS2_PLACEMENT_3D ( 'NONE', #4679, #2288, #5083 ) ;
#4305 = CARTESIAN_POINT ( 'NONE',  ( 77.34269203067651700, 29.04606890158172000, 790.8233925713735700 ) ) ;
#4306 = CARTESIAN_POINT ( 'NONE',  ( 66.82159598382828800, 32.37017407900301400, 789.5907821544144600 ) ) ;
#4307 = DIRECTION ( 'NONE',  ( -1.737858883903029000E-015, 1.000000000000000000, 2.389772395653983200E-015 ) ) ;
#4308 = AXIS2_PLACEMENT_3D ( 'NONE', #1943, #4713, #5127 ) ;
#4309 = ORIENTED_EDGE ( 'NONE', *, *, #239, .F. ) ;
#4310 = LINE ( 'NONE', #2673, #3398 ) ;
#4311 = APPLICATION_CONTEXT ( 'automotive_design' ) ;
#4312 = CARTESIAN_POINT ( 'NONE',  ( 176.9597527034874800, 55.33333333333251900, 591.0726606895588000 ) ) ;
#4313 = FILL_AREA_STYLE_COLOUR ( '', #3447 ) ;
#4314 = ORIENTED_EDGE ( 'NONE', *, *, #116, .F. ) ;
#4315 = ORIENTED_EDGE ( 'NONE', *, *, #488, .T. ) ;
#4316 = CYLINDRICAL_SURFACE ( 'NONE', #4766, 30.00000000000002800 ) ;
#4317 = CARTESIAN_POINT ( 'NONE',  ( 317.3959486122610100, 68.99999999999913300, 722.0753571833388400 ) ) ;
#4318 = CARTESIAN_POINT ( 'NONE',  ( -200.0000000000076700, -127.8528137423875000, 800.0000000198011800 ) ) ;
#4319 = ORIENTED_EDGE ( 'NONE', *, *, #588, .F. ) ;
#4320 = EDGE_CURVE ( 'NONE', #4985, #4876, #1582, .T. ) ;
#4321 = VECTOR ( 'NONE', #2876, 1000.000000000000000 ) ;
#4322 = CARTESIAN_POINT ( 'NONE',  ( 39.02059250676029500, -103.4347238319853400, 626.2020119235994600 ) ) ;
#4323 = ORIENTED_EDGE ( 'NONE', *, *, #1782, .F. ) ;
#4324 = CARTESIAN_POINT ( 'NONE',  ( 71.28988189489665200, 30.03976533789481000, 789.8547387712183100 ) ) ;
#4325 = CARTESIAN_POINT ( 'NONE',  ( 471.2268797739979500, -154.5000000000009400, 855.4562455224009900 ) ) ;
#4326 = LINE ( 'NONE', #396, #3284 ) ;
#4327 = ORIENTED_EDGE ( 'NONE', *, *, #1292, .F. ) ;
#4328 = ORIENTED_EDGE ( 'NONE', *, *, #2239, .T. ) ;
#4329 = EDGE_CURVE ( 'NONE', #2376, #4476, #2528, .T. ) ;
#4330 = FILL_AREA_STYLE_COLOUR ( '', #4430 ) ;
#4331 = APPLICATION_PROTOCOL_DEFINITION ( 'draft international standard', 'automotive_design', 1998, #1566 ) ;
#4332 = CARTESIAN_POINT ( 'NONE',  ( 176.9597067419734900, -108.5000000000008100, 591.0726568250838700 ) ) ;
#4333 = CARTESIAN_POINT ( 'NONE',  ( 292.4047617403294300, -184.8899114133768600, 981.0870740768879200 ) ) ;
#4334 = SURFACE_SIDE_STYLE ('',( #1316 ) ) ;
#4335 = ORIENTED_EDGE ( 'NONE', *, *, #4707, .T. ) ;
#4337 = ORIENTED_EDGE ( 'NONE', *, *, #1184, .T. ) ;
#4336 = CARTESIAN_POINT ( 'NONE',  ( -185.3767239495545600, 42.99999999999764800, 854.5748092045548700 ) ) ;
#4338 = DIRECTION ( 'NONE',  ( -1.737858883903029000E-015, 1.000000000000000000, 2.389772395653983200E-015 ) ) ;
#4339 = DIRECTION ( 'NONE',  ( 0.9063077870199147700, 0.0000000000000000000, -0.4226182617765882900 ) ) ;
#4340 = CARTESIAN_POINT ( 'NONE',  ( 222.8287215740538700, -154.5000000000023000, 1038.186809089790400 ) ) ;
#4341 = VERTEX_POINT ( 'NONE', #686 ) ;
#4342 = ORIENTED_EDGE ( 'NONE', *, *, #631, .F. ) ;
#4343 = EDGE_LOOP ( 'NONE', ( #2555, #4978, #726, #3910 ) ) ;
#4344 = AXIS2_PLACEMENT_3D ( 'NONE', #4068, #5240, #379 ) ;
#4345 = CARTESIAN_POINT ( 'NONE',  ( 34.73057267366351700, -133.6520857479775700, 628.2024018614853300 ) ) ;
#4346 = PLANE ( 'NONE',  #2292 ) ;
#4347 = CARTESIAN_POINT ( 'NONE',  ( 186.9360357044691600, 27.99999999999806400, 591.9114661042635800 ) ) ;
#4348 = ORIENTED_EDGE ( 'NONE', *, *, #4137, .F. ) ;
#4349 = AXIS2_PLACEMENT_3D ( 'NONE', #2051, #4838, #2454 ) ;
#4350 = CARTESIAN_POINT ( 'NONE',  ( 351.7027255145646300, -154.5000000000011900, 1062.081252630727900 ) ) ;
#4351 = CARTESIAN_POINT ( 'NONE',  ( 175.2610739254858500, -154.5000000000008200, 590.9340459773336500 ) ) ;
#4352 = DIRECTION ( 'NONE',  ( -0.5255877528066884600, 2.064046107311462600E-015, -0.8507393925871866700 ) ) ;
#4353 = DIRECTION ( 'NONE',  ( -3.095981570134602300E-030, 1.000000000000000000, 1.758784218555365900E-015 ) ) ;
#4354 = EDGE_CURVE ( 'NONE', #1540, #1499, #263, .T. ) ;
#4355 = CARTESIAN_POINT ( 'NONE',  ( 169.2509875739490300, 27.99999999999842600, 590.5368402093799900 ) ) ;
#4356 = FACE_OUTER_BOUND ( 'NONE', #2121, .T. ) ;
#4357 = CARTESIAN_POINT ( 'NONE',  ( 28.33395259373554600, -43.00000000000090900, 631.1851128508037600 ) ) ;
#4358 = CARTESIAN_POINT ( 'NONE',  ( 195.4033304256532500, -174.4972571887584500, 1029.826353957500500 ) ) ;
#4359 = EDGE_CURVE ( 'NONE', #302, #2052, #946, .T. ) ;
#4360 = ADVANCED_FACE ( 'NONE', ( #3564, #114 ), #3935, .F. ) ;
#4361 = CARTESIAN_POINT ( 'NONE',  ( 345.4359661082571100, -154.5000000000014500, 1071.880455665191000 ) ) ;
#4362 = CARTESIAN_POINT ( 'NONE',  ( 168.5822897445114300, -108.5000000000008200, 590.5426493579902900 ) ) ;
#4363 = CARTESIAN_POINT ( 'NONE',  ( 313.8274172079531500, -150.5000000000029000, 1118.376068552106300 ) ) ;
#4364 = PRESENTATION_STYLE_ASSIGNMENT (( #1978 ) ) ;
#4365 = AXIS2_PLACEMENT_3D ( 'NONE', #4193, #4179, #4175 ) ;
#4366 = DIRECTION ( 'NONE',  ( 0.0000000000000000000, -1.991229394628974600E-015, 1.000000000000000000 ) ) ;
#4367 = DIRECTION ( 'NONE',  ( 1.010449049093596500E-016, 1.000000000000000000, 2.930302242371429400E-015 ) ) ;
#4368 = CARTESIAN_POINT ( 'NONE',  ( 367.5489231140406300, -108.5000000000012900, 1037.163808246736800 ) ) ;
#4369 = LINE ( 'NONE', #4673, #267 ) ;
#4370 = CARTESIAN_POINT ( 'NONE',  ( 75.93686502927199900, -151.8121662692837800, 790.2986330995021300 ) ) ;
#4371 = ORIENTED_EDGE ( 'NONE', *, *, #226, .T. ) ;
#4372 = AXIS2_PLACEMENT_3D ( 'NONE', #1007, #1442, #4218 ) ;
#4373 = CARTESIAN_POINT ( 'NONE',  ( 23.57163313436461700, -73.21736191599315200, 633.4058998391592500 ) ) ;
#4374 = CARTESIAN_POINT ( 'NONE',  ( 290.0053966939813700, -203.4999999998595700, 1106.782348653998500 ) ) ;
#4375 = VECTOR ( 'NONE', #2905, 999.9999999999998900 ) ;
#4376 = ORIENTED_EDGE ( 'NONE', *, *, #2211, .T. ) ;
#4377 = ORIENTED_EDGE ( 'NONE', *, *, #2251, .F. ) ;
#4378 = CIRCLE ( 'NONE', #4880, 56.49999999999999300 ) ;
#4379 = CARTESIAN_POINT ( 'NONE',  ( 358.0135846799347000, -154.5000000000011700, 1052.189308186581500 ) ) ;
#4380 = CARTESIAN_POINT ( 'NONE',  ( 163.7189312392306700, -123.8333333333341500, 590.3980032445438200 ) ) ;
#4381 = DIRECTION ( 'NONE',  ( 1.737858883903028800E-015, -1.000000000000000000, -2.389772395653982800E-015 ) ) ;
#4382 = ORIENTED_EDGE ( 'NONE', *, *, #798, .T. ) ;
#4383 = VERTEX_POINT ( 'NONE', #3558 ) ;
#4384 = FACE_OUTER_BOUND ( 'NONE', #3608, .T. ) ;
#4385 = DIRECTION ( 'NONE',  ( 0.9993908270204775500, 0.0000000000000000000, 0.03489949666292865200 ) ) ;
#4386 = ADVANCED_FACE ( 'NONE', ( #5084 ), #1161, .F. ) ;
#4387 = DIRECTION ( 'NONE',  ( 1.737858883903028800E-015, -1.000000000000000000, -2.389772395653982800E-015 ) ) ;
#4388 = CARTESIAN_POINT ( 'NONE',  ( 372.0631715283794300, -123.8333333333346900, 1029.892802189809300 ) ) ;
#4390 = EDGE_CURVE ( 'NONE', #4681, #644, #2943, .T. ) ;
#4389 = CARTESIAN_POINT ( 'NONE',  ( 289.3994161418899000, -198.4999999998594000, 1053.530527380373100 ) ) ;
#4391 = ORIENTED_EDGE ( 'NONE', *, *, #4688, .F. ) ;
#4392 = EDGE_LOOP ( 'NONE', ( #4376, #1278, #143, #1889 ) ) ;
#4393 = B_SPLINE_CURVE_WITH_KNOTS ( 'NONE', 3,
 ( #3498, #1093, #3891, #1516, #4291, #1934, #4701, #2327, #5115, #2718, #185, #3115, #665, #3510, #1111, #3911, #1535, #4301, #1957, #4724, #2343, #5134, #2737, #203, #3127, #688, #3527 ),
 .UNSPECIFIED., .F., .F.,
 ( 4, 1, 1, 1, 1, 1, 1, 1, 1, 1, 1, 1, 1, 1, 1, 1, 1, 1, 1, 1, 1, 1, 1, 1, 4 ),
 ( 2.611256177719869800E-013, 0.002338214903307745400, 0.005129463522010244800, 0.007933334988004364300, 0.01074970797348449300, 0.01357846018459933800, 0.01641946842663084100, 0.01927260866949437000, 0.02071970080982940600, 0.02217155332820304800, 0.02362814125501635400, 0.02508943949242276400, 0.02655542281774249000, 0.02802606588687835500, 0.02950134323774066700, 0.03098122929367645000, 0.03246569836690790800, 0.03395472466197881800, 0.03544828227921388600, 0.03694634521818500300, 0.03844888738119350100, 0.03995588257676489800, 0.04146730452315699300, 0.04298312685188487900, 0.04450332311126081700 ),
 .UNSPECIFIED. ) ;
#4394 = VECTOR ( 'NONE', #4223, 1000.000000000000000 ) ;
#4395 = CARTESIAN_POINT ( 'NONE',  ( 15.86312646775320600, -103.4347238319853900, 637.0005459960580100 ) ) ;
#4396 = CARTESIAN_POINT ( 'NONE',  ( 49.31249915871749300, 839.0046633176073100, 621.4028199537763200 ) ) ;
#4397 = ORIENTED_EDGE ( 'NONE', *, *, #4889, .T. ) ;
#4398 = ORIENTED_EDGE ( 'NONE', *, *, #2389, .F. ) ;
#4399 = EDGE_CURVE ( 'NONE', #5057, #2309, #2994, .T. ) ;
#4400 = ORIENTED_EDGE ( 'NONE', *, *, #4533, .T. ) ;
#4401 = CARTESIAN_POINT ( 'NONE',  ( 364.3866418287348100, -154.5000000000007700, 1042.166561924344700 ) ) ;
#4402 = CARTESIAN_POINT ( 'NONE',  ( 158.9878693894191900, -139.1666666666675100, 590.3709355697992600 ) ) ;
#4403 = ORIENTED_EDGE ( 'NONE', *, *, #3166, .T. ) ;
#4404 = ORIENTED_EDGE ( 'NONE', *, *, #3728, .F. ) ;
#4405 = VERTEX_POINT ( 'NONE', #735 ) ;
#4406 = CARTESIAN_POINT ( 'NONE',  ( -13.57019277047423400, -105.8005597043137800, 650.7254034091508900 ) ) ;
#4407 = CARTESIAN_POINT ( 'NONE',  ( 86.10696440213411100, 27.99999999999896600, 793.2346971438870500 ) ) ;
#4408 = VERTEX_POINT ( 'NONE', #2393 ) ;
#4409 = CARTESIAN_POINT ( 'NONE',  ( -200.0000000000076700, -127.8528137423875000, 800.0000000198011800 ) ) ;
#4410 = ORIENTED_EDGE ( 'NONE', *, *, #4684, .F. ) ;
#4411 = ORIENTED_EDGE ( 'NONE', *, *, #4747, .T. ) ;
#4412 = DIRECTION ( 'NONE',  ( 0.0000000000000000000, -2.955109928353932900E-015, 1.000000000000000000 ) ) ;
#4413 = CARTESIAN_POINT ( 'NONE',  ( 373.7317073739561700, -139.1666666666681100, 1027.180496448388800 ) ) ;
#4414 = AXIS2_PLACEMENT_3D ( 'NONE', #806, #3639, #1247 ) ;
#4415 = AXIS2_PLACEMENT_3D ( 'NONE', #1761, #4526, #2154 ) ;
#4416 = CARTESIAN_POINT ( 'NONE',  ( -7.552812479193279100, -133.6520857479776800, 647.9194880116881400 ) ) ;
#4417 = CARTESIAN_POINT ( 'NONE',  ( 266.7317057843961800, -198.4999999998598000, 1070.340291314538500 ) ) ;
#4418 = ADVANCED_FACE ( 'NONE', ( #2031 ), #4797, .T. ) ;
#4419 = CARTESIAN_POINT ( 'NONE',  ( 98.84841597857007400, -108.5000000000009200, 600.0085945548988800 ) ) ;
#4420 = VECTOR ( 'NONE', #2232, 1000.000000000000000 ) ;
#4421 = CARTESIAN_POINT ( 'NONE',  ( 154.3949256214199300, -154.5000000000008500, 590.4518128700244700 ) ) ;
#4422 = CARTESIAN_POINT ( 'NONE',  ( 149.7165701618230000, -139.1666666666684500, 971.6810602430970200 ) ) ;
#4423 = EDGE_CURVE ( 'NONE', #1350, #3161, #3876, .T. ) ;
#4424 = CARTESIAN_POINT ( 'NONE',  ( -195.6980479277803500, -43.00000000000163400, 722.1886420658917100 ) ) ;
#4425 = CARTESIAN_POINT ( 'NONE',  ( 299.9999999999923800, -154.5000000000012800, 875.0000000000023900 ) ) ;
#4426 = CARTESIAN_POINT ( 'NONE',  ( 380.8238636076314400, -154.5000000000014800, 1015.517954225785300 ) ) ;
#4427 = CARTESIAN_POINT ( 'NONE',  ( 471.1677886676935100, -108.5000000000009700, 855.6924372931017600 ) ) ;
#4428 = CARTESIAN_POINT ( 'NONE',  ( -26.01017682051087800, -43.00000000000106600, 656.5263488079580200 ) ) ;
#4429 = CARTESIAN_POINT ( 'NONE',  ( 212.2945970714443100, 27.99999999999862500, 594.3537346264402000 ) ) ;
#4430 = COLOUR_RGB ( '',0.2901960784313725200, 0.3294117647058823500, 0.3490196078431372400 ) ;
#4431 = CARTESIAN_POINT ( 'NONE',  ( 265.0555088487971600, -150.5000000000021900, 1073.426940382778400 ) ) ;
#4432 = EDGE_CURVE ( 'NONE', #1283, #570, #4954, .T. ) ;
#4433 = VECTOR ( 'NONE', #2854, 1000.000000000000000 ) ;
#4434 = CARTESIAN_POINT ( 'NONE',  ( 299.9999999999923800, -198.4999999998587700, 800.0000000000023900 ) ) ;
#4435 = CARTESIAN_POINT ( 'NONE',  ( 146.4268529081680900, -108.5000000000008500, 590.8341455910637000 ) ) ;
#4436 = CARTESIAN_POINT ( 'NONE',  ( 151.5870057416651100, -154.5000000000017900, 981.1863593927072300 ) ) ;
#4437 = ORIENTED_EDGE ( 'NONE', *, *, #1992, .T. ) ;
#4438 = EDGE_LOOP ( 'NONE', ( #12, #2956, #4035, #2797, #2971, #5049, #1873, #2924, #2891, #17 ) ) ;
#4439 = VECTOR ( 'NONE', #3027, 1000.000000000000000 ) ;
#4440 = AXIS2_PLACEMENT_3D ( 'NONE', #117, #101, #97 ) ;
#4441 = CARTESIAN_POINT ( 'NONE',  ( 156.0414687853360400, -154.4999999999992900, 1002.691584077881700 ) ) ;
#4442 = ADVANCED_FACE ( 'NONE', ( #918 ), #4817, .T. ) ;
#4443 = ORIENTED_EDGE ( 'NONE', *, *, #1601, .T. ) ;
#4444 = DIRECTION ( 'NONE',  ( -0.02100817506661958500, 0.9993869806673999500, 0.02800570393452513400 ) ) ;
#4445 = CARTESIAN_POINT ( 'NONE',  ( 299.9999999999920400, -136.0000000000019900, 800.0000000000026100 ) ) ;
#4446 = FACE_OUTER_BOUND ( 'NONE', #4782, .T. ) ;
#4447 = CARTESIAN_POINT ( 'NONE',  ( 86.09992649329620900, 27.53956214940865300, 793.2577785235662300 ) ) ;
#4448 = CARTESIAN_POINT ( 'NONE',  ( -33.31752439940214600, -73.21736191599332200, 659.9337417444004400 ) ) ;
#4449 = VERTEX_POINT ( 'NONE', #758 ) ;
#4450 = CARTESIAN_POINT ( 'NONE',  ( 290.0053966939813700, -203.4999999998595100, 1088.882348653998400 ) ) ;
#4451 = CIRCLE ( 'NONE', #3880, 8.950000000000013500 ) ;
#4452 = ORIENTED_EDGE ( 'NONE', *, *, #188, .T. ) ;
#4453 = UNCERTAINTY_MEASURE_WITH_UNIT (LENGTH_MEASURE( 1.000000000000000100E-005 ), #4560, 'distance_accuracy_value', 'NONE');
#4454 = CARTESIAN_POINT ( 'NONE',  ( -132.3785036757289500, -43.00000000000222400, 706.1267260020981700 ) ) ;
#4456 = EDGE_CURVE ( 'NONE', #2127, #1527, #2112, .T. ) ;
#4455 = CARTESIAN_POINT ( 'NONE',  ( 136.2506232092529800, -123.8333333333342000, 591.7995146641387700 ) ) ;
#4457 = LINE ( 'NONE', #3613, #3413 ) ;
#4458 = CARTESIAN_POINT ( 'NONE',  ( 152.6999450917374200, -108.5000000000017600, 986.7164464092852500 ) ) ;
#4459 = VERTEX_POINT ( 'NONE', #307 ) ;
#4460 = CARTESIAN_POINT ( 'NONE',  ( 299.9999999999921600, 27.99999999999867100, 855.7556566621538000 ) ) ;
#4461 = CARTESIAN_POINT ( 'NONE',  ( 149.1055233341477900, -154.5000000000017100, 968.5035168089015100 ) ) ;
#4462 = VECTOR ( 'NONE', #968, 1000.000000000000200 ) ;
#4463 = VECTOR ( 'NONE', #5328, 1000.000000000000100 ) ;
#4464 = CARTESIAN_POINT ( 'NONE',  ( 80.75992419931077400, -108.5000000000009700, 606.8177135529732600 ) ) ;
#4465 = CARTESIAN_POINT ( 'NONE',  ( 49.60538400674163700, -138.2763203266159700, 791.6115431319290100 ) ) ;
#4466 = DIRECTION ( 'NONE',  ( -1.737858883903029000E-015, 1.000000000000000000, 2.389772395653983200E-015 ) ) ;
#4467 = ORIENTED_EDGE ( 'NONE', *, *, #981, .F. ) ;
#4468 = EDGE_LOOP ( 'NONE', ( #3029, #3052, #2379, #3580, #2534, #64 ) ) ;
#4469 = CARTESIAN_POINT ( 'NONE',  ( 78.81444114958407000, 28.17820118511684800, 791.0309604795736500 ) ) ;
#4470 = CARTESIAN_POINT ( 'NONE',  ( -40.56183656843251100, -103.4347238319855600, 663.3118668549410600 ) ) ;
#4471 = LINE ( 'NONE', #5215, #5301 ) ;
#4472 = CARTESIAN_POINT ( 'NONE',  ( 226.7314714267133700, 41.66666666666592500, 598.9335365589145100 ) ) ;
#4473 = ORIENTED_EDGE ( 'NONE', *, *, #345, .F. ) ;
#4474 = VERTEX_POINT ( 'NONE', #3612 ) ;
#4475 = ADVANCED_FACE ( 'NONE', ( #4830 ), #663, .F. ) ;
#4476 = VERTEX_POINT ( 'NONE', #3233 ) ;
#4477 = EDGE_CURVE ( 'NONE', #683, #2408, #3747, .T. ) ;
#4478 = CARTESIAN_POINT ( 'NONE',  ( 367.5489231140407500, -154.4999999999976400, 1037.163808246736600 ) ) ;
#4479 = CARTESIAN_POINT ( 'NONE',  ( 126.7219423757643100, -139.1666666666675700, 593.1813926210514900 ) ) ;
#4480 = CARTESIAN_POINT ( 'NONE',  ( 119.2481725079937600, -108.5000000000008700, 594.6056217655817600 ) ) ;
#4481 = CARTESIAN_POINT ( 'NONE',  ( 155.4090066689474600, -123.8333333333351600, 999.7533585686685500 ) ) ;
#4482 = CARTESIAN_POINT ( 'NONE',  ( -174.2543743728414800, -69.00000000000162000, 725.6537652020888300 ) ) ;
#4483 = AXIS2_PLACEMENT_3D ( 'NONE', #414, #3306, #874 ) ;
#4484 = DIRECTION ( 'NONE',  ( 0.0000000000000000000, 2.422304781000342500E-015, -1.000000000000000000 ) ) ;
#4485 =( GEOMETRIC_REPRESENTATION_CONTEXT ( 3 ) GLOBAL_UNCERTAINTY_ASSIGNED_CONTEXT ( ( #4923 ) ) GLOBAL_UNIT_ASSIGNED_CONTEXT ( ( #3123, #680, #3523 ) ) REPRESENTATION_CONTEXT ( 'NONE', 'WORKASPACE' ) );
#4486 = CARTESIAN_POINT ( 'NONE',  ( 80.10359270224302000, 29.24795985293945900, 791.3586773007391500 ) ) ;
#4487 = CARTESIAN_POINT ( 'NONE',  ( -45.35363362018836100, -133.6520857479777900, 665.5463626410603400 ) ) ;
#4488 = CARTESIAN_POINT ( 'NONE',  ( 219.6189667298461400, 55.33333333333260400, 596.1934156970196500 ) ) ;
#4489 = FACE_OUTER_BOUND ( 'NONE', #382, .T. ) ;
#4490 = CARTESIAN_POINT ( 'NONE',  ( 372.4805806096476300, -154.4999999999976100, 1029.215564949354100 ) ) ;
#4491 = CARTESIAN_POINT ( 'NONE',  ( 266.7549862921073900, -199.1666665152336900, 1070.366612357474700 ) ) ;
#4492 = EDGE_CURVE ( 'NONE', #2588, #4134, #1643, .T. ) ;
#4493 = CARTESIAN_POINT ( 'NONE',  ( 123.6802158415374900, -139.1666666688013800, 593.7324444481787400 ) ) ;
#4494 = DIRECTION ( 'NONE',  ( 1.000000000000000000, 1.731861749056300100E-015, 0.0000000000000000000 ) ) ;
#4495 = ADVANCED_FACE ( 'NONE', ( #4696 ), #3317, .T. ) ;
#4496 = CARTESIAN_POINT ( 'NONE',  ( 228.8627196564008800, 27.99999999999886000, 836.5990074362341600 ) ) ;
#4497 = VECTOR ( 'NONE', #4299, 1000.000000000000000 ) ;
#4498 = CARTESIAN_POINT ( 'NONE',  ( 71.48927693510140100, -115.8878102041305500, 611.0616546648124100 ) ) ;
#4499 = PRESENTATION_STYLE_ASSIGNMENT (( #4159 ) ) ;
#4500 = CARTESIAN_POINT ( 'NONE',  ( 81.40787208633074100, 31.31560370575602200, 791.6363328135603300 ) ) ;
#4501 = CARTESIAN_POINT ( 'NONE',  ( 204.7693187003625600, 68.99999999999926100, 593.4109074106518200 ) ) ;
#4502 = LINE ( 'NONE', #3415, #3449 ) ;
#4503 = EDGE_CURVE ( 'NONE', #4601, #5243, #3626, .T. ) ;
#4504 = EDGE_LOOP ( 'NONE', ( #3607, #1066, #4702, #4869 ) ) ;
#4505 = FACE_OUTER_BOUND ( 'NONE', #2011, .T. ) ;
#4506 = ORIENTED_EDGE ( 'NONE', *, *, #859, .F. ) ;
#4507 = ORIENTED_EDGE ( 'NONE', *, *, #2113, .F. ) ;
#4508 = CARTESIAN_POINT ( 'NONE',  ( 120.7202068672279200, -154.5000000032015900, 594.3035751471818500 ) ) ;
#4509 = LINE ( 'NONE', #4654, #279 ) ;
#4510 = CARTESIAN_POINT ( 'NONE',  ( 80.70842269094885100, 27.99928002724937000, 791.6084320326369800 ) ) ;
#4511 = CARTESIAN_POINT ( 'NONE',  ( 65.18098481774220000, -152.3317153061953800, 614.0033642424595000 ) ) ;
#4512 = ORIENTED_EDGE ( 'NONE', *, *, #778, .F. ) ;
#4513 = ORIENTED_EDGE ( 'NONE', *, *, #713, .F. ) ;
#4514 = CIRCLE ( 'NONE', #2661, 137.4999999999999400 ) ;
#4515 = CIRCLE ( 'NONE', #5034, 289.9999999999997200 ) ;
#4516 = CARTESIAN_POINT ( 'NONE',  ( 136.2506232092530400, -108.5000000000009000, 591.7995146641387700 ) ) ;
#4517 = CARTESIAN_POINT ( 'NONE',  ( 235.3035037589711200, -108.5000000000008700, 596.0138157273038400 ) ) ;
#4518 = ORIENTED_EDGE ( 'NONE', *, *, #3166, .F. ) ;
#4519 = ADVANCED_FACE ( 'NONE', ( #2580, #636 ), #5330, .T. ) ;
#4520 = LINE ( 'NONE', #442, #1485 ) ;
#4521 = CARTESIAN_POINT ( 'NONE',  ( 373.7317073739561700, -154.4999999999976100, 1027.180496448388600 ) ) ;
#4523 = EDGE_CURVE ( 'NONE', #1492, #4839, #2088, .T. ) ;
#4522 = CARTESIAN_POINT ( 'NONE',  ( 86.12578972540264000, 29.23160040519846000, 793.1729580046580800 ) ) ;
#4524 = ORIENTED_EDGE ( 'NONE', *, *, #3641, .F. ) ;
#4525 = ORIENTED_EDGE ( 'NONE', *, *, #280, .F. ) ;
#4526 = DIRECTION ( 'NONE',  ( -1.737858883903028800E-015, 1.000000000000000000, 2.389772395653982800E-015 ) ) ;
#4527 = CARTESIAN_POINT ( 'NONE',  ( 114.8676898745775900, -108.5000000000008200, 595.5735769154810000 ) ) ;
#4528 = VERTEX_POINT ( 'NONE', #3744 ) ;
#4529 = CARTESIAN_POINT ( 'NONE',  ( 80.89560827808367100, 27.97149034690380600, 791.6586686269736200 ) ) ;
#4530 = ORIENTED_EDGE ( 'NONE', *, *, #3464, .F. ) ;
#4531 = ORIENTED_EDGE ( 'NONE', *, *, #323, .F. ) ;
#4532 = CARTESIAN_POINT ( 'NONE',  ( 56.71356768959515200, -43.00000000000093800, 617.9518318153795900 ) ) ;
#4533 = EDGE_CURVE ( 'NONE', #1058, #4528, #5267, .T. ) ;
#4534 = ORIENTED_EDGE ( 'NONE', *, *, #4533, .F. ) ;
#4536 = ORIENTED_EDGE ( 'NONE', *, *, #261, .F. ) ;
#4535 = CARTESIAN_POINT ( 'NONE',  ( 163.7189312392306400, -108.5000000000008500, 590.3980032445438200 ) ) ;
#4537 = EDGE_LOOP ( 'NONE', ( #2743, #2863, #684, #1688, #2625, #235, #4224, #1027, #3047, #4934, #4104, #1752, #749, #2921, #3603, #1358, #818, #2738, #611, #813, #3726, #5113, #4034, #1942, #3105, #956, #4279, #5241, #2306, #3357, #1041, #4806, #3912, #1898, #5303, #3167, #383, #3173 ) ) ;
#4538 = CARTESIAN_POINT ( 'NONE',  ( -200.0000000000079000, -35.00000000000189000, 825.0000000198014000 ) ) ;
#4539 = CARTESIAN_POINT ( 'NONE',  ( 290.0053966939813700, -200.4999999998595700, 1106.782348653998500 ) ) ;
#4540 = MECHANICAL_DESIGN_GEOMETRIC_PRESENTATION_REPRESENTATION (  '', ( #3741 ), #4831 ) ;
#4541 = CARTESIAN_POINT ( 'NONE',  ( 204.7693187003627000, 27.99999999999940000, 593.4109074106517000 ) ) ;
#4542 = CARTESIAN_POINT ( 'NONE',  ( 72.54965905354227100, 30.33822495088613600, 790.0268152213871000 ) ) ;
#4543 = CARTESIAN_POINT ( 'NONE',  ( 299.9999999999921000, 68.99999999999883500, 800.0000000000030700 ) ) ;
#4544 = EDGE_LOOP ( 'NONE', ( #4275, #1805, #2680, #4319, #3423 ) ) ;
#4545 = LINE ( 'NONE', #1444, #29 ) ;
#4546 = CARTESIAN_POINT ( 'NONE',  ( 110.5425232596998100, -123.8333333344010600, 596.6311160947966500 ) ) ;
#4547 = CARTESIAN_POINT ( 'NONE',  ( 81.53821187835941900, 28.29172138696225100, 791.8501722007747500 ) ) ;
#4548 = ADVANCED_FACE ( 'NONE', ( #2209 ), #5141, .T. ) ;
#4549 = DIRECTION ( 'NONE',  ( 1.009316027595415400E-015, 1.000000000000000000, 1.552793888608331300E-016 ) ) ;
#4550 = PLANE ( 'NONE',  #217 ) ;
#4551 = CARTESIAN_POINT ( 'NONE',  ( 50.31613958882474000, -79.44390510206577000, 620.9349357631736000 ) ) ;
#4552 = CARTESIAN_POINT ( 'NONE',  ( 117.7820250465905800, -108.5000000000008800, 594.9181678281603400 ) ) ;
#4553 = CARTESIAN_POINT ( 'NONE',  ( 70.24899105353895800, 30.11457142951397300, 789.7952432455280100 ) ) ;
#4554 = FILL_AREA_STYLE ('',( #2189 ) ) ;
#4555 = CARTESIAN_POINT ( 'NONE',  ( 161.7782627898010300, -123.8333333333351900, 1028.592445563547200 ) ) ;
#4556 = CARTESIAN_POINT ( 'NONE',  ( 364.3866418287348100, -154.5000000000007700, 1042.166561924344700 ) ) ;
#4557 = B_SPLINE_CURVE_WITH_KNOTS ( 'NONE', 3,
 ( #573, #494, #530, #521, #1255, #392, #507, #449, #469, #426, #343, #375, #408, #290 ),
 .UNSPECIFIED., .F., .F.,
 ( 4, 2, 2, 2, 2, 2, 4 ),
 ( 2.797157557069881000E-017, 0.0007429150910567037600, 0.001485830182113379500, 0.002228745273170055000, 0.002971660364226730900, 0.004457490546340109200, 0.005943320728453487000 ),
 .UNSPECIFIED. ) ;
#4558 = CARTESIAN_POINT ( 'NONE',  ( 365.9490675730919500, -154.4999999999976400, 1039.709374357428700 ) ) ;
#4559 = CARTESIAN_POINT ( 'NONE',  ( 70.48859583618043700, 31.02382919996388500, 789.8061734007250200 ) ) ;
#4560 =( LENGTH_UNIT ( ) NAMED_UNIT ( * ) SI_UNIT ( .MILLI., .METRE. ) );
#4561 = FACE_OUTER_BOUND ( 'NONE', #999, .T. ) ;
#4562 = CARTESIAN_POINT ( 'NONE',  ( 106.2751262208143700, -139.1666666688013800, 597.7753237106017000 ) ) ;
#4563 = CARTESIAN_POINT ( 'NONE',  ( 82.63410890926243700, 28.17265275681055000, 792.1758263631591000 ) ) ;
#4564 = CARTESIAN_POINT ( 'NONE',  ( 369.9947634683927600, -154.4999999999976100, 1033.236710042357600 ) ) ;
#4565 = ORIENTED_EDGE ( 'NONE', *, *, #4263, .T. ) ;
#4566 = ORIENTED_EDGE ( 'NONE', *, *, #1573, .F. ) ;
#4567 = PLANE ( 'NONE',  #845 ) ;
#4568 = CARTESIAN_POINT ( 'NONE',  ( 43.87492226066882500, -115.8878102041306000, 623.9384306695642400 ) ) ;
#4569 = VECTOR ( 'NONE', #2221, 1000.000000000000000 ) ;
#4570 = CARTESIAN_POINT ( 'NONE',  ( 76.70047656649694500, 28.83886840259089000, 790.6462829342840500 ) ) ;
#4571 =( NAMED_UNIT ( * ) PLANE_ANGLE_UNIT ( ) SI_UNIT ( $, .RADIAN. ) );
#4572 = ORIENTED_EDGE ( 'NONE', *, *, #5071, .F. ) ;
#4574 = ORIENTED_EDGE ( 'NONE', *, *, #168, .T. ) ;
#4573 = CARTESIAN_POINT ( 'NONE',  ( -173.3165224756197900, -69.00000000000238700, 725.2164376801539400 ) ) ;
#4575 = CARTESIAN_POINT ( 'NONE',  ( 370.8177908585668100, -154.4999999999976100, 1031.909384592002400 ) ) ;
#4576 = CIRCLE ( 'NONE', #2887, 137.4999999999999400 ) ;
#4577 = EDGE_CURVE ( 'NONE', #2314, #1067, #2090, .T. ) ;
#4578 = ADVANCED_FACE ( 'NONE', ( #1119 ), #4890, .F. ) ;
#4579 = ORIENTED_EDGE ( 'NONE', *, *, #4927, .T. ) ;
#4580 = ORIENTED_EDGE ( 'NONE', *, *, #5071, .T. ) ;
#4581 = CARTESIAN_POINT ( 'NONE',  ( 372.0631715283794800, -154.4999999999976100, 1029.892802189809300 ) ) ;
#4582 = CARTESIAN_POINT ( 'NONE',  ( 68.68646600757789100, 31.66843063178622600, 789.6721314595809000 ) ) ;
#4583 = CIRCLE ( 'NONE', #4414, 275.6508828008754800 ) ;
#4584 = DIRECTION ( 'NONE',  ( -0.02239322313826450100, 0.9987827659587184000, -0.04394917497896652600 ) ) ;
#4585 = AXIS2_PLACEMENT_3D ( 'NONE', #3049, #4239, #1887 ) ;
#4586 = EDGE_LOOP ( 'NONE', ( #1625, #2742, #2224, #300 ) ) ;
#4587 = CARTESIAN_POINT ( 'NONE',  ( 102.0678257584716000, -154.5000000032016200, 599.0032188589593700 ) ) ;
#4588 = DIRECTION ( 'NONE',  ( 1.737858883903028800E-015, -1.000000000000000000, -2.389772395653982800E-015 ) ) ;
#4589 = VECTOR ( 'NONE', #3211, 1000.000000000000100 ) ;
#4590 = CARTESIAN_POINT ( 'NONE',  ( 39.55802175433763100, -152.3317153061954300, 625.9514074692073100 ) ) ;
#4591 = VERTEX_POINT ( 'NONE', #970 ) ;
#4592 = ORIENTED_EDGE ( 'NONE', *, *, #3705, .F. ) ;
#4593 = CARTESIAN_POINT ( 'NONE',  ( 67.62003193992475800, 33.15834878278869300, 789.5596492445874900 ) ) ;
#4594 = PRESENTATION_STYLE_ASSIGNMENT (( #836 ) ) ;
#4595 = CARTESIAN_POINT ( 'NONE',  ( 149.1055233341460300, 839.0046633176065100, 968.5035168089036700 ) ) ;
#4596 = LINE ( 'NONE', #868, #2911 ) ;
#4597 = CARTESIAN_POINT ( 'NONE',  ( 373.3146486480023300, -154.4999999999976100, 1027.859734226380400 ) ) ;
#4598 = ORIENTED_EDGE ( 'NONE', *, *, #554, .F. ) ;
#4599 = VERTEX_POINT ( 'NONE', #2983 ) ;
#4600 = VERTEX_POINT ( 'NONE', #952 ) ;
#4601 = VERTEX_POINT ( 'NONE', #4181 ) ;
#4602 = CARTESIAN_POINT ( 'NONE',  ( 382.4932038689034900, -154.4999999999975600, 1012.741839469185200 ) ) ;
#4604 = EDGE_CURVE ( 'NONE', #4800, #4459, #2877, .T. ) ;
#4603 = PLANE ( 'NONE',  #2917 ) ;
#4605 = CARTESIAN_POINT ( 'NONE',  ( 299.9999999999923800, -154.5000000000011400, 800.0000000000025000 ) ) ;
#4606 = DIRECTION ( 'NONE',  ( -0.0000000000000000000, -1.000000000000000000, -8.123583107013329600E-015 ) ) ;
#4607 = ORIENTED_EDGE ( 'NONE', *, *, #1483, .T. ) ;
#4608 = ORIENTED_EDGE ( 'NONE', *, *, #3807, .T. ) ;
#4609 = ORIENTED_EDGE ( 'NONE', *, *, #666, .F. ) ;
#4610 = CARTESIAN_POINT ( 'NONE',  ( 93.88680619964395600, -108.5000000000008500, 601.6768961544555600 ) ) ;
#4611 = CARTESIAN_POINT ( 'NONE',  ( 161.7782627898010900, -154.5000000000015900, 1028.592445563547200 ) ) ;
#4612 = CARTESIAN_POINT ( 'NONE',  ( 375.8171185467194300, -154.4999999999975800, 1023.778016134891900 ) ) ;
#4613 = CARTESIAN_POINT ( 'NONE',  ( 319.6799861074910000, -174.4972571887582800, 1051.840235876339900 ) ) ;
#4614 = CARTESIAN_POINT ( 'NONE',  ( 173.1056774165972200, 27.99999999999917600, 590.7486074866525300 ) ) ;
#4615 = DIRECTION ( 'NONE',  ( 0.0000000000000000000, 2.389772395653982800E-015, -1.000000000000000000 ) ) ;
#4616 = EDGE_CURVE ( 'NONE', #2376, #1487, #697, .T. ) ;
#4617 = DIRECTION ( 'NONE',  ( 1.731861749056300300E-015, -1.000000000000000000, -5.093711026636171800E-016 ) ) ;
#4618 = CARTESIAN_POINT ( 'NONE',  ( -197.7803432427677400, -43.00000000000163400, 722.8701967020315400 ) ) ;
#4619 = PLANE ( 'NONE',  #3515 ) ;
#4620 = CARTESIAN_POINT ( 'NONE',  ( 377.4858213356726000, -154.4999999999975800, 1021.036021730503400 ) ) ;
#4621 = CARTESIAN_POINT ( 'NONE',  ( 384.1628292870058200, -154.5000000000010200, 1009.950461851437900 ) ) ;
#4622 = LINE ( 'NONE', #2246, #3554 ) ;
#4623 = CARTESIAN_POINT ( 'NONE',  ( -207.1647672749907400, -69.00000000000176200, 740.5513765705120500 ) ) ;
#4624 = CARTESIAN_POINT ( 'NONE',  ( 82.63595491367227900, 27.99999999999896600, 792.1697722454332500 ) ) ;
#4625 = B_SPLINE_CURVE_WITH_KNOTS ( 'NONE', 3,
 ( #1736, #2135, #5323, #2926, #443, #3325, #905, #3723, #1330, #4122 ),
 .UNSPECIFIED., .F., .F.,
 ( 4, 2, 2, 2, 4 ),
 ( 8.279958539530334300E-015, 0.01170625554165447300, 0.02341251108330066500, 0.03511876662494685400, 0.04682502216659304600 ),
 .UNSPECIFIED. ) ;
#4626 = CARTESIAN_POINT ( 'NONE',  ( 336.6520379758766800, -174.4972571887581700, 977.1373298275858600 ) ) ;
#4627 = DIRECTION ( 'NONE',  ( 1.000000000000000000, -9.397545309922891100E-016, 3.759018123969156400E-015 ) ) ;
#4628 = DIRECTION ( 'NONE',  ( -0.9964838533888342700, 2.384371088743981500E-016, -0.08378502214202855600 ) ) ;
#4629 = CARTESIAN_POINT ( 'NONE',  ( 157.6525075219026300, 41.66666666666583300, 590.3478873231174500 ) ) ;
#4630 = CARTESIAN_POINT ( 'NONE',  ( -206.6622042471144900, -69.00000000000174800, 739.4736266791276200 ) ) ;
#4631 = B_SPLINE_CURVE_WITH_KNOTS ( 'NONE', 3,
 ( #4621, #4602, #4635, #4620, #4612, #4521, #4597, #4490, #4581, #4575, #4564, #4478, #4558, #4556 ),
 .UNSPECIFIED., .F., .F.,
 ( 4, 2, 2, 2, 2, 2, 4 ),
 ( 0.0000000000000000000, 0.009450773714956704100, 0.01890154742991340500, 0.02126424085865259400, 0.02362693428739179000, 0.02835232114487018200, 0.03780309485982705200 ),
 .UNSPECIFIED. ) ;
#4632 = DIRECTION ( 'NONE',  ( 1.737858883903028600E-015, -1.000000000000000000, -2.389772395653982800E-015 ) ) ;
#4633 = CARTESIAN_POINT ( 'NONE',  ( -198.7651922727978900, -60.33333333333497700, 723.3828766568829000 ) ) ;
#4634 = CIRCLE ( 'NONE', #2922, 30.00000000000002800 ) ;
#4635 = CARTESIAN_POINT ( 'NONE',  ( 380.8238636076314400, -154.4999999999975600, 1015.517954225785300 ) ) ;
#4636 = EDGE_CURVE ( 'NONE', #1296, #1499, #1832, .T. ) ;
#4637 = VERTEX_POINT ( 'NONE', #987 ) ;
#4638 = VECTOR ( 'NONE', #3396, 1000.000000000000000 ) ;
#4639 = CARTESIAN_POINT ( 'NONE',  ( 69.60201488048002700, 31.32458547164679900, 789.7130039631335900 ) ) ;
#4640 = DIRECTION ( 'NONE',  ( -0.3090169943372901300, 0.0000000000000000000, 0.9510565163073891900 ) ) ;
#4641 = VERTEX_POINT ( 'NONE', #1422 ) ;
#4642 = ORIENTED_EDGE ( 'NONE', *, *, #2140, .F. ) ;
#4643 = VECTOR ( 'NONE', #3442, 1000.000000000000100 ) ;
#4644 = CARTESIAN_POINT ( 'NONE',  ( 265.0555088487971600, -136.0000000000019900, 800.0000000000026100 ) ) ;
#4645 = EDGE_CURVE ( 'NONE', #302, #71, #4755, .T. ) ;
#4646 = CARTESIAN_POINT ( 'NONE',  ( 299.9999999999925000, -154.5000000000033300, 800.0000000000022700 ) ) ;
#4647 = DIRECTION ( 'NONE',  ( 0.6586744367898516000, 0.0000000000000000000, 0.7524280605609894300 ) ) ;
#4648 = CARTESIAN_POINT ( 'NONE',  ( 138.1361606636832000, 55.33333333333246200, 591.5515098504378100 ) ) ;
#4649 = CARTESIAN_POINT ( 'NONE',  ( 291.0491043604375200, -154.5000000000017300, 1050.316457661493100 ) ) ;
#4650 = ORIENTED_EDGE ( 'NONE', *, *, #938, .F. ) ;
#4651 = FACE_OUTER_BOUND ( 'NONE', #4798, .T. ) ;
#4652 = CARTESIAN_POINT ( 'NONE',  ( 314.3841868174017700, -198.4999999998593700, 1054.403014796946100 ) ) ;
#4653 = CARTESIAN_POINT ( 'NONE',  ( -223.8779317903852800, 68.99999999999796800, 748.7936100531765100 ) ) ;
#4654 = CARTESIAN_POINT ( 'NONE',  ( 266.8015473233796200, -200.4999999998595100, 1052.738953492972100 ) ) ;
#4655 = CARTESIAN_POINT ( 'NONE',  ( 75.05688029031728100, 27.99999999999878900, 790.3321177631147500 ) ) ;
#4656 = ORIENTED_EDGE ( 'NONE', *, *, #877, .T. ) ;
#4657 = ORIENTED_EDGE ( 'NONE', *, *, #1601, .F. ) ;
#4658 = AXIS2_PLACEMENT_3D ( 'NONE', #3855, #3869, #3931 ) ;
#4659 = VECTOR ( 'NONE', #538, 1000.000000000000000 ) ;
#4660 =( BOUNDED_CURVE ( )  B_SPLINE_CURVE ( 3, ( #3321, #1728, #3718, #1325 ),
 .UNSPECIFIED., .F., .F. ) 
 B_SPLINE_CURVE_WITH_KNOTS ( ( 4, 4 ),
 ( 0.0000000000000000000, 0.003062591940453935100 ),
 .UNSPECIFIED. ) 
 CURVE ( )  GEOMETRIC_REPRESENTATION_ITEM ( )  RATIONAL_B_SPLINE_CURVE ( ( 1.000000000000000000, 0.9691388770248035000, 0.9691388770248035000, 1.000000000000000000 ) ) 
 REPRESENTATION_ITEM ( '' )  );
#4661 = CARTESIAN_POINT ( 'NONE',  ( 73.46413395485419100, 30.05849014246624100, 790.1443926385753700 ) ) ;
#4662 = ORIENTED_EDGE ( 'NONE', *, *, #2896, .T. ) ;
#4664 = VERTEX_POINT ( 'NONE', #4196 ) ;
#4663 = CARTESIAN_POINT ( 'NONE',  ( 82.63473951948617500, 28.11367316118753500, 792.1737582269653300 ) ) ;
#4665 = CARTESIAN_POINT ( 'NONE',  ( -200.0023237766677700, -69.00000000000167700, 725.1914669190118700 ) ) ;
#4666 = FACE_OUTER_BOUND ( 'NONE', #4468, .T. ) ;
#4667 = EDGE_LOOP ( 'NONE', ( #4856, #2240 ) ) ;
#4668 = AXIS2_PLACEMENT_3D ( 'NONE', #3087, #637, #3494 ) ;
#4669 = EDGE_LOOP ( 'NONE', ( #2370, #4677, #1149, #137 ) ) ;
#4670 = CARTESIAN_POINT ( 'NONE',  ( 233.5280469670973400, -154.5000000000007400, 595.8431028425336500 ) ) ;
#4671 = DIRECTION ( 'NONE',  ( -2.127927463864881400E-014, 2.312964634635740700E-015, -1.000000000000000000 ) ) ;
#4672 = CARTESIAN_POINT ( 'NONE',  ( -200.0023237766693600, 839.0046633176065100, 725.1914669190138100 ) ) ;
#4673 = CARTESIAN_POINT ( 'NONE',  ( 293.4608992601714000, -154.5000000000024400, 981.2516879678620400 ) ) ;
#4674 = FACE_OUTER_BOUND ( 'NONE', #4704, .T. ) ;
#4675 = CARTESIAN_POINT ( 'NONE',  ( 42.56811001200178200, -134.6587700460354100, 624.5477871558869100 ) ) ;
#4677 = ORIENTED_EDGE ( 'NONE', *, *, #1304, .F. ) ;
#4676 = CARTESIAN_POINT ( 'NONE',  ( 289.9999999999924400, -195.4999999998595100, 1075.500000000002500 ) ) ;
#4678 = ORIENTED_EDGE ( 'NONE', *, *, #3464, .T. ) ;
#4679 = CARTESIAN_POINT ( 'NONE',  ( 65.38420712958739500, 27.99999999999858200, 851.6704520656637700 ) ) ;
#4680 = DIRECTION ( 'NONE',  ( -1.737858883903028800E-015, 1.000000000000000000, 2.389772395653982800E-015 ) ) ;
#4681 = VERTEX_POINT ( 'NONE', #3799 ) ;
#4682 = EDGE_LOOP ( 'NONE', ( #359, #2148, #4607, #2667 ) ) ;
#4683 = CARTESIAN_POINT ( 'NONE',  ( 74.23036920547122000, 29.83445809212608400, 790.2606400815066100 ) ) ;
#4684 = EDGE_CURVE ( 'NONE', #2057, #644, #2472, .T. ) ;
#4685 = CARTESIAN_POINT ( 'NONE',  ( 84.73227577047123300, 28.02681685828335400, 792.8155309844182700 ) ) ;
#4686 = CARTESIAN_POINT ( 'NONE',  ( 86.10696440213791900, 28.00000000001125900, 793.2346971438881800 ) ) ;
#4687 = LINE ( 'NONE', #784, #1509 ) ;
#4688 = EDGE_CURVE ( 'NONE', #2618, #1094, #2640, .T. ) ;
#4689 = B_SPLINE_CURVE_WITH_KNOTS ( 'NONE', 3,
 ( #2131, #2899, #3696, #4921 ),
 .UNSPECIFIED., .F., .F.,
 ( 4, 4 ),
 ( 0.0000000000000000000, 1.000000000000000000 ),
 .UNSPECIFIED. ) ;
#4690 = CARTESIAN_POINT ( 'NONE',  ( 299.9999999999923800, -162.5000000000008000, 662.5000000000025000 ) ) ;
#4691 = AXIS2_PLACEMENT_3D ( 'NONE', #2038, #321, #4824 ) ;
#4692 = CARTESIAN_POINT ( 'NONE',  ( 75.03135828140293000, 29.60382674396515800, 790.3853918376063300 ) ) ;
#4693 = CARTESIAN_POINT ( 'NONE',  ( 244.9854639644137500, -174.4972571887573700, 972.2551775125894000 ) ) ;
#4694 = CARTESIAN_POINT ( 'NONE',  ( 266.7317057843961300, -198.4999999998594800, 1052.738953492972100 ) ) ;
#4695 = AXIS2_PLACEMENT_3D ( 'NONE', #5350, #1775, #4140 ) ;
#4696 = FACE_OUTER_BOUND ( 'NONE', #4392, .T. ) ;
#4697 = DIRECTION ( 'NONE',  ( -0.03207525326517093900, -0.9993869806674001700, 0.01403000358063497900 ) ) ;
#4698 = CARTESIAN_POINT ( 'NONE',  ( 85.93896304316368200, -123.8333333344011300, 604.6613936239577900 ) ) ;
#4699 = CARTESIAN_POINT ( 'NONE',  ( 186.9360357044691900, 55.33333333333254700, 591.9114661042635800 ) ) ;
#4700 = LINE ( 'NONE', #4014, #342 ) ;
#4701 = CARTESIAN_POINT ( 'NONE',  ( 93.88680619964404200, -154.5000000000016500, 601.6768961544553300 ) ) ;
#4702 = ORIENTED_EDGE ( 'NONE', *, *, #3248, .T. ) ;
#4704 = EDGE_LOOP ( 'NONE', ( #4005, #585, #157, #1189 ) ) ;
#4703 = CARTESIAN_POINT ( 'NONE',  ( 299.9999999999923800, -154.5000000000011100, 800.0000000000025000 ) ) ;
#4705 = CARTESIAN_POINT ( 'NONE',  ( 454.4755667363047000, -154.5000000000010800, 892.3975069008661200 ) ) ;
#4706 = VECTOR ( 'NONE', #1413, 1000.000000000000000 ) ;
#4707 = EDGE_CURVE ( 'NONE', #4405, #3161, #3927, .T. ) ;
#4708 = ORIENTED_EDGE ( 'NONE', *, *, #3937, .F. ) ;
#4709 = VERTEX_POINT ( 'NONE', #1024 ) ;
#4710 = CARTESIAN_POINT ( 'NONE',  ( 76.99856674721994000, 28.56797600387898200, 790.7307223736725100 ) ) ;
#4711 = DIRECTION ( 'NONE',  ( -0.5243971889479208700, 0.0000000000000000000, -0.8514737742429409100 ) ) ;
#4712 = LINE ( 'NONE', #4779, #2716 ) ;
#4713 = DIRECTION ( 'NONE',  ( 1.737858883903028800E-015, -1.000000000000000000, -2.389772395653982800E-015 ) ) ;
#4714 = ORIENTED_EDGE ( 'NONE', *, *, #2251, .T. ) ;
#4715 = VERTEX_POINT ( 'NONE', #4231 ) ;
#4716 = VECTOR ( 'NONE', #1645, 1000.000000000000000 ) ;
#4717 = EDGE_CURVE ( 'NONE', #2736, #4800, #4622, .T. ) ;
#4718 = CARTESIAN_POINT ( 'NONE',  ( 299.9999999999923800, -154.5000000000009700, 800.0000000000026100 ) ) ;
#4719 = DIRECTION ( 'NONE',  ( -1.010449049093596500E-016, -1.000000000000000000, -2.930302242371429400E-015 ) ) ;
#4720 = CARTESIAN_POINT ( 'NONE',  ( 78.20684702511474000, -139.1666666688014100, 607.9415112261392600 ) ) ;
#4721 = CARTESIAN_POINT ( 'NONE',  ( 182.1234563054803700, 68.99999999999923300, 591.5067997858072900 ) ) ;
#4722 = DIRECTION ( 'NONE',  ( 1.737858883903029000E-015, -1.000000000000000000, -2.389772395653983200E-015 ) ) ;
#4723 = EDGE_LOOP ( 'NONE', ( #3914, #88, #4467, #3667 ) ) ;
#4724 = CARTESIAN_POINT ( 'NONE',  ( 114.8676898745776500, -154.5000000000015900, 595.5735769154808800 ) ) ;
#4725 = LINE ( 'NONE', #4799, #1543 ) ;
#4726 = VECTOR ( 'NONE', #5085, 1000.000000000000000 ) ;
#4727 = CARTESIAN_POINT ( 'NONE',  ( 173.6548032720246500, -174.4972571887583100, 1004.982210641394200 ) ) ;
#4728 = DIRECTION ( 'NONE',  ( -0.03489949666292875600, 0.0000000000000000000, 0.9993908270204775500 ) ) ;
#4729 = UNCERTAINTY_MEASURE_WITH_UNIT (LENGTH_MEASURE( 1.000000000000000100E-005 ), #674, 'distance_accuracy_value', 'NONE');
#4730 = ORIENTED_EDGE ( 'NONE', *, *, #3373, .T. ) ;
#4731 = ORIENTED_EDGE ( 'NONE', *, *, #2931, .F. ) ;
#4732 = CIRCLE ( 'NONE', #1520, 60.00000000000005700 ) ;
#4733 = CARTESIAN_POINT ( 'NONE',  ( -176.3010186140994100, -69.00000000000173400, 725.6088616786944400 ) ) ;
#4734 = DIRECTION ( 'NONE',  ( -0.9063077870199147700, -0.0000000000000000000, 0.4226182617765882900 ) ) ;
#4735 = ORIENTED_EDGE ( 'NONE', *, *, #1229, .F. ) ;
#4736 = CARTESIAN_POINT ( 'NONE',  ( 471.2692413168877600, -108.5000000000009500, 855.2160012743034900 ) ) ;
#4737 = ORIENTED_EDGE ( 'NONE', *, *, #764, .F. ) ;
#4738 = ORIENTED_EDGE ( 'NONE', *, *, #473, .F. ) ;
#4739 = EDGE_LOOP ( 'NONE', ( #130, #4850, #853, #1952 ) ) ;
#4740 = AXIS2_PLACEMENT_3D ( 'NONE', #497, #3380, #962 ) ;
#4741 = FILL_AREA_STYLE ('',( #1965 ) ) ;
#4742 = CARTESIAN_POINT ( 'NONE',  ( 123.6802158411974200, -108.5000000000009000, 593.7324444482419500 ) ) ;
#4743 = ORIENTED_EDGE ( 'NONE', *, *, #5060, .T. ) ;
#4744 = ORIENTED_EDGE ( 'NONE', *, *, #2841, .T. ) ;
#4745 = PLANE ( 'NONE',  #2760 ) ;
#4746 = CARTESIAN_POINT ( 'NONE',  ( 179.9068334964739200, 68.99999999999911900, 591.3204403449740300 ) ) ;
#4747 = EDGE_CURVE ( 'NONE', #720, #2127, #404, .T. ) ;
#4748 = CARTESIAN_POINT ( 'NONE',  ( -200.0000000000079600, 34.99999999999825200, 775.0000000198016300 ) ) ;
#4749 = CARTESIAN_POINT ( 'NONE',  ( 86.15282015985879100, 30.99999999997522000, 793.0843095531490700 ) ) ;
#4750 = DIRECTION ( 'NONE',  ( -0.5133194827825622300, 0.0000000000000000000, 0.8581975929795205800 ) ) ;
#4751 = CARTESIAN_POINT ( 'NONE',  ( 37.94769772507805800, -43.00000000000088800, 626.7023051484205800 ) ) ;
#4752 = SURFACE_STYLE_FILL_AREA ( #4741 ) ;
#4753 = CARTESIAN_POINT ( 'NONE',  ( 72.13688699415860100, 29.58217442698664000, 789.9421519807881400 ) ) ;
#4754 = CARTESIAN_POINT ( 'NONE',  ( 471.2692413168877000, -123.8333333333341700, 855.2160012743036100 ) ) ;
#4755 = LINE ( 'NONE', #2612, #3680 ) ;
#4756 = DIRECTION ( 'NONE',  ( -5.121305890383908800E-016, 1.000000000000000000, -2.388104156193449600E-016 ) ) ;
#4757 = CARTESIAN_POINT ( 'NONE',  ( -173.3165224756197600, -43.00000000000237300, 725.2164376801540600 ) ) ;
#4758 =( LENGTH_UNIT ( ) NAMED_UNIT ( * ) SI_UNIT ( .MILLI., .METRE. ) );
#4759 = EDGE_CURVE ( 'NONE', #3217, #3970, #556, .T. ) ;
#4760 = CARTESIAN_POINT ( 'NONE',  ( -197.7803432427677400, -43.00000000000163400, 722.8701967020315400 ) ) ;
#4761 = DIRECTION ( 'NONE',  ( -0.08277983124711478500, -0.02617694830787156000, -0.9962240043865567800 ) ) ;
#4762 = CARTESIAN_POINT ( 'NONE',  ( -200.0000000000079900, 42.99999999999808200, 830.0000000198016300 ) ) ;
#4763 = CARTESIAN_POINT ( 'NONE',  ( 292.1412260632816400, -174.4972571887582000, 980.8358930850186000 ) ) ;
#4764 = DIRECTION ( 'NONE',  ( 0.9063077870199147700, 0.0000000000000000000, -0.4226182617765882900 ) ) ;
#4765 = VECTOR ( 'NONE', #1089, 1000.000000000000000 ) ;
#4766 = AXIS2_PLACEMENT_3D ( 'NONE', #4409, #5214, #1638 ) ;
#4767 = CARTESIAN_POINT ( 'NONE',  ( 33.12662110600945200, -73.21736191599312300, 628.9502993126910700 ) ) ;
#4768 = DIRECTION ( 'NONE',  ( 0.4185162732656856300, -0.02617694830787084900, -0.9078319758573659700 ) ) ;
#4769 = CARTESIAN_POINT ( 'NONE',  ( 183.7865328676411400, 27.99999999999806400, 591.6466295121082300 ) ) ;
#4770 = STYLED_ITEM ( 'NONE', ( #1305 ), #3472 ) ;
#4771 = ORIENTED_EDGE ( 'NONE', *, *, #5157, .T. ) ;
#4772 = FACE_OUTER_BOUND ( 'NONE', #3636, .T. ) ;
#4773 = CARTESIAN_POINT ( 'NONE',  ( 173.5713779260461500, -123.8333333333341400, 590.8144930838967600 ) ) ;
#4774 = DIRECTION ( 'NONE',  ( 1.737858883903028800E-015, -1.000000000000000000, -2.389772395653982800E-015 ) ) ;
#4775 = ORIENTED_EDGE ( 'NONE', *, *, #3422, .F. ) ;
#4776 = VERTEX_POINT ( 'NONE', #1046 ) ;
#4777 = VECTOR ( 'NONE', #3817, 1000.000000000000000 ) ;
#4778 = CARTESIAN_POINT ( 'NONE',  ( 299.9999999999925000, -198.4999999998594300, 800.0000000000022700 ) ) ;
#4779 = CARTESIAN_POINT ( 'NONE',  ( -173.3165224756197600, -43.00000000000237300, 725.2164376801540600 ) ) ;
#4780 = ADVANCED_FACE ( 'NONE', ( #4489 ), #3452, .F. ) ;
#4781 = CARTESIAN_POINT ( 'NONE',  ( 83.97159787938019800, 28.05880225946365400, 792.5835872388621500 ) ) ;
#4782 = EDGE_LOOP ( 'NONE', ( #11, #4932, #3725, #4101, #2067 ) ) ;
#4783 = DIRECTION ( 'NONE',  ( 0.9063077870199142100, 2.550147375618800200E-015, -0.4226182617765894000 ) ) ;
#4785 = EDGE_CURVE ( 'NONE', #213, #2588, #2388, .T. ) ;
#4784 = CARTESIAN_POINT ( 'NONE',  ( 157.6525075219026600, 27.99999999999839800, 590.3478873231174500 ) ) ;
#4786 = CYLINDRICAL_SURFACE ( 'NONE', #2986, 30.00000000000002800 ) ;
#4787 = VERTEX_POINT ( 'NONE', #4665 ) ;
#4788 = CARTESIAN_POINT ( 'NONE',  ( 28.33395259373561000, -103.4347238319853700, 631.1851128508036500 ) ) ;
#4789 = VERTEX_POINT ( 'NONE', #134 ) ;
#4790 = LINE ( 'NONE', #4522, #2231 ) ;
#4791 = ORIENTED_EDGE ( 'NONE', *, *, #5256, .T. ) ;
#4792 = ORIENTED_EDGE ( 'NONE', *, *, #4492, .F. ) ;
#4793 = EDGE_CURVE ( 'NONE', #3174, #4601, #2520, .T. ) ;
#4794 = CARTESIAN_POINT ( 'NONE',  ( 168.5822897445114800, -139.1666666666674800, 590.5426493579901700 ) ) ;
#4795 = CARTESIAN_POINT ( 'NONE',  ( 345.4359661082570500, -108.5000000000016500, 1071.880455665191200 ) ) ;
#4796 = LINE ( 'NONE', #49, #3036 ) ;
#4797 = PLANE ( 'NONE',  #1201 ) ;
#4798 = EDGE_LOOP ( 'NONE', ( #1421, #1232, #272, #234, #4525 ) ) ;
#4800 = VERTEX_POINT ( 'NONE', #620 ) ;
#4799 = CARTESIAN_POINT ( 'NONE',  ( 205.2589408023503700, -199.4972571887582800, 954.6618638371055600 ) ) ;
#4801 = CARTESIAN_POINT ( 'NONE',  ( -200.0000000000080700, 68.99999999999772600, 800.0000000198014000 ) ) ;
#4802 = PRESENTATION_STYLE_ASSIGNMENT (( #2629 ) ) ;
#4803 = CARTESIAN_POINT ( 'NONE',  ( -200.0000000000079600, 34.99999999999824500, 775.0000000198016300 ) ) ;
#4804 = CARTESIAN_POINT ( 'NONE',  ( 367.5489231140406900, -139.1666666666681400, 1037.163808246736800 ) ) ;
#4805 = DIRECTION ( 'NONE',  ( -1.737858883903028800E-015, 1.000000000000000000, 2.389772395653982800E-015 ) ) ;
#4806 = ORIENTED_EDGE ( 'NONE', *, *, #2996, .F. ) ;
#4807 = ORIENTED_EDGE ( 'NONE', *, *, #1040, .F. ) ;
#4808 = ORIENTED_EDGE ( 'NONE', *, *, #2675, .T. ) ;
#4809 = AXIS2_PLACEMENT_3D ( 'NONE', #244, #3160, #716 ) ;
#4810 = CIRCLE ( 'NONE', #759, 2.499999999999946700 ) ;
#4811 = CARTESIAN_POINT ( 'NONE',  ( 23.57163313436473100, -133.6520857479775900, 633.4058998391591300 ) ) ;
#4812 = DIRECTION ( 'NONE',  ( 1.290301261655854000E-015, -1.000000000000000000, -3.778739409134997900E-015 ) ) ;
#4813 = ORIENTED_EDGE ( 'NONE', *, *, #5149, .F. ) ;
#4814 = ADVANCED_FACE ( 'NONE', ( #4356 ), #3867, .F. ) ;
#4815 = CARTESIAN_POINT ( 'NONE',  ( 82.63412633666213500, 28.17102281021263700, 792.1757692086208600 ) ) ;
#4816 = CARTESIAN_POINT ( 'NONE',  ( 163.7189312392307300, -154.5000000000008500, 590.3980032445437000 ) ) ;
#4817 = PLANE ( 'NONE',  #1765 ) ;
#4818 = EDGE_CURVE ( 'NONE', #1492, #4979, #2261, .T. ) ;
#4819 = CARTESIAN_POINT ( 'NONE',  ( 289.3994161418898400, -198.4999999998594300, 1053.530527380373300 ) ) ;
#4820 = CARTESIAN_POINT ( 'NONE',  ( 372.0631715283794800, -154.5000000000015300, 1029.892802189809300 ) ) ;
#4821 = DIRECTION ( 'NONE',  ( 0.03489949666292858200, 0.0000000000000000000, -0.9993908270204775500 ) ) ;
#4822 = FACE_OUTER_BOUND ( 'NONE', #2105, .T. ) ;
#4823 = CARTESIAN_POINT ( 'NONE',  ( 8.359170274322082200, -43.00000000000098100, 640.4994239363292100 ) ) ;
#4824 = DIRECTION ( 'NONE',  ( 0.0000000000000000000, 1.850371707708592400E-015, -1.000000000000000000 ) ) ;
#4825 = DIRECTION ( 'NONE',  ( -0.9510565163073903000, 0.0000000000000000000, -0.3090169943372866300 ) ) ;
#4826 = EDGE_CURVE ( 'NONE', #1058, #3, #1309, .T. ) ;
#4827 = B_SPLINE_CURVE_WITH_KNOTS ( 'NONE', 3,
 ( #4174, #2957, #5001, #2602 ),
 .UNSPECIFIED., .F., .F.,
 ( 4, 4 ),
 ( 0.0000000000000000000, 1.000000000000000000 ),
 .UNSPECIFIED. ) ;
#4828 = CARTESIAN_POINT ( 'NONE',  ( 157.4412753927040000, -108.5000000000008500, 590.3863809748716000 ) ) ;
#4829 = CARTESIAN_POINT ( 'NONE',  ( -29.46187508894170300, -97.63135101255484500, 658.1359863377802000 ) ) ;
#4830 = FACE_OUTER_BOUND ( 'NONE', #3338, .T. ) ;
#4831 =( GEOMETRIC_REPRESENTATION_CONTEXT ( 3 ) GLOBAL_UNCERTAINTY_ASSIGNED_CONTEXT ( ( #3319 ) ) GLOBAL_UNIT_ASSIGNED_CONTEXT ( ( #2720, #2730, #2686 ) ) REPRESENTATION_CONTEXT ( 'NONE', 'WORKASPACE' ) );
#4832 = CARTESIAN_POINT ( 'NONE',  ( 195.4033304256532500, -174.4972571887584800, 1029.826353957500500 ) ) ;
#4833 = CARTESIAN_POINT ( 'NONE',  ( -175.2808857116648700, -69.00000000000163400, 725.7887386332605500 ) ) ;
#4834 = ADVANCED_FACE ( 'NONE', ( #3183 ), #3084, .F. ) ;
#4835 = CARTESIAN_POINT ( 'NONE',  ( 83.21200933256054100, 28.11496484205386500, 792.3519756530722600 ) ) ;
#4836 = CARTESIAN_POINT ( 'NONE',  ( 375.8171185467193700, -108.5000000000012500, 1023.778016134891900 ) ) ;
#4837 = LINE ( 'NONE', #3981, #3632 ) ;
#4838 = DIRECTION ( 'NONE',  ( -1.737858883903028800E-015, 1.000000000000000000, 2.389772395653982800E-015 ) ) ;
#4839 = VERTEX_POINT ( 'NONE', #1925 ) ;
#4840 = ORIENTED_EDGE ( 'NONE', *, *, #2939, .F. ) ;
#4841 = CARTESIAN_POINT ( 'NONE',  ( -12.91287257973459600, -73.21736191599325100, 650.4188672748242700 ) ) ;
#4842 = CARTESIAN_POINT ( 'NONE',  ( 347.8765613914907800, -199.4972571887582500, 1035.591242506651300 ) ) ;
#4843 = ORIENTED_EDGE ( 'NONE', *, *, #5086, .F. ) ;
#4844 = VERTEX_POINT ( 'NONE', #2318 ) ;
#4845 = VECTOR ( 'NONE', #1570, 1000.000000000000100 ) ;
#4846 = DIRECTION ( 'NONE',  ( -0.1736481776279283900, 0.0000000000000000000, 0.9848077530190850700 ) ) ;
#4847 = CARTESIAN_POINT ( 'NONE',  ( 152.8955387011178000, -123.8333333333341700, 590.5010746165077100 ) ) ;
#4848 = CARTESIAN_POINT ( 'NONE',  ( 150.3343170477659800, -108.5000000000017300, 974.8536936399657400 ) ) ;
#4849 = ORIENTED_EDGE ( 'NONE', *, *, #899, .T. ) ;
#4850 = ORIENTED_EDGE ( 'NONE', *, *, #397, .T. ) ;
#4851 = CARTESIAN_POINT ( 'NONE',  ( -195.6980479277803500, -60.33333333333497700, 722.1886420658916000 ) ) ;
#4852 = VECTOR ( 'NONE', #256, 1000.000000000000100 ) ;
#4853 = CARTESIAN_POINT ( 'NONE',  ( 84.73227577047123300, 28.02681685828335400, 792.8155309844182700 ) ) ;
#4854 = CARTESIAN_POINT ( 'NONE',  ( 382.4932038689034400, -123.8333333333346400, 1012.741839469185200 ) ) ;
#4855 = CARTESIAN_POINT ( 'NONE',  ( 471.0920357040850500, -108.5000000000009000, 855.9241926059714800 ) ) ;
#4856 = ORIENTED_EDGE ( 'NONE', *, *, #3601, .T. ) ;
#4857 = LINE ( 'NONE', #2429, #4589 ) ;
#4858 = CARTESIAN_POINT ( 'NONE',  ( -26.01017682051082100, -103.4347238319855200, 656.5263488079579000 ) ) ;
#4859 = CARTESIAN_POINT ( 'NONE',  ( 204.7693187003627000, 27.99999999999940000, 593.4109074106517000 ) ) ;
#4860 = ORIENTED_EDGE ( 'NONE', *, *, #1647, .F. ) ;
#4861 = ORIENTED_EDGE ( 'NONE', *, *, #3279, .F. ) ;
#4862 = ADVANCED_FACE ( 'NONE', ( #1171 ), #1081, .T. ) ;
#4863 = CIRCLE ( 'NONE', #1238, 30.00000000000002800 ) ;
#4864 = B_SPLINE_CURVE_WITH_KNOTS ( 'NONE', 3,
 ( #2282, #4675, #142, #3071, #624, #3479, #1065, #3872, #1503, #4267 ),
 .UNSPECIFIED., .F., .F.,
 ( 4, 3, 3, 4 ),
 ( 0.0000000000000000000, 0.01099207614414828000, 0.02748019035927338700, 0.04396830457684824900 ),
 .UNSPECIFIED. ) ;
#4865 = EDGE_CURVE ( 'NONE', #2314, #4283, #1044, .T. ) ;
#4866 = ORIENTED_EDGE ( 'NONE', *, *, #1120, .F. ) ;
#4867 = DIRECTION ( 'NONE',  ( -2.775557561562890600E-015, 2.312964634635741900E-015, -1.000000000000000000 ) ) ;
#4868 = CARTESIAN_POINT ( 'NONE',  ( 146.4268529081681400, -139.1666666666675400, 590.8341455910637000 ) ) ;
#4869 = ORIENTED_EDGE ( 'NONE', *, *, #2976, .T. ) ;
#4870 = ORIENTED_EDGE ( 'NONE', *, *, #2219, .F. ) ;
#4871 = VERTEX_POINT ( 'NONE', #4280 ) ;
#4872 = CARTESIAN_POINT ( 'NONE',  ( 152.0620456741674200, -123.8333333333351300, 983.5572384555732700 ) ) ;
#4873 = CARTESIAN_POINT ( 'NONE',  ( 77.26567371377686300, 27.99999999999869600, 790.7669660163350000 ) ) ;
#4874 = VERTEX_POINT ( 'NONE', #4294 ) ;
#4875 = CARTESIAN_POINT ( 'NONE',  ( 155.4090066689474600, -154.4999999999992900, 999.7533585686684300 ) ) ;
#4876 = VERTEX_POINT ( 'NONE', #3106 ) ;
#4877 = ORIENTED_EDGE ( 'NONE', *, *, #3540, .T. ) ;
#4878 = VECTOR ( 'NONE', #3591, 1000.000000000000000 ) ;
#4879 = DIRECTION ( 'NONE',  ( -1.737858883903029000E-015, 1.000000000000000000, 2.389772395653983200E-015 ) ) ;
#4880 = AXIS2_PLACEMENT_3D ( 'NONE', #170, #3098, #645 ) ;
#4881 = PLANE ( 'NONE',  #3548 ) ;
#4882 = CARTESIAN_POINT ( 'NONE',  ( 83.78229755174169200, 27.59853047955178300, 792.5510935695643900 ) ) ;
#4883 = CARTESIAN_POINT ( 'NONE',  ( -33.31752439940203200, -133.6520857479777600, 659.9337417444003200 ) ) ;
#4884 = CARTESIAN_POINT ( 'NONE',  ( 312.1389277525440200, -200.4999999998597100, 1116.697603046100100 ) ) ;
#4885 = CIRCLE ( 'NONE', #3429, 274.6855533243017900 ) ;
#4886 = DIRECTION ( 'NONE',  ( -1.737858883903028800E-015, 1.000000000000000000, 2.389772395653982800E-015 ) ) ;
#4887 = CARTESIAN_POINT ( 'NONE',  ( 136.2506232092530400, -154.5000000000009100, 591.7995146641386600 ) ) ;
#4888 = CARTESIAN_POINT ( 'NONE',  ( 152.6999450917374800, -139.1666666666685300, 986.7164464092851400 ) ) ;
#4889 = EDGE_CURVE ( 'NONE', #4474, #4459, #5195, .T. ) ;
#4890 = CYLINDRICAL_SURFACE ( 'NONE', #1382, 137.4999999999999400 ) ;
#4891 = CARTESIAN_POINT ( 'NONE',  ( 289.6982612968766400, -174.4972571887583400, 1050.793250976452100 ) ) ;
#4892 = CARTESIAN_POINT ( 'NONE',  ( -194.6043943229443000, -69.00000000000167700, 722.3814827039286700 ) ) ;
#4893 = ADVANCED_FACE ( 'NONE', ( #4235 ), #5076, .T. ) ;
#4894 = CARTESIAN_POINT ( 'NONE',  ( 84.94275165522310500, 27.73477262817943500, 792.8942404842994200 ) ) ;
#4895 = CARTESIAN_POINT ( 'NONE',  ( -42.96057510409809800, -43.00000000000112300, 664.4304508596195500 ) ) ;
#4896 = EDGE_CURVE ( 'NONE', #1094, #2618, #908, .T. ) ;
#4897 = LINE ( 'NONE', #641, #2648 ) ;
#4898 = CARTESIAN_POINT ( 'NONE',  ( 86.10696440213791900, 28.00000000001125900, 793.2346971438881800 ) ) ;
#4899 = CARTESIAN_POINT ( 'NONE',  ( 124.6877583922878300, -108.5000000000008800, 593.5499138500962300 ) ) ;
#4900 = CARTESIAN_POINT ( 'NONE',  ( 155.4090066689474600, -154.5000000000018500, 999.7533585686684300 ) ) ;
#4901 = ORIENTED_EDGE ( 'NONE', *, *, #476, .F. ) ;
#4902 = LINE ( 'NONE', #903, #2768 ) ;
#4903 = DIRECTION ( 'NONE',  ( -0.8581975929795205800, -2.647095809985084200E-016, -0.5133194827825622300 ) ) ;
#4904 = VERTEX_POINT ( 'NONE', #1118 ) ;
#4905 = VERTEX_POINT ( 'NONE', #4736 ) ;
#4906 = CARTESIAN_POINT ( 'NONE',  ( -175.2808857116648700, -51.66666666666827700, 725.7887386332605500 ) ) ;
#4907 = CARTESIAN_POINT ( 'NONE',  ( 75.67905481353608400, -152.3317153061953500, 609.1078931315205400 ) ) ;
#4908 = FACE_OUTER_BOUND ( 'NONE', #1917, .T. ) ;
#4909 = CARTESIAN_POINT ( 'NONE',  ( 86.13640003041587100, 29.92575347601718500, 793.1381606686836700 ) ) ;
#4910 = EDGE_LOOP ( 'NONE', ( #4565, #4437, #2714, #2593 ) ) ;
#4911 = CARTESIAN_POINT ( 'NONE',  ( 212.2945970714442300, 27.99999999999926100, 594.3537346264402000 ) ) ;
#4912 = VECTOR ( 'NONE', #1414, 1000.000000000000100 ) ;
#4913 = ADVANCED_FACE ( 'NONE', ( #2024 ), #2499, .F. ) ;
#4914 = ORIENTED_EDGE ( 'NONE', *, *, #1782, .T. ) ;
#4915 = CARTESIAN_POINT ( 'NONE',  ( 299.9999999999923800, -154.5000000000015300, 800.0000000000026100 ) ) ;
#4917 = EDGE_CURVE ( 'NONE', #4844, #1296, #2933, .T. ) ;
#4916 = CARTESIAN_POINT ( 'NONE',  ( 266.7317057843961800, -198.4999999998598000, 1070.340291314538500 ) ) ;
#4918 = CIRCLE ( 'NONE', #1588, 74.99999999999995700 ) ;
#4919 = EDGE_LOOP ( 'NONE', ( #2438, #2907, #4040, #2129 ) ) ;
#4920 = CARTESIAN_POINT ( 'NONE',  ( 123.1856398322188100, -108.5000000000008000, 593.8254212335031100 ) ) ;
#4921 = CARTESIAN_POINT ( 'NONE',  ( -2.214082889985055300, -43.00000000000169100, 645.4300597652700200 ) ) ;
#4922 = CIRCLE ( 'NONE', #2848, 74.99999999999995700 ) ;
#4923 = UNCERTAINTY_MEASURE_WITH_UNIT (LENGTH_MEASURE( 1.000000000000000100E-005 ), #3123, 'distance_accuracy_value', 'NONE');
#4924 = CARTESIAN_POINT ( 'NONE',  ( 69.39024010630669200, -43.00000000000090900, 612.0404863829655800 ) ) ;
#4925 = EDGE_LOOP ( 'NONE', ( #5341, #4775, #648 ) ) ;
#4926 = EDGE_LOOP ( 'NONE', ( #3487, #277, #5310, #3037 ) ) ;
#4927 = EDGE_CURVE ( 'NONE', #437, #71, #20, .T. ) ;
#4928 = CARTESIAN_POINT ( 'NONE',  ( 78.86447669824843800, 31.56227769653017400, 790.8608106374754200 ) ) ;
#4929 = VECTOR ( 'NONE', #3156, 1000.000000000000100 ) ;
#4930 = ORIENTED_EDGE ( 'NONE', *, *, #1001, .F. ) ;
#4931 = CARTESIAN_POINT ( 'NONE',  ( 454.4755667363060600, -108.5000000000009800, 892.3975069008638500 ) ) ;
#4932 = ORIENTED_EDGE ( 'NONE', *, *, #45, .T. ) ;
#4933 = VERTEX_POINT ( 'NONE', #728 ) ;
#4934 = ORIENTED_EDGE ( 'NONE', *, *, #35, .T. ) ;
#4935 = AXIS2_PLACEMENT_3D ( 'NONE', #4010, #3949, #3913 ) ;
#4936 = DIRECTION ( 'NONE',  ( 9.783840404509188900E-015, 2.359223927328456900E-015, -1.000000000000000000 ) ) ;
#4937 = CARTESIAN_POINT ( 'NONE',  ( 299.9999999999923300, -108.5000000000011200, 800.0000000000026100 ) ) ;
#4938 = CARTESIAN_POINT ( 'NONE',  ( 245.2326640286215100, -184.8899114133759800, 972.6688060606344400 ) ) ;
#4939 = VERTEX_POINT ( 'NONE', #3172 ) ;
#4940 = CARTESIAN_POINT ( 'NONE',  ( 119.2481725079937900, -123.8333333344010500, 594.6056217655821000 ) ) ;
#4941 = ADVANCED_FACE ( 'NONE', ( #2136 ), #3865, .T. ) ;
#4942 = AXIS2_PLACEMENT_3D ( 'NONE', #2649, #3834, #3038 ) ;
#4943 = CARTESIAN_POINT ( 'NONE',  ( 63.07044315881093900, -79.44390510206574200, 614.9875523339084100 ) ) ;
#4944 = CARTESIAN_POINT ( 'NONE',  ( 142.9651427271264500, -108.5000000000009000, 591.1036459193754800 ) ) ;
#4945 = CARTESIAN_POINT ( 'NONE',  ( -209.0816726285626700, -69.00000000000177600, 741.8940010932589100 ) ) ;
#4946 = PLANE ( 'NONE',  #1658 ) ;
#4947 = VECTOR ( 'NONE', #3587, 1000.000000000000000 ) ;
#4948 = DIRECTION ( 'NONE',  ( 0.01526430466740139400, 0.9986295347545023300, -0.05006049659189530000 ) ) ;
#4949 = CARTESIAN_POINT ( 'NONE',  ( 471.1677886676936300, -154.5000000000021300, 855.6924372931014200 ) ) ;
#4950 = EDGE_CURVE ( 'NONE', #4681, #2057, #2808, .T. ) ;
#4951 = CARTESIAN_POINT ( 'NONE',  ( 114.8676898745776200, -139.1666666688013800, 595.5735769154810000 ) ) ;
#4952 = CARTESIAN_POINT ( 'NONE',  ( 80.89502964603980200, 28.24350292571313000, 791.6688903191662800 ) ) ;
#4953 = CARTESIAN_POINT ( 'NONE',  ( -194.6043943229443000, -43.00000000000162000, 722.3814827039286700 ) ) ;
#4954 = LINE ( 'NONE', #5199, #1771 ) ;
#4955 = CARTESIAN_POINT ( 'NONE',  ( 56.71356768959529400, -115.8878102041306000, 617.9518318153794800 ) ) ;
#4956 = CARTESIAN_POINT ( 'NONE',  ( 166.9468606990895400, -108.5000000000008500, 590.4807848033433400 ) ) ;
#4957 = EDGE_CURVE ( 'NONE', #1164, #5057, #3986, .T. ) ;
#4958 = ADVANCED_FACE ( 'NONE', ( #1762 ), #275, .T. ) ;
#4959 = VERTEX_POINT ( 'NONE', #2014 ) ;
#4960 = CARTESIAN_POINT ( 'NONE',  ( 72.31382394031616900, 30.41348954081751500, 789.9980006180643400 ) ) ;
#4961 = DIRECTION ( 'NONE',  ( 1.991229394628974600E-015, -2.489036743286218300E-015, 1.000000000000000000 ) ) ;
#4962 = ORIENTED_EDGE ( 'NONE', *, *, #4684, .T. ) ;
#4963 = ORIENTED_EDGE ( 'NONE', *, *, #3203, .F. ) ;
#4964 = CARTESIAN_POINT ( 'NONE',  ( 110.5425232596998600, -154.5000000032016200, 596.6311160947966500 ) ) ;
#4965 = LINE ( 'NONE', #2765, #3762 ) ;
#4966 = ORIENTED_EDGE ( 'NONE', *, *, #1774, .T. ) ;
#4967 = CARTESIAN_POINT ( 'NONE',  ( 82.18226199938027300, 27.94208334417217500, 792.0275382610601600 ) ) ;
#4969 = CARTESIAN_POINT ( 'NONE',  ( 479.8885385508000400, -154.5000000000016500, 806.3335375624153600 ) ) ;
#4968 = STYLED_ITEM ( 'NONE', ( #3259 ), #4578 ) ;
#4970 = CARTESIAN_POINT ( 'NONE',  ( 49.31249507700221800, -43.00000000000147100, 621.4028753027671400 ) ) ;
#4971 = CARTESIAN_POINT ( 'NONE',  ( 50.31613958882488200, -152.3317153061954100, 620.9349357631733700 ) ) ;
#4972 = ORIENTED_EDGE ( 'NONE', *, *, #4957, .T. ) ;
#4973 = ORIENTED_EDGE ( 'NONE', *, *, #3002, .F. ) ;
#4974 = CARTESIAN_POINT ( 'NONE',  ( 74.04815744685802800, 28.92007446901953900, 790.2838351527705100 ) ) ;
#4975 = CARTESIAN_POINT ( 'NONE',  ( 293.4608992601714000, -154.5000000000024400, 981.2516879678620400 ) ) ;
#4976 = CARTESIAN_POINT ( 'NONE',  ( 161.7782627898010900, -154.5000000000019000, 1028.592445563547200 ) ) ;
#4977 = CARTESIAN_POINT ( 'NONE',  ( 292.7954753086147500, -199.4972571887581400, 980.8587399720790900 ) ) ;
#4978 = ORIENTED_EDGE ( 'NONE', *, *, #292, .T. ) ;
#4979 = VERTEX_POINT ( 'NONE', #2027 ) ;
#4980 = LINE ( 'NONE', #627, #5106 ) ;
#4981 = CARTESIAN_POINT ( 'NONE',  ( -23.63790980913102400, -43.00000000000177600, 655.4201543329105600 ) ) ;
#4983 = EDGE_CURVE ( 'NONE', #1197, #1222, #1901, .T. ) ;
#4982 = CARTESIAN_POINT ( 'NONE',  ( 70.43704421152192200, 31.04174607331797700, 789.8015828875849100 ) ) ;
#4984 = EDGE_LOOP ( 'NONE', ( #2375, #1362, #1289, #5304 ) ) ;
#4985 = VERTEX_POINT ( 'NONE', #2420 ) ;
#4986 =( NAMED_UNIT ( * ) SI_UNIT ( $, .STERADIAN. ) SOLID_ANGLE_UNIT ( ) );
#4987 = LINE ( 'NONE', #2044, #2851 ) ;
#4988 = CARTESIAN_POINT ( 'NONE',  ( 104.8659038957063100, -108.5000000000008400, 598.1754713193474800 ) ) ;
#4989 = ORIENTED_EDGE ( 'NONE', *, *, #1143, .F. ) ;
#4990 = ORIENTED_EDGE ( 'NONE', *, *, #4354, .T. ) ;
#4991 = VERTEX_POINT ( 'NONE', #3202 ) ;
#4992 = ADVANCED_FACE ( 'NONE', ( #4822 ), #2813, .T. ) ;
#4993 = DIRECTION ( 'NONE',  ( -1.737858883903028800E-015, 1.000000000000000000, 2.389772395653982800E-015 ) ) ;
#4994 = DIRECTION ( 'NONE',  ( -3.959698384589041100E-011, 0.0000000000000000000, -1.000000000000000000 ) ) ;
#4995 = CARTESIAN_POINT ( 'NONE',  ( 41.71741214268990900, -43.00000000000098100, 624.9444721390644900 ) ) ;
#4996 = EDGE_CURVE ( 'NONE', #4800, #4871, #2694, .T. ) ;
#4997 = ORIENTED_EDGE ( 'NONE', *, *, #3438, .T. ) ;
#4999 = ORIENTED_EDGE ( 'NONE', *, *, #1895, .F. ) ;
#4998 = CARTESIAN_POINT ( 'NONE',  ( 66.74334451284067900, 32.80997294003245200, 789.5671985169777800 ) ) ;
#5000 = ORIENTED_EDGE ( 'NONE', *, *, #3108, .F. ) ;
#5001 = CARTESIAN_POINT ( 'NONE',  ( 317.3523176435430700, 27.99999999999913700, 721.9046326343271900 ) ) ;
#5002 = CARTESIAN_POINT ( 'NONE',  ( 196.4859911350856400, -154.5000000000019600, 994.1258611538326000 ) ) ;
#5003 = CARTESIAN_POINT ( 'NONE',  ( 265.0555088487971600, -136.0000000000025900, 1073.426940382778400 ) ) ;
#5004 = CARTESIAN_POINT ( 'NONE',  ( 68.63625433286632900, 31.68689126957557900, 789.6691787280274200 ) ) ;
#5005 = DIRECTION ( 'NONE',  ( -1.737858883903028800E-015, 1.000000000000000000, 2.389772395653982800E-015 ) ) ;
#5006 = FACE_OUTER_BOUND ( 'NONE', #1425, .T. ) ;
#5007 = CARTESIAN_POINT ( 'NONE',  ( 100.6791312298810200, -123.8333333344010900, 599.4305961818197400 ) ) ;
#5008 = CARTESIAN_POINT ( 'NONE',  ( 164.3155655347233100, -154.5000000000017300, 1039.944042294747100 ) ) ;
#5009 = DIRECTION ( 'NONE',  ( 0.0000000000000000000, 0.0000000000000000000, -1.000000000000000000 ) ) ;
#5010 = CARTESIAN_POINT ( 'NONE',  ( 130.2334627276248700, 68.99999999999892000, 592.6275745847023000 ) ) ;
#5011 = CARTESIAN_POINT ( 'NONE',  ( -45.35363362018848200, -43.00000000000153500, 665.5463626410605700 ) ) ;
#5012 = CARTESIAN_POINT ( 'NONE',  ( 72.26319490380541300, 31.49679470965918800, 789.9065386781189800 ) ) ;
#5013 = DIRECTION ( 'NONE',  ( 0.9820075483572791000, 2.157879143488329100E-015, -0.1888416664015815400 ) ) ;
#5014 = CARTESIAN_POINT ( 'NONE',  ( -85.15886506695878200, -69.00000000023037200, 684.1078469011229100 ) ) ;
#5015 = CARTESIAN_POINT ( 'NONE',  ( 78.20684702511468300, -108.5000000000009700, 607.9415112261392600 ) ) ;
#5016 = EDGE_CURVE ( 'NONE', #881, #664, #3739, .T. ) ;
#5017 = SURFACE_STYLE_FILL_AREA ( #4232 ) ;
#5018 = CARTESIAN_POINT ( 'NONE',  ( 289.9999999999924400, -195.4999999998595100, 1078.000000000002500 ) ) ;
#5019 = DIRECTION ( 'NONE',  ( 0.9993908270204775500, 0.0000000000000000000, 0.03489949666292877000 ) ) ;
#5020 = DIRECTION ( 'NONE',  ( 0.0000000000000000000, 2.422304781000342500E-015, -1.000000000000000000 ) ) ;
#5021 = FACE_OUTER_BOUND ( 'NONE', #3585, .T. ) ;
#5022 = CARTESIAN_POINT ( 'NONE',  ( 93.88680619964401300, -139.1666666688013800, 601.6768961544554500 ) ) ;
#5023 = CARTESIAN_POINT ( 'NONE',  ( -2.214082889985055300, -43.00000000000169100, 645.4300597652700200 ) ) ;
#5024 = CARTESIAN_POINT ( 'NONE',  ( 85.31115274355559600, 28.00694175126358200, 792.9920405095746200 ) ) ;
#5025 = EDGE_LOOP ( 'NONE', ( #531, #4989, #14, #1095, #165, #3232, #2315, #1364, #4411, #2979 ) ) ;
#5026 = CARTESIAN_POINT ( 'NONE',  ( 173.1056774165971600, 55.33333333333251900, 590.7486074866526500 ) ) ;
#5027 = CARTESIAN_POINT ( 'NONE',  ( 83.80902265796088100, 27.99999999999896600, 792.5318304207778500 ) ) ;
#5028 = B_SPLINE_CURVE_WITH_KNOTS ( 'NONE', 3,
 ( #975, #139, #2945, #2645, #755, #3254, #3057, #1470, #2753, #3436, #2336, #948, #3812, #2063, #2289, #1530, #1597, #3117, #1948, #2844, #1821, #744, #3512, #3616, #1772, #3019, #1759, #595 ),
 .UNSPECIFIED., .F., .F.,
 ( 4, 1, 1, 1, 1, 1, 1, 1, 1, 1, 1, 1, 1, 1, 1, 1, 1, 1, 1, 1, 1, 1, 1, 1, 1, 4 ),
 ( 1.726149127254634800E-013, 0.003139895234157024300, 0.006339310025195812400, 0.009597234132054753900, 0.01291262478797540300, 0.01628440725592866100, 0.01971147548918788400, 0.02319269290522307800, 0.02672689328066254300, 0.02819207455654761500, 0.02967127107651181700, 0.03116436416566973800, 0.03267123352987371500, 0.03419175727448160000, 0.03572581192466510500, 0.03727327244730784700, 0.03883401227454244500, 0.04040790332897140800, 0.04199481605062141400, 0.04359461942567344200, 0.04520718101701666500, 0.04683236699666758200, 0.04847004218009944000, 0.05012007006252215000, 0.05178231285715452500, 0.05345663153552747400 ),
 .UNSPECIFIED. ) ;
#5029 = CARTESIAN_POINT ( 'NONE',  ( 299.9999999999923800, -162.5000000000016200, 800.0000000000025000 ) ) ;
#5030 = DIRECTION ( 'NONE',  ( 0.0000000000000000000, -2.389772395653985900E-015, 1.000000000000000000 ) ) ;
#5031 = ORIENTED_EDGE ( 'NONE', *, *, #3999, .F. ) ;
#5032 = ORIENTED_EDGE ( 'NONE', *, *, #740, .T. ) ;
#5033 = FACE_OUTER_BOUND ( 'NONE', #825, .T. ) ;
#5034 = AXIS2_PLACEMENT_3D ( 'NONE', #5165, #5158, #5119 ) ;
#5035 = ORIENTED_EDGE ( 'NONE', *, *, #753, .T. ) ;
#5036 = ORIENTED_EDGE ( 'NONE', *, *, #3836, .F. ) ;
#5037 = CARTESIAN_POINT ( 'NONE',  ( 67.81025362364252400, 31.48512838995901900, 789.5968578927324900 ) ) ;
#5038 = CARTESIAN_POINT ( 'NONE',  ( 244.1839181280901100, -154.5000000000024200, 972.4622722134365600 ) ) ;
#5039 = CARTESIAN_POINT ( 'NONE',  ( -208.0050308177291900, -51.66666666666837700, 741.3919547717254100 ) ) ;
#5040 = FACE_OUTER_BOUND ( 'NONE', #3596, .T. ) ;
#5041 = ORIENTED_EDGE ( 'NONE', *, *, #395, .T. ) ;
#5042 = ORIENTED_EDGE ( 'NONE', *, *, #2274, .F. ) ;
#5043 = VECTOR ( 'NONE', #2374, 1000.000000000000100 ) ;
#5045 = CARTESIAN_POINT ( 'NONE',  ( 85.70890218660696300, 27.99999999999863600, 793.1133211418825800 ) ) ;
#5044 = AXIS2_PLACEMENT_3D ( 'NONE', #658, #3904, #5109 ) ;
#5046 = CARTESIAN_POINT ( 'NONE',  ( 78.85528485231762400, 27.99999999999897000, 791.0529469530829400 ) ) ;
#5047 = CARTESIAN_POINT ( 'NONE',  ( 157.6525075219025800, 68.99999999999917600, 590.3478873231175600 ) ) ;
#5048 = PLANE ( 'NONE',  #1589 ) ;
#5049 = ORIENTED_EDGE ( 'NONE', *, *, #1675, .T. ) ;
#5050 = ORIENTED_EDGE ( 'NONE', *, *, #3937, .T. ) ;
#5051 = DIRECTION ( 'NONE',  ( 0.04126423132512048500, -0.9990487776442195100, -0.01409975534318767000 ) ) ;
#5052 = LINE ( 'NONE', #732, #1998 ) ;
#5053 = CARTESIAN_POINT ( 'NONE',  ( -199.5329956423533100, -43.00000000000164100, 724.1849894868801100 ) ) ;
#5054 = EDGE_LOOP ( 'NONE', ( #4518, #1259 ) ) ;
#5055 = PLANE ( 'NONE',  #4051 ) ;
#5056 = ORIENTED_EDGE ( 'NONE', *, *, #3065, .T. ) ;
#5057 = VERTEX_POINT ( 'NONE', #2443 ) ;
#5058 = CIRCLE ( 'NONE', #3210, 2.499999999999946700 ) ;
#5059 = CARTESIAN_POINT ( 'NONE',  ( 72.03631720392391500, 29.44274772914741300, 789.9120067251124100 ) ) ;
#5060 = EDGE_CURVE ( 'NONE', #1724, #4904, #1632, .T. ) ;
#5061 = CARTESIAN_POINT ( 'NONE',  ( 82.63535270231020000, 28.05632351216240700, 792.1717472453098000 ) ) ;
#5062 = CARTESIAN_POINT ( 'NONE',  ( 190.2696970427607500, 839.0046633176074200, 592.1917696218157500 ) ) ;
#5063 = ORIENTED_EDGE ( 'NONE', *, *, #3601, .F. ) ;
#5064 = ORIENTED_EDGE ( 'NONE', *, *, #3540, .F. ) ;
#5065 = ORIENTED_EDGE ( 'NONE', *, *, #3676, .T. ) ;
#5066 = CARTESIAN_POINT ( 'NONE',  ( 235.3035037589711500, -123.8333333333339800, 596.0138157273036100 ) ) ;
#5067 = DIRECTION ( 'NONE',  ( 1.737858883903028800E-015, -1.000000000000000000, -2.389772395653982800E-015 ) ) ;
#5068 = CARTESIAN_POINT ( 'NONE',  ( 244.9854639644137800, -174.4972571887577700, 972.2551775125895100 ) ) ;
#5069 = EDGE_LOOP ( 'NONE', ( #5121, #930, #1719, #3777 ) ) ;
#5070 = CARTESIAN_POINT ( 'NONE',  ( 134.1960563827044000, 27.99999999999911900, 592.0270133139243900 ) ) ;
#5071 = EDGE_CURVE ( 'NONE', #4776, #2248, #4687, .T. ) ;
#5072 = CARTESIAN_POINT ( 'NONE',  ( 283.7383055296284100, 68.99999999999876400, 853.3315154742532500 ) ) ;
#5073 = CARTESIAN_POINT ( 'NONE',  ( 266.2209785113754500, -183.8746844511449000, 1115.709221883372500 ) ) ;
#5074 = CARTESIAN_POINT ( 'NONE',  ( 315.3343195250328700, -150.5000000000027000, 1075.224032078609300 ) ) ;
#5075 = CARTESIAN_POINT ( 'NONE',  ( 74.11395182550305100, 28.26597446044428400, 790.1814199221443000 ) ) ;
#5076 = CYLINDRICAL_SURFACE ( 'NONE', #4308, 56.49999999999999300 ) ;
#5077 = CARTESIAN_POINT ( 'NONE',  ( 83.21358103196422500, 27.94289114824792400, 792.3458610387676800 ) ) ;
#5078 = CARTESIAN_POINT ( 'NONE',  ( -132.3785036757289500, -43.00000000000170500, 800.0000000106939500 ) ) ;
#5079 = CARTESIAN_POINT ( 'NONE',  ( 231.7601572311609200, -123.8333333333339800, 595.6826600169922600 ) ) ;
#5080 = CARTESIAN_POINT ( 'NONE',  ( -200.0000000000076700, -127.8528137423874100, 770.0000000198011800 ) ) ;
#5081 = DIRECTION ( 'NONE',  ( 0.9063077870533835500, 5.650735835597816500E-016, 0.4226182617048141500 ) ) ;
#5082 = CARTESIAN_POINT ( 'NONE',  ( 77.72685196240763600, 27.99999999827130600, 790.8292407715954400 ) ) ;
#5083 = DIRECTION ( 'NONE',  ( 0.0000000000000000000, -2.402497283975623500E-015, 1.000000000000000000 ) ) ;
#5084 = FACE_OUTER_BOUND ( 'NONE', #3897, .T. ) ;
#5085 = DIRECTION ( 'NONE',  ( -1.737858883903029000E-015, 1.000000000000000000, 2.389772395653983200E-015 ) ) ;
#5086 = EDGE_CURVE ( 'NONE', #2430, #75, #2815, .T. ) ;
#5087 = CYLINDRICAL_SURFACE ( 'NONE', #3295, 2.499999999999946700 ) ;
#5088 = CARTESIAN_POINT ( 'NONE',  ( 74.23051547341833600, 29.84162393677240700, 790.2609392126270200 ) ) ;
#5089 = CARTESIAN_POINT ( 'NONE',  ( 85.31155725093773900, 27.89216093439327400, 792.9877679498040400 ) ) ;
#5090 = VECTOR ( 'NONE', #3448, 1000.000000000000000 ) ;
#5091 = VERTEX_POINT ( 'NONE', #2056 ) ;
#5092 = VERTEX_POINT ( 'NONE', #4417 ) ;
#5093 = LINE ( 'NONE', #68, #4569 ) ;
#5094 = CARTESIAN_POINT ( 'NONE',  ( 66.73482354250683100, 31.41624657591290800, 789.5478186075548600 ) ) ;
#5095 = EDGE_CURVE ( 'NONE', #1284, #3, #2573, .T. ) ;
#5096 = CARTESIAN_POINT ( 'NONE',  ( 190.2696970427621200, 68.99999999999923300, 592.1917696218138200 ) ) ;
#5097 = ORIENTED_EDGE ( 'NONE', *, *, #598, .F. ) ;
#5098 = CYLINDRICAL_SURFACE ( 'NONE', #378, 74.99999999999995700 ) ;
#5099 = EDGE_LOOP ( 'NONE', ( #671, #1750, #4328, #4337, #1126 ) ) ;
#5100 = DIRECTION ( 'NONE',  ( 1.290301261655854000E-015, -1.000000000000000000, -3.778739409134997900E-015 ) ) ;
#5101 = VERTEX_POINT ( 'NONE', #3622 ) ;
#5102 = VERTEX_POINT ( 'NONE', #4842 ) ;
#5103 = AXIS2_PLACEMENT_3D ( 'NONE', #2194, #2191, #2182 ) ;
#5104 = CARTESIAN_POINT ( 'NONE',  ( 75.03149376744931900, 29.61104531408423700, 790.3856920614009600 ) ) ;
#5105 = VERTEX_POINT ( 'NONE', #4431 ) ;
#5106 = VECTOR ( 'NONE', #3874, 1000.000000000000100 ) ;
#5107 = EDGE_LOOP ( 'NONE', ( #4592, #510, #4574, #1488 ) ) ;
#5108 = CARTESIAN_POINT ( 'NONE',  ( 83.33702835762807100, -108.5000000000009500, 605.7230126638385200 ) ) ;
#5109 = DIRECTION ( 'NONE',  ( 0.0000000000000000000, -1.991229394628974600E-015, 1.000000000000000000 ) ) ;
#5110 = CARTESIAN_POINT ( 'NONE',  ( 85.93896304316373900, -154.5000000032016800, 604.6613936239577900 ) ) ;
#5111 = CARTESIAN_POINT ( 'NONE',  ( 185.2712480090646600, 27.99999999999921100, 591.7714822993832500 ) ) ;
#5112 = VECTOR ( 'NONE', #2329, 1000.000000000000000 ) ;
#5113 = ORIENTED_EDGE ( 'NONE', *, *, #1214, .F. ) ;
#5114 = ORIENTED_EDGE ( 'NONE', *, *, #4577, .T. ) ;
#5116 = ORIENTED_EDGE ( 'NONE', *, *, #1318, .F. ) ;
#5115 = CARTESIAN_POINT ( 'NONE',  ( 98.84841597857015900, -154.5000000000016500, 600.0085945548991000 ) ) ;
#5117 = VERTEX_POINT ( 'NONE', #3245 ) ;
#5118 = CARTESIAN_POINT ( 'NONE',  ( 292.7785231117850300, -174.4972571887581100, 980.7829377839045700 ) ) ;
#5119 = DIRECTION ( 'NONE',  ( 0.0000000000000000000, 2.392722035830081200E-015, -1.000000000000000000 ) ) ;
#5120 = LINE ( 'NONE', #3610, #1689 ) ;
#5121 = ORIENTED_EDGE ( 'NONE', *, *, #788, .T. ) ;
#5122 = ORIENTED_EDGE ( 'NONE', *, *, #2497, .T. ) ;
#5123 = ORIENTED_EDGE ( 'NONE', *, *, #4717, .F. ) ;
#5124 = CARTESIAN_POINT ( 'NONE',  ( 77.00583546701062700, 29.11417555233055100, 790.7530440345169600 ) ) ;
#5125 = FILL_AREA_STYLE_COLOUR ( '', #2165 ) ;
#5126 = B_SPLINE_CURVE_WITH_KNOTS ( 'NONE', 3,
 ( #2462, #2321, #2238, #2258 ),
 .UNSPECIFIED., .F., .F.,
 ( 4, 4 ),
 ( 0.0000000000000000000, 0.03524264954189486300 ),
 .UNSPECIFIED. ) ;
#5127 = DIRECTION ( 'NONE',  ( 0.0000000000000000000, 1.964996503761339300E-015, -1.000000000000000000 ) ) ;
#5128 = CARTESIAN_POINT ( 'NONE',  ( 315.1942800860021000, -154.5000000000017300, 1075.231798747112900 ) ) ;
#5129 = CARTESIAN_POINT ( 'NONE',  ( 76.52032841621704100, -108.5000000000008800, 608.7197100026015700 ) ) ;
#5130 = CARTESIAN_POINT ( 'NONE',  ( 179.9068334964739500, 41.66666666666586100, 591.3204403449740300 ) ) ;
#5131 = CARTESIAN_POINT ( 'NONE',  ( 314.8315843856105400, -136.0000000000025900, 1089.620482881673300 ) ) ;
#5132 = LINE ( 'NONE', #3477, #2325 ) ;
#5133 = EDGE_CURVE ( 'NONE', #4283, #4991, #3497, .T. ) ;
#5134 = CARTESIAN_POINT ( 'NONE',  ( 117.7820250465906600, -154.5000000000015900, 594.9181678281604500 ) ) ;
#5135 = CARTESIAN_POINT ( 'NONE',  ( 299.9999999999920400, 27.99999999999882800, 800.0000000000029600 ) ) ;
#5136 = AXIS2_PLACEMENT_3D ( 'NONE', #5135, #2345, #1125 ) ;
#5137 = CIRCLE ( 'NONE', #1452, 180.0000000000001700 ) ;
#5138 = CARTESIAN_POINT ( 'NONE',  ( -223.8779317903852800, 42.99999999999741400, 748.7936100531765100 ) ) ;
#5139 = CARTESIAN_POINT ( 'NONE',  ( 471.0920357040850500, -139.1666666666675700, 855.9241926059713700 ) ) ;
#5140 = AXIS2_PLACEMENT_3D ( 'NONE', #3567, #1152, #3552 ) ;
#5141 = CONICAL_SURFACE ( 'NONE', #4695, 274.6855533243017900, 0.05235987755983038900 ) ;
#5142 = DIRECTION ( 'NONE',  ( 1.000000000000000000, -9.316763331649989500E-016, 0.0000000000000000000 ) ) ;
#5143 = SURFACE_STYLE_USAGE ( .BOTH. , #2354 ) ;
#5144 = CARTESIAN_POINT ( 'NONE',  ( 183.7865328676411400, 68.99999999999914700, 591.6466295121083500 ) ) ;
#5145 = VECTOR ( 'NONE', #3805, 1000.000000000000000 ) ;
#5146 = CARTESIAN_POINT ( 'NONE',  ( 219.6189667298461400, 68.99999999999928900, 596.1934156970196500 ) ) ;
#5147 = DIRECTION ( 'NONE',  ( 1.737858883903028800E-015, -1.000000000000000000, -2.389772395653982800E-015 ) ) ;
#5148 = VECTOR ( 'NONE', #4444, 999.9999999999998900 ) ;
#5149 = EDGE_CURVE ( 'NONE', #2483, #3846, #2364, .T. ) ;
#5150 = VERTEX_POINT ( 'NONE', #546 ) ;
#5151 = CARTESIAN_POINT ( 'NONE',  ( 37.94769772507811500, -103.4347238319853400, 626.7023051484204600 ) ) ;
#5152 = CARTESIAN_POINT ( 'NONE',  ( 72.70390780724802900, 29.27478547732694700, 790.0069473578068900 ) ) ;
#5153 = CIRCLE ( 'NONE', #4483, 30.00000000000002800 ) ;
#5154 = CARTESIAN_POINT ( 'NONE',  ( 471.2692413168877600, -154.5000000000009400, 855.2160012743034900 ) ) ;
#5155 = ORIENTED_EDGE ( 'NONE', *, *, #4237, .T. ) ;
#5156 = LINE ( 'NONE', #3738, #1273 ) ;
#5157 = EDGE_CURVE ( 'NONE', #5150, #1487, #175, .T. ) ;
#5158 = DIRECTION ( 'NONE',  ( -4.153087188293503300E-030, 1.000000000000000000, 2.389772395653986300E-015 ) ) ;
#5159 = CARTESIAN_POINT ( 'NONE',  ( 176.9597067419734900, -139.1666666666674800, 591.0726568250837500 ) ) ;
#5160 = CARTESIAN_POINT ( 'NONE',  ( 289.9999999999924400, -195.4999999998595100, 1078.000000000002500 ) ) ;
#5161 =( NAMED_UNIT ( * ) SI_UNIT ( $, .STERADIAN. ) SOLID_ANGLE_UNIT ( ) );
#5162 = ORIENTED_EDGE ( 'NONE', *, *, #3530, .T. ) ;
#5163 = VECTOR ( 'NONE', #5302, 1000.000000000000000 ) ;
#5164 = DIRECTION ( 'NONE',  ( 0.03489949666292911000, 2.488184428288645300E-015, -0.9993908270204775500 ) ) ;
#5165 = CARTESIAN_POINT ( 'NONE',  ( 299.9999999999920400, -136.0000000000019900, 800.0000000000026100 ) ) ;
#5166 = PLANE ( 'NONE',  #1528 ) ;
#5167 = CARTESIAN_POINT ( 'NONE',  ( 312.7002721626012700, -183.8758957927031500, 1117.257039676462200 ) ) ;
#5168 = ORIENTED_EDGE ( 'NONE', *, *, #4253, .F. ) ;
#5169 = ORIENTED_EDGE ( 'NONE', *, *, #2125, .F. ) ;
#5170 = AXIS2_PLACEMENT_3D ( 'NONE', #994, #1839, #4615 ) ;
#5171 = CARTESIAN_POINT ( 'NONE',  ( 33.12662110600956600, -133.6520857479775700, 628.9502993126909600 ) ) ;
#5172 = DIRECTION ( 'NONE',  ( -6.049435690397999600E-016, -1.000000000000000000, -1.297305670189480400E-015 ) ) ;
#5173 = CARTESIAN_POINT ( 'NONE',  ( 179.9068334964739200, 27.99999999999802800, 591.3204403449740300 ) ) ;
#5174 = EDGE_LOOP ( 'NONE', ( #5181, #2560, #4531, #2977, #3784, #3228, #1091 ) ) ;
#5175 = EDGE_LOOP ( 'NONE', ( #2919, #3353, #730, #4323 ) ) ;
#5176 = ADVANCED_FACE ( 'NONE', ( #3375 ), #992, .T. ) ;
#5177 = LINE ( 'NONE', #3282, #4099 ) ;
#5178 = CARTESIAN_POINT ( 'NONE',  ( 173.5713779260462100, -154.5000000000008200, 590.8144930838966500 ) ) ;
#5179 = ORIENTED_EDGE ( 'NONE', *, *, #2776, .T. ) ;
#5180 = ORIENTED_EDGE ( 'NONE', *, *, #2931, .T. ) ;
#5181 = ORIENTED_EDGE ( 'NONE', *, *, #938, .T. ) ;
#5182 = DIRECTION ( 'NONE',  ( -0.2588190451407693700, 1.858551898969203200E-015, -0.9659258262788196200 ) ) ;
#5183 = EDGE_CURVE ( 'NONE', #1540, #52, #324, .T. ) ;
#5184 = DIRECTION ( 'NONE',  ( 1.000000000000000000, 1.732305820069547700E-015, 0.0000000000000000000 ) ) ;
#5185 = VERTEX_POINT ( 'NONE', #3819 ) ;
#5186 = PLANE ( 'NONE',  #2633 ) ;
#5187 = CARTESIAN_POINT ( 'NONE',  ( 315.2409605566351200, -153.1666666666687300, 1075.229221733306500 ) ) ;
#5188 = CARTESIAN_POINT ( 'NONE',  ( 336.6520379758766800, -174.4972571887581700, 977.1373298275858600 ) ) ;
#5189 = CARTESIAN_POINT ( 'NONE',  ( 145.9777449750428100, 27.99999999999836900, 590.8371044474463400 ) ) ;
#5190 = B_SPLINE_CURVE_WITH_KNOTS ( 'NONE', 3,
 ( #3831, #3795, #3849, #3845 ),
 .UNSPECIFIED., .F., .F.,
 ( 4, 4 ),
 ( 6.938893903907228400E-016, 0.04407837787831168900 ),
 .UNSPECIFIED. ) ;
#5191 = CARTESIAN_POINT ( 'NONE',  ( 26.74303527527166600, -43.00000000000090900, 631.9269849438376200 ) ) ;
#5192 = PLANE ( 'NONE',  #3355 ) ;
#5193 = CARTESIAN_POINT ( 'NONE',  ( 80.71996166608899200, 27.99999999999893400, 791.6116228343474900 ) ) ;
#5194 = EDGE_CURVE ( 'NONE', #201, #437, #4545, .T. ) ;
#5195 = LINE ( 'NONE', #1525, #3060 ) ;
#5196 = CARTESIAN_POINT ( 'NONE',  ( 315.2876403716595600, -151.8333333333357000, 1075.226632843693600 ) ) ;
#5197 = CARTESIAN_POINT ( 'NONE',  ( 166.9468606990895400, -108.5000000000008200, 590.4807848033433400 ) ) ;
#5198 = CARTESIAN_POINT ( 'NONE',  ( 194.0215415042986300, -198.4999999998594000, 1050.916756799783300 ) ) ;
#5199 = CARTESIAN_POINT ( 'NONE',  ( 283.7383055296297700, -710.6076823182572800, 853.3315154742513200 ) ) ;
#5200 = CARTESIAN_POINT ( 'NONE',  ( 336.2316744050074200, -154.5000000000022500, 977.6977106161737100 ) ) ;
#5201 = DIRECTION ( 'NONE',  ( 0.0000000000000000000, 2.456245629701674100E-015, -1.000000000000000000 ) ) ;
#5202 = ADVANCED_FACE ( 'NONE', ( #3247 ), #1110, .T. ) ;
#5203 = CARTESIAN_POINT ( 'NONE',  ( 369.9947634683926500, -108.5000000000012800, 1033.236710042357600 ) ) ;
#5204 = AXIS2_PLACEMENT_3D ( 'NONE', #3701, #1314, #4109 ) ;
#5205 = CARTESIAN_POINT ( 'NONE',  ( 21.99130939944086500, -73.21736191599315200, 634.1428563393232000 ) ) ;
#5206 = CARTESIAN_POINT ( 'NONE',  ( 319.6799861074910000, -174.4972571887582800, 1051.840235876339900 ) ) ;
#5207 = FACE_OUTER_BOUND ( 'NONE', #4919, .T. ) ;
#5208 = CARTESIAN_POINT ( 'NONE',  ( 299.9999999999923800, -154.5000000000007700, 662.5000000000025000 ) ) ;
#5209 = CARTESIAN_POINT ( 'NONE',  ( 162.1269082712411200, -123.8333333333341500, 590.3763885167012400 ) ) ;
#5210 = DIRECTION ( 'NONE',  ( 0.0000000000000000000, 2.389772395653982800E-015, -1.000000000000000000 ) ) ;
#5211 = VERTEX_POINT ( 'NONE', #102 ) ;
#5212 = VECTOR ( 'NONE', #3737, 1000.000000000000100 ) ;
#5213 = CARTESIAN_POINT ( 'NONE',  ( 348.0241528405479700, -154.5000000000019600, 1035.659593900630600 ) ) ;
#5214 = DIRECTION ( 'NONE',  ( -1.737858883903029000E-015, 1.000000000000000000, 2.389772395653983200E-015 ) ) ;
#5215 = CARTESIAN_POINT ( 'NONE',  ( 199.4723302268760400, -198.4999999998595100, 1034.140954081426300 ) ) ;
#5216 = VERTEX_POINT ( 'NONE', #3041 ) ;
#5217 = CARTESIAN_POINT ( 'NONE',  ( 372.4805806096475200, -123.8333333333346900, 1029.215564949354300 ) ) ;
#5218 = EDGE_CURVE ( 'NONE', #1545, #2057, #2198, .T. ) ;
#5219 = VECTOR ( 'NONE', #2328, 1000.000000000000000 ) ;
#5220 = FACE_OUTER_BOUND ( 'NONE', #219, .T. ) ;
#5221 = CARTESIAN_POINT ( 'NONE',  ( 8.359170274322139000, -103.4347238319854500, 640.4994239363290900 ) ) ;
#5222 = ORIENTED_EDGE ( 'NONE', *, *, #3568, .T. ) ;
#5224 = ORIENTED_EDGE ( 'NONE', *, *, #3422, .T. ) ;
#5223 = DIRECTION ( 'NONE',  ( 0.02948652587994286100, 0.9994718956726940100, 0.01365556853313175900 ) ) ;
#5225 = DIRECTION ( 'NONE',  ( 0.9063077870199147700, 0.0000000000000000000, -0.4226182617765882900 ) ) ;
#5226 = PRESENTATION_STYLE_ASSIGNMENT (( #3120 ) ) ;
#5227 = ADVANCED_FACE ( 'NONE', ( #4293 ), #2650, .T. ) ;
#5228 = EDGE_LOOP ( 'NONE', ( #3647, #2307, #2290, #3293, #4997, #2418, #3889, #3825, #4250, #445, #3092 ) ) ;
#5229 = ORIENTED_EDGE ( 'NONE', *, *, #5218, .F. ) ;
#5230 = EDGE_CURVE ( 'NONE', #4787, #1225, #1244, .T. ) ;
#5231 = CARTESIAN_POINT ( 'NONE',  ( 157.4412753927040600, -139.1666666666675100, 590.3863809748716000 ) ) ;
#5232 = LINE ( 'NONE', #4652, #4270 ) ;
#5233 = CARTESIAN_POINT ( 'NONE',  ( -45.35363362018830500, -89.46210314318806000, 665.5463626410604500 ) ) ;
#5234 = ORIENTED_EDGE ( 'NONE', *, *, #1015, .T. ) ;
#5235 = ORIENTED_EDGE ( 'NONE', *, *, #3176, .T. ) ;
#5236 = CARTESIAN_POINT ( 'NONE',  ( -174.2543743728415100, -69.00000000000162000, 725.6537652020888300 ) ) ;
#5237 = LINE ( 'NONE', #2373, #5112 ) ;
#5238 = CARTESIAN_POINT ( 'NONE',  ( 299.9999999999923800, -154.5000000000009400, 725.0000000000025000 ) ) ;
#5239 = CARTESIAN_POINT ( 'NONE',  ( 375.8171185467194300, -139.1666666666680800, 1023.778016134891900 ) ) ;
#5240 = DIRECTION ( 'NONE',  ( 1.737858883903028800E-015, -1.000000000000000000, -2.389772395653982800E-015 ) ) ;
#5241 = ORIENTED_EDGE ( 'NONE', *, *, #4707, .F. ) ;
#5242 = ORIENTED_EDGE ( 'NONE', *, *, #2023, .T. ) ;
#5243 = VERTEX_POINT ( 'NONE', #5068 ) ;
#5244 = VERTEX_POINT ( 'NONE', #1030 ) ;
#5245 = PRESENTATION_LAYER_ASSIGNMENT (  '', '', ( #4968 ) ) ;
#5246 = B_SPLINE_CURVE_WITH_KNOTS ( 'NONE', 3,
 ( #1050, #1479, #4245, #1897 ),
 .UNSPECIFIED., .F., .F.,
 ( 4, 4 ),
 ( 0.0000000000000000000, 1.000000000000000000 ),
 .UNSPECIFIED. ) ;
#5247 = CARTESIAN_POINT ( 'NONE',  ( -12.91287257973448300, -133.6520857479777100, 650.4188672748241500 ) ) ;
#5248 = CARTESIAN_POINT ( 'NONE',  ( 229.9999495005512000, -108.5000000000005700, 595.5323155529620200 ) ) ;
#5249 = DIRECTION ( 'NONE',  ( -1.737858883903028800E-015, 1.000000000000000000, 2.389772395653982800E-015 ) ) ;
#5250 = ORIENTED_EDGE ( 'NONE', *, *, #440, .T. ) ;
#5251 = ORIENTED_EDGE ( 'NONE', *, *, #5060, .F. ) ;
#5252 = VERTEX_POINT ( 'NONE', #604 ) ;
#5253 = CARTESIAN_POINT ( 'NONE',  ( 93.88680619964395600, -108.5000000000009400, 601.6768961544555600 ) ) ;
#5254 = CARTESIAN_POINT ( 'NONE',  ( 152.8955387011178600, -154.5000000000008500, 590.5010746165075900 ) ) ;
#5255 = CARTESIAN_POINT ( 'NONE',  ( 150.3343170477660400, -139.1666666666684500, 974.8536936399656300 ) ) ;
#5256 = EDGE_CURVE ( 'NONE', #601, #4405, #5246, .T. ) ;
#5257 = CARTESIAN_POINT ( 'NONE',  ( -196.7954942127375900, -43.00000000000163400, 722.3575167471805100 ) ) ;
#5258 = CARTESIAN_POINT ( 'NONE',  ( 384.6932799803706200, -108.5000000000004000, 641.1697499650511000 ) ) ;
#5259 = ADVANCED_FACE ( 'NONE', ( #971 ), #118, .F. ) ;
#5260 = CARTESIAN_POINT ( 'NONE',  ( 382.4932038689034900, -154.5000000000014800, 1012.741839469185200 ) ) ;
#5261 = CARTESIAN_POINT ( 'NONE',  ( 471.2692413168877600, -108.5000000000009500, 855.2160012743034900 ) ) ;
#5262 = VECTOR ( 'NONE', #3838, 1000.000000000000100 ) ;
#5263 = CARTESIAN_POINT ( 'NONE',  ( -28.45226234368669800, -43.00000000000106600, 657.6650805960301800 ) ) ;
#5264 = EDGE_CURVE ( 'NONE', #4871, #3846, #5132, .T. ) ;
#5265 = CARTESIAN_POINT ( 'NONE',  ( 142.9651427271264500, -108.5000000000008500, 591.1036459193754800 ) ) ;
#5266 = CARTESIAN_POINT ( 'NONE',  ( 152.0620456741674800, -154.5000000000017900, 983.5572384555731600 ) ) ;
#5267 = CIRCLE ( 'NONE', #4146, 55.75565666215087600 ) ;
#5268 = AXIS2_PLACEMENT_3D ( 'NONE', #2539, #4617, #3026 ) ;
#5269 = CARTESIAN_POINT ( 'NONE',  ( 153.5005154949949700, -154.4999999999992600, 990.6494741399686700 ) ) ;
#5270 = DIRECTION ( 'NONE',  ( 0.0000000000000000000, -2.775557561562888600E-015, 1.000000000000000000 ) ) ;
#5271 = VECTOR ( 'NONE', #3292, 1000.000000000000200 ) ;
#5272 = DIRECTION ( 'NONE',  ( -4.153087188293503300E-030, 1.000000000000000000, 2.389772395653985900E-015 ) ) ;
#5273 = ORIENTED_EDGE ( 'NONE', *, *, #292, .F. ) ;
#5274 = CARTESIAN_POINT ( 'NONE',  ( 81.35579983411364000, 27.83392195506681300, 791.8112123686574900 ) ) ;
#5275 = CARTESIAN_POINT ( 'NONE',  ( -35.73986909782371400, -73.21736191599332200, 661.0632994114406500 ) ) ;
#5276 = CARTESIAN_POINT ( 'NONE',  ( 299.9999999999934600, -710.6076823182572800, 855.7556566621519800 ) ) ;
#5277 = LINE ( 'NONE', #1586, #3266 ) ;
#5278 = ADVANCED_FACE ( 'NONE', ( #3119 ), #835, .T. ) ;
#5279 = ORIENTED_EDGE ( 'NONE', *, *, #2285, .F. ) ;
#5280 = LINE ( 'NONE', #2085, #1134 ) ;
#5281 = CARTESIAN_POINT ( 'NONE',  ( 204.7693187003626500, 68.99999999999917600, 593.4109074106518200 ) ) ;
#5283 = EDGE_CURVE ( 'NONE', #1527, #2126, #1961, .T. ) ;
#5282 = CARTESIAN_POINT ( 'NONE',  ( 133.0007899639356000, -123.8333333333342100, 592.2187407883971000 ) ) ;
#5284 = CARTESIAN_POINT ( 'NONE',  ( 153.5005154949948900, -108.5000000000017900, 990.6494741399687900 ) ) ;
#5285 = ORIENTED_EDGE ( 'NONE', *, *, #405, .T. ) ;
#5286 = ORIENTED_EDGE ( 'NONE', *, *, #1015, .F. ) ;
#5287 = DIRECTION ( 'NONE',  ( 0.9993908270204776600, 0.0000000000000000000, 0.03489949666292865800 ) ) ;
#5288 = LINE ( 'NONE', #907, #3148 ) ;
#5289 = VERTEX_POINT ( 'NONE', #2699 ) ;
#5290 = LINE ( 'NONE', #3288, #4210 ) ;
#5291 = CARTESIAN_POINT ( 'NONE',  ( 82.63013697150009300, 27.90579543795576000, 792.1890844007888300 ) ) ;
#5292 = CARTESIAN_POINT ( 'NONE',  ( -42.96057510409804100, -103.4347238319855600, 664.4304508596194400 ) ) ;
#5293 = CARTESIAN_POINT ( 'NONE',  ( 226.7314714267134300, 27.99999999999923300, 598.9335365589145100 ) ) ;
#5294 = ORIENTED_EDGE ( 'NONE', *, *, #2358, .T. ) ;
#5295 = ORIENTED_EDGE ( 'NONE', *, *, #514, .T. ) ;
#5296 = AXIS2_PLACEMENT_3D ( 'NONE', #1039, #3371, #5142 ) ;
#5297 = CARTESIAN_POINT ( 'NONE',  ( 124.6877583922878900, -139.1666666666675700, 593.5499138500961200 ) ) ;
#5298 = ORIENTED_EDGE ( 'NONE', *, *, #2646, .F. ) ;
#5299 = ORIENTED_EDGE ( 'NONE', *, *, #3559, .T. ) ;
#5300 = CARTESIAN_POINT ( 'NONE',  ( 156.0414687853359800, -123.8333333333351600, 1002.691584077881700 ) ) ;
#5301 = VECTOR ( 'NONE', #5357, 1000.000000000000200 ) ;
#5302 = DIRECTION ( 'NONE',  ( -2.117227527313366500E-016, 1.000000000000000000, 2.518090931982620100E-015 ) ) ;
#5303 = ORIENTED_EDGE ( 'NONE', *, *, #1400, .F. ) ;
#5304 = ORIENTED_EDGE ( 'NONE', *, *, #4106, .F. ) ;
#5305 = ADVANCED_FACE ( 'NONE', ( #5006 ), #1828, .F. ) ;
#5306 = VERTEX_POINT ( 'NONE', #639 ) ;
#5307 = B_SPLINE_CURVE_WITH_KNOTS ( 'NONE', 3,
 ( #1339, #470, #3743, #1361, #4139, #1773, #4542, #2171, #4960, #2574, #16, #2963, #486, #3372, #949, #3756, #1377, #4160, #1794, #4559, #2195, #4982, #2592, #32, #2982, #512, #3390, #969, #3776, #1399, #4180, #1816, #4582, #2210, #5004, #2609, #50, #2995 ),
 .UNSPECIFIED., .F., .F.,
 ( 4, 2, 2, 1, 1, 1, 1, 2, 2, 2, 2, 1, 1, 1, 1, 1, 2, 2, 2, 1, 1, 1, 2, 2, 4 ),
 ( 0.0000000000000000000, 0.1250000000003621300, 0.1875000000005401800, 0.2187500000006290200, 0.2343750000006778200, 0.2421875000007044900, 0.2460937500007157600, 0.2480468750007194000, 0.2500000000007230300, 0.3750000000007781600, 0.4375000000008034700, 0.4687500000008161200, 0.4843750000008225100, 0.4921875000008205700, 0.4960937500008196200, 0.4980468750008195700, 0.4990234375008191200, 0.5000000000008186800, 0.6250000000005986300, 0.6875000000004871700, 0.7187500000004313200, 0.7343750000004007900, 0.7421875000003890200, 0.7500000000003771400, 1.000000000000000000 ),
 .UNSPECIFIED. ) ;
#5308 = CARTESIAN_POINT ( 'NONE',  ( -175.2808857116648700, -69.00000000000163400, 725.7887386332605500 ) ) ;
#5309 = CARTESIAN_POINT ( 'NONE',  ( 74.98155660931766400, -79.44390510206569900, 609.4331442482688300 ) ) ;
#5310 = ORIENTED_EDGE ( 'NONE', *, *, #607, .T. ) ;
#5311 = CARTESIAN_POINT ( 'NONE',  ( 83.81837376886488800, 29.98472180619595000, 792.4313551300871300 ) ) ;
#5312 = CARTESIAN_POINT ( 'NONE',  ( 174.3026315899356900, -154.5000000000025000, 1004.927248126532200 ) ) ;
#5313 = CARTESIAN_POINT ( 'NONE',  ( 212.2945970714441700, 55.33333333333260400, 594.3537346264402000 ) ) ;
#5314 = CARTESIAN_POINT ( 'NONE',  ( 176.9597527035187200, 27.99999999999924300, 591.0726606892369500 ) ) ;
#5315 = CARTESIAN_POINT ( 'NONE',  ( 266.7782668051042400, -199.8333331819664200, 1070.392929562358200 ) ) ;
#5316 = CARTESIAN_POINT ( 'NONE',  ( 65.13452671515588600, -108.5000000000015900, 849.5670927086669100 ) ) ;
#5317 = EDGE_CURVE ( 'NONE', #4134, #1158, #3922, .T. ) ;
#5318 = VECTOR ( 'NONE', #635, 1000.000000000000000 ) ;
#5319 = CARTESIAN_POINT ( 'NONE',  ( 123.1856398322189000, -139.1666666688013800, 593.8254212335029900 ) ) ;
#5320 = PLANE ( 'NONE',  #1729 ) ;
#5321 = CARTESIAN_POINT ( 'NONE',  ( 228.9634217131351800, 27.99999999999884900, 836.7940830201740700 ) ) ;
#5322 = CARTESIAN_POINT ( 'NONE',  ( 69.39024010630683400, -115.8878102041305600, 612.0404863829653600 ) ) ;
#5323 = CARTESIAN_POINT ( 'NONE',  ( 138.1361606636831700, 68.99999999999906200, 591.5515098504379200 ) ) ;
#5324 = CARTESIAN_POINT ( 'NONE',  ( 265.0555088487972700, -136.0000000000026700, 1087.886926653826100 ) ) ;
#5325 = EDGE_CURVE ( 'NONE', #4601, #2248, #4053, .T. ) ;
#5326 = ADVANCED_FACE ( 'NONE', ( #2750 ), #1929, .T. ) ;
#5327 = CIRCLE ( 'NONE', #2259, 275.6508828008754800 ) ;
#5328 = DIRECTION ( 'NONE',  ( 0.9964838533888339400, 0.0000000000000000000, 0.08378502214203192900 ) ) ;
#5329 = DIRECTION ( 'NONE',  ( 0.0000000000000000000, 2.405483220021173800E-015, -1.000000000000000000 ) ) ;
#5330 = PLANE ( 'NONE',  #4415 ) ;
#5331 = VECTOR ( 'NONE', #3557, 1000.000000000000000 ) ;
#5332 = CARTESIAN_POINT ( 'NONE',  ( 119.2481725079938400, -154.5000000032015900, 594.6056217655819900 ) ) ;
#5333 = CARTESIAN_POINT ( 'NONE',  ( 80.70825107495446100, 28.13518750463899200, 791.6135696868001300 ) ) ;
#5334 = AXIS2_PLACEMENT_3D ( 'NONE', #3952, #4353, #2000 ) ;
#5335 = ORIENTED_EDGE ( 'NONE', *, *, #616, .T. ) ;
#5336 = CARTESIAN_POINT ( 'NONE',  ( 265.1951919267641000, -154.5000000000022500, 1073.444755890269600 ) ) ;
#5337 = CARTESIAN_POINT ( 'NONE',  ( 63.07044315881109500, -152.3317153061953800, 614.9875523339083000 ) ) ;
#5338 = VECTOR ( 'NONE', #885, 1000.000000000000000 ) ;
#5339 = CARTESIAN_POINT ( 'NONE',  ( 149.2499155919780100, -108.5000000000008800, 590.6640424021230700 ) ) ;
#5340 = DIRECTION ( 'NONE',  ( 1.737858883903028800E-015, -1.000000000000000000, -2.389772395653982800E-015 ) ) ;
#5341 = ORIENTED_EDGE ( 'NONE', *, *, #3676, .F. ) ;
#5343 = EDGE_LOOP ( 'NONE', ( #3140, #1148, #2185, #1331 ) ) ;
#5342 = DIRECTION ( 'NONE',  ( 0.8514737742429409100, 2.732931189484822800E-015, -0.5243971889479208700 ) ) ;
#5344 = LINE ( 'NONE', #5118, #2284 ) ;
#5345 = VERTEX_POINT ( 'NONE', #3504 ) ;
#5346 = VERTEX_POINT ( 'NONE', #1106 ) ;
#5348 = EDGE_CURVE ( 'NONE', #1651, #2483, #4885, .T. ) ;
#5347 = CARTESIAN_POINT ( 'NONE',  ( 319.6799861074910000, -174.4972571887582500, 1051.840235876339900 ) ) ;
#5349 = FACE_OUTER_BOUND ( 'NONE', #227, .T. ) ;
#5350 = CARTESIAN_POINT ( 'NONE',  ( 299.9999999999923800, -154.5000000000000600, 800.0000000000025000 ) ) ;
#5351 = ORIENTED_EDGE ( 'NONE', *, *, #4359, .T. ) ;
#5353 = ORIENTED_EDGE ( 'NONE', *, *, #2896, .F. ) ;
#5352 = CARTESIAN_POINT ( 'NONE',  ( 113.4196974131363600, -108.5000000000008200, 595.9162766710539900 ) ) ;
#5354 = CARTESIAN_POINT ( 'NONE',  ( 80.89473860447489500, 28.38032038589461300, 791.6740316474484900 ) ) ;
#5355 = ADVANCED_FACE ( 'NONE', ( #2873 ), #3675, .T. ) ;
#5356 = CONICAL_SURFACE ( 'NONE', #5268, 272.4494525748385700, 0.03490658503986771000 ) ;
#5357 = DIRECTION ( 'NONE',  ( -0.02239322313826186400, 0.9987827659587184000, -0.04394917497896630400 ) ) ;
#5358 = CARTESIAN_POINT ( 'NONE',  ( -200.0000000000078200, -43.00000000000182600, 800.0000000198014000 ) ) ;
ENDSEC;
END-ISO-10303-21;
