ISO-10303-21;
HEADER;
FILE_DESCRIPTION (( 'STEP AP214' ),
    '1' );
FILE_NAME ('IRB660_180-315_LINKROD_CAD_rev02.STEP',
    '2016-12-02T12:01:39',
    ( 'ABB' ),
    ( 'ABB' ),
    'SwSTEP 2.0',
    'SolidWorks 2014',
    '' );
FILE_SCHEMA (( 'AUTOMOTIVE_DESIGN' ));
ENDSEC;

DATA;
#1 = FACE_OUTER_BOUND ( 'NONE', #1533, .T. ) ;
#2 = PRODUCT_DEFINITION_SHAPE ( 'NONE', 'NONE',  #297 ) ;
#3 = CIRCLE ( 'NONE', #105, 25.00000000000002100 ) ;
#4 = CARTESIAN_POINT ( 'NONE',  ( -243.9999998964424300, 27.49999999999679500, 1045.748740860808800 ) ) ;
#5 = CARTESIAN_POINT ( 'NONE',  ( -247.3174664120559200, 9.260767205439062600, 1973.184442056246100 ) ) ;
#6 = CARTESIAN_POINT ( 'NONE',  ( -247.4734614859039500, -3.233564579309037500E-012, 1045.748740861152800 ) ) ;
#7 = AXIS2_PLACEMENT_3D ( 'NONE', #439, #1583, #1585 ) ;
#8 = CARTESIAN_POINT ( 'NONE',  ( -138.1095526548932900, -5.368594301623118500E-012, 2036.152006825472700 ) ) ;
#9 = STYLED_ITEM ( 'NONE', ( #254 ), #424 ) ;
#10 = CARTESIAN_POINT ( 'NONE',  ( -264.4045644302605600, -5.593829971767210300E-012, 2042.360617734962300 ) ) ;
#11 = CARTESIAN_POINT ( 'NONE',  ( -249.2905676806196300, -5.479028381090221300E-012, 1987.501245356057100 ) ) ;
#12 = AXIS2_PLACEMENT_3D ( 'NONE', #184, #1225, #463 ) ;
#13 = CARTESIAN_POINT ( 'NONE',  ( -262.3383235967063500, -5.594618532831304000E-012, 2037.337301294342300 ) ) ;
#14 = CARTESIAN_POINT ( 'NONE',  ( -152.3753852632709100, -5.033044828893302500E-012, 1891.891076145231200 ) ) ;
#15 = EDGE_LOOP ( 'NONE', ( #1571, #263, #162, #870 ) ) ;
#16 = CARTESIAN_POINT ( 'NONE',  ( -258.5899158398912600, -5.540416972436081200E-012, 2027.417233152949600 ) ) ;
#17 = CIRCLE ( 'NONE', #209, 69.99999999999984400 ) ;
#18 = DIRECTION ( 'NONE',  ( 0.0000000000000000000, -2.389772395653985900E-015, 1.000000000000000000 ) ) ;
#19 = CARTESIAN_POINT ( 'NONE',  ( -254.7389457075938700, -5.510804166681523900E-012, 2014.635519995775900 ) ) ;
#20 = CIRCLE ( 'NONE', #138, 70.00000000000005700 ) ;
#21 = CARTESIAN_POINT ( 'NONE',  ( -199.9999997940214200, 34.99999999999784000, 2080.000000019802900 ) ) ;
#22 = CARTESIAN_POINT ( 'NONE',  ( -152.9844638904264100, -9.244922459807057200, 1333.944097020638300 ) ) ;
#23 = CARTESIAN_POINT ( 'NONE',  ( -251.4648502046557900, -5.458439766050172100E-012, 2000.643325620213800 ) ) ;
#24 = ORIENTED_EDGE ( 'NONE', *, *, #1407, .F. ) ;
#25 = CARTESIAN_POINT ( 'NONE',  ( -247.0132090763435100, 9.244800357382530400, 1718.974007220094800 ) ) ;
#26 = ORIENTED_EDGE ( 'NONE', *, *, #794, .F. ) ;
#27 = CARTESIAN_POINT ( 'NONE',  ( -245.8467092367359900, -18.42845034922933700, 1546.055903018850600 ) ) ;
#28 = SURFACE_STYLE_FILL_AREA ( #1112 ) ;
#29 = CARTESIAN_POINT ( 'NONE',  ( -247.8021671007320200, -5.448696226950411800E-012, 1973.175519152257900 ) ) ;
#30 = DIRECTION ( 'NONE',  ( -1.684726601036305800E-015, 1.000000000000000000, 0.0000000000000000000 ) ) ;
#31 = CARTESIAN_POINT ( 'NONE',  ( -247.4997820437826000, -3.782119628539338100E-012, 1276.304980936246000 ) ) ;
#32 = MECHANICAL_DESIGN_GEOMETRIC_PRESENTATION_REPRESENTATION (  '', ( #256 ), #1656 ) ;
#33 = CARTESIAN_POINT ( 'NONE',  ( -247.0001431142163700, -5.410739638783545000E-012, 1938.562914113465000 ) ) ;
#34 = CARTESIAN_POINT ( 'NONE',  ( -199.9999999207786300, -10.34670852842874000, 922.4269597186510100 ) ) ;
#35 = CARTESIAN_POINT ( 'NONE',  ( -247.6246143620285800, -5.241743831369314600E-012, 1891.891076154664000 ) ) ;
#36 = CARTESIAN_POINT ( 'NONE',  ( -243.9999998793184900, -27.50000000000355300, 1218.665885956390000 ) ) ;
#37 = FACE_OUTER_BOUND ( 'NONE', #435, .T. ) ;
#38 = DIRECTION ( 'NONE',  ( 1.684726601036167300E-015, -1.000000000000000000, 0.0000000000000000000 ) ) ;
#39 = ORIENTED_EDGE ( 'NONE', *, *, #698, .F. ) ;
#40 =( NAMED_UNIT ( * ) SI_UNIT ( $, .STERADIAN. ) SOLID_ANGLE_UNIT ( ) );
#41 = ORIENTED_EDGE ( 'NONE', *, *, #732, .F. ) ;
#42 = CARTESIAN_POINT ( 'NONE',  ( -247.4734614078192900, -5.117906131374140400E-012, 1834.251259187856200 ) ) ;
#43 = ORIENTED_EDGE ( 'NONE', *, *, #773, .F. ) ;
#44 = CARTESIAN_POINT ( 'NONE',  ( -243.9999999171680500, -27.50000000000268200, 836.4594046012340400 ) ) ;
#45 = AXIS2_PLACEMENT_3D ( 'NONE', #771, #1587, #869 ) ;
#46 = CARTESIAN_POINT ( 'NONE',  ( -247.6246144515291700, -3.081910192368469500E-012, 988.1089238943750400 ) ) ;
#47 = ORIENTED_EDGE ( 'NONE', *, *, #1304, .T. ) ;
#48 = AXIS2_PLACEMENT_3D ( 'NONE', #1230, #468, #1369 ) ;
#49 = B_SPLINE_CURVE_WITH_KNOTS ( 'NONE', 3,
 ( #846, #1634, #202, #1109, #341, #1232, #471, #1371, #587, #1513, #720, #1640, #851, #82, #978, #207, #1113, #346, #1240, #476, #1377, #596 ),
 .UNSPECIFIED., .F., .F.,
 ( 4, 2, 2, 2, 2, 2, 2, 2, 2, 2, 4 ),
 ( 3.053926026388746800E-014, 0.002402911966772761400, 0.003604367950143889200, 0.004805823933515016000, 0.007208735900257271500, 0.009611647866999526900, 0.01441747180048403800, 0.01922329573396854700, 0.02402911966745306000, 0.02883494360093757200, 0.03844659146790660500 ),
 .UNSPECIFIED. ) ;
#50 = VECTOR ( 'NONE', #196, 1000.000000000000000 ) ;
#51 = ORIENTED_EDGE ( 'NONE', *, *, #874, .F. ) ;
#52 = CARTESIAN_POINT ( 'NONE',  ( -245.8466759620591500, 18.42844701828223800, 1391.583157263819900 ) ) ;
#53 = CARTESIAN_POINT ( 'NONE',  ( -247.0279938523299300, -18.59246230206682800, 892.4756140103230600 ) ) ;
#54 = CARTESIAN_POINT ( 'NONE',  ( -247.5118685955532100, -3.367774417139692800E-012, 1103.387648144952900 ) ) ;
#55 = DIRECTION ( 'NONE',  ( 1.000000000000000000, 1.719580143085255100E-015, 1.224646799147394400E-016 ) ) ;
#56 = CARTESIAN_POINT ( 'NONE',  ( -154.0706611439318600, 18.43671809561109900, 1891.879381866105600 ) ) ;
#57 = CARTESIAN_POINT ( 'NONE',  ( -252.8919319940534600, 20.77582129241524100, 852.4069179215778100 ) ) ;
#58 = CARTESIAN_POINT ( 'NONE',  ( -247.0132091315965400, -9.244800357390769100, 1161.025992828823700 ) ) ;
#59 = CARTESIAN_POINT ( 'NONE',  ( -199.9999999207786600, -2.589397577754268400E-012, 800.0000000196699800 ) ) ;
#60 = CARTESIAN_POINT ( 'NONE',  ( -261.3155640084096400, 7.247189831082610400, 842.2968969684872000 ) ) ;
#61 = CARTESIAN_POINT ( 'NONE',  ( -154.1532904570588600, 18.42845034922078900, 1546.055903009770600 ) ) ;
#62 = CARTESIAN_POINT ( 'NONE',  ( -247.1399947551782400, 9.251453825054762000, 988.1206181736209800 ) ) ;
#63 = CARTESIAN_POINT ( 'NONE',  ( -247.4999998574000400, -4.066558801133630900E-012, 1440.000000024506800 ) ) ;
#64 = ORIENTED_EDGE ( 'NONE', *, *, #821, .T. ) ;
#65 = VERTEX_POINT ( 'NONE', #166 ) ;
#66 = ADVANCED_FACE ( 'NONE', ( #387, #1381 ), #501, .F. ) ;
#67 = CARTESIAN_POINT ( 'NONE',  ( -243.9999998274710700, -27.50000000000481400, 1742.223725706986900 ) ) ;
#68 = COLOUR_RGB ( '',0.2901960784313725200, 0.3294117647058823500, 0.3490196078431372400 ) ;
#69 = CARTESIAN_POINT ( 'NONE',  ( -247.5118685288844100, -4.976628230139684100E-012, 1776.612351904063000 ) ) ;
#70 = CARTESIAN_POINT ( 'NONE',  ( -247.5000416324839100, -3.919840048973608600E-012, 1333.944071286815200 ) ) ;
#71 = CARTESIAN_POINT ( 'NONE',  ( -251.4648503156956800, -2.795193158894104200E-012, 879.3566744295853800 ) ) ;
#72 = CARTESIAN_POINT ( 'NONE',  ( -199.9999999207785800, -35.00000000000238700, 800.0000000196701000 ) ) ;
#73 = CIRCLE ( 'NONE', #984, 71.61449320972401700 ) ;
#74 = AXIS2_PLACEMENT_3D ( 'NONE', #174, #293, #1076 ) ;
#75 = CARTESIAN_POINT ( 'NONE',  ( -153.7702115196148900, -25.57663101611103700, 2024.757485540220200 ) ) ;
#76 = CARTESIAN_POINT ( 'NONE',  ( -154.4845597068589600, 18.39530410247773400, 1938.574404816276500 ) ) ;
#77 = CARTESIAN_POINT ( 'NONE',  ( -262.3383237150138100, -2.739618146105728300E-012, 842.6626987576100900 ) ) ;
#78 = CARTESIAN_POINT ( 'NONE',  ( -152.5022874293961500, -3.294981501781094200E-012, 1161.026807666545000 ) ) ;
#79 = CARTESIAN_POINT ( 'NONE',  ( -144.9384309748569100, -16.33739607316069700, 2031.351512003477600 ) ) ;
#80 = CARTESIAN_POINT ( 'NONE',  ( -154.1534626080202200, 18.42843312351445900, 1603.695134773716300 ) ) ;
#81 = APPLICATION_PROTOCOL_DEFINITION ( 'draft international standard', 'automotive_design', 1998, #206 ) ;
#82 = CARTESIAN_POINT ( 'NONE',  ( -257.6159635348994400, -13.09323390714932600, 846.2587147557034100 ) ) ;
#83 = AXIS2_PLACEMENT_3D ( 'NONE', #250, #1252, #1622 ) ;
#84 = FACE_OUTER_BOUND ( 'NONE', #913, .T. ) ;
#85 = CARTESIAN_POINT ( 'NONE',  ( -137.0360657230522700, -3.117148337421901800, 2039.596457586316800 ) ) ;
#86 = ORIENTED_EDGE ( 'NONE', *, *, #1110, .F. ) ;
#87 = CARTESIAN_POINT ( 'NONE',  ( -155.9999998240657500, 27.49999999999524300, 1776.612351895000800 ) ) ;
#88 = APPLICATION_CONTEXT ( 'automotive_design' ) ;
#89 = TOROIDAL_SURFACE ( 'NONE', #109, -122.4269596989810100, 197.6978977970056000 ) ;
#90 = CARTESIAN_POINT ( 'NONE',  ( -199.9999997940215100, -10.34670852842902600, 1957.573040320973400 ) ) ;
#91 = CARTESIAN_POINT ( 'NONE',  ( -247.5004870354125300, -3.644310441159101800E-012, 1218.665885956736700 ) ) ;
#92 = EDGE_LOOP ( 'NONE', ( #456, #128 ) ) ;
#93 = CARTESIAN_POINT ( 'NONE',  ( -152.5265382288961900, -4.888626908861611100E-012, 1834.251259178453000 ) ) ;
#94 = CARTESIAN_POINT ( 'NONE',  ( -154.1529950725585300, 18.42847990375358000, 1661.333897951407800 ) ) ;
#95 = ORIENTED_EDGE ( 'NONE', *, *, #761, .T. ) ;
#96 = DIRECTION ( 'NONE',  ( 0.0000000000000000000, -2.389772395653985900E-015, 1.000000000000000000 ) ) ;
#97 = CARTESIAN_POINT ( 'NONE',  ( -247.4999914289619800, -4.057588978500012900E-012, 1391.583163124050800 ) ) ;
#98 = CARTESIAN_POINT ( 'NONE',  ( -152.9845140175584100, -9.244919828428047400, 1488.416842775669700 ) ) ;
#99 = CARTESIAN_POINT ( 'NONE',  ( -145.0061957157810800, 22.23290099089276600, 2037.416787676203300 ) ) ;
#100 = CARTESIAN_POINT ( 'NONE',  ( -199.9999999207787200, 27.49999999997777100, 871.6144932293939300 ) ) ;
#101 = CARTESIAN_POINT ( 'NONE',  ( -259.1943443229630500, -10.84395640563380400, 2035.353403326719000 ) ) ;
#102 = CARTESIAN_POINT ( 'NONE',  ( -141.9266860057457800, -11.00967258659513200, 2027.593082117515000 ) ) ;
#103 = CARTESIAN_POINT ( 'NONE',  ( -152.5265383069808300, -3.004285356796507700E-012, 1045.748740851750200 ) ) ;
#104 = CARTESIAN_POINT ( 'NONE',  ( -147.1080677207466200, 20.77582129241262600, 2027.593082118028000 ) ) ;
#105 = AXIS2_PLACEMENT_3D ( 'NONE', #1577, #1603, #1609 ) ;
#106 = ORIENTED_EDGE ( 'NONE', *, *, #931, .F. ) ;
#107 = CARTESIAN_POINT ( 'NONE',  ( -199.9999997940215600, 34.99999999999441500, 2080.000000019936100 ) ) ;
#108 = CARTESIAN_POINT ( 'NONE',  ( -247.4999970479206900, -4.134725274711434500E-012, 1423.861054391021500 ) ) ;
#109 = AXIS2_PLACEMENT_3D ( 'NONE', #668, #675, #1070 ) ;
#110 = CARTESIAN_POINT ( 'NONE',  ( -154.0706611439317700, -18.43671809562118100, 1891.879381866105600 ) ) ;
#111 = CARTESIAN_POINT ( 'NONE',  ( -154.1548351758654300, 18.42829578554651300, 1718.974007210898400 ) ) ;
#112 = FILL_AREA_STYLE_COLOUR ( '', #563 ) ;
#113 = FACE_OUTER_BOUND ( 'NONE', #518, .T. ) ;
#114 = CARTESIAN_POINT ( 'NONE',  ( -339.1391099874414300, -9.781341289282551100, 1440.000000033717000 ) ) ;
#115 = CARTESIAN_POINT ( 'NONE',  ( -152.9847232040428100, -9.244908851820708800, 1276.304865256693800 ) ) ;
#116 = ORIENTED_EDGE ( 'NONE', *, *, #1224, .T. ) ;
#117 = CARTESIAN_POINT ( 'NONE',  ( -155.9999998468974500, -27.50000000000422400, 1546.055928753137800 ) ) ;
#118 = CARTESIAN_POINT ( 'NONE',  ( -150.7094320341805100, -2.629006513179330900E-012, 892.4987546835490100 ) ) ;
#119 = CARTESIAN_POINT ( 'NONE',  ( -143.2140421068425800, -14.18833704150500100, 847.0651537132082500 ) ) ;
#120 = CARTESIAN_POINT ( 'NONE',  ( -136.2665180866867200, -12.82400868904376500, 837.6368588688930000 ) ) ;
#121 = CARTESIAN_POINT ( 'NONE',  ( -155.9999997982464500, -27.50000000000538200, 2037.335740594113300 ) ) ;
#122 = SURFACE_STYLE_USAGE ( .BOTH. , #887 ) ;
#123 = CARTESIAN_POINT ( 'NONE',  ( -153.9528362729940600, -18.44850746339734500, 906.8155579834859700 ) ) ;
#124 =( BOUNDED_SURFACE ( )  B_SPLINE_SURFACE ( 3, 3, ( 
 ( #1242, #339, #1380, #598, #1523, #726, #1645, #858, #93, #986, #217, #1122, #356, #1247, #486, #1388, #602, #1526, #734 ),
 ( #1651, #861, #98, #993, #224, #1127, #361, #1251, #490, #1394, #607, #1532, #739, #1655, #867, #102, #999, #231, #1130 ),
 ( #366, #1258, #496, #1400, #613, #1538, #744, #1661, #876, #110, #1004, #237, #1134, #369, #1261, #500, #1405, #617, #1543 ),
 ( #750, #1664, #880, #117, #1010, #241, #1140, #375, #1266, #504, #1411, #621, #1548, #757, #1671, #884, #121, #1019, #249 ) ),
 .UNSPECIFIED., .F., .F., .F. ) 
 B_SPLINE_SURFACE_WITH_KNOTS ( ( 4, 4 ),
 ( 4, 1, 1, 1, 1, 1, 1, 1, 1, 1, 1, 1, 1, 1, 1, 1, 4 ),
 ( 0.0000000000000000000, 1.000000000000000000 ),
 ( 0.0000000000000000000, 0.07791391752946935600, 0.1558278350589387100, 0.2782639911766763300, 0.3561779087061455200, 0.4340918262356150400, 0.5565279823533526600, 0.6344418998828222900, 0.7123558174122918100, 0.8347919735300295400, 0.8597737960621739700, 0.8794363587785044600, 0.9040766521295063900, 0.9235353656989284700, 0.9476828975431396100, 0.9668221180594325200, 0.9726883250482241100 ),
 .UNSPECIFIED. ) 
 GEOMETRIC_REPRESENTATION_ITEM ( )  RATIONAL_B_SPLINE_SURFACE ( (
 ( 1.000000000000000000, 1.000000000000000000, 0.9999999999999997800, 1.000000000000000200, 1.000000000000000200, 0.9999999999999997800, 0.9999999999999997800, 1.000000000000000200, 1.000000000000000000, 0.9999999999999997800, 1.000000000000000400, 0.9999999999999997800, 1.000000000000000400, 0.9999999999999996700, 1.000000000000000400, 1.000000000000000400, 0.9999999999999993300, 1.000000000000000000, 1.000000000000000000),
 ( 0.9981640343457098800, 0.9981640343457098800, 0.9981640490634731100, 0.9981639702183120500, 0.9981643644441190500, 0.9981632964505688900, 0.9981674991365960800, 0.9981460576898701900, 0.9982042301215915400, 0.9979752898684441900, 0.9989211304528955400, 0.9977063638044368900, 0.9940974792963420700, 0.9858252598412982100, 0.9671871470037738400, 0.9386215551149349500, 0.9066520022212640800, 0.8887929231487368100, 0.8846154523955216400),
 ( 0.9981640343457098800, 0.9981640343457098800, 0.9981640490634731100, 0.9981639702183120500, 0.9981643644441190500, 0.9981632964505688900, 0.9981674991365960800, 0.9981460576898701900, 0.9982042301215915400, 0.9979752898684441900, 0.9989211304528955400, 0.9977063638044368900, 0.9940974792963420700, 0.9858252598412982100, 0.9671871470037738400, 0.9386215551149349500, 0.9066520022212640800, 0.8887929231487368100, 0.8846154523955216400),
 ( 1.000000000000000000, 1.000000000000000000, 0.9999999999999997800, 1.000000000000000200, 1.000000000000000200, 0.9999999999999997800, 0.9999999999999997800, 1.000000000000000200, 1.000000000000000000, 0.9999999999999997800, 1.000000000000000400, 0.9999999999999997800, 1.000000000000000400, 0.9999999999999996700, 1.000000000000000400, 1.000000000000000400, 0.9999999999999993300, 1.000000000000000000, 1.000000000000000000) ) ) 
 REPRESENTATION_ITEM ( '' )  SURFACE ( )  );
#125 = CARTESIAN_POINT ( 'NONE',  ( -153.7702116185092200, 25.57663100049217800, 855.2425144796288800 ) ) ;
#126 = ORIENTED_EDGE ( 'NONE', *, *, #990, .T. ) ;
#127 = CARTESIAN_POINT ( 'NONE',  ( -138.0576230025219800, 5.948028897266905100, 2038.425609941252800 ) ) ;
#128 = ORIENTED_EDGE ( 'NONE', *, *, #394, .F. ) ;
#129 = CARTESIAN_POINT ( 'NONE',  ( -155.9999998793185500, -27.50000000000344300, 1218.665885947675400 ) ) ;
#130 = CARTESIAN_POINT ( 'NONE',  ( -141.1828991670145100, 11.38094065998298600, 845.0316268307871000 ) ) ;
#131 = VERTEX_POINT ( 'NONE', #142 ) ;
#132 = CARTESIAN_POINT ( 'NONE',  ( -155.9999997996170000, 27.49999999998475200, 2023.496587395695300 ) ) ;
#133 = TOROIDAL_SURFACE ( 'NONE', #899, -122.4269596989822000, 197.6978977970068700 ) ;
#134 = CARTESIAN_POINT ( 'NONE',  ( -155.9999999171675700, -27.50000000000249400, 836.4640656580576200 ) ) ;
#135 = CARTESIAN_POINT ( 'NONE',  ( -136.5857949477569400, 0.8092453220967650300, 839.9659727422250600 ) ) ;
#136 = AXIS2_PLACEMENT_3D ( 'NONE', #255, #1150, #384 ) ;
#137 = CARTESIAN_POINT ( 'NONE',  ( -261.0048171918283500, 7.830365410503069300, 2037.348264171157600 ) ) ;
#138 = AXIS2_PLACEMENT_3D ( 'NONE', #72, #454, #372 ) ;
#139 = DIRECTION ( 'NONE',  ( -9.830408788959667600E-011, 8.402765001147169400E-014, -1.000000000000000000 ) ) ;
#140 = CARTESIAN_POINT ( 'NONE',  ( -243.9999999067723300, 27.49999999999708000, 941.4370859351526000 ) ) ;
#141 = ADVANCED_FACE ( 'NONE', ( #659 ), #872, .F. ) ;
#142 = CARTESIAN_POINT ( 'NONE',  ( -247.4999998574000700, -4.172523588517726300E-012, 1440.000000024506600 ) ) ;
#143 = CARTESIAN_POINT ( 'NONE',  ( -152.5000026700759000, -3.922941849153996700E-012, 1423.861054381613700 ) ) ;
#144 = ORIENTED_EDGE ( 'NONE', *, *, #512, .T. ) ;
#145 = CARTESIAN_POINT ( 'NONE',  ( -199.9999999207786900, 27.49999999997794100, 800.0000000196701000 ) ) ;
#146 = AXIS2_PLACEMENT_3D ( 'NONE', #114, #1129, #998 ) ;
#147 = CIRCLE ( 'NONE', #348, 71.61449320972401700 ) ;
#148 = ORIENTED_EDGE ( 'NONE', *, *, #1021, .F. ) ;
#149 = DIRECTION ( 'NONE',  ( 0.0000000000000000000, 2.373861672774417900E-015, -1.000000000000000000 ) ) ;
#150 = MECHANICAL_DESIGN_GEOMETRIC_PRESENTATION_REPRESENTATION (  '', ( #265 ), #157 ) ;
#151 = CARTESIAN_POINT ( 'NONE',  ( -254.7389457075938700, -5.510804166681523900E-012, 2014.635519995775900 ) ) ;
#152 = CARTESIAN_POINT ( 'NONE',  ( -199.9999999207785800, -35.00000000000250800, 800.0000000198026600 ) ) ;
#153 = CIRCLE ( 'NONE', #337, 186.8952435658913200 ) ;
#154 = CARTESIAN_POINT ( 'NONE',  ( -152.4881311192469900, -4.765138638262467100E-012, 1776.612351894653100 ) ) ;
#155 = CARTESIAN_POINT ( 'NONE',  ( -199.9999999207786900, 34.99999999999749200, 800.0000000198028800 ) ) ;
#156 = DIRECTION ( 'NONE',  ( 1.719580143085255300E-015, -1.000000000000000000, -2.389772395652179800E-015 ) ) ;
#157 =( GEOMETRIC_REPRESENTATION_CONTEXT ( 3 ) GLOBAL_UNCERTAINTY_ASSIGNED_CONTEXT ( ( #1431 ) ) GLOBAL_UNIT_ASSIGNED_CONTEXT ( ( #679, #690, #683 ) ) REPRESENTATION_CONTEXT ( 'NONE', 'WORKASPACE' ) );
#158 = AXIS2_PLACEMENT_3D ( 'NONE', #59, #172, #165 ) ;
#159 = CARTESIAN_POINT ( 'NONE',  ( -145.0061958341042900, 22.23290099089562200, 842.5832123525110500 ) ) ;
#160 = ORIENTED_EDGE ( 'NONE', *, *, #1471, .T. ) ;
#161 = DIRECTION ( 'NONE',  ( 0.0000000000000000000, -2.389772395653985900E-015, 1.000000000000000000 ) ) ;
#162 = ORIENTED_EDGE ( 'NONE', *, *, #784, .T. ) ;
#163 = DIRECTION ( 'NONE',  ( 1.756137624720820800E-015, -1.000000000000000000, -2.389772395655869700E-015 ) ) ;
#164 = STYLED_ITEM ( 'NONE', ( #955 ), #893 ) ;
#165 = DIRECTION ( 'NONE',  ( 0.0000000000000000000, -2.389772395652912700E-015, 1.000000000000000000 ) ) ;
#166 = CARTESIAN_POINT ( 'NONE',  ( -243.9999998385721700, 27.49999999130405100, 2023.496587432664500 ) ) ;
#167 = AXIS2_PLACEMENT_3D ( 'NONE', #715, #1223, #1208 ) ;
#168 = DIRECTION ( 'NONE',  ( 1.684726601036178200E-015, -1.000000000000000000, 0.0000000000000000000 ) ) ;
#169 = ORIENTED_EDGE ( 'NONE', *, *, #1298, .T. ) ;
#170 = CARTESIAN_POINT ( 'NONE',  ( -243.9999998907343900, -27.50000000000327900, 1103.387648144605000 ) ) ;
#171 = VERTEX_POINT ( 'NONE', #497 ) ;
#172 = DIRECTION ( 'NONE',  ( -1.727462517347899100E-015, 1.000000000000000000, 2.389772395652913100E-015 ) ) ;
#173 = B_SPLINE_CURVE_WITH_KNOTS ( 'NONE', 3,
 ( #447, #444, #268, #364, #1133, #329, #290, #1399, #353, #1213, #342, #78, #335, #1106, #229, #210, #317, #308 ),
 .UNSPECIFIED., .F., .F.,
 ( 4, 1, 1, 1, 1, 1, 1, 1, 1, 1, 1, 1, 1, 1, 1, 4 ),
 ( 0.005866206988487085300, 0.02500542750478602200, 0.04915295934900476600, 0.06861167291843298100, 0.09325196626944266800, 0.1129145289857793500, 0.1378963515179316400, 0.2603325076357079200, 0.3382464251652020400, 0.4161603426946961500, 0.5385964988124722900, 0.6165104163419662400, 0.6944243338714600800, 0.8168604899892362200, 0.8947744075187301600, 0.9726883250482240000 ),
 .UNSPECIFIED. ) ;
#174 = CARTESIAN_POINT ( 'NONE',  ( -199.9999999207785800, 35.00000000000088800, 800.0000000198028800 ) ) ;
#175 = CARTESIAN_POINT ( 'NONE',  ( -245.8466796873394700, -18.42844739135542300, 1423.861052199535200 ) ) ;
#176 = AXIS2_PLACEMENT_3D ( 'NONE', #830, #725, #737 ) ;
#177 = CARTESIAN_POINT ( 'NONE',  ( -136.5571122144957900, -2.494349052603784100E-012, 840.0000000133362600 ) ) ;
#178 = ADVANCED_FACE ( 'NONE', ( #755 ), #1674, .T. ) ;
#179 = CARTESIAN_POINT ( 'NONE',  ( -245.8465371067800900, 18.42843312351504900, 1276.304865265889900 ) ) ;
#180 = CARTESIAN_POINT ( 'NONE',  ( -250.5327399787173600, -19.61749511517891500, 865.2604954422303100 ) ) ;
#181 = EDGE_LOOP ( 'NONE', ( #1209, #645, #1537, #95, #160, #804 ) ) ;
#182 = CARTESIAN_POINT ( 'NONE',  ( -199.9999997940214800, -10.34670852842931900, 2080.000000019936100 ) ) ;
#183 = ORIENTED_EDGE ( 'NONE', *, *, #1083, .F. ) ;
#184 = CARTESIAN_POINT ( 'NONE',  ( -199.9999997940215600, 34.99999999999443600, 2080.000000019802900 ) ) ;
#185 = CARTESIAN_POINT ( 'NONE',  ( -256.0820344591899100, 23.13826773226347900, 837.6337375347528700 ) ) ;
#186 = CARTESIAN_POINT ( 'NONE',  ( -246.9889860943331700, -9.243529177831778300, 1045.743929927063200 ) ) ;
#187 = CARTESIAN_POINT ( 'NONE',  ( -243.9999999151856100, 27.49999999998826200, 856.5034126438580400 ) ) ;
#188 = PRESENTATION_LAYER_ASSIGNMENT (  '', '', ( #265 ) ) ;
#189 = ORIENTED_EDGE ( 'NONE', *, *, #1023, .F. ) ;
#190 = CARTESIAN_POINT ( 'NONE',  ( -259.9434332586678200, 9.691608966084864100, 843.8393868430090400 ) ) ;
#191 = CARTESIAN_POINT ( 'NONE',  ( -155.9999998574001600, 27.49999999999605300, 1440.000000015445700 ) ) ;
#192 = ORIENTED_EDGE ( 'NONE', *, *, #430, .F. ) ;
#193 = CARTESIAN_POINT ( 'NONE',  ( -247.3174665176574400, 9.260767205441608100, 906.8155579927320100 ) ) ;
#194 = CARTESIAN_POINT ( 'NONE',  ( -247.4999914289619800, -3.950852775536708800E-012, 1391.583163124050800 ) ) ;
#195 = CARTESIAN_POINT ( 'NONE',  ( -256.3358363878136900, -23.35750333485565400, 2043.540609582429600 ) ) ;
#196 = DIRECTION ( 'NONE',  ( -9.902887037324041000E-011, 2.579682983568833900E-015, -1.000000000000000000 ) ) ;
#197 = CARTESIAN_POINT ( 'NONE',  ( -247.5004870354125300, -3.644310441159101800E-012, 1218.665885956736700 ) ) ;
#198 = CARTESIAN_POINT ( 'NONE',  ( -258.5899159562339900, -2.737980669745953100E-012, 852.5827668982606200 ) ) ;
#199 = CARTESIAN_POINT ( 'NONE',  ( -247.4999998574000700, -4.172523588517726300E-012, 1440.000000024506600 ) ) ;
#200 = ORIENTED_EDGE ( 'NONE', *, *, #1562, .T. ) ;
#201 = CARTESIAN_POINT ( 'NONE',  ( -264.8877941020761000, -2.713309343000385800E-012, 836.4594046033025700 ) ) ;
#202 = CARTESIAN_POINT ( 'NONE',  ( -263.3083772232289400, -1.603419701084363200, 840.0469031895477200 ) ) ;
#203 = CARTESIAN_POINT ( 'NONE',  ( -142.3716919822973900, -13.07682411780079000, 2033.753355340122200 ) ) ;
#204 = VECTOR ( 'NONE', #18, 1000.000000000000000 ) ;
#205 = CARTESIAN_POINT ( 'NONE',  ( -143.6651705226426300, 23.35663325375863400, 2043.535948811422700 ) ) ;
#206 = APPLICATION_CONTEXT ( 'automotive_design' ) ;
#207 = CARTESIAN_POINT ( 'NONE',  ( -255.0549027986757600, -16.34530703858645900, 848.6543282850424200 ) ) ;
#208 = ORIENTED_EDGE ( 'NONE', *, *, #632, .F. ) ;
#209 = AXIS2_PLACEMENT_3D ( 'NONE', #484, #426, #499 ) ;
#210 = CARTESIAN_POINT ( 'NONE',  ( -152.5000082954275100, -3.845805413787765800E-012, 1391.583163114643000 ) ) ;
#211 = ORIENTED_EDGE ( 'NONE', *, *, #732, .T. ) ;
#212 = CARTESIAN_POINT ( 'NONE',  ( -136.6903564720171300, -1.592871043992975200, 2039.953982130135500 ) ) ;
#213 = CARTESIAN_POINT ( 'NONE',  ( -143.9186515422718700, 23.13769675263734300, 2042.363141158847600 ) ) ;
#214 = DIRECTION ( 'NONE',  ( -1.825120484456030600E-015, 1.000000000000000000, 0.0000000000000000000 ) ) ;
#215 = CARTESIAN_POINT ( 'NONE',  ( -143.9186516615747800, 23.13769675264022400, 837.6368588696508400 ) ) ;
#216 = AXIS2_PLACEMENT_3D ( 'NONE', #152, #423, #161 ) ;
#217 = CARTESIAN_POINT ( 'NONE',  ( -152.9998565018394700, -5.107715921363647400E-012, 1938.562914104156600 ) ) ;
#218 = CARTESIAN_POINT ( 'NONE',  ( -155.9999997982465300, 27.49999999999461400, 2037.335740594113800 ) ) ;
#219 = AXIS2_PLACEMENT_3D ( 'NONE', #826, #55, #953 ) ;
#220 = CARTESIAN_POINT ( 'NONE',  ( -199.9999999207786600, 10.34670852842077300, 800.0000000196702100 ) ) ;
#221 = DIRECTION ( 'NONE',  ( 0.0000000000000000000, 2.379049338482479700E-015, -1.000000000000000000 ) ) ;
#222 = EDGE_CURVE ( 'NONE', #415, #950, #703, .T. ) ;
#223 = ORIENTED_EDGE ( 'NONE', *, *, #1478, .T. ) ;
#224 = CARTESIAN_POINT ( 'NONE',  ( -152.9847231716216800, -9.244908851821495700, 1603.695134773600300 ) ) ;
#225 = CARTESIAN_POINT ( 'NONE',  ( -152.4881311859157100, -3.144479145433543600E-012, 1103.387648135542600 ) ) ;
#226 = CARTESIAN_POINT ( 'NONE',  ( -155.9999997992287600, 27.49999999999461400, 2027.417233142790100 ) ) ;
#227 = ORIENTED_EDGE ( 'NONE', *, *, #394, .T. ) ;
#228 = CARTESIAN_POINT ( 'NONE',  ( -199.9999997940214500, -27.49999999998584200, 2080.000000019935700 ) ) ;
#229 = CARTESIAN_POINT ( 'NONE',  ( -152.4999581033214900, -3.708057726715023400E-012, 1333.944071277407400 ) ) ;
#230 = EDGE_LOOP ( 'NONE', ( #1508, #832, #47, #397, #148, #514 ) ) ;
#231 = CARTESIAN_POINT ( 'NONE',  ( -136.2665179673837800, -12.82400868904664100, 2042.363141158090000 ) ) ;
#232 = AXIS2_PLACEMENT_3D ( 'NONE', #730, #472, #466 ) ;
#233 = CARTESIAN_POINT ( 'NONE',  ( -152.5022874293961500, -3.281320616733686400E-012, 1161.026807666545000 ) ) ;
#234 = EDGE_LOOP ( 'NONE', ( #1034, #1018 ) ) ;
#235 = DIRECTION ( 'NONE',  ( 0.0000000000000000000, 2.379049338482483700E-015, -1.000000000000000000 ) ) ;
#236 = AXIS2_PLACEMENT_3D ( 'NONE', #1160, #1267, #149 ) ;
#237 = CARTESIAN_POINT ( 'NONE',  ( -153.9528361673926600, -18.44850746339988500, 1973.184442046999500 ) ) ;
#238 = CARTESIAN_POINT ( 'NONE',  ( -243.9999998411894400, -27.50000000000447300, 1603.695019112420800 ) ) ;
#239 = CARTESIAN_POINT ( 'NONE',  ( -136.9430033231828100, -2.759781152879932500, 840.3027749941544500 ) ) ;
#240 = CARTESIAN_POINT ( 'NONE',  ( -152.9867906384566500, -9.244800357390653600, 1161.025992819512100 ) ) ;
#241 = CARTESIAN_POINT ( 'NONE',  ( -155.9999998354815600, -27.50000000000450800, 1661.334114083215800 ) ) ;
#242 = CARTESIAN_POINT ( 'NONE',  ( -155.9999998907345300, 27.49999999999685200, 1103.387648135890500 ) ) ;
#243 = AXIS2_PLACEMENT_3D ( 'NONE', #696, #1333, #601 ) ;
#244 = CARTESIAN_POINT ( 'NONE',  ( -135.5967130674803500, -2.486371805340798100E-012, 837.6424888104699000 ) ) ;
#245 = ORIENTED_EDGE ( 'NONE', *, *, #1436, .F. ) ;
#246 = CARTESIAN_POINT ( 'NONE',  ( -145.8457900371978200, -17.40604958545803900, 849.4369935695219700 ) ) ;
#247 = AXIS2_PLACEMENT_3D ( 'NONE', #748, #807, #221 ) ;
#248 = CARTESIAN_POINT ( 'NONE',  ( -154.1533181648203200, -18.42844757788791600, 1440.000000015262200 ) ) ;
#249 = CARTESIAN_POINT ( 'NONE',  ( -155.9999997976324300, -27.50000000000538200, 2043.535934372833700 ) ) ;
#250 = CARTESIAN_POINT ( 'NONE',  ( -199.9999997940214200, 34.99999999999784700, 2080.000000019802900 ) ) ;
#251 =( NAMED_UNIT ( * ) PLANE_ANGLE_UNIT ( ) SI_UNIT ( $, .RADIAN. ) );
#252 = ORIENTED_EDGE ( 'NONE', *, *, #768, .F. ) ;
#253 = CARTESIAN_POINT ( 'NONE',  ( -151.5500512235688300, -18.90599274601119000, 879.2938850486591500 ) ) ;
#254 = PRESENTATION_STYLE_ASSIGNMENT (( #1593 ) ) ;
#255 = CARTESIAN_POINT ( 'NONE',  ( -199.9999997940214200, 34.99999999999784700, 2080.000000019802900 ) ) ;
#256 = STYLED_ITEM ( 'NONE', ( #1653 ), #1366 ) ;
#257 = CARTESIAN_POINT ( 'NONE',  ( -155.9999998850265700, 27.49999999999672800, 1161.026807666891000 ) ) ;
#258 = CARTESIAN_POINT ( 'NONE',  ( -139.0167434167851200, 7.869965605836479300, 2037.323826108578300 ) ) ;
#259 = CARTESIAN_POINT ( 'NONE',  ( -155.9999998907344700, -27.50000000000317600, 1103.387648135890200 ) ) ;
#260 = CARTESIAN_POINT ( 'NONE',  ( -140.0492694619767600, 9.640780204575767300, 843.8244405085868000 ) ) ;
#261 = CARTESIAN_POINT ( 'NONE',  ( -155.9999998793186600, 27.49999999999657900, 1218.665885947675600 ) ) ;
#262 = CARTESIAN_POINT ( 'NONE',  ( -243.9999998574000700, 27.49999999999602100, 1440.000000015445700 ) ) ;
#263 = ORIENTED_EDGE ( 'NONE', *, *, #1614, .T. ) ;
#264 = CARTESIAN_POINT ( 'NONE',  ( -155.9999998736107000, 27.49999999999644000, 1276.304980927184900 ) ) ;
#265 = STYLED_ITEM ( 'NONE', ( #648 ), #656 ) ;
#266 = CARTESIAN_POINT ( 'NONE',  ( -261.9574813447156300, 5.914063196495313000, 2038.443156739738900 ) ) ;
#267 = LINE ( 'NONE', #362, #1578 ) ;
#268 = CARTESIAN_POINT ( 'NONE',  ( -141.4100838748901800, -2.513628233884732700E-012, 852.5827668865944100 ) ) ;
#269 = CARTESIAN_POINT ( 'NONE',  ( -243.9999999116186300, 27.49999999999715800, 892.4987546927876600 ) ) ;
#270 = SURFACE_STYLE_FILL_AREA ( #710 ) ;
#271 = CARTESIAN_POINT ( 'NONE',  ( -247.5000416114786200, -4.426739110722667200E-012, 1546.055928762198600 ) ) ;
#272 = CIRCLE ( 'NONE', #1398, 186.8952435658952400 ) ;
#273 = CARTESIAN_POINT ( 'NONE',  ( -155.9999999171676800, 27.49999999999745600, 836.4640656580577300 ) ) ;
#274 = EDGE_CURVE ( 'NONE', #1121, #765, #1253, .T. ) ;
#275 = DIRECTION ( 'NONE',  ( 0.0000000000000000000, 2.373861672774417900E-015, -1.000000000000000000 ) ) ;
#276 = CARTESIAN_POINT ( 'NONE',  ( -155.9999999170509900, 27.49999999999745300, 837.6424888124905700 ) ) ;
#277 = CARTESIAN_POINT ( 'NONE',  ( -261.8904469418336600, -5.588142286079718900E-012, 2036.152006837729900 ) ) ;
#278 = CARTESIAN_POINT ( 'NONE',  ( -155.9999999165536900, 27.49999999999746000, 842.6642594367778000 ) ) ;
#279 = CARTESIAN_POINT ( 'NONE',  ( -152.4995126793875800, -4.490415454808208200E-012, 1661.334114082869300 ) ) ;
#280 = CARTESIAN_POINT ( 'NONE',  ( -155.9999999155714600, 27.49999999999742100, 852.5827668881013300 ) ) ;
#281 = DIRECTION ( 'NONE',  ( 1.748255250458158800E-015, -1.000000000000000000, -2.389772395655016600E-015 ) ) ;
#282 = CARTESIAN_POINT ( 'NONE',  ( -155.9999999143057000, 27.49999999999740700, 865.3644800448931800 ) ) ;
#283 = ADVANCED_FACE ( 'NONE', ( #1015 ), #1545, .T. ) ;
#284 = FILL_AREA_STYLE ('',( #660 ) ) ;
#285 = CIRCLE ( 'NONE', #146, 186.8952435658838700 ) ;
#286 = CARTESIAN_POINT ( 'NONE',  ( -155.9999999129200900, 27.49999999999734600, 879.3566744201315300 ) ) ;
#287 = CARTESIAN_POINT ( 'NONE',  ( -155.9999999067724200, 27.49999999999726100, 941.4370859264380400 ) ) ;
#288 = FACE_OUTER_BOUND ( 'NONE', #1535, .T. ) ;
#289 = CARTESIAN_POINT ( 'NONE',  ( -199.9999999207785800, -35.00000000000259300, 825.0000000198026600 ) ) ;
#290 = CARTESIAN_POINT ( 'NONE',  ( -152.1978326140681500, -2.696056975905872600E-012, 906.8244808873478200 ) ) ;
#291 = VERTEX_POINT ( 'NONE', #1180 ) ;
#292 = ORIENTED_EDGE ( 'NONE', *, *, #1304, .F. ) ;
#293 = DIRECTION ( 'NONE',  ( 4.153087188293503300E-030, -1.000000000000000000, -2.389772395653985900E-015 ) ) ;
#294 = CARTESIAN_POINT ( 'NONE',  ( -155.9999999101999600, 27.49999999999731400, 906.8244808877244600 ) ) ;
#295 = FACE_OUTER_BOUND ( 'NONE', #1196, .T. ) ;
#296 = CARTESIAN_POINT ( 'NONE',  ( -247.4977123406568500, -3.506821477116788500E-012, 1161.026807675952300 ) ) ;
#297 = PRODUCT_DEFINITION ( 'UNKNOWN', '', #1178, #1481 ) ;
#298 = CARTESIAN_POINT ( 'NONE',  ( -243.9999998468974000, -27.50000000000433400, 1546.055928761851600 ) ) ;
#299 = UNCERTAINTY_MEASURE_WITH_UNIT (LENGTH_MEASURE( 1.000000000000000100E-005 ), #1310, 'distance_accuracy_value', 'NONE');
#300 = CARTESIAN_POINT ( 'NONE',  ( -155.9999999116186300, 27.49999999999735300, 892.4987546840729900 ) ) ;
#301 = CARTESIAN_POINT ( 'NONE',  ( -243.9999999021503600, -27.50000000000299500, 988.1089238940157900 ) ) ;
#302 = FACE_OUTER_BOUND ( 'NONE', #1092, .T. ) ;
#303 = DIRECTION ( 'NONE',  ( 4.153087188293503300E-030, -1.000000000000000000, -2.389772395653985900E-015 ) ) ;
#304 = EDGE_CURVE ( 'NONE', #1387, #1115, #267, .T. ) ;
#305 = CARTESIAN_POINT ( 'NONE',  ( -155.9999998964425500, 27.49999999999699800, 1045.748740852094200 ) ) ;
#306 = ORIENTED_EDGE ( 'NONE', *, *, #1255, .F. ) ;
#307 = CARTESIAN_POINT ( 'NONE',  ( -245.8467092577412500, -18.42845034922882200, 1333.944097029834400 ) ) ;
#308 = CARTESIAN_POINT ( 'NONE',  ( -152.4999998574000700, -3.957653045166807900E-012, 1440.000000015098700 ) ) ;
#309 = CIRCLE ( 'NONE', #647, 75.00000000000017100 ) ;
#310 = AXIS2_PLACEMENT_3D ( 'NONE', #1294, #529, #1437 ) ;
#311 = CARTESIAN_POINT ( 'NONE',  ( -243.9999998573999800, -27.50000000000403200, 1440.000000024160500 ) ) ;
#312 = VERTEX_POINT ( 'NONE', #414 ) ;
#313 = CARTESIAN_POINT ( 'NONE',  ( -155.9999999021505300, 27.49999999999712600, 988.1089238853013500 ) ) ;
#314 = CARTESIAN_POINT ( 'NONE',  ( -245.8451645389347700, 18.42829578554764000, 1161.025992828708000 ) ) ;
#315 = CARTESIAN_POINT ( 'NONE',  ( -254.9941463951226400, -22.23313834998365100, 842.5816120763747700 ) ) ;
#316 = ORIENTED_EDGE ( 'NONE', *, *, #1276, .T. ) ;
#317 = CARTESIAN_POINT ( 'NONE',  ( -152.5000026700759000, -3.922941849153996700E-012, 1423.861054381613700 ) ) ;
#318 = CARTESIAN_POINT ( 'NONE',  ( -263.4428876191393600, -2.714495471013951500E-012, 840.0000000259015000 ) ) ;
#319 = CARTESIAN_POINT ( 'NONE',  ( -152.9845084079996100, 9.244920123134527000, 1423.861052190339300 ) ) ;
#320 = CARTESIAN_POINT ( 'NONE',  ( -247.0154941163745500, 9.244920270491514100, 1440.000000024458600 ) ) ;
#321 = CARTESIAN_POINT ( 'NONE',  ( -246.5165674346666500, -9.218737543863412000, 941.4255952234282200 ) ) ;
#322 = CARTESIAN_POINT ( 'NONE',  ( -151.5500511125165400, 18.90599274600328200, 2000.706114981351000 ) ) ;
#323 = AXIS2_PLACEMENT_3D ( 'NONE', #182, #871, #742 ) ;
#324 = UNCERTAINTY_MEASURE_WITH_UNIT (LENGTH_MEASURE( 1.000000000000000100E-005 ), #1567, 'distance_accuracy_value', 'NONE');
#325 = CARTESIAN_POINT ( 'NONE',  ( -257.6159635349000000, 13.09323390714317600, 846.2587147557021600 ) ) ;
#326 = CARTESIAN_POINT ( 'NONE',  ( -155.9999997976325400, 27.49999999999457100, 2043.535934372833700 ) ) ;
#327 = CARTESIAN_POINT ( 'NONE',  ( -250.9740137815807900, 9.607518899446972700, 879.2938850585051100 ) ) ;
#328 = CARTESIAN_POINT ( 'NONE',  ( -247.4997820437826000, -3.675344162506422700E-012, 1276.304980936246000 ) ) ;
#329 = CARTESIAN_POINT ( 'NONE',  ( -150.7094320341805400, -2.657622289028243500E-012, 892.4987546835489000 ) ) ;
#330 = FACE_OUTER_BOUND ( 'NONE', #230, .T. ) ;
#331 = PLANE ( 'NONE',  #12 ) ;
#332 = CARTESIAN_POINT ( 'NONE',  ( -155.9999997977493000, 27.49999999999457500, 2042.357511218401000 ) ) ;
#333 = CARTESIAN_POINT ( 'NONE',  ( -247.5118685955532100, -3.367774417139692800E-012, 1103.387648144952900 ) ) ;
#334 = CARTESIAN_POINT ( 'NONE',  ( -264.4045645495629600, -2.704777747841814300E-012, 837.6393823173997400 ) ) ;
#335 = CARTESIAN_POINT ( 'NONE',  ( -152.4995127232246000, -3.432539142853016300E-012, 1218.665885947328900 ) ) ;
#336 = FACE_BOUND ( 'NONE', #234, .T. ) ;
#337 = AXIS2_PLACEMENT_3D ( 'NONE', #907, #139, #1041 ) ;
#338 = CIRCLE ( 'NONE', #1075, 197.6978977970056000 ) ;
#339 = CARTESIAN_POINT ( 'NONE',  ( -152.5000026668794500, -3.986717196580751000E-012, 1456.138945648584200 ) ) ;
#340 = ORIENTED_EDGE ( 'NONE', *, *, #1166, .F. ) ;
#341 = CARTESIAN_POINT ( 'NONE',  ( -262.9576197269193500, -3.140427728793306900, 840.4104442187949600 ) ) ;
#342 = CARTESIAN_POINT ( 'NONE',  ( -152.4881311859157100, -3.156284825262476700E-012, 1103.387648135542600 ) ) ;
#343 = CARTESIAN_POINT ( 'NONE',  ( -140.7965455947687600, -10.80728754056183800, 2035.373633381339700 ) ) ;
#344 = DIRECTION ( 'NONE',  ( -0.0000000000000000000, 2.389772395653985900E-015, -1.000000000000000000 ) ) ;
#345 = SURFACE_SIDE_STYLE ('',( #28 ) ) ;
#346 = CARTESIAN_POINT ( 'NONE',  ( -252.2842443703856100, -19.50481420788911200, 850.9689143538540700 ) ) ;
#347 = CARTESIAN_POINT ( 'NONE',  ( -154.0706612334302300, 18.43671809561325100, 988.1206181644045000 ) ) ;
#348 = AXIS2_PLACEMENT_3D ( 'NONE', #923, #156, #1059 ) ;
#349 = CARTESIAN_POINT ( 'NONE',  ( -136.5571120956609500, -5.368096119704084700E-012, 2040.000000013704700 ) ) ;
#350 = CARTESIAN_POINT ( 'NONE',  ( -243.9999998354815000, -27.50000000000461100, 1661.334114091930400 ) ) ;
#351 = CIRCLE ( 'NONE', #1245, 70.00000000000005700 ) ;
#352 = CARTESIAN_POINT ( 'NONE',  ( -199.9999999207786600, 10.34670852842077300, 800.0000000196702100 ) ) ;
#353 = CARTESIAN_POINT ( 'NONE',  ( -152.3753853527715900, -2.873211189892459100E-012, 988.1089238849423300 ) ) ;
#354 = CIRCLE ( 'NONE', #1282, 25.00000000000002100 ) ;
#355 = ORIENTED_EDGE ( 'NONE', *, *, #1379, .T. ) ;
#356 = CARTESIAN_POINT ( 'NONE',  ( -150.7094319257434400, -5.245813238349071100E-012, 1987.501245346294600 ) ) ;
#357 = CARTESIAN_POINT ( 'NONE',  ( -243.9999997992286500, -27.50000000000549200, 2027.417233151504700 ) ) ;
#358 = CARTESIAN_POINT ( 'NONE',  ( -199.9999997940215600, 27.49999999997483300, 2008.385506810212100 ) ) ;
#359 = ORIENTED_EDGE ( 'NONE', *, *, #698, .T. ) ;
#360 = CARTESIAN_POINT ( 'NONE',  ( -143.6651706421777700, 23.35663325376151500, 836.4640512170260500 ) ) ;
#361 = CARTESIAN_POINT ( 'NONE',  ( -152.9867905832036300, -9.244800357391985900, 1718.974007210782500 ) ) ;
#362 = CARTESIAN_POINT ( 'NONE',  ( -155.9999997996170000, 27.49999999999602100, 1440.000000015445700 ) ) ;
#363 = DIRECTION ( 'NONE',  ( -1.937846263489314400E-015, -2.373861672774410400E-015, 1.000000000000000000 ) ) ;
#364 = CARTESIAN_POINT ( 'NONE',  ( -145.2610540072063000, -2.584050013450807400E-012, 865.3644800438298700 ) ) ;
#365 = EDGE_CURVE ( 'NONE', #1654, #1121, #338, .T. ) ;
#366 = CARTESIAN_POINT ( 'NONE',  ( -154.1533181648203200, -18.42844757788791600, 1440.000000015262200 ) ) ;
#367 = DIRECTION ( 'NONE',  ( 4.153087188293503300E-030, -1.000000000000000000, -2.389772395653985900E-015 ) ) ;
#368 = VERTEX_POINT ( 'NONE', #376 ) ;
#369 = CARTESIAN_POINT ( 'NONE',  ( -151.5500511125164800, -18.90599274601387200, 2000.706114981351000 ) ) ;
#370 = PRESENTATION_STYLE_ASSIGNMENT (( #122 ) ) ;
#371 = CARTESIAN_POINT ( 'NONE',  ( -137.2610806514674400, -3.874607702579457400, 840.6543925421448200 ) ) ;
#372 = DIRECTION ( 'NONE',  ( 0.0000000000000000000, -2.379049338482476600E-015, 1.000000000000000000 ) ) ;
#373 = CARTESIAN_POINT ( 'NONE',  ( -153.0110136985526300, -9.243529177831655700, 1045.743929917757000 ) ) ;
#374 = CIRCLE ( 'NONE', #158, 74.99999999999995700 ) ;
#375 = CARTESIAN_POINT ( 'NONE',  ( -155.9999998240656700, -27.50000000000477800, 1776.612351895000800 ) ) ;
#376 = CARTESIAN_POINT ( 'NONE',  ( -155.9999997996174300, -27.49999999999548100, 2023.496587395693500 ) ) ;
#377 = EDGE_LOOP ( 'NONE', ( #39, #340 ) ) ;
#378 = CARTESIAN_POINT ( 'NONE',  ( -137.6622658420037900, -2.483072158948136000E-012, 842.6642594349619900 ) ) ;
#379 = CARTESIAN_POINT ( 'NONE',  ( -148.6812173519168400, -20.53831337948957300, 851.7150771708037400 ) ) ;
#380 = LINE ( 'NONE', #67, #50 ) ;
#381 = VERTEX_POINT ( 'NONE', #428 ) ;
#382 = CARTESIAN_POINT ( 'NONE',  ( -154.1533237623303900, -18.42844701829012500, 1391.583157254739500 ) ) ;
#383 = CARTESIAN_POINT ( 'NONE',  ( -147.1080678371240800, -20.77582129242051300, 852.4069179111019100 ) ) ;
#384 = DIRECTION ( 'NONE',  ( 0.0000000000000000000, 2.498001805406611300E-015, -1.000000000000000000 ) ) ;
#385 =( GEOMETRIC_REPRESENTATION_CONTEXT ( 3 ) GLOBAL_UNCERTAINTY_ASSIGNED_CONTEXT ( ( #299 ) ) GLOBAL_UNIT_ASSIGNED_CONTEXT ( ( #1310, #545, #1454 ) ) REPRESENTATION_CONTEXT ( 'NONE', 'WORKASPACE' ) );
#386 = CARTESIAN_POINT ( 'NONE',  ( -140.8056406716180200, 10.84393336139285100, 2035.353419249375100 ) ) ;
#387 = FACE_OUTER_BOUND ( 'NONE', #624, .T. ) ;
#388 = CARTESIAN_POINT ( 'NONE',  ( -155.9999999021503600, -27.50000000000289200, 988.1089238853012400 ) ) ;
#389 = CARTESIAN_POINT ( 'NONE',  ( -138.9957676935608200, 7.831439109504487700, 842.6523988745324200 ) ) ;
#390 = ORIENTED_EDGE ( 'NONE', *, *, #612, .T. ) ;
#391 = CARTESIAN_POINT ( 'NONE',  ( -152.9845140271477800, 9.244919828420131900, 1391.583157254624000 ) ) ;
#392 = CARTESIAN_POINT ( 'NONE',  ( -248.3372736495570600, 23.59331215797885400, 2026.115675745368900 ) ) ;
#393 = ORIENTED_EDGE ( 'NONE', *, *, #1298, .F. ) ;
#394 = EDGE_CURVE ( 'NONE', #950, #996, #3, .T. ) ;
#395 = VECTOR ( 'NONE', #736, 1000.000000000000000 ) ;
#396 = VECTOR ( 'NONE', #303, 1000.000000000000000 ) ;
#397 = ORIENTED_EDGE ( 'NONE', *, *, #1531, .T. ) ;
#398 = CARTESIAN_POINT ( 'NONE',  ( -243.9999998589983100, 27.49999999999589700, 1423.861054390675000 ) ) ;
#399 = DIRECTION ( 'NONE',  ( -1.684726601036178200E-015, 1.000000000000000000, 0.0000000000000000000 ) ) ;
#400 = CARTESIAN_POINT ( 'NONE',  ( -262.6279145078307200, 4.205311772647412700, 2039.218945563957700 ) ) ;
#401 = AXIS2_PLACEMENT_3D ( 'NONE', #145, #1047, #275 ) ;
#402 = DIRECTION ( 'NONE',  ( 1.000000000000000000, 1.727462517347899300E-015, -1.224646799147312000E-016 ) ) ;
#403 = DIRECTION ( 'NONE',  ( 4.153087188293503300E-030, -1.000000000000000000, -2.389772395653985900E-015 ) ) ;
#404 = CARTESIAN_POINT ( 'NONE',  ( -199.9999999207786600, -10.34670852842815400, 677.5730403206889600 ) ) ;
#405 = CARTESIAN_POINT ( 'NONE',  ( -247.5004869915755400, -4.702186753114292500E-012, 1661.334114092277100 ) ) ;
#406 = FILL_AREA_STYLE ('',( #1570 ) ) ;
#407 = DIRECTION ( 'NONE',  ( 0.0000000000000000000, -2.389772395653985900E-015, 1.000000000000000000 ) ) ;
#408 = EDGE_LOOP ( 'NONE', ( #1272, #126, #1238, #1607, #924, #64, #1147, #1689 ) ) ;
#409 = CARTESIAN_POINT ( 'NONE',  ( -243.9999998411895500, 27.49999999999546300, 1603.695019112421100 ) ) ;
#410 = MECHANICAL_DESIGN_GEOMETRIC_PRESENTATION_REPRESENTATION (  '', ( #477 ), #385 ) ;
#411 = CARTESIAN_POINT ( 'NONE',  ( -199.9999999207786600, -2.410715139844031200E-012, 725.0000000196701000 ) ) ;
#412 = CARTESIAN_POINT ( 'NONE',  ( -152.4999580823162800, -4.214956788464082000E-012, 1546.055928752790800 ) ) ;
#413 = ADVANCED_FACE ( 'NONE', ( #1296 ), #932, .T. ) ;
#414 = CARTESIAN_POINT ( 'NONE',  ( -152.4999998574000700, -3.957653045166807900E-012, 1440.000000015098700 ) ) ;
#415 = VERTEX_POINT ( 'NONE', #1544 ) ;
#416 = SURFACE_STYLE_FILL_AREA ( #1673 ) ;
#417 = CARTESIAN_POINT ( 'NONE',  ( -243.9999998004944400, -27.50000000000543900, 2014.635519994712700 ) ) ;
#418 = SURFACE_STYLE_USAGE ( .BOTH. , #1181 ) ;
#419 = VERTEX_POINT ( 'NONE', #1581 ) ;
#420 = MECHANICAL_DESIGN_GEOMETRIC_PRESENTATION_REPRESENTATION (  '', ( #9 ), #1361 ) ;
#421 = CARTESIAN_POINT ( 'NONE',  ( -135.1141145629341100, -2.482911165840348600E-012, 836.4640656559894300 ) ) ;
#422 = CARTESIAN_POINT ( 'NONE',  ( -199.9999999207786600, 10.34670852842106600, 677.5730403207040800 ) ) ;
#423 = DIRECTION ( 'NONE',  ( -4.153087188293503300E-030, 1.000000000000000000, 2.389772395653985900E-015 ) ) ;
#424 = ADVANCED_FACE ( 'NONE', ( #1 ), #792, .F. ) ;
#425 = CARTESIAN_POINT ( 'NONE',  ( -136.5571120956609500, -5.368096119704084700E-012, 2040.000000013704700 ) ) ;
#426 = DIRECTION ( 'NONE',  ( -1.719580143085255300E-015, 1.000000000000000000, 2.389772395652179800E-015 ) ) ;
#427 = CARTESIAN_POINT ( 'NONE',  ( -243.9999999143057300, 27.49999999999721100, 865.3644800536078500 ) ) ;
#428 = CARTESIAN_POINT ( 'NONE',  ( -199.9999997940214200, -35.00000000000585500, 2150.000000019935700 ) ) ;
#429 = B_SPLINE_CURVE_WITH_KNOTS ( 'NONE', 3,
 ( #763, #125, #515, #1418, #630, #1558, #770, #1681, #897, #130, #1030, #260, #1156, #389, #1281, #520, #1424, #635, #1565, #778, #1687, #902, #135, #1035 ),
 .UNSPECIFIED., .F., .F.,
 ( 4, 2, 2, 2, 2, 2, 2, 2, 2, 2, 2, 4 ),
 ( 1.405516392347915400E-011, 0.009587749301402792900, 0.01438162394507668300, 0.01917549858875057500, 0.02396937323242446700, 0.02636631055426150200, 0.02876324787609852600, 0.03116018519793556000, 0.03355712251977259500, 0.03475559118069117300, 0.03595405984160975100, 0.03835099716344692000 ),
 .UNSPECIFIED. ) ;
#430 = EDGE_CURVE ( 'NONE', #1491, #131, #272, .T. ) ;
#431 = CARTESIAN_POINT ( 'NONE',  ( -199.9999999207785800, 35.00000000000095200, 775.0000000198028800 ) ) ;
#432 = CARTESIAN_POINT ( 'NONE',  ( -243.9999998589982200, -27.50000000000405000, 1423.861054390675000 ) ) ;
#433 = CARTESIAN_POINT ( 'NONE',  ( -152.9845140271477500, -9.244919828427814700, 1391.583157254623800 ) ) ;
#434 = MECHANICAL_DESIGN_GEOMETRIC_PRESENTATION_REPRESENTATION (  '', ( #164 ), #1383 ) ;
#435 = EDGE_LOOP ( 'NONE', ( #1362, #795, #638, #1588, #555, #1318 ) ) ;
#436 = CARTESIAN_POINT ( 'NONE',  ( -137.6622658420037900, -2.520022173712925200E-012, 842.6642594349619900 ) ) ;
#437 = FILL_AREA_STYLE_COLOUR ( '', #1173 ) ;
#438 = ORIENTED_EDGE ( 'NONE', *, *, #1562, .F. ) ;
#439 = CARTESIAN_POINT ( 'NONE',  ( -199.9999999207786300, -10.34670852842844700, 800.0000000196699800 ) ) ;
#440 = CARTESIAN_POINT ( 'NONE',  ( -243.9999999101998200, -27.50000000000279600, 906.8244808964391300 ) ) ;
#441 = EDGE_LOOP ( 'NONE', ( #1032, #1212, #208, #636 ) ) ;
#442 = FACE_OUTER_BOUND ( 'NONE', #1552, .T. ) ;
#443 = CARTESIAN_POINT ( 'NONE',  ( -245.8470046422417000, -18.42847990376159800, 1218.666102088198400 ) ) ;
#444 = CARTESIAN_POINT ( 'NONE',  ( -138.1095527729661400, -2.519259082843185000E-012, 843.8479932018751700 ) ) ;
#445 = CARTESIAN_POINT ( 'NONE',  ( -245.8290826675942900, 18.42668665946178300, 1045.743929926948300 ) ) ;
#446 = CARTESIAN_POINT ( 'NONE',  ( -256.3358365073498200, -23.35750333485279000, 836.4593904683339400 ) ) ;
#447 = CARTESIAN_POINT ( 'NONE',  ( -136.5571122144957900, -2.494349052603784100E-012, 840.0000000133362600 ) ) ;
#448 = ORIENTED_EDGE ( 'NONE', *, *, #641, .F. ) ;
#449 = CARTESIAN_POINT ( 'NONE',  ( -263.3083772232298000, 1.603419701079089600, 840.0469031895454500 ) ) ;
#450 = EDGE_CURVE ( 'NONE', #381, #825, #1557, .T. ) ;
#451 = CARTESIAN_POINT ( 'NONE',  ( -149.0259859332193200, 9.607518899444457400, 2000.706114981101100 ) ) ;
#452 = CARTESIAN_POINT ( 'NONE',  ( -247.0154856972417000, 9.244919828419922300, 1391.583157263935800 ) ) ;
#453 = CARTESIAN_POINT ( 'NONE',  ( -248.8019866604299500, -9.371368783730348500, 892.4756140104989300 ) ) ;
#454 = DIRECTION ( 'NONE',  ( -1.748255250458158800E-015, 1.000000000000000000, 2.389772395655016600E-015 ) ) ;
#455 = CARTESIAN_POINT ( 'NONE',  ( -255.0549027986767200, 16.34530703858010300, 848.6543282850416300 ) ) ;
#456 = ORIENTED_EDGE ( 'NONE', *, *, #564, .F. ) ;
#457 = CARTESIAN_POINT ( 'NONE',  ( -155.9999998080280400, 27.49999999999488100, 1938.562914104453300 ) ) ;
#458 = CARTESIAN_POINT ( 'NONE',  ( -258.0733137090543300, 11.00967258658703500, 852.4069179220911100 ) ) ;
#459 = CARTESIAN_POINT ( 'NONE',  ( -247.4977123406568500, -3.399657927667309400E-012, 1161.026807675952300 ) ) ;
#460 =( BOUNDED_SURFACE ( )  B_SPLINE_SURFACE ( 3, 3, ( 
 ( #801, #859, #1054, #1045, #1048, #1050, #1061, #1063, #1069, #1066, #1315, #1202, #1233, #605, #1515, #1084, #1078, #938, #936 ),
 ( #933, #946, #926, #928, #922, #925, #1597, #1132, #941, #1329, #1338, #1349, #1363, #451, #1243, #764, #622, #1539, #1412 ),
 ( #487, #1141, #1307, #61, #80, #94, #111, #1226, #603, #56, #76, #1262, #1616, #322, #1309, #104, #99, #213, #205 ),
 ( #191, #1468, #1157, #1095, #1344, #1146, #1524, #87, #1549, #464, #457, #539, #898, #687, #1429, #226, #218, #332, #326 ) ),
 .UNSPECIFIED., .F., .F., .T. ) 
 B_SPLINE_SURFACE_WITH_KNOTS ( ( 4, 4 ),
 ( 4, 1, 1, 1, 1, 1, 1, 1, 1, 1, 1, 1, 1, 1, 1, 1, 4 ),
 ( 0.0000000000000000000, 1.000000000000000000 ),
 ( 0.0000000000000000000, 0.07791391752946935600, 0.1558278350589387100, 0.2782639911766763300, 0.3561779087061455200, 0.4340918262356150400, 0.5565279823533526600, 0.6344418998828222900, 0.7123558174122918100, 0.8347919735300295400, 0.8597737960621739700, 0.8794363587785044600, 0.9040766521295063900, 0.9235353656989284700, 0.9476828975431396100, 0.9668221180594325200, 0.9726883250482241100 ),
 .UNSPECIFIED. ) 
 GEOMETRIC_REPRESENTATION_ITEM ( )  RATIONAL_B_SPLINE_SURFACE ( (
 ( 1.000000000000000000, 1.000000000000000000, 0.9999999999999997800, 1.000000000000000200, 1.000000000000000200, 0.9999999999999997800, 0.9999999999999997800, 1.000000000000000200, 1.000000000000000000, 0.9999999999999997800, 1.000000000000000400, 0.9999999999999997800, 1.000000000000000400, 0.9999999999999996700, 1.000000000000000400, 1.000000000000000400, 0.9999999999999993300, 1.000000000000000000, 1.000000000000000000),
 ( 0.9981640343457098800, 0.9981640343457098800, 0.9981640490634731100, 0.9981639702183120500, 0.9981643644441190500, 0.9981632964505688900, 0.9981674991365960800, 0.9981460576898701900, 0.9982042301215915400, 0.9979752898684441900, 0.9989211304528955400, 0.9977063638044368900, 0.9940974792963420700, 0.9858252598412982100, 0.9671871470037738400, 0.9386215551149349500, 0.9066520022212640800, 0.8887929231487368100, 0.8846154523955216400),
 ( 0.9981640343457098800, 0.9981640343457098800, 0.9981640490634731100, 0.9981639702183120500, 0.9981643644441190500, 0.9981632964505688900, 0.9981674991365960800, 0.9981460576898701900, 0.9982042301215915400, 0.9979752898684441900, 0.9989211304528955400, 0.9977063638044368900, 0.9940974792963420700, 0.9858252598412982100, 0.9671871470037738400, 0.9386215551149349500, 0.9066520022212640800, 0.8887929231487368100, 0.8846154523955216400),
 ( 1.000000000000000000, 1.000000000000000000, 0.9999999999999997800, 1.000000000000000200, 1.000000000000000200, 0.9999999999999997800, 0.9999999999999997800, 1.000000000000000200, 1.000000000000000000, 0.9999999999999997800, 1.000000000000000400, 0.9999999999999997800, 1.000000000000000400, 0.9999999999999996700, 1.000000000000000400, 1.000000000000000400, 0.9999999999999993300, 1.000000000000000000, 1.000000000000000000) ) ) 
 REPRESENTATION_ITEM ( '' )  SURFACE ( )  );
#461 = ORIENTED_EDGE ( 'NONE', *, *, #1220, .T. ) ;
#462 = CLOSED_SHELL ( 'NONE', ( #733, #1353, #1514, #1118, #875, #1366, #1046, #178, #283, #1682, #413, #141, #467, #1483, #1330, #540, #992, #1036, #1292, #783, #1576, #656, #650, #805, #66, #424 ) ) ;
#463 = DIRECTION ( 'NONE',  ( 0.0000000000000000000, 2.389772395653982800E-015, -1.000000000000000000 ) ) ;
#464 = CARTESIAN_POINT ( 'NONE',  ( -155.9999998126498000, 27.49999999999495900, 1891.891076145590000 ) ) ;
#465 = CARTESIAN_POINT ( 'NONE',  ( -247.6246144515291700, -3.081910192368469500E-012, 988.1089238943750400 ) ) ;
#466 = DIRECTION ( 'NONE',  ( 0.0000000000000000000, 2.498001805406600200E-015, -1.000000000000000000 ) ) ;
#467 = ADVANCED_FACE ( 'NONE', ( #553 ), #460, .T. ) ;
#468 = DIRECTION ( 'NONE',  ( 1.748255250458158800E-015, -1.000000000000000000, -2.389772395655016600E-015 ) ) ;
#469 = CARTESIAN_POINT ( 'NONE',  ( -243.9999997982463900, -27.50000000000558800, 2037.337301292526500 ) ) ;
#470 = CARTESIAN_POINT ( 'NONE',  ( 0.0000000000000000000, 0.0000000000000000000, 0.0000000000000000000 ) ) ;
#471 = CARTESIAN_POINT ( 'NONE',  ( -262.6188084814378400, -4.231750719080607400, 840.7914688283113900 ) ) ;
#472 = DIRECTION ( 'NONE',  ( -4.153087188293503300E-030, 1.000000000000000000, 2.389772395653985900E-015 ) ) ;
#473 = CARTESIAN_POINT ( 'NONE',  ( -139.6880414757669100, -9.047679450518096200, 2036.572575931329800 ) ) ;
#474 = CARTESIAN_POINT ( 'NONE',  ( -243.9999998558017800, -27.50000000000412500, 1456.138945657645300 ) ) ;
#475 =( LENGTH_UNIT ( ) NAMED_UNIT ( * ) SI_UNIT ( .MILLI., .METRE. ) );
#476 = CARTESIAN_POINT ( 'NONE',  ( -248.3346006241358200, -23.59574184370769200, 853.8859662590402900 ) ) ;
#477 = STYLED_ITEM ( 'NONE', ( #1286 ), #875 ) ;
#478 = CARTESIAN_POINT ( 'NONE',  ( -256.7858649540846200, -14.18846084141664600, 2032.934755360659000 ) ) ;
#479 = CIRCLE ( 'NONE', #167, 25.00000000000002100 ) ;
#480 = CARTESIAN_POINT ( 'NONE',  ( -152.4999998574001000, -3.961510066837112900E-012, 1440.000000015099000 ) ) ;
#481 = UNCERTAINTY_MEASURE_WITH_UNIT (LENGTH_MEASURE( 1.000000000000000100E-005 ), #1602, 'distance_accuracy_value', 'NONE');
#482 = VERTEX_POINT ( 'NONE', #877 ) ;
#483 = DIRECTION ( 'NONE',  ( -1.748255250458158800E-015, 1.000000000000000000, 2.389772395655016600E-015 ) ) ;
#484 = CARTESIAN_POINT ( 'NONE',  ( -199.9999997940214200, -35.00000000000568400, 2080.000000019935700 ) ) ;
#485 = EDGE_CURVE ( 'NONE', #1115, #1580, #1235, .T. ) ;
#486 = CARTESIAN_POINT ( 'NONE',  ( -145.2610538933951100, -5.300448489600510100E-012, 2014.635519984934700 ) ) ;
#487 = CARTESIAN_POINT ( 'NONE',  ( -154.1533181648204000, 18.42844757787998900, 1440.000000015262200 ) ) ;
#488 = CARTESIAN_POINT ( 'NONE',  ( -199.9999997940215100, -5.580734084519493900E-012, 2080.000000019936100 ) ) ;
#489 = CARTESIAN_POINT ( 'NONE',  ( -152.4999998574001000, -3.948148969127123600E-012, 1440.000000015099000 ) ) ;
#490 = CARTESIAN_POINT ( 'NONE',  ( -153.0110136204670500, -9.243529177833540400, 1834.256070112543100 ) ) ;
#491 = CARTESIAN_POINT ( 'NONE',  ( -152.4999581033214900, -3.708057726715023400E-012, 1333.944071277407400 ) ) ;
#492 = DIRECTION ( 'NONE',  ( -1.232917876824217300E-032, -2.389772395655016600E-015, 1.000000000000000000 ) ) ;
#493 = CARTESIAN_POINT ( 'NONE',  ( -247.1399946656799200, -9.251453825062995400, 1891.879381875322500 ) ) ;
#494 = EDGE_LOOP ( 'NONE', ( #551, #729, #390, #1670 ) ) ;
#495 = ORIENTED_EDGE ( 'NONE', *, *, #1023, .T. ) ;
#496 = CARTESIAN_POINT ( 'NONE',  ( -154.1533237527409900, -18.42844701829036000, 1488.416842775785900 ) ) ;
#497 = CARTESIAN_POINT ( 'NONE',  ( -199.9999997940215300, 34.99999999999425200, 2150.000000019936100 ) ) ;
#498 = DIRECTION ( 'NONE',  ( -4.153087188293503300E-030, 1.000000000000000000, 2.389772395653985900E-015 ) ) ;
#499 = DIRECTION ( 'NONE',  ( 0.0000000000000000000, -2.379049338482483700E-015, 1.000000000000000000 ) ) ;
#500 = CARTESIAN_POINT ( 'NONE',  ( -147.1080677207465600, -20.77582129242332300, 2027.593082118028000 ) ) ;
#501 = PLANE ( 'NONE',  #216 ) ;
#502 = CARTESIAN_POINT ( 'NONE',  ( -137.7667373955760600, -5.279368350143508700, 841.2352100697038400 ) ) ;
#503 = CARTESIAN_POINT ( 'NONE',  ( -153.4834323788801700, -9.218737543863301900, 941.4255952142153800 ) ) ;
#504 = CARTESIAN_POINT ( 'NONE',  ( -155.9999998126497200, -27.50000000000504100, 1891.891076145590000 ) ) ;
#505 = CARTESIAN_POINT ( 'NONE',  ( -261.8904470599068200, -2.738807067299791900E-012, 843.8479932141326600 ) ) ;
#506 = EDGE_CURVE ( 'NONE', #482, #1600, #835, .T. ) ;
#507 = CARTESIAN_POINT ( 'NONE',  ( -153.7710213129557000, -25.57732942709333200, 855.2429723457316900 ) ) ;
#508 = CARTESIAN_POINT ( 'NONE',  ( -154.1534626404412900, -18.42843312352237800, 1276.304865256809500 ) ) ;
#509 = CARTESIAN_POINT ( 'NONE',  ( -199.9999997940214200, 34.99999999999778300, 2105.000000019802900 ) ) ;
#510 = CARTESIAN_POINT ( 'NONE',  ( -150.7094320341805100, -2.657622289028243500E-012, 892.4987546835490100 ) ) ;
#511 = CARTESIAN_POINT ( 'NONE',  ( -243.9999998385721700, 27.49999999130405100, 2023.496587432664500 ) ) ;
#512 = EDGE_CURVE ( 'NONE', #727, #996, #752, .T. ) ;
#513 = CARTESIAN_POINT ( 'NONE',  ( -143.9186516615747000, -23.13769675264522300, 837.6368588696505000 ) ) ;
#514 = ORIENTED_EDGE ( 'NONE', *, *, #761, .F. ) ;
#515 = CARTESIAN_POINT ( 'NONE',  ( -151.6630896024453200, 23.59362656807984100, 853.8845319101460500 ) ) ;
#516 = CARTESIAN_POINT ( 'NONE',  ( -152.1978326140681500, -2.696056975905872200E-012, 906.8244808873478200 ) ) ;
#517 = CARTESIAN_POINT ( 'NONE',  ( -143.2140419894067000, 14.18833704149726500, 2032.934846315150000 ) ) ;
#518 = EDGE_LOOP ( 'NONE', ( #1138, #211, #590, #169 ) ) ;
#519 = CARTESIAN_POINT ( 'NONE',  ( -155.9999999101998500, -27.50000000000269300, 906.8244808877242300 ) ) ;
#520 = CARTESIAN_POINT ( 'NONE',  ( -138.0428564649423600, 5.914858296916919200, 841.5572377437138100 ) ) ;
#521 = CARTESIAN_POINT ( 'NONE',  ( -152.9998566005838500, -2.803680475392862600E-012, 941.4370859261409800 ) ) ;
#522 = CARTESIAN_POINT ( 'NONE',  ( -252.2923387204753600, 19.49599630310612900, 2029.037480563486500 ) ) ;
#523 = CARTESIAN_POINT ( 'NONE',  ( -155.9999998274713600, -27.50000000000470700, 1742.221322600370100 ) ) ;
#524 = CARTESIAN_POINT ( 'NONE',  ( -243.9999998679027200, 27.49999999999610300, 1333.944071286468400 ) ) ;
#525 = CARTESIAN_POINT ( 'NONE',  ( -152.3753853527715900, -2.873211189892459100E-012, 988.1089238849423300 ) ) ;
#526 = EDGE_CURVE ( 'NONE', #569, #1077, #749, .T. ) ;
#527 = CARTESIAN_POINT ( 'NONE',  ( -262.9643773286042600, 3.115546676665392300, 2039.596944546945900 ) ) ;
#528 = CARTESIAN_POINT ( 'NONE',  ( -152.5265383069808300, -3.021124367127675300E-012, 1045.748740851750200 ) ) ;
#529 = DIRECTION ( 'NONE',  ( -4.153087188293503300E-030, 1.000000000000000000, 2.389772395653985900E-015 ) ) ;
#530 = ORIENTED_EDGE ( 'NONE', *, *, #1334, .T. ) ;
#531 = VERTEX_POINT ( 'NONE', #560 ) ;
#532 = CARTESIAN_POINT ( 'NONE',  ( -152.4881311859157100, -3.156284825262476700E-012, 1103.387648135542600 ) ) ;
#533 = CARTESIAN_POINT ( 'NONE',  ( -247.5118685288844100, -4.976628230139684900E-012, 1776.612351904063200 ) ) ;
#534 = CARTESIAN_POINT ( 'NONE',  ( -152.5022874293961500, -3.294981501781094200E-012, 1161.026807666545000 ) ) ;
#535 = ORIENTED_EDGE ( 'NONE', *, *, #669, .T. ) ;
#536 = CARTESIAN_POINT ( 'NONE',  ( -145.2610538933951100, -5.330546219628819400E-012, 2014.635519984934900 ) ) ;
#537 = ORIENTED_EDGE ( 'NONE', *, *, #1334, .F. ) ;
#538 = CARTESIAN_POINT ( 'NONE',  ( -152.4995127232246000, -3.432539142853016300E-012, 1218.665885947328900 ) ) ;
#539 = CARTESIAN_POINT ( 'NONE',  ( -155.9999998046002400, 27.49999999999476700, 1973.175519143167300 ) ) ;
#540 = ADVANCED_FACE ( 'NONE', ( #1060 ), #1662, .F. ) ;
#541 = CARTESIAN_POINT ( 'NONE',  ( -152.5000026668794500, -4.000078662688168700E-012, 1456.138945648584200 ) ) ;
#542 = CARTESIAN_POINT ( 'NONE',  ( -243.9999998526053800, -27.50000000000419900, 1488.416836924616100 ) ) ;
#543 = PLANE ( 'NONE',  #879 ) ;
#544 = CARTESIAN_POINT ( 'NONE',  ( -152.9726498091260400, 9.245542441532306200, 1103.390837920833100 ) ) ;
#545 =( NAMED_UNIT ( * ) PLANE_ANGLE_UNIT ( ) SI_UNIT ( $, .RADIAN. ) );
#546 = CARTESIAN_POINT ( 'NONE',  ( -247.0001431142163700, -5.210279003376791300E-012, 1938.562914113465000 ) ) ;
#547 = DIRECTION ( 'NONE',  ( 1.684726601036305800E-015, -1.000000000000000000, 0.0000000000000000000 ) ) ;
#548 = CARTESIAN_POINT ( 'NONE',  ( -243.9999998574000100, -27.50000000000408200, 1440.000000024160500 ) ) ;
#549 = CARTESIAN_POINT ( 'NONE',  ( -199.9999997940215300, 27.49999999997466200, 2080.000000019936100 ) ) ;
#550 = CARTESIAN_POINT ( 'NONE',  ( -243.9999999165539200, 27.49999999999736400, 842.6626987557941700 ) ) ;
#551 = ORIENTED_EDGE ( 'NONE', *, *, #1220, .F. ) ;
#552 = DIRECTION ( 'NONE',  ( -1.756137624720820800E-015, 1.000000000000000000, 2.389772395655869700E-015 ) ) ;
#553 = FACE_OUTER_BOUND ( 'NONE', #494, .T. ) ;
#554 = DIRECTION ( 'NONE',  ( 1.756137624720820800E-015, -1.000000000000000000, -2.389772395655869700E-015 ) ) ;
#555 = ORIENTED_EDGE ( 'NONE', *, *, #1407, .T. ) ;
#556 = CARTESIAN_POINT ( 'NONE',  ( -199.9999997940215100, 10.34670852842102700, 1957.573040320953400 ) ) ;
#557 = CARTESIAN_POINT ( 'NONE',  ( -152.5000082954275100, -3.845805413787765800E-012, 1391.583163114643000 ) ) ;
#558 = CARTESIAN_POINT ( 'NONE',  ( -243.9999999129200000, -27.50000000000276400, 879.3566744288461900 ) ) ;
#559 = EDGE_CURVE ( 'NONE', #312, #1459, #852, .T. ) ;
#560 = CARTESIAN_POINT ( 'NONE',  ( -243.9999999151831100, -27.49999999999285500, 856.5034126439110200 ) ) ;
#561 = CARTESIAN_POINT ( 'NONE',  ( -245.8545527622103700, -18.42923515478246100, 1103.390837930031700 ) ) ;
#562 = CARTESIAN_POINT ( 'NONE',  ( -199.9999999207785800, 35.00000000000095200, 775.0000000198028800 ) ) ;
#563 = COLOUR_RGB ( '',0.8431372549019607900, 0.8431372549019607900, 0.8431372549019607900 ) ;
#564 = EDGE_CURVE ( 'NONE', #996, #950, #479, .T. ) ;
#565 = DIRECTION ( 'NONE',  ( -1.727462517347899100E-015, 1.000000000000000000, 2.389772395652913100E-015 ) ) ;
#566 = CARTESIAN_POINT ( 'NONE',  ( -245.8466815499797300, -18.42844757788802900, 1440.000000024342600 ) ) ;
#567 = CARTESIAN_POINT ( 'NONE',  ( -245.5154400079412400, 18.39530410247991200, 941.4255952233290800 ) ) ;
#568 = CARTESIAN_POINT ( 'NONE',  ( -247.0154913099968300, -9.244920123142476200, 1423.861052199650900 ) ) ;
#569 = VERTEX_POINT ( 'NONE', #1081 ) ;
#570 = FACE_OUTER_BOUND ( 'NONE', #1384, .T. ) ;
#571 = CARTESIAN_POINT ( 'NONE',  ( -262.9576197269197500, 3.140427728787456900, 840.4104442187947400 ) ) ;
#572 = CARTESIAN_POINT ( 'NONE',  ( -153.0110136985526600, 9.243529177825628600, 1045.743929917757400 ) ) ;
#573 = LINE ( 'NONE', #1586, #1636 ) ;
#574 = CARTESIAN_POINT ( 'NONE',  ( -247.0152765431783700, 9.244908851813367100, 1276.304865266005700 ) ) ;
#575 = CARTESIAN_POINT ( 'NONE',  ( -254.2338198550737000, -10.13985163014582500, 865.2604954425969500 ) ) ;
#576 = B_SPLINE_CURVE_WITH_KNOTS ( 'NONE', 3,
 ( #964, #1114, #1200, #958, #1093, #1087, #1008, #1074, #1068, #1246, #989, #847, #101, #979, #478, #819, #1254, #949, #945, #866, #664, #860 ),
 .UNSPECIFIED., .F., .F.,
 ( 4, 2, 2, 2, 2, 2, 2, 2, 2, 2, 4 ),
 ( 3.056842596628329800E-014, 0.002402911966773408500, 0.003604367950144688400, 0.004805823933515969300, 0.007208735900258089400, 0.009611647867000210400, 0.01441747180048438100, 0.01922329573396855000, 0.02402911966745272000, 0.02883494360093688900, 0.03844659146790577900 ),
 .UNSPECIFIED. ) ;
#577 = CARTESIAN_POINT ( 'NONE',  ( -252.2842443703868300, 19.50481420788277700, 850.9689143538527100 ) ) ;
#578 = CARTESIAN_POINT ( 'NONE',  ( -263.7347424987477800, 12.82445134653139500, 837.6337375355104800 ) ) ;
#579 = CARTESIAN_POINT ( 'NONE',  ( -247.4734614859039500, -3.121853852551585900E-012, 1045.748740861152800 ) ) ;
#580 = CARTESIAN_POINT ( 'NONE',  ( -147.1080678371241700, 20.77582129241542600, 852.4069179111023700 ) ) ;
#581 = CARTESIAN_POINT ( 'NONE',  ( -243.9999997976320000, -27.50000000000556400, 2043.540595447085500 ) ) ;
#582 = CARTESIAN_POINT ( 'NONE',  ( -247.8021672063317200, -2.900359951834109800E-012, 906.8244808968154300 ) ) ;
#583 = AXIS2_PLACEMENT_3D ( 'NONE', #1657, #1396, #1000 ) ;
#584 = CARTESIAN_POINT ( 'NONE',  ( -199.9999999207785800, -35.00000000000255800, 870.0000000196701000 ) ) ;
#585 = CARTESIAN_POINT ( 'NONE',  ( -199.9999997940214500, -27.49999999998566800, 2008.385506810211600 ) ) ;
#586 = CARTESIAN_POINT ( 'NONE',  ( -148.5351495101442700, -2.620219026055565800E-012, 879.3566744193922200 ) ) ;
#587 = CARTESIAN_POINT ( 'NONE',  ( -261.9421416513760600, -5.948543594922533400, 841.5746624815327600 ) ) ;
#588 = EDGE_LOOP ( 'NONE', ( #975, #41, #1275, #808 ) ) ;
#589 = PLANE ( 'NONE',  #176 ) ;
#590 = ORIENTED_EDGE ( 'NONE', *, *, #559, .T. ) ;
#591 = CARTESIAN_POINT ( 'NONE',  ( -138.6642170853419300, -7.207734820095351000, 2037.726282964809600 ) ) ;
#592 = CARTESIAN_POINT ( 'NONE',  ( -245.8466815499797900, 18.42844757787978700, 1440.000000024342600 ) ) ;
#593 = UNCERTAINTY_MEASURE_WITH_UNIT (LENGTH_MEASURE( 1.000000000000000100E-005 ), #1512, 'distance_accuracy_value', 'NONE');
#594 = AXIS2_PLACEMENT_3D ( 'NONE', #685, #1608, #820 ) ;
#595 =( NAMED_UNIT ( * ) SI_UNIT ( $, .STERADIAN. ) SOLID_ANGLE_UNIT ( ) );
#596 = CARTESIAN_POINT ( 'NONE',  ( -243.9999999151831100, -27.49999999999285500, 856.5034126439110200 ) ) ;
#597 = CARTESIAN_POINT ( 'NONE',  ( -258.5899158398912600, -5.545567646462101700E-012, 2027.417233152949600 ) ) ;
#598 = CARTESIAN_POINT ( 'NONE',  ( -152.4999580823162800, -4.201601164087315600E-012, 1546.055928752790800 ) ) ;
#599 = CARTESIAN_POINT ( 'NONE',  ( -243.9999997976320900, 27.49999999999445400, 2043.540595447085900 ) ) ;
#600 = DIRECTION ( 'NONE',  ( -1.232917876824217300E-032, -2.389772395655016600E-015, 1.000000000000000000 ) ) ;
#601 = DIRECTION ( 'NONE',  ( 0.0000000000000000000, 2.498001805406611300E-015, -1.000000000000000000 ) ) ;
#602 = CARTESIAN_POINT ( 'NONE',  ( -137.6622657236966100, -5.338065086287392900E-012, 2037.335740592297500 ) ) ;
#603 = CARTESIAN_POINT ( 'NONE',  ( -154.1709170472060500, 18.42668665946009900, 1834.256070112658100 ) ) ;
#604 = DIRECTION ( 'NONE',  ( 0.0000000000000000000, -2.389772395655861500E-015, 1.000000000000000000 ) ) ;
#605 = CARTESIAN_POINT ( 'NONE',  ( -148.5351493991043400, -5.299838912493255700E-012, 2000.643325610020600 ) ) ;
#606 = ORIENTED_EDGE ( 'NONE', *, *, #506, .F. ) ;
#607 = CARTESIAN_POINT ( 'NONE',  ( -153.4834322801335400, -9.218737543865682200, 1938.574404816176900 ) ) ;
#608 = CARTESIAN_POINT ( 'NONE',  ( -152.4995127232246000, -3.419241887938936600E-012, 1218.665885947328900 ) ) ;
#609 = CARTESIAN_POINT ( 'NONE',  ( -152.9840190014091700, 9.244945807329132800, 1218.666102079002700 ) ) ;
#610 = ORIENTED_EDGE ( 'NONE', *, *, #1373, .T. ) ;
#611 = CARTESIAN_POINT ( 'NONE',  ( -247.5000416324839100, -3.919840048973608600E-012, 1333.944071286815200 ) ) ;
#612 = EDGE_CURVE ( 'NONE', #312, #1115, #285, .T. ) ;
#613 = CARTESIAN_POINT ( 'NONE',  ( -154.1534626080201300, -18.42843312352316300, 1603.695134773716300 ) ) ;
#614 = CARTESIAN_POINT ( 'NONE',  ( -243.9999997977490100, 27.49999999999445800, 2042.360617732941100 ) ) ;
#615 = CARTESIAN_POINT ( 'NONE',  ( -136.5859486258915200, -0.8135811470654821200, 839.9657904287951200 ) ) ;
#616 = CARTESIAN_POINT ( 'NONE',  ( -263.7347423794442400, -12.82445134653967500, 2042.366262516718500 ) ) ;
#617 = CARTESIAN_POINT ( 'NONE',  ( -143.9186515422717900, -23.13769675264810400, 2042.363141158847600 ) ) ;
#618 = CARTESIAN_POINT ( 'NONE',  ( -243.9999997982465100, 27.49999999999450800, 2037.337301292526500 ) ) ;
#619 = CARTESIAN_POINT ( 'NONE',  ( -138.6842870914454100, -7.246909059112213400, 842.2967269522448500 ) ) ;
#620 = CARTESIAN_POINT ( 'NONE',  ( -151.1980131628116600, -9.371368783730206400, 892.4756140008331600 ) ) ;
#621 = CARTESIAN_POINT ( 'NONE',  ( -155.9999998046001800, -27.50000000000524700, 1973.175519143166600 ) ) ;
#622 = CARTESIAN_POINT ( 'NONE',  ( -138.2643881300424800, 12.12255835863828000, 2037.416787675534800 ) ) ;
#623 = FACE_OUTER_BOUND ( 'NONE', #929, .T. ) ;
#624 = EDGE_LOOP ( 'NONE', ( #1428, #1540 ) ) ;
#625 = CARTESIAN_POINT ( 'NONE',  ( -154.1548352311183700, -18.42829578555441800, 1161.025992819628100 ) ) ;
#626 = CARTESIAN_POINT ( 'NONE',  ( -243.9999998574001000, 27.49999999999585400, 1440.000000024160700 ) ) ;
#627 = CARTESIAN_POINT ( 'NONE',  ( -247.0279937438883200, 18.59246230205858200, 1987.524386038596700 ) ) ;
#628 = CARTESIAN_POINT ( 'NONE',  ( -136.9430032044080900, 2.759781152872134300, 2039.697225032962700 ) ) ;
#629 = CARTESIAN_POINT ( 'NONE',  ( -155.9999998574000400, -27.50000000000397500, 1440.000000015445500 ) ) ;
#630 = CARTESIAN_POINT ( 'NONE',  ( -147.7091060297569500, 19.49757772662798400, 850.9636675109841200 ) ) ;
#631 = CARTESIAN_POINT ( 'NONE',  ( -246.0471634418060800, 18.44850746338921300, 1973.184442056120600 ) ) ;
#632 = EDGE_CURVE ( 'NONE', #1357, #1341, #576, .T. ) ;
#633 = CARTESIAN_POINT ( 'NONE',  ( -145.8457899202321600, 17.40604958545016600, 2030.563006459359700 ) ) ;
#634 = CARTESIAN_POINT ( 'NONE',  ( -155.9999999129200300, -27.50000000000260100, 879.3566744201314100 ) ) ;
#635 = CARTESIAN_POINT ( 'NONE',  ( -137.3723223651160500, 4.205995720000706800, 840.7813258683994500 ) ) ;
#636 = ORIENTED_EDGE ( 'NONE', *, *, #1249, .F. ) ;
#637 = CARTESIAN_POINT ( 'NONE',  ( -245.5154399091946400, 18.39530410247752800, 1938.574404825290900 ) ) ;
#638 = ORIENTED_EDGE ( 'NONE', *, *, #821, .F. ) ;
#639 = CARTESIAN_POINT ( 'NONE',  ( -255.0622135248133300, 16.33662030618692600, 2031.352084407593300 ) ) ;
#640 = B_SPLINE_CURVE_WITH_KNOTS ( 'NONE', 3,
 ( #318, #1613, #449, #1348, #571, #1490, #697, #1621, #831, #60, #959, #190, #1094, #325, #1219, #455, #1355, #577, #1498, #706, #1626, #838 ),
 .UNSPECIFIED., .F., .F.,
 ( 4, 2, 2, 2, 2, 2, 2, 2, 2, 2, 4 ),
 ( 3.066724149682679600E-014, 0.002402911966772712400, 0.003604367950143734300, 0.004805823933514757500, 0.007208735900256749300, 0.009611647866998739400, 0.01441747180048288600, 0.01922329573396703100, 0.02402911966745117600, 0.02883494360093532100, 0.03844659146790377300 ),
 .UNSPECIFIED. ) ;
#641 = EDGE_CURVE ( 'NONE', #1654, #1592, #1598, .T. ) ;
#642 = DIRECTION ( 'NONE',  ( 4.153087188293503300E-030, -1.000000000000000000, -2.389772395653985900E-015 ) ) ;
#643 = CARTESIAN_POINT ( 'NONE',  ( -243.9999998793185800, 27.49999999999638700, 1218.665885956390200 ) ) ;
#644 = CARTESIAN_POINT ( 'NONE',  ( -245.9293384813701100, 18.43671809561089600, 1891.879381875202400 ) ) ;
#645 = ORIENTED_EDGE ( 'NONE', *, *, #641, .T. ) ;
#646 = CARTESIAN_POINT ( 'NONE',  ( -263.3096048781272900, 1.592810453915559900, 2039.953922998723300 ) ) ;
#647 = AXIS2_PLACEMENT_3D ( 'NONE', #488, #1391, #604 ) ;
#648 = PRESENTATION_STYLE_ASSIGNMENT (( #704 ) ) ;
#649 = CARTESIAN_POINT ( 'NONE',  ( -145.2610540072063000, -2.584050013450807400E-012, 865.3644800438297600 ) ) ;
#650 = ADVANCED_FACE ( 'NONE', ( #442 ), #589, .T. ) ;
#651 = CARTESIAN_POINT ( 'NONE',  ( -199.9999997940214800, -5.758757115480353500E-012, 2155.000000019936100 ) ) ;
#652 = CARTESIAN_POINT ( 'NONE',  ( -245.8290825895087200, 18.42668665945989700, 1834.256070121735300 ) ) ;
#653 = CARTESIAN_POINT ( 'NONE',  ( -247.6246143620285800, -5.241743831369314600E-012, 1891.891076154664000 ) ) ;
#654 = CARTESIAN_POINT ( 'NONE',  ( -245.8545526955422500, 18.42923515477421500, 1776.609162118655600 ) ) ;
#655 = CARTESIAN_POINT ( 'NONE',  ( -150.7094319257434400, -5.274429014197983300E-012, 1987.501245346294600 ) ) ;
#656 = ADVANCED_FACE ( 'NONE', ( #814 ), #767, .F. ) ;
#657 = CARTESIAN_POINT ( 'NONE',  ( -199.9999997940214200, -35.00000000000558500, 2080.000000019802900 ) ) ;
#658 = CARTESIAN_POINT ( 'NONE',  ( -245.8451644836817400, 18.42829578554630700, 1718.974007219977900 ) ) ;
#659 = FACE_OUTER_BOUND ( 'NONE', #588, .T. ) ;
#660 = FILL_AREA_STYLE_COLOUR ( '', #68 ) ;
#661 = CARTESIAN_POINT ( 'NONE',  ( -245.8470045984047900, 18.42847990375337000, 1661.333897960487800 ) ) ;
#662 = DIRECTION ( 'NONE',  ( 0.0000000000000000000, 2.389772395653982800E-015, -1.000000000000000000 ) ) ;
#663 = CARTESIAN_POINT ( 'NONE',  ( -247.0154913068004700, 9.244920123134232200, 1456.138947849265600 ) ) ;
#664 = CARTESIAN_POINT ( 'NONE',  ( -246.2289661079345000, -25.57734003156933200, 2024.757020741924900 ) ) ;
#665 = ORIENTED_EDGE ( 'NONE', *, *, #1083, .T. ) ;
#666 = AXIS2_PLACEMENT_3D ( 'NONE', #934, #163, #1067 ) ;
#667 = ORIENTED_EDGE ( 'NONE', *, *, #512, .F. ) ;
#668 = CARTESIAN_POINT ( 'NONE',  ( -199.9999999207786300, -10.34670852842844700, 800.0000000196699800 ) ) ;
#669 = EDGE_CURVE ( 'NONE', #291, #381, #17, .T. ) ;
#670 = CARTESIAN_POINT ( 'NONE',  ( -243.9999997977488400, -27.50000000000556400, 2042.360617732941100 ) ) ;
#671 = DIRECTION ( 'NONE',  ( 0.0000000000000000000, 2.373861672774410400E-015, -1.000000000000000000 ) ) ;
#672 = CARTESIAN_POINT ( 'NONE',  ( -151.5500512235689100, 18.90599274600596400, 879.2938850486592600 ) ) ;
#673 = CARTESIAN_POINT ( 'NONE',  ( -243.9999999171681700, 27.49999999999733900, 836.4594046012341600 ) ) ;
#674 = CARTESIAN_POINT ( 'NONE',  ( -245.8466796841430300, 18.42844739134719500, 1456.138947849149600 ) ) ;
#675 = DIRECTION ( 'NONE',  ( 1.727462517347899100E-015, -1.000000000000000000, -2.389772395652913100E-015 ) ) ;
#676 = CARTESIAN_POINT ( 'NONE',  ( -245.8466759524698100, 18.42844701828200000, 1488.416842784866000 ) ) ;
#677 = CARTESIAN_POINT ( 'NONE',  ( -243.9999998621946700, -27.50000000000396500, 1391.583163123704300 ) ) ;
#678 = AXIS2_PLACEMENT_3D ( 'NONE', #34, #937, #168 ) ;
#679 =( LENGTH_UNIT ( ) NAMED_UNIT ( * ) SI_UNIT ( .MILLI., .METRE. ) );
#680 = SURFACE_STYLE_USAGE ( .BOTH. , #1470 ) ;
#681 = CARTESIAN_POINT ( 'NONE',  ( -245.8465370743589100, 18.42843312351426400, 1603.695134782796200 ) ) ;
#682 = CARTESIAN_POINT ( 'NONE',  ( -243.9999999155713500, -27.50000000000268600, 852.5827668968157700 ) ) ;
#683 =( NAMED_UNIT ( * ) SI_UNIT ( $, .STERADIAN. ) SOLID_ANGLE_UNIT ( ) );
#684 = ORIENTED_EDGE ( 'NONE', *, *, #1319, .T. ) ;
#685 = CARTESIAN_POINT ( 'NONE',  ( -199.9999997940214200, -35.00000000000568400, 2080.000000019935700 ) ) ;
#686 = ORIENTED_EDGE ( 'NONE', *, *, #1276, .F. ) ;
#687 = CARTESIAN_POINT ( 'NONE',  ( -155.9999998018801400, 27.49999999999466700, 2000.643325610760000 ) ) ;
#688 = CARTESIAN_POINT ( 'NONE',  ( -245.9293385708683100, -18.43671809561913800, 988.1206181735012700 ) ) ;
#689 = CIRCLE ( 'NONE', #666, 69.99999999999984400 ) ;
#690 =( NAMED_UNIT ( * ) PLANE_ANGLE_UNIT ( ) SI_UNIT ( $, .RADIAN. ) );
#691 = AXIS2_PLACEMENT_3D ( 'NONE', #220, #997, #492 ) ;
#692 = CARTESIAN_POINT ( 'NONE',  ( -199.9999999207786100, -27.49999999998299700, 871.6144932293941600 ) ) ;
#693 = CARTESIAN_POINT ( 'NONE',  ( -247.0154913068004700, -9.244920123142554400, 1456.138947849265600 ) ) ;
#694 = CARTESIAN_POINT ( 'NONE',  ( -247.0279938523299800, 18.59246230206120700, 892.4756140103231700 ) ) ;
#695 = CARTESIAN_POINT ( 'NONE',  ( -247.0155358453787600, -9.244922459807176200, 1333.944097029950200 ) ) ;
#696 = CARTESIAN_POINT ( 'NONE',  ( -199.9999997940214200, 34.99999999999784000, 2080.000000019802900 ) ) ;
#697 = CARTESIAN_POINT ( 'NONE',  ( -262.6188084814380100, 4.231750719074534000, 840.7914688283116200 ) ) ;
#698 = EDGE_CURVE ( 'NONE', #727, #415, #1174, .T. ) ;
#699 = CARTESIAN_POINT ( 'NONE',  ( -135.5967130674803500, -2.485541471210077300E-012, 837.6424888104699000 ) ) ;
#700 = CARTESIAN_POINT ( 'NONE',  ( -247.0132091315965700, 9.244800357383864400, 1161.025992828823700 ) ) ;
#701 = CARTESIAN_POINT ( 'NONE',  ( -261.7362081750921400, -12.12273964834957100, 842.5816120770422200 ) ) ;
#702 = EDGE_CURVE ( 'NONE', #419, #743, #20, .T. ) ;
#703 = LINE ( 'NONE', #1170, #1390 ) ;
#704 = SURFACE_STYLE_USAGE ( .BOTH. , #970 ) ;
#705 = AXIS2_PLACEMENT_3D ( 'NONE', #90, #983, #214 ) ;
#706 = CARTESIAN_POINT ( 'NONE',  ( -248.3346006241370400, 23.59574184370104900, 853.8859662590391500 ) ) ;
#707 = CARTESIAN_POINT ( 'NONE',  ( -243.9999998080278400, -27.50000000000530400, 1938.562914113168100 ) ) ;
#708 = CARTESIAN_POINT ( 'NONE',  ( -247.4999998574000400, -4.173293422817145300E-012, 1440.000000024506800 ) ) ;
#709 = CARTESIAN_POINT ( 'NONE',  ( -247.0001432129607200, -2.827375224374956900E-012, 941.4370859354496600 ) ) ;
#710 = FILL_AREA_STYLE ('',( #824 ) ) ;
#711 = CARTESIAN_POINT ( 'NONE',  ( -199.9999997940214200, -35.00000000000552100, 2055.000000019802900 ) ) ;
#712 = FACE_OUTER_BOUND ( 'NONE', #1136, .T. ) ;
#713 = CARTESIAN_POINT ( 'NONE',  ( -251.4648503156956800, -2.778819879612482300E-012, 879.3566744295853800 ) ) ;
#714 = CARTESIAN_POINT ( 'NONE',  ( -263.4428876191393600, -2.714495471013951500E-012, 840.0000000259015000 ) ) ;
#715 = CARTESIAN_POINT ( 'NONE',  ( -199.9999999207785800, -35.00000000000253000, 800.0000000198026600 ) ) ;
#716 = CARTESIAN_POINT ( 'NONE',  ( -148.6764613026643100, -20.53332363601434100, 2028.288497286204100 ) ) ;
#717 = CARTESIAN_POINT ( 'NONE',  ( -243.9999998031815100, -27.50000000000539700, 1987.501245355533200 ) ) ;
#718 =( BOUNDED_SURFACE ( )  B_SPLINE_SURFACE ( 3, 3, ( 
 ( #626, #398, #1288, #524, #1432, #643, #1569, #782, #4, #909, #140, #1042, #269, #1187, #427, #1321, #550, #1460, #673 ),
 ( #1599, #1527, #52, #947, #179, #1085, #314, #1206, #445, #1345, #567, #1485, #694, #1617, #828, #57, #956, #185, #1090 ),
 ( #320, #1215, #452, #1350, #574, #1493, #700, #1623, #833, #62, #962, #193, #1096, #327, #1221, #458, #1358, #578, #1501 ),
 ( #708, #1628, #839, #70, #968, #197, #1104, #333, #1227, #465, #1364, #582, #1505, #713, #1633, #845, #77, #973, #201 ) ),
 .UNSPECIFIED., .F., .F., .T. ) 
 B_SPLINE_SURFACE_WITH_KNOTS ( ( 4, 4 ),
 ( 4, 1, 1, 1, 1, 1, 1, 1, 1, 1, 1, 1, 1, 1, 1, 1, 4 ),
 ( 0.0000000000000000000, 1.000000000000000000 ),
 ( 0.0000000000000000000, 0.07791391752946935600, 0.1558278350589387100, 0.2782639911766763300, 0.3561779087061455200, 0.4340918262356150400, 0.5565279823533526600, 0.6344418998828222900, 0.7123558174122918100, 0.8347919735300295400, 0.8597737960621739700, 0.8794363587785044600, 0.9040766521295063900, 0.9235353656989284700, 0.9476828975431396100, 0.9668221180594325200, 0.9726960593285750600 ),
 .UNSPECIFIED. ) 
 GEOMETRIC_REPRESENTATION_ITEM ( )  RATIONAL_B_SPLINE_SURFACE ( (
 ( 1.000000000000000000, 1.000000000000000000, 0.9999999999999997800, 1.000000000000000200, 1.000000000000000200, 0.9999999999999997800, 0.9999999999999997800, 1.000000000000000200, 1.000000000000000000, 0.9999999999999997800, 1.000000000000000400, 0.9999999999999997800, 1.000000000000000400, 0.9999999999999996700, 1.000000000000000400, 1.000000000000000400, 0.9999999999999993300, 1.000000000000000000, 1.000000000000000000),
 ( 0.9981640343457098800, 0.9981640343457098800, 0.9981640490634731100, 0.9981639702183120500, 0.9981643644441190500, 0.9981632964505688900, 0.9981674991365960800, 0.9981460576898701900, 0.9982042301215915400, 0.9979752898684441900, 0.9989211304528955400, 0.9977063638044368900, 0.9940974792963420700, 0.9858252598412982100, 0.9671871470037739500, 0.9386215551149349500, 0.9066469717716624200, 0.8887818752246400300, 0.8845989291438117700),
 ( 0.9981640343457098800, 0.9981640343457098800, 0.9981640490634731100, 0.9981639702183120500, 0.9981643644441190500, 0.9981632964505688900, 0.9981674991365960800, 0.9981460576898701900, 0.9982042301215915400, 0.9979752898684441900, 0.9989211304528955400, 0.9977063638044368900, 0.9940974792963420700, 0.9858252598412982100, 0.9671871470037739500, 0.9386215551149349500, 0.9066469717716624200, 0.8887818752246400300, 0.8845989291438117700),
 ( 1.000000000000000000, 1.000000000000000000, 0.9999999999999997800, 1.000000000000000200, 1.000000000000000200, 0.9999999999999997800, 0.9999999999999997800, 1.000000000000000200, 1.000000000000000000, 0.9999999999999997800, 1.000000000000000400, 0.9999999999999997800, 1.000000000000000400, 0.9999999999999996700, 1.000000000000000400, 1.000000000000000400, 0.9999999999999993300, 1.000000000000000000, 1.000000000000000000) ) ) 
 REPRESENTATION_ITEM ( '' )  SURFACE ( )  );
#719 =( NAMED_UNIT ( * ) PLANE_ANGLE_UNIT ( ) SI_UNIT ( $, .RADIAN. ) );
#720 = CARTESIAN_POINT ( 'NONE',  ( -260.9831431444361600, -7.870170765199820700, 842.6763017288814100 ) ) ;
#721 = CARTESIAN_POINT ( 'NONE',  ( -137.7547971616692700, -5.250031808097585200, 2038.778653877251600 ) ) ;
#722 = CARTESIAN_POINT ( 'NONE',  ( -243.9999998046001200, -27.50000000000534300, 1973.175519151881400 ) ) ;
#723 = DIRECTION ( 'NONE',  ( 0.0000000000000000000, 0.0000000000000000000, 1.000000000000000000 ) ) ;
#724 = AXIS2_PLACEMENT_3D ( 'NONE', #556, #813, #38 ) ;
#725 = DIRECTION ( 'NONE',  ( 1.737858883903028800E-015, -1.000000000000000000, -2.389772395653982800E-015 ) ) ;
#726 = CARTESIAN_POINT ( 'NONE',  ( -152.4995126793875800, -4.477118199894129700E-012, 1661.334114082869300 ) ) ;
#727 = VERTEX_POINT ( 'NONE', #562 ) ;
#728 = CARTESIAN_POINT ( 'NONE',  ( -245.8467092367360700, 18.42845034922059400, 1546.055903018850600 ) ) ;
#729 = ORIENTED_EDGE ( 'NONE', *, *, #848, .T. ) ;
#730 = CARTESIAN_POINT ( 'NONE',  ( -199.9999999207785800, 35.00000000000088800, 800.0000000198028800 ) ) ;
#731 = CYLINDRICAL_SURFACE ( 'NONE', #74, 25.00000000000002100 ) ;
#732 = EDGE_CURVE ( 'NONE', #1402, #312, #173, .T. ) ;
#733 = ADVANCED_FACE ( 'NONE', ( #712 ), #1062, .T. ) ;
#734 = CARTESIAN_POINT ( 'NONE',  ( -135.1141144433989300, -5.367538197057653700E-012, 2043.535934370765500 ) ) ;
#735 = CARTESIAN_POINT ( 'NONE',  ( -245.8466796841429700, -18.42844739135549800, 1456.138947849149600 ) ) ;
#736 = DIRECTION ( 'NONE',  ( 9.902887037323768300E-011, -2.149735819640636100E-015, 1.000000000000000000 ) ) ;
#737 = DIRECTION ( 'NONE',  ( 0.0000000000000000000, 2.389772395653982800E-015, -1.000000000000000000 ) ) ;
#738 = AXIS2_PLACEMENT_3D ( 'NONE', #746, #1663, #878 ) ;
#739 = CARTESIAN_POINT ( 'NONE',  ( -151.1980130543701600, -9.371368783732823000, 1987.524386029106400 ) ) ;
#740 = CARTESIAN_POINT ( 'NONE',  ( -152.5002177034386900, -3.556941236268846200E-012, 1276.304980926838200 ) ) ;
#741 = CARTESIAN_POINT ( 'NONE',  ( -243.9999998126496600, -27.50000000000515100, 1891.891076154304800 ) ) ;
#742 = DIRECTION ( 'NONE',  ( 1.238476744659381300E-032, 2.389772395655869700E-015, -1.000000000000000000 ) ) ;
#743 = VERTEX_POINT ( 'NONE', #584 ) ;
#744 = CARTESIAN_POINT ( 'NONE',  ( -154.1548351758653400, -18.42829578555575400, 1718.974007210898400 ) ) ;
#745 = CARTESIAN_POINT ( 'NONE',  ( -246.0471634418059900, -18.44850746340000200, 1973.184442056120100 ) ) ;
#746 = CARTESIAN_POINT ( 'NONE',  ( -199.9999997940214200, -35.00000000000558500, 2080.000000019802900 ) ) ;
#747 = AXIS2_PLACEMENT_3D ( 'NONE', #422, #1313, #547 ) ;
#748 = CARTESIAN_POINT ( 'NONE',  ( -199.9999999207787200, 34.99999999999747800, 800.0000000196701000 ) ) ;
#749 = CIRCLE ( 'NONE', #940, 197.6978977969870900 ) ;
#750 = CARTESIAN_POINT ( 'NONE',  ( -155.9999998574000400, -27.50000000000397500, 1440.000000015445500 ) ) ;
#751 = CARTESIAN_POINT ( 'NONE',  ( -243.9999998018800800, -27.50000000000544300, 2000.643325619474400 ) ) ;
#752 = LINE ( 'NONE', #431, #908 ) ;
#753 = CARTESIAN_POINT ( 'NONE',  ( -152.9845055984255300, -9.244920270499635600, 1440.000000015146500 ) ) ;
#754 = CARTESIAN_POINT ( 'NONE',  ( -140.0565335256700300, -9.691564924338907300, 843.8393522947334300 ) ) ;
#755 = FACE_OUTER_BOUND ( 'NONE', #1422, .T. ) ;
#756 = CARTESIAN_POINT ( 'NONE',  ( -145.7661799735581700, -10.13985163014564300, 865.2604954318552500 ) ) ;
#757 = CARTESIAN_POINT ( 'NONE',  ( -155.9999998018800500, -27.50000000000527200, 2000.643325610759600 ) ) ;
#758 = CARTESIAN_POINT ( 'NONE',  ( -245.5154399091945800, -18.39530410248814000, 1938.574404825290900 ) ) ;
#759 = AXIS2_PLACEMENT_3D ( 'NONE', #1324, #552, #1463 ) ;
#760 = CARTESIAN_POINT ( 'NONE',  ( -246.2297838541078400, 25.57663465970831100, 2024.757483161111200 ) ) ;
#761 = EDGE_CURVE ( 'NONE', #1270, #1006, #374, .T. ) ;
#762 = CARTESIAN_POINT ( 'NONE',  ( -154.1709171252915400, -18.42668665946800400, 1045.743929917872000 ) ) ;
#763 = CARTESIAN_POINT ( 'NONE',  ( -155.9999998762280300, 27.49999999130700300, 856.5034126069410800 ) ) ;
#764 = CARTESIAN_POINT ( 'NONE',  ( -141.9266860057458100, 11.00967258658445000, 2027.593082117515000 ) ) ;
#765 = VERTEX_POINT ( 'NONE', #187 ) ;
#766 = CARTESIAN_POINT ( 'NONE',  ( -137.2610805327616700, 3.874607702572059800, 2039.345607485036500 ) ) ;
#767 = CYLINDRICAL_SURFACE ( 'NONE', #243, 24.99999999999991100 ) ;
#768 = EDGE_CURVE ( 'NONE', #131, #1006, #1169, .T. ) ;
#769 = CARTESIAN_POINT ( 'NONE',  ( -155.9999998621947300, -27.50000000000385800, 1391.583163114989700 ) ) ;
#770 = CARTESIAN_POINT ( 'NONE',  ( -144.9384310790486000, 16.33739605759576500, 848.6484880137438700 ) ) ;
#771 = CARTESIAN_POINT ( 'NONE',  ( -199.9999999207785800, 35.00000000000088800, 800.0000000198028800 ) ) ;
#772 = CARTESIAN_POINT ( 'NONE',  ( -148.6812172354022400, 20.53831337948177400, 2028.284922858637600 ) ) ;
#773 = EDGE_CURVE ( 'NONE', #1592, #1654, #1684, .T. ) ;
#774 = B_SPLINE_CURVE_WITH_KNOTS ( 'NONE', 3,
 ( #971, #75, #1509, #716, #1637, #849, #79, #976, #203, #1111, #343, #1236, #473, #1374, #591, #1517, #721, #1642, #853, #85, #980, #212, #1116, #349 ),
 .UNSPECIFIED., .F., .F.,
 ( 4, 2, 2, 2, 2, 2, 2, 2, 2, 2, 2, 4 ),
 ( 0.0000000000000000000, 0.009587749298106461000, 0.01438162394715969200, 0.01917549859621292200, 0.02396937324526615300, 0.02636631056979308100, 0.02876324789432001300, 0.03116018521884694400, 0.03355712254337387500, 0.03475559120563709300, 0.03595405986790031800, 0.03835099719242703700 ),
 .UNSPECIFIED. ) ;
#775 = CIRCLE ( 'NONE', #747, 197.6978977969906200 ) ;
#776 = CARTESIAN_POINT ( 'NONE',  ( -155.9999999155714100, -27.50000000000253300, 852.5827668881012200 ) ) ;
#777 = FACE_OUTER_BOUND ( 'NONE', #408, .T. ) ;
#778 = CARTESIAN_POINT ( 'NONE',  ( -137.0360658409244400, 3.117148334128205400, 840.4035424398551900 ) ) ;
#779 = CARTESIAN_POINT ( 'NONE',  ( -248.8019865519883400, 9.371368783722100900, 1987.524386038772000 ) ) ;
#780 = CARTESIAN_POINT ( 'NONE',  ( -257.6288872191622100, 13.07605347182067100, 2033.753922204964300 ) ) ;
#781 = PLANE ( 'NONE',  #310 ) ;
#782 = CARTESIAN_POINT ( 'NONE',  ( -243.9999998907345000, 27.49999999999666800, 1103.387648144605000 ) ) ;
#783 = ADVANCED_FACE ( 'NONE', ( #113 ), #1680, .T. ) ;
#784 = EDGE_CURVE ( 'NONE', #482, #1497, #1167, .T. ) ;
#785 = CARTESIAN_POINT ( 'NONE',  ( -263.4428875003037500, -5.582222345593086400E-012, 2040.000000026268700 ) ) ;
#786 = CARTESIAN_POINT ( 'NONE',  ( -245.8470045984047400, -18.42847990376265700, 1661.333897960487800 ) ) ;
#787 = CARTESIAN_POINT ( 'NONE',  ( -247.8021671007320200, -5.448696226950412600E-012, 1973.175519152257900 ) ) ;
#788 = CARTESIAN_POINT ( 'NONE',  ( -246.9889860162475700, 9.243529177823537800, 1834.256070121850100 ) ) ;
#789 = EDGE_CURVE ( 'NONE', #1442, #131, #153, .T. ) ;
#790 = CARTESIAN_POINT ( 'NONE',  ( -152.9998565018394700, -5.186584254394697000E-012, 1938.562914104156600 ) ) ;
#791 =( NAMED_UNIT ( * ) SI_UNIT ( $, .STERADIAN. ) SOLID_ANGLE_UNIT ( ) );
#792 = CYLINDRICAL_SURFACE ( 'NONE', #45, 25.00000000000002100 ) ;
#793 = DIRECTION ( 'NONE',  ( 0.0000000000000000000, 2.498001805406611300E-015, -1.000000000000000000 ) ) ;
#794 = EDGE_CURVE ( 'NONE', #1459, #368, #1014, .T. ) ;
#795 = ORIENTED_EDGE ( 'NONE', *, *, #365, .T. ) ;
#796 = CARTESIAN_POINT ( 'NONE',  ( -247.0154856876523900, 9.244919828419691400, 1488.416842784981800 ) ) ;
#797 = CARTESIAN_POINT ( 'NONE',  ( -243.9999998240657000, 27.49999999999505100, 1776.612351903715500 ) ) ;
#798 = DIRECTION ( 'NONE',  ( -1.719580143085255300E-015, 1.000000000000000000, 2.389772395652179800E-015 ) ) ;
#799 =( NAMED_UNIT ( * ) PLANE_ANGLE_UNIT ( ) SI_UNIT ( $, .RADIAN. ) );
#800 = CARTESIAN_POINT ( 'NONE',  ( -243.9999999151831700, 27.49999999999602100, 1440.000000015445700 ) ) ;
#801 = CARTESIAN_POINT ( 'NONE',  ( -152.4999998574001000, -3.961510066837112900E-012, 1440.000000015099000 ) ) ;
#802 = DIRECTION ( 'NONE',  ( 1.000000000000000000, 1.748255250458158600E-015, 1.224646799147394900E-016 ) ) ;
#803 = CARTESIAN_POINT ( 'NONE',  ( -155.9999998574001000, 27.49999999999602100, 1440.000000015445700 ) ) ;
#804 = ORIENTED_EDGE ( 'NONE', *, *, #274, .F. ) ;
#805 = ADVANCED_FACE ( 'NONE', ( #570, #336 ), #781, .F. ) ;
#806 = ORIENTED_EDGE ( 'NONE', *, *, #1162, .T. ) ;
#807 = DIRECTION ( 'NONE',  ( 1.727462517347899100E-015, -1.000000000000000000, -2.389772395652913100E-015 ) ) ;
#808 = ORIENTED_EDGE ( 'NONE', *, *, #485, .F. ) ;
#809 = DIRECTION ( 'NONE',  ( 1.000000000000000000, 0.0000000000000000000, -9.830089980336780900E-011 ) ) ;
#810 = FILL_AREA_STYLE ('',( #437 ) ) ;
#811 = CARTESIAN_POINT ( 'NONE',  ( -152.9844638904264400, 9.244922459799651500, 1333.944097020638300 ) ) ;
#812 = CARTESIAN_POINT ( 'NONE',  ( -243.9999998736105600, -27.50000000000368800, 1276.304980935899300 ) ) ;
#813 = DIRECTION ( 'NONE',  ( -1.000000000000000000, -1.719580143085255300E-015, -4.109405158056769000E-030 ) ) ;
#814 = FACE_OUTER_BOUND ( 'NONE', #15, .T. ) ;
#815 = PRESENTATION_LAYER_ASSIGNMENT (  '', '', ( #9 ) ) ;
#816 =( NAMED_UNIT ( * ) PLANE_ANGLE_UNIT ( ) SI_UNIT ( $, .RADIAN. ) );
#817 = DIRECTION ( 'NONE',  ( 9.830105130598117000E-011, 6.016877873118981200E-014, 1.000000000000000000 ) ) ;
#818 = CARTESIAN_POINT ( 'NONE',  ( -243.9999999170512100, -27.50000000000269300, 837.6393823153790700 ) ) ;
#819 = CARTESIAN_POINT ( 'NONE',  ( -255.0549026815548900, -16.34530703858966300, 2031.345671765468500 ) ) ;
#820 = DIRECTION ( 'NONE',  ( 0.0000000000000000000, -2.379049338482483700E-015, 1.000000000000000000 ) ) ;
#821 = EDGE_CURVE ( 'NONE', #1580, #1121, #1153, .T. ) ;
#822 = CARTESIAN_POINT ( 'NONE',  ( -135.1141145629341100, -2.481692408263604900E-012, 836.4640656559894300 ) ) ;
#823 = CARTESIAN_POINT ( 'NONE',  ( -246.0471635474074800, -18.44850746339745500, 906.8155579926059300 ) ) ;
#824 = FILL_AREA_STYLE_COLOUR ( '', #915 ) ;
#825 = VERTEX_POINT ( 'NONE', #651 ) ;
#826 = CARTESIAN_POINT ( 'NONE',  ( -199.9999997940215300, 10.34670852842044100, 2202.426959718917700 ) ) ;
#827 = CARTESIAN_POINT ( 'NONE',  ( -60.86088972734740600, -9.781341289283904700, 1440.000000006160500 ) ) ;
#828 = CARTESIAN_POINT ( 'NONE',  ( -250.5327399787173900, 19.61749511517340800, 865.2604954422304200 ) ) ;
#829 = CARTESIAN_POINT ( 'NONE',  ( -247.0159807572279100, -9.244945807336105000, 1218.666102088314300 ) ) ;
#830 = CARTESIAN_POINT ( 'NONE',  ( -155.9999998574000100, -27.50000000000394400, 1440.000000015445500 ) ) ;
#831 = CARTESIAN_POINT ( 'NONE',  ( -261.9421416513765200, 5.948543594916516900, 841.5746624815327600 ) ) ;
#832 = ORIENTED_EDGE ( 'NONE', *, *, #702, .T. ) ;
#833 = CARTESIAN_POINT ( 'NONE',  ( -246.9889860943332000, 9.243529177825420700, 1045.743929927063200 ) ) ;
#834 = CARTESIAN_POINT ( 'NONE',  ( -264.2067573806348300, -12.99498034278818500, 836.4593904691134900 ) ) ;
#835 = CIRCLE ( 'NONE', #83, 24.99999999999991100 ) ;
#836 = CARTESIAN_POINT ( 'NONE',  ( -249.2905677890566400, -2.862221655920481900E-012, 892.4987546933113000 ) ) ;
#837 = PRODUCT_RELATED_PRODUCT_CATEGORY ( 'part', '', ( #1630 ) ) ;
#838 = CARTESIAN_POINT ( 'NONE',  ( -243.9999999151856100, 27.49999999998826200, 856.5034126438580400 ) ) ;
#839 = CARTESIAN_POINT ( 'NONE',  ( -247.4999914289619800, -4.057588978500012900E-012, 1391.583163124050800 ) ) ;
#840 = CARTESIAN_POINT ( 'NONE',  ( -249.2905677890566400, -2.767047351447476500E-012, 892.4987546933114100 ) ) ;
#841 = CARTESIAN_POINT ( 'NONE',  ( -243.9999998297735700, -27.50000000000476100, 1718.973192372714700 ) ) ;
#842 = DIRECTION ( 'NONE',  ( -1.212695399791209800E-032, -2.389772395652179800E-015, 1.000000000000000000 ) ) ;
#843 = CARTESIAN_POINT ( 'NONE',  ( -152.9845055984255300, 9.244920270491725500, 1440.000000015146700 ) ) ;
#844 = B_SPLINE_CURVE_WITH_KNOTS ( 'NONE', 3,
 ( #511, #760, #392, #1284, #522, #1427, #639, #1568, #780, #1688, #904, #137, #1039, #266, #1161, #400, #1290, #527, #1434, #646, #1572, #785 ),
 .UNSPECIFIED., .F., .F.,
 ( 4, 2, 2, 2, 2, 2, 2, 2, 2, 2, 4 ),
 ( 1.407937780043501100E-011, 0.009589765923330927400, 0.01438464887795705200, 0.01917953183258317600, 0.02397441478720929400, 0.02876929774183541900, 0.03116673921914847600, 0.03356418069646153300, 0.03476290143511809300, 0.03596162217377465300, 0.03835906365108805000 ),
 .UNSPECIFIED. ) ;
#845 = CARTESIAN_POINT ( 'NONE',  ( -258.5899159562339900, -2.732829995719932200E-012, 852.5827668982606200 ) ) ;
#846 = CARTESIAN_POINT ( 'NONE',  ( -263.4428876191393600, -2.714495471013951500E-012, 840.0000000259015000 ) ) ;
#847 = CARTESIAN_POINT ( 'NONE',  ( -259.9434331405925600, -9.691608966093951900, 2036.160613208467800 ) ) ;
#848 = EDGE_CURVE ( 'NONE', #987, #312, #1564, .T. ) ;
#849 = CARTESIAN_POINT ( 'NONE',  ( -145.8401759311497000, -17.39953949564333500, 2030.567790766274600 ) ) ;
#850 = CARTESIAN_POINT ( 'NONE',  ( -243.9999998183576800, -27.50000000000502000, 1834.251259187511600 ) ) ;
#851 = CARTESIAN_POINT ( 'NONE',  ( -259.1943444408776700, -10.84395640563067400, 844.6465967246103900 ) ) ;
#852 = CIRCLE ( 'NONE', #1264, 186.8952435658876000 ) ;
#853 = CARTESIAN_POINT ( 'NONE',  ( -137.2531954198386500, -3.850070362354556200, 2039.354534213635800 ) ) ;
#854 = CARTESIAN_POINT ( 'NONE',  ( -243.9999998018801900, 27.49999999999453600, 2000.643325619474400 ) ) ;
#855 = PRODUCT_CONTEXT ( 'NONE', #206, 'mechanical' ) ;
#856 = SHAPE_DEFINITION_REPRESENTATION ( #2, #893 ) ;
#857 = AXIS2_PLACEMENT_3D ( 'NONE', #549, #1458, #671 ) ;
#858 = CARTESIAN_POINT ( 'NONE',  ( -152.4881311192469600, -4.753332958433534100E-012, 1776.612351894653100 ) ) ;
#859 = CARTESIAN_POINT ( 'NONE',  ( -152.5000026668794500, -4.000078662688168700E-012, 1456.138945648584200 ) ) ;
#860 = CARTESIAN_POINT ( 'NONE',  ( -243.9999997996168900, -27.49999999999562700, 2023.496587404409600 ) ) ;
#861 = CARTESIAN_POINT ( 'NONE',  ( -152.9845084048032200, -9.244920123142440700, 1456.138947839953700 ) ) ;
#862 = CARTESIAN_POINT ( 'NONE',  ( -245.9293384813700500, -18.43671809562129100, 1891.879381875202400 ) ) ;
#863 = CARTESIAN_POINT ( 'NONE',  ( -145.2610540072063000, -2.553952283422498900E-012, 865.3644800438297600 ) ) ;
#864 = CARTESIAN_POINT ( 'NONE',  ( -136.5571120956609500, -5.368096119704084700E-012, 2040.000000013704700 ) ) ;
#865 = AXIS2_PLACEMENT_3D ( 'NONE', #1326, #554, #1465 ) ;
#866 = CARTESIAN_POINT ( 'NONE',  ( -248.3346005080512100, -23.59574184371042100, 2026.114033790139300 ) ) ;
#867 = CARTESIAN_POINT ( 'NONE',  ( -145.7661798597263800, -10.13985163014839100, 2014.739504597008100 ) ) ;
#868 = CARTESIAN_POINT ( 'NONE',  ( -152.4999581033214900, -3.694702102338256200E-012, 1333.944071277407400 ) ) ;
#869 = DIRECTION ( 'NONE',  ( 0.0000000000000000000, 2.498001805406600200E-015, -1.000000000000000000 ) ) ;
#870 = ORIENTED_EDGE ( 'NONE', *, *, #1190, .F. ) ;
#871 = DIRECTION ( 'NONE',  ( 1.756137624720820800E-015, -1.000000000000000000, -2.389772395655869700E-015 ) ) ;
#872 =( BOUNDED_SURFACE ( )  B_SPLINE_SURFACE ( 3, 3, ( 
 ( #480, #143, #557, #491, #1658, #538, #534, #532, #528, #525, #521, #516, #510, #586, #649, #1065, #436, #699, #822 ),
 ( #843, #319, #391, #811, #1089, #609, #954, #544, #572, #905, #981, #977, #972, #967, #1071, #1043, #1058, #1033, #1026 ),
 ( #1020, #1011, #1433, #910, #1283, #1001, #988, #1123, #1135, #347, #1195, #1631, #974, #672, #1665, #580, #159, #215, #360 ),
 ( #1291, #1108, #1635, #1320, #264, #261, #257, #242, #305, #313, #287, #294, #300, #286, #282, #280, #278, #276, #273 ) ),
 .UNSPECIFIED., .F., .F., .T. ) 
 B_SPLINE_SURFACE_WITH_KNOTS ( ( 4, 4 ),
 ( 4, 1, 1, 1, 1, 1, 1, 1, 1, 1, 1, 1, 1, 1, 1, 1, 4 ),
 ( 0.0000000000000000000, 1.000000000000000000 ),
 ( 0.0000000000000000000, 0.07791391752946935600, 0.1558278350589387100, 0.2782639911766763300, 0.3561779087061455200, 0.4340918262356150400, 0.5565279823533526600, 0.6344418998828222900, 0.7123558174122918100, 0.8347919735300295400, 0.8597737960621739700, 0.8794363587785044600, 0.9040766521295063900, 0.9235353656989284700, 0.9476828975431396100, 0.9668221180594325200, 0.9726883250482240000 ),
 .UNSPECIFIED. ) 
 GEOMETRIC_REPRESENTATION_ITEM ( )  RATIONAL_B_SPLINE_SURFACE ( (
 ( 1.000000000000000000, 1.000000000000000000, 0.9999999999999997800, 1.000000000000000200, 1.000000000000000200, 0.9999999999999997800, 0.9999999999999997800, 1.000000000000000200, 1.000000000000000000, 0.9999999999999997800, 1.000000000000000400, 0.9999999999999997800, 1.000000000000000400, 0.9999999999999996700, 1.000000000000000400, 1.000000000000000400, 0.9999999999999993300, 1.000000000000000000, 1.000000000000000000),
 ( 0.9981640343457098800, 0.9981640343457098800, 0.9981640490634731100, 0.9981639702183120500, 0.9981643644441190500, 0.9981632964505688900, 0.9981674991365960800, 0.9981460576898701900, 0.9982042301215915400, 0.9979752898684441900, 0.9989211304528955400, 0.9977063638044368900, 0.9940974792963420700, 0.9858252598412982100, 0.9671871470037738400, 0.9386215551149349500, 0.9066520022212640800, 0.8887929231487370400, 0.8846154523955217500),
 ( 0.9981640343457098800, 0.9981640343457098800, 0.9981640490634731100, 0.9981639702183120500, 0.9981643644441190500, 0.9981632964505688900, 0.9981674991365960800, 0.9981460576898701900, 0.9982042301215915400, 0.9979752898684441900, 0.9989211304528955400, 0.9977063638044368900, 0.9940974792963420700, 0.9858252598412982100, 0.9671871470037738400, 0.9386215551149349500, 0.9066520022212640800, 0.8887929231487370400, 0.8846154523955217500),
 ( 1.000000000000000000, 1.000000000000000000, 0.9999999999999997800, 1.000000000000000200, 1.000000000000000200, 0.9999999999999997800, 0.9999999999999997800, 1.000000000000000200, 1.000000000000000000, 0.9999999999999997800, 1.000000000000000400, 0.9999999999999997800, 1.000000000000000400, 0.9999999999999996700, 1.000000000000000400, 1.000000000000000400, 0.9999999999999993300, 1.000000000000000000, 1.000000000000000000) ) ) 
 REPRESENTATION_ITEM ( '' )  SURFACE ( )  );
#873 = CYLINDRICAL_SURFACE ( 'NONE', #1395, 24.99999999999991100 ) ;
#874 = EDGE_CURVE ( 'NONE', #1341, #1595, #147, .T. ) ;
#875 = ADVANCED_FACE ( 'NONE', ( #84 ), #873, .F. ) ;
#876 = CARTESIAN_POINT ( 'NONE',  ( -154.1709170472059600, -18.42668665946988700, 1834.256070112658100 ) ) ;
#877 = CARTESIAN_POINT ( 'NONE',  ( -199.9999997940214200, 34.99999999999791100, 2055.000000019802900 ) ) ;
#878 = DIRECTION ( 'NONE',  ( 0.0000000000000000000, 2.498001805406611300E-015, -1.000000000000000000 ) ) ;
#879 = AXIS2_PLACEMENT_3D ( 'NONE', #155, #1452, #662 ) ;
#880 = CARTESIAN_POINT ( 'NONE',  ( -155.9999998526053800, -27.50000000000408900, 1488.416836915902000 ) ) ;
#881 = CARTESIAN_POINT ( 'NONE',  ( -148.5351495101442700, -2.596039422477485200E-012, 879.3566744193922200 ) ) ;
#882 = CARTESIAN_POINT ( 'NONE',  ( -142.3839917625288900, -13.09317267750961900, 846.2586702773311300 ) ) ;
#883 = CARTESIAN_POINT ( 'NONE',  ( -138.2643882483656600, -12.12255835864613800, 842.5832123518437100 ) ) ;
#884 = CARTESIAN_POINT ( 'NONE',  ( -155.9999997992286800, -27.50000000000534000, 2027.417233142789700 ) ) ;
#885 = CIRCLE ( 'NONE', #738, 24.99999999999991100 ) ;
#886 = CARTESIAN_POINT ( 'NONE',  ( -248.4499484912313100, -18.90599274601406400, 2000.706114990946600 ) ) ;
#887 = SURFACE_SIDE_STYLE ('',( #416 ) ) ;
#888 = CARTESIAN_POINT ( 'NONE',  ( -154.4845598056056100, -18.39530410248563500, 941.4255952143145100 ) ) ;
#889 = EDGE_LOOP ( 'NONE', ( #610, #1080, #1520, #200, #537, #1204 ) ) ;
#890 = CARTESIAN_POINT ( 'NONE',  ( -247.0279937438882900, -18.59246230206945000, 1987.524386038596700 ) ) ;
#891 = VECTOR ( 'NONE', #344, 1000.000000000000000 ) ;
#892 = CARTESIAN_POINT ( 'NONE',  ( -137.7667372769853700, 5.279368350135860600, 2038.764789957578400 ) ) ;
#893 = ADVANCED_BREP_SHAPE_REPRESENTATION ( 'IRB660_180-315_LINKROD_CAD_rev02', ( #1214, #1158 ), #1031 ) ;
#894 = CARTESIAN_POINT ( 'NONE',  ( -152.1978326140681500, -2.664215536701901600E-012, 906.8244808873478200 ) ) ;
#895 = ORIENTED_EDGE ( 'NONE', *, *, #430, .T. ) ;
#896 = CARTESIAN_POINT ( 'NONE',  ( -155.9999998736106200, -27.50000000000358100, 1276.304980927184700 ) ) ;
#897 = CARTESIAN_POINT ( 'NONE',  ( -142.3716920907557400, 13.07682410536294900, 846.2466446790040200 ) ) ;
#898 = CARTESIAN_POINT ( 'NONE',  ( -155.9999998031815900, 27.49999999999473800, 1987.501245346819400 ) ) ;
#899 = AXIS2_PLACEMENT_3D ( 'NONE', #1183, #798, #930 ) ;
#900 = CARTESIAN_POINT ( 'NONE',  ( -153.7710211971399000, 25.57732942708540200, 2024.757027684718700 ) ) ;
#901 = CARTESIAN_POINT ( 'NONE',  ( -155.9999999170509000, -27.50000000000249800, 837.6424888124904600 ) ) ;
#902 = CARTESIAN_POINT ( 'NONE',  ( -136.6903565906060300, 1.592871042231225800, 840.0460178967479100 ) ) ;
#903 = CARTESIAN_POINT ( 'NONE',  ( -245.8466759524697200, -18.42844701829047300, 1488.416842784866000 ) ) ;
#904 = CARTESIAN_POINT ( 'NONE',  ( -259.9663391515542800, 9.654980733642386100, 2036.185627475812700 ) ) ;
#905 = CARTESIAN_POINT ( 'NONE',  ( -152.8600050491203300, 9.251453825054973400, 988.1206181642845600 ) ) ;
#906 = EDGE_CURVE ( 'NONE', #765, #1491, #1131, .T. ) ;
#907 = CARTESIAN_POINT ( 'NONE',  ( -60.86088972735127800, 9.781341289275477600, 1440.000000006160200 ) ) ;
#908 = VECTOR ( 'NONE', #367, 1000.000000000000000 ) ;
#909 = CARTESIAN_POINT ( 'NONE',  ( -243.9999999021504200, 27.49999999999692300, 988.1089238940159000 ) ) ;
#910 = CARTESIAN_POINT ( 'NONE',  ( -154.1532904780640400, 18.42845034922130100, 1333.944097020754300 ) ) ;
#911 = CARTESIAN_POINT ( 'NONE',  ( -247.4999998574000700, -4.172523588517726300E-012, 1440.000000024506600 ) ) ;
#912 = AXIS2_PLACEMENT_3D ( 'NONE', #1525, #1119, #96 ) ;
#913 = EDGE_LOOP ( 'NONE', ( #1511, #355, #306, #1496 ) ) ;
#914 = FACE_OUTER_BOUND ( 'NONE', #889, .T. ) ;
#915 = COLOUR_RGB ( '',0.2901960784313725200, 0.3294117647058823500, 0.3490196078431372400 ) ;
#916 = CARTESIAN_POINT ( 'NONE',  ( -245.8451644836816900, -18.42829578555587100, 1718.974007219977900 ) ) ;
#917 = CARTESIAN_POINT ( 'NONE',  ( -251.4648502046558200, -5.458439766050171300E-012, 2000.643325620214000 ) ) ;
#918 = CARTESIAN_POINT ( 'NONE',  ( -245.8545526955422200, -18.42923515478406000, 1776.609162118655600 ) ) ;
#919 = CARTESIAN_POINT ( 'NONE',  ( -152.5265382288961900, -4.905465919192779900E-012, 1834.251259178453000 ) ) ;
#920 = CARTESIAN_POINT ( 'NONE',  ( -245.8290825895086600, -18.42668665947000100, 1834.256070121735300 ) ) ;
#921 = PRESENTATION_LAYER_ASSIGNMENT (  '', '', ( #477 ) ) ;
#922 = CARTESIAN_POINT ( 'NONE',  ( -152.9847231716217100, 9.244908851812796900, 1603.695134773600300 ) ) ;
#923 = CARTESIAN_POINT ( 'NONE',  ( -199.9999997940214500, -27.49999999998584200, 2080.000000019935700 ) ) ;
#924 = ORIENTED_EDGE ( 'NONE', *, *, #485, .T. ) ;
#925 = CARTESIAN_POINT ( 'NONE',  ( -152.9840189575722000, 9.244945807328075900, 1661.333897951292300 ) ) ;
#926 = CARTESIAN_POINT ( 'NONE',  ( -152.9845140175584400, 9.244919828419902800, 1488.416842775669900 ) ) ;
#927 = AXIS2_PLACEMENT_3D ( 'NONE', #1594, #802, #30 ) ;
#928 = CARTESIAN_POINT ( 'NONE',  ( -152.9844638694212300, 9.244922459799148800, 1546.055903009655600 ) ) ;
#929 = EDGE_LOOP ( 'NONE', ( #43, #448 ) ) ;
#930 = DIRECTION ( 'NONE',  ( -1.212695399791209800E-032, -2.389772395652179800E-015, 1.000000000000000000 ) ) ;
#931 = EDGE_CURVE ( 'NONE', #1077, #1387, #1469, .T. ) ;
#932 = TOROIDAL_SURFACE ( 'NONE', #7, -122.4269596989810100, 197.6978977970056000 ) ;
#933 = CARTESIAN_POINT ( 'NONE',  ( -152.9845055984255300, 9.244920270491725500, 1440.000000015146700 ) ) ;
#934 = CARTESIAN_POINT ( 'NONE',  ( -199.9999997940215600, 34.99999999999441500, 2080.000000019936100 ) ) ;
#935 = FACE_BOUND ( 'NONE', #1100, .T. ) ;
#936 = CARTESIAN_POINT ( 'NONE',  ( -135.1141144433989300, -5.366319439480910300E-012, 2043.535934370765500 ) ) ;
#937 = DIRECTION ( 'NONE',  ( -1.000000000000000000, -1.727462517347899100E-015, -4.128242238483101100E-030 ) ) ;
#938 = CARTESIAN_POINT ( 'NONE',  ( -135.5967129481786100, -5.364536176178061400E-012, 2042.357511216380300 ) ) ;
#939 = CARTESIAN_POINT ( 'NONE',  ( -243.9999998850264500, -27.50000000000342800, 1161.026807675605600 ) ) ;
#940 = AXIS2_PLACEMENT_3D ( 'NONE', #1510, #1534, #995 ) ;
#941 = CARTESIAN_POINT ( 'NONE',  ( -153.0110136204670800, 9.243529177823742100, 1834.256070112543500 ) ) ;
#942 =( GEOMETRIC_REPRESENTATION_CONTEXT ( 3 ) GLOBAL_UNCERTAINTY_ASSIGNED_CONTEXT ( ( #1489 ) ) GLOBAL_UNIT_ASSIGNED_CONTEXT ( ( #1022, #251, #1148 ) ) REPRESENTATION_CONTEXT ( 'NONE', 'WORKASPACE' ) );
#943 = CARTESIAN_POINT ( 'NONE',  ( -245.8465370743588500, -18.42843312352328100, 1603.695134782796200 ) ) ;
#944 = CARTESIAN_POINT ( 'NONE',  ( -245.8466815499797300, -18.42844757788802900, 1440.000000024342600 ) ) ;
#945 = CARTESIAN_POINT ( 'NONE',  ( -251.3184019872643900, -20.53871190150930600, 2028.284637530788800 ) ) ;
#946 = CARTESIAN_POINT ( 'NONE',  ( -152.9845084048032500, 9.244920123134448900, 1456.138947839953700 ) ) ;
#947 = CARTESIAN_POINT ( 'NONE',  ( -245.8467092577413100, 18.42845034922109100, 1333.944097029834400 ) ) ;
#948 = CARTESIAN_POINT ( 'NONE',  ( -248.4499486022835700, -18.90599274601138200, 879.2938850582551100 ) ) ;
#949 = CARTESIAN_POINT ( 'NONE',  ( -252.2842442537231000, -19.50481420789233400, 2029.031085696107300 ) ) ;
#950 = VERTEX_POINT ( 'NONE', #289 ) ;
#951 = AXIS2_PLACEMENT_3D ( 'NONE', #228, #1128, #363 ) ;
#952 = ORIENTED_EDGE ( 'NONE', *, *, #1531, .F. ) ;
#953 = DIRECTION ( 'NONE',  ( -1.684726601036167300E-015, 1.000000000000000000, 0.0000000000000000000 ) ) ;
#954 = CARTESIAN_POINT ( 'NONE',  ( -152.9867906384566800, 9.244800357384074000, 1161.025992819512100 ) ) ;
#955 = PRESENTATION_STYLE_ASSIGNMENT (( #1239 ) ) ;
#956 = CARTESIAN_POINT ( 'NONE',  ( -254.9941463951227500, 22.23313834997824800, 842.5816120763748800 ) ) ;
#957 = CARTESIAN_POINT ( 'NONE',  ( -247.0273499723421700, -9.245542441538726000, 1103.390837930147900 ) ) ;
#958 = CARTESIAN_POINT ( 'NONE',  ( -263.0569112314195200, -2.760138496858022300, 2039.697135430616300 ) ) ;
#959 = CARTESIAN_POINT ( 'NONE',  ( -260.9831431444367200, 7.870170765193959600, 842.6763017288808400 ) ) ;
#960 = EDGE_CURVE ( 'NONE', #171, #569, #689, .T. ) ;
#961 = CARTESIAN_POINT ( 'NONE',  ( -252.8919318776759400, -20.77582129242350100, 2027.593082128502400 ) ) ;
#962 = CARTESIAN_POINT ( 'NONE',  ( -246.5165674346666800, 9.218737543857551800, 941.4255952234282200 ) ) ;
#963 = CARTESIAN_POINT ( 'NONE',  ( -247.4999970479206900, -4.027990125934656900E-012, 1423.861054391021500 ) ) ;
#964 = CARTESIAN_POINT ( 'NONE',  ( -263.4428875003037500, -5.582222345593086400E-012, 2040.000000026268700 ) ) ;
#965 = AXIS2_PLACEMENT_3D ( 'NONE', #352, #1506, #600 ) ;
#966 = ORIENTED_EDGE ( 'NONE', *, *, #960, .T. ) ;
#967 = CARTESIAN_POINT ( 'NONE',  ( -149.0259860442717200, 9.607518899447136100, 879.2938850484093800 ) ) ;
#968 = CARTESIAN_POINT ( 'NONE',  ( -247.4997820437826000, -3.782119628539338100E-012, 1276.304980936246000 ) ) ;
#969 = CARTESIAN_POINT ( 'NONE',  ( -254.7389458214050500, -2.754208590182172500E-012, 865.3644800546711600 ) ) ;
#970 = SURFACE_SIDE_STYLE ('',( #270 ) ) ;
#971 = CARTESIAN_POINT ( 'NONE',  ( -155.9999997996174300, -27.49999999999548100, 2023.496587395693500 ) ) ;
#972 = CARTESIAN_POINT ( 'NONE',  ( -151.1980131628116900, 9.371368783724918200, 892.4756140008331600 ) ) ;
#973 = CARTESIAN_POINT ( 'NONE',  ( -264.4045645495629600, -2.714820419115487000E-012, 837.6393823173997400 ) ) ;
#974 = CARTESIAN_POINT ( 'NONE',  ( -152.9720059709117100, 18.59246230206139900, 892.4756140010089200 ) ) ;
#975 = ORIENTED_EDGE ( 'NONE', *, *, #612, .F. ) ;
#976 = CARTESIAN_POINT ( 'NONE',  ( -143.2042908027903500, -14.17579619956578800, 2032.944074326357600 ) ) ;
#977 = CARTESIAN_POINT ( 'NONE',  ( -152.6825333027443000, 9.260767205441812400, 906.8155579833602400 ) ) ;
#978 = CARTESIAN_POINT ( 'NONE',  ( -256.7858650715202200, -14.18846084141349100, 847.0652446901933700 ) ) ;
#979 = CARTESIAN_POINT ( 'NONE',  ( -257.6159634173039300, -13.09323390715238800, 2033.741285295313200 ) ) ;
#980 = CARTESIAN_POINT ( 'NONE',  ( -136.9378513572399900, -2.738328510896979500, 2039.702660669925500 ) ) ;
#981 = CARTESIAN_POINT ( 'NONE',  ( -153.4834323788802000, 9.218737543857768600, 941.4255952142153800 ) ) ;
#982 = APPLICATION_PROTOCOL_DEFINITION ( 'draft international standard', 'automotive_design', 1998, #88 ) ;
#983 = DIRECTION ( 'NONE',  ( 1.000000000000000000, 1.756137624720821000E-015, -1.224646799147311300E-016 ) ) ;
#984 = AXIS2_PLACEMENT_3D ( 'NONE', #1055, #281, #1179 ) ;
#985 = CARTESIAN_POINT ( 'NONE',  ( -251.4648502046557900, -5.474813045331792800E-012, 2000.643325620213800 ) ) ;
#986 = CARTESIAN_POINT ( 'NONE',  ( -152.3753852632709100, -5.036014721068314800E-012, 1891.891076145231200 ) ) ;
#987 = VERTEX_POINT ( 'NONE', #425 ) ;
#988 = CARTESIAN_POINT ( 'NONE',  ( -154.1548352311184300, 18.42829578554783900, 1161.025992819628100 ) ) ;
#989 = CARTESIAN_POINT ( 'NONE',  ( -260.9831430261310700, -7.870170765202950700, 2037.323698322802100 ) ) ;
#990 = EDGE_CURVE ( 'NONE', #65, #1077, #1231, .T. ) ;
#991 = ORIENTED_EDGE ( 'NONE', *, *, #1051, .F. ) ;
#992 = ADVANCED_FACE ( 'NONE', ( #302 ), #1126, .T. ) ;
#993 = CARTESIAN_POINT ( 'NONE',  ( -152.9844638694212300, -9.244922459807567000, 1546.055903009655600 ) ) ;
#994 = CARTESIAN_POINT ( 'NONE',  ( -152.5000082954275100, -3.832443210885490500E-012, 1391.583163114643000 ) ) ;
#995 = DIRECTION ( 'NONE',  ( 1.825120484456030600E-015, -1.000000000000000000, 0.0000000000000000000 ) ) ;
#996 = VERTEX_POINT ( 'NONE', #1193 ) ;
#997 = DIRECTION ( 'NONE',  ( -1.748255250458158800E-015, 1.000000000000000000, 2.389772395655016600E-015 ) ) ;
#998 = DIRECTION ( 'NONE',  ( 1.000000000000000000, 0.0000000000000000000, -9.975272116619373400E-011 ) ) ;
#999 = CARTESIAN_POINT ( 'NONE',  ( -138.2643881300424800, -12.12255835864899800, 2037.416787675534800 ) ) ;
#1000 = DIRECTION ( 'NONE',  ( 0.0000000000000000000, 2.379049338482479700E-015, -1.000000000000000000 ) ) ;
#1001 = CARTESIAN_POINT ( 'NONE',  ( -154.1529951163954300, 18.42847990375463500, 1218.666102079118400 ) ) ;
#1002 = DIRECTION ( 'NONE',  ( 1.756137624720820800E-015, -1.000000000000000000, -2.389772395655869700E-015 ) ) ;
#1003 = CARTESIAN_POINT ( 'NONE',  ( -247.3174664120558900, -9.260767205449845100, 1973.184442056246100 ) ) ;
#1004 = CARTESIAN_POINT ( 'NONE',  ( -154.4845597068589000, -18.39530410248801600, 1938.574404816276500 ) ) ;
#1005 = CARTESIAN_POINT ( 'NONE',  ( -199.9999997940214800, -10.34670852842931900, 2080.000000019936100 ) ) ;
#1006 = VERTEX_POINT ( 'NONE', #714 ) ;
#1007 = CARTESIAN_POINT ( 'NONE',  ( -136.6916210275494200, -1.603343615396507300, 840.0469074332600000 ) ) ;
#1008 = CARTESIAN_POINT ( 'NONE',  ( -262.6188083627595800, -4.231750719083717800, 2039.208531223695700 ) ) ;
#1009 = CARTESIAN_POINT ( 'NONE',  ( -152.9840190014091400, -9.244945807335987800, 1218.666102079002700 ) ) ;
#1010 = CARTESIAN_POINT ( 'NONE',  ( -155.9999998411895200, -27.50000000000436600, 1603.695019103706300 ) ) ;
#1011 = CARTESIAN_POINT ( 'NONE',  ( -154.1533200306571700, 18.42844739134747600, 1423.861052190455200 ) ) ;
#1012 = CARTESIAN_POINT ( 'NONE',  ( -141.4100838749088500, -2.549898407131756300E-012, 852.5827668866564900 ) ) ;
#1013 = CARTESIAN_POINT ( 'NONE',  ( -144.9448415363925700, -16.34499702749442900, 848.6540996242087000 ) ) ;
#1014 = LINE ( 'NONE', #523, #1312 ) ;
#1015 = FACE_OUTER_BOUND ( 'NONE', #1474, .T. ) ;
#1016 = CARTESIAN_POINT ( 'NONE',  ( -135.7951158031056600, -12.99430356669252600, 836.4640512162467300 ) ) ;
#1017 = CIRCLE ( 'NONE', #1606, 74.99999999999995700 ) ;
#1018 = ORIENTED_EDGE ( 'NONE', *, *, #1190, .T. ) ;
#1019 = CARTESIAN_POINT ( 'NONE',  ( -155.9999997977491300, -27.50000000000537900, 2042.357511218401000 ) ) ;
#1020 = CARTESIAN_POINT ( 'NONE',  ( -154.1533181648204000, 18.42844757787998900, 1440.000000015262200 ) ) ;
#1021 = EDGE_CURVE ( 'NONE', #1006, #531, #49, .T. ) ;
#1022 =( LENGTH_UNIT ( ) NAMED_UNIT ( * ) SI_UNIT ( .MILLI., .METRE. ) );
#1023 = EDGE_CURVE ( 'NONE', #171, #825, #1615, .T. ) ;
#1024 = CARTESIAN_POINT ( 'NONE',  ( -152.9720059709116200, -18.59246230206670300, 892.4756140010088100 ) ) ;
#1025 = CARTESIAN_POINT ( 'NONE',  ( -199.9999999207786900, 34.99999999999731400, 870.0000000196699800 ) ) ;
#1026 = CARTESIAN_POINT ( 'NONE',  ( -135.7951158031057400, 12.99430356668755400, 836.4640512162467300 ) ) ;
#1027 = CARTESIAN_POINT ( 'NONE',  ( -138.6842869730652100, 7.246909059104639900, 2037.703273075219400 ) ) ;
#1028 = EDGE_CURVE ( 'NONE', #743, #419, #351, .T. ) ;
#1029 = CARTESIAN_POINT ( 'NONE',  ( -155.9999998850265100, -27.50000000000332900, 1161.026807666891000 ) ) ;
#1030 = CARTESIAN_POINT ( 'NONE',  ( -140.7965457058733400, 10.80728753024900600, 844.6263666393297200 ) ) ;
#1031 =( GEOMETRIC_REPRESENTATION_CONTEXT ( 3 ) GLOBAL_UNCERTAINTY_ASSIGNED_CONTEXT ( ( #593 ) ) GLOBAL_UNIT_ASSIGNED_CONTEXT ( ( #1512, #719, #1639 ) ) REPRESENTATION_CONTEXT ( 'NONE', 'WORKASPACE' ) );
#1032 = ORIENTED_EDGE ( 'NONE', *, *, #789, .F. ) ;
#1033 = CARTESIAN_POINT ( 'NONE',  ( -136.2665180866867400, 12.82400868903878600, 837.6368588688930000 ) ) ;
#1034 = ORIENTED_EDGE ( 'NONE', *, *, #1255, .T. ) ;
#1035 = CARTESIAN_POINT ( 'NONE',  ( -136.5571122144957900, -2.494349052603784100E-012, 840.0000000133362600 ) ) ;
#1036 = ADVANCED_FACE ( 'NONE', ( #330 ), #1530, .T. ) ;
#1037 = CARTESIAN_POINT ( 'NONE',  ( -250.9740136705284500, 9.607518899444293900, 2000.706114991196500 ) ) ;
#1038 = EDGE_LOOP ( 'NONE', ( #1155, #684, #24, #1487, #316, #292 ) ) ;
#1039 = CARTESIAN_POINT ( 'NONE',  ( -261.3367140142776200, 7.205888058138565800, 2037.727352491997200 ) ) ;
#1040 = ORIENTED_EDGE ( 'NONE', *, *, #874, .T. ) ;
#1041 = DIRECTION ( 'NONE',  ( -1.000000000000000000, 0.0000000000000000000, 9.830446401293489900E-011 ) ) ;
#1042 = CARTESIAN_POINT ( 'NONE',  ( -243.9999999101999000, 27.49999999999712200, 906.8244808964392400 ) ) ;
#1043 = CARTESIAN_POINT ( 'NONE',  ( -141.9266861221233300, 11.00967258658725500, 852.4069179105891900 ) ) ;
#1044 = CARTESIAN_POINT ( 'NONE',  ( -247.4999914193726900, -4.288999419102529900E-012, 1488.416836924962800 ) ) ;
#1045 = CARTESIAN_POINT ( 'NONE',  ( -152.4999580823162800, -4.214956788464082000E-012, 1546.055928752790800 ) ) ;
#1046 = ADVANCED_FACE ( 'NONE', ( #777 ), #1647, .T. ) ;
#1047 = DIRECTION ( 'NONE',  ( 1.727462517347899100E-015, -1.000000000000000000, -2.389772395652913100E-015 ) ) ;
#1048 = CARTESIAN_POINT ( 'NONE',  ( -152.5002176710175900, -4.352718556810393300E-012, 1603.695019103359800 ) ) ;
#1049 = CARTESIAN_POINT ( 'NONE',  ( -258.5899158399097900, -5.540416972436223400E-012, 2027.417233153011000 ) ) ;
#1050 = CARTESIAN_POINT ( 'NONE',  ( -152.4995126793875800, -4.490415454808208200E-012, 1661.334114082869300 ) ) ;
#1051 = EDGE_CURVE ( 'NONE', #1357, #825, #309, .T. ) ;
#1052 = CARTESIAN_POINT ( 'NONE',  ( -152.5022873741432600, -4.628346370089160900E-012, 1718.973192363653900 ) ) ;
#1053 = ORIENTED_EDGE ( 'NONE', *, *, #1166, .T. ) ;
#1054 = CARTESIAN_POINT ( 'NONE',  ( -152.5000082858382200, -4.077215854390282000E-012, 1488.416836915555000 ) ) ;
#1055 = CARTESIAN_POINT ( 'NONE',  ( -199.9999999207786100, -27.49999999998282300, 800.0000000196701000 ) ) ;
#1056 = LINE ( 'NONE', #1124, #395 ) ;
#1057 = MECHANICAL_DESIGN_GEOMETRIC_PRESENTATION_REPRESENTATION (  '', ( #1323 ), #942 ) ;
#1058 = CARTESIAN_POINT ( 'NONE',  ( -138.2643882483656600, 12.12255835864113100, 842.5832123518437100 ) ) ;
#1059 = DIRECTION ( 'NONE',  ( 6.201108043165806000E-015, -2.373861672774410400E-015, 1.000000000000000000 ) ) ;
#1060 = FACE_OUTER_BOUND ( 'NONE', #441, .T. ) ;
#1061 = CARTESIAN_POINT ( 'NONE',  ( -152.5022873741432600, -4.628346370089160900E-012, 1718.973192363653900 ) ) ;
#1062 = TOROIDAL_SURFACE ( 'NONE', #323, -122.4269596989625900, 197.6978977969870900 ) ;
#1063 = CARTESIAN_POINT ( 'NONE',  ( -152.4881311192469600, -4.765138638262467100E-012, 1776.612351894653100 ) ) ;
#1064 = CARTESIAN_POINT ( 'NONE',  ( -247.0001432129607500, -3.027835859781711400E-012, 941.4370859354497700 ) ) ;
#1065 = CARTESIAN_POINT ( 'NONE',  ( -141.4100838749088500, -2.513628233885074000E-012, 852.5827668866564900 ) ) ;
#1066 = CARTESIAN_POINT ( 'NONE',  ( -152.3753852632709100, -5.033044828893302500E-012, 1891.891076145231200 ) ) ;
#1067 = DIRECTION ( 'NONE',  ( 0.0000000000000000000, 2.379049338482483700E-015, -1.000000000000000000 ) ) ;
#1068 = CARTESIAN_POINT ( 'NONE',  ( -261.9421415328529900, -5.948543594925584300, 2038.425337570341100 ) ) ;
#1069 = CARTESIAN_POINT ( 'NONE',  ( -152.5265382288961900, -4.905465919192779900E-012, 1834.251259178453000 ) ) ;
#1070 = DIRECTION ( 'NONE',  ( 1.218254267652299500E-032, 2.389772395652913100E-015, -1.000000000000000000 ) ) ;
#1071 = CARTESIAN_POINT ( 'NONE',  ( -145.7661799735582200, 10.13985163014050200, 865.2604954318554700 ) ) ;
#1072 = CARTESIAN_POINT ( 'NONE',  ( -243.9999998964423200, -27.50000000000313700, 1045.748740860808500 ) ) ;
#1073 = B_SPLINE_CURVE_WITH_KNOTS ( 'NONE', 3,
 ( #1659, #615, #1007, #239, #1137, #371, #1263, #502, #1408, #619, #1546, #754, #1668, #882, #119, #1013, #246, #1143, #379, #1268, #507, #1413 ),
 .UNSPECIFIED., .F., .F.,
 ( 4, 2, 2, 2, 2, 2, 2, 2, 2, 2, 4 ),
 ( 3.064019277547205400E-014, 0.002402586541893741200, 0.003603879812825284000, 0.004805173083756827300, 0.007207759625619910300, 0.009610346167482993300, 0.01441551925120916100, 0.01922069233493532700, 0.02402586541866149800, 0.02883103850238766600, 0.03844138466983995600 ),
 .UNSPECIFIED. ) ;
#1074 = CARTESIAN_POINT ( 'NONE',  ( -262.2331849065066600, -5.279558384087196500, 2038.764700086985400 ) ) ;
#1075 = AXIS2_PLACEMENT_3D ( 'NONE', #404, #402, #399 ) ;
#1076 = DIRECTION ( 'NONE',  ( 0.0000000000000000000, 2.498001805406600200E-015, -1.000000000000000000 ) ) ;
#1077 = VERTEX_POINT ( 'NONE', #358 ) ;
#1078 = CARTESIAN_POINT ( 'NONE',  ( -137.6622657236966100, -5.375015101052181700E-012, 2037.335740592297500 ) ) ;
#1079 = CARTESIAN_POINT ( 'NONE',  ( -245.8466759620590400, -18.42844701829023900, 1391.583157263819900 ) ) ;
#1080 = ORIENTED_EDGE ( 'NONE', *, *, #1436, .T. ) ;
#1081 = CARTESIAN_POINT ( 'NONE',  ( -199.9999997940215600, 34.99999999999458600, 2010.000000019936400 ) ) ;
#1082 = CARTESIAN_POINT ( 'NONE',  ( -155.9999998573995300, -27.50000000000395400, 1440.000000015445700 ) ) ;
#1083 = EDGE_CURVE ( 'NONE', #531, #1442, #1056, .T. ) ;
#1084 = CARTESIAN_POINT ( 'NONE',  ( -141.4100837585661500, -5.321215210601224600E-012, 2027.417233141345600 ) ) ;
#1085 = CARTESIAN_POINT ( 'NONE',  ( -245.8470046422417600, 18.42847990375442900, 1218.666102088198600 ) ) ;
#1086 = CARTESIAN_POINT ( 'NONE',  ( -252.8919319940534400, -20.77582129242069100, 852.4069179215777000 ) ) ;
#1087 = CARTESIAN_POINT ( 'NONE',  ( -262.7388615917475900, -3.874782179852034800, 2039.345542142045400 ) ) ;
#1088 = AXIS2_PLACEMENT_3D ( 'NONE', #107, #1002, #235 ) ;
#1089 = CARTESIAN_POINT ( 'NONE',  ( -152.9847232040428700, 9.244908851813580200, 1276.304865256693800 ) ) ;
#1090 = CARTESIAN_POINT ( 'NONE',  ( -256.3358365073500000, 23.35750333484740400, 836.4593904683340500 ) ) ;
#1091 = CARTESIAN_POINT ( 'NONE',  ( -247.1399947551781800, -9.251453825060840700, 988.1206181736208700 ) ) ;
#1092 = EDGE_LOOP ( 'NONE', ( #1250, #665, #1445, #1518 ) ) ;
#1093 = CARTESIAN_POINT ( 'NONE',  ( -262.9576196081654900, -3.140427728796391500, 2039.589555833279300 ) ) ;
#1094 = CARTESIAN_POINT ( 'NONE',  ( -259.1943444408781800, 10.84395640562456200, 844.6465967246093700 ) ) ;
#1095 = CARTESIAN_POINT ( 'NONE',  ( -155.9999998468975400, 27.49999999999579400, 1546.055928753137800 ) ) ;
#1096 = CARTESIAN_POINT ( 'NONE',  ( -248.8019866604299800, 9.371368783724721000, 892.4756140104990400 ) ) ;
#1097 = CARTESIAN_POINT ( 'NONE',  ( -247.5000416324839100, -3.813113258390005700E-012, 1333.944071286815200 ) ) ;
#1098 = DIRECTION ( 'NONE',  ( -9.974928652021412600E-011, 8.778404837849433500E-014, -1.000000000000000000 ) ) ;
#1099 = ORIENTED_EDGE ( 'NONE', *, *, #794, .T. ) ;
#1100 = EDGE_LOOP ( 'NONE', ( #606, #1420 ) ) ;
#1101 = CARTESIAN_POINT ( 'NONE',  ( -199.9999997940215100, 10.34670852842073400, 2080.000000019935700 ) ) ;
#1102 = CARTESIAN_POINT ( 'NONE',  ( -250.5327398648855100, -19.61749511518165800, 2014.739504607382500 ) ) ;
#1103 = ORIENTED_EDGE ( 'NONE', *, *, #564, .T. ) ;
#1104 = CARTESIAN_POINT ( 'NONE',  ( -247.4977123406568500, -3.506821477116788500E-012, 1161.026807675952300 ) ) ;
#1105 = CARTESIAN_POINT ( 'NONE',  ( -262.3383237150138100, -2.696807516797263300E-012, 842.6626987576100900 ) ) ;
#1106 = CARTESIAN_POINT ( 'NONE',  ( -152.5002177034386900, -3.570330881020381500E-012, 1276.304980926838200 ) ) ;
#1107 = CARTESIAN_POINT ( 'NONE',  ( -155.9999998762280300, 27.49999999130700300, 856.5034126069410800 ) ) ;
#1108 = CARTESIAN_POINT ( 'NONE',  ( -155.9999998589983600, 27.49999999999609200, 1423.861054381960500 ) ) ;
#1109 = CARTESIAN_POINT ( 'NONE',  ( -263.0569113501936700, -2.760138496854829700, 840.3028646214801300 ) ) ;
#1110 = EDGE_CURVE ( 'NONE', #1595, #368, #1522, .T. ) ;
#1111 = CARTESIAN_POINT ( 'NONE',  ( -141.1828990565609600, -11.38094067082960200, 2034.968373189482900 ) ) ;
#1112 = FILL_AREA_STYLE ('',( #1159 ) ) ;
#1113 = CARTESIAN_POINT ( 'NONE',  ( -254.1538395534189800, -17.40648387344895200, 849.4373134881460600 ) ) ;
#1114 = CARTESIAN_POINT ( 'NONE',  ( -263.4140520117737200, -0.8135551096382690500, 2040.034208515984800 ) ) ;
#1115 = VERTEX_POINT ( 'NONE', #1528 ) ;
#1116 = CARTESIAN_POINT ( 'NONE',  ( -136.5857948289490200, -0.8092453230277866200, 2040.034027284859100 ) ) ;
#1117 = CARTESIAN_POINT ( 'NONE',  ( -254.9941462767991100, -22.23313834998650400, 2037.418387974123100 ) ) ;
#1118 = ADVANCED_FACE ( 'NONE', ( #1205 ), #1335, .T. ) ;
#1119 = DIRECTION ( 'NONE',  ( -4.153087188293503300E-030, 1.000000000000000000, 2.389772395653985900E-015 ) ) ;
#1120 = COLOUR_RGB ( '',0.2901960784313725200, 0.3294117647058823500, 0.3490196078431372400 ) ;
#1121 = VERTEX_POINT ( 'NONE', #100 ) ;
#1122 = CARTESIAN_POINT ( 'NONE',  ( -152.1978325084683700, -5.212551811818205900E-012, 1973.175519142790300 ) ) ;
#1123 = CARTESIAN_POINT ( 'NONE',  ( -154.1454470192578900, 18.42923515477603800, 1103.390837920949700 ) ) ;
#1124 = CARTESIAN_POINT ( 'NONE',  ( -243.9999998873289500, -27.50000000000336800, 1137.776274341333600 ) ) ;
#1125 = CARTESIAN_POINT ( 'NONE',  ( -262.3383235967063500, -5.551807903522837400E-012, 2037.337301294342300 ) ) ;
#1126 =( BOUNDED_SURFACE ( )  B_SPLINE_SURFACE ( 3, 3, ( 
 ( #1316, #432, #677, #1601, #812, #36, #939, #170, #1072, #301, #1199, #440, #1331, #558, #1473, #682, #1604, #818, #44 ),
 ( #944, #175, #1079, #307, #1203, #443, #1339, #561, #1480, #688, #1611, #823, #53, #948, #180, #1086, #315, #1207, #446 ),
 ( #1346, #568, #1486, #695, #1618, #829, #58, #957, #186, #1091, #321, #1216, #453, #1351, #575, #1494, #701, #1624, #834 ),
 ( #63, #963, #194, #1097, #328, #1222, #459, #1359, #579, #1502, #709, #1629, #840, #71, #969, #198, #1105, #334, #1228 ) ),
 .UNSPECIFIED., .F., .F., .T. ) 
 B_SPLINE_SURFACE_WITH_KNOTS ( ( 4, 4 ),
 ( 4, 1, 1, 1, 1, 1, 1, 1, 1, 1, 1, 1, 1, 1, 1, 1, 4 ),
 ( 0.0000000000000000000, 1.000000000000000000 ),
 ( 0.0000000000000000000, 0.07791391752946935600, 0.1558278350589387100, 0.2782639911766763300, 0.3561779087061455200, 0.4340918262356150400, 0.5565279823533526600, 0.6344418998828222900, 0.7123558174122918100, 0.8347919735300295400, 0.8597737960621739700, 0.8794363587785044600, 0.9040766521295063900, 0.9235353656989284700, 0.9476828975431396100, 0.9668221180594325200, 0.9726960593285750600 ),
 .UNSPECIFIED. ) 
 GEOMETRIC_REPRESENTATION_ITEM ( )  RATIONAL_B_SPLINE_SURFACE ( (
 ( 1.000000000000000000, 1.000000000000000000, 0.9999999999999997800, 1.000000000000000200, 1.000000000000000200, 0.9999999999999997800, 0.9999999999999997800, 1.000000000000000200, 1.000000000000000000, 0.9999999999999997800, 1.000000000000000400, 0.9999999999999997800, 1.000000000000000400, 0.9999999999999996700, 1.000000000000000400, 1.000000000000000400, 0.9999999999999993300, 1.000000000000000000, 1.000000000000000000),
 ( 0.9981640343457098800, 0.9981640343457098800, 0.9981640490634731100, 0.9981639702183120500, 0.9981643644441190500, 0.9981632964505688900, 0.9981674991365960800, 0.9981460576898701900, 0.9982042301215915400, 0.9979752898684441900, 0.9989211304528955400, 0.9977063638044368900, 0.9940974792963420700, 0.9858252598412982100, 0.9671871470037739500, 0.9386215551149349500, 0.9066469717716624200, 0.8887818752246400300, 0.8845989291438117700),
 ( 0.9981640343457098800, 0.9981640343457098800, 0.9981640490634731100, 0.9981639702183120500, 0.9981643644441190500, 0.9981632964505688900, 0.9981674991365960800, 0.9981460576898701900, 0.9982042301215915400, 0.9979752898684441900, 0.9989211304528955400, 0.9977063638044368900, 0.9940974792963420700, 0.9858252598412982100, 0.9671871470037739500, 0.9386215551149349500, 0.9066469717716624200, 0.8887818752246400300, 0.8845989291438117700),
 ( 1.000000000000000000, 1.000000000000000000, 0.9999999999999997800, 1.000000000000000200, 1.000000000000000200, 0.9999999999999997800, 0.9999999999999997800, 1.000000000000000200, 1.000000000000000000, 0.9999999999999997800, 1.000000000000000400, 0.9999999999999997800, 1.000000000000000400, 0.9999999999999996700, 1.000000000000000400, 1.000000000000000400, 0.9999999999999993300, 1.000000000000000000, 1.000000000000000000) ) ) 
 REPRESENTATION_ITEM ( '' )  SURFACE ( )  );
#1127 = CARTESIAN_POINT ( 'NONE',  ( -152.9840189575721800, -9.244945807337048300, 1661.333897951292300 ) ) ;
#1128 = DIRECTION ( 'NONE',  ( 1.719580143085255300E-015, -1.000000000000000000, -2.389772395652179800E-015 ) ) ;
#1129 = DIRECTION ( 'NONE',  ( 9.975232310382957900E-011, 6.392517709821038300E-014, 1.000000000000000000 ) ) ;
#1130 = CARTESIAN_POINT ( 'NONE',  ( -135.7951156835705100, -12.99430356669541300, 2043.535948810644000 ) ) ;
#1131 = LINE ( 'NONE', #800, #1287 ) ;
#1132 = CARTESIAN_POINT ( 'NONE',  ( -152.9726497424578600, 9.245542441530693300, 1776.609162109457900 ) ) ;
#1133 = CARTESIAN_POINT ( 'NONE',  ( -148.5351495101442700, -2.620219026055565400E-012, 879.3566744193921100 ) ) ;
#1134 = CARTESIAN_POINT ( 'NONE',  ( -152.9720058624701600, -18.59246230206931800, 1987.524386029281900 ) ) ;
#1135 = CARTESIAN_POINT ( 'NONE',  ( -154.1709171252916200, 18.42668665946198900, 1045.743929917872300 ) ) ;
#1136 = EDGE_LOOP ( 'NONE', ( #806, #495, #530, #461, #106, #1462 ) ) ;
#1137 = CARTESIAN_POINT ( 'NONE',  ( -137.0423069104613800, -3.140163553056794000, 840.4103638091006600 ) ) ;
#1138 = ORIENTED_EDGE ( 'NONE', *, *, #1198, .F. ) ;
#1139 = CARTESIAN_POINT ( 'NONE',  ( -152.9726498091259800, -9.245542441538608700, 1103.390837920833100 ) ) ;
#1140 = CARTESIAN_POINT ( 'NONE',  ( -155.9999998297736000, -27.50000000000466100, 1718.973192364000200 ) ) ;
#1141 = CARTESIAN_POINT ( 'NONE',  ( -154.1533200274606900, 18.42844739134740500, 1456.138947840069500 ) ) ;
#1142 = CARTESIAN_POINT ( 'NONE',  ( -152.9998566005838500, -2.724812142361813800E-012, 941.4370859261409800 ) ) ;
#1143 = CARTESIAN_POINT ( 'NONE',  ( -147.7150834615784400, -19.50407873211186400, 850.9683804227224800 ) ) ;
#1144 = B_SPLINE_CURVE_WITH_KNOTS ( 'NONE', 3,
 ( #864, #1274, #1416, #628, #1555, #766, #1678, #892, #127, #1027, #258, #1152, #386, #1279, #517, #1421, #633, #1561, #772, #1683, #900, #132 ),
 .UNSPECIFIED., .F., .F.,
 ( 4, 2, 2, 2, 2, 2, 2, 2, 2, 2, 4 ),
 ( 3.080446240926540800E-014, 0.002402586541893556500, 0.003603879812824932700, 0.004805173083756308600, 0.007207759625619552900, 0.009610346167482799000, 0.01441551925120924600, 0.01922069233493569500, 0.02402586541866214000, 0.02883103850238858500, 0.03844138466984148300 ),
 .UNSPECIFIED. ) ;
#1145 = CARTESIAN_POINT ( 'NONE',  ( -154.1533200306570800, -18.42844739135532400, 1423.861052190455200 ) ) ;
#1146 = CARTESIAN_POINT ( 'NONE',  ( -155.9999998354816500, 27.49999999999552000, 1661.334114083215800 ) ) ;
#1147 = ORIENTED_EDGE ( 'NONE', *, *, #274, .T. ) ;
#1148 =( NAMED_UNIT ( * ) SI_UNIT ( $, .STERADIAN. ) SOLID_ANGLE_UNIT ( ) );
#1149 = CARTESIAN_POINT ( 'NONE',  ( -149.4672598499146000, -19.61749511517876600, 865.2604954322222300 ) ) ;
#1150 = DIRECTION ( 'NONE',  ( -4.153087188293503300E-030, 1.000000000000000000, 2.389772395653985900E-015 ) ) ;
#1151 = ORIENTED_EDGE ( 'NONE', *, *, #906, .F. ) ;
#1152 = CARTESIAN_POINT ( 'NONE',  ( -140.0565334075952800, 9.691564924331048700, 2036.160647733000800 ) ) ;
#1153 = CIRCLE ( 'NONE', #401, 71.61449320972379000 ) ;
#1154 = CARTESIAN_POINT ( 'NONE',  ( -155.9999998964423800, -27.50000000000304100, 1045.748740852094200 ) ) ;
#1155 = ORIENTED_EDGE ( 'NONE', *, *, #1028, .T. ) ;
#1156 = CARTESIAN_POINT ( 'NONE',  ( -139.6880415887623900, 9.047679441819143500, 843.4274240906193000 ) ) ;
#1157 = CARTESIAN_POINT ( 'NONE',  ( -155.9999998526055500, 27.49999999999594300, 1488.416836915902000 ) ) ;
#1158 = AXIS2_PLACEMENT_3D ( 'NONE', #470, #723, #1643 ) ;
#1159 = FILL_AREA_STYLE_COLOUR ( '', #1217 ) ;
#1160 = CARTESIAN_POINT ( 'NONE',  ( -199.9999999207786900, 27.49999999997794100, 800.0000000196701000 ) ) ;
#1161 = CARTESIAN_POINT ( 'NONE',  ( -262.2454044457136900, 5.249553445378998300, 2038.778889184762000 ) ) ;
#1162 = EDGE_CURVE ( 'NONE', #569, #171, #1550, .T. ) ;
#1163 = DIRECTION ( 'NONE',  ( 9.902543079592488700E-011, -2.364709401604666800E-015, 1.000000000000000000 ) ) ;
#1164 = DIRECTION ( 'NONE',  ( -0.0000000000000000000, 2.389772395653985900E-015, -1.000000000000000000 ) ) ;
#1165 = CARTESIAN_POINT ( 'NONE',  ( -247.4997820113614200, -4.564507304329349400E-012, 1603.695019112767800 ) ) ;
#1166 = EDGE_CURVE ( 'NONE', #415, #727, #354, .T. ) ;
#1167 = LINE ( 'NONE', #1430, #1409 ) ;
#1168 = CARTESIAN_POINT ( 'NONE',  ( -136.5571120956609500, -5.368096119704084700E-012, 2040.000000013704700 ) ) ;
#1169 = B_SPLINE_CURVE_WITH_KNOTS ( 'NONE', 3,
 ( #199, #108, #97, #611, #31, #91, #296, #54, #6, #46, #1064, #1466, #836, #1591, #1356, #1439, #505, #1175 ),
 .UNSPECIFIED., .F., .F.,
 ( 4, 1, 1, 1, 1, 1, 1, 1, 1, 1, 1, 1, 1, 1, 1, 4 ),
 ( 0.0000000000000000000, 0.07791391752949392000, 0.1558278350589878400, 0.2782639911767640900, 0.3561779087062578200, 0.4340918262357519300, 0.5565279823535281800, 0.6344418998830223500, 0.7123558174125165200, 0.8347919735302927700, 0.8597737960624450800, 0.8794363587787817900, 0.9040766521297914900, 0.9235353656992196800, 0.9476828975434383700, 0.9668221180597373900 ),
 .UNSPECIFIED. ) ;
#1170 = CARTESIAN_POINT ( 'NONE',  ( -199.9999999207785800, 35.00000000000083100, 825.0000000198028800 ) ) ;
#1171 = EDGE_LOOP ( 'NONE', ( #1590, #1448, #438, #26 ) ) ;
#1172 = CARTESIAN_POINT ( 'NONE',  ( -263.4428875003037500, -5.582222345593086400E-012, 2040.000000026268700 ) ) ;
#1173 = COLOUR_RGB ( '',0.2901960784313725200, 0.3294117647058823500, 0.3490196078431372400 ) ;
#1174 = CIRCLE ( 'NONE', #232, 25.00000000000002100 ) ;
#1175 = CARTESIAN_POINT ( 'NONE',  ( -263.4428876191393600, -2.714495471013951500E-012, 840.0000000259015000 ) ) ;
#1176 = CARTESIAN_POINT ( 'NONE',  ( -152.5002176710175900, -4.352718556810393300E-012, 1603.695019103360000 ) ) ;
#1177 = DIRECTION ( 'NONE',  ( 4.153087188293503300E-030, -1.000000000000000000, -2.389772395653985900E-015 ) ) ;
#1178 = PRODUCT_DEFINITION_FORMATION_WITH_SPECIFIED_SOURCE ( 'ANY', '', #1630, .NOT_KNOWN. ) ;
#1179 = DIRECTION ( 'NONE',  ( 2.712984768885040300E-015, -2.373861672774410400E-015, 1.000000000000000000 ) ) ;
#1180 = CARTESIAN_POINT ( 'NONE',  ( -199.9999997940214500, -35.00000000000552100, 2010.000000019935900 ) ) ;
#1181 = SURFACE_SIDE_STYLE ('',( #1686 ) ) ;
#1182 = CARTESIAN_POINT ( 'NONE',  ( -243.9999998558018900, 27.49999999999581800, 1456.138945657645300 ) ) ;
#1183 = CARTESIAN_POINT ( 'NONE',  ( -199.9999997940215100, 10.34670852842073400, 2080.000000019935700 ) ) ;
#1184 = CARTESIAN_POINT ( 'NONE',  ( -247.0154941163745500, 9.244920270491514100, 1440.000000024458600 ) ) ;
#1185 = ORIENTED_EDGE ( 'NONE', *, *, #632, .T. ) ;
#1186 = PRESENTATION_LAYER_ASSIGNMENT (  '', '', ( #1323 ) ) ;
#1187 = CARTESIAN_POINT ( 'NONE',  ( -243.9999999129200900, 27.49999999999721500, 879.3566744288463000 ) ) ;
#1188 = DIRECTION ( 'NONE',  ( 1.238476744659381300E-032, 2.389772395655869700E-015, -1.000000000000000000 ) ) ;
#1189 = CARTESIAN_POINT ( 'NONE',  ( -243.9999997996168900, -27.49999999999562700, 2023.496587404409600 ) ) ;
#1190 = EDGE_CURVE ( 'NONE', #1365, #1497, #885, .T. ) ;
#1191 = DIRECTION ( 'NONE',  ( 1.756137624720820800E-015, -1.000000000000000000, -2.389772395655869700E-015 ) ) ;
#1192 = CIRCLE ( 'NONE', #927, 197.6978977969906200 ) ;
#1193 = CARTESIAN_POINT ( 'NONE',  ( -199.9999999207785800, -35.00000000000246600, 775.0000000198026600 ) ) ;
#1194 = CARTESIAN_POINT ( 'NONE',  ( -247.4999914193726900, -4.182263216139225800E-012, 1488.416836924962800 ) ) ;
#1195 = CARTESIAN_POINT ( 'NONE',  ( -154.4845598056057600, 18.39530410248011400, 941.4255952143146300 ) ) ;
#1196 = EDGE_LOOP ( 'NONE', ( #359, #1337, #227, #667 ) ) ;
#1197 = CARTESIAN_POINT ( 'NONE',  ( -263.4428875003037500, -5.582222345593086400E-012, 2040.000000026268700 ) ) ;
#1198 = EDGE_CURVE ( 'NONE', #1402, #1210, #1073, .T. ) ;
#1199 = CARTESIAN_POINT ( 'NONE',  ( -243.9999999067723000, -27.50000000000292000, 941.4370859351524800 ) ) ;
#1200 = CARTESIAN_POINT ( 'NONE',  ( -263.3083771044041400, -1.603419701087578100, 2039.953096862598600 ) ) ;
#1201 = CARTESIAN_POINT ( 'NONE',  ( -199.9999997940214200, 34.99999999999777600, 2105.000000019802900 ) ) ;
#1202 = CARTESIAN_POINT ( 'NONE',  ( -152.1978325084683700, -5.244393251022176200E-012, 1973.175519142790300 ) ) ;
#1203 = CARTESIAN_POINT ( 'NONE',  ( -245.8465371067800300, -18.42843312352249500, 1276.304865265889900 ) ) ;
#1204 = ORIENTED_EDGE ( 'NONE', *, *, #450, .F. ) ;
#1205 = FACE_OUTER_BOUND ( 'NONE', #1038, .T. ) ;
#1206 = CARTESIAN_POINT ( 'NONE',  ( -245.8545527622104300, 18.42923515477583900, 1103.390837930031900 ) ) ;
#1207 = CARTESIAN_POINT ( 'NONE',  ( -256.0820344591898600, -23.13826773226886500, 837.6337375347527500 ) ) ;
#1208 = DIRECTION ( 'NONE',  ( 0.0000000000000000000, 2.498001805406600200E-015, -1.000000000000000000 ) ) ;
#1209 = ORIENTED_EDGE ( 'NONE', *, *, #365, .F. ) ;
#1210 = VERTEX_POINT ( 'NONE', #1551 ) ;
#1211 = CARTESIAN_POINT ( 'NONE',  ( -243.9999998574000700, 27.49999999999601700, 1440.000000024160700 ) ) ;
#1212 = ORIENTED_EDGE ( 'NONE', *, *, #1478, .F. ) ;
#1213 = CARTESIAN_POINT ( 'NONE',  ( -152.5265383069808300, -3.021124367127675300E-012, 1045.748740851750200 ) ) ;
#1214 = MANIFOLD_SOLID_BREP ( 'Cut-Extrude1', #462 ) ;
#1215 = CARTESIAN_POINT ( 'NONE',  ( -247.0154913099968900, 9.244920123134310300, 1423.861052199650900 ) ) ;
#1216 = CARTESIAN_POINT ( 'NONE',  ( -247.3174665176574100, -9.260767205447301400, 906.8155579927320100 ) ) ;
#1217 = COLOUR_RGB ( '',0.8431372549019607900, 0.8431372549019607900, 0.8431372549019607900 ) ;
#1218 = CIRCLE ( 'NONE', #1273, 24.99999999999991100 ) ;
#1219 = CARTESIAN_POINT ( 'NONE',  ( -256.7858650715212400, 14.18846084140719400, 847.0652446901925700 ) ) ;
#1220 = EDGE_CURVE ( 'NONE', #987, #1387, #1144, .T. ) ;
#1221 = CARTESIAN_POINT ( 'NONE',  ( -254.2338198550737000, 10.13985163014030500, 865.2604954425970600 ) ) ;
#1222 = CARTESIAN_POINT ( 'NONE',  ( -247.5004870354125300, -3.537667164053574600E-012, 1218.665885956736700 ) ) ;
#1223 = DIRECTION ( 'NONE',  ( 4.153087188293503300E-030, -1.000000000000000000, -2.389772395653985900E-015 ) ) ;
#1224 = EDGE_CURVE ( 'NONE', #65, #1357, #844, .T. ) ;
#1225 = DIRECTION ( 'NONE',  ( 1.737858883903028800E-015, -1.000000000000000000, -2.389772395653982800E-015 ) ) ;
#1226 = CARTESIAN_POINT ( 'NONE',  ( -154.1454469525898500, 18.42923515477442100, 1776.609162109574100 ) ) ;
#1227 = CARTESIAN_POINT ( 'NONE',  ( -247.4734614859039500, -3.233564579309037500E-012, 1045.748740861152800 ) ) ;
#1228 = CARTESIAN_POINT ( 'NONE',  ( -264.8877941020761000, -2.702328637161241500E-012, 836.4594046033025700 ) ) ;
#1229 = ORIENTED_EDGE ( 'NONE', *, *, #1224, .F. ) ;
#1230 = CARTESIAN_POINT ( 'NONE',  ( -199.9999999207786100, -27.49999999998282300, 800.0000000196701000 ) ) ;
#1231 = CIRCLE ( 'NONE', #865, 71.61449320972401700 ) ;
#1232 = CARTESIAN_POINT ( 'NONE',  ( -262.7388617104530200, -3.874782179849038900, 840.6544579099866000 ) ) ;
#1233 = CARTESIAN_POINT ( 'NONE',  ( -150.7094319257434400, -5.274429014197983300E-012, 1987.501245346294600 ) ) ;
#1234 = AXIS2_PLACEMENT_3D ( 'NONE', #1005, #1191, #1188 ) ;
#1235 = LINE ( 'NONE', #803, #891 ) ;
#1236 = CARTESIAN_POINT ( 'NONE',  ( -140.0492693496013600, -9.640780213814570800, 2036.175559512921400 ) ) ;
#1237 = CARTESIAN_POINT ( 'NONE',  ( -243.9999998574001000, 27.49999999999585400, 1440.000000024160700 ) ) ;
#1238 = ORIENTED_EDGE ( 'NONE', *, *, #931, .T. ) ;
#1239 = SURFACE_STYLE_USAGE ( .BOTH. , #345 ) ;
#1240 = CARTESIAN_POINT ( 'NONE',  ( -251.3184021037790500, -20.53871190150636000, 851.7153625189815800 ) ) ;
#1241 = DIRECTION ( 'NONE',  ( -1.000000000000000000, 0.0000000000000000000, 9.974915695662672300E-011 ) ) ;
#1242 = CARTESIAN_POINT ( 'NONE',  ( -152.4999998574001000, -3.948148969127123600E-012, 1440.000000015099000 ) ) ;
#1243 = CARTESIAN_POINT ( 'NONE',  ( -145.7661798597264100, 10.13985163013775700, 2014.739504597008600 ) ) ;
#1244 = CARTESIAN_POINT ( 'NONE',  ( -199.9999999207785800, -35.00000000000238700, 800.0000000196701000 ) ) ;
#1245 = AXIS2_PLACEMENT_3D ( 'NONE', #1244, #483, #1385 ) ;
#1246 = CARTESIAN_POINT ( 'NONE',  ( -261.3155638900291800, -7.247189831091756900, 2037.703103083262000 ) ) ;
#1247 = CARTESIAN_POINT ( 'NONE',  ( -148.5351493991043400, -5.275659308915175100E-012, 2000.643325610020600 ) ) ;
#1248 = CARTESIAN_POINT ( 'NONE',  ( -152.5000026700759000, -3.909580383046578900E-012, 1423.861054381613700 ) ) ;
#1249 = EDGE_CURVE ( 'NONE', #131, #1357, #1516, .T. ) ;
#1250 = ORIENTED_EDGE ( 'NONE', *, *, #1021, .T. ) ;
#1251 = CARTESIAN_POINT ( 'NONE',  ( -152.9726497424578600, -9.245542441540212800, 1776.609162109457900 ) ) ;
#1252 = DIRECTION ( 'NONE',  ( -4.153087188293503300E-030, 1.000000000000000000, 2.389772395653985900E-015 ) ) ;
#1253 = CIRCLE ( 'NONE', #236, 71.61449320972379000 ) ;
#1254 = CARTESIAN_POINT ( 'NONE',  ( -254.1538394364532100, -17.40648387345211700, 2030.562686562186400 ) ) ;
#1255 = EDGE_CURVE ( 'NONE', #1497, #1365, #1218, .T. ) ;
#1256 = FACE_OUTER_BOUND ( 'NONE', #1575, .T. ) ;
#1257 = FACE_BOUND ( 'NONE', #377, .T. ) ;
#1258 = CARTESIAN_POINT ( 'NONE',  ( -154.1533200274605200, -18.42844739135538700, 1456.138947840069500 ) ) ;
#1259 = CARTESIAN_POINT ( 'NONE',  ( -249.2905676806196300, -5.479028381090221300E-012, 1987.501245356057100 ) ) ;
#1260 = CARTESIAN_POINT ( 'NONE',  ( -199.9999999207785800, 35.00000000000088800, 800.0000000198028800 ) ) ;
#1261 = CARTESIAN_POINT ( 'NONE',  ( -149.4672597360827800, -19.61749511518151200, 2014.739504597375600 ) ) ;
#1262 = CARTESIAN_POINT ( 'NONE',  ( -153.9528361673927500, 18.44850746338942600, 1973.184442046999900 ) ) ;
#1263 = CARTESIAN_POINT ( 'NONE',  ( -137.3811353024150600, -4.231588263406908200, 840.7914046986495600 ) ) ;
#1264 = AXIS2_PLACEMENT_3D ( 'NONE', #1404, #1098, #1241 ) ;
#1265 = CARTESIAN_POINT ( 'NONE',  ( -152.8600050491203000, -9.251453825060723400, 988.1206181642845600 ) ) ;
#1266 = CARTESIAN_POINT ( 'NONE',  ( -155.9999998183577400, -27.50000000000492100, 1834.251259178797200 ) ) ;
#1267 = DIRECTION ( 'NONE',  ( 1.727462517347899100E-015, -1.000000000000000000, -2.389772395652913100E-015 ) ) ;
#1268 = CARTESIAN_POINT ( 'NONE',  ( -151.6652767956307500, -23.59563404690125700, 853.8858944541517500 ) ) ;
#1269 = CARTESIAN_POINT ( 'NONE',  ( -154.1532904780639800, -18.42845034922871200, 1333.944097020754300 ) ) ;
#1270 = VERTEX_POINT ( 'NONE', #411 ) ;
#1271 = CARTESIAN_POINT ( 'NONE',  ( -243.9999998526054400, 27.49999999999574000, 1488.416836924616300 ) ) ;
#1272 = ORIENTED_EDGE ( 'NONE', *, *, #1285, .T. ) ;
#1273 = AXIS2_PLACEMENT_3D ( 'NONE', #657, #1584, #793 ) ;
#1274 = CARTESIAN_POINT ( 'NONE',  ( -136.5859485070496400, 0.8135811470576380700, 2040.034209598252800 ) ) ;
#1275 = ORIENTED_EDGE ( 'NONE', *, *, #1649, .F. ) ;
#1276 = EDGE_CURVE ( 'NONE', #1210, #1444, #73, .T. ) ;
#1277 = CARTESIAN_POINT ( 'NONE',  ( -145.0061958341042600, -22.23290099090064600, 842.5832123525109400 ) ) ;
#1278 = CARTESIAN_POINT ( 'NONE',  ( -243.9999998031815900, 27.49999999999454300, 1987.501245355533200 ) ) ;
#1279 = CARTESIAN_POINT ( 'NONE',  ( -142.3839916449335300, 13.09317267750176400, 2033.741329750864000 ) ) ;
#1280 = CARTESIAN_POINT ( 'NONE',  ( -155.9999999067723300, -27.50000000000279600, 941.4370859264379300 ) ) ;
#1281 = CARTESIAN_POINT ( 'NONE',  ( -138.6642172001308500, 7.207734813054822900, 842.2737170585240800 ) ) ;
#1282 = AXIS2_PLACEMENT_3D ( 'NONE', #1260, #498, #1403 ) ;
#1283 = CARTESIAN_POINT ( 'NONE',  ( -154.1534626404413500, 18.42843312351525100, 1276.304865256809800 ) ) ;
#1284 = CARTESIAN_POINT ( 'NONE',  ( -251.3248107132703500, 20.53199076082649200, 2028.289451555489900 ) ) ;
#1285 = EDGE_CURVE ( 'NONE', #1491, #65, #1451, .T. ) ;
#1286 = PRESENTATION_STYLE_ASSIGNMENT (( #418 ) ) ;
#1287 = VECTOR ( 'NONE', #407, 1000.000000000000000 ) ;
#1288 = CARTESIAN_POINT ( 'NONE',  ( -243.9999998621947800, 27.49999999999597100, 1391.583163123704300 ) ) ;
#1289 = CARTESIAN_POINT ( 'NONE',  ( -243.9999998004945500, 27.49999999999446500, 2014.635519994712700 ) ) ;
#1290 = CARTESIAN_POINT ( 'NONE',  ( -262.7470924672895800, 3.849201657617587400, 2039.354862557458800 ) ) ;
#1291 = CARTESIAN_POINT ( 'NONE',  ( -155.9999998574001600, 27.49999999999605300, 1440.000000015445700 ) ) ;
#1292 = ADVANCED_FACE ( 'NONE', ( #623, #1257 ), #543, .F. ) ;
#1293 = ORIENTED_EDGE ( 'NONE', *, *, #1471, .F. ) ;
#1294 = CARTESIAN_POINT ( 'NONE',  ( -199.9999997940214200, -35.00000000000557100, 2080.000000019802900 ) ) ;
#1295 = CIRCLE ( 'NONE', #136, 24.99999999999991100 ) ;
#1296 = FACE_OUTER_BOUND ( 'NONE', #181, .T. ) ;
#1297 = CARTESIAN_POINT ( 'NONE',  ( -243.9999998183577900, 27.49999999999490900, 1834.251259187512000 ) ) ;
#1298 = EDGE_CURVE ( 'NONE', #1459, #1210, #573, .T. ) ;
#1299 = CARTESIAN_POINT ( 'NONE',  ( -247.4977122854039600, -4.840186345424858100E-012, 1718.973192373061500 ) ) ;
#1300 = CARTESIAN_POINT ( 'NONE',  ( -243.9999998468974800, 27.49999999999559800, 1546.055928761851900 ) ) ;
#1301 = CARTESIAN_POINT ( 'NONE',  ( -141.4100837585473900, -5.321215210601179300E-012, 2027.417233141407200 ) ) ;
#1302 = CARTESIAN_POINT ( 'NONE',  ( -243.9999998080279500, 27.49999999999469600, 1938.562914113168100 ) ) ;
#1303 = CARTESIAN_POINT ( 'NONE',  ( -243.9999998126497500, 27.49999999999476300, 1891.891076154304800 ) ) ;
#1304 = EDGE_CURVE ( 'NONE', #743, #1444, #775, .T. ) ;
#1305 = CARTESIAN_POINT ( 'NONE',  ( -152.5000082858382200, -4.077215854390282000E-012, 1488.416836915555000 ) ) ;
#1306 = ORIENTED_EDGE ( 'NONE', *, *, #669, .F. ) ;
#1307 = CARTESIAN_POINT ( 'NONE',  ( -154.1533237527410400, 18.42844701828221700, 1488.416842775785900 ) ) ;
#1308 = DIRECTION ( 'NONE',  ( -9.903059016189475300E-011, 2.364709401604732200E-015, -1.000000000000000000 ) ) ;
#1309 = CARTESIAN_POINT ( 'NONE',  ( -149.4672597360828400, 19.61749511517085400, 2014.739504597375600 ) ) ;
#1310 =( LENGTH_UNIT ( ) NAMED_UNIT ( * ) SI_UNIT ( .MILLI., .METRE. ) );
#1311 = CARTESIAN_POINT ( 'NONE',  ( -243.9999998046002400, 27.49999999999456800, 1973.175519151881400 ) ) ;
#1312 = VECTOR ( 'NONE', #1163, 1000.000000000000000 ) ;
#1313 = DIRECTION ( 'NONE',  ( -1.000000000000000000, -1.748255250458158800E-015, -4.177932138103855200E-030 ) ) ;
#1314 = SURFACE_STYLE_FILL_AREA ( #406 ) ;
#1315 = CARTESIAN_POINT ( 'NONE',  ( -152.9998565018394700, -5.186584254394697000E-012, 1938.562914104156600 ) ) ;
#1316 = CARTESIAN_POINT ( 'NONE',  ( -243.9999998574000100, -27.50000000000408200, 1440.000000024160500 ) ) ;
#1317 = UNCERTAINTY_MEASURE_WITH_UNIT (LENGTH_MEASURE( 1.000000000000000100E-005 ), #475, 'distance_accuracy_value', 'NONE');
#1318 = ORIENTED_EDGE ( 'NONE', *, *, #1343, .F. ) ;
#1319 = EDGE_CURVE ( 'NONE', #419, #1270, #1192, .T. ) ;
#1320 = CARTESIAN_POINT ( 'NONE',  ( -155.9999998679027400, 27.49999999999630200, 1333.944071277754100 ) ) ;
#1321 = CARTESIAN_POINT ( 'NONE',  ( -243.9999999155714400, 27.49999999999726800, 852.5827668968158800 ) ) ;
#1322 = CARTESIAN_POINT ( 'NONE',  ( -243.9999997992287300, 27.49999999999446100, 2027.417233151504900 ) ) ;
#1323 = STYLED_ITEM ( 'NONE', ( #370 ), #1214 ) ;
#1324 = CARTESIAN_POINT ( 'NONE',  ( -199.9999997940215100, -5.580734084519493900E-012, 2080.000000019936100 ) ) ;
#1325 = CARTESIAN_POINT ( 'NONE',  ( -243.9999998297736900, 27.49999999999520400, 1718.973192372714900 ) ) ;
#1326 = CARTESIAN_POINT ( 'NONE',  ( -199.9999997940215300, 27.49999999997466200, 2080.000000019936100 ) ) ;
#1327 = CARTESIAN_POINT ( 'NONE',  ( -243.9999998354815900, 27.49999999999533500, 1661.334114091930600 ) ) ;
#1328 = CARTESIAN_POINT ( 'NONE',  ( -199.9999997940214200, -35.00000000000564200, 2105.000000019802900 ) ) ;
#1329 = CARTESIAN_POINT ( 'NONE',  ( -152.8600049596219900, 9.251453825052813300, 1891.879381865985600 ) ) ;
#1330 = ADVANCED_FACE ( 'NONE', ( #288 ), #133, .T. ) ;
#1331 = CARTESIAN_POINT ( 'NONE',  ( -243.9999999116185400, -27.50000000000277100, 892.4987546927876600 ) ) ;
#1332 = EDGE_LOOP ( 'NONE', ( #1667, #1612 ) ) ;
#1333 = DIRECTION ( 'NONE',  ( 4.153087188293503300E-030, -1.000000000000000000, -2.389772395653985900E-015 ) ) ;
#1334 = EDGE_CURVE ( 'NONE', #825, #987, #1638, .T. ) ;
#1335 = TOROIDAL_SURFACE ( 'NONE', #691, -122.4269596989661600, 197.6978977969906200 ) ;
#1336 = CARTESIAN_POINT ( 'NONE',  ( -155.9999997996170000, 27.49999999998475200, 2023.496587395695300 ) ) ;
#1337 = ORIENTED_EDGE ( 'NONE', *, *, #222, .T. ) ;
#1338 = CARTESIAN_POINT ( 'NONE',  ( -153.4834322801336000, 9.218737543855390000, 1938.574404816176900 ) ) ;
#1339 = CARTESIAN_POINT ( 'NONE',  ( -245.8451645389347100, -18.42829578555453600, 1161.025992828708000 ) ) ;
#1340 = CARTESIAN_POINT ( 'NONE',  ( -254.7389457075938700, -5.500704796360184100E-012, 2014.635519995775900 ) ) ;
#1341 = VERTEX_POINT ( 'NONE', #1189 ) ;
#1342 = CARTESIAN_POINT ( 'NONE',  ( -199.9999999207786600, -2.589397577754268400E-012, 800.0000000196699800 ) ) ;
#1343 = EDGE_CURVE ( 'NONE', #1592, #1270, #1596, .T. ) ;
#1344 = CARTESIAN_POINT ( 'NONE',  ( -155.9999998411896100, 27.49999999999565500, 1603.695019103706500 ) ) ;
#1345 = CARTESIAN_POINT ( 'NONE',  ( -245.9293385708684500, 18.43671809561304500, 988.1206181735013800 ) ) ;
#1346 = CARTESIAN_POINT ( 'NONE',  ( -247.0154941163745500, -9.244920270499749300, 1440.000000024458400 ) ) ;
#1347 = CARTESIAN_POINT ( 'NONE',  ( -247.4999998574000400, -4.066558801133630900E-012, 1440.000000024506800 ) ) ;
#1348 = CARTESIAN_POINT ( 'NONE',  ( -263.0569113501945800, 2.760138496849474400, 840.3028646214778500 ) ) ;
#1349 = CARTESIAN_POINT ( 'NONE',  ( -152.6825331971427300, 9.260767205439265100, 1973.184442046874700 ) ) ;
#1350 = CARTESIAN_POINT ( 'NONE',  ( -247.0155358453787900, 9.244922459799443700, 1333.944097029950200 ) ) ;
#1351 = CARTESIAN_POINT ( 'NONE',  ( -250.9740137815807900, -9.607518899452546900, 879.2938850585051100 ) ) ;
#1352 = CARTESIAN_POINT ( 'NONE',  ( -256.0820343398863200, -23.13826773227172500, 2042.366262515960400 ) ) ;
#1353 = ADVANCED_FACE ( 'NONE', ( #37 ), #89, .T. ) ;
#1354 = ORIENTED_EDGE ( 'NONE', *, *, #990, .F. ) ;
#1355 = CARTESIAN_POINT ( 'NONE',  ( -254.1538395534200300, 17.40648387344270600, 849.4373134881447000 ) ) ;
#1356 = CARTESIAN_POINT ( 'NONE',  ( -254.7389458214050500, -2.764307960503511100E-012, 865.3644800546711600 ) ) ;
#1357 = VERTEX_POINT ( 'NONE', #1197 ) ;
#1358 = CARTESIAN_POINT ( 'NONE',  ( -261.7362081750922000, 12.12273964834413700, 842.5816120770422200 ) ) ;
#1359 = CARTESIAN_POINT ( 'NONE',  ( -247.5118685955532100, -3.263265246079317100E-012, 1103.387648144952900 ) ) ;
#1360 = CARTESIAN_POINT ( 'NONE',  ( -264.8877939825399600, -5.586977946150060400E-012, 2043.540595449154600 ) ) ;
#1361 =( GEOMETRIC_REPRESENTATION_CONTEXT ( 3 ) GLOBAL_UNCERTAINTY_ASSIGNED_CONTEXT ( ( #324 ) ) GLOBAL_UNIT_ASSIGNED_CONTEXT ( ( #1567, #799, #791 ) ) REPRESENTATION_CONTEXT ( 'NONE', 'WORKASPACE' ) );
#1362 = ORIENTED_EDGE ( 'NONE', *, *, #773, .T. ) ;
#1363 = CARTESIAN_POINT ( 'NONE',  ( -151.1980130543701900, 9.371368783722305200, 1987.524386029106400 ) ) ;
#1364 = CARTESIAN_POINT ( 'NONE',  ( -247.0001432129607200, -3.027835859781711400E-012, 941.4370859354496600 ) ) ;
#1365 = VERTEX_POINT ( 'NONE', #1328 ) ;
#1366 = ADVANCED_FACE ( 'NONE', ( #295 ), #731, .F. ) ;
#1367 = CARTESIAN_POINT ( 'NONE',  ( -264.4045644302605600, -5.583787300493536500E-012, 2042.360617734962300 ) ) ;
#1368 = LINE ( 'NONE', #1201, #396 ) ;
#1369 = DIRECTION ( 'NONE',  ( 0.0000000000000000000, -2.373861672774410400E-015, 1.000000000000000000 ) ) ;
#1370 = CARTESIAN_POINT ( 'NONE',  ( -254.9941462767992300, 22.23313834997538100, 2037.418387974123100 ) ) ;
#1371 = CARTESIAN_POINT ( 'NONE',  ( -262.2331850250970400, -5.279558384084188200, 841.2352999649454000 ) ) ;
#1372 = CARTESIAN_POINT ( 'NONE',  ( -249.2905676806196300, -5.383854076617216700E-012, 1987.501245356057100 ) ) ;
#1373 = EDGE_CURVE ( 'NONE', #381, #291, #1560, .T. ) ;
#1374 = CARTESIAN_POINT ( 'NONE',  ( -138.9957675793596900, -7.831439117105975200, 2037.347601148326700 ) ) ;
#1375 = CARTESIAN_POINT ( 'NONE',  ( -247.1399946656800100, 9.251453825052600200, 1891.879381875322500 ) ) ;
#1376 =( NAMED_UNIT ( * ) PLANE_ANGLE_UNIT ( ) SI_UNIT ( $, .RADIAN. ) );
#1377 = CARTESIAN_POINT ( 'NONE',  ( -246.2289662237504900, -25.57734003156645400, 855.2429793068379200 ) ) ;
#1378 = CARTESIAN_POINT ( 'NONE',  ( -247.8021671007320200, -5.340542520356825200E-012, 1973.175519152257900 ) ) ;
#1379 = EDGE_CURVE ( 'NONE', #1600, #1365, #1368, .T. ) ;
#1380 = CARTESIAN_POINT ( 'NONE',  ( -152.5000082858382200, -4.063853651488009000E-012, 1488.416836915555000 ) ) ;
#1381 = FACE_BOUND ( 'NONE', #92, .T. ) ;
#1382 = CARTESIAN_POINT ( 'NONE',  ( -247.0152765107572500, 9.244908851812585500, 1603.695134782912200 ) ) ;
#1383 =( GEOMETRIC_REPRESENTATION_CONTEXT ( 3 ) GLOBAL_UNCERTAINTY_ASSIGNED_CONTEXT ( ( #1317 ) ) GLOBAL_UNIT_ASSIGNED_CONTEXT ( ( #475, #1376, #595 ) ) REPRESENTATION_CONTEXT ( 'NONE', 'WORKASPACE' ) );
#1384 = EDGE_LOOP ( 'NONE', ( #1426, #1306 ) ) ;
#1385 = DIRECTION ( 'NONE',  ( 0.0000000000000000000, -2.379049338482476600E-015, 1.000000000000000000 ) ) ;
#1386 = CARTESIAN_POINT ( 'NONE',  ( -247.4734614078192900, -5.006195404616690500E-012, 1834.251259187856200 ) ) ;
#1387 = VERTEX_POINT ( 'NONE', #1336 ) ;
#1388 = CARTESIAN_POINT ( 'NONE',  ( -141.4100837585661500, -5.357485383847904900E-012, 2027.417233141345600 ) ) ;
#1389 = CARTESIAN_POINT ( 'NONE',  ( -250.5327398648855100, 19.61749511517066200, 2014.739504607382500 ) ) ;
#1390 = VECTOR ( 'NONE', #1177, 1000.000000000000000 ) ;
#1391 = DIRECTION ( 'NONE',  ( -1.756137624720820800E-015, 1.000000000000000000, 2.389772395655869700E-015 ) ) ;
#1392 = FACE_OUTER_BOUND ( 'NONE', #1332, .T. ) ;
#1393 = CARTESIAN_POINT ( 'NONE',  ( -247.6246143620285800, -5.158375156585770200E-012, 1891.891076154664000 ) ) ;
#1394 = CARTESIAN_POINT ( 'NONE',  ( -152.8600049596219600, -9.251453825062878200, 1891.879381865985600 ) ) ;
#1395 = AXIS2_PLACEMENT_3D ( 'NONE', #21, #403, #1589 ) ;
#1396 = DIRECTION ( 'NONE',  ( 1.727462517347899100E-015, -1.000000000000000000, -2.389772395652913100E-015 ) ) ;
#1397 = CARTESIAN_POINT ( 'NONE',  ( -248.4499484912313700, 18.90599274600314000, 2000.706114990946600 ) ) ;
#1398 = AXIS2_PLACEMENT_3D ( 'NONE', #827, #817, #809 ) ;
#1399 = CARTESIAN_POINT ( 'NONE',  ( -152.9998566005838500, -2.803680475392862600E-012, 941.4370859261409800 ) ) ;
#1400 = CARTESIAN_POINT ( 'NONE',  ( -154.1532904570588000, -18.42845034922921200, 1546.055903009770600 ) ) ;
#1401 = CARTESIAN_POINT ( 'NONE',  ( -247.0155358243735600, 9.244922459798944600, 1546.055903018967200 ) ) ;
#1402 = VERTEX_POINT ( 'NONE', #177 ) ;
#1403 = DIRECTION ( 'NONE',  ( 0.0000000000000000000, 2.498001805406600200E-015, -1.000000000000000000 ) ) ;
#1404 = CARTESIAN_POINT ( 'NONE',  ( -339.1391099874451200, 9.781341289274832800, 1440.000000033717000 ) ) ;
#1405 = CARTESIAN_POINT ( 'NONE',  ( -145.0061957157809900, -22.23290099090350600, 2037.416787676202800 ) ) ;
#1406 = CARTESIAN_POINT ( 'NONE',  ( -252.8919318776760000, 20.77582129241243400, 2027.593082128502400 ) ) ;
#1407 = EDGE_CURVE ( 'NONE', #1402, #1270, #1017, .T. ) ;
#1408 = CARTESIAN_POINT ( 'NONE',  ( -138.0576231210452500, -5.948028897274498100, 841.5743900860865100 ) ) ;
#1409 = VECTOR ( 'NONE', #642, 1000.000000000000000 ) ;
#1410 = CARTESIAN_POINT ( 'NONE',  ( -152.6825333027442500, -9.260767205447180600, 906.8155579833602400 ) ) ;
#1411 = CARTESIAN_POINT ( 'NONE',  ( -155.9999998080279500, -27.50000000000518000, 1938.562914104453300 ) ) ;
#1412 = CARTESIAN_POINT ( 'NONE',  ( -135.7951156835705700, 12.99430356668467600, 2043.535948810644000 ) ) ;
#1413 = CARTESIAN_POINT ( 'NONE',  ( -155.9999999151833700, -27.49999999999271700, 856.5034126351969200 ) ) ;
#1414 = CARTESIAN_POINT ( 'NONE',  ( -154.1529951163953700, -18.42847990376149200, 1218.666102079118400 ) ) ;
#1415 = CARTESIAN_POINT ( 'NONE',  ( -256.0820343398865500, 23.13826773226057700, 2042.366262515960400 ) ) ;
#1416 = CARTESIAN_POINT ( 'NONE',  ( -136.6916209087240200, 1.603343615388651300, 2039.953092593806100 ) ) ;
#1417 = CARTESIAN_POINT ( 'NONE',  ( -143.6651706421777100, -23.35663325376651000, 836.4640512170260500 ) ) ;
#1418 = CARTESIAN_POINT ( 'NONE',  ( -148.6764614006385400, 20.53332361640674400, 851.7115027291562200 ) ) ;
#1419 = CARTESIAN_POINT ( 'NONE',  ( -247.0273499056739900, 9.245542441530490800, 1776.609162118771600 ) ) ;
#1420 = ORIENTED_EDGE ( 'NONE', *, *, #1614, .F. ) ;
#1421 = CARTESIAN_POINT ( 'NONE',  ( -144.9448414192715100, 16.34499702748671300, 2031.345900404492800 ) ) ;
#1422 = EDGE_LOOP ( 'NONE', ( #189, #966, #1574, #1354, #116, #1610 ) ) ;
#1423 = CARTESIAN_POINT ( 'NONE',  ( -155.9999999116185200, -27.50000000000266100, 892.4987546840728800 ) ) ;
#1424 = CARTESIAN_POINT ( 'NONE',  ( -137.7547972781180500, 5.250031802789494300, 841.2213461475379300 ) ) ;
#1425 = CARTESIAN_POINT ( 'NONE',  ( -247.0159807133910000, 9.244945807327866300, 1661.333897960604400 ) ) ;
#1426 = ORIENTED_EDGE ( 'NONE', *, *, #1373, .F. ) ;
#1427 = CARTESIAN_POINT ( 'NONE',  ( -254.1606457323024100, 17.39857584883755200, 2030.568500518205600 ) ) ;
#1428 = ORIENTED_EDGE ( 'NONE', *, *, #1028, .F. ) ;
#1429 = CARTESIAN_POINT ( 'NONE',  ( -155.9999998004945200, 27.49999999999465700, 2014.635519985997900 ) ) ;
#1430 = CARTESIAN_POINT ( 'NONE',  ( -199.9999997940214200, 34.99999999999790400, 2055.000000019802900 ) ) ;
#1431 = UNCERTAINTY_MEASURE_WITH_UNIT (LENGTH_MEASURE( 1.000000000000000100E-005 ), #679, 'distance_accuracy_value', 'NONE');
#1432 = CARTESIAN_POINT ( 'NONE',  ( -243.9999998736106500, 27.49999999999624100, 1276.304980935899500 ) ) ;
#1433 = CARTESIAN_POINT ( 'NONE',  ( -154.1533237623305000, 18.42844701828244400, 1391.583157254739500 ) ) ;
#1434 = CARTESIAN_POINT ( 'NONE',  ( -263.0624632412486200, 2.736989201056141900, 2039.702990690385400 ) ) ;
#1435 = CARTESIAN_POINT ( 'NONE',  ( -264.8877939825399600, -5.597958651989202700E-012, 2043.540595449154600 ) ) ;
#1436 = EDGE_CURVE ( 'NONE', #291, #1595, #1450, .T. ) ;
#1437 = DIRECTION ( 'NONE',  ( 0.0000000000000000000, -2.389772395653985900E-015, 1.000000000000000000 ) ) ;
#1438 = CARTESIAN_POINT ( 'NONE',  ( -152.9845084079995800, -9.244920123142362600, 1423.861052190339000 ) ) ;
#1439 = CARTESIAN_POINT ( 'NONE',  ( -258.5899159562527000, -2.732829995719779100E-012, 852.5827668981984300 ) ) ;
#1440 = CARTESIAN_POINT ( 'NONE',  ( -247.4734614078192900, -5.117906131374140400E-012, 1834.251259187856200 ) ) ;
#1441 = CARTESIAN_POINT ( 'NONE',  ( -256.3358363878138000, 23.35750333484449500, 2043.540609582429600 ) ) ;
#1442 = VERTEX_POINT ( 'NONE', #311 ) ;
#1443 = CARTESIAN_POINT ( 'NONE',  ( -148.5351493991043400, -5.299838912493254900E-012, 2000.643325610020800 ) ) ;
#1444 = VERTEX_POINT ( 'NONE', #692 ) ;
#1445 = ORIENTED_EDGE ( 'NONE', *, *, #789, .T. ) ;
#1446 = CARTESIAN_POINT ( 'NONE',  ( -264.2067572610987400, 12.99498034277986000, 2043.540609583208800 ) ) ;
#1447 = CARTESIAN_POINT ( 'NONE',  ( -152.4999998574000700, -3.957653045166807900E-012, 1440.000000015098700 ) ) ;
#1448 = ORIENTED_EDGE ( 'NONE', *, *, #848, .F. ) ;
#1449 = CARTESIAN_POINT ( 'NONE',  ( -247.4997820113614200, -4.564507304329349400E-012, 1603.695019112767600 ) ) ;
#1450 = CIRCLE ( 'NONE', #219, 197.6978977970068700 ) ;
#1451 = LINE ( 'NONE', #262, #204 ) ;
#1452 = DIRECTION ( 'NONE',  ( 1.737858883903028800E-015, -1.000000000000000000, -2.389772395653982800E-015 ) ) ;
#1453 = CARTESIAN_POINT ( 'NONE',  ( -247.4999970447242400, -4.211862088245606600E-012, 1456.138945657992100 ) ) ;
#1454 =( NAMED_UNIT ( * ) SI_UNIT ( $, .STERADIAN. ) SOLID_ANGLE_UNIT ( ) );
#1455 = CARTESIAN_POINT ( 'NONE',  ( -247.4999970447242400, -4.105126939468828900E-012, 1456.138945657992100 ) ) ;
#1456 = CARTESIAN_POINT ( 'NONE',  ( -258.0733135926767500, 11.00967258658423200, 2027.593082129016000 ) ) ;
#1457 = CARTESIAN_POINT ( 'NONE',  ( -263.7347423794443600, 12.82445134652850300, 2042.366262516718500 ) ) ;
#1458 = DIRECTION ( 'NONE',  ( 1.756137624720820800E-015, -1.000000000000000000, -2.389772395655869700E-015 ) ) ;
#1459 = VERTEX_POINT ( 'NONE', #1082 ) ;
#1460 = CARTESIAN_POINT ( 'NONE',  ( -243.9999999170513000, 27.49999999999734300, 837.6393823153791800 ) ) ;
#1461 = CARTESIAN_POINT ( 'NONE',  ( -247.4999998574000400, -4.173293422817145300E-012, 1440.000000024506800 ) ) ;
#1462 = ORIENTED_EDGE ( 'NONE', *, *, #526, .F. ) ;
#1463 = DIRECTION ( 'NONE',  ( 0.0000000000000000000, -2.389772395655861500E-015, 1.000000000000000000 ) ) ;
#1464 = CARTESIAN_POINT ( 'NONE',  ( -246.5165673359200000, 9.218737543855171500, 1938.574404825390000 ) ) ;
#1465 = DIRECTION ( 'NONE',  ( 0.0000000000000000000, 2.373861672774410400E-015, -1.000000000000000000 ) ) ;
#1466 = CARTESIAN_POINT ( 'NONE',  ( -247.8021672063317200, -2.900359951834109800E-012, 906.8244808968154300 ) ) ;
#1467 = ORIENTED_EDGE ( 'NONE', *, *, #450, .T. ) ;
#1468 = CARTESIAN_POINT ( 'NONE',  ( -155.9999998558019200, 27.49999999999601400, 1456.138945648931000 ) ) ;
#1469 = CIRCLE ( 'NONE', #857, 71.61449320972401700 ) ;
#1470 = SURFACE_SIDE_STYLE ('',( #1676 ) ) ;
#1471 = EDGE_CURVE ( 'NONE', #1006, #765, #640, .T. ) ;
#1472 = CARTESIAN_POINT ( 'NONE',  ( -247.5000416114786200, -4.426739110722667200E-012, 1546.055928762198600 ) ) ;
#1473 = CARTESIAN_POINT ( 'NONE',  ( -243.9999999143056500, -27.50000000000269300, 865.3644800536076200 ) ) ;
#1474 = EDGE_LOOP ( 'NONE', ( #1229, #1619, #895, #1672 ) ) ;
#1475 = AXIS2_PLACEMENT_3D ( 'NONE', #1101, #1632, #842 ) ;
#1476 = CARTESIAN_POINT ( 'NONE',  ( -261.7362080567685300, -12.12273964835242300, 2037.418387974790700 ) ) ;
#1477 = FACE_OUTER_BOUND ( 'NONE', #1171, .T. ) ;
#1478 = EDGE_CURVE ( 'NONE', #1341, #1442, #380, .T. ) ;
#1479 = CARTESIAN_POINT ( 'NONE',  ( -247.4977122854039600, -4.840186345424858100E-012, 1718.973192373061500 ) ) ;
#1480 = CARTESIAN_POINT ( 'NONE',  ( -245.8290826675942400, -18.42668665946811800, 1045.743929926948300 ) ) ;
#1481 = PRODUCT_DEFINITION_CONTEXT ( 'detailed design', #88, 'design' ) ;
#1482 = CARTESIAN_POINT ( 'NONE',  ( -247.5118685288844100, -4.872119059079307600E-012, 1776.612351904063000 ) ) ;
#1483 = ADVANCED_FACE ( 'NONE', ( #1392, #935 ), #331, .F. ) ;
#1484 = DIRECTION ( 'NONE',  ( 0.0000000000000000000, -2.389772395652912700E-015, 1.000000000000000000 ) ) ;
#1485 = CARTESIAN_POINT ( 'NONE',  ( -246.0471635474075400, 18.44850746339176000, 906.8155579926060500 ) ) ;
#1486 = CARTESIAN_POINT ( 'NONE',  ( -247.0154856972417000, -9.244919828427926600, 1391.583157263935600 ) ) ;
#1487 = ORIENTED_EDGE ( 'NONE', *, *, #1198, .T. ) ;
#1488 = CARTESIAN_POINT ( 'NONE',  ( -247.4977122854039600, -4.733022795975376500E-012, 1718.973192373061500 ) ) ;
#1489 = UNCERTAINTY_MEASURE_WITH_UNIT (LENGTH_MEASURE( 1.000000000000000100E-005 ), #1022, 'distance_accuracy_value', 'NONE');
#1490 = CARTESIAN_POINT ( 'NONE',  ( -262.7388617104533100, 3.874782179843132100, 840.6544579099856900 ) ) ;
#1491 = VERTEX_POINT ( 'NONE', #1211 ) ;
#1492 = CARTESIAN_POINT ( 'NONE',  ( -247.5004869915755400, -4.702186753114292500E-012, 1661.334114092277100 ) ) ;
#1493 = CARTESIAN_POINT ( 'NONE',  ( -247.0159807572279600, 9.244945807328923200, 1218.666102088314300 ) ) ;
#1494 = CARTESIAN_POINT ( 'NONE',  ( -258.0733137090542800, -11.00967258659250800, 852.4069179220910000 ) ) ;
#1495 = CARTESIAN_POINT ( 'NONE',  ( -247.5004869915755400, -4.595543476008767000E-012, 1661.334114092277100 ) ) ;
#1496 = ORIENTED_EDGE ( 'NONE', *, *, #784, .F. ) ;
#1497 = VERTEX_POINT ( 'NONE', #711 ) ;
#1498 = CARTESIAN_POINT ( 'NONE',  ( -251.3184021037800400, 20.53871190149990200, 851.7153625189805600 ) ) ;
#1499 = CARTESIAN_POINT ( 'NONE',  ( -254.2338197412419400, 10.13985163013755800, 2014.739504607750400 ) ) ;
#1500 = TOROIDAL_SURFACE ( 'NONE', #1475, -122.4269596989822000, 197.6978977970068700 ) ;
#1501 = CARTESIAN_POINT ( 'NONE',  ( -264.2067573806348300, 12.99498034278277300, 836.4593904691136000 ) ) ;
#1502 = CARTESIAN_POINT ( 'NONE',  ( -247.6246144515291700, -2.998541517584925900E-012, 988.1089238943750400 ) ) ;
#1503 = CARTESIAN_POINT ( 'NONE',  ( -247.5000416114786200, -4.320012320139064300E-012, 1546.055928762198600 ) ) ;
#1504 = CARTESIAN_POINT ( 'NONE',  ( -261.7362080567685900, 12.12273964834127500, 2037.418387974790700 ) ) ;
#1505 = CARTESIAN_POINT ( 'NONE',  ( -249.2905677890566400, -2.862221655920481900E-012, 892.4987546933114100 ) ) ;
#1506 = DIRECTION ( 'NONE',  ( -1.748255250458158800E-015, 1.000000000000000000, 2.389772395655016600E-015 ) ) ;
#1507 = CARTESIAN_POINT ( 'NONE',  ( -247.4997820113614200, -4.457731838296434100E-012, 1603.695019112767600 ) ) ;
#1508 = ORIENTED_EDGE ( 'NONE', *, *, #1319, .F. ) ;
#1509 = CARTESIAN_POINT ( 'NONE',  ( -151.6630895094641900, -23.59362659055958400, 2026.115468104252200 ) ) ;
#1510 = CARTESIAN_POINT ( 'NONE',  ( -199.9999997940214800, -10.34670852842961300, 2202.426959718898600 ) ) ;
#1511 = ORIENTED_EDGE ( 'NONE', *, *, #506, .T. ) ;
#1512 =( LENGTH_UNIT ( ) NAMED_UNIT ( * ) SI_UNIT ( .MILLI., .METRE. ) );
#1513 = CARTESIAN_POINT ( 'NONE',  ( -261.3155640084093000, -7.247189831088755700, 842.2968969684875400 ) ) ;
#1514 = ADVANCED_FACE ( 'NONE', ( #914 ), #1500, .T. ) ;
#1515 = CARTESIAN_POINT ( 'NONE',  ( -145.2610538933951100, -5.330546219628819400E-012, 2014.635519984934700 ) ) ;
#1516 = B_SPLINE_CURVE_WITH_KNOTS ( 'NONE', 3,
 ( #911, #1541, #1044, #271, #1165, #405, #1299, #533, #1440, #653, #1579, #787, #11, #917, #151, #1049, #277, #1172 ),
 .UNSPECIFIED., .F., .F.,
 ( 4, 1, 1, 1, 1, 1, 1, 1, 1, 1, 1, 1, 1, 1, 1, 4 ),
 ( 0.0000000000000000000, 0.07791391752949371200, 0.1558278350589874200, 0.2782639911767633100, 0.3561779087062568200, 0.4340918262357506600, 0.5565279823535266300, 0.6344418998830205800, 0.7123558174125144100, 0.8347919735302904400, 0.8597737960624426400, 0.8794363587787792400, 0.9040766521297888300, 0.9235353656992170100, 0.9476828975434357100, 0.9668221180597346100 ),
 .UNSPECIFIED. ) ;
#1517 = CARTESIAN_POINT ( 'NONE',  ( -138.0428563490322300, -5.914858302815629200, 2038.442762280581300 ) ) ;
#1518 = ORIENTED_EDGE ( 'NONE', *, *, #768, .T. ) ;
#1519 = CARTESIAN_POINT ( 'NONE',  ( -247.4999914193726900, -4.288999419102529900E-012, 1488.416836924962800 ) ) ;
#1520 = ORIENTED_EDGE ( 'NONE', *, *, #1110, .T. ) ;
#1521 = CARTESIAN_POINT ( 'NONE',  ( -254.2338197412418900, -10.13985163014857000, 2014.739504607749000 ) ) ;
#1522 = CIRCLE ( 'NONE', #951, 71.61449320972401700 ) ;
#1523 = CARTESIAN_POINT ( 'NONE',  ( -152.5002176710175900, -4.339328912058857100E-012, 1603.695019103359800 ) ) ;
#1524 = CARTESIAN_POINT ( 'NONE',  ( -155.9999998297736900, 27.49999999999539600, 1718.973192364000400 ) ) ;
#1525 = CARTESIAN_POINT ( 'NONE',  ( -155.9999998574001000, 27.49999999999602100, 1440.000000015445700 ) ) ;
#1526 = CARTESIAN_POINT ( 'NONE',  ( -135.5967129481786100, -5.365366510308782600E-012, 2042.357511216380300 ) ) ;
#1527 = CARTESIAN_POINT ( 'NONE',  ( -245.8466796873395300, 18.42844739134727700, 1423.861052199535200 ) ) ;
#1528 = CARTESIAN_POINT ( 'NONE',  ( -155.9999998574001300, 27.49999999999601700, 1440.000000015445700 ) ) ;
#1529 = CARTESIAN_POINT ( 'NONE',  ( -246.9889860162475400, -9.243529177833655900, 1834.256070121849900 ) ) ;
#1530 = TOROIDAL_SURFACE ( 'NONE', #965, -122.4269596989661600, 197.6978977969906200 ) ;
#1531 = EDGE_CURVE ( 'NONE', #1444, #531, #1641, .T. ) ;
#1532 = CARTESIAN_POINT ( 'NONE',  ( -152.6825331971427000, -9.260767205449727900, 1973.184442046874700 ) ) ;
#1533 = EDGE_LOOP ( 'NONE', ( #1650, #1053, #144, #1103 ) ) ;
#1534 = DIRECTION ( 'NONE',  ( -1.000000000000000000, -1.756137624720820800E-015, -4.196769218530484300E-030 ) ) ;
#1535 = EDGE_LOOP ( 'NONE', ( #245, #535, #1467, #991, #1185, #1040 ) ) ;
#1536 = CARTESIAN_POINT ( 'NONE',  ( -264.2067572610985700, -12.99498034279104500, 2043.540609583208400 ) ) ;
#1537 = ORIENTED_EDGE ( 'NONE', *, *, #1343, .T. ) ;
#1538 = CARTESIAN_POINT ( 'NONE',  ( -154.1529950725584400, -18.42847990376255800, 1661.333897951407800 ) ) ;
#1539 = CARTESIAN_POINT ( 'NONE',  ( -136.2665179673838900, 12.82400868903591400, 2042.363141158090000 ) ) ;
#1540 = ORIENTED_EDGE ( 'NONE', *, *, #702, .F. ) ;
#1541 = CARTESIAN_POINT ( 'NONE',  ( -247.4999970447242400, -4.211862088245606600E-012, 1456.138945657992100 ) ) ;
#1542 = CARTESIAN_POINT ( 'NONE',  ( -247.0273499056739600, -9.245542441540333600, 1776.609162118771600 ) ) ;
#1543 = CARTESIAN_POINT ( 'NONE',  ( -143.6651705226425400, -23.35663325376940200, 2043.535948811422700 ) ) ;
#1544 = CARTESIAN_POINT ( 'NONE',  ( -199.9999999207785800, 35.00000000000083100, 825.0000000198028800 ) ) ;
#1545 =( BOUNDED_SURFACE ( )  B_SPLINE_SURFACE ( 3, 3, ( 
 ( #1237, #1182, #1271, #1300, #409, #1327, #1325, #797, #1297, #1303, #1302, #1311, #1278, #854, #1289, #1322, #618, #614, #599 ),
 ( #592, #674, #676, #728, #681, #661, #658, #654, #652, #644, #637, #631, #627, #1397, #1389, #1406, #1370, #1415, #1441 ),
 ( #1184, #663, #796, #1401, #1382, #1425, #25, #1419, #788, #1375, #1464, #5, #779, #1037, #1499, #1456, #1504, #1457, #1446 ),
 ( #1461, #1453, #1519, #1472, #1449, #1492, #1479, #69, #42, #35, #33, #29, #1259, #23, #19, #16, #13, #10, #1435 ) ),
 .UNSPECIFIED., .F., .F., .T. ) 
 B_SPLINE_SURFACE_WITH_KNOTS ( ( 4, 4 ),
 ( 4, 1, 1, 1, 1, 1, 1, 1, 1, 1, 1, 1, 1, 1, 1, 1, 4 ),
 ( 0.0000000000000000000, 1.000000000000000000 ),
 ( 0.0000000000000000000, 0.07791391752946935600, 0.1558278350589387100, 0.2782639911766763300, 0.3561779087061455200, 0.4340918262356150400, 0.5565279823533526600, 0.6344418998828222900, 0.7123558174122918100, 0.8347919735300295400, 0.8597737960621739700, 0.8794363587785044600, 0.9040766521295063900, 0.9235353656989284700, 0.9476828975431396100, 0.9668221180594325200, 0.9726960593285748400 ),
 .UNSPECIFIED. ) 
 GEOMETRIC_REPRESENTATION_ITEM ( )  RATIONAL_B_SPLINE_SURFACE ( (
 ( 1.000000000000000000, 1.000000000000000000, 0.9999999999999997800, 1.000000000000000200, 1.000000000000000200, 0.9999999999999997800, 0.9999999999999997800, 1.000000000000000200, 1.000000000000000000, 0.9999999999999997800, 1.000000000000000400, 0.9999999999999997800, 1.000000000000000400, 0.9999999999999996700, 1.000000000000000400, 1.000000000000000400, 0.9999999999999993300, 1.000000000000000000, 1.000000000000000000),
 ( 0.9981640343457098800, 0.9981640343457098800, 0.9981640490634731100, 0.9981639702183120500, 0.9981643644441190500, 0.9981632964505688900, 0.9981674991365960800, 0.9981460576898701900, 0.9982042301215915400, 0.9979752898684441900, 0.9989211304528955400, 0.9977063638044368900, 0.9940974792963420700, 0.9858252598412982100, 0.9671871470037739500, 0.9386215551149349500, 0.9066469717716626500, 0.8887818752246403600, 0.8845989291438122200),
 ( 0.9981640343457098800, 0.9981640343457098800, 0.9981640490634731100, 0.9981639702183120500, 0.9981643644441190500, 0.9981632964505688900, 0.9981674991365960800, 0.9981460576898701900, 0.9982042301215915400, 0.9979752898684441900, 0.9989211304528955400, 0.9977063638044368900, 0.9940974792963420700, 0.9858252598412982100, 0.9671871470037739500, 0.9386215551149349500, 0.9066469717716626500, 0.8887818752246403600, 0.8845989291438122200),
 ( 1.000000000000000000, 1.000000000000000000, 0.9999999999999997800, 1.000000000000000200, 1.000000000000000200, 0.9999999999999997800, 0.9999999999999997800, 1.000000000000000200, 1.000000000000000000, 0.9999999999999997800, 1.000000000000000400, 0.9999999999999997800, 1.000000000000000400, 0.9999999999999996700, 1.000000000000000400, 1.000000000000000400, 0.9999999999999993300, 1.000000000000000000, 1.000000000000000000) ) ) 
 REPRESENTATION_ITEM ( '' )  SURFACE ( )  );
#1546 = CARTESIAN_POINT ( 'NONE',  ( -139.0167435350903400, -7.869965605844241100, 842.6761739189510100 ) ) ;
#1547 = CARTESIAN_POINT ( 'NONE',  ( -149.0259860442716900, -9.607518899452351500, 879.2938850484093800 ) ) ;
#1548 = CARTESIAN_POINT ( 'NONE',  ( -155.9999998031815100, -27.50000000000527600, 1987.501245346818900 ) ) ;
#1549 = CARTESIAN_POINT ( 'NONE',  ( -155.9999998183578200, 27.49999999999511500, 1834.251259178797200 ) ) ;
#1550 = CIRCLE ( 'NONE', #1088, 69.99999999999984400 ) ;
#1551 = CARTESIAN_POINT ( 'NONE',  ( -155.9999999151833700, -27.49999999999271700, 856.5034126351969200 ) ) ;
#1552 = EDGE_LOOP ( 'NONE', ( #1099, #86, #51, #223, #183, #952, #686, #393 ) ) ;
#1553 = CARTESIAN_POINT ( 'NONE',  ( -154.1454470192578000, -18.42923515478234700, 1103.390837920949700 ) ) ;
#1554 = CARTESIAN_POINT ( 'NONE',  ( -199.9999999207787200, 34.99999999999764100, 730.0000000196701000 ) ) ;
#1555 = CARTESIAN_POINT ( 'NONE',  ( -137.0423067917071200, 3.140163553049476700, 2039.589636218038100 ) ) ;
#1556 = CARTESIAN_POINT ( 'NONE',  ( -155.9999998589982800, -27.50000000000393600, 1423.861054381960500 ) ) ;
#1557 = CIRCLE ( 'NONE', #724, 197.6978977970068700 ) ;
#1558 = CARTESIAN_POINT ( 'NONE',  ( -145.8401760338456100, 17.39953947905140900, 849.4322092504107800 ) ) ;
#1559 = SURFACE_SIDE_STYLE ('',( #1314 ) ) ;
#1560 = CIRCLE ( 'NONE', #594, 69.99999999999984400 ) ;
#1561 = CARTESIAN_POINT ( 'NONE',  ( -147.7150833449161700, 19.50407873210406300, 2029.031619606528900 ) ) ;
#1562 = EDGE_CURVE ( 'NONE', #368, #987, #774, .T. ) ;
#1563 = CARTESIAN_POINT ( 'NONE',  ( -155.9999999143055900, -27.50000000000258600, 865.3644800448930700 ) ) ;
#1564 = B_SPLINE_CURVE_WITH_KNOTS ( 'NONE', 3,
 ( #1168, #8, #1301, #536, #1443, #655, #1582, #790, #14, #919, #154, #1052, #279, #1176, #412, #1305, #541, #1447 ),
 .UNSPECIFIED., .F., .F.,
 ( 4, 1, 1, 1, 1, 1, 1, 1, 1, 1, 1, 1, 1, 1, 1, 4 ),
 ( 0.005866206988486218800, 0.02500542750478517600, 0.04915295934900394700, 0.06861167291843219000, 0.09325196626944189100, 0.1129145289857786000, 0.1378963515179308900, 0.2603325076357073100, 0.3382464251652014800, 0.4161603426946957100, 0.5385964988124718500, 0.6165104163419661300, 0.6944243338714598500, 0.8168604899892362200, 0.8947744075187301600, 0.9726883250482241100 ),
 .UNSPECIFIED. ) ;
#1565 = CARTESIAN_POINT ( 'NONE',  ( -137.2531955372687400, 3.850070358347149400, 840.6454658120983400 ) ) ;
#1566 = PRESENTATION_LAYER_ASSIGNMENT (  '', '', ( #256 ) ) ;
#1567 =( LENGTH_UNIT ( ) NAMED_UNIT ( * ) SI_UNIT ( .MILLI., .METRE. ) );
#1568 = CARTESIAN_POINT ( 'NONE',  ( -256.7962322781464200, 14.17511555891156200, 2032.944574954568900 ) ) ;
#1569 = CARTESIAN_POINT ( 'NONE',  ( -243.9999998850265700, 27.49999999999653300, 1161.026807675605600 ) ) ;
#1570 = FILL_AREA_STYLE_COLOUR ( '', #1120 ) ;
#1571 = ORIENTED_EDGE ( 'NONE', *, *, #1379, .F. ) ;
#1572 = CARTESIAN_POINT ( 'NONE',  ( -263.4141931283820100, 0.8095736914877523800, 2040.034041104707100 ) ) ;
#1573 = CARTESIAN_POINT ( 'NONE',  ( -247.0155358243735000, -9.244922459807691300, 1546.055903018967200 ) ) ;
#1574 = ORIENTED_EDGE ( 'NONE', *, *, #526, .T. ) ;
#1575 = EDGE_LOOP ( 'NONE', ( #192, #1151, #1293, #252 ) ) ;
#1576 = ADVANCED_FACE ( 'NONE', ( #1477 ), #124, .F. ) ;
#1577 = CARTESIAN_POINT ( 'NONE',  ( -199.9999999207785800, -35.00000000000253000, 800.0000000198026600 ) ) ;
#1578 = VECTOR ( 'NONE', #1164, 1000.000000000000000 ) ;
#1579 = CARTESIAN_POINT ( 'NONE',  ( -247.0001431142163700, -5.410739638783545000E-012, 1938.562914113465000 ) ) ;
#1580 = VERTEX_POINT ( 'NONE', #1107 ) ;
#1581 = CARTESIAN_POINT ( 'NONE',  ( -199.9999999207786100, -35.00000000000222400, 730.0000000196699800 ) ) ;
#1582 = CARTESIAN_POINT ( 'NONE',  ( -152.1978325084683700, -5.244393251022176200E-012, 1973.175519142790300 ) ) ;
#1583 = DIRECTION ( 'NONE',  ( 1.727462517347899100E-015, -1.000000000000000000, -2.389772395652913100E-015 ) ) ;
#1584 = DIRECTION ( 'NONE',  ( -4.153087188293503300E-030, 1.000000000000000000, 2.389772395653985900E-015 ) ) ;
#1585 = DIRECTION ( 'NONE',  ( 1.218254267652299500E-032, 2.389772395652913100E-015, -1.000000000000000000 ) ) ;
#1586 = CARTESIAN_POINT ( 'NONE',  ( -155.9999998873287600, -27.50000000000326500, 1137.778677430520900 ) ) ;
#1587 = DIRECTION ( 'NONE',  ( 4.153087188293503300E-030, -1.000000000000000000, -2.389772395653985900E-015 ) ) ;
#1588 = ORIENTED_EDGE ( 'NONE', *, *, #1649, .T. ) ;
#1589 = DIRECTION ( 'NONE',  ( 0.0000000000000000000, 2.498001805406611300E-015, -1.000000000000000000 ) ) ;
#1590 = ORIENTED_EDGE ( 'NONE', *, *, #559, .F. ) ;
#1591 = CARTESIAN_POINT ( 'NONE',  ( -251.4648503156957100, -2.778819879612481900E-012, 879.3566744295852700 ) ) ;
#1592 = VERTEX_POINT ( 'NONE', #1554 ) ;
#1593 = SURFACE_STYLE_USAGE ( .BOTH. , #1559 ) ;
#1594 = CARTESIAN_POINT ( 'NONE',  ( -199.9999999207786900, 10.34670852842048000, 922.4269597186363400 ) ) ;
#1595 = VERTEX_POINT ( 'NONE', #585 ) ;
#1596 = CIRCLE ( 'NONE', #678, 197.6978977970056000 ) ;
#1597 = CARTESIAN_POINT ( 'NONE',  ( -152.9867905832036600, 9.244800357382740000, 1718.974007210782500 ) ) ;
#1598 = CIRCLE ( 'NONE', #247, 69.99999999999995700 ) ;
#1599 = CARTESIAN_POINT ( 'NONE',  ( -245.8466815499797900, 18.42844757787978700, 1440.000000024342600 ) ) ;
#1600 = VERTEX_POINT ( 'NONE', #509 ) ;
#1601 = CARTESIAN_POINT ( 'NONE',  ( -243.9999998679026000, -27.50000000000382600, 1333.944071286468400 ) ) ;
#1602 =( LENGTH_UNIT ( ) NAMED_UNIT ( * ) SI_UNIT ( .MILLI., .METRE. ) );
#1603 = DIRECTION ( 'NONE',  ( 4.153087188293503300E-030, -1.000000000000000000, -2.389772395653985900E-015 ) ) ;
#1604 = CARTESIAN_POINT ( 'NONE',  ( -243.9999999165538300, -27.50000000000274300, 842.6626987557940500 ) ) ;
#1605 = CARTESIAN_POINT ( 'NONE',  ( -258.0733135926767500, -11.00967258659531100, 2027.593082129016000 ) ) ;
#1606 = AXIS2_PLACEMENT_3D ( 'NONE', #1342, #565, #1484 ) ;
#1607 = ORIENTED_EDGE ( 'NONE', *, *, #304, .T. ) ;
#1608 = DIRECTION ( 'NONE',  ( -1.719580143085255300E-015, 1.000000000000000000, 2.389772395652179800E-015 ) ) ;
#1609 = DIRECTION ( 'NONE',  ( 0.0000000000000000000, 2.498001805406600200E-015, -1.000000000000000000 ) ) ;
#1610 = ORIENTED_EDGE ( 'NONE', *, *, #1051, .T. ) ;
#1611 = CARTESIAN_POINT ( 'NONE',  ( -245.5154400079411500, -18.39530410248576000, 941.4255952233289700 ) ) ;
#1612 = ORIENTED_EDGE ( 'NONE', *, *, #960, .F. ) ;
#1613 = CARTESIAN_POINT ( 'NONE',  ( -263.4140521306163700, 0.8135551096299202800, 839.9657915361791500 ) ) ;
#1614 = EDGE_CURVE ( 'NONE', #1600, #482, #1295, .T. ) ;
#1615 = CIRCLE ( 'NONE', #705, 197.6978977969870900 ) ;
#1616 = CARTESIAN_POINT ( 'NONE',  ( -152.9720058624702400, 18.59246230205879500, 1987.524386029281900 ) ) ;
#1617 = CARTESIAN_POINT ( 'NONE',  ( -248.4499486022836300, 18.90599274600581500, 879.2938850582552300 ) ) ;
#1618 = CARTESIAN_POINT ( 'NONE',  ( -247.0152765431783700, -9.244908851820826000, 1276.304865266005700 ) ) ;
#1619 = ORIENTED_EDGE ( 'NONE', *, *, #1285, .F. ) ;
#1620 = CARTESIAN_POINT ( 'NONE',  ( -250.9740136705284500, -9.607518899455225600, 2000.706114991196500 ) ) ;
#1621 = CARTESIAN_POINT ( 'NONE',  ( -262.2331850250973300, 5.279558384078117500, 841.2352999649454000 ) ) ;
#1622 = DIRECTION ( 'NONE',  ( 0.0000000000000000000, 2.498001805406611300E-015, -1.000000000000000000 ) ) ;
#1623 = CARTESIAN_POINT ( 'NONE',  ( -247.0273499723421900, 9.245542441532098400, 1103.390837930147900 ) ) ;
#1624 = CARTESIAN_POINT ( 'NONE',  ( -263.7347424987477200, -12.82445134653681200, 837.6337375355104800 ) ) ;
#1625 = CARTESIAN_POINT ( 'NONE',  ( -248.8019865519883100, -9.371368783732963300, 1987.524386038772000 ) ) ;
#1626 = CARTESIAN_POINT ( 'NONE',  ( -246.2289662237503500, 25.57734003156110700, 855.2429793068374700 ) ) ;
#1627 = CARTESIAN_POINT ( 'NONE',  ( -243.9999998240656100, -27.50000000000488900, 1776.612351903715300 ) ) ;
#1628 = CARTESIAN_POINT ( 'NONE',  ( -247.4999970479206900, -4.134725274711434500E-012, 1423.861054391021500 ) ) ;
#1629 = CARTESIAN_POINT ( 'NONE',  ( -247.8021672063317200, -2.792206245240521200E-012, 906.8244808968154300 ) ) ;
#1630 = PRODUCT ( 'IRB660_180-315_LINKROD_CAD_rev02', 'IRB660_180-315_LINKROD_CAD_rev02', '', ( #855 ) ) ;
#1631 = CARTESIAN_POINT ( 'NONE',  ( -153.9528362729941500, 18.44850746339196600, 906.8155579834860900 ) ) ;
#1632 = DIRECTION ( 'NONE',  ( -1.719580143085255300E-015, 1.000000000000000000, 2.389772395652179800E-015 ) ) ;
#1633 = CARTESIAN_POINT ( 'NONE',  ( -254.7389458214050500, -2.764307960503511100E-012, 865.3644800546711600 ) ) ;
#1634 = CARTESIAN_POINT ( 'NONE',  ( -263.4140521306161400, -0.8135551096354122200, 839.9657915361799500 ) ) ;
#1635 = CARTESIAN_POINT ( 'NONE',  ( -155.9999998621948400, 27.49999999999617000, 1391.583163114989900 ) ) ;
#1636 = VECTOR ( 'NONE', #1308, 1000.000000000000000 ) ;
#1637 = CARTESIAN_POINT ( 'NONE',  ( -147.7091059301695300, -19.49757774524082200, 2029.036332504770800 ) ) ;
#1638 = CIRCLE ( 'NONE', #759, 75.00000000000017100 ) ;
#1639 =( NAMED_UNIT ( * ) SI_UNIT ( $, .STERADIAN. ) SOLID_ANGLE_UNIT ( ) );
#1640 = CARTESIAN_POINT ( 'NONE',  ( -259.9434332586670800, -9.691608966090818500, 843.8393868430096100 ) ) ;
#1641 = CIRCLE ( 'NONE', #48, 71.61449320972401700 ) ;
#1642 = CARTESIAN_POINT ( 'NONE',  ( -137.3723222479226800, -4.205995724344119500, 2039.218674157103400 ) ) ;
#1643 = DIRECTION ( 'NONE',  ( 1.000000000000000000, 0.0000000000000000000, 0.0000000000000000000 ) ) ;
#1644 = CARTESIAN_POINT ( 'NONE',  ( -247.0159807133909700, -9.244945807337163800, 1661.333897960604400 ) ) ;
#1645 = CARTESIAN_POINT ( 'NONE',  ( -152.5022873741432600, -4.614685485041753900E-012, 1718.973192363653900 ) ) ;
#1646 = CARTESIAN_POINT ( 'NONE',  ( -247.0132090763435100, -9.244800357392101400, 1718.974007220094300 ) ) ;
#1647 = PLANE ( 'NONE',  #912 ) ;
#1648 = CARTESIAN_POINT ( 'NONE',  ( -246.5165673359200000, -9.218737543865792400, 1938.574404825390000 ) ) ;
#1649 = EDGE_CURVE ( 'NONE', #1580, #1402, #429, .T. ) ;
#1650 = ORIENTED_EDGE ( 'NONE', *, *, #222, .F. ) ;
#1651 = CARTESIAN_POINT ( 'NONE',  ( -152.9845055984255300, -9.244920270499635600, 1440.000000015146500 ) ) ;
#1652 = CARTESIAN_POINT ( 'NONE',  ( -247.0154941163745500, -9.244920270499749300, 1440.000000024458400 ) ) ;
#1653 = PRESENTATION_STYLE_ASSIGNMENT (( #680 ) ) ;
#1654 = VERTEX_POINT ( 'NONE', #1025 ) ;
#1655 = CARTESIAN_POINT ( 'NONE',  ( -149.0259859332192900, -9.607518899455039100, 2000.706114981101100 ) ) ;
#1656 =( GEOMETRIC_REPRESENTATION_CONTEXT ( 3 ) GLOBAL_UNCERTAINTY_ASSIGNED_CONTEXT ( ( #481 ) ) GLOBAL_UNIT_ASSIGNED_CONTEXT ( ( #1602, #816, #40 ) ) REPRESENTATION_CONTEXT ( 'NONE', 'WORKASPACE' ) );
#1657 = CARTESIAN_POINT ( 'NONE',  ( -199.9999999207787200, 34.99999999999747800, 800.0000000196701000 ) ) ;
#1658 = CARTESIAN_POINT ( 'NONE',  ( -152.5002177034386900, -3.570330881020381500E-012, 1276.304980926838200 ) ) ;
#1659 = CARTESIAN_POINT ( 'NONE',  ( -136.5571122144957900, -2.494349052603784100E-012, 840.0000000133362600 ) ) ;
#1660 = CARTESIAN_POINT ( 'NONE',  ( -247.0152765107572200, -9.244908851821604000, 1603.695134782912200 ) ) ;
#1661 = CARTESIAN_POINT ( 'NONE',  ( -154.1454469525897700, -18.42923515478395300, 1776.609162109574100 ) ) ;
#1662 =( BOUNDED_SURFACE ( )  B_SPLINE_SURFACE ( 3, 3, ( 
 ( #548, #474, #542, #298, #238, #350, #841, #1627, #850, #741, #707, #722, #717, #751, #417, #357, #469, #670, #581 ),
 ( #566, #735, #903, #27, #943, #786, #916, #918, #920, #862, #758, #745, #890, #886, #1102, #961, #1117, #1352, #195 ),
 ( #1652, #693, #1690, #1573, #1660, #1644, #1646, #1542, #1529, #493, #1648, #1003, #1625, #1620, #1521, #1605, #1476, #616, #1536 ),
 ( #1347, #1455, #1194, #1503, #1507, #1495, #1488, #1482, #1386, #1393, #546, #1378, #1372, #985, #1340, #597, #1125, #1367, #1360 ) ),
 .UNSPECIFIED., .F., .F., .T. ) 
 B_SPLINE_SURFACE_WITH_KNOTS ( ( 4, 4 ),
 ( 4, 1, 1, 1, 1, 1, 1, 1, 1, 1, 1, 1, 1, 1, 1, 1, 4 ),
 ( 0.0000000000000000000, 1.000000000000000000 ),
 ( 0.0000000000000000000, 0.07791391752946935600, 0.1558278350589387100, 0.2782639911766763300, 0.3561779087061455200, 0.4340918262356150400, 0.5565279823533526600, 0.6344418998828222900, 0.7123558174122918100, 0.8347919735300295400, 0.8597737960621739700, 0.8794363587785044600, 0.9040766521295063900, 0.9235353656989284700, 0.9476828975431396100, 0.9668221180594325200, 0.9726960593285748400 ),
 .UNSPECIFIED. ) 
 GEOMETRIC_REPRESENTATION_ITEM ( )  RATIONAL_B_SPLINE_SURFACE ( (
 ( 1.000000000000000000, 1.000000000000000000, 0.9999999999999997800, 1.000000000000000200, 1.000000000000000200, 0.9999999999999997800, 0.9999999999999997800, 1.000000000000000200, 1.000000000000000000, 0.9999999999999997800, 1.000000000000000400, 0.9999999999999997800, 1.000000000000000400, 0.9999999999999996700, 1.000000000000000400, 1.000000000000000400, 0.9999999999999993300, 1.000000000000000000, 1.000000000000000000),
 ( 0.9981640343457098800, 0.9981640343457098800, 0.9981640490634731100, 0.9981639702183120500, 0.9981643644441190500, 0.9981632964505688900, 0.9981674991365960800, 0.9981460576898701900, 0.9982042301215915400, 0.9979752898684441900, 0.9989211304528955400, 0.9977063638044368900, 0.9940974792963420700, 0.9858252598412982100, 0.9671871470037739500, 0.9386215551149349500, 0.9066469717716626500, 0.8887818752246403600, 0.8845989291438122200),
 ( 0.9981640343457098800, 0.9981640343457098800, 0.9981640490634731100, 0.9981639702183120500, 0.9981643644441190500, 0.9981632964505688900, 0.9981674991365960800, 0.9981460576898701900, 0.9982042301215915400, 0.9979752898684441900, 0.9989211304528955400, 0.9977063638044368900, 0.9940974792963420700, 0.9858252598412982100, 0.9671871470037739500, 0.9386215551149349500, 0.9066469717716626500, 0.8887818752246403600, 0.8845989291438122200),
 ( 1.000000000000000000, 1.000000000000000000, 0.9999999999999997800, 1.000000000000000200, 1.000000000000000200, 0.9999999999999997800, 0.9999999999999997800, 1.000000000000000200, 1.000000000000000000, 0.9999999999999997800, 1.000000000000000400, 0.9999999999999997800, 1.000000000000000400, 0.9999999999999996700, 1.000000000000000400, 1.000000000000000400, 0.9999999999999993300, 1.000000000000000000, 1.000000000000000000) ) ) 
 REPRESENTATION_ITEM ( '' )  SURFACE ( )  );
#1663 = DIRECTION ( 'NONE',  ( -4.153087188293503300E-030, 1.000000000000000000, 2.389772395653985900E-015 ) ) ;
#1664 = CARTESIAN_POINT ( 'NONE',  ( -155.9999998558018600, -27.50000000000401500, 1456.138945648931000 ) ) ;
#1665 = CARTESIAN_POINT ( 'NONE',  ( -149.4672598499146500, 19.61749511517360400, 865.2604954322223400 ) ) ;
#1666 = CARTESIAN_POINT ( 'NONE',  ( -152.3753853527715900, -2.876181082067471300E-012, 988.1089238849423300 ) ) ;
#1667 = ORIENTED_EDGE ( 'NONE', *, *, #1162, .F. ) ;
#1668 = CARTESIAN_POINT ( 'NONE',  ( -140.8056407895327000, -10.84393336140071000, 844.6465807785077700 ) ) ;
#1669 = CARTESIAN_POINT ( 'NONE',  ( -141.9266861221232700, -11.00967258659232000, 852.4069179105891900 ) ) ;
#1670 = ORIENTED_EDGE ( 'NONE', *, *, #304, .F. ) ;
#1671 = CARTESIAN_POINT ( 'NONE',  ( -155.9999998004944100, -27.50000000000532900, 2014.635519985997900 ) ) ;
#1672 = ORIENTED_EDGE ( 'NONE', *, *, #1249, .T. ) ;
#1673 = FILL_AREA_STYLE ('',( #112 ) ) ;
#1674 = TOROIDAL_SURFACE ( 'NONE', #1234, -122.4269596989625900, 197.6978977969870900 ) ;
#1675 = CARTESIAN_POINT ( 'NONE',  ( -154.0706612334301200, -18.43671809561902100, 988.1206181644043900 ) ) ;
#1676 = SURFACE_STYLE_FILL_AREA ( #810 ) ;
#1677 = PRESENTATION_LAYER_ASSIGNMENT (  '', '', ( #164 ) ) ;
#1678 = CARTESIAN_POINT ( 'NONE',  ( -137.3811351837364000, 4.231588263399292900, 2039.208595328555700 ) ) ;
#1679 = CARTESIAN_POINT ( 'NONE',  ( -155.9999998679026600, -27.50000000000372000, 1333.944071277754100 ) ) ;
#1680 =( BOUNDED_SURFACE ( )  B_SPLINE_SURFACE ( 3, 3, ( 
 ( #489, #1248, #994, #868, #740, #608, #233, #225, #103, #1666, #1142, #894, #118, #881, #863, #1012, #378, #244, #421 ),
 ( #753, #1438, #433, #22, #115, #1009, #240, #1139, #373, #1265, #503, #1410, #620, #1547, #756, #1669, #883, #120, #1016 ),
 ( #248, #1145, #382, #1269, #508, #1414, #625, #1553, #762, #1675, #888, #123, #1024, #253, #1149, #383, #1277, #513, #1417 ),
 ( #629, #1556, #769, #1679, #896, #129, #1029, #259, #1154, #388, #1280, #519, #1423, #634, #1563, #776, #1685, #901, #134 ) ),
 .UNSPECIFIED., .F., .F., .T. ) 
 B_SPLINE_SURFACE_WITH_KNOTS ( ( 4, 4 ),
 ( 4, 1, 1, 1, 1, 1, 1, 1, 1, 1, 1, 1, 1, 1, 1, 1, 4 ),
 ( 0.0000000000000000000, 1.000000000000000000 ),
 ( 0.0000000000000000000, 0.07791391752946935600, 0.1558278350589387100, 0.2782639911766763300, 0.3561779087061455200, 0.4340918262356150400, 0.5565279823533526600, 0.6344418998828222900, 0.7123558174122918100, 0.8347919735300295400, 0.8597737960621739700, 0.8794363587785044600, 0.9040766521295063900, 0.9235353656989284700, 0.9476828975431396100, 0.9668221180594325200, 0.9726883250482240000 ),
 .UNSPECIFIED. ) 
 GEOMETRIC_REPRESENTATION_ITEM ( )  RATIONAL_B_SPLINE_SURFACE ( (
 ( 1.000000000000000000, 1.000000000000000000, 0.9999999999999997800, 1.000000000000000200, 1.000000000000000200, 0.9999999999999997800, 0.9999999999999997800, 1.000000000000000200, 1.000000000000000000, 0.9999999999999997800, 1.000000000000000400, 0.9999999999999997800, 1.000000000000000400, 0.9999999999999996700, 1.000000000000000400, 1.000000000000000400, 0.9999999999999993300, 1.000000000000000000, 1.000000000000000000),
 ( 0.9981640343457098800, 0.9981640343457098800, 0.9981640490634731100, 0.9981639702183120500, 0.9981643644441190500, 0.9981632964505688900, 0.9981674991365960800, 0.9981460576898701900, 0.9982042301215915400, 0.9979752898684441900, 0.9989211304528955400, 0.9977063638044368900, 0.9940974792963420700, 0.9858252598412982100, 0.9671871470037738400, 0.9386215551149349500, 0.9066520022212640800, 0.8887929231487370400, 0.8846154523955217500),
 ( 0.9981640343457098800, 0.9981640343457098800, 0.9981640490634731100, 0.9981639702183120500, 0.9981643644441190500, 0.9981632964505688900, 0.9981674991365960800, 0.9981460576898701900, 0.9982042301215915400, 0.9979752898684441900, 0.9989211304528955400, 0.9977063638044368900, 0.9940974792963420700, 0.9858252598412982100, 0.9671871470037738400, 0.9386215551149349500, 0.9066520022212640800, 0.8887929231487370400, 0.8846154523955217500),
 ( 1.000000000000000000, 1.000000000000000000, 0.9999999999999997800, 1.000000000000000200, 1.000000000000000200, 0.9999999999999997800, 0.9999999999999997800, 1.000000000000000200, 1.000000000000000000, 0.9999999999999997800, 1.000000000000000400, 0.9999999999999997800, 1.000000000000000400, 0.9999999999999996700, 1.000000000000000400, 1.000000000000000400, 0.9999999999999993300, 1.000000000000000000, 1.000000000000000000) ) ) 
 REPRESENTATION_ITEM ( '' )  SURFACE ( )  );
#1681 = CARTESIAN_POINT ( 'NONE',  ( -143.2042909098631500, 14.17579618607808300, 847.0559256920844300 ) ) ;
#1682 = ADVANCED_FACE ( 'NONE', ( #1256 ), #718, .F. ) ;
#1683 = CARTESIAN_POINT ( 'NONE',  ( -151.6652766795461700, 23.59563404689353300, 2026.114105575880800 ) ) ;
#1684 = CIRCLE ( 'NONE', #583, 69.99999999999995700 ) ;
#1685 = CARTESIAN_POINT ( 'NONE',  ( -155.9999999165535800, -27.50000000000252600, 842.6642594367776800 ) ) ;
#1686 = SURFACE_STYLE_FILL_AREA ( #284 ) ;
#1687 = CARTESIAN_POINT ( 'NONE',  ( -136.9378514753163900, 2.738328507979539000, 840.2973393564533400 ) ) ;
#1688 = CARTESIAN_POINT ( 'NONE',  ( -259.2142593520441100, 10.81431388076374800, 2035.374318947726100 ) ) ;
#1689 = ORIENTED_EDGE ( 'NONE', *, *, #906, .T. ) ;
#1690 = CARTESIAN_POINT ( 'NONE',  ( -247.0154856876523600, -9.244919828428161100, 1488.416842784981800 ) ) ;
ENDSEC;
END-ISO-10303-21;
