ISO-10303-21;
HEADER;
FILE_DESCRIPTION (( 'STEP AP214' ),
    '1' );
FILE_NAME ('IRB660_180-315_BALANCE_a_CAD_rev02.STEP',
    '2016-12-02T12:01:58',
    ( 'ABB' ),
    ( 'ABB' ),
    'SwSTEP 2.0',
    'SolidWorks 2014',
    '' );
FILE_SCHEMA (( 'AUTOMOTIVE_DESIGN' ));
ENDSEC;

DATA;
#1 = FILL_AREA_STYLE ('',( #1038 ) ) ;
#2 =( NAMED_UNIT ( * ) PLANE_ANGLE_UNIT ( ) SI_UNIT ( $, .RADIAN. ) );
#3 = AXIS2_PLACEMENT_3D ( 'NONE', #1034, #1033, #1020 ) ;
#4 = DIRECTION ( 'NONE',  ( 0.0000000000000000000, -4.037174635000590100E-015, 1.000000000000000000 ) ) ;
#5 = PRESENTATION_STYLE_ASSIGNMENT (( #328 ) ) ;
#6 = EDGE_LOOP ( 'NONE', ( #218, #821 ) ) ;
#7 = AXIS2_PLACEMENT_3D ( 'NONE', #1242, #1241, #1240 ) ;
#8 = EDGE_LOOP ( 'NONE', ( #317, #1280, #130, #1424 ) ) ;
#9 = LINE ( 'NONE', #1250, #1645 ) ;
#10 = AXIS2_PLACEMENT_3D ( 'NONE', #1012, #1010, #1009 ) ;
#11 = ORIENTED_EDGE ( 'NONE', *, *, #826, .T. ) ;
#12 = EDGE_LOOP ( 'NONE', ( #440, #461 ) ) ;
#13 = EDGE_LOOP ( 'NONE', ( #278, #797 ) ) ;
#14 = COLOUR_RGB ( '',0.8431372549019607900, 0.8431372549019607900, 0.8431372549019607900 ) ;
#15 = STYLED_ITEM ( 'NONE', ( #548 ), #1526 ) ;
#16 = ORIENTED_EDGE ( 'NONE', *, *, #1035, .F. ) ;
#17 =( GEOMETRIC_REPRESENTATION_CONTEXT ( 3 ) GLOBAL_UNCERTAINTY_ASSIGNED_CONTEXT ( ( #171 ) ) GLOBAL_UNIT_ASSIGNED_CONTEXT ( ( #1027, #1024, #1023 ) ) REPRESENTATION_CONTEXT ( 'NONE', 'WORKASPACE' ) );
#18 = ADVANCED_FACE ( 'NONE', ( #199 ), #860, .T. ) ;
#19 = MECHANICAL_DESIGN_GEOMETRIC_PRESENTATION_REPRESENTATION (  '', ( #28 ), #17 ) ;
#20 = COLOUR_RGB ( '',0.8431372549019607900, 0.8431372549019607900, 0.8431372549019607900 ) ;
#21 = PRESENTATION_STYLE_ASSIGNMENT (( #835 ) ) ;
#22 = CARTESIAN_POINT ( 'NONE',  ( 300.0000002618942300, 243.9999999999927000, 2080.000000010411900 ) ) ;
#23 = AXIS2_PLACEMENT_3D ( 'NONE', #1084, #1057, #1043 ) ;
#24 = CIRCLE ( 'NONE', #309, 110.0000000000000100 ) ;
#25 = ADVANCED_FACE ( 'NONE', ( #1198, #1511 ), #1214, .F. ) ;
#26 = EDGE_LOOP ( 'NONE', ( #683, #984, #1186, #816 ) ) ;
#27 = CYLINDRICAL_SURFACE ( 'NONE', #359, 27.49999999999985800 ) ;
#28 = STYLED_ITEM ( 'NONE', ( #1016 ), #1484 ) ;
#29 = VERTEX_POINT ( 'NONE', #1244 ) ;
#30 = CYLINDRICAL_SURFACE ( 'NONE', #144, 106.2500000000000900 ) ;
#31 = VECTOR ( 'NONE', #1062, 1000.000000000000000 ) ;
#32 = ORIENTED_EDGE ( 'NONE', *, *, #1103, .T. ) ;
#33 =( NAMED_UNIT ( * ) SI_UNIT ( $, .STERADIAN. ) SOLID_ANGLE_UNIT ( ) );
#34 = PRESENTATION_LAYER_ASSIGNMENT (  '', '', ( #28 ) ) ;
#35 =( GEOMETRIC_REPRESENTATION_CONTEXT ( 3 ) GLOBAL_UNCERTAINTY_ASSIGNED_CONTEXT ( ( #552 ) ) GLOBAL_UNIT_ASSIGNED_CONTEXT ( ( #1049, #1048, #1047 ) ) REPRESENTATION_CONTEXT ( 'NONE', 'WORKASPACE' ) );
#36 =( NAMED_UNIT ( * ) PLANE_ANGLE_UNIT ( ) SI_UNIT ( $, .RADIAN. ) );
#37 = AXIS2_PLACEMENT_3D ( 'NONE', #1235, #1233, #1232 ) ;
#38 = UNCERTAINTY_MEASURE_WITH_UNIT (LENGTH_MEASURE( 1.000000000000000100E-005 ), #376, 'distance_accuracy_value', 'NONE');
#39 = CYLINDRICAL_SURFACE ( 'NONE', #23, 52.15000000000004800 ) ;
#40 =( LENGTH_UNIT ( ) NAMED_UNIT ( * ) SI_UNIT ( .MILLI., .METRE. ) );
#41 = COLOUR_RGB ( '',0.8431372549019607900, 0.8431372549019607900, 0.8431372549019607900 ) ;
#42 = MECHANICAL_DESIGN_GEOMETRIC_PRESENTATION_REPRESENTATION (  '', ( #52 ), #35 ) ;
#43 = COLOUR_RGB ( '',0.8431372549019607900, 0.8431372549019607900, 0.8431372549019607900 ) ;
#44 = ORIENTED_EDGE ( 'NONE', *, *, #1358, .F. ) ;
#45 = LINE ( 'NONE', #1259, #53 ) ;
#46 = AXIS2_PLACEMENT_3D ( 'NONE', #22, #172, #4 ) ;
#47 = DIRECTION ( 'NONE',  ( -0.03972146605919341100, -3.369004053651930400E-015, 0.9992107911417432700 ) ) ;
#48 = VERTEX_POINT ( 'NONE', #1069 ) ;
#49 = SURFACE_STYLE_USAGE ( .BOTH. , #64 ) ;
#50 = CIRCLE ( 'NONE', #37, 20.00000000000001800 ) ;
#51 = VERTEX_POINT ( 'NONE', #1059 ) ;
#52 = STYLED_ITEM ( 'NONE', ( #1391 ), #1430 ) ;
#53 = VECTOR ( 'NONE', #1276, 1000.000000000000000 ) ;
#54 = ORIENTED_EDGE ( 'NONE', *, *, #924, .F. ) ;
#55 = ORIENTED_EDGE ( 'NONE', *, *, #1158, .F. ) ;
#56 = PRESENTATION_LAYER_ASSIGNMENT (  '', '', ( #52 ) ) ;
#57 = DIRECTION ( 'NONE',  ( 0.9992107911417431600, 0.0000000000000000000, 0.03972146605919478500 ) ) ;
#58 = ORIENTED_EDGE ( 'NONE', *, *, #946, .T. ) ;
#59 =( GEOMETRIC_REPRESENTATION_CONTEXT ( 3 ) GLOBAL_UNCERTAINTY_ASSIGNED_CONTEXT ( ( #1050 ) ) GLOBAL_UNIT_ASSIGNED_CONTEXT ( ( #40, #36, #33 ) ) REPRESENTATION_CONTEXT ( 'NONE', 'WORKASPACE' ) );
#60 = DIRECTION ( 'NONE',  ( 1.338217801704201600E-016, -1.000000000000000000, -3.366345205809285300E-015 ) ) ;
#61 = CARTESIAN_POINT ( 'NONE',  ( 268.4211312919066500, 282.2499999999925500, 2144.296384314479400 ) ) ;
#62 = SURFACE_STYLE_FILL_AREA ( #332 ) ;
#63 = MECHANICAL_DESIGN_GEOMETRIC_PRESENTATION_REPRESENTATION (  '', ( #76 ), #59 ) ;
#64 = SURFACE_SIDE_STYLE ('',( #912 ) ) ;
#65 = ADVANCED_FACE ( 'NONE', ( #222 ), #949, .T. ) ;
#66 =( GEOMETRIC_REPRESENTATION_CONTEXT ( 3 ) GLOBAL_UNCERTAINTY_ASSIGNED_CONTEXT ( ( #1618 ) ) GLOBAL_UNIT_ASSIGNED_CONTEXT ( ( #1269, #1266, #1263 ) ) REPRESENTATION_CONTEXT ( 'NONE', 'WORKASPACE' ) );
#67 = FACE_BOUND ( 'NONE', #567, .T. ) ;
#68 = PRESENTATION_LAYER_ASSIGNMENT (  '', '', ( #76 ) ) ;
#69 = FILL_AREA_STYLE ('',( #75 ) ) ;
#70 =( NAMED_UNIT ( * ) SI_UNIT ( $, .STERADIAN. ) SOLID_ANGLE_UNIT ( ) );
#71 = EDGE_LOOP ( 'NONE', ( #44, #660, #32, #1102 ) ) ;
#72 = CIRCLE ( 'NONE', #7, 110.0000000000000000 ) ;
#73 = COLOUR_RGB ( '',0.8431372549019607900, 0.8431372549019607900, 0.8431372549019607900 ) ;
#74 = EDGE_LOOP ( 'NONE', ( #610, #520, #367, #1183 ) ) ;
#75 = FILL_AREA_STYLE_COLOUR ( '', #455 ) ;
#76 = STYLED_ITEM ( 'NONE', ( #616 ), #1398 ) ;
#77 =( NAMED_UNIT ( * ) SI_UNIT ( $, .STERADIAN. ) SOLID_ANGLE_UNIT ( ) );
#78 = VERTEX_POINT ( 'NONE', #1220 ) ;
#79 = FACE_OUTER_BOUND ( 'NONE', #459, .T. ) ;
#80 = MECHANICAL_DESIGN_GEOMETRIC_PRESENTATION_REPRESENTATION (  '', ( #141 ), #66 ) ;
#81 = VERTEX_POINT ( 'NONE', #149 ) ;
#82 = EDGE_LOOP ( 'NONE', ( #1523, #1056, #261, #702, #426, #495 ) ) ;
#83 = UNCERTAINTY_MEASURE_WITH_UNIT (LENGTH_MEASURE( 1.000000000000000100E-005 ), #89, 'distance_accuracy_value', 'NONE');
#84 = FACE_OUTER_BOUND ( 'NONE', #74, .T. ) ;
#85 =( GEOMETRIC_REPRESENTATION_CONTEXT ( 3 ) GLOBAL_UNCERTAINTY_ASSIGNED_CONTEXT ( ( #1303 ) ) GLOBAL_UNIT_ASSIGNED_CONTEXT ( ( #111, #101, #87 ) ) REPRESENTATION_CONTEXT ( 'NONE', 'WORKASPACE' ) );
#86 =( LENGTH_UNIT ( ) NAMED_UNIT ( * ) SI_UNIT ( .MILLI., .METRE. ) );
#87 =( NAMED_UNIT ( * ) SI_UNIT ( $, .STERADIAN. ) SOLID_ANGLE_UNIT ( ) );
#88 = SHAPE_DEFINITION_REPRESENTATION ( #301, #1329 ) ;
#89 =( LENGTH_UNIT ( ) NAMED_UNIT ( * ) SI_UNIT ( .MILLI., .METRE. ) );
#90 = MECHANICAL_DESIGN_GEOMETRIC_PRESENTATION_REPRESENTATION (  '', ( #113 ), #85 ) ;
#91 = PRESENTATION_LAYER_ASSIGNMENT (  '', '', ( #113 ) ) ;
#92 = ORIENTED_EDGE ( 'NONE', *, *, #1116, .T. ) ;
#93 = FACE_BOUND ( 'NONE', #245, .T. ) ;
#94 = SURFACE_STYLE_USAGE ( .BOTH. , #1643 ) ;
#95 = AXIS2_PLACEMENT_3D ( 'NONE', #252, #334, #198 ) ;
#96 = ORIENTED_EDGE ( 'NONE', *, *, #845, .T. ) ;
#97 = PRESENTATION_STYLE_ASSIGNMENT (( #1193 ) ) ;
#98 = ORIENTED_EDGE ( 'NONE', *, *, #798, .F. ) ;
#99 = CYLINDRICAL_SURFACE ( 'NONE', #519, 20.00000000000001800 ) ;
#100 = SURFACE_STYLE_FILL_AREA ( #1078 ) ;
#101 =( NAMED_UNIT ( * ) PLANE_ANGLE_UNIT ( ) SI_UNIT ( $, .RADIAN. ) );
#102 = ORIENTED_EDGE ( 'NONE', *, *, #785, .F. ) ;
#103 = ORIENTED_EDGE ( 'NONE', *, *, #955, .F. ) ;
#104 = EDGE_LOOP ( 'NONE', ( #462, #1123, #723, #1243 ) ) ;
#105 = AXIS2_PLACEMENT_3D ( 'NONE', #166, #154, #138 ) ;
#106 = FILL_AREA_STYLE ('',( #192 ) ) ;
#107 = ORIENTED_EDGE ( 'NONE', *, *, #978, .F. ) ;
#108 = SURFACE_SIDE_STYLE ('',( #713 ) ) ;
#109 = PRESENTATION_LAYER_ASSIGNMENT (  '', '', ( #141 ) ) ;
#110 = ORIENTED_EDGE ( 'NONE', *, *, #924, .T. ) ;
#111 =( LENGTH_UNIT ( ) NAMED_UNIT ( * ) SI_UNIT ( .MILLI., .METRE. ) );
#112 = EDGE_LOOP ( 'NONE', ( #247, #538, #739, #103 ) ) ;
#113 = STYLED_ITEM ( 'NONE', ( #416 ), #1378 ) ;
#114 = SURFACE_STYLE_USAGE ( .BOTH. , #117 ) ;
#115 = DIRECTION ( 'NONE',  ( 0.03972146605919233500, 4.061791553506711300E-015, -0.9992107911417432700 ) ) ;
#116 =( GEOMETRIC_REPRESENTATION_CONTEXT ( 3 ) GLOBAL_UNCERTAINTY_ASSIGNED_CONTEXT ( ( #1236 ) ) GLOBAL_UNIT_ASSIGNED_CONTEXT ( ( #211, #207, #204 ) ) REPRESENTATION_CONTEXT ( 'NONE', 'WORKASPACE' ) );
#117 = SURFACE_SIDE_STYLE ('',( #733 ) ) ;
#118 = MECHANICAL_DESIGN_GEOMETRIC_PRESENTATION_REPRESENTATION (  '', ( #132 ), #116 ) ;
#119 = COLOUR_RGB ( '',0.8431372549019607900, 0.8431372549019607900, 0.8431372549019607900 ) ;
#120 = SURFACE_STYLE_USAGE ( .BOTH. , #123 ) ;
#121 = CIRCLE ( 'NONE', #105, 106.2500000000000900 ) ;
#122 = PRESENTATION_LAYER_ASSIGNMENT (  '', '', ( #132 ) ) ;
#123 = SURFACE_SIDE_STYLE ('',( #1647 ) ) ;
#124 = AXIS2_PLACEMENT_3D ( 'NONE', #1065, #338, #293 ) ;
#125 = FACE_OUTER_BOUND ( 'NONE', #1237, .T. ) ;
#126 = CARTESIAN_POINT ( 'NONE',  ( 378.4805524494818200, 269.2499999999951100, 1364.552725273599700 ) ) ;
#127 = EDGE_LOOP ( 'NONE', ( #159, #178, #410, #458 ) ) ;
#128 = VERTEX_POINT ( 'NONE', #920 ) ;
#129 = CIRCLE ( 'NONE', #242, 27.49999999999985800 ) ;
#130 = ORIENTED_EDGE ( 'NONE', *, *, #989, .T. ) ;
#131 = AXIS2_PLACEMENT_3D ( 'NONE', #248, #244, #236 ) ;
#132 = STYLED_ITEM ( 'NONE', ( #1515 ), #1305 ) ;
#133 =( GEOMETRIC_REPRESENTATION_CONTEXT ( 3 ) GLOBAL_UNCERTAINTY_ASSIGNED_CONTEXT ( ( #499 ) ) GLOBAL_UNIT_ASSIGNED_CONTEXT ( ( #322, #308, #300 ) ) REPRESENTATION_CONTEXT ( 'NONE', 'WORKASPACE' ) );
#134 = FILL_AREA_STYLE ('',( #1334 ) ) ;
#135 = MECHANICAL_DESIGN_GEOMETRIC_PRESENTATION_REPRESENTATION (  '', ( #147 ), #133 ) ;
#136 = UNCERTAINTY_MEASURE_WITH_UNIT (LENGTH_MEASURE( 1.000000000000000100E-005 ), #840, 'distance_accuracy_value', 'NONE');
#137 = ORIENTED_EDGE ( 'NONE', *, *, #1506, .T. ) ;
#138 = DIRECTION ( 'NONE',  ( 0.9992107911417431600, 0.0000000000000000000, 0.03972146605919383400 ) ) ;
#139 = PRESENTATION_STYLE_ASSIGNMENT (( #1648 ) ) ;
#140 = SURFACE_SIDE_STYLE ('',( #189 ) ) ;
#141 = STYLED_ITEM ( 'NONE', ( #1298 ), #1005 ) ;
#142 = ORIENTED_EDGE ( 'NONE', *, *, #330, .F. ) ;
#143 = DIRECTION ( 'NONE',  ( 0.9992107911417431600, 0.0000000000000000000, 0.03972146605919340400 ) ) ;
#144 = AXIS2_PLACEMENT_3D ( 'NONE', #385, #413, #361 ) ;
#145 = ORIENTED_EDGE ( 'NONE', *, *, #1015, .T. ) ;
#146 = ORIENTED_EDGE ( 'NONE', *, *, #922, .F. ) ;
#147 = STYLED_ITEM ( 'NONE', ( #5 ), #1268 ) ;
#148 = SURFACE_STYLE_FILL_AREA ( #975 ) ;
#149 = CARTESIAN_POINT ( 'NONE',  ( 326.3753571781277300, 256.2499999999925500, 2146.600229345912800 ) ) ;
#150 = PRESENTATION_LAYER_ASSIGNMENT (  '', '', ( #147 ) ) ;
#151 =( GEOMETRIC_REPRESENTATION_CONTEXT ( 3 ) GLOBAL_UNCERTAINTY_ASSIGNED_CONTEXT ( ( #291 ) ) GLOBAL_UNIT_ASSIGNED_CONTEXT ( ( #373, #370, #1087 ) ) REPRESENTATION_CONTEXT ( 'NONE', 'WORKASPACE' ) );
#152 = UNCERTAINTY_MEASURE_WITH_UNIT (LENGTH_MEASURE( 1.000000000000000100E-005 ), #1543, 'distance_accuracy_value', 'NONE');
#153 = MECHANICAL_DESIGN_GEOMETRIC_PRESENTATION_REPRESENTATION (  '', ( #170 ), #151 ) ;
#154 = DIRECTION ( 'NONE',  ( -0.03972146605919287700, -3.355728890543893200E-015, 0.9992107911417432700 ) ) ;
#155 = ORIENTED_EDGE ( 'NONE', *, *, #489, .F. ) ;
#156 = AXIS2_PLACEMENT_3D ( 'NONE', #1287, #1285, #1281 ) ;
#157 = ORIENTED_EDGE ( 'NONE', *, *, #1055, .T. ) ;
#158 = PRESENTATION_LAYER_ASSIGNMENT (  '', '', ( #170 ) ) ;
#159 = ORIENTED_EDGE ( 'NONE', *, *, #845, .F. ) ;
#160 = ORIENTED_EDGE ( 'NONE', *, *, #1602, .T. ) ;
#161 = CIRCLE ( 'NONE', #249, 50.00000000000002100 ) ;
#162 = FILL_AREA_STYLE ('',( #306 ) ) ;
#163 = ORIENTED_EDGE ( 'NONE', *, *, #942, .F. ) ;
#164 = ORIENTED_EDGE ( 'NONE', *, *, #1103, .F. ) ;
#165 = AXIS2_PLACEMENT_3D ( 'NONE', #443, #434, #427 ) ;
#166 = CARTESIAN_POINT ( 'NONE',  ( 328.6391772905722600, 269.2499999999951100, 1359.569019597214500 ) ) ;
#167 = FACE_OUTER_BOUND ( 'NONE', #195, .T. ) ;
#168 = FILL_AREA_STYLE ('',( #1096 ) ) ;
#169 = AXIS2_PLACEMENT_3D ( 'NONE', #1326, #1335, #1302 ) ;
#170 = STYLED_ITEM ( 'NONE', ( #764 ), #1262 ) ;
#171 = UNCERTAINTY_MEASURE_WITH_UNIT (LENGTH_MEASURE( 1.000000000000000100E-005 ), #1027, 'distance_accuracy_value', 'NONE');
#172 = DIRECTION ( 'NONE',  ( 1.187977722384566500E-016, 1.000000000000000000, 4.069722236023859200E-015 ) ) ;
#173 = CARTESIAN_POINT ( 'NONE',  ( 434.6861594512049000, 269.2499999999951100, 1366.787057739429200 ) ) ;
#174 = ORIENTED_EDGE ( 'NONE', *, *, #790, .T. ) ;
#175 =( GEOMETRIC_REPRESENTATION_CONTEXT ( 3 ) GLOBAL_UNCERTAINTY_ASSIGNED_CONTEXT ( ( #700 ) ) GLOBAL_UNIT_ASSIGNED_CONTEXT ( ( #467, #456, #453 ) ) REPRESENTATION_CONTEXT ( 'NONE', 'WORKASPACE' ) );
#176 = ORIENTED_EDGE ( 'NONE', *, *, #1129, .T. ) ;
#177 = CARTESIAN_POINT ( 'NONE',  ( 300.0000002618942300, 243.9999999999925800, 2107.500000010411400 ) ) ;
#178 = ORIENTED_EDGE ( 'NONE', *, *, #1013, .T. ) ;
#179 = ORIENTED_EDGE ( 'NONE', *, *, #1116, .F. ) ;
#180 = MECHANICAL_DESIGN_GEOMETRIC_PRESENTATION_REPRESENTATION (  '', ( #187 ), #175 ) ;
#181 = VERTEX_POINT ( 'NONE', #838 ) ;
#182 = FILL_AREA_STYLE_COLOUR ( '', #773 ) ;
#183 = VERTEX_POINT ( 'NONE', #985 ) ;
#184 = AXIS2_PLACEMENT_3D ( 'NONE', #649, #593, #546 ) ;
#185 = DIRECTION ( 'NONE',  ( -0.03972146605919287700, -3.355728890543893200E-015, 0.9992107911417432700 ) ) ;
#186 =( GEOMETRIC_REPRESENTATION_CONTEXT ( 3 ) GLOBAL_UNCERTAINTY_ASSIGNED_CONTEXT ( ( #1284 ) ) GLOBAL_UNIT_ASSIGNED_CONTEXT ( ( #1307, #1306, #1304 ) ) REPRESENTATION_CONTEXT ( 'NONE', 'WORKASPACE' ) );
#187 = STYLED_ITEM ( 'NONE', ( #1104 ), #1184 ) ;
#188 = PRESENTATION_LAYER_ASSIGNMENT (  '', '', ( #187 ) ) ;
#189 = SURFACE_STYLE_FILL_AREA ( #460 ) ;
#190 =( GEOMETRIC_REPRESENTATION_CONTEXT ( 3 ) GLOBAL_UNCERTAINTY_ASSIGNED_CONTEXT ( ( #613 ) ) GLOBAL_UNIT_ASSIGNED_CONTEXT ( ( #574, #573, #570 ) ) REPRESENTATION_CONTEXT ( 'NONE', 'WORKASPACE' ) );
#191 = ADVANCED_FACE ( 'NONE', ( #1271 ), #1086, .T. ) ;
#192 = FILL_AREA_STYLE_COLOUR ( '', #675 ) ;
#193 = MECHANICAL_DESIGN_GEOMETRIC_PRESENTATION_REPRESENTATION (  '', ( #203 ), #190 ) ;
#194 = ORIENTED_EDGE ( 'NONE', *, *, #1035, .T. ) ;
#195 = EDGE_LOOP ( 'NONE', ( #1258, #476, #282, #762 ) ) ;
#196 = PRESENTATION_LAYER_ASSIGNMENT (  '', '', ( #203 ) ) ;
#197 = VECTOR ( 'NONE', #1085, 1000.000000000000100 ) ;
#198 = DIRECTION ( 'NONE',  ( 0.0000000000000000000, 4.325544251786326300E-015, -1.000000000000000000 ) ) ;
#199 = FACE_OUTER_BOUND ( 'NONE', #1120, .T. ) ;
#200 = VERTEX_POINT ( 'NONE', #263 ) ;
#201 = UNCERTAINTY_MEASURE_WITH_UNIT (LENGTH_MEASURE( 1.000000000000000100E-005 ), #818, 'distance_accuracy_value', 'NONE');
#202 = FILL_AREA_STYLE ('',( #447 ) ) ;
#203 = STYLED_ITEM ( 'NONE', ( #1412 ), #1178 ) ;
#204 =( NAMED_UNIT ( * ) SI_UNIT ( $, .STERADIAN. ) SOLID_ANGLE_UNIT ( ) );
#205 = COLOUR_RGB ( '',0.8823529411764705600, 0.8823529411764705600, 0.8823529411764705600 ) ;
#206 = AXIS2_PLACEMENT_3D ( 'NONE', #842, #843, #794 ) ;
#207 =( NAMED_UNIT ( * ) PLANE_ANGLE_UNIT ( ) SI_UNIT ( $, .RADIAN. ) );
#208 = CARTESIAN_POINT ( 'NONE',  ( 300.0000002618942300, 243.9999999999926700, 2100.000000010411900 ) ) ;
#209 = AXIS2_PLACEMENT_3D ( 'NONE', #743, #725, #719 ) ;
#210 = COLOUR_RGB ( '',0.8431372549019607900, 0.8431372549019607900, 0.8431372549019607900 ) ;
#211 =( LENGTH_UNIT ( ) NAMED_UNIT ( * ) SI_UNIT ( .MILLI., .METRE. ) );
#212 = ORIENTED_EDGE ( 'NONE', *, *, #1124, .F. ) ;
#213 = AXIS2_PLACEMENT_3D ( 'NONE', #694, #689, #657 ) ;
#214 = PLANE ( 'NONE',  #690 ) ;
#215 = SURFACE_STYLE_USAGE ( .BOTH. , #219 ) ;
#216 = MECHANICAL_DESIGN_GEOMETRIC_PRESENTATION_REPRESENTATION (  '', ( #255 ), #186 ) ;
#217 = ORIENTED_EDGE ( 'NONE', *, *, #1164, .T. ) ;
#218 = ORIENTED_EDGE ( 'NONE', *, *, #895, .T. ) ;
#219 = SURFACE_SIDE_STYLE ('',( #230 ) ) ;
#220 =( GEOMETRIC_REPRESENTATION_CONTEXT ( 3 ) GLOBAL_UNCERTAINTY_ASSIGNED_CONTEXT ( ( #201 ) ) GLOBAL_UNIT_ASSIGNED_CONTEXT ( ( #818, #817, #807 ) ) REPRESENTATION_CONTEXT ( 'NONE', 'WORKASPACE' ) );
#221 = CARTESIAN_POINT ( 'NONE',  ( 399.1006151821931700, 282.2499999999927800, 2079.435976590133600 ) ) ;
#222 = FACE_OUTER_BOUND ( 'NONE', #485, .T. ) ;
#223 = PLANE ( 'NONE',  #748 ) ;
#224 = MECHANICAL_DESIGN_GEOMETRIC_PRESENTATION_REPRESENTATION (  '', ( #229 ), #220 ) ;
#225 =( NAMED_UNIT ( * ) SI_UNIT ( $, .STERADIAN. ) SOLID_ANGLE_UNIT ( ) );
#226 = FILL_AREA_STYLE ('',( #267 ) ) ;
#227 = PRESENTATION_LAYER_ASSIGNMENT (  '', '', ( #229 ) ) ;
#228 = CARTESIAN_POINT ( 'NONE',  ( 328.1426589648323200, 269.2499999999950500, 1372.059154486486200 ) ) ;
#229 = STYLED_ITEM ( 'NONE', ( #751 ), #1141 ) ;
#230 = SURFACE_STYLE_FILL_AREA ( #226 ) ;
#231 = AXIS2_PLACEMENT_3D ( 'NONE', #837, #834, #833 ) ;
#232 = LINE ( 'NONE', #221, #537 ) ;
#233 = FACE_OUTER_BOUND ( 'NONE', #620, .T. ) ;
#234 =( NAMED_UNIT ( * ) SI_UNIT ( $, .STERADIAN. ) SOLID_ANGLE_UNIT ( ) );
#235 = AXIS2_PLACEMENT_3D ( 'NONE', #878, #875, #867 ) ;
#236 = DIRECTION ( 'NONE',  ( 0.0000000000000000000, 2.775557561562889000E-015, -1.000000000000000000 ) ) ;
#237 = PRESENTATION_STYLE_ASSIGNMENT (( #936 ) ) ;
#238 = COLOUR_RGB ( '',0.8431372549019607900, 0.8431372549019607900, 0.8431372549019607900 ) ;
#239 = ORIENTED_EDGE ( 'NONE', *, *, #769, .F. ) ;
#240 = ORIENTED_EDGE ( 'NONE', *, *, #946, .F. ) ;
#241 = ORIENTED_EDGE ( 'NONE', *, *, #981, .F. ) ;
#242 = AXIS2_PLACEMENT_3D ( 'NONE', #915, #904, #903 ) ;
#243 = CIRCLE ( 'NONE', #251, 20.00000000000001800 ) ;
#244 = DIRECTION ( 'NONE',  ( 4.740497608255119100E-031, -1.000000000000000000, -3.371665001538219900E-015 ) ) ;
#245 = EDGE_LOOP ( 'NONE', ( #353, #585 ) ) ;
#246 = PRESENTATION_LAYER_ASSIGNMENT (  '', '', ( #255 ) ) ;
#247 = ORIENTED_EDGE ( 'NONE', *, *, #999, .T. ) ;
#248 = CARTESIAN_POINT ( 'NONE',  ( 300.0000002618942300, 294.9999999999927200, 2080.000000010411900 ) ) ;
#249 = AXIS2_PLACEMENT_3D ( 'NONE', #990, #967, #962 ) ;
#250 =( LENGTH_UNIT ( ) NAMED_UNIT ( * ) SI_UNIT ( .MILLI., .METRE. ) );
#251 = AXIS2_PLACEMENT_3D ( 'NONE', #1058, #1045, #1026 ) ;
#252 = CARTESIAN_POINT ( 'NONE',  ( 300.0000002618942300, 416.6444443027208400, 2080.000000010412400 ) ) ;
#253 = CARTESIAN_POINT ( 'NONE',  ( 328.1426589648323200, 269.2499999999950500, 1372.059154486486200 ) ) ;
#254 =( LENGTH_UNIT ( ) NAMED_UNIT ( * ) SI_UNIT ( .MILLI., .METRE. ) );
#255 = STYLED_ITEM ( 'NONE', ( #1369 ), #994 ) ;
#256 = AXIS2_PLACEMENT_3D ( 'NONE', #1071, #1068, #1067 ) ;
#257 = UNCERTAINTY_MEASURE_WITH_UNIT (LENGTH_MEASURE( 1.000000000000000100E-005 ), #873, 'distance_accuracy_value', 'NONE');
#258 = FILL_AREA_STYLE_COLOUR ( '', #312 ) ;
#259 = ADVANCED_FACE ( 'NONE', ( #877 ), #667, .T. ) ;
#260 = ORIENTED_EDGE ( 'NONE', *, *, #1094, .T. ) ;
#261 = ORIENTED_EDGE ( 'NONE', *, *, #1072, .F. ) ;
#262 = AXIS2_PLACEMENT_3D ( 'NONE', #1082, #1081, #1076 ) ;
#263 = CARTESIAN_POINT ( 'NONE',  ( 268.4211312919067000, 256.2499999999926700, 2144.296384314479400 ) ) ;
#264 = AXIS2_PLACEMENT_3D ( 'NONE', #1098, #1095, #1093 ) ;
#265 = AXIS2_PLACEMENT_3D ( 'NONE', #1138, #1135, #1133 ) ;
#266 = SURFACE_STYLE_FILL_AREA ( #1004 ) ;
#267 = FILL_AREA_STYLE_COLOUR ( '', #1563 ) ;
#268 = AXIS2_PLACEMENT_3D ( 'NONE', #1145, #1143, #1142 ) ;
#269 = DIRECTION ( 'NONE',  ( -0.03972146605919287700, -3.355728890543893200E-015, 0.9992107911417432700 ) ) ;
#270 = AXIS2_PLACEMENT_3D ( 'NONE', #1322, #1319, #1318 ) ;
#271 = CARTESIAN_POINT ( 'NONE',  ( 268.4211312919066500, 282.2499999999925500, 2144.296384314479400 ) ) ;
#272 = AXIS2_PLACEMENT_3D ( 'NONE', #1153, #1151, #1150 ) ;
#273 = VERTEX_POINT ( 'NONE', #754 ) ;
#274 = ORIENTED_EDGE ( 'NONE', *, *, #895, .F. ) ;
#275 = AXIS2_PLACEMENT_3D ( 'NONE', #1169, #1168, #1165 ) ;
#276 = ORIENTED_EDGE ( 'NONE', *, *, #1293, .F. ) ;
#277 = FILL_AREA_STYLE ('',( #182 ) ) ;
#278 = ORIENTED_EDGE ( 'NONE', *, *, #1132, .F. ) ;
#279 = SURFACE_SIDE_STYLE ('',( #647 ) ) ;
#280 = LINE ( 'NONE', #992, #31 ) ;
#281 = ORIENTED_EDGE ( 'NONE', *, *, #1011, .T. ) ;
#282 = ORIENTED_EDGE ( 'NONE', *, *, #1146, .F. ) ;
#283 = AXIS2_PLACEMENT_3D ( 'NONE', #1173, #1172, #1171 ) ;
#284 = VERTEX_POINT ( 'NONE', #750 ) ;
#285 = AXIS2_PLACEMENT_3D ( 'NONE', #1190, #1188, #1187 ) ;
#286 = AXIS2_PLACEMENT_3D ( 'NONE', #1180, #1179, #1177 ) ;
#287 = VECTOR ( 'NONE', #752, 1000.000000000000000 ) ;
#288 = ADVANCED_FACE ( 'NONE', ( #1161 ), #381, .F. ) ;
#289 = ORIENTED_EDGE ( 'NONE', *, *, #989, .F. ) ;
#290 =( GEOMETRIC_REPRESENTATION_CONTEXT ( 3 ) GLOBAL_UNCERTAINTY_ASSIGNED_CONTEXT ( ( #1591 ) ) GLOBAL_UNIT_ASSIGNED_CONTEXT ( ( #1197, #1196, #1192 ) ) REPRESENTATION_CONTEXT ( 'NONE', 'WORKASPACE' ) );
#291 = UNCERTAINTY_MEASURE_WITH_UNIT (LENGTH_MEASURE( 1.000000000000000100E-005 ), #373, 'distance_accuracy_value', 'NONE');
#292 = VERTEX_POINT ( 'NONE', #697 ) ;
#293 = DIRECTION ( 'NONE',  ( 0.0000000000000000000, 4.325544251786326300E-015, -1.000000000000000000 ) ) ;
#294 = MECHANICAL_DESIGN_GEOMETRIC_PRESENTATION_REPRESENTATION (  '', ( #307 ), #290 ) ;
#295 = ORIENTED_EDGE ( 'NONE', *, *, #1022, .F. ) ;
#296 = LINE ( 'NONE', #1109, #197 ) ;
#297 = ORIENTED_EDGE ( 'NONE', *, *, #922, .T. ) ;
#298 = ORIENTED_EDGE ( 'NONE', *, *, #995, .T. ) ;
#299 = ORIENTED_EDGE ( 'NONE', *, *, #978, .T. ) ;
#300 =( NAMED_UNIT ( * ) SI_UNIT ( $, .STERADIAN. ) SOLID_ANGLE_UNIT ( ) );
#301 = PRODUCT_DEFINITION_SHAPE ( 'NONE', 'NONE',  #677 ) ;
#302 = PRESENTATION_LAYER_ASSIGNMENT (  '', '', ( #307 ) ) ;
#303 = EDGE_LOOP ( 'NONE', ( #781, #239 ) ) ;
#304 = SURFACE_STYLE_FILL_AREA ( #1338 ) ;
#305 = AXIS2_PLACEMENT_3D ( 'NONE', #1331, #1330, #1328 ) ;
#306 = FILL_AREA_STYLE_COLOUR ( '', #1553 ) ;
#307 = STYLED_ITEM ( 'NONE', ( #1283 ), #1036 ) ;
#308 =( NAMED_UNIT ( * ) PLANE_ANGLE_UNIT ( ) SI_UNIT ( $, .RADIAN. ) );
#309 = AXIS2_PLACEMENT_3D ( 'NONE', #1228, #1227, #1226 ) ;
#310 = AXIS2_PLACEMENT_3D ( 'NONE', #1408, #1415, #1381 ) ;
#311 = CARTESIAN_POINT ( 'NONE',  ( 379.8571171681858800, 269.2499999999951100, 1355.099944223811900 ) ) ;
#312 = COLOUR_RGB ( '',0.8431372549019607900, 0.8431372549019607900, 0.8431372549019607900 ) ;
#313 = CARTESIAN_POINT ( 'NONE',  ( 300.0000002618942300, 282.2499999999927200, 2100.000000010411900 ) ) ;
#314 = AXIS2_PLACEMENT_3D ( 'NONE', #1354, #1351, #1350 ) ;
#315 = FACE_BOUND ( 'NONE', #603, .T. ) ;
#316 = DIRECTION ( 'NONE',  ( 4.740497608255118200E-031, -1.000000000000000000, -3.371665001538219900E-015 ) ) ;
#317 = ORIENTED_EDGE ( 'NONE', *, *, #1039, .T. ) ;
#318 = AXIS2_PLACEMENT_3D ( 'NONE', #1342, #1341, #1339 ) ;
#319 = ORIENTED_EDGE ( 'NONE', *, *, #800, .T. ) ;
#320 = FILL_AREA_STYLE_COLOUR ( '', #210 ) ;
#321 = VERTEX_POINT ( 'NONE', #685 ) ;
#322 =( LENGTH_UNIT ( ) NAMED_UNIT ( * ) SI_UNIT ( .MILLI., .METRE. ) );
#323 =( GEOMETRIC_REPRESENTATION_CONTEXT ( 3 ) GLOBAL_UNCERTAINTY_ASSIGNED_CONTEXT ( ( #1556 ) ) GLOBAL_UNIT_ASSIGNED_CONTEXT ( ( #1393, #1387, #1384 ) ) REPRESENTATION_CONTEXT ( 'NONE', 'WORKASPACE' ) );
#324 = VECTOR ( 'NONE', #1088, 1000.000000000000000 ) ;
#325 = EDGE_LOOP ( 'NONE', ( #1548, #371 ) ) ;
#326 = ORIENTED_EDGE ( 'NONE', *, *, #1134, .F. ) ;
#327 = COLOUR_RGB ( '',0.8431372549019607900, 0.8431372549019607900, 0.8431372549019607900 ) ;
#328 = SURFACE_STYLE_USAGE ( .BOTH. , #331 ) ;
#329 = CARTESIAN_POINT ( 'NONE',  ( 300.0000002618942300, 256.2499999999928900, 2041.500000010411700 ) ) ;
#330 = EDGE_CURVE ( 'NONE', #401, #943, #958, .T. ) ;
#331 = SURFACE_SIDE_STYLE ('',( #62 ) ) ;
#332 = FILL_AREA_STYLE ('',( #543 ) ) ;
#333 = MECHANICAL_DESIGN_GEOMETRIC_PRESENTATION_REPRESENTATION (  '', ( #345 ), #323 ) ;
#334 = DIRECTION ( 'NONE',  ( -1.187977722384566500E-016, -1.000000000000000000, -4.069722236023859200E-015 ) ) ;
#335 = CIRCLE ( 'NONE', #1265, 110.0000000000000000 ) ;
#336 = FILL_AREA_STYLE ('',( #258 ) ) ;
#337 = DIRECTION ( 'NONE',  ( -1.187977722384566500E-016, -1.000000000000000000, -4.069722236023859200E-015 ) ) ;
#338 = DIRECTION ( 'NONE',  ( -1.187977722384566500E-016, -1.000000000000000000, -4.069722236023859200E-015 ) ) ;
#339 = SURFACE_STYLE_FILL_AREA ( #765 ) ;
#340 = FACE_OUTER_BOUND ( 'NONE', #704, .T. ) ;
#341 = PRESENTATION_LAYER_ASSIGNMENT (  '', '', ( #345 ) ) ;
#342 = DIRECTION ( 'NONE',  ( -0.9992107911417432700, 0.0000000000000000000, -0.03972146605919280700 ) ) ;
#343 = ORIENTED_EDGE ( 'NONE', *, *, #1090, .T. ) ;
#344 = VERTEX_POINT ( 'NONE', #571 ) ;
#345 = STYLED_ITEM ( 'NONE', ( #1513 ), #952 ) ;
#346 = DIRECTION ( 'NONE',  ( 0.0000000000000000000, 4.069722236023859200E-015, -1.000000000000000000 ) ) ;
#347 = CARTESIAN_POINT ( 'NONE',  ( 300.0000002618942300, 248.9999999999927000, 2080.000000010411900 ) ) ;
#348 = ORIENTED_EDGE ( 'NONE', *, *, #927, .T. ) ;
#349 = AXIS2_PLACEMENT_3D ( 'NONE', #1405, #1404, #1399 ) ;
#350 = CIRCLE ( 'NONE', #262, 110.0000000000000100 ) ;
#351 = VERTEX_POINT ( 'NONE', #676 ) ;
#352 = DIRECTION ( 'NONE',  ( 0.03972146605919280700, 3.406312263682078000E-015, -0.9992107911417432700 ) ) ;
#353 = ORIENTED_EDGE ( 'NONE', *, *, #792, .T. ) ;
#354 = CARTESIAN_POINT ( 'NONE',  ( 355.7268453534209700, 312.5601105351101400, 1356.142277069237700 ) ) ;
#355 = AXIS2_PLACEMENT_3D ( 'NONE', #1413, #1410, #1409 ) ;
#356 = UNCERTAINTY_MEASURE_WITH_UNIT (LENGTH_MEASURE( 1.000000000000000100E-005 ), #1505, 'distance_accuracy_value', 'NONE');
#357 = FACE_OUTER_BOUND ( 'NONE', #1224, .T. ) ;
#358 = AXIS2_PLACEMENT_3D ( 'NONE', #1437, #1435, #1434 ) ;
#359 = AXIS2_PLACEMENT_3D ( 'NONE', #1289, #1279, #1261 ) ;
#360 = SURFACE_STYLE_FILL_AREA ( #383 ) ;
#361 = DIRECTION ( 'NONE',  ( 0.9992107911417431600, 0.0000000000000000000, 0.03972146605919383400 ) ) ;
#362 = VERTEX_POINT ( 'NONE', #630 ) ;
#363 =( NAMED_UNIT ( * ) PLANE_ANGLE_UNIT ( ) SI_UNIT ( $, .RADIAN. ) );
#364 = AXIS2_PLACEMENT_3D ( 'NONE', #1452, #1450, #1448 ) ;
#365 = VERTEX_POINT ( 'NONE', #708 ) ;
#366 = VECTOR ( 'NONE', #1115, 1000.000000000000000 ) ;
#367 = ORIENTED_EDGE ( 'NONE', *, *, #1536, .T. ) ;
#368 = AXIS2_PLACEMENT_3D ( 'NONE', #1464, #1463, #1462 ) ;
#369 = PRODUCT ( 'IRB660_180-315_BALANCE_a_CAD_rev02', 'IRB660_180-315_BALANCE_a_CAD_rev02', '', ( #894 ) ) ;
#370 =( NAMED_UNIT ( * ) PLANE_ANGLE_UNIT ( ) SI_UNIT ( $, .RADIAN. ) );
#371 = ORIENTED_EDGE ( 'NONE', *, *, #981, .T. ) ;
#372 = AXIS2_PLACEMENT_3D ( 'NONE', #1471, #1470, #1468 ) ;
#373 =( LENGTH_UNIT ( ) NAMED_UNIT ( * ) SI_UNIT ( .MILLI., .METRE. ) );
#374 = AXIS2_PLACEMENT_3D ( 'NONE', #1494, #1492, #1488 ) ;
#375 = SURFACE_STYLE_USAGE ( .BOTH. , #382 ) ;
#376 =( LENGTH_UNIT ( ) NAMED_UNIT ( * ) SI_UNIT ( .MILLI., .METRE. ) );
#377 = AXIS2_PLACEMENT_3D ( 'NONE', #1531, #1530, #1528 ) ;
#378 = AXIS2_PLACEMENT_3D ( 'NONE', #1514, #1512, #1510 ) ;
#379 =( NAMED_UNIT ( * ) PLANE_ANGLE_UNIT ( ) SI_UNIT ( $, .RADIAN. ) );
#380 = ADVANCED_FACE ( 'NONE', ( #599 ), #1312, .T. ) ;
#381 = CYLINDRICAL_SURFACE ( 'NONE', #590, 51.00000000000000700 ) ;
#382 = SURFACE_SIDE_STYLE ('',( #513 ) ) ;
#383 = FILL_AREA_STYLE ('',( #761 ) ) ;
#384 = ORIENTED_EDGE ( 'NONE', *, *, #933, .T. ) ;
#385 = CARTESIAN_POINT ( 'NONE',  ( 328.1426589648323200, 269.2499999999950500, 1372.059154486486200 ) ) ;
#386 = ORIENTED_EDGE ( 'NONE', *, *, #785, .T. ) ;
#387 = SURFACE_STYLE_FILL_AREA ( #1314 ) ;
#388 = FILL_AREA_STYLE_COLOUR ( '', #327 ) ;
#389 = ORIENTED_EDGE ( 'NONE', *, *, #1132, .T. ) ;
#390 = LINE ( 'NONE', #1125, #366 ) ;
#391 = EDGE_LOOP ( 'NONE', ( #722, #626, #718, #539 ) ) ;
#392 =( GEOMETRIC_REPRESENTATION_CONTEXT ( 3 ) GLOBAL_UNCERTAINTY_ASSIGNED_CONTEXT ( ( #1373 ) ) GLOBAL_UNIT_ASSIGNED_CONTEXT ( ( #1542, #1539, #1538 ) ) REPRESENTATION_CONTEXT ( 'NONE', 'WORKASPACE' ) );
#393 = MECHANICAL_DESIGN_GEOMETRIC_PRESENTATION_REPRESENTATION (  '', ( #399 ), #392 ) ;
#394 = COLOUR_RGB ( '',0.8431372549019607900, 0.8431372549019607900, 0.8431372549019607900 ) ;
#395 = SURFACE_SIDE_STYLE ('',( #100 ) ) ;
#396 = PRESENTATION_LAYER_ASSIGNMENT (  '', '', ( #399 ) ) ;
#397 = PLANE ( 'NONE',  #643 ) ;
#398 = SURFACE_STYLE_FILL_AREA ( #1 ) ;
#399 = STYLED_ITEM ( 'NONE', ( #1363 ), #815 ) ;
#400 = AXIS2_PLACEMENT_3D ( 'NONE', #1578, #1576, #1574 ) ;
#401 = VERTEX_POINT ( 'NONE', #582 ) ;
#402 = AXIS2_PLACEMENT_3D ( 'NONE', #1561, #1555, #1554 ) ;
#403 = ORIENTED_EDGE ( 'NONE', *, *, #976, .T. ) ;
#404 = UNCERTAINTY_MEASURE_WITH_UNIT (LENGTH_MEASURE( 1.000000000000000100E-005 ), #998, 'distance_accuracy_value', 'NONE');
#405 = EDGE_LOOP ( 'NONE', ( #671, #16, #319, #102 ) ) ;
#406 = ORIENTED_EDGE ( 'NONE', *, *, #1032, .T. ) ;
#407 = VECTOR ( 'NONE', #1117, 1000.000000000000000 ) ;
#408 =( GEOMETRIC_REPRESENTATION_CONTEXT ( 3 ) GLOBAL_UNCERTAINTY_ASSIGNED_CONTEXT ( ( #650 ) ) GLOBAL_UNIT_ASSIGNED_CONTEXT ( ( #1587, #1585, #1581 ) ) REPRESENTATION_CONTEXT ( 'NONE', 'WORKASPACE' ) );
#409 = PLANE ( 'NONE',  #727 ) ;
#410 = ORIENTED_EDGE ( 'NONE', *, *, #1134, .T. ) ;
#411 = MECHANICAL_DESIGN_GEOMETRIC_PRESENTATION_REPRESENTATION (  '', ( #418 ), #408 ) ;
#412 = AXIS2_PLACEMENT_3D ( 'NONE', #852, #482, #850 ) ;
#413 = DIRECTION ( 'NONE',  ( -0.03972146605919287700, -3.355728890543893200E-015, 0.9992107911417432700 ) ) ;
#414 = LINE ( 'NONE', #770, #287 ) ;
#415 = PRESENTATION_LAYER_ASSIGNMENT (  '', '', ( #418 ) ) ;
#416 = PRESENTATION_STYLE_ASSIGNMENT (( #114 ) ) ;
#417 =( LENGTH_UNIT ( ) NAMED_UNIT ( * ) SI_UNIT ( .MILLI., .METRE. ) );
#418 = STYLED_ITEM ( 'NONE', ( #1456 ), #812 ) ;
#419 = ADVANCED_FACE ( 'NONE', ( #67, #516 ), #508, .T. ) ;
#420 = STYLED_ITEM ( 'NONE', ( #21 ), #259 ) ;
#421 = ORIENTED_EDGE ( 'NONE', *, *, #1042, .F. ) ;
#422 = ORIENTED_EDGE ( 'NONE', *, *, #859, .T. ) ;
#423 = EDGE_LOOP ( 'NONE', ( #641, #701, #1008, #1166 ) ) ;
#424 = LINE ( 'NONE', #1091, #324 ) ;
#425 = ORIENTED_EDGE ( 'NONE', *, *, #824, .F. ) ;
#426 = ORIENTED_EDGE ( 'NONE', *, *, #859, .F. ) ;
#427 = DIRECTION ( 'NONE',  ( 0.03972146605919327200, 0.0000000000000000000, -0.9992107911417431600 ) ) ;
#428 = ORIENTED_EDGE ( 'NONE', *, *, #955, .T. ) ;
#429 = SURFACE_SIDE_STYLE ('',( #1364 ) ) ;
#430 = AXIS2_PLACEMENT_3D ( 'NONE', #253, #185, #57 ) ;
#431 = SURFACE_STYLE_USAGE ( .BOTH. , #429 ) ;
#432 = AXIS2_PLACEMENT_3D ( 'NONE', #1639, #1638, #1636 ) ;
#433 = UNCERTAINTY_MEASURE_WITH_UNIT (LENGTH_MEASURE( 1.000000000000000100E-005 ), #1037, 'distance_accuracy_value', 'NONE');
#434 = DIRECTION ( 'NONE',  ( 0.9992107911417432700, -1.339274769215696900E-016, 0.03972146605919327900 ) ) ;
#435 = FILL_AREA_STYLE ('',( #479 ) ) ;
#436 = AXIS2_PLACEMENT_3D ( 'NONE', #1627, #1623, #1621 ) ;
#437 = DIRECTION ( 'NONE',  ( -0.03972146605919327200, 0.0000000000000000000, 0.9992107911417431600 ) ) ;
#438 = PRESENTATION_STYLE_ASSIGNMENT (( #94 ) ) ;
#439 =( GEOMETRIC_REPRESENTATION_CONTEXT ( 3 ) GLOBAL_UNCERTAINTY_ASSIGNED_CONTEXT ( ( #1252 ) ) GLOBAL_UNIT_ASSIGNED_CONTEXT ( ( #86, #1652, #70 ) ) REPRESENTATION_CONTEXT ( 'NONE', 'WORKASPACE' ) );
#440 = ORIENTED_EDGE ( 'NONE', *, *, #1099, .F. ) ;
#441 = MECHANICAL_DESIGN_GEOMETRIC_PRESENTATION_REPRESENTATION (  '', ( #454 ), #439 ) ;
#442 = ADVANCED_FACE ( 'NONE', ( #93, #125 ), #397, .F. ) ;
#443 = CARTESIAN_POINT ( 'NONE',  ( 399.1006151821931700, 282.2499999999927800, 2079.435976590133600 ) ) ;
#444 = VERTEX_POINT ( 'NONE', #1256 ) ;
#445 = ORIENTED_EDGE ( 'NONE', *, *, #1099, .T. ) ;
#446 = VERTEX_POINT ( 'NONE', #311 ) ;
#447 = FILL_AREA_STYLE_COLOUR ( '', #238 ) ;
#448 = PRESENTATION_LAYER_ASSIGNMENT (  '', '', ( #454 ) ) ;
#449 = ADVANCED_FACE ( 'NONE', ( #633 ), #715, .F. ) ;
#450 = AXIS2_PLACEMENT_3D ( 'NONE', #347, #337, #346 ) ;
#451 = UNCERTAINTY_MEASURE_WITH_UNIT (LENGTH_MEASURE( 1.000000000000000100E-005 ), #1191, 'distance_accuracy_value', 'NONE');
#452 = LINE ( 'NONE', #974, #1092 ) ;
#453 =( NAMED_UNIT ( * ) SI_UNIT ( $, .STERADIAN. ) SOLID_ANGLE_UNIT ( ) );
#454 = STYLED_ITEM ( 'NONE', ( #1551 ), #791 ) ;
#455 = COLOUR_RGB ( '',0.8431372549019607900, 0.8431372549019607900, 0.8431372549019607900 ) ;
#456 =( NAMED_UNIT ( * ) PLANE_ANGLE_UNIT ( ) SI_UNIT ( $, .RADIAN. ) );
#457 = FILL_AREA_STYLE_COLOUR ( '', #73 ) ;
#458 = ORIENTED_EDGE ( 'NONE', *, *, #1022, .T. ) ;
#459 = EDGE_LOOP ( 'NONE', ( #163, #524, #428, #179 ) ) ;
#460 = FILL_AREA_STYLE ('',( #320 ) ) ;
#461 = ORIENTED_EDGE ( 'NONE', *, *, #973, .F. ) ;
#462 = ORIENTED_EDGE ( 'NONE', *, *, #960, .F. ) ;
#463 = CIRCLE ( 'NONE', #264, 27.49999999999985800 ) ;
#464 = VERTEX_POINT ( 'NONE', #329 ) ;
#465 = DIRECTION ( 'NONE',  ( 0.0000000000000000000, -4.069722236023859200E-015, 1.000000000000000000 ) ) ;
#466 =( GEOMETRIC_REPRESENTATION_CONTEXT ( 3 ) GLOBAL_UNCERTAINTY_ASSIGNED_CONTEXT ( ( #1432 ) ) GLOBAL_UNIT_ASSIGNED_CONTEXT ( ( #417, #379, #225 ) ) REPRESENTATION_CONTEXT ( 'NONE', 'WORKASPACE' ) );
#467 =( LENGTH_UNIT ( ) NAMED_UNIT ( * ) SI_UNIT ( .MILLI., .METRE. ) );
#468 = MECHANICAL_DESIGN_GEOMETRIC_PRESENTATION_REPRESENTATION (  '', ( #483 ), #466 ) ;
#469 = DIRECTION ( 'NONE',  ( 1.187977722384566500E-016, 1.000000000000000000, 4.069722236023859200E-015 ) ) ;
#470 = PRESENTATION_LAYER_ASSIGNMENT (  '', '', ( #483 ) ) ;
#471 = SURFACE_STYLE_USAGE ( .BOTH. , #472 ) ;
#472 = SURFACE_SIDE_STYLE ('',( #788 ) ) ;
#473 = FILL_AREA_STYLE ('',( #388 ) ) ;
#474 = AXIS2_PLACEMENT_3D ( 'NONE', #1167, #804, #674 ) ;
#475 = SURFACE_STYLE_FILL_AREA ( #106 ) ;
#476 = ORIENTED_EDGE ( 'NONE', *, *, #1158, .T. ) ;
#477 = ORIENTED_EDGE ( 'NONE', *, *, #927, .F. ) ;
#478 = AXIS2_PLACEMENT_3D ( 'NONE', #600, #581, #562 ) ;
#479 = FILL_AREA_STYLE_COLOUR ( '', #1620 ) ;
#480 = VERTEX_POINT ( 'NONE', #208 ) ;
#481 = ORIENTED_EDGE ( 'NONE', *, *, #1063, .T. ) ;
#482 = DIRECTION ( 'NONE',  ( -0.7346360442602273300, -2.287544585063804700E-015, 0.6784614082419762000 ) ) ;
#483 = STYLED_ITEM ( 'NONE', ( #1599 ), #784 ) ;
#484 = PLANE ( 'NONE',  #165 ) ;
#485 = EDGE_LOOP ( 'NONE', ( #1642, #92 ) ) ;
#486 =( GEOMETRIC_REPRESENTATION_CONTEXT ( 3 ) GLOBAL_UNCERTAINTY_ASSIGNED_CONTEXT ( ( #257 ) ) GLOBAL_UNIT_ASSIGNED_CONTEXT ( ( #873, #623, #758 ) ) REPRESENTATION_CONTEXT ( 'NONE', 'WORKASPACE' ) );
#487 = FILL_AREA_STYLE_COLOUR ( '', #1255 ) ;
#488 = MECHANICAL_DESIGN_GEOMETRIC_PRESENTATION_REPRESENTATION (  '', ( #500 ), #486 ) ;
#489 = EDGE_CURVE ( 'NONE', #365, #351, #232, .T. ) ;
#490 = ORIENTED_EDGE ( 'NONE', *, *, #1063, .F. ) ;
#491 = PRESENTATION_LAYER_ASSIGNMENT (  '', '', ( #500 ) ) ;
#492 =( NAMED_UNIT ( * ) PLANE_ANGLE_UNIT ( ) SI_UNIT ( $, .RADIAN. ) );
#493 = EDGE_LOOP ( 'NONE', ( #160, #96, #137, #326 ) ) ;
#494 = AXIS2_PLACEMENT_3D ( 'NONE', #1162, #1077, #1040 ) ;
#495 = ORIENTED_EDGE ( 'NONE', *, *, #1532, .T. ) ;
#496 = VERTEX_POINT ( 'NONE', #126 ) ;
#497 = VECTOR ( 'NONE', #1147, 1000.000000000000100 ) ;
#498 = EDGE_LOOP ( 'NONE', ( #55, #740, #343, #54 ) ) ;
#499 = UNCERTAINTY_MEASURE_WITH_UNIT (LENGTH_MEASURE( 1.000000000000000100E-005 ), #322, 'distance_accuracy_value', 'NONE');
#500 = STYLED_ITEM ( 'NONE', ( #1502 ), #732 ) ;
#501 = SURFACE_STYLE_USAGE ( .BOTH. , #741 ) ;
#502 = SURFACE_STYLE_USAGE ( .BOTH. , #506 ) ;
#503 =( GEOMETRIC_REPRESENTATION_CONTEXT ( 3 ) GLOBAL_UNCERTAINTY_ASSIGNED_CONTEXT ( ( #1644 ) ) GLOBAL_UNIT_ASSIGNED_CONTEXT ( ( #1105, #1101, #986 ) ) REPRESENTATION_CONTEXT ( 'NONE', 'WORKASPACE' ) );
#504 = CYLINDRICAL_SURFACE ( 'NONE', #46, 27.49999999999985800 ) ;
#505 = MECHANICAL_DESIGN_GEOMETRIC_PRESENTATION_REPRESENTATION (  '', ( #511 ), #503 ) ;
#506 = SURFACE_SIDE_STYLE ('',( #932 ) ) ;
#507 = PRESENTATION_LAYER_ASSIGNMENT (  '', '', ( #511 ) ) ;
#508 = PLANE ( 'NONE',  #621 ) ;
#509 = ORIENTED_EDGE ( 'NONE', *, *, #1146, .T. ) ;
#510 = ORIENTED_EDGE ( 'NONE', *, *, #1110, .T. ) ;
#511 = STYLED_ITEM ( 'NONE', ( #1353 ), #688 ) ;
#512 = UNCERTAINTY_MEASURE_WITH_UNIT (LENGTH_MEASURE( 1.000000000000000100E-005 ), #736, 'distance_accuracy_value', 'NONE');
#513 = SURFACE_STYLE_FILL_AREA ( #473 ) ;
#514 = AXIS2_PLACEMENT_3D ( 'NONE', #1260, #1219, #1201 ) ;
#515 =( GEOMETRIC_REPRESENTATION_CONTEXT ( 3 ) GLOBAL_UNCERTAINTY_ASSIGNED_CONTEXT ( ( #451 ) ) GLOBAL_UNIT_ASSIGNED_CONTEXT ( ( #1191, #1182, #1195 ) ) REPRESENTATION_CONTEXT ( 'NONE', 'WORKASPACE' ) );
#516 = FACE_OUTER_BOUND ( 'NONE', #580, .T. ) ;
#517 = FILL_AREA_STYLE_COLOUR ( '', #20 ) ;
#518 = MECHANICAL_DESIGN_GEOMETRIC_PRESENTATION_REPRESENTATION (  '', ( #523 ), #515 ) ;
#519 = AXIS2_PLACEMENT_3D ( 'NONE', #1359, #1482, #1286 ) ;
#520 = ORIENTED_EDGE ( 'NONE', *, *, #769, .T. ) ;
#521 = DIRECTION ( 'NONE',  ( -0.9992107911417433800, 0.0000000000000000000, -0.03972146605919087100 ) ) ;
#522 = ORIENTED_EDGE ( 'NONE', *, *, #1060, .F. ) ;
#523 = STYLED_ITEM ( 'NONE', ( #97 ), #681 ) ;
#524 = ORIENTED_EDGE ( 'NONE', *, *, #1042, .T. ) ;
#525 = ADVANCED_FACE ( 'NONE', ( #776 ), #214, .T. ) ;
#526 = LINE ( 'NONE', #1128, #407 ) ;
#527 = PRESENTATION_LAYER_ASSIGNMENT (  '', '', ( #523 ) ) ;
#528 = ORIENTED_EDGE ( 'NONE', *, *, #1052, .T. ) ;
#529 = EDGE_LOOP ( 'NONE', ( #716, #586 ) ) ;
#530 =( GEOMETRIC_REPRESENTATION_CONTEXT ( 3 ) GLOBAL_UNCERTAINTY_ASSIGNED_CONTEXT ( ( #729 ) ) GLOBAL_UNIT_ASSIGNED_CONTEXT ( ( #1546, #1300, #1288 ) ) REPRESENTATION_CONTEXT ( 'NONE', 'WORKASPACE' ) );
#531 = ADVANCED_FACE ( 'NONE', ( #340, #315 ), #409, .T. ) ;
#532 = MECHANICAL_DESIGN_GEOMETRIC_PRESENTATION_REPRESENTATION (  '', ( #541 ), #530 ) ;
#533 = UNCERTAINTY_MEASURE_WITH_UNIT (LENGTH_MEASURE( 1.000000000000000100E-005 ), #928, 'distance_accuracy_value', 'NONE');
#534 = PRESENTATION_STYLE_ASSIGNMENT (( #1438 ) ) ;
#535 = PRESENTATION_LAYER_ASSIGNMENT (  '', '', ( #541 ) ) ;
#536 = AXIS2_PLACEMENT_3D ( 'NONE', #1357, #1425, #437 ) ;
#537 = VECTOR ( 'NONE', #115, 1000.000000000000100 ) ;
#538 = ORIENTED_EDGE ( 'NONE', *, *, #942, .T. ) ;
#539 = ORIENTED_EDGE ( 'NONE', *, *, #1114, .F. ) ;
#540 = EDGE_LOOP ( 'NONE', ( #880, #289 ) ) ;
#541 = STYLED_ITEM ( 'NONE', ( #1003 ), #648 ) ;
#542 = CARTESIAN_POINT ( 'NONE',  ( 302.1647669302776100, 269.2499999999928900, 2025.544350963386000 ) ) ;
#543 = FILL_AREA_STYLE_COLOUR ( '', #14 ) ;
#544 =( GEOMETRIC_REPRESENTATION_CONTEXT ( 3 ) GLOBAL_UNCERTAINTY_ASSIGNED_CONTEXT ( ( #872 ) ) GLOBAL_UNIT_ASSIGNED_CONTEXT ( ( #1407, #1431, #1630 ) ) REPRESENTATION_CONTEXT ( 'NONE', 'WORKASPACE' ) );
#545 = FILL_AREA_STYLE_COLOUR ( '', #1247 ) ;
#546 = DIRECTION ( 'NONE',  ( 0.0000000000000000000, 4.325544251786326300E-015, -1.000000000000000000 ) ) ;
#547 = MECHANICAL_DESIGN_GEOMETRIC_PRESENTATION_REPRESENTATION (  '', ( #753 ), #544 ) ;
#548 = PRESENTATION_STYLE_ASSIGNMENT (( #1000 ) ) ;
#549 =( NAMED_UNIT ( * ) PLANE_ANGLE_UNIT ( ) SI_UNIT ( $, .RADIAN. ) );
#550 = CYLINDRICAL_SURFACE ( 'NONE', #124, 38.49999999999997900 ) ;
#551 = AXIS2_PLACEMENT_3D ( 'NONE', #1500, #1589, #1497 ) ;
#552 = UNCERTAINTY_MEASURE_WITH_UNIT (LENGTH_MEASURE( 1.000000000000000100E-005 ), #1049, 'distance_accuracy_value', 'NONE');
#553 = STYLED_ITEM ( 'NONE', ( #1019 ), #288 ) ;
#554 = ADVANCED_FACE ( 'NONE', ( #233 ), #223, .T. ) ;
#555 =( LENGTH_UNIT ( ) NAMED_UNIT ( * ) SI_UNIT ( .MILLI., .METRE. ) );
#556 = VERTEX_POINT ( 'NONE', #614 ) ;
#557 = AXIS2_PLACEMENT_3D ( 'NONE', #819, #956, #802 ) ;
#558 = VERTEX_POINT ( 'NONE', #1588 ) ;
#559 = EDGE_LOOP ( 'NONE', ( #679, #759, #422, #194 ) ) ;
#560 = VERTEX_POINT ( 'NONE', #1577 ) ;
#561 = CIRCLE ( 'NONE', #256, 110.0000000000000700 ) ;
#562 = DIRECTION ( 'NONE',  ( 0.0000000000000000000, 4.325544251786326300E-015, -1.000000000000000000 ) ) ;
#563 = EDGE_LOOP ( 'NONE', ( #1472, #625, #583, #241 ) ) ;
#564 = ADVANCED_FACE ( 'NONE', ( #1257 ), #1200, .T. ) ;
#565 = SURFACE_STYLE_USAGE ( .BOTH. , #279 ) ;
#566 = MECHANICAL_DESIGN_GEOMETRIC_PRESENTATION_REPRESENTATION (  '', ( #553 ), #572 ) ;
#567 = EDGE_LOOP ( 'NONE', ( #145, #839 ) ) ;
#568 = ADVANCED_FACE ( 'NONE', ( #1274 ), #1486, .T. ) ;
#569 = PRESENTATION_LAYER_ASSIGNMENT (  '', '', ( #553 ) ) ;
#570 =( NAMED_UNIT ( * ) SI_UNIT ( $, .STERADIAN. ) SOLID_ANGLE_UNIT ( ) );
#571 = CARTESIAN_POINT ( 'NONE',  ( 201.2568785361280600, 256.2499999999928900, 2071.571126310414000 ) ) ;
#572 =( GEOMETRIC_REPRESENTATION_CONTEXT ( 3 ) GLOBAL_UNCERTAINTY_ASSIGNED_CONTEXT ( ( #512 ) ) GLOBAL_UNIT_ASSIGNED_CONTEXT ( ( #736, #730, #726 ) ) REPRESENTATION_CONTEXT ( 'NONE', 'WORKASPACE' ) );
#573 =( NAMED_UNIT ( * ) PLANE_ANGLE_UNIT ( ) SI_UNIT ( $, .RADIAN. ) );
#574 =( LENGTH_UNIT ( ) NAMED_UNIT ( * ) SI_UNIT ( .MILLI., .METRE. ) );
#575 = PRESENTATION_LAYER_ASSIGNMENT (  '', '', ( #578 ) ) ;
#576 = FILL_AREA_STYLE ('',( #854 ) ) ;
#577 = EDGE_LOOP ( 'NONE', ( #528, #1545 ) ) ;
#578 = STYLED_ITEM ( 'NONE', ( #997 ), #380 ) ;
#579 = SURFACE_STYLE_USAGE ( .BOTH. , #584 ) ;
#580 = EDGE_LOOP ( 'NONE', ( #425, #522 ) ) ;
#581 = DIRECTION ( 'NONE',  ( -1.187977722384566500E-016, -1.000000000000000000, -4.069722236023859200E-015 ) ) ;
#582 = CARTESIAN_POINT ( 'NONE',  ( 300.0000002618942300, 294.9999999999928900, 2041.500000010411700 ) ) ;
#583 = ORIENTED_EDGE ( 'NONE', *, *, #330, .T. ) ;
#584 = SURFACE_SIDE_STYLE ('',( #1457 ) ) ;
#585 = ORIENTED_EDGE ( 'NONE', *, *, #1139, .T. ) ;
#586 = ORIENTED_EDGE ( 'NONE', *, *, #1114, .T. ) ;
#587 = EDGE_LOOP ( 'NONE', ( #1401, #635, #406, #384 ) ) ;
#588 = ORIENTED_EDGE ( 'NONE', *, *, #798, .T. ) ;
#589 = DIRECTION ( 'NONE',  ( -1.187977722384566500E-016, -1.000000000000000000, -4.069722236023859200E-015 ) ) ;
#590 = AXIS2_PLACEMENT_3D ( 'NONE', #717, #846, #711 ) ;
#591 = SURFACE_STYLE_FILL_AREA ( #134 ) ;
#592 = MECHANICAL_DESIGN_GEOMETRIC_PRESENTATION_REPRESENTATION (  '', ( #578 ), #596 ) ;
#593 = DIRECTION ( 'NONE',  ( -1.187977722384566500E-016, -1.000000000000000000, -4.069722236023859200E-015 ) ) ;
#594 = FILL_AREA_STYLE ('',( #545 ) ) ;
#595 = CARTESIAN_POINT ( 'NONE',  ( 276.7090811297966300, 269.2499999999951100, 1353.001096582089500 ) ) ;
#596 =( GEOMETRIC_REPRESENTATION_CONTEXT ( 3 ) GLOBAL_UNCERTAINTY_ASSIGNED_CONTEXT ( ( #1352 ) ) GLOBAL_UNIT_ASSIGNED_CONTEXT ( ( #555, #549, #1131 ) ) REPRESENTATION_CONTEXT ( 'NONE', 'WORKASPACE' ) );
#597 = FACE_OUTER_BOUND ( 'NONE', #673, .T. ) ;
#598 = DIRECTION ( 'NONE',  ( -0.9992107911417432700, 0.0000000000000000000, -0.03972146605919292500 ) ) ;
#599 = FACE_OUTER_BOUND ( 'NONE', #493, .T. ) ;
#600 = CARTESIAN_POINT ( 'NONE',  ( 300.0000002618942300, 256.2499999999927200, 2080.000000010411900 ) ) ;
#601 = PRESENTATION_STYLE_ASSIGNMENT (( #1552 ) ) ;
#602 = PRESENTATION_LAYER_ASSIGNMENT (  '', '', ( #604 ) ) ;
#603 = EDGE_LOOP ( 'NONE', ( #509, #110 ) ) ;
#604 = STYLED_ITEM ( 'NONE', ( #810 ), #419 ) ;
#605 = VERTEX_POINT ( 'NONE', #1418 ) ;
#606 = AXIS2_PLACEMENT_3D ( 'NONE', #542, #628, #521 ) ;
#607 = EDGE_LOOP ( 'NONE', ( #627, #820, #176, #510, #281, #588 ) ) ;
#608 = EDGE_LOOP ( 'NONE', ( #1617, #755, #757, #857 ) ) ;
#609 = CIRCLE ( 'NONE', #265, 106.2500000000000900 ) ;
#610 = ORIENTED_EDGE ( 'NONE', *, *, #1137, .F. ) ;
#611 = ORIENTED_EDGE ( 'NONE', *, *, #957, .F. ) ;
#612 = MECHANICAL_DESIGN_GEOMETRIC_PRESENTATION_REPRESENTATION (  '', ( #604 ), #615 ) ;
#613 = UNCERTAINTY_MEASURE_WITH_UNIT (LENGTH_MEASURE( 1.000000000000000100E-005 ), #574, 'distance_accuracy_value', 'NONE');
#614 = CARTESIAN_POINT ( 'NONE',  ( 380.9267666458805500, 269.2499999999951100, 1357.144045492063500 ) ) ;
#615 =( GEOMETRIC_REPRESENTATION_CONTEXT ( 3 ) GLOBAL_UNCERTAINTY_ASSIGNED_CONTEXT ( ( #356 ) ) GLOBAL_UNIT_ASSIGNED_CONTEXT ( ( #1505, #492, #1230 ) ) REPRESENTATION_CONTEXT ( 'NONE', 'WORKASPACE' ) );
#616 = PRESENTATION_STYLE_ASSIGNMENT (( #49 ) ) ;
#617 = EDGE_LOOP ( 'NONE', ( #389, #403, #274, #212 ) ) ;
#618 = DIRECTION ( 'NONE',  ( -0.03972146605919287700, -3.355728890543893200E-015, 0.9992107911417432700 ) ) ;
#619 = STYLED_ITEM ( 'NONE', ( #139 ), #442 ) ;
#620 = EDGE_LOOP ( 'NONE', ( #642, #297, #157, #1640 ) ) ;
#621 = AXIS2_PLACEMENT_3D ( 'NONE', #1223, #469, #465 ) ;
#622 = VERTEX_POINT ( 'NONE', #1390 ) ;
#623 =( NAMED_UNIT ( * ) PLANE_ANGLE_UNIT ( ) SI_UNIT ( $, .RADIAN. ) );
#624 = CIRCLE ( 'NONE', #268, 52.15000000000004800 ) ;
#625 = ORIENTED_EDGE ( 'NONE', *, *, #1060, .T. ) ;
#626 = ORIENTED_EDGE ( 'NONE', *, *, #1015, .F. ) ;
#627 = ORIENTED_EDGE ( 'NONE', *, *, #966, .T. ) ;
#628 = DIRECTION ( 'NONE',  ( 0.03972146605919277300, 3.375800051289389700E-015, -0.9992107911417432700 ) ) ;
#629 = PRESENTATION_LAYER_ASSIGNMENT (  '', '', ( #619 ) ) ;
#630 = CARTESIAN_POINT ( 'NONE',  ( 300.0000002618942300, 243.9999999999927800, 2060.000000010411900 ) ) ;
#631 = MECHANICAL_DESIGN_GEOMETRIC_PRESENTATION_REPRESENTATION (  '', ( #619 ), #634 ) ;
#632 = SURFACE_SIDE_STYLE ('',( #304 ) ) ;
#633 = FACE_OUTER_BOUND ( 'NONE', #1490, .T. ) ;
#634 =( GEOMETRIC_REPRESENTATION_CONTEXT ( 3 ) GLOBAL_UNCERTAINTY_ASSIGNED_CONTEXT ( ( #38 ) ) GLOBAL_UNIT_ASSIGNED_CONTEXT ( ( #376, #363, #1478 ) ) REPRESENTATION_CONTEXT ( 'NONE', 'WORKASPACE' ) );
#635 = ORIENTED_EDGE ( 'NONE', *, *, #1066, .F. ) ;
#636 = VERTEX_POINT ( 'NONE', #1414 ) ;
#637 = ORIENTED_EDGE ( 'NONE', *, *, #792, .F. ) ;
#638 = EDGE_LOOP ( 'NONE', ( #1493, #421 ) ) ;
#639 = STYLED_ITEM ( 'NONE', ( #1136 ), #449 ) ;
#640 = VECTOR ( 'NONE', #1175, 1000.000000000000100 ) ;
#641 = ORIENTED_EDGE ( 'NONE', *, *, #976, .F. ) ;
#642 = ORIENTED_EDGE ( 'NONE', *, *, #966, .F. ) ;
#643 = AXIS2_PLACEMENT_3D ( 'NONE', #354, #352, #342 ) ;
#644 = PRESENTATION_LAYER_ASSIGNMENT (  '', '', ( #639 ) ) ;
#645 = LINE ( 'NONE', #939, #1632 ) ;
#646 = MECHANICAL_DESIGN_GEOMETRIC_PRESENTATION_REPRESENTATION (  '', ( #639 ), #653 ) ;
#647 = SURFACE_STYLE_FILL_AREA ( #576 ) ;
#648 = ADVANCED_FACE ( 'NONE', ( #1073 ), #99, .F. ) ;
#649 = CARTESIAN_POINT ( 'NONE',  ( 300.0000002618942300, 416.6444443027208400, 2080.000000010412400 ) ) ;
#650 = UNCERTAINTY_MEASURE_WITH_UNIT (LENGTH_MEASURE( 1.000000000000000100E-005 ), #1587, 'distance_accuracy_value', 'NONE');
#651 = VERTEX_POINT ( 'NONE', #1254 ) ;
#652 = ORIENTED_EDGE ( 'NONE', *, *, #1506, .F. ) ;
#653 =( GEOMETRIC_REPRESENTATION_CONTEXT ( 3 ) GLOBAL_UNCERTAINTY_ASSIGNED_CONTEXT ( ( #883 ) ) GLOBAL_UNIT_ASSIGNED_CONTEXT ( ( #254, #1239, #234 ) ) REPRESENTATION_CONTEXT ( 'NONE', 'WORKASPACE' ) );
#654 = ORIENTED_EDGE ( 'NONE', *, *, #1149, .T. ) ;
#655 = LINE ( 'NONE', #1140, #497 ) ;
#656 = PRESENTATION_LAYER_ASSIGNMENT (  '', '', ( #659 ) ) ;
#657 = DIRECTION ( 'NONE',  ( 0.0000000000000000000, 4.325544251786326300E-015, -1.000000000000000000 ) ) ;
#658 = ORIENTED_EDGE ( 'NONE', *, *, #1154, .F. ) ;
#659 = STYLED_ITEM ( 'NONE', ( #438 ), #525 ) ;
#660 = ORIENTED_EDGE ( 'NONE', *, *, #803, .T. ) ;
#661 = FACE_BOUND ( 'NONE', #529, .T. ) ;
#662 = COLOUR_RGB ( '',0.8431372549019607900, 0.8431372549019607900, 0.8431372549019607900 ) ;
#663 = SURFACE_STYLE_USAGE ( .BOTH. , #1064 ) ;
#664 = AXIS2_PLACEMENT_3D ( 'NONE', #228, #269, #1557 ) ;
#665 = CARTESIAN_POINT ( 'NONE',  ( 300.0000002618942300, 248.9999999999928100, 2052.500000010411900 ) ) ;
#666 = MECHANICAL_DESIGN_GEOMETRIC_PRESENTATION_REPRESENTATION (  '', ( #659 ), #680 ) ;
#667 = CYLINDRICAL_SURFACE ( 'NONE', #557, 110.0000000000000100 ) ;
#668 = CARTESIAN_POINT ( 'NONE',  ( 300.0000002618942300, 248.9999999999928700, 2041.500000010411200 ) ) ;
#669 = SURFACE_SIDE_STYLE ('',( #339 ) ) ;
#670 =( GEOMETRIC_REPRESENTATION_CONTEXT ( 3 ) GLOBAL_UNCERTAINTY_ASSIGNED_CONTEXT ( ( #136 ) ) GLOBAL_UNIT_ASSIGNED_CONTEXT ( ( #840, #885, #861 ) ) REPRESENTATION_CONTEXT ( 'NONE', 'WORKASPACE' ) );
#671 = ORIENTED_EDGE ( 'NONE', *, *, #1011, .F. ) ;
#672 = UNCERTAINTY_MEASURE_WITH_UNIT (LENGTH_MEASURE( 1.000000000000000100E-005 ), #1533, 'distance_accuracy_value', 'NONE');
#673 = EDGE_LOOP ( 'NONE', ( #1343, #1451 ) ) ;
#674 = DIRECTION ( 'NONE',  ( 0.9992107911417431600, 0.0000000000000000000, 0.03972146605919383400 ) ) ;
#675 = COLOUR_RGB ( '',0.8431372549019607900, 0.8431372549019607900, 0.8431372549019607900 ) ;
#676 = CARTESIAN_POINT ( 'NONE',  ( 400.7291952906200000, 282.2499999999928900, 2038.468334153322800 ) ) ;
#677 = PRODUCT_DEFINITION ( 'UNKNOWN', '', #1315, #971 ) ;
#678 = VERTEX_POINT ( 'NONE', #1253 ) ;
#679 = ORIENTED_EDGE ( 'NONE', *, *, #1110, .F. ) ;
#680 =( GEOMETRIC_REPRESENTATION_CONTEXT ( 3 ) GLOBAL_UNCERTAINTY_ASSIGNED_CONTEXT ( ( #83 ) ) GLOBAL_UNIT_ASSIGNED_CONTEXT ( ( #89, #2, #77 ) ) REPRESENTATION_CONTEXT ( 'NONE', 'WORKASPACE' ) );
#681 = ADVANCED_FACE ( 'NONE', ( #1222 ), #1445, .T. ) ;
#682 = EDGE_LOOP ( 'NONE', ( #240, #611 ) ) ;
#683 = ORIENTED_EDGE ( 'NONE', *, *, #1164, .F. ) ;
#684 = CYLINDRICAL_SURFACE ( 'NONE', #184, 38.49999999999997900 ) ;
#685 = CARTESIAN_POINT ( 'NONE',  ( 222.3538663335843400, 269.2499999999951100, 1358.346246201850600 ) ) ;
#686 = STYLED_ITEM ( 'NONE', ( #237 ), #531 ) ;
#687 = VECTOR ( 'NONE', #793, 1000.000000000000000 ) ;
#688 = ADVANCED_FACE ( 'NONE', ( #1421, #1444 ), #947, .F. ) ;
#689 = DIRECTION ( 'NONE',  ( -1.187977722384566500E-016, -1.000000000000000000, -4.069722236023859200E-015 ) ) ;
#690 = AXIS2_PLACEMENT_3D ( 'NONE', #61, #47, #143 ) ;
#691 = CARTESIAN_POINT ( 'NONE',  ( 300.0000002618942300, 416.6444443027210100, 2041.500000010412100 ) ) ;
#692 = COLOUR_RGB ( '',0.8431372549019607900, 0.8431372549019607900, 0.8431372549019607900 ) ;
#693 = PRESENTATION_LAYER_ASSIGNMENT (  '', '', ( #686 ) ) ;
#694 = CARTESIAN_POINT ( 'NONE',  ( 300.0000002618942300, 282.2499999999927200, 2080.000000010411900 ) ) ;
#695 = VECTOR ( 'NONE', #589, 1000.000000000000000 ) ;
#696 = MECHANICAL_DESIGN_GEOMETRIC_PRESENTATION_REPRESENTATION (  '', ( #686 ), #705 ) ;
#697 = CARTESIAN_POINT ( 'NONE',  ( 438.5922768214867900, 269.2499999999951100, 1362.934364396644900 ) ) ;
#698 = ORIENTED_EDGE ( 'NONE', *, *, #1072, .T. ) ;
#699 = CARTESIAN_POINT ( 'NONE',  ( 218.2294719392405400, 269.2499999999950500, 1367.689793219974900 ) ) ;
#700 = UNCERTAINTY_MEASURE_WITH_UNIT (LENGTH_MEASURE( 1.000000000000000100E-005 ), #467, 'distance_accuracy_value', 'NONE');
#701 = ORIENTED_EDGE ( 'NONE', *, *, #1127, .T. ) ;
#702 = ORIENTED_EDGE ( 'NONE', *, *, #800, .F. ) ;
#703 = LINE ( 'NONE', #1176, #640 ) ;
#704 = EDGE_LOOP ( 'NONE', ( #295, #652 ) ) ;
#705 =( GEOMETRIC_REPRESENTATION_CONTEXT ( 3 ) GLOBAL_UNCERTAINTY_ASSIGNED_CONTEXT ( ( #1208 ) ) GLOBAL_UNIT_ASSIGNED_CONTEXT ( ( #1340, #1107, #944 ) ) REPRESENTATION_CONTEXT ( 'NONE', 'WORKASPACE' ) );
#706 = VERTEX_POINT ( 'NONE', #1163 ) ;
#707 = UNCERTAINTY_MEASURE_WITH_UNIT (LENGTH_MEASURE( 1.000000000000000100E-005 ), #1194, 'distance_accuracy_value', 'NONE');
#708 = CARTESIAN_POINT ( 'NONE',  ( 399.1006151821931700, 282.2499999999927800, 2079.435976590133600 ) ) ;
#709 = FILL_AREA_STYLE_COLOUR ( '', #1628 ) ;
#710 = FACE_OUTER_BOUND ( 'NONE', #391, .T. ) ;
#711 = DIRECTION ( 'NONE',  ( 0.9992107911417432700, 0.0000000000000000000, 0.03972146605919142000 ) ) ;
#712 = PRESENTATION_LAYER_ASSIGNMENT (  '', '', ( #15 ) ) ;
#713 = SURFACE_STYLE_FILL_AREA ( #202 ) ;
#714 = EDGE_LOOP ( 'NONE', ( #107, #11, #348, #1625 ) ) ;
#715 = CYLINDRICAL_SURFACE ( 'NONE', #664, 51.00000000000000700 ) ;
#716 = ORIENTED_EDGE ( 'NONE', *, *, #913, .T. ) ;
#717 = CARTESIAN_POINT ( 'NONE',  ( 328.1426589648323200, 269.2499999999950500, 1372.059154486486200 ) ) ;
#718 = ORIENTED_EDGE ( 'NONE', *, *, #1025, .T. ) ;
#719 = DIRECTION ( 'NONE',  ( 0.9992107911417431600, 0.0000000000000000000, 0.03972146605919383400 ) ) ;
#720 = DIRECTION ( 'NONE',  ( 0.03972146605919292500, 3.354983369577667300E-015, -0.9992107911417432700 ) ) ;
#721 = STYLED_ITEM ( 'NONE', ( #1075 ), #554 ) ;
#722 = ORIENTED_EDGE ( 'NONE', *, *, #790, .F. ) ;
#723 = ORIENTED_EDGE ( 'NONE', *, *, #1080, .T. ) ;
#724 = EDGE_LOOP ( 'NONE', ( #155, #654, #787, #260 ) ) ;
#725 = DIRECTION ( 'NONE',  ( -0.03972146605919287700, -3.355728890543893200E-015, 0.9992107911417432700 ) ) ;
#726 =( NAMED_UNIT ( * ) SI_UNIT ( $, .STERADIAN. ) SOLID_ANGLE_UNIT ( ) );
#727 = AXIS2_PLACEMENT_3D ( 'NONE', #841, #720, #598 ) ;
#728 = PRESENTATION_LAYER_ASSIGNMENT (  '', '', ( #721 ) ) ;
#729 = UNCERTAINTY_MEASURE_WITH_UNIT (LENGTH_MEASURE( 1.000000000000000100E-005 ), #1546, 'distance_accuracy_value', 'NONE');
#730 =( NAMED_UNIT ( * ) PLANE_ANGLE_UNIT ( ) SI_UNIT ( $, .RADIAN. ) );
#731 = MECHANICAL_DESIGN_GEOMETRIC_PRESENTATION_REPRESENTATION (  '', ( #721 ), #735 ) ;
#732 = ADVANCED_FACE ( 'NONE', ( #1565 ), #1580, .T. ) ;
#733 = SURFACE_STYLE_FILL_AREA ( #277 ) ;
#734 = COLOUR_RGB ( '',0.8431372549019607900, 0.8431372549019607900, 0.8431372549019607900 ) ;
#735 =( GEOMETRIC_REPRESENTATION_CONTEXT ( 3 ) GLOBAL_UNCERTAINTY_ASSIGNED_CONTEXT ( ( #672 ) ) GLOBAL_UNIT_ASSIGNED_CONTEXT ( ( #1533, #1558, #1629 ) ) REPRESENTATION_CONTEXT ( 'NONE', 'WORKASPACE' ) );
#736 =( LENGTH_UNIT ( ) NAMED_UNIT ( * ) SI_UNIT ( .MILLI., .METRE. ) );
#737 = SURFACE_SIDE_STYLE ('',( #1611 ) ) ;
#738 = PRESENTATION_LAYER_ASSIGNMENT (  '', '', ( #988 ) ) ;
#739 = ORIENTED_EDGE ( 'NONE', *, *, #945, .F. ) ;
#740 = ORIENTED_EDGE ( 'NONE', *, *, #1066, .T. ) ;
#741 = SURFACE_SIDE_STYLE ('',( #360 ) ) ;
#742 = CIRCLE ( 'NONE', #283, 50.00000000000002100 ) ;
#743 = CARTESIAN_POINT ( 'NONE',  ( 328.5200128923946200, 269.2499999999951100, 1362.566651970639900 ) ) ;
#744 = STYLED_ITEM ( 'NONE', ( #601 ), #564 ) ;
#745 = SURFACE_STYLE_USAGE ( .BOTH. , #737 ) ;
#746 =( NAMED_UNIT ( * ) PLANE_ANGLE_UNIT ( ) SI_UNIT ( $, .RADIAN. ) );
#747 = UNCERTAINTY_MEASURE_WITH_UNIT (LENGTH_MEASURE( 1.000000000000000100E-005 ), #829, 'distance_accuracy_value', 'NONE');
#748 = AXIS2_PLACEMENT_3D ( 'NONE', #1624, #1614, #1610 ) ;
#749 = PLANE ( 'NONE',  #450 ) ;
#750 = CARTESIAN_POINT ( 'NONE',  ( 300.0000002618942300, 282.2499999999925500, 2118.500000010411900 ) ) ;
#751 = PRESENTATION_STYLE_ASSIGNMENT (( #825 ) ) ;
#752 = DIRECTION ( 'NONE',  ( -0.03972146605919287700, -3.355728890543893200E-015, 0.9992107911417432700 ) ) ;
#753 = STYLED_ITEM ( 'NONE', ( #534 ), #568 ) ;
#754 = CARTESIAN_POINT ( 'NONE',  ( 278.5594733353074700, 269.2499999999951100, 1360.580578667680100 ) ) ;
#755 = ORIENTED_EDGE ( 'NONE', *, *, #1532, .F. ) ;
#756 = MECHANICAL_DESIGN_GEOMETRIC_PRESENTATION_REPRESENTATION (  '', ( #744 ), #774 ) ;
#757 = ORIENTED_EDGE ( 'NONE', *, *, #1002, .F. ) ;
#758 =( NAMED_UNIT ( * ) SI_UNIT ( $, .STERADIAN. ) SOLID_ANGLE_UNIT ( ) );
#759 = ORIENTED_EDGE ( 'NONE', *, *, #1002, .T. ) ;
#760 = ORIENTED_EDGE ( 'NONE', *, *, #960, .T. ) ;
#761 = FILL_AREA_STYLE_COLOUR ( '', #1336 ) ;
#762 = ORIENTED_EDGE ( 'NONE', *, *, #1090, .F. ) ;
#763 = VERTEX_POINT ( 'NONE', #665 ) ;
#764 = PRESENTATION_STYLE_ASSIGNMENT (( #375 ) ) ;
#765 = FILL_AREA_STYLE ('',( #844 ) ) ;
#766 = COLOUR_RGB ( '',0.8431372549019607900, 0.8431372549019607900, 0.8431372549019607900 ) ;
#767 = PRESENTATION_LAYER_ASSIGNMENT (  '', '', ( #753 ) ) ;
#768 = CYLINDRICAL_SURFACE ( 'NONE', #206, 50.00000000000002100 ) ;
#769 = EDGE_CURVE ( 'NONE', #1521, #464, #1649, .T. ) ;
#770 = CARTESIAN_POINT ( 'NONE',  ( 221.9765124060220400, 269.2499999999950500, 1367.838748717696900 ) ) ;
#771 = SURFACE_STYLE_FILL_AREA ( #963 ) ;
#772 = PRESENTATION_LAYER_ASSIGNMENT (  '', '', ( #744 ) ) ;
#773 = COLOUR_RGB ( '',0.8431372549019607900, 0.8431372549019607900, 0.8431372549019607900 ) ;
#774 =( GEOMETRIC_REPRESENTATION_CONTEXT ( 3 ) GLOBAL_UNCERTAINTY_ASSIGNED_CONTEXT ( ( #152 ) ) GLOBAL_UNIT_ASSIGNED_CONTEXT ( ( #1543, #1534, #1504 ) ) REPRESENTATION_CONTEXT ( 'NONE', 'WORKASPACE' ) );
#775 = VERTEX_POINT ( 'NONE', #668 ) ;
#776 = FACE_OUTER_BOUND ( 'NONE', #848, .T. ) ;
#777 = VERTEX_POINT ( 'NONE', #595 ) ;
#778 =( GEOMETRIC_REPRESENTATION_CONTEXT ( 3 ) GLOBAL_UNCERTAINTY_ASSIGNED_CONTEXT ( ( #747 ) ) GLOBAL_UNIT_ASSIGNED_CONTEXT ( ( #829, #746, #813 ) ) REPRESENTATION_CONTEXT ( 'NONE', 'WORKASPACE' ) );
#779 = MECHANICAL_DESIGN_GEOMETRIC_PRESENTATION_REPRESENTATION (  '', ( #1089 ), #1503 ) ;
#780 = UNCERTAINTY_MEASURE_WITH_UNIT (LENGTH_MEASURE( 1.000000000000000100E-005 ), #902, 'distance_accuracy_value', 'NONE');
#781 = ORIENTED_EDGE ( 'NONE', *, *, #1039, .F. ) ;
#782 = CARTESIAN_POINT ( 'NONE',  ( 399.1006151821931700, 282.2499999999927800, 2079.435976590133600 ) ) ;
#783 = VERTEX_POINT ( 'NONE', #977 ) ;
#784 = ADVANCED_FACE ( 'NONE', ( #1601, #1626 ), #749, .T. ) ;
#785 = EDGE_CURVE ( 'NONE', #128, #200, #1579, .T. ) ;
#786 = CIRCLE ( 'NONE', #286, 38.49999999999997900 ) ;
#787 = ORIENTED_EDGE ( 'NONE', *, *, #937, .T. ) ;
#788 = SURFACE_STYLE_FILL_AREA ( #594 ) ;
#789 = CARTESIAN_POINT ( 'NONE',  ( 202.8854586445549700, 282.2499999999928900, 2030.603483873602700 ) ) ;
#790 = EDGE_CURVE ( 'NONE', #444, #480, #1650, .T. ) ;
#791 = ADVANCED_FACE ( 'NONE', ( #1575 ), #1474, .F. ) ;
#792 = EDGE_CURVE ( 'NONE', #1028, #558, #1475, .T. ) ;
#793 = DIRECTION ( 'NONE',  ( -1.338217801704192000E-016, -1.000000000000000000, -5.319795728933519000E-018 ) ) ;
#794 = DIRECTION ( 'NONE',  ( 0.9992107911417431600, 0.0000000000000000000, 0.03972146605919489600 ) ) ;
#795 = COLOUR_RGB ( '',0.8431372549019607900, 0.8431372549019607900, 0.8431372549019607900 ) ;
#796 = EDGE_CURVE ( 'NONE', #48, #801, #1495, .T. ) ;
#797 = ORIENTED_EDGE ( 'NONE', *, *, #1127, .F. ) ;
#798 = EDGE_CURVE ( 'NONE', #128, #622, #1496, .T. ) ;
#799 = VERTEX_POINT ( 'NONE', #1641 ) ;
#800 = EDGE_CURVE ( 'NONE', #344, #200, #1489, .T. ) ;
#801 = VERTEX_POINT ( 'NONE', #1608 ) ;
#802 = DIRECTION ( 'NONE',  ( 0.9992107911417431600, 0.0000000000000000000, 0.03972146605919288400 ) ) ;
#803 = EDGE_CURVE ( 'NONE', #183, #292, #1428, .T. ) ;
#804 = DIRECTION ( 'NONE',  ( -0.03972146605919287700, -3.355728890543893200E-015, 0.9992107911417432700 ) ) ;
#805 = PRESENTATION_STYLE_ASSIGNMENT (( #663 ) ) ;
#806 = MECHANICAL_DESIGN_GEOMETRIC_PRESENTATION_REPRESENTATION (  '', ( #420 ), #778 ) ;
#807 =( NAMED_UNIT ( * ) SI_UNIT ( $, .STERADIAN. ) SOLID_ANGLE_UNIT ( ) );
#808 = PRESENTATION_LAYER_ASSIGNMENT (  '', '', ( #420 ) ) ;
#809 = PRESENTATION_LAYER_ASSIGNMENT (  '', '', ( #863 ) ) ;
#810 = PRESENTATION_STYLE_ASSIGNMENT (( #502 ) ) ;
#811 = MECHANICAL_DESIGN_GEOMETRIC_PRESENTATION_REPRESENTATION (  '', ( #863 ), #670 ) ;
#812 = ADVANCED_FACE ( 'NONE', ( #661, #1458 ), #1613, .T. ) ;
#813 =( NAMED_UNIT ( * ) SI_UNIT ( $, .STERADIAN. ) SOLID_ANGLE_UNIT ( ) );
#814 = EDGE_CURVE ( 'NONE', #775, #29, #1386, .T. ) ;
#815 = ADVANCED_FACE ( 'NONE', ( #1385, #1366 ), #1571, .F. ) ;
#816 = ORIENTED_EDGE ( 'NONE', *, *, #933, .F. ) ;
#817 =( NAMED_UNIT ( * ) PLANE_ANGLE_UNIT ( ) SI_UNIT ( $, .RADIAN. ) );
#818 =( LENGTH_UNIT ( ) NAMED_UNIT ( * ) SI_UNIT ( .MILLI., .METRE. ) );
#819 = CARTESIAN_POINT ( 'NONE',  ( 328.1426589648323200, 269.2499999999950500, 1372.059154486486200 ) ) ;
#820 = ORIENTED_EDGE ( 'NONE', *, *, #489, .T. ) ;
#821 = ORIENTED_EDGE ( 'NONE', *, *, #1083, .T. ) ;
#822 = AXIS2_PLACEMENT_3D ( 'NONE', #1044, #968, #1021 ) ;
#823 = CIRCLE ( 'NONE', #275, 52.15000000000004800 ) ;
#824 = EDGE_CURVE ( 'NONE', #401, #636, #1635, .T. ) ;
#825 = SURFACE_STYLE_USAGE ( .BOTH. , #827 ) ;
#826 = EDGE_CURVE ( 'NONE', #777, #556, #1615, .T. ) ;
#827 = SURFACE_SIDE_STYLE ('',( #831 ) ) ;
#828 = CIRCLE ( 'NONE', #213, 38.49999999999997900 ) ;
#829 =( LENGTH_UNIT ( ) NAMED_UNIT ( * ) SI_UNIT ( .MILLI., .METRE. ) );
#830 = SURFACE_STYLE_FILL_AREA ( #168 ) ;
#831 = SURFACE_STYLE_FILL_AREA ( #832 ) ;
#832 = FILL_AREA_STYLE ('',( #884 ) ) ;
#833 = DIRECTION ( 'NONE',  ( 0.9992107911417432700, 0.0000000000000000000, 0.03972146605919142000 ) ) ;
#834 = DIRECTION ( 'NONE',  ( 0.03972146605919287700, 3.355728890543893200E-015, -0.9992107911417432700 ) ) ;
#835 = SURFACE_STYLE_USAGE ( .BOTH. , #669 ) ;
#836 = VERTEX_POINT ( 'NONE', #1520 ) ;
#837 = CARTESIAN_POINT ( 'NONE',  ( 328.8179238878386200, 269.2499999999951100, 1355.072571037076800 ) ) ;
#838 = CARTESIAN_POINT ( 'NONE',  ( 438.8105538455487200, 269.2499999999951100, 1357.443510721304400 ) ) ;
#839 = ORIENTED_EDGE ( 'NONE', *, *, #1293, .T. ) ;
#840 =( LENGTH_UNIT ( ) NAMED_UNIT ( * ) SI_UNIT ( .MILLI., .METRE. ) );
#841 = CARTESIAN_POINT ( 'NONE',  ( 328.5200128923946200, 269.2499999999951100, 1362.566651970639900 ) ) ;
#842 = CARTESIAN_POINT ( 'NONE',  ( 328.1426589648323200, 269.2499999999950500, 1372.059154486486200 ) ) ;
#843 = DIRECTION ( 'NONE',  ( -0.03972146605919287700, -3.355728890543893200E-015, 0.9992107911417432700 ) ) ;
#844 = FILL_AREA_STYLE_COLOUR ( '', #692 ) ;
#845 = EDGE_CURVE ( 'NONE', #1594, #1079, #1595, .T. ) ;
#846 = DIRECTION ( 'NONE',  ( -0.03972146605919287700, -3.355728890543893200E-015, 0.9992107911417432700 ) ) ;
#847 = VERTEX_POINT ( 'NONE', #1525 ) ;
#848 = EDGE_LOOP ( 'NONE', ( #98, #386, #698, #146 ) ) ;
#849 = CIRCLE ( 'NONE', #272, 38.49999999999997900 ) ;
#850 = DIRECTION ( 'NONE',  ( 0.6784614082419762000, 0.0000000000000000000, 0.7346360442602273300 ) ) ;
#851 = DIRECTION ( 'NONE',  ( -1.187977722384566500E-016, -1.000000000000000000, -4.069722236023859200E-015 ) ) ;
#852 = CARTESIAN_POINT ( 'NONE',  ( 201.2568785361280600, 282.2499999999927800, 2071.571126310414000 ) ) ;
#853 = COLOUR_RGB ( '',0.8431372549019607900, 0.8431372549019607900, 0.8431372549019607900 ) ;
#854 = FILL_AREA_STYLE_COLOUR ( '', #41 ) ;
#855 = CARTESIAN_POINT ( 'NONE',  ( 300.0000002618942300, 416.6444443027206700, 2118.500000010412400 ) ) ;
#856 = FILL_AREA_STYLE_COLOUR ( '', #853 ) ;
#857 = ORIENTED_EDGE ( 'NONE', *, *, #1129, .F. ) ;
#858 = CLOSED_SHELL ( 'NONE', ( #380, #1262, #994, #1178, #564, #18, #648, #1005, #449, #791, #952, #1535, #531, #1526, #732, #1036, #1184, #25, #568, #681, #554, #525, #191, #1305, #1268, #259, #419, #784, #688, #1484, #1398, #288, #812, #442, #1430, #815, #1141, #65 ) ) ;
#859 = EDGE_CURVE ( 'NONE', #560, #344, #1619, .T. ) ;
#860 = CYLINDRICAL_SURFACE ( 'NONE', #881, 110.0000000000000100 ) ;
#861 =( NAMED_UNIT ( * ) SI_UNIT ( $, .STERADIAN. ) SOLID_ANGLE_UNIT ( ) );
#862 = MECHANICAL_DESIGN_GEOMETRIC_PRESENTATION_REPRESENTATION (  '', ( #15 ), #1584 ) ;
#863 = STYLED_ITEM ( 'NONE', ( #1637 ), #191 ) ;
#864 = FACE_BOUND ( 'NONE', #608, .T. ) ;
#865 = CIRCLE ( 'NONE', #131, 20.00000000000001800 ) ;
#866 =( GEOMETRIC_REPRESENTATION_CONTEXT ( 3 ) GLOBAL_UNCERTAINTY_ASSIGNED_CONTEXT ( ( #433 ) ) GLOBAL_UNIT_ASSIGNED_CONTEXT ( ( #1037, #1051, #926 ) ) REPRESENTATION_CONTEXT ( 'NONE', 'WORKASPACE' ) );
#867 = DIRECTION ( 'NONE',  ( 0.0000000000000000000, -4.037174635000590100E-015, 1.000000000000000000 ) ) ;
#868 = MECHANICAL_DESIGN_GEOMETRIC_PRESENTATION_REPRESENTATION (  '', ( #874 ), #866 ) ;
#869 = PRESENTATION_LAYER_ASSIGNMENT (  '', '', ( #874 ) ) ;
#870 = VERTEX_POINT ( 'NONE', #1483 ) ;
#871 = AXIS2_PLACEMENT_3D ( 'NONE', #1174, #1126, #1122 ) ;
#872 = UNCERTAINTY_MEASURE_WITH_UNIT (LENGTH_MEASURE( 1.000000000000000100E-005 ), #1407, 'distance_accuracy_value', 'NONE');
#873 =( LENGTH_UNIT ( ) NAMED_UNIT ( * ) SI_UNIT ( .MILLI., .METRE. ) );
#874 = STYLED_ITEM ( 'NONE', ( #805 ), #65 ) ;
#875 = DIRECTION ( 'NONE',  ( 1.187977722384566500E-016, 1.000000000000000000, 4.069722236023859200E-015 ) ) ;
#876 =( GEOMETRIC_REPRESENTATION_CONTEXT ( 3 ) GLOBAL_UNCERTAINTY_ASSIGNED_CONTEXT ( ( #707 ) ) GLOBAL_UNIT_ASSIGNED_CONTEXT ( ( #1194, #1189, #1185 ) ) REPRESENTATION_CONTEXT ( 'NONE', 'WORKASPACE' ) );
#877 = FACE_OUTER_BOUND ( 'NONE', #26, .T. ) ;
#878 = CARTESIAN_POINT ( 'NONE',  ( 300.0000002618942300, 243.9999999999927000, 2080.000000010411900 ) ) ;
#879 = MECHANICAL_DESIGN_GEOMETRIC_PRESENTATION_REPRESENTATION (  '', ( #886 ), #876 ) ;
#880 = ORIENTED_EDGE ( 'NONE', *, *, #814, .F. ) ;
#881 = AXIS2_PLACEMENT_3D ( 'NONE', #1332, #1097, #1295 ) ;
#882 = FILL_AREA_STYLE ('',( #1106 ) ) ;
#883 = UNCERTAINTY_MEASURE_WITH_UNIT (LENGTH_MEASURE( 1.000000000000000100E-005 ), #254, 'distance_accuracy_value', 'NONE');
#884 = FILL_AREA_STYLE_COLOUR ( '', #795 ) ;
#885 =( NAMED_UNIT ( * ) PLANE_ANGLE_UNIT ( ) SI_UNIT ( $, .RADIAN. ) );
#886 = STYLED_ITEM ( 'NONE', ( #1248 ), #25 ) ;
#887 = PRESENTATION_LAYER_ASSIGNMENT (  '', '', ( #886 ) ) ;
#888 = COLOUR_RGB ( '',0.8431372549019607900, 0.8431372549019607900, 0.8431372549019607900 ) ;
#889 =( GEOMETRIC_REPRESENTATION_CONTEXT ( 3 ) GLOBAL_UNCERTAINTY_ASSIGNED_CONTEXT ( ( #970 ) ) GLOBAL_UNIT_ASSIGNED_CONTEXT ( ( #250, #1324, #1251 ) ) REPRESENTATION_CONTEXT ( 'NONE', 'WORKASPACE' ) );
#890 = APPLICATION_PROTOCOL_DEFINITION ( 'draft international standard', 'automotive_design', 1998, #891 ) ;
#891 = APPLICATION_CONTEXT ( 'automotive_design' ) ;
#892 = MECHANICAL_DESIGN_GEOMETRIC_PRESENTATION_REPRESENTATION (  '', ( #908 ), #889 ) ;
#893 = VERTEX_POINT ( 'NONE', #1476 ) ;
#894 = PRODUCT_CONTEXT ( 'NONE', #914, 'mechanical' ) ;
#895 = EDGE_CURVE ( 'NONE', #1508, #763, #1570, .T. ) ;
#896 = DIRECTION ( 'NONE',  ( 1.000000000000000000, 0.0000000000000000000, 0.0000000000000000000 ) ) ;
#897 = AXIS2_PLACEMENT_3D ( 'NONE', #991, #987, #983 ) ;
#898 = DIRECTION ( 'NONE',  ( 0.0000000000000000000, 0.0000000000000000000, 1.000000000000000000 ) ) ;
#899 = SURFACE_SIDE_STYLE ('',( #1316 ) ) ;
#900 =( NAMED_UNIT ( * ) SI_UNIT ( $, .STERADIAN. ) SOLID_ANGLE_UNIT ( ) );
#901 =( NAMED_UNIT ( * ) PLANE_ANGLE_UNIT ( ) SI_UNIT ( $, .RADIAN. ) );
#902 =( LENGTH_UNIT ( ) NAMED_UNIT ( * ) SI_UNIT ( .MILLI., .METRE. ) );
#903 = DIRECTION ( 'NONE',  ( 0.0000000000000000000, -4.037174635000590100E-015, 1.000000000000000000 ) ) ;
#904 = DIRECTION ( 'NONE',  ( 1.187977722384566500E-016, 1.000000000000000000, 4.069722236023859200E-015 ) ) ;
#905 = PRESENTATION_LAYER_ASSIGNMENT (  '', '', ( #908 ) ) ;
#906 = FILL_AREA_STYLE ('',( #856 ) ) ;
#907 = SURFACE_STYLE_USAGE ( .BOTH. , #910 ) ;
#908 = STYLED_ITEM ( 'NONE', ( #1170 ), #18 ) ;
#909 = CYLINDRICAL_SURFACE ( 'NONE', #1607, 110.0000000000000000 ) ;
#910 = SURFACE_SIDE_STYLE ('',( #1498 ) ) ;
#911 = FILL_AREA_STYLE ('',( #935 ) ) ;
#912 = SURFACE_STYLE_FILL_AREA ( #69 ) ;
#913 = EDGE_CURVE ( 'NONE', #362, #480, #1612, .T. ) ;
#914 = APPLICATION_CONTEXT ( 'automotive_design' ) ;
#915 = CARTESIAN_POINT ( 'NONE',  ( 300.0000002618942300, 243.9999999999927000, 2080.000000010411900 ) ) ;
#916 = SURFACE_STYLE_USAGE ( .BOTH. , #899 ) ;
#917 = APPLICATION_PROTOCOL_DEFINITION ( 'draft international standard', 'automotive_design', 1998, #914 ) ;
#918 = DIRECTION ( 'NONE',  ( 0.03972146605919277300, 3.375800051289389700E-015, -0.9992107911417432700 ) ) ;
#919 = CARTESIAN_POINT ( 'NONE',  ( 192.2515799046858300, 269.2499999999928900, 2021.174989696874900 ) ) ;
#920 = CARTESIAN_POINT ( 'NONE',  ( 268.4211312919066500, 282.2499999999925500, 2144.296384314479400 ) ) ;
#921 = ORIENTED_EDGE ( 'NONE', *, *, #1025, .F. ) ;
#922 = EDGE_CURVE ( 'NONE', #622, #81, #1586, .T. ) ;
#923 =( NAMED_UNIT ( * ) SI_UNIT ( $, .STERADIAN. ) SOLID_ANGLE_UNIT ( ) );
#924 = EDGE_CURVE ( 'NONE', #321, #1356, #1567, .T. ) ;
#925 =( NAMED_UNIT ( * ) PLANE_ANGLE_UNIT ( ) SI_UNIT ( $, .RADIAN. ) );
#926 =( NAMED_UNIT ( * ) SI_UNIT ( $, .STERADIAN. ) SOLID_ANGLE_UNIT ( ) );
#927 = EDGE_CURVE ( 'NONE', #556, #801, #1609, .T. ) ;
#928 =( LENGTH_UNIT ( ) NAMED_UNIT ( * ) SI_UNIT ( .MILLI., .METRE. ) );
#929 = DIRECTION ( 'NONE',  ( -0.9992107911417433800, 0.0000000000000000000, -0.03972146605919087100 ) ) ;
#930 = DIRECTION ( 'NONE',  ( 0.03972146605919277300, 3.375800051289389700E-015, -0.9992107911417432700 ) ) ;
#931 = CARTESIAN_POINT ( 'NONE',  ( 301.8073269675874100, 269.2499999999928400, 2034.535909013462700 ) ) ;
#932 = SURFACE_STYLE_FILL_AREA ( #1249 ) ;
#933 = EDGE_CURVE ( 'NONE', #847, #292, #1560, .T. ) ;
#934 = CARTESIAN_POINT ( 'NONE',  ( 0.0000000000000000000, 0.0000000000000000000, 0.0000000000000000000 ) ) ;
#935 = FILL_AREA_STYLE_COLOUR ( '', #205 ) ;
#936 = SURFACE_STYLE_USAGE ( .BOTH. , #108 ) ;
#937 = EDGE_CURVE ( 'NONE', #51, #893, #1564, .T. ) ;
#938 = DIRECTION ( 'NONE',  ( -1.187977722384566500E-016, -1.000000000000000000, -4.069722236023859200E-015 ) ) ;
#939 = CARTESIAN_POINT ( 'NONE',  ( 300.0000002618942300, 416.6444443027210100, 2041.500000010412100 ) ) ;
#940 = AXIS2_PLACEMENT_3D ( 'NONE', #934, #898, #896 ) ;
#941 = VERTEX_POINT ( 'NONE', #1433 ) ;
#942 = EDGE_CURVE ( 'NONE', #78, #273, #1519, .T. ) ;
#943 = VERTEX_POINT ( 'NONE', #1429 ) ;
#944 =( NAMED_UNIT ( * ) SI_UNIT ( $, .STERADIAN. ) SOLID_ANGLE_UNIT ( ) );
#945 = EDGE_CURVE ( 'NONE', #496, #273, #1522, .T. ) ;
#946 = EDGE_CURVE ( 'NONE', #446, #870, #1517, .T. ) ;
#947 = PLANE ( 'NONE',  #494 ) ;
#948 = DIRECTION ( 'NONE',  ( -0.9992107911417433800, 0.0000000000000000000, -0.03972146605919087100 ) ) ;
#949 = PLANE ( 'NONE',  #822 ) ;
#950 =( NAMED_UNIT ( * ) SI_UNIT ( $, .STERADIAN. ) SOLID_ANGLE_UNIT ( ) );
#951 =( NAMED_UNIT ( * ) PLANE_ANGLE_UNIT ( ) SI_UNIT ( $, .RADIAN. ) );
#952 = ADVANCED_FACE ( 'NONE', ( #1540 ), #1436, .F. ) ;
#953 =( LENGTH_UNIT ( ) NAMED_UNIT ( * ) SI_UNIT ( .MILLI., .METRE. ) );
#954 = SURFACE_STYLE_USAGE ( .BOTH. , #959 ) ;
#955 = EDGE_CURVE ( 'NONE', #678, #496, #1447, .T. ) ;
#956 = DIRECTION ( 'NONE',  ( -0.03972146605919287700, -3.355728890543893200E-015, 0.9992107911417432700 ) ) ;
#957 = EDGE_CURVE ( 'NONE', #870, #446, #1446, .T. ) ;
#958 = LINE ( 'NONE', #691, #695 ) ;
#959 = SURFACE_SIDE_STYLE ('',( #771 ) ) ;
#960 = EDGE_CURVE ( 'NONE', #870, #558, #1441, .T. ) ;
#961 = CARTESIAN_POINT ( 'NONE',  ( 301.8073269675873600, 282.2499999999928900, 2034.535909013462700 ) ) ;
#962 = DIRECTION ( 'NONE',  ( 0.9992107911417431600, 0.0000000000000000000, 0.03972146605919489600 ) ) ;
#963 = FILL_AREA_STYLE ('',( #982 ) ) ;
#964 = ORIENTED_EDGE ( 'NONE', *, *, #826, .F. ) ;
#965 =( GEOMETRIC_REPRESENTATION_CONTEXT ( 3 ) GLOBAL_UNCERTAINTY_ASSIGNED_CONTEXT ( ( #780 ) ) GLOBAL_UNIT_ASSIGNED_CONTEXT ( ( #902, #901, #900 ) ) REPRESENTATION_CONTEXT ( 'NONE', 'WORKASPACE' ) );
#966 = EDGE_CURVE ( 'NONE', #622, #365, #1426, .T. ) ;
#967 = DIRECTION ( 'NONE',  ( 0.03972146605919287700, 3.355728890543893200E-015, -0.9992107911417432700 ) ) ;
#968 = DIRECTION ( 'NONE',  ( 0.03972146605919292500, 3.354983369577667300E-015, -0.9992107911417432700 ) ) ;
#969 = DIRECTION ( 'NONE',  ( 0.03972146605919277300, 3.375800051289389700E-015, -0.9992107911417432700 ) ) ;
#970 = UNCERTAINTY_MEASURE_WITH_UNIT (LENGTH_MEASURE( 1.000000000000000100E-005 ), #250, 'distance_accuracy_value', 'NONE');
#971 = PRODUCT_DEFINITION_CONTEXT ( 'detailed design', #891, 'design' ) ;
#972 = DIRECTION ( 'NONE',  ( 0.9992107911417432700, -0.0000000000000000000, 0.03972146605919280700 ) ) ;
#973 = EDGE_CURVE ( 'NONE', #799, #181, #1417, .T. ) ;
#974 = CARTESIAN_POINT ( 'NONE',  ( 301.8073269675873600, 256.2499999999930100, 2034.535909013462700 ) ) ;
#975 = FILL_AREA_STYLE ('',( #1111 ) ) ;
#976 = EDGE_CURVE ( 'NONE', #836, #763, #1422, .T. ) ;
#977 = CARTESIAN_POINT ( 'NONE',  ( 218.6068258668027800, 269.2499999999951100, 1358.197290704128100 ) ) ;
#978 = EDGE_CURVE ( 'NONE', #777, #48, #1396, .T. ) ;
#979 = SURFACE_STYLE_USAGE ( .BOTH. , #140 ) ;
#980 = CARTESIAN_POINT ( 'NONE',  ( 302.1647669302776100, 269.2499999999928900, 2025.544350963386000 ) ) ;
#981 = EDGE_CURVE ( 'NONE', #284, #943, #1392, .T. ) ;
#982 = FILL_AREA_STYLE_COLOUR ( '', #119 ) ;
#983 = DIRECTION ( 'NONE',  ( -0.9992107911417432700, 0.0000000000000000000, -0.03972146605919280700 ) ) ;
#984 = ORIENTED_EDGE ( 'NONE', *, *, #973, .T. ) ;
#985 = CARTESIAN_POINT ( 'NONE',  ( 434.8053238493816400, 269.2499999999951100, 1363.789425366003600 ) ) ;
#986 =( NAMED_UNIT ( * ) SI_UNIT ( $, .STERADIAN. ) SOLID_ANGLE_UNIT ( ) );
#987 = DIRECTION ( 'NONE',  ( 0.03972146605919280700, 3.406312263682335200E-015, -0.9992107911417432700 ) ) ;
#988 = STYLED_ITEM ( 'NONE', ( #1156 ), #1329 ) ;
#989 = EDGE_CURVE ( 'NONE', #29, #775, #1380, .T. ) ;
#990 = CARTESIAN_POINT ( 'NONE',  ( 328.5200128923946200, 269.2499999999951100, 1362.566651970639900 ) ) ;
#991 = CARTESIAN_POINT ( 'NONE',  ( 301.8073269675873600, 269.2499999999928900, 2034.535909013462700 ) ) ;
#992 = CARTESIAN_POINT ( 'NONE',  ( 300.0000002618942300, 243.9999999999925800, 2107.500000010411400 ) ) ;
#993 =( NAMED_UNIT ( * ) SI_UNIT ( $, .STERADIAN. ) SOLID_ANGLE_UNIT ( ) );
#994 = ADVANCED_FACE ( 'NONE', ( #1374 ), #1282, .T. ) ;
#995 = EDGE_CURVE ( 'NONE', #636, #284, #1317, .T. ) ;
#996 =( NAMED_UNIT ( * ) PLANE_ANGLE_UNIT ( ) SI_UNIT ( $, .RADIAN. ) );
#997 = PRESENTATION_STYLE_ASSIGNMENT (( #565 ) ) ;
#998 =( LENGTH_UNIT ( ) NAMED_UNIT ( * ) SI_UNIT ( .MILLI., .METRE. ) );
#999 = EDGE_CURVE ( 'NONE', #678, #78, #1290, .T. ) ;
#1000 = SURFACE_STYLE_USAGE ( .BOTH. , #1001 ) ;
#1001 = SURFACE_SIDE_STYLE ('',( #266 ) ) ;
#1002 = EDGE_CURVE ( 'NONE', #1144, #560, #1297, .T. ) ;
#1003 = PRESENTATION_STYLE_ASSIGNMENT (( #1320 ) ) ;
#1004 = FILL_AREA_STYLE ('',( #1007 ) ) ;
#1005 = ADVANCED_FACE ( 'NONE', ( #1245 ), #27, .T. ) ;
#1006 = PLANE ( 'NONE',  #897 ) ;
#1007 = FILL_AREA_STYLE_COLOUR ( '', #888 ) ;
#1008 = ORIENTED_EDGE ( 'NONE', *, *, #1124, .T. ) ;
#1009 = DIRECTION ( 'NONE',  ( -0.9992107911417431600, 0.0000000000000000000, -0.03972146605919288400 ) ) ;
#1010 = DIRECTION ( 'NONE',  ( -0.03972146605919277300, -3.375800051289389700E-015, 0.9992107911417432700 ) ) ;
#1011 = EDGE_CURVE ( 'NONE', #941, #128, #45, .T. ) ;
#1012 = CARTESIAN_POINT ( 'NONE',  ( 328.5200128923945600, 269.2499999999951100, 1362.566651970639400 ) ) ;
#1013 = EDGE_CURVE ( 'NONE', #1594, #605, #72, .T. ) ;
#1014 = CARTESIAN_POINT ( 'NONE',  ( 411.7205139931791100, 269.2499999999928400, 2038.905270279973600 ) ) ;
#1015 = EDGE_CURVE ( 'NONE', #706, #444, #50, .T. ) ;
#1016 = PRESENTATION_STYLE_ASSIGNMENT (( #1029 ) ) ;
#1017 = CARTESIAN_POINT ( 'NONE',  ( 300.0000002618942300, 256.2499999999925500, 2118.500000010411900 ) ) ;
#1018 = VECTOR ( 'NONE', #851, 1000.000000000000000 ) ;
#1019 = PRESENTATION_STYLE_ASSIGNMENT (( #501 ) ) ;
#1020 = DIRECTION ( 'NONE',  ( 0.0000000000000000000, 2.775557561562889000E-015, -1.000000000000000000 ) ) ;
#1021 = DIRECTION ( 'NONE',  ( -0.9992107911417432700, 0.0000000000000000000, -0.03972146605919292500 ) ) ;
#1022 = EDGE_CURVE ( 'NONE', #783, #1079, #24, .T. ) ;
#1023 =( NAMED_UNIT ( * ) SI_UNIT ( $, .STERADIAN. ) SOLID_ANGLE_UNIT ( ) );
#1024 =( NAMED_UNIT ( * ) PLANE_ANGLE_UNIT ( ) SI_UNIT ( $, .RADIAN. ) );
#1025 = EDGE_CURVE ( 'NONE', #706, #362, #9, .T. ) ;
#1026 = DIRECTION ( 'NONE',  ( 0.0000000000000000000, 2.775557561562889000E-015, -1.000000000000000000 ) ) ;
#1027 =( LENGTH_UNIT ( ) NAMED_UNIT ( * ) SI_UNIT ( .MILLI., .METRE. ) );
#1028 = VERTEX_POINT ( 'NONE', #1225 ) ;
#1029 = SURFACE_STYLE_USAGE ( .BOTH. , #1031 ) ;
#1030 = EDGE_CURVE ( 'NONE', #181, #292, #1524, .T. ) ;
#1031 = SURFACE_SIDE_STYLE ('',( #398 ) ) ;
#1032 = EDGE_CURVE ( 'NONE', #651, #847, #1572, .T. ) ;
#1033 = DIRECTION ( 'NONE',  ( 4.740497608255119100E-031, -1.000000000000000000, -3.371665001538219900E-015 ) ) ;
#1034 = CARTESIAN_POINT ( 'NONE',  ( 300.0000002618942300, 282.2499999999927800, 2080.000000010411900 ) ) ;
#1035 = EDGE_CURVE ( 'NONE', #344, #941, #1449, .T. ) ;
#1036 = ADVANCED_FACE ( 'NONE', ( #1301, #1622 ), #1209, .T. ) ;
#1037 =( LENGTH_UNIT ( ) NAMED_UNIT ( * ) SI_UNIT ( .MILLI., .METRE. ) );
#1038 = FILL_AREA_STYLE_COLOUR ( '', #1370 ) ;
#1039 = EDGE_CURVE ( 'NONE', #464, #1521, #786, .T. ) ;
#1040 = DIRECTION ( 'NONE',  ( 0.9992107911417432700, 0.0000000000000000000, 0.03972146605919280700 ) ) ;
#1041 = CARTESIAN_POINT ( 'NONE',  ( 300.0000002618942300, 248.9999999999925800, 2107.500000010411400 ) ) ;
#1042 = EDGE_CURVE ( 'NONE', #78, #678, #742, .T. ) ;
#1043 = DIRECTION ( 'NONE',  ( 0.9992107911417431600, 0.0000000000000000000, 0.03972146605919478500 ) ) ;
#1044 = CARTESIAN_POINT ( 'NONE',  ( 328.5200128923946200, 269.2499999999951100, 1362.566651970639900 ) ) ;
#1045 = DIRECTION ( 'NONE',  ( -4.740497608255119100E-031, 1.000000000000000000, 3.371665001538219900E-015 ) ) ;
#1046 = CYLINDRICAL_SURFACE ( 'NONE', #95, 38.49999999999997900 ) ;
#1047 =( NAMED_UNIT ( * ) SI_UNIT ( $, .STERADIAN. ) SOLID_ANGLE_UNIT ( ) );
#1048 =( NAMED_UNIT ( * ) PLANE_ANGLE_UNIT ( ) SI_UNIT ( $, .RADIAN. ) );
#1049 =( LENGTH_UNIT ( ) NAMED_UNIT ( * ) SI_UNIT ( .MILLI., .METRE. ) );
#1050 = UNCERTAINTY_MEASURE_WITH_UNIT (LENGTH_MEASURE( 1.000000000000000100E-005 ), #40, 'distance_accuracy_value', 'NONE');
#1051 =( NAMED_UNIT ( * ) PLANE_ANGLE_UNIT ( ) SI_UNIT ( $, .RADIAN. ) );
#1052 = EDGE_CURVE ( 'NONE', #801, #48, #823, .T. ) ;
#1053 = SURFACE_STYLE_USAGE ( .BOTH. , #1054 ) ;
#1054 = SURFACE_SIDE_STYLE ('',( #830 ) ) ;
#1055 = EDGE_CURVE ( 'NONE', #81, #51, #703, .T. ) ;
#1056 = ORIENTED_EDGE ( 'NONE', *, *, #1055, .F. ) ;
#1057 = DIRECTION ( 'NONE',  ( -0.03972146605919287700, -3.355728890543893200E-015, 0.9992107911417432700 ) ) ;
#1058 = CARTESIAN_POINT ( 'NONE',  ( 300.0000002618942300, 243.9999999999927200, 2080.000000010411900 ) ) ;
#1059 = CARTESIAN_POINT ( 'NONE',  ( 399.1006151821931100, 256.2499999999926700, 2079.435976590133600 ) ) ;
#1060 = EDGE_CURVE ( 'NONE', #636, #401, #849, .T. ) ;
#1061 = SURFACE_SIDE_STYLE ('',( #1377 ) ) ;
#1062 = DIRECTION ( 'NONE',  ( 1.187977722384566500E-016, 1.000000000000000000, 4.069722236023859200E-015 ) ) ;
#1063 = EDGE_CURVE ( 'NONE', #556, #777, #624, .T. ) ;
#1064 = SURFACE_SIDE_STYLE ('',( #148 ) ) ;
#1065 = CARTESIAN_POINT ( 'NONE',  ( 300.0000002618942300, 416.6444443027208400, 2080.000000010412400 ) ) ;
#1066 = EDGE_CURVE ( 'NONE', #651, #183, #609, .T. ) ;
#1067 = DIRECTION ( 'NONE',  ( -0.9992107911417431600, 0.0000000000000000000, -0.03972146605919286300 ) ) ;
#1068 = DIRECTION ( 'NONE',  ( -0.03972146605919234900, -3.646861852905803800E-015, 0.9992107911417432700 ) ) ;
#1069 = CARTESIAN_POINT ( 'NONE',  ( 276.5938888782249600, 269.2499999999951100, 1355.898807876400700 ) ) ;
#1070 = CIRCLE ( 'NONE', #231, 51.00000000000000700 ) ;
#1071 = CARTESIAN_POINT ( 'NONE',  ( 328.6790897958949800, 269.2499999999951100, 1358.565003130133600 ) ) ;
#1072 = EDGE_CURVE ( 'NONE', #200, #81, #655, .T. ) ;
#1073 = FACE_OUTER_BOUND ( 'NONE', #1100, .T. ) ;
#1074 = DIRECTION ( 'NONE',  ( -0.9992107911417432700, 0.0000000000000000000, -0.03972146605919280700 ) ) ;
#1075 = PRESENTATION_STYLE_ASSIGNMENT (( #1646 ) ) ;
#1076 = DIRECTION ( 'NONE',  ( 0.9992107911417431600, 0.0000000000000000000, 0.03972146605919288400 ) ) ;
#1077 = DIRECTION ( 'NONE',  ( -0.03972146605919280700, -3.406312263682078000E-015, 0.9992107911417432700 ) ) ;
#1078 = FILL_AREA_STYLE ('',( #457 ) ) ;
#1079 = VERTEX_POINT ( 'NONE', #1155 ) ;
#1080 = EDGE_CURVE ( 'NONE', #446, #1028, #526, .T. ) ;
#1081 = DIRECTION ( 'NONE',  ( -0.03972146605919287700, -3.355728890543893200E-015, 0.9992107911417432700 ) ) ;
#1082 = CARTESIAN_POINT ( 'NONE',  ( 328.8973668199569700, 269.2499999999951100, 1353.074149454793100 ) ) ;
#1083 = EDGE_CURVE ( 'NONE', #763, #1508, #463, .T. ) ;
#1084 = CARTESIAN_POINT ( 'NONE',  ( 328.1426589648323200, 269.2499999999950500, 1372.059154486486200 ) ) ;
#1085 = DIRECTION ( 'NONE',  ( -0.03972146605919325800, -4.061791553506666400E-015, 0.9992107911417431600 ) ) ;
#1086 = PLANE ( 'NONE',  #412 ) ;
#1087 =( NAMED_UNIT ( * ) SI_UNIT ( $, .STERADIAN. ) SOLID_ANGLE_UNIT ( ) );
#1088 = DIRECTION ( 'NONE',  ( -1.353037169688701000E-016, 1.000000000000000000, 3.403623971869848400E-015 ) ) ;
#1089 = STYLED_ITEM ( 'NONE', ( #1388 ), #1535 ) ;
#1090 = EDGE_CURVE ( 'NONE', #183, #1356, #390, .T. ) ;
#1091 = CARTESIAN_POINT ( 'NONE',  ( 400.7291952906200000, 269.2499999999928900, 2038.468334153322800 ) ) ;
#1092 = VECTOR ( 'NONE', #972, 1000.000000000000000 ) ;
#1093 = DIRECTION ( 'NONE',  ( 0.0000000000000000000, -4.037174635000590100E-015, 1.000000000000000000 ) ) ;
#1094 = EDGE_CURVE ( 'NONE', #893, #351, #424, .T. ) ;
#1095 = DIRECTION ( 'NONE',  ( 1.187977722384566500E-016, 1.000000000000000000, 4.069722236023859200E-015 ) ) ;
#1096 = FILL_AREA_STYLE_COLOUR ( '', #1499 ) ;
#1097 = DIRECTION ( 'NONE',  ( -0.03972146605919287700, -3.355728890543893200E-015, 0.9992107911417432700 ) ) ;
#1098 = CARTESIAN_POINT ( 'NONE',  ( 300.0000002618942300, 248.9999999999927000, 2080.000000010411900 ) ) ;
#1099 = EDGE_CURVE ( 'NONE', #181, #799, #350, .T. ) ;
#1100 = EDGE_LOOP ( 'NONE', ( #276, #174, #1207, #921 ) ) ;
#1101 =( NAMED_UNIT ( * ) PLANE_ANGLE_UNIT ( ) SI_UNIT ( $, .RADIAN. ) );
#1102 = ORIENTED_EDGE ( 'NONE', *, *, #1032, .F. ) ;
#1103 = EDGE_CURVE ( 'NONE', #292, #847, #561, .T. ) ;
#1104 = PRESENTATION_STYLE_ASSIGNMENT (( #471 ) ) ;
#1105 =( LENGTH_UNIT ( ) NAMED_UNIT ( * ) SI_UNIT ( .MILLI., .METRE. ) );
#1106 = FILL_AREA_STYLE_COLOUR ( '', #43 ) ;
#1107 =( NAMED_UNIT ( * ) PLANE_ANGLE_UNIT ( ) SI_UNIT ( $, .RADIAN. ) );
#1108 = LINE ( 'NONE', #699, #1651 ) ;
#1109 = CARTESIAN_POINT ( 'NONE',  ( 202.8854586445549700, 282.2499999999930100, 2030.603483873602700 ) ) ;
#1110 = EDGE_CURVE ( 'NONE', #1144, #941, #296, .T. ) ;
#1111 = FILL_AREA_STYLE_COLOUR ( '', #662 ) ;
#1112 = VECTOR ( 'NONE', #918, 1000.000000000000000 ) ;
#1113 = SURFACE_STYLE_FILL_AREA ( #1333 ) ;
#1114 = EDGE_CURVE ( 'NONE', #480, #362, #243, .T. ) ;
#1115 = DIRECTION ( 'NONE',  ( -0.03972146605919287700, -3.355728890543893200E-015, 0.9992107911417432700 ) ) ;
#1116 = EDGE_CURVE ( 'NONE', #273, #496, #161, .T. ) ;
#1117 = DIRECTION ( 'NONE',  ( -0.03972146605919287700, -3.355728890543893200E-015, 0.9992107911417432700 ) ) ;
#1118 = COLOUR_RGB ( '',0.2901960784313725200, 0.3294117647058823500, 0.3490196078431372400 ) ;
#1119 = SURFACE_STYLE_USAGE ( .BOTH. , #1347 ) ;
#1120 = EDGE_LOOP ( 'NONE', ( #445, #217, #164, #1325 ) ) ;
#1121 = SURFACE_STYLE_USAGE ( .BOTH. , #1061 ) ;
#1122 = DIRECTION ( 'NONE',  ( 0.0000000000000000000, -4.069722236023859200E-015, 1.000000000000000000 ) ) ;
#1123 = ORIENTED_EDGE ( 'NONE', *, *, #957, .T. ) ;
#1124 = EDGE_CURVE ( 'NONE', #1383, #1508, #280, .T. ) ;
#1125 = CARTESIAN_POINT ( 'NONE',  ( 434.3088055236426000, 269.2499999999950500, 1376.279560255275600 ) ) ;
#1126 = DIRECTION ( 'NONE',  ( 1.187977722384566500E-016, 1.000000000000000000, 4.069722236023859200E-015 ) ) ;
#1127 = EDGE_CURVE ( 'NONE', #836, #1383, #129, .T. ) ;
#1128 = CARTESIAN_POINT ( 'NONE',  ( 379.1024093130612300, 269.2499999999950500, 1374.084949255504900 ) ) ;
#1129 = EDGE_CURVE ( 'NONE', #351, #1144, #1465, .T. ) ;
#1130 = FILL_AREA_STYLE_COLOUR ( '', #1419 ) ;
#1131 =( NAMED_UNIT ( * ) SI_UNIT ( $, .STERADIAN. ) SOLID_ANGLE_UNIT ( ) );
#1132 = EDGE_CURVE ( 'NONE', #1383, #836, #1501, .T. ) ;
#1133 = DIRECTION ( 'NONE',  ( 0.9992107911417431600, 0.0000000000000000000, 0.03972146605919383400 ) ) ;
#1134 = EDGE_CURVE ( 'NONE', #605, #783, #1371, .T. ) ;
#1135 = DIRECTION ( 'NONE',  ( -0.03972146605919287700, -3.355728890543893200E-015, 0.9992107911417432700 ) ) ;
#1136 = PRESENTATION_STYLE_ASSIGNMENT (( #979 ) ) ;
#1137 = EDGE_CURVE ( 'NONE', #1521, #29, #1159, .T. ) ;
#1138 = CARTESIAN_POINT ( 'NONE',  ( 328.6391772905722600, 269.2499999999951100, 1359.569019597214500 ) ) ;
#1139 = EDGE_CURVE ( 'NONE', #558, #1028, #1070, .T. ) ;
#1140 = CARTESIAN_POINT ( 'NONE',  ( 268.4211312919066500, 256.2499999999924400, 2144.296384314479400 ) ) ;
#1141 = ADVANCED_FACE ( 'NONE', ( #79 ), #768, .F. ) ;
#1142 = DIRECTION ( 'NONE',  ( 0.9992107911417431600, 0.0000000000000000000, 0.03972146605919478500 ) ) ;
#1143 = DIRECTION ( 'NONE',  ( 0.03972146605919287700, 3.355728890543893200E-015, -0.9992107911417432700 ) ) ;
#1144 = VERTEX_POINT ( 'NONE', #789 ) ;
#1145 = CARTESIAN_POINT ( 'NONE',  ( 328.8179238878386200, 269.2499999999951100, 1355.072571037076600 ) ) ;
#1146 = EDGE_CURVE ( 'NONE', #1356, #321, #1152, .T. ) ;
#1147 = DIRECTION ( 'NONE',  ( 0.9992107911417431600, 0.0000000000000000000, 0.03972146605919339700 ) ) ;
#1148 = FACE_OUTER_BOUND ( 'NONE', #724, .T. ) ;
#1149 = EDGE_CURVE ( 'NONE', #365, #51, #1234, .T. ) ;
#1150 = DIRECTION ( 'NONE',  ( 0.0000000000000000000, 4.325544251786326300E-015, -1.000000000000000000 ) ) ;
#1151 = DIRECTION ( 'NONE',  ( -1.187977722384566500E-016, -1.000000000000000000, -4.069722236023859200E-015 ) ) ;
#1152 = CIRCLE ( 'NONE', #209, 106.2500000000000900 ) ;
#1153 = CARTESIAN_POINT ( 'NONE',  ( 300.0000002618942300, 294.9999999999927200, 2080.000000010411900 ) ) ;
#1154 = EDGE_CURVE ( 'NONE', #943, #284, #828, .T. ) ;
#1155 = CARTESIAN_POINT ( 'NONE',  ( 438.4331999179863100, 269.2499999999951100, 1366.936013237150700 ) ) ;
#1156 = PRESENTATION_STYLE_ASSIGNMENT (( #907 ) ) ;
#1157 = FACE_OUTER_BOUND ( 'NONE', #714, .T. ) ;
#1158 = EDGE_CURVE ( 'NONE', #651, #321, #414, .T. ) ;
#1159 = LINE ( 'NONE', #855, #1018 ) ;
#1160 = COLOUR_RGB ( '',0.8431372549019607900, 0.8431372549019607900, 0.8431372549019607900 ) ;
#1161 = FACE_OUTER_BOUND ( 'NONE', #104, .T. ) ;
#1162 = CARTESIAN_POINT ( 'NONE',  ( 386.9362170398405900, 362.6639638992627400, 1355.381358543768100 ) ) ;
#1163 = CARTESIAN_POINT ( 'NONE',  ( 300.0000002618942300, 294.9999999999927800, 2060.000000010411900 ) ) ;
#1164 = EDGE_CURVE ( 'NONE', #799, #847, #1108, .T. ) ;
#1165 = DIRECTION ( 'NONE',  ( 0.9992107911417431600, 0.0000000000000000000, 0.03972146605919478500 ) ) ;
#1166 = ORIENTED_EDGE ( 'NONE', *, *, #1083, .F. ) ;
#1167 = CARTESIAN_POINT ( 'NONE',  ( 328.1426589648323200, 269.2499999999950500, 1372.059154486486200 ) ) ;
#1168 = DIRECTION ( 'NONE',  ( 0.03972146605919287700, 3.355728890543893200E-015, -0.9992107911417432700 ) ) ;
#1169 = CARTESIAN_POINT ( 'NONE',  ( 328.7027316362668900, 269.2499999999951100, 1357.970282331387800 ) ) ;
#1170 = PRESENTATION_STYLE_ASSIGNMENT (( #1119 ) ) ;
#1171 = DIRECTION ( 'NONE',  ( 0.9992107911417431600, 0.0000000000000000000, 0.03972146605919489600 ) ) ;
#1172 = DIRECTION ( 'NONE',  ( 0.03972146605919287700, 3.355728890543893200E-015, -0.9992107911417432700 ) ) ;
#1173 = CARTESIAN_POINT ( 'NONE',  ( 328.7027316362668900, 269.2499999999951100, 1357.970282331387800 ) ) ;
#1174 = CARTESIAN_POINT ( 'NONE',  ( -0.01594181826651284600, 256.2500000000011900, 0.4010233866568816400 ) ) ;
#1175 = DIRECTION ( 'NONE',  ( 0.7346360442602254400, 2.803736533363877200E-015, -0.6784614082419780900 ) ) ;
#1176 = CARTESIAN_POINT ( 'NONE',  ( 326.3753571781277300, 256.2499999999924400, 2146.600229345912800 ) ) ;
#1177 = DIRECTION ( 'NONE',  ( 0.0000000000000000000, 4.325544251786326300E-015, -1.000000000000000000 ) ) ;
#1178 = ADVANCED_FACE ( 'NONE', ( #357 ), #684, .T. ) ;
#1179 = DIRECTION ( 'NONE',  ( -1.187977722384566500E-016, -1.000000000000000000, -4.069722236023859200E-015 ) ) ;
#1180 = CARTESIAN_POINT ( 'NONE',  ( 300.0000002618942300, 256.2499999999927200, 2080.000000010411900 ) ) ;
#1181 = SURFACE_STYLE_FILL_AREA ( #1216 ) ;
#1182 =( NAMED_UNIT ( * ) PLANE_ANGLE_UNIT ( ) SI_UNIT ( $, .RADIAN. ) );
#1183 = ORIENTED_EDGE ( 'NONE', *, *, #814, .T. ) ;
#1184 = ADVANCED_FACE ( 'NONE', ( #1148 ), #484, .T. ) ;
#1185 =( NAMED_UNIT ( * ) SI_UNIT ( $, .STERADIAN. ) SOLID_ANGLE_UNIT ( ) );
#1186 = ORIENTED_EDGE ( 'NONE', *, *, #1030, .T. ) ;
#1187 = DIRECTION ( 'NONE',  ( 0.0000000000000000000, -4.069722236023859200E-015, 1.000000000000000000 ) ) ;
#1188 = DIRECTION ( 'NONE',  ( 1.187977722384566500E-016, 1.000000000000000000, 4.069722236023859200E-015 ) ) ;
#1189 =( NAMED_UNIT ( * ) PLANE_ANGLE_UNIT ( ) SI_UNIT ( $, .RADIAN. ) );
#1190 = CARTESIAN_POINT ( 'NONE',  ( -0.01594181826651284600, 282.2500000000012500, 0.4010233866569694100 ) ) ;
#1191 =( LENGTH_UNIT ( ) NAMED_UNIT ( * ) SI_UNIT ( .MILLI., .METRE. ) );
#1192 =( NAMED_UNIT ( * ) SI_UNIT ( $, .STERADIAN. ) SOLID_ANGLE_UNIT ( ) );
#1193 = SURFACE_STYLE_USAGE ( .BOTH. , #1199 ) ;
#1194 =( LENGTH_UNIT ( ) NAMED_UNIT ( * ) SI_UNIT ( .MILLI., .METRE. ) );
#1195 =( NAMED_UNIT ( * ) SI_UNIT ( $, .STERADIAN. ) SOLID_ANGLE_UNIT ( ) );
#1196 =( NAMED_UNIT ( * ) PLANE_ANGLE_UNIT ( ) SI_UNIT ( $, .RADIAN. ) );
#1197 =( LENGTH_UNIT ( ) NAMED_UNIT ( * ) SI_UNIT ( .MILLI., .METRE. ) );
#1198 = FACE_OUTER_BOUND ( 'NONE', #82, .T. ) ;
#1199 = SURFACE_SIDE_STYLE ('',( #1181 ) ) ;
#1200 = CYLINDRICAL_SURFACE ( 'NONE', #551, 38.49999999999997900 ) ;
#1201 = DIRECTION ( 'NONE',  ( -0.9992107911417433800, 0.0000000000000000000, -0.03972146605919103100 ) ) ;
#1202 = SURFACE_STYLE_USAGE ( .BOTH. , #632 ) ;
#1203 = SURFACE_STYLE_USAGE ( .BOTH. , #1204 ) ;
#1204 = SURFACE_SIDE_STYLE ('',( #1403 ) ) ;
#1205 = FILL_AREA_STYLE ('',( #1215 ) ) ;
#1206 = PRODUCT_RELATED_PRODUCT_CATEGORY ( 'part', '', ( #369 ) ) ;
#1207 = ORIENTED_EDGE ( 'NONE', *, *, #913, .F. ) ;
#1208 = UNCERTAINTY_MEASURE_WITH_UNIT (LENGTH_MEASURE( 1.000000000000000100E-005 ), #1340, 'distance_accuracy_value', 'NONE');
#1209 = PLANE ( 'NONE',  #285 ) ;
#1210 = FILL_AREA_STYLE_COLOUR ( '', #394 ) ;
#1211 = DIRECTION ( 'NONE',  ( 1.338217801704192000E-016, 1.000000000000000000, 5.319795728933519000E-018 ) ) ;
#1212 = CARTESIAN_POINT ( 'NONE',  ( 201.2568785361280600, 282.2499999999929500, 2071.571126310414000 ) ) ;
#1213 = DIRECTION ( 'NONE',  ( -0.9548828371550087700, 1.045370068556606300E-015, -0.2969827727441457000 ) ) ;
#1214 = PLANE ( 'NONE',  #871 ) ;
#1215 = FILL_AREA_STYLE_COLOUR ( '', #1327 ) ;
#1216 = FILL_AREA_STYLE ('',( #1264 ) ) ;
#1217 = DIRECTION ( 'NONE',  ( -0.03972146605919287700, -3.355728890543893200E-015, 0.9992107911417432700 ) ) ;
#1218 = CYLINDRICAL_SURFACE ( 'NONE', #3, 20.00000000000001800 ) ;
#1219 = DIRECTION ( 'NONE',  ( 0.03972146605919201600, 4.038999788992539000E-015, -0.9992107911417432700 ) ) ;
#1220 = CARTESIAN_POINT ( 'NONE',  ( 278.7421920791797400, 269.2499999999951100, 1355.984209028428000 ) ) ;
#1221 = FACE_OUTER_BOUND ( 'NONE', #563, .T. ) ;
#1222 = FACE_OUTER_BOUND ( 'NONE', #587, .T. ) ;
#1223 = CARTESIAN_POINT ( 'NONE',  ( -0.01594181826651132700, 295.0000000000011900, 0.4010233866570212000 ) ) ;
#1224 = EDGE_LOOP ( 'NONE', ( #1568, #298, #658, #142 ) ) ;
#1225 = CARTESIAN_POINT ( 'NONE',  ( 379.7776742360674700, 269.2499999999951100, 1357.098365806095400 ) ) ;
#1226 = DIRECTION ( 'NONE',  ( -0.9992107911417431600, 0.0000000000000000000, -0.03972146605919288400 ) ) ;
#1227 = DIRECTION ( 'NONE',  ( -0.03972146605919277300, -3.375800051289389700E-015, 0.9992107911417432700 ) ) ;
#1228 = CARTESIAN_POINT ( 'NONE',  ( 328.5200128923945600, 269.2499999999951100, 1362.566651970639400 ) ) ;
#1229 = CARTESIAN_POINT ( 'NONE',  ( 438.0558459904240700, 269.2499999999950500, 1376.428515752997300 ) ) ;
#1230 =( NAMED_UNIT ( * ) SI_UNIT ( $, .STERADIAN. ) SOLID_ANGLE_UNIT ( ) );
#1231 = CARTESIAN_POINT ( 'NONE',  ( 218.7659027703037100, 269.2499999999951100, 1354.195641863622500 ) ) ;
#1232 = DIRECTION ( 'NONE',  ( 0.0000000000000000000, 2.775557561562889000E-015, -1.000000000000000000 ) ) ;
#1233 = DIRECTION ( 'NONE',  ( 4.740497608255119100E-031, -1.000000000000000000, -3.371665001538219900E-015 ) ) ;
#1234 = LINE ( 'NONE', #782, #687 ) ;
#1235 = CARTESIAN_POINT ( 'NONE',  ( 300.0000002618942300, 294.9999999999927200, 2080.000000010411900 ) ) ;
#1236 = UNCERTAINTY_MEASURE_WITH_UNIT (LENGTH_MEASURE( 1.000000000000000100E-005 ), #211, 'distance_accuracy_value', 'NONE');
#1237 = EDGE_LOOP ( 'NONE', ( #490, #964 ) ) ;
#1238 = DIRECTION ( 'NONE',  ( 4.740497608255118200E-031, -1.000000000000000000, -3.371665001538219900E-015 ) ) ;
#1239 =( NAMED_UNIT ( * ) PLANE_ANGLE_UNIT ( ) SI_UNIT ( $, .RADIAN. ) );
#1240 = DIRECTION ( 'NONE',  ( -0.9992107911417433800, 0.0000000000000000000, -0.03972146605919087100 ) ) ;
#1241 = DIRECTION ( 'NONE',  ( 0.03972146605919277300, 3.375800051289389700E-015, -0.9992107911417432700 ) ) ;
#1242 = CARTESIAN_POINT ( 'NONE',  ( 301.8073269675874100, 269.2499999999928400, 2034.535909013462700 ) ) ;
#1243 = ORIENTED_EDGE ( 'NONE', *, *, #1139, .F. ) ;
#1244 = CARTESIAN_POINT ( 'NONE',  ( 300.0000002618942300, 248.9999999999925300, 2118.500000010411400 ) ) ;
#1245 = FACE_OUTER_BOUND ( 'NONE', #617, .T. ) ;
#1246 =( GEOMETRIC_REPRESENTATION_CONTEXT ( 3 ) GLOBAL_UNCERTAINTY_ASSIGNED_CONTEXT ( ( #533 ) ) GLOBAL_UNIT_ASSIGNED_CONTEXT ( ( #928, #925, #923 ) ) REPRESENTATION_CONTEXT ( 'NONE', 'WORKASPACE' ) );
#1247 = COLOUR_RGB ( '',0.8431372549019607900, 0.8431372549019607900, 0.8431372549019607900 ) ;
#1248 = PRESENTATION_STYLE_ASSIGNMENT (( #1202 ) ) ;
#1249 = FILL_AREA_STYLE ('',( #517 ) ) ;
#1250 = CARTESIAN_POINT ( 'NONE',  ( 300.0000002618942300, 282.2499999999928400, 2060.000000010411900 ) ) ;
#1251 =( NAMED_UNIT ( * ) SI_UNIT ( $, .STERADIAN. ) SOLID_ANGLE_UNIT ( ) );
#1252 = UNCERTAINTY_MEASURE_WITH_UNIT (LENGTH_MEASURE( 1.000000000000000100E-005 ), #86, 'distance_accuracy_value', 'NONE');
#1253 = CARTESIAN_POINT ( 'NONE',  ( 378.6632711933540900, 269.2499999999951100, 1359.956355634347600 ) ) ;
#1254 = CARTESIAN_POINT ( 'NONE',  ( 222.4730307317619800, 269.2499999999951100, 1355.348613828425200 ) ) ;
#1255 = COLOUR_RGB ( '',0.8431372549019607900, 0.8431372549019607900, 0.8431372549019607900 ) ;
#1256 = CARTESIAN_POINT ( 'NONE',  ( 300.0000002618942300, 294.9999999999926700, 2100.000000010411900 ) ) ;
#1257 = FACE_OUTER_BOUND ( 'NONE', #8, .T. ) ;
#1258 = ORIENTED_EDGE ( 'NONE', *, *, #1358, .T. ) ;
#1259 = CARTESIAN_POINT ( 'NONE',  ( 201.2568785361280600, 282.2499999999928400, 2071.571126310414000 ) ) ;
#1260 = CARTESIAN_POINT ( 'NONE',  ( 328.6790897958950400, 269.2499999999951100, 1358.565003130133600 ) ) ;
#1261 = DIRECTION ( 'NONE',  ( 0.0000000000000000000, -4.037174635000590100E-015, 1.000000000000000000 ) ) ;
#1262 = ADVANCED_FACE ( 'NONE', ( #167 ), #30, .T. ) ;
#1263 =( NAMED_UNIT ( * ) SI_UNIT ( $, .STERADIAN. ) SOLID_ANGLE_UNIT ( ) );
#1264 = FILL_AREA_STYLE_COLOUR ( '', #1160 ) ;
#1265 = AXIS2_PLACEMENT_3D ( 'NONE', #931, #930, #929 ) ;
#1266 =( NAMED_UNIT ( * ) PLANE_ANGLE_UNIT ( ) SI_UNIT ( $, .RADIAN. ) );
#1267 = FACE_OUTER_BOUND ( 'NONE', #423, .T. ) ;
#1268 = ADVANCED_FACE ( 'NONE', ( #84 ), #550, .T. ) ;
#1269 =( LENGTH_UNIT ( ) NAMED_UNIT ( * ) SI_UNIT ( .MILLI., .METRE. ) );
#1270 = SURFACE_STYLE_USAGE ( .BOTH. , #1272 ) ;
#1271 = FACE_OUTER_BOUND ( 'NONE', #405, .T. ) ;
#1272 = SURFACE_SIDE_STYLE ('',( #1310 ) ) ;
#1273 = FILL_AREA_STYLE ('',( #1277 ) ) ;
#1274 = FACE_OUTER_BOUND ( 'NONE', #559, .T. ) ;
#1275 = COLOUR_RGB ( '',0.8431372549019607900, 0.8431372549019607900, 0.8431372549019607900 ) ;
#1276 = DIRECTION ( 'NONE',  ( 0.6784614082419762000, -3.364483840036663000E-015, 0.7346360442602272200 ) ) ;
#1277 = FILL_AREA_STYLE_COLOUR ( '', #1275 ) ;
#1278 = VECTOR ( 'NONE', #1299, 1000.000000000000000 ) ;
#1279 = DIRECTION ( 'NONE',  ( 1.187977722384566500E-016, 1.000000000000000000, 4.069722236023859200E-015 ) ) ;
#1280 = ORIENTED_EDGE ( 'NONE', *, *, #1137, .T. ) ;
#1281 = DIRECTION ( 'NONE',  ( 0.9992107911417431600, 0.0000000000000000000, 0.03972146605919489600 ) ) ;
#1282 = CONICAL_SURFACE ( 'NONE', #169, 109.9999999999995600, 1.308996938995676800 ) ;
#1283 = PRESENTATION_STYLE_ASSIGNMENT (( #1203 ) ) ;
#1284 = UNCERTAINTY_MEASURE_WITH_UNIT (LENGTH_MEASURE( 1.000000000000000100E-005 ), #1307, 'distance_accuracy_value', 'NONE');
#1285 = DIRECTION ( 'NONE',  ( 0.03972146605919287700, 3.355728890543893200E-015, -0.9992107911417432700 ) ) ;
#1286 = DIRECTION ( 'NONE',  ( 0.0000000000000000000, 2.775557561562889000E-015, -1.000000000000000000 ) ) ;
#1287 = CARTESIAN_POINT ( 'NONE',  ( 328.7027316362668900, 269.2499999999951100, 1357.970282331387800 ) ) ;
#1288 =( NAMED_UNIT ( * ) SI_UNIT ( $, .STERADIAN. ) SOLID_ANGLE_UNIT ( ) );
#1289 = CARTESIAN_POINT ( 'NONE',  ( 300.0000002618942300, 243.9999999999927000, 2080.000000010411900 ) ) ;
#1290 = CIRCLE ( 'NONE', #156, 50.00000000000002100 ) ;
#1291 = DIRECTION ( 'NONE',  ( -1.187977722384566500E-016, -1.000000000000000000, -4.069722236023859200E-015 ) ) ;
#1292 = CARTESIAN_POINT ( 'NONE',  ( 300.0000002618942300, 416.6444443027206700, 2118.500000010412400 ) ) ;
#1293 = EDGE_CURVE ( 'NONE', #444, #706, #865, .T. ) ;
#1294 = VECTOR ( 'NONE', #1291, 1000.000000000000000 ) ;
#1295 = DIRECTION ( 'NONE',  ( 0.9992107911417431600, 0.0000000000000000000, 0.03972146605919288400 ) ) ;
#1296 = CARTESIAN_POINT ( 'NONE',  ( 202.8854586445549700, 269.2499999999928900, 2030.603483873602700 ) ) ;
#1297 = LINE ( 'NONE', #1296, #1278 ) ;
#1298 = PRESENTATION_STYLE_ASSIGNMENT (( #1270 ) ) ;
#1299 = DIRECTION ( 'NONE',  ( 1.353037169688701000E-016, -1.000000000000000000, -3.403623971869848400E-015 ) ) ;
#1300 =( NAMED_UNIT ( * ) PLANE_ANGLE_UNIT ( ) SI_UNIT ( $, .RADIAN. ) );
#1301 = FACE_OUTER_BOUND ( 'NONE', #607, .T. ) ;
#1302 = DIRECTION ( 'NONE',  ( -0.9992107911417433800, 0.0000000000000000000, -0.03972146605919103100 ) ) ;
#1303 = UNCERTAINTY_MEASURE_WITH_UNIT (LENGTH_MEASURE( 1.000000000000000100E-005 ), #111, 'distance_accuracy_value', 'NONE');
#1304 =( NAMED_UNIT ( * ) SI_UNIT ( $, .STERADIAN. ) SOLID_ANGLE_UNIT ( ) );
#1305 = ADVANCED_FACE ( 'NONE', ( #1221 ), #1046, .T. ) ;
#1306 =( NAMED_UNIT ( * ) PLANE_ANGLE_UNIT ( ) SI_UNIT ( $, .RADIAN. ) );
#1307 =( LENGTH_UNIT ( ) NAMED_UNIT ( * ) SI_UNIT ( .MILLI., .METRE. ) );
#1308 = SURFACE_STYLE_USAGE ( .BOTH. , #1309 ) ;
#1309 = SURFACE_SIDE_STYLE ('',( #1376 ) ) ;
#1310 = SURFACE_STYLE_FILL_AREA ( #1273 ) ;
#1311 = SURFACE_SIDE_STYLE ('',( #1113 ) ) ;
#1312 = CYLINDRICAL_SURFACE ( 'NONE', #606, 110.0000000000000000 ) ;
#1313 = FILL_AREA_STYLE ('',( #1323 ) ) ;
#1314 = FILL_AREA_STYLE ('',( #1604 ) ) ;
#1315 = PRODUCT_DEFINITION_FORMATION_WITH_SPECIFIED_SOURCE ( 'ANY', '', #369, .NOT_KNOWN. ) ;
#1316 = SURFACE_STYLE_FILL_AREA ( #906 ) ;
#1317 = LINE ( 'NONE', #1292, #1294 ) ;
#1318 = DIRECTION ( 'NONE',  ( 0.0000000000000000000, 4.325544251786326300E-015, -1.000000000000000000 ) ) ;
#1319 = DIRECTION ( 'NONE',  ( 1.187977722384566500E-016, 1.000000000000000000, 4.069722236023859200E-015 ) ) ;
#1320 = SURFACE_STYLE_USAGE ( .BOTH. , #1311 ) ;
#1321 = PRESENTATION_LAYER_ASSIGNMENT (  '', '', ( #1089 ) ) ;
#1322 = CARTESIAN_POINT ( 'NONE',  ( 300.0000002618942300, 248.9999999999927000, 2080.000000010411400 ) ) ;
#1323 = FILL_AREA_STYLE_COLOUR ( '', #1372 ) ;
#1324 =( NAMED_UNIT ( * ) PLANE_ANGLE_UNIT ( ) SI_UNIT ( $, .RADIAN. ) );
#1325 = ORIENTED_EDGE ( 'NONE', *, *, #1030, .F. ) ;
#1326 = CARTESIAN_POINT ( 'NONE',  ( 328.6790897958950400, 269.2499999999951100, 1358.565003130133600 ) ) ;
#1327 = COLOUR_RGB ( '',0.8431372549019607900, 0.8431372549019607900, 0.8431372549019607900 ) ;
#1328 = DIRECTION ( 'NONE',  ( 0.0000000000000000000, 4.325544251786326300E-015, -1.000000000000000000 ) ) ;
#1329 = ADVANCED_BREP_SHAPE_REPRESENTATION ( 'IRB660_180-315_BALANCE_a_CAD_rev02', ( #1378, #940 ), #1246 ) ;
#1330 = DIRECTION ( 'NONE',  ( -1.187977722384566500E-016, -1.000000000000000000, -4.069722236023859200E-015 ) ) ;
#1331 = CARTESIAN_POINT ( 'NONE',  ( 300.0000002618942300, 282.2499999999927200, 2080.000000010411900 ) ) ;
#1332 = CARTESIAN_POINT ( 'NONE',  ( 328.1426589648323200, 269.2499999999950500, 1372.059154486486200 ) ) ;
#1333 = FILL_AREA_STYLE ('',( #1487 ) ) ;
#1334 = FILL_AREA_STYLE_COLOUR ( '', #766 ) ;
#1335 = DIRECTION ( 'NONE',  ( 0.03972146605919201600, 4.038999788992539000E-015, -0.9992107911417432700 ) ) ;
#1336 = COLOUR_RGB ( '',0.8431372549019607900, 0.8431372549019607900, 0.8431372549019607900 ) ;
#1337 = DIRECTION ( 'NONE',  ( -0.03972146605919287700, -3.355728890543893200E-015, 0.9992107911417432700 ) ) ;
#1338 = FILL_AREA_STYLE ('',( #1210 ) ) ;
#1339 = DIRECTION ( 'NONE',  ( 0.9992107911417431600, 0.0000000000000000000, 0.03972146605919288400 ) ) ;
#1340 =( LENGTH_UNIT ( ) NAMED_UNIT ( * ) SI_UNIT ( .MILLI., .METRE. ) );
#1341 = DIRECTION ( 'NONE',  ( -0.03972146605919287700, -3.355728890543893200E-015, 0.9992107911417432700 ) ) ;
#1342 = CARTESIAN_POINT ( 'NONE',  ( 328.8973668199569700, 269.2499999999951100, 1353.074149454793100 ) ) ;
#1343 = ORIENTED_EDGE ( 'NONE', *, *, #1602, .F. ) ;
#1344 = CARTESIAN_POINT ( 'NONE',  ( 300.0000002618942300, 243.9999999999928100, 2052.500000010411900 ) ) ;
#1345 = CARTESIAN_POINT ( 'NONE',  ( 276.0338162067903300, 269.2499999999950500, 1369.987680031499200 ) ) ;
#1346 = FILL_AREA_STYLE ('',( #1130 ) ) ;
#1347 = SURFACE_SIDE_STYLE ('',( #591 ) ) ;
#1348 = DIRECTION ( 'NONE',  ( 0.7346360442602254400, 2.803736533363877200E-015, -0.6784614082419780900 ) ) ;
#1349 = DIRECTION ( 'NONE',  ( 1.187977722384566500E-016, 1.000000000000000000, 4.069722236023859200E-015 ) ) ;
#1350 = DIRECTION ( 'NONE',  ( 0.9992107911417432700, 0.0000000000000000000, 0.03972146605919142000 ) ) ;
#1351 = DIRECTION ( 'NONE',  ( 0.03972146605919287700, 3.355728890543893200E-015, -0.9992107911417432700 ) ) ;
#1352 = UNCERTAINTY_MEASURE_WITH_UNIT (LENGTH_MEASURE( 1.000000000000000100E-005 ), #555, 'distance_accuracy_value', 'NONE');
#1353 = PRESENTATION_STYLE_ASSIGNMENT (( #1121 ) ) ;
#1354 = CARTESIAN_POINT ( 'NONE',  ( 328.8973668199569700, 269.2499999999951100, 1353.074149454793100 ) ) ;
#1355 = CARTESIAN_POINT ( 'NONE',  ( 277.1829086166034100, 269.2499999999950500, 1370.033359717467400 ) ) ;
#1356 = VERTEX_POINT ( 'NONE', #173 ) ;
#1357 = CARTESIAN_POINT ( 'NONE',  ( 202.8854586445549700, 282.2499999999929500, 2030.603483873602700 ) ) ;
#1358 = EDGE_CURVE ( 'NONE', #183, #651, #121, .T. ) ;
#1359 = CARTESIAN_POINT ( 'NONE',  ( 300.0000002618942300, 282.2499999999927800, 2080.000000010411900 ) ) ;
#1360 = VECTOR ( 'NONE', #1211, 1000.000000000000000 ) ;
#1361 = CARTESIAN_POINT ( 'NONE',  ( 326.3753571781277300, 282.2499999999925000, 2146.600229345912800 ) ) ;
#1362 = SURFACE_SIDE_STYLE ('',( #1375 ) ) ;
#1363 = PRESENTATION_STYLE_ASSIGNMENT (( #1547 ) ) ;
#1364 = SURFACE_STYLE_FILL_AREA ( #435 ) ;
#1365 = DIRECTION ( 'NONE',  ( -0.03972146605919287700, -3.355728890543893200E-015, 0.9992107911417432700 ) ) ;
#1366 = FACE_BOUND ( 'NONE', #638, .T. ) ;
#1367 = CARTESIAN_POINT ( 'NONE',  ( 378.1031985219194700, 269.2499999999950500, 1374.045227789446000 ) ) ;
#1368 = DIRECTION ( 'NONE',  ( -0.03972146605919287700, -3.355728890543893200E-015, 0.9992107911417432700 ) ) ;
#1369 = PRESENTATION_STYLE_ASSIGNMENT (( #1308 ) ) ;
#1370 = COLOUR_RGB ( '',0.2901960784313725200, 0.3294117647058823500, 0.3490196078431372400 ) ;
#1371 = LINE ( 'NONE', #919, #1112 ) ;
#1372 = COLOUR_RGB ( '',0.8431372549019607900, 0.8431372549019607900, 0.8431372549019607900 ) ;
#1373 = UNCERTAINTY_MEASURE_WITH_UNIT (LENGTH_MEASURE( 1.000000000000000100E-005 ), #1542, 'distance_accuracy_value', 'NONE');
#1374 = FACE_OUTER_BOUND ( 'NONE', #71, .T. ) ;
#1375 = SURFACE_STYLE_FILL_AREA ( #1479 ) ;
#1376 = SURFACE_STYLE_FILL_AREA ( #1313 ) ;
#1377 = SURFACE_STYLE_FILL_AREA ( #1346 ) ;
#1378 = MANIFOLD_SOLID_BREP ( 'Boss-Extrude1', #858 ) ;
#1379 = VECTOR ( 'NONE', #1337, 1000.000000000000000 ) ;
#1380 = CIRCLE ( 'NONE', #270, 38.49999999999997900 ) ;
#1381 = DIRECTION ( 'NONE',  ( 0.9992107911417431600, 0.0000000000000000000, 0.03972146605919489600 ) ) ;
#1382 = SURFACE_STYLE_FILL_AREA ( #1550 ) ;
#1383 = VERTEX_POINT ( 'NONE', #177 ) ;
#1384 =( NAMED_UNIT ( * ) SI_UNIT ( $, .STERADIAN. ) SOLID_ANGLE_UNIT ( ) );
#1385 = FACE_OUTER_BOUND ( 'NONE', #577, .T. ) ;
#1386 = CIRCLE ( 'NONE', #402, 38.49999999999997900 ) ;
#1387 =( NAMED_UNIT ( * ) PLANE_ANGLE_UNIT ( ) SI_UNIT ( $, .RADIAN. ) );
#1388 = PRESENTATION_STYLE_ASSIGNMENT (( #954 ) ) ;
#1389 = VECTOR ( 'NONE', #1349, 1000.000000000000000 ) ;
#1390 = CARTESIAN_POINT ( 'NONE',  ( 326.3753571781277300, 282.2499999999926100, 2146.600229345912800 ) ) ;
#1391 = PRESENTATION_STYLE_ASSIGNMENT (( #1053 ) ) ;
#1392 = CIRCLE ( 'NONE', #305, 38.49999999999997900 ) ;
#1393 =( LENGTH_UNIT ( ) NAMED_UNIT ( * ) SI_UNIT ( .MILLI., .METRE. ) );
#1394 = SURFACE_STYLE_USAGE ( .BOTH. , #1395 ) ;
#1395 = SURFACE_SIDE_STYLE ('',( #1541 ) ) ;
#1396 = LINE ( 'NONE', #1345, #1379 ) ;
#1397 = FILL_AREA_STYLE ('',( #1406 ) ) ;
#1398 = ADVANCED_FACE ( 'NONE', ( #1267 ), #504, .T. ) ;
#1399 = DIRECTION ( 'NONE',  ( 0.9992107911417432700, 0.0000000000000000000, 0.03972146605919142000 ) ) ;
#1400 = VECTOR ( 'NONE', #1348, 1000.000000000000100 ) ;
#1401 = ORIENTED_EDGE ( 'NONE', *, *, #803, .F. ) ;
#1402 = COLOUR_RGB ( '',0.8431372549019607900, 0.8431372549019607900, 0.8431372549019607900 ) ;
#1403 = SURFACE_STYLE_FILL_AREA ( #1205 ) ;
#1404 = DIRECTION ( 'NONE',  ( 0.03972146605919287700, 3.355728890543893200E-015, -0.9992107911417432700 ) ) ;
#1405 = CARTESIAN_POINT ( 'NONE',  ( 328.8973668199569700, 269.2499999999951100, 1353.074149454793100 ) ) ;
#1406 = FILL_AREA_STYLE_COLOUR ( '', #1516 ) ;
#1407 =( LENGTH_UNIT ( ) NAMED_UNIT ( * ) SI_UNIT ( .MILLI., .METRE. ) );
#1408 = CARTESIAN_POINT ( 'NONE',  ( 328.1426589648323200, 269.2499999999950500, 1372.059154486486200 ) ) ;
#1409 = DIRECTION ( 'NONE',  ( 0.9992107911417431600, 0.0000000000000000000, 0.03972146605919489600 ) ) ;
#1410 = DIRECTION ( 'NONE',  ( 0.03972146605919287700, 3.355728890543893200E-015, -0.9992107911417432700 ) ) ;
#1411 = VECTOR ( 'NONE', #1606, 1000.000000000000000 ) ;
#1412 = PRESENTATION_STYLE_ASSIGNMENT (( #579 ) ) ;
#1413 = CARTESIAN_POINT ( 'NONE',  ( 328.5200128923946200, 269.2499999999951100, 1362.566651970639900 ) ) ;
#1414 = CARTESIAN_POINT ( 'NONE',  ( 300.0000002618942300, 294.9999999999925500, 2118.500000010411900 ) ) ;
#1415 = DIRECTION ( 'NONE',  ( -0.03972146605919287700, -3.355728890543893200E-015, 0.9992107911417432700 ) ) ;
#1416 = VECTOR ( 'NONE', #1074, 1000.000000000000000 ) ;
#1417 = CIRCLE ( 'NONE', #318, 110.0000000000000100 ) ;
#1418 = CARTESIAN_POINT ( 'NONE',  ( 191.8941399419956000, 269.2499999999928400, 2030.166547746951700 ) ) ;
#1419 = COLOUR_RGB ( '',0.8431372549019607900, 0.8431372549019607900, 0.8431372549019607900 ) ;
#1420 = VECTOR ( 'NONE', #1368, 1000.000000000000000 ) ;
#1421 = FACE_OUTER_BOUND ( 'NONE', #12, .T. ) ;
#1422 = LINE ( 'NONE', #1344, #1389 ) ;
#1423 = DIRECTION ( 'NONE',  ( -0.03972146605919287700, -3.355728890543893200E-015, 0.9992107911417432700 ) ) ;
#1424 = ORIENTED_EDGE ( 'NONE', *, *, #1536, .F. ) ;
#1425 = DIRECTION ( 'NONE',  ( -0.9992107911417432700, 1.339274769215696900E-016, -0.03972146605919327900 ) ) ;
#1426 = LINE ( 'NONE', #1361, #1400 ) ;
#1427 = VECTOR ( 'NONE', #1213, 1000.000000000000100 ) ;
#1428 = LINE ( 'NONE', #1605, #1453 ) ;
#1429 = CARTESIAN_POINT ( 'NONE',  ( 300.0000002618942300, 282.2499999999928900, 2041.500000010411700 ) ) ;
#1430 = ADVANCED_FACE ( 'NONE', ( #1157 ), #39, .F. ) ;
#1431 =( NAMED_UNIT ( * ) PLANE_ANGLE_UNIT ( ) SI_UNIT ( $, .RADIAN. ) );
#1432 = UNCERTAINTY_MEASURE_WITH_UNIT (LENGTH_MEASURE( 1.000000000000000100E-005 ), #417, 'distance_accuracy_value', 'NONE');
#1433 = CARTESIAN_POINT ( 'NONE',  ( 201.2568785361280600, 282.2499999999927200, 2071.571126310414000 ) ) ;
#1434 = DIRECTION ( 'NONE',  ( -0.9992107911417431600, 0.0000000000000000000, -0.03972146605919286300 ) ) ;
#1435 = DIRECTION ( 'NONE',  ( -0.03972146605919234900, -3.646861852905803800E-015, 0.9992107911417432700 ) ) ;
#1436 = CYLINDRICAL_SURFACE ( 'NONE', #310, 50.00000000000002100 ) ;
#1437 = CARTESIAN_POINT ( 'NONE',  ( 328.6790897958949800, 269.2499999999951100, 1358.565003130133600 ) ) ;
#1438 = SURFACE_STYLE_USAGE ( .BOTH. , #1362 ) ;
#1439 = FACE_OUTER_BOUND ( 'NONE', #127, .T. ) ;
#1440 = CARTESIAN_POINT ( 'NONE',  ( 399.1006151821931700, 256.2499999999927800, 2079.435976590133600 ) ) ;
#1441 = LINE ( 'NONE', #1355, #1420 ) ;
#1442 = VECTOR ( 'NONE', #1365, 1000.000000000000000 ) ;
#1443 = CARTESIAN_POINT ( 'NONE',  ( 278.1821194077451200, 269.2499999999950500, 1370.073081183526500 ) ) ;
#1444 = FACE_BOUND ( 'NONE', #682, .T. ) ;
#1445 = CONICAL_SURFACE ( 'NONE', #514, 109.9999999999995600, 1.308996938995676800 ) ;
#1446 = CIRCLE ( 'NONE', #314, 51.00000000000000700 ) ;
#1447 = LINE ( 'NONE', #1367, #1442 ) ;
#1448 = DIRECTION ( 'NONE',  ( 0.9992107911417431600, 0.0000000000000000000, 0.03972146605919383400 ) ) ;
#1449 = LINE ( 'NONE', #1212, #1360 ) ;
#1450 = DIRECTION ( 'NONE',  ( -0.03972146605919287700, -3.355728890543893200E-015, 0.9992107911417432700 ) ) ;
#1451 = ORIENTED_EDGE ( 'NONE', *, *, #1013, .F. ) ;
#1452 = CARTESIAN_POINT ( 'NONE',  ( 328.5200128923946200, 269.2499999999951100, 1362.566651970639900 ) ) ;
#1453 = VECTOR ( 'NONE', #1600, 1000.000000000000000 ) ;
#1454 = CARTESIAN_POINT ( 'NONE',  ( 380.2515017228742500, 269.2499999999950500, 1374.130628941473100 ) ) ;
#1455 = COLOUR_RGB ( '',0.2901960784313725200, 0.3294117647058823500, 0.3490196078431372400 ) ;
#1456 = PRESENTATION_STYLE_ASSIGNMENT (( #1592 ) ) ;
#1457 = SURFACE_STYLE_FILL_AREA ( #1582 ) ;
#1458 = FACE_OUTER_BOUND ( 'NONE', #13, .T. ) ;
#1459 = VECTOR ( 'NONE', #1631, 1000.000000000000100 ) ;
#1460 = DIRECTION ( 'NONE',  ( 0.03972146605919327200, 0.0000000000000000000, -0.9992107911417431600 ) ) ;
#1461 = DIRECTION ( 'NONE',  ( -0.03972146605919287700, -3.355728890543893200E-015, 0.9992107911417432700 ) ) ;
#1462 = DIRECTION ( 'NONE',  ( 0.0000000000000000000, 2.775557561562889000E-015, -1.000000000000000000 ) ) ;
#1463 = DIRECTION ( 'NONE',  ( -4.740497608255119100E-031, 1.000000000000000000, 3.371665001538219900E-015 ) ) ;
#1464 = CARTESIAN_POINT ( 'NONE',  ( 300.0000002618942300, 243.9999999999927200, 2080.000000010411900 ) ) ;
#1465 = LINE ( 'NONE', #961, #1416 ) ;
#1466 = DIRECTION ( 'NONE',  ( -1.680512705040176600E-015, -1.000000000000000000, -1.819654280939512700E-015 ) ) ;
#1467 = CARTESIAN_POINT ( 'NONE',  ( 326.3753571781277300, 282.2499999999925500, 2146.600229345912800 ) ) ;
#1468 = DIRECTION ( 'NONE',  ( 0.0000000000000000000, -4.037174635000590100E-015, 1.000000000000000000 ) ) ;
#1469 = SURFACE_STYLE_FILL_AREA ( #336 ) ;
#1470 = DIRECTION ( 'NONE',  ( 1.187977722384566500E-016, 1.000000000000000000, 4.069722236023859200E-015 ) ) ;
#1471 = CARTESIAN_POINT ( 'NONE',  ( 300.0000002618942300, 248.9999999999927000, 2080.000000010411900 ) ) ;
#1472 = ORIENTED_EDGE ( 'NONE', *, *, #995, .F. ) ;
#1473 = SURFACE_STYLE_FILL_AREA ( #1596 ) ;
#1474 = CYLINDRICAL_SURFACE ( 'NONE', #430, 52.15000000000004800 ) ;
#1475 = CIRCLE ( 'NONE', #432, 51.00000000000000700 ) ;
#1476 = CARTESIAN_POINT ( 'NONE',  ( 400.7291952906200000, 256.2499999999928900, 2038.468334153322800 ) ) ;
#1477 = DIRECTION ( 'NONE',  ( -0.03972146605937710400, -4.061791553506637200E-015, 0.9992107911417358300 ) ) ;
#1478 =( NAMED_UNIT ( * ) SI_UNIT ( $, .STERADIAN. ) SOLID_ANGLE_UNIT ( ) );
#1479 = FILL_AREA_STYLE ('',( #487 ) ) ;
#1480 = EDGE_LOOP ( 'NONE', ( #481, #299, #1597, #477 ) ) ;
#1481 = MECHANICAL_DESIGN_GEOMETRIC_PRESENTATION_REPRESENTATION (  '', ( #988 ), #965 ) ;
#1482 = DIRECTION ( 'NONE',  ( 4.740497608255119100E-031, -1.000000000000000000, -3.371665001538219900E-015 ) ) ;
#1483 = CARTESIAN_POINT ( 'NONE',  ( 277.9376164717280600, 269.2499999999951100, 1351.048354685774300 ) ) ;
#1484 = ADVANCED_FACE ( 'NONE', ( #710 ), #1218, .F. ) ;
#1485 = DIRECTION ( 'NONE',  ( 0.03972146605919277300, 3.375800051289389700E-015, -0.9992107911417432700 ) ) ;
#1486 = PLANE ( 'NONE',  #536 ) ;
#1487 = FILL_AREA_STYLE_COLOUR ( '', #1118 ) ;
#1488 = DIRECTION ( 'NONE',  ( 0.9992107911417431600, 0.0000000000000000000, 0.03972146605919478500 ) ) ;
#1489 = LINE ( 'NONE', #1616, #1411 ) ;
#1490 = EDGE_LOOP ( 'NONE', ( #58, #760, #637, #1509 ) ) ;
#1491 = VECTOR ( 'NONE', #1217, 1000.000000000000000 ) ;
#1492 = DIRECTION ( 'NONE',  ( 0.03972146605919287700, 3.355728890543893200E-015, -0.9992107911417432700 ) ) ;
#1493 = ORIENTED_EDGE ( 'NONE', *, *, #999, .F. ) ;
#1494 = CARTESIAN_POINT ( 'NONE',  ( 328.8179238878386200, 269.2499999999951100, 1355.072571037076600 ) ) ;
#1495 = CIRCLE ( 'NONE', #436, 52.15000000000004800 ) ;
#1496 = LINE ( 'NONE', #1633, #1459 ) ;
#1497 = DIRECTION ( 'NONE',  ( 0.0000000000000000000, 4.325544251786326300E-015, -1.000000000000000000 ) ) ;
#1498 = SURFACE_STYLE_FILL_AREA ( #911 ) ;
#1499 = COLOUR_RGB ( '',0.8431372549019607900, 0.8431372549019607900, 0.8431372549019607900 ) ;
#1500 = CARTESIAN_POINT ( 'NONE',  ( 300.0000002618942300, 416.6444443027208400, 2080.000000010412400 ) ) ;
#1501 = CIRCLE ( 'NONE', #235, 27.49999999999985800 ) ;
#1502 = PRESENTATION_STYLE_ASSIGNMENT (( #745 ) ) ;
#1503 =( GEOMETRIC_REPRESENTATION_CONTEXT ( 3 ) GLOBAL_UNCERTAINTY_ASSIGNED_CONTEXT ( ( #1529 ) ) GLOBAL_UNIT_ASSIGNED_CONTEXT ( ( #953, #951, #950 ) ) REPRESENTATION_CONTEXT ( 'NONE', 'WORKASPACE' ) );
#1504 =( NAMED_UNIT ( * ) SI_UNIT ( $, .STERADIAN. ) SOLID_ANGLE_UNIT ( ) );
#1505 =( LENGTH_UNIT ( ) NAMED_UNIT ( * ) SI_UNIT ( .MILLI., .METRE. ) );
#1506 = EDGE_CURVE ( 'NONE', #1079, #783, #1559, .T. ) ;
#1507 = CARTESIAN_POINT ( 'NONE',  ( 412.0779539558693600, 269.2499999999928900, 2029.913712229896900 ) ) ;
#1508 = VERTEX_POINT ( 'NONE', #1041 ) ;
#1509 = ORIENTED_EDGE ( 'NONE', *, *, #1080, .F. ) ;
#1510 = DIRECTION ( 'NONE',  ( 0.0000000000000000000, 4.325544251786326300E-015, -1.000000000000000000 ) ) ;
#1511 = FACE_BOUND ( 'NONE', #303, .T. ) ;
#1512 = DIRECTION ( 'NONE',  ( -1.187977722384566500E-016, -1.000000000000000000, -4.069722236023859200E-015 ) ) ;
#1513 = PRESENTATION_STYLE_ASSIGNMENT (( #1394 ) ) ;
#1514 = CARTESIAN_POINT ( 'NONE',  ( 300.0000002618942300, 294.9999999999927200, 2080.000000010411900 ) ) ;
#1515 = PRESENTATION_STYLE_ASSIGNMENT (( #215 ) ) ;
#1516 = COLOUR_RGB ( '',0.8431372549019607900, 0.8431372549019607900, 0.8431372549019607900 ) ;
#1517 = CIRCLE ( 'NONE', #349, 51.00000000000000700 ) ;
#1518 = VECTOR ( 'NONE', #1423, 1000.000000000000000 ) ;
#1519 = LINE ( 'NONE', #1443, #1518 ) ;
#1520 = CARTESIAN_POINT ( 'NONE',  ( 300.0000002618942300, 243.9999999999928100, 2052.500000010411900 ) ) ;
#1521 = VERTEX_POINT ( 'NONE', #1017 ) ;
#1522 = CIRCLE ( 'NONE', #355, 50.00000000000002100 ) ;
#1523 = ORIENTED_EDGE ( 'NONE', *, *, #937, .F. ) ;
#1524 = LINE ( 'NONE', #1229, #1491 ) ;
#1525 = CARTESIAN_POINT ( 'NONE',  ( 218.7659027703032300, 269.2499999999951100, 1354.195641863622500 ) ) ;
#1526 = ADVANCED_FACE ( 'NONE', ( #597, #864 ), #1006, .F. ) ;
#1527 = SURFACE_SIDE_STYLE ('',( #387 ) ) ;
#1528 = DIRECTION ( 'NONE',  ( 0.9992107911417432700, 0.0000000000000000000, 0.03972146605919280700 ) ) ;
#1529 = UNCERTAINTY_MEASURE_WITH_UNIT (LENGTH_MEASURE( 1.000000000000000100E-005 ), #953, 'distance_accuracy_value', 'NONE');
#1530 = DIRECTION ( 'NONE',  ( -0.03972146605919280700, -3.406312263682078000E-015, 0.9992107911417432700 ) ) ;
#1531 = CARTESIAN_POINT ( 'NONE',  ( 356.2184228996027300, 313.5367110667842800, 1359.064109185842700 ) ) ;
#1532 = EDGE_CURVE ( 'NONE', #560, #893, #452, .T. ) ;
#1533 =( LENGTH_UNIT ( ) NAMED_UNIT ( * ) SI_UNIT ( .MILLI., .METRE. ) );
#1534 =( NAMED_UNIT ( * ) PLANE_ANGLE_UNIT ( ) SI_UNIT ( $, .RADIAN. ) );
#1535 = ADVANCED_FACE ( 'NONE', ( #1439 ), #909, .T. ) ;
#1536 = EDGE_CURVE ( 'NONE', #464, #775, #645, .T. ) ;
#1537 = VECTOR ( 'NONE', #1460, 1000.000000000000100 ) ;
#1538 =( NAMED_UNIT ( * ) SI_UNIT ( $, .STERADIAN. ) SOLID_ANGLE_UNIT ( ) );
#1539 =( NAMED_UNIT ( * ) PLANE_ANGLE_UNIT ( ) SI_UNIT ( $, .RADIAN. ) );
#1540 = FACE_OUTER_BOUND ( 'NONE', #112, .T. ) ;
#1541 = SURFACE_STYLE_FILL_AREA ( #1397 ) ;
#1542 =( LENGTH_UNIT ( ) NAMED_UNIT ( * ) SI_UNIT ( .MILLI., .METRE. ) );
#1543 =( LENGTH_UNIT ( ) NAMED_UNIT ( * ) SI_UNIT ( .MILLI., .METRE. ) );
#1544 = VECTOR ( 'NONE', #1461, 1000.000000000000000 ) ;
#1545 = ORIENTED_EDGE ( 'NONE', *, *, #796, .T. ) ;
#1546 =( LENGTH_UNIT ( ) NAMED_UNIT ( * ) SI_UNIT ( .MILLI., .METRE. ) );
#1547 = SURFACE_STYLE_USAGE ( .BOTH. , #1549 ) ;
#1548 = ORIENTED_EDGE ( 'NONE', *, *, #1154, .T. ) ;
#1549 = SURFACE_SIDE_STYLE ('',( #1382 ) ) ;
#1550 = FILL_AREA_STYLE ('',( #1562 ) ) ;
#1551 = PRESENTATION_STYLE_ASSIGNMENT (( #120 ) ) ;
#1552 = SURFACE_STYLE_USAGE ( .BOTH. , #1527 ) ;
#1553 = COLOUR_RGB ( '',0.8431372549019607900, 0.8431372549019607900, 0.8431372549019607900 ) ;
#1554 = DIRECTION ( 'NONE',  ( 0.0000000000000000000, 4.325544251786326300E-015, -1.000000000000000000 ) ) ;
#1555 = DIRECTION ( 'NONE',  ( 1.187977722384566500E-016, 1.000000000000000000, 4.069722236023859200E-015 ) ) ;
#1556 = UNCERTAINTY_MEASURE_WITH_UNIT (LENGTH_MEASURE( 1.000000000000000100E-005 ), #1393, 'distance_accuracy_value', 'NONE');
#1557 = DIRECTION ( 'NONE',  ( 0.9992107911417432700, 0.0000000000000000000, 0.03972146605919142000 ) ) ;
#1558 =( NAMED_UNIT ( * ) PLANE_ANGLE_UNIT ( ) SI_UNIT ( $, .RADIAN. ) );
#1559 = CIRCLE ( 'NONE', #10, 110.0000000000000100 ) ;
#1560 = CIRCLE ( 'NONE', #358, 110.0000000000000700 ) ;
#1561 = CARTESIAN_POINT ( 'NONE',  ( 300.0000002618942300, 248.9999999999927000, 2080.000000010411400 ) ) ;
#1562 = FILL_AREA_STYLE_COLOUR ( '', #1402 ) ;
#1563 = COLOUR_RGB ( '',0.8431372549019607900, 0.8431372549019607900, 0.8431372549019607900 ) ;
#1564 = LINE ( 'NONE', #1440, #1537 ) ;
#1565 = FACE_OUTER_BOUND ( 'NONE', #498, .T. ) ;
#1566 = VECTOR ( 'NONE', #1466, 1000.000000000000000 ) ;
#1567 = CIRCLE ( 'NONE', #364, 106.2500000000000900 ) ;
#1568 = ORIENTED_EDGE ( 'NONE', *, *, #824, .T. ) ;
#1569 = CARTESIAN_POINT ( 'NONE',  ( 202.8854586445625300, 256.2499999999929500, 2030.603483873602700 ) ) ;
#1570 = CIRCLE ( 'NONE', #372, 27.49999999999985800 ) ;
#1571 = PLANE ( 'NONE',  #377 ) ;
#1572 = LINE ( 'NONE', #1231, #1427 ) ;
#1573 = VECTOR ( 'NONE', #316, 1000.000000000000000 ) ;
#1574 = DIRECTION ( 'NONE',  ( 0.0000000000000000000, 4.069722236023859200E-015, -1.000000000000000000 ) ) ;
#1575 = FACE_OUTER_BOUND ( 'NONE', #1480, .T. ) ;
#1576 = DIRECTION ( 'NONE',  ( -1.187977722384566500E-016, -1.000000000000000000, -4.069722236023859200E-015 ) ) ;
#1577 = CARTESIAN_POINT ( 'NONE',  ( 202.8854586445568800, 256.2499999999930100, 2030.603483873602700 ) ) ;
#1578 = CARTESIAN_POINT ( 'NONE',  ( 300.0000002618942300, 243.9999999999927000, 2080.000000010411900 ) ) ;
#1579 = LINE ( 'NONE', #271, #1598 ) ;
#1580 = CYLINDRICAL_SURFACE ( 'NONE', #474, 106.2500000000000900 ) ;
#1581 =( NAMED_UNIT ( * ) SI_UNIT ( $, .STERADIAN. ) SOLID_ANGLE_UNIT ( ) );
#1582 = FILL_AREA_STYLE ('',( #709 ) ) ;
#1583 = VECTOR ( 'NONE', #1477, 1000.000000000000100 ) ;
#1584 =( GEOMETRIC_REPRESENTATION_CONTEXT ( 3 ) GLOBAL_UNCERTAINTY_ASSIGNED_CONTEXT ( ( #404 ) ) GLOBAL_UNIT_ASSIGNED_CONTEXT ( ( #998, #996, #993 ) ) REPRESENTATION_CONTEXT ( 'NONE', 'WORKASPACE' ) );
#1585 =( NAMED_UNIT ( * ) PLANE_ANGLE_UNIT ( ) SI_UNIT ( $, .RADIAN. ) );
#1586 = LINE ( 'NONE', #1467, #1566 ) ;
#1587 =( LENGTH_UNIT ( ) NAMED_UNIT ( * ) SI_UNIT ( .MILLI., .METRE. ) );
#1588 = CARTESIAN_POINT ( 'NONE',  ( 277.8581735396096500, 269.2499999999951100, 1353.046776268058000 ) ) ;
#1589 = DIRECTION ( 'NONE',  ( -1.187977722384566500E-016, -1.000000000000000000, -4.069722236023859200E-015 ) ) ;
#1590 = VECTOR ( 'NONE', #1485, 1000.000000000000000 ) ;
#1591 = UNCERTAINTY_MEASURE_WITH_UNIT (LENGTH_MEASURE( 1.000000000000000100E-005 ), #1197, 'distance_accuracy_value', 'NONE');
#1592 = SURFACE_STYLE_USAGE ( .BOTH. , #1593 ) ;
#1593 = SURFACE_SIDE_STYLE ('',( #1473 ) ) ;
#1594 = VERTEX_POINT ( 'NONE', #1014 ) ;
#1595 = LINE ( 'NONE', #1507, #1590 ) ;
#1596 = FILL_AREA_STYLE ('',( #1603 ) ) ;
#1597 = ORIENTED_EDGE ( 'NONE', *, *, #1052, .F. ) ;
#1598 = VECTOR ( 'NONE', #60, 1000.000000000000000 ) ;
#1599 = PRESENTATION_STYLE_ASSIGNMENT (( #431 ) ) ;
#1600 = DIRECTION ( 'NONE',  ( 0.9754441809860388000, 1.163661865694471300E-015, -0.2202467928948707000 ) ) ;
#1601 = FACE_BOUND ( 'NONE', #6, .T. ) ;
#1602 = EDGE_CURVE ( 'NONE', #605, #1594, #335, .T. ) ;
#1603 = FILL_AREA_STYLE_COLOUR ( '', #1455 ) ;
#1604 = FILL_AREA_STYLE_COLOUR ( '', #734 ) ;
#1605 = CARTESIAN_POINT ( 'NONE',  ( 438.5922768214863900, 269.2499999999951100, 1362.934364396644500 ) ) ;
#1606 = DIRECTION ( 'NONE',  ( 0.6784614082419762000, -3.364483840036663000E-015, 0.7346360442602272200 ) ) ;
#1607 = AXIS2_PLACEMENT_3D ( 'NONE', #980, #969, #948 ) ;
#1608 = CARTESIAN_POINT ( 'NONE',  ( 380.8115743943088800, 269.2499999999951100, 1360.041756786374700 ) ) ;
#1609 = LINE ( 'NONE', #1454, #1544 ) ;
#1610 = DIRECTION ( 'NONE',  ( 0.7346360442602253300, 0.0000000000000000000, -0.6784614082419783100 ) ) ;
#1611 = SURFACE_STYLE_FILL_AREA ( #882 ) ;
#1612 = CIRCLE ( 'NONE', #368, 20.00000000000001800 ) ;
#1613 = PLANE ( 'NONE',  #400 ) ;
#1614 = DIRECTION ( 'NONE',  ( 0.6784614082419783100, -2.476946639300683100E-015, 0.7346360442602253300 ) ) ;
#1615 = CIRCLE ( 'NONE', #374, 52.15000000000004800 ) ;
#1616 = CARTESIAN_POINT ( 'NONE',  ( 201.2568785361280600, 256.2499999999927800, 2071.571126310414000 ) ) ;
#1617 = ORIENTED_EDGE ( 'NONE', *, *, #1094, .F. ) ;
#1618 = UNCERTAINTY_MEASURE_WITH_UNIT (LENGTH_MEASURE( 1.000000000000000100E-005 ), #1269, 'distance_accuracy_value', 'NONE');
#1619 = LINE ( 'NONE', #1569, #1583 ) ;
#1620 = COLOUR_RGB ( '',0.8431372549019607900, 0.8431372549019607900, 0.8431372549019607900 ) ;
#1621 = DIRECTION ( 'NONE',  ( 0.9992107911417431600, 0.0000000000000000000, 0.03972146605919478500 ) ) ;
#1622 = FACE_BOUND ( 'NONE', #325, .T. ) ;
#1623 = DIRECTION ( 'NONE',  ( 0.03972146605919287700, 3.355728890543893200E-015, -0.9992107911417432700 ) ) ;
#1624 = CARTESIAN_POINT ( 'NONE',  ( 326.3753571781277300, 282.2499999999925500, 2146.600229345912800 ) ) ;
#1625 = ORIENTED_EDGE ( 'NONE', *, *, #796, .F. ) ;
#1626 = FACE_OUTER_BOUND ( 'NONE', #540, .T. ) ;
#1627 = CARTESIAN_POINT ( 'NONE',  ( 328.7027316362668900, 269.2499999999951100, 1357.970282331387800 ) ) ;
#1628 = COLOUR_RGB ( '',0.8431372549019607900, 0.8431372549019607900, 0.8431372549019607900 ) ;
#1629 =( NAMED_UNIT ( * ) SI_UNIT ( $, .STERADIAN. ) SOLID_ANGLE_UNIT ( ) );
#1630 =( NAMED_UNIT ( * ) SI_UNIT ( $, .STERADIAN. ) SOLID_ANGLE_UNIT ( ) );
#1631 = DIRECTION ( 'NONE',  ( 0.9992107911417431600, 0.0000000000000000000, 0.03972146605919339700 ) ) ;
#1632 = VECTOR ( 'NONE', #938, 1000.000000000000000 ) ;
#1633 = CARTESIAN_POINT ( 'NONE',  ( 268.4211312919066500, 282.2499999999925000, 2144.296384314479400 ) ) ;
#1634 = SURFACE_SIDE_STYLE ('',( #1469 ) ) ;
#1635 = CIRCLE ( 'NONE', #378, 38.49999999999997900 ) ;
#1636 = DIRECTION ( 'NONE',  ( 0.9992107911417432700, 0.0000000000000000000, 0.03972146605919142000 ) ) ;
#1637 = PRESENTATION_STYLE_ASSIGNMENT (( #916 ) ) ;
#1638 = DIRECTION ( 'NONE',  ( 0.03972146605919287700, 3.355728890543893200E-015, -0.9992107911417432700 ) ) ;
#1639 = CARTESIAN_POINT ( 'NONE',  ( 328.8179238878386200, 269.2499999999951100, 1355.072571037076800 ) ) ;
#1640 = ORIENTED_EDGE ( 'NONE', *, *, #1149, .F. ) ;
#1641 = CARTESIAN_POINT ( 'NONE',  ( 218.9841797943651900, 269.2499999999951100, 1348.704788188281800 ) ) ;
#1642 = ORIENTED_EDGE ( 'NONE', *, *, #945, .T. ) ;
#1643 = SURFACE_SIDE_STYLE ('',( #475 ) ) ;
#1644 = UNCERTAINTY_MEASURE_WITH_UNIT (LENGTH_MEASURE( 1.000000000000000100E-005 ), #1105, 'distance_accuracy_value', 'NONE');
#1645 = VECTOR ( 'NONE', #1238, 1000.000000000000000 ) ;
#1646 = SURFACE_STYLE_USAGE ( .BOTH. , #1634 ) ;
#1647 = SURFACE_STYLE_FILL_AREA ( #162 ) ;
#1648 = SURFACE_STYLE_USAGE ( .BOTH. , #395 ) ;
#1649 = CIRCLE ( 'NONE', #478, 38.49999999999997900 ) ;
#1650 = LINE ( 'NONE', #313, #1573 ) ;
#1651 = VECTOR ( 'NONE', #618, 1000.000000000000000 ) ;
#1652 =( NAMED_UNIT ( * ) PLANE_ANGLE_UNIT ( ) SI_UNIT ( $, .RADIAN. ) );
ENDSEC;
END-ISO-10303-21;
