ISO-10303-21;
HEADER;
FILE_DESCRIPTION (( 'STEP AP214' ),
    '1' );
FILE_NAME ('IRB660_180-315_LINK_CAD_rev02.STEP',
    '2016-12-02T12:01:54',
    ( 'ABB' ),
    ( 'ABB' ),
    'SwSTEP 2.0',
    'SolidWorks 2014',
    '' );
FILE_SCHEMA (( 'AUTOMOTIVE_DESIGN' ));
ENDSEC;

DATA;
#1 = SURFACE_STYLE_FILL_AREA ( #593 ) ;
#2 = CARTESIAN_POINT ( 'NONE',  ( 227.2381850310535500, -184.5000000000402500, 3466.305736588165000 ) ) ;
#3 = CARTESIAN_POINT ( 'NONE',  ( -117.2327345550499400, -387.5000000000359800, 2268.572967037159300 ) ) ;
#4 = AXIS2_PLACEMENT_3D ( 'NONE', #2688, #2675, #2684 ) ;
#5 = FACE_OUTER_BOUND ( 'NONE', #1772, .T. ) ;
#6 = CARTESIAN_POINT ( 'NONE',  ( -97.88400345699773200, -348.7108780620307000, 2206.141332839235900 ) ) ;
#7 = SURFACE_STYLE_USAGE ( .BOTH. , #920 ) ;
#8 = CYLINDRICAL_SURFACE ( 'NONE', #1269, 38.49999999999997900 ) ;
#9 =( GEOMETRIC_REPRESENTATION_CONTEXT ( 3 ) GLOBAL_UNCERTAINTY_ASSIGNED_CONTEXT ( ( #296 ) ) GLOBAL_UNIT_ASSIGNED_CONTEXT ( ( #1074, #1156, #1321 ) ) REPRESENTATION_CONTEXT ( 'NONE', 'WORKASPACE' ) );
#10 = FILL_AREA_STYLE ('',( #76 ) ) ;
#11 = SURFACE_STYLE_FILL_AREA ( #496 ) ;
#12 = PLANE ( 'NONE',  #1736 ) ;
#13 = COLOUR_RGB ( '',0.8431372549019607900, 0.8431372549019607900, 0.8431372549019607900 ) ;
#14 = STYLED_ITEM ( 'NONE', ( #31 ), #78 ) ;
#15 = FILL_AREA_STYLE_COLOUR ( '', #2199 ) ;
#16 = FILL_AREA_STYLE ('',( #2624 ) ) ;
#17 = EDGE_CURVE ( 'NONE', #1939, #688, #377, .T. ) ;
#18 =( NAMED_UNIT ( * ) SI_UNIT ( $, .STERADIAN. ) SOLID_ANGLE_UNIT ( ) );
#19 = ORIENTED_EDGE ( 'NONE', *, *, #1670, .T. ) ;
#20 = PRESENTATION_STYLE_ASSIGNMENT (( #439 ) ) ;
#21 = UNCERTAINTY_MEASURE_WITH_UNIT (LENGTH_MEASURE( 1.000000000000000100E-005 ), #2941, 'distance_accuracy_value', 'NONE');
#22 = CYLINDRICAL_SURFACE ( 'NONE', #44, 20.00000000000001800 ) ;
#23 = SURFACE_STYLE_FILL_AREA ( #1474 ) ;
#24 =( NAMED_UNIT ( * ) PLANE_ANGLE_UNIT ( ) SI_UNIT ( $, .RADIAN. ) );
#25 = ORIENTED_EDGE ( 'NONE', *, *, #2179, .T. ) ;
#26 = COLOUR_RGB ( '',0.8431372549019607900, 0.8431372549019607900, 0.8431372549019607900 ) ;
#27 = AXIS2_PLACEMENT_3D ( 'NONE', #1956, #1015, #1008 ) ;
#28 = VECTOR ( 'NONE', #1953, 999.9999999999998900 ) ;
#29 = DIRECTION ( 'NONE',  ( 0.0000000000000000000, -3.491483361109382500E-015, 1.000000000000000000 ) ) ;
#30 = CIRCLE ( 'NONE', #1837, 38.49999999999997900 ) ;
#31 = PRESENTATION_STYLE_ASSIGNMENT (( #628 ) ) ;
#32 = FILL_AREA_STYLE_COLOUR ( '', #2546 ) ;
#33 = ORIENTED_EDGE ( 'NONE', *, *, #1238, .F. ) ;
#34 = ORIENTED_EDGE ( 'NONE', *, *, #546, .T. ) ;
#35 = STYLED_ITEM ( 'NONE', ( #557 ), #529 ) ;
#36 = CARTESIAN_POINT ( 'NONE',  ( 150.4962714520218300, -286.6632315213147400, 2326.427229644363700 ) ) ;
#37 = FACE_OUTER_BOUND ( 'NONE', #1893, .T. ) ;
#38 = ORIENTED_EDGE ( 'NONE', *, *, #234, .F. ) ;
#39 = SURFACE_STYLE_FILL_AREA ( #10 ) ;
#40 = STYLED_ITEM ( 'NONE', ( #254 ), #49 ) ;
#41 = COLOUR_RGB ( '',0.8431372549019607900, 0.8431372549019607900, 0.8431372549019607900 ) ;
#42 =( LENGTH_UNIT ( ) NAMED_UNIT ( * ) SI_UNIT ( .MILLI., .METRE. ) );
#43 = ADVANCED_FACE ( 'NONE', ( #372, #427 ), #1508, .F. ) ;
#44 = AXIS2_PLACEMENT_3D ( 'NONE', #2934, #2930, #2762 ) ;
#45 = CARTESIAN_POINT ( 'NONE',  ( -117.2327345550499400, -387.5000000000359300, 2248.572967037159300 ) ) ;
#46 = CARTESIAN_POINT ( 'NONE',  ( 644.7199994035461300, -144.7500000000365800, 2407.754424358940500 ) ) ;
#47 = SURFACE_STYLE_USAGE ( .BOTH. , #53 ) ;
#48 = COLOUR_RGB ( '',0.2901960784313725200, 0.3294117647058823500, 0.3490196078431372400 ) ;
#49 = ADVANCED_FACE ( 'NONE', ( #194 ), #120, .T. ) ;
#50 = SURFACE_SIDE_STYLE ('',( #39 ) ) ;
#51 =( GEOMETRIC_REPRESENTATION_CONTEXT ( 3 ) GLOBAL_UNCERTAINTY_ASSIGNED_CONTEXT ( ( #2922 ) ) GLOBAL_UNIT_ASSIGNED_CONTEXT ( ( #2757, #2750, #2746 ) ) REPRESENTATION_CONTEXT ( 'NONE', 'WORKASPACE' ) );
#52 = FACE_OUTER_BOUND ( 'NONE', #269, .T. ) ;
#53 = SURFACE_SIDE_STYLE ('',( #869 ) ) ;
#54 = STYLED_ITEM ( 'NONE', ( #111 ), #577 ) ;
#55 = DIRECTION ( 'NONE',  ( 0.8591537396421529100, 0.3759815300960779900, -0.3471206428397994900 ) ) ;
#56 =( GEOMETRIC_REPRESENTATION_CONTEXT ( 3 ) GLOBAL_UNCERTAINTY_ASSIGNED_CONTEXT ( ( #970 ) ) GLOBAL_UNIT_ASSIGNED_CONTEXT ( ( #838, #1104, #1094 ) ) REPRESENTATION_CONTEXT ( 'NONE', 'WORKASPACE' ) );
#57 = CARTESIAN_POINT ( 'NONE',  ( 222.0938386947470900, -274.0586195258706500, 2073.874952350969600 ) ) ;
#58 = B_SPLINE_CURVE_WITH_KNOTS ( 'NONE', 3,
 ( #1091, #1107, #1069, #1067, #1066, #1064, #1063, #1057, #1053, #1052 ),
 .UNSPECIFIED., .F., .F.,
 ( 4, 2, 2, 2, 4 ),
 ( 0.0000000000000000000, 0.01106347260022595000, 0.02212694520045190000, 0.03319041780067785000, 0.04425389040090380000 ),
 .UNSPECIFIED. ) ;
#59 = ADVANCED_FACE ( 'NONE', ( #103 ), #524, .T. ) ;
#60 = COLOUR_RGB ( '',0.8431372549019607900, 0.8431372549019607900, 0.8431372549019607900 ) ;
#61 = ORIENTED_EDGE ( 'NONE', *, *, #2287, .F. ) ;
#62 = FACE_OUTER_BOUND ( 'NONE', #816, .T. ) ;
#63 = MECHANICAL_DESIGN_GEOMETRIC_PRESENTATION_REPRESENTATION (  '', ( #40 ), #56 ) ;
#64 = UNCERTAINTY_MEASURE_WITH_UNIT (LENGTH_MEASURE( 1.000000000000000100E-005 ), #768, 'distance_accuracy_value', 'NONE');
#65 = FILL_AREA_STYLE_COLOUR ( '', #267 ) ;
#66 = MECHANICAL_DESIGN_GEOMETRIC_PRESENTATION_REPRESENTATION (  '', ( #2748 ), #2597 ) ;
#67 = PRESENTATION_STYLE_ASSIGNMENT (( #879 ) ) ;
#68 = VERTEX_POINT ( 'NONE', #699 ) ;
#69 =( NAMED_UNIT ( * ) SI_UNIT ( $, .STERADIAN. ) SOLID_ANGLE_UNIT ( ) );
#70 = FACE_OUTER_BOUND ( 'NONE', #305, .T. ) ;
#71 =( GEOMETRIC_REPRESENTATION_CONTEXT ( 3 ) GLOBAL_UNCERTAINTY_ASSIGNED_CONTEXT ( ( #2617 ) ) GLOBAL_UNIT_ASSIGNED_CONTEXT ( ( #42, #24, #18 ) ) REPRESENTATION_CONTEXT ( 'NONE', 'WORKASPACE' ) );
#72 = ORIENTED_EDGE ( 'NONE', *, *, #460, .F. ) ;
#73 = PRESENTATION_LAYER_ASSIGNMENT (  '', '', ( #40 ) ) ;
#74 = MECHANICAL_DESIGN_GEOMETRIC_PRESENTATION_REPRESENTATION (  '', ( #2756 ), #235 ) ;
#75 = ORIENTED_EDGE ( 'NONE', *, *, #2561, .T. ) ;
#76 = FILL_AREA_STYLE_COLOUR ( '', #2417 ) ;
#77 = EDGE_LOOP ( 'NONE', ( #2083, #93 ) ) ;
#78 = ADVANCED_FACE ( 'NONE', ( #62 ), #595, .T. ) ;
#79 = SURFACE_STYLE_FILL_AREA ( #850 ) ;
#80 = SURFACE_SIDE_STYLE ('',( #2612 ) ) ;
#81 = ADVANCED_FACE ( 'NONE', ( #541 ), #2744, .F. ) ;
#82 = ADVANCED_FACE ( 'NONE', ( #727 ), #1133, .T. ) ;
#83 = PLANE ( 'NONE',  #543 ) ;
#84 =( GEOMETRIC_REPRESENTATION_CONTEXT ( 3 ) GLOBAL_UNCERTAINTY_ASSIGNED_CONTEXT ( ( #355 ) ) GLOBAL_UNIT_ASSIGNED_CONTEXT ( ( #2192, #2317, #2315 ) ) REPRESENTATION_CONTEXT ( 'NONE', 'WORKASPACE' ) );
#85 = EDGE_CURVE ( 'NONE', #116, #861, #972, .T. ) ;
#86 = PRESENTATION_STYLE_ASSIGNMENT (( #1079 ) ) ;
#87 = SURFACE_STYLE_FILL_AREA ( #1190 ) ;
#88 = AXIS2_PLACEMENT_3D ( 'NONE', #1286, #1328, #1112 ) ;
#89 = PRESENTATION_LAYER_ASSIGNMENT (  '', '', ( #1007 ) ) ;
#90 = ADVANCED_FACE ( 'NONE', ( #905 ), #8, .T. ) ;
#91 = AXIS2_PLACEMENT_3D ( 'NONE', #2296, #2285, #2289 ) ;
#92 = CARTESIAN_POINT ( 'NONE',  ( 230.0413729039319700, -267.7215988389891700, 2109.273143848670300 ) ) ;
#93 = ORIENTED_EDGE ( 'NONE', *, *, #392, .F. ) ;
#94 = EDGE_CURVE ( 'NONE', #2636, #1702, #1061, .T. ) ;
#95 = VECTOR ( 'NONE', #1573, 1000.000000000000200 ) ;
#96 = CARTESIAN_POINT ( 'NONE',  ( 147.9275752487600900, -296.0820769866614300, 2103.852238562293200 ) ) ;
#97 = DIRECTION ( 'NONE',  ( 0.0000000000000000000, 3.172065784643291600E-015, -1.000000000000000000 ) ) ;
#98 = ORIENTED_EDGE ( 'NONE', *, *, #392, .T. ) ;
#99 = VECTOR ( 'NONE', #1990, 1000.000000000000000 ) ;
#100 = LINE ( 'NONE', #1149, #2950 ) ;
#101 = ORIENTED_EDGE ( 'NONE', *, *, #2894, .T. ) ;
#102 = STYLED_ITEM ( 'NONE', ( #344 ), #43 ) ;
#103 = FACE_OUTER_BOUND ( 'NONE', #944, .T. ) ;
#104 = DIRECTION ( 'NONE',  ( 0.0000000000000000000, 3.867158060065510000E-015, -1.000000000000000000 ) ) ;
#105 = AXIS2_PLACEMENT_3D ( 'NONE', #1678, #1675, #1654 ) ;
#106 = CARTESIAN_POINT ( 'NONE',  ( 156.2213335726970100, -312.2295000572130400, 2101.414053344790800 ) ) ;
#107 = ADVANCED_FACE ( 'NONE', ( #52 ), #1644, .T. ) ;
#108 = CARTESIAN_POINT ( 'NONE',  ( 130.3645747665455300, -299.0233973775370900, 2111.114405410309700 ) ) ;
#109 = CARTESIAN_POINT ( 'NONE',  ( -95.83724055137896900, -330.1510812706017100, 2204.265320217985800 ) ) ;
#110 = CARTESIAN_POINT ( 'NONE',  ( 644.7199994035462400, -234.5000000000363500, 2369.254424358939600 ) ) ;
#111 = PRESENTATION_STYLE_ASSIGNMENT (( #2562 ) ) ;
#112 = ORIENTED_EDGE ( 'NONE', *, *, #1936, .F. ) ;
#113 = ORIENTED_EDGE ( 'NONE', *, *, #993, .T. ) ;
#114 = ADVANCED_FACE ( 'NONE', ( #1113 ), #170, .T. ) ;
#115 = CARTESIAN_POINT ( 'NONE',  ( 644.7199994035461300, -175.5000000000364100, 2369.254424358940500 ) ) ;
#116 = VERTEX_POINT ( 'NONE', #1637 ) ;
#117 = MECHANICAL_DESIGN_GEOMETRIC_PRESENTATION_REPRESENTATION (  '', ( #14 ), #183 ) ;
#118 = ADVANCED_FACE ( 'NONE', ( #174 ), #2909, .T. ) ;
#119 = CARTESIAN_POINT ( 'NONE',  ( 187.3525115752099700, -305.7670893567624300, 2088.836543701573600 ) ) ;
#120 = CYLINDRICAL_SURFACE ( 'NONE', #1254, 35.00000000000014200 ) ;
#121 = DIRECTION ( 'NONE',  ( 0.0000000000000000000, 1.000000000000000000, 3.491483361109382100E-015 ) ) ;
#122 = CARTESIAN_POINT ( 'NONE',  ( 130.0809980125752100, -350.0280520868796000, 2320.124150792432800 ) ) ;
#123 = UNCERTAINTY_MEASURE_WITH_UNIT (LENGTH_MEASURE( 1.000000000000000100E-005 ), #2826, 'distance_accuracy_value', 'NONE');
#124 = ADVANCED_FACE ( 'NONE', ( #2095 ), #2281, .T. ) ;
#125 =( GEOMETRIC_REPRESENTATION_CONTEXT ( 3 ) GLOBAL_UNCERTAINTY_ASSIGNED_CONTEXT ( ( #705 ) ) GLOBAL_UNIT_ASSIGNED_CONTEXT ( ( #872, #886, #1919 ) ) REPRESENTATION_CONTEXT ( 'NONE', 'WORKASPACE' ) );
#126 = SURFACE_STYLE_USAGE ( .BOTH. , #80 ) ;
#127 = ADVANCED_FACE ( 'NONE', ( #2173 ), #2504, .T. ) ;
#128 =( BOUNDED_CURVE ( )  B_SPLINE_CURVE ( 3, ( #273, #320, #237, #211 ),
 .UNSPECIFIED., .F., .F. ) 
 B_SPLINE_CURVE_WITH_KNOTS ( ( 4, 4 ),
 ( 0.004517931024662862200, 1.434164319832897700 ),
 .UNSPECIFIED. ) 
 CURVE ( )  GEOMETRIC_REPRESENTATION_ITEM ( )  RATIONAL_B_SPLINE_CURVE ( ( 1.000000000000000000, 0.8368060974911927200, 0.8368060974911927200, 1.000000000000000000 ) ) 
 REPRESENTATION_ITEM ( '' )  );
#129 = AXIS2_PLACEMENT_3D ( 'NONE', #345, #339, #331 ) ;
#130 = CARTESIAN_POINT ( 'NONE',  ( 112.6010027653651400, -300.5000000000356400, 2118.374817275153400 ) ) ;
#131 =( NAMED_UNIT ( * ) SI_UNIT ( $, .STERADIAN. ) SOLID_ANGLE_UNIT ( ) );
#132 = ADVANCED_FACE ( 'NONE', ( #2390 ), #2761, .T. ) ;
#133 = CARTESIAN_POINT ( 'NONE',  ( 94.77983438198944600, -300.5000000000356400, 2125.575036677062100 ) ) ;
#134 =( GEOMETRIC_REPRESENTATION_CONTEXT ( 3 ) GLOBAL_UNCERTAINTY_ASSIGNED_CONTEXT ( ( #2033 ) ) GLOBAL_UNIT_ASSIGNED_CONTEXT ( ( #1336, #1373, #1361 ) ) REPRESENTATION_CONTEXT ( 'NONE', 'WORKASPACE' ) );
#135 = ORIENTED_EDGE ( 'NONE', *, *, #2396, .F. ) ;
#136 =( NAMED_UNIT ( * ) PLANE_ANGLE_UNIT ( ) SI_UNIT ( $, .RADIAN. ) );
#137 = FACE_OUTER_BOUND ( 'NONE', #2991, .T. ) ;
#138 = PRESENTATION_STYLE_ASSIGNMENT (( #2751 ) ) ;
#139 = CARTESIAN_POINT ( 'NONE',  ( 186.9929033881747400, -286.6318378398890400, 2087.900392774628000 ) ) ;
#140 = AXIS2_PLACEMENT_3D ( 'NONE', #1505, #1503, #1502 ) ;
#141 = ORIENTED_EDGE ( 'NONE', *, *, #504, .T. ) ;
#142 = PRESENTATION_STYLE_ASSIGNMENT (( #878 ) ) ;
#143 =( LENGTH_UNIT ( ) NAMED_UNIT ( * ) SI_UNIT ( .MILLI., .METRE. ) );
#144 = VECTOR ( 'NONE', #670, 1000.000000000000000 ) ;
#145 = EDGE_LOOP ( 'NONE', ( #1157, #1453, #284, #1846, #734, #1216, #346, #2604 ) ) ;
#146 = EDGE_CURVE ( 'NONE', #1423, #757, #400, .T. ) ;
#147 = CYLINDRICAL_SURFACE ( 'NONE', #2432, 20.00000000000001800 ) ;
#148 = COLOUR_RGB ( '',0.8431372549019607900, 0.8431372549019607900, 0.8431372549019607900 ) ;
#149 = DIRECTION ( 'NONE',  ( 0.0000000000000000000, -2.801530834248194100E-015, 1.000000000000000000 ) ) ;
#150 = CARTESIAN_POINT ( 'NONE',  ( 122.8036535562116600, -350.8457862874424800, 2318.971532267726200 ) ) ;
#151 = ORIENTED_EDGE ( 'NONE', *, *, #85, .T. ) ;
#152 = MECHANICAL_DESIGN_GEOMETRIC_PRESENTATION_REPRESENTATION (  '', ( #2669 ), #310 ) ;
#153 = CARTESIAN_POINT ( 'NONE',  ( 148.2445862973078200, -312.2295000570937900, 2104.636868440943100 ) ) ;
#154 = ORIENTED_EDGE ( 'NONE', *, *, #2772, .F. ) ;
#155 = SURFACE_STYLE_USAGE ( .BOTH. , #161 ) ;
#156 = AXIS2_PLACEMENT_3D ( 'NONE', #1889, #1887, #1883 ) ;
#157 = PRESENTATION_STYLE_ASSIGNMENT (( #2900 ) ) ;
#158 = FACE_OUTER_BOUND ( 'NONE', #825, .T. ) ;
#159 = AXIS2_PLACEMENT_3D ( 'NONE', #1377, #1380, #1374 ) ;
#160 = DIRECTION ( 'NONE',  ( -8.524484641245172000E-016, 1.000000000000000000, 2.983569624435824600E-015 ) ) ;
#161 = SURFACE_SIDE_STYLE ('',( #1710 ) ) ;
#162 = ADVANCED_FACE ( 'NONE', ( #2577, #2618 ), #1878, .F. ) ;
#163 = CARTESIAN_POINT ( 'NONE',  ( 155.8487433477867500, -293.0942500857421500, 2100.482996146280600 ) ) ;
#164 = UNCERTAINTY_MEASURE_WITH_UNIT (LENGTH_MEASURE( 1.000000000000000100E-005 ), #2929, 'distance_accuracy_value', 'NONE');
#165 = CARTESIAN_POINT ( 'NONE',  ( 300.0000000000044300, -335.0000000000356400, 2079.999999999998600 ) ) ;
#166 = EDGE_CURVE ( 'NONE', #2075, #264, #1045, .T. ) ;
#167 = FILL_AREA_STYLE ('',( #65 ) ) ;
#168 = PRESENTATION_LAYER_ASSIGNMENT (  '', '', ( #102 ) ) ;
#169 = MECHANICAL_DESIGN_GEOMETRIC_PRESENTATION_REPRESENTATION (  '', ( #984 ), #1288 ) ;
#170 = CYLINDRICAL_SURFACE ( 'NONE', #954, 35.00000000000014200 ) ;
#171 = PRESENTATION_STYLE_ASSIGNMENT (( #2176 ) ) ;
#172 = DIRECTION ( 'NONE',  ( -8.286767271568948000E-016, -1.000000000000000000, -3.867158060065525000E-015 ) ) ;
#173 = CARTESIAN_POINT ( 'NONE',  ( 194.2083756332318700, -283.4792026404719500, 2084.985432390225000 ) ) ;
#174 = FACE_OUTER_BOUND ( 'NONE', #2516, .T. ) ;
#175 = FACE_BOUND ( 'NONE', #1586, .T. ) ;
#176 = ADVANCED_FACE ( 'NONE', ( #2972 ), #206, .T. ) ;
#177 = ORIENTED_EDGE ( 'NONE', *, *, #1687, .T. ) ;
#178 = PRESENTATION_LAYER_ASSIGNMENT (  '', '', ( #268 ) ) ;
#179 = LINE ( 'NONE', #1583, #1349 ) ;
#180 = EDGE_LOOP ( 'NONE', ( #2006, #681, #648, #1741, #1664 ) ) ;
#181 = CARTESIAN_POINT ( 'NONE',  ( -117.2327345550499600, -300.5000000000358700, 2200.952578073008200 ) ) ;
#182 =( NAMED_UNIT ( * ) SI_UNIT ( $, .STERADIAN. ) SOLID_ANGLE_UNIT ( ) );
#183 =( GEOMETRIC_REPRESENTATION_CONTEXT ( 3 ) GLOBAL_UNCERTAINTY_ASSIGNED_CONTEXT ( ( #2884 ) ) GLOBAL_UNIT_ASSIGNED_CONTEXT ( ( #468, #473, #455 ) ) REPRESENTATION_CONTEXT ( 'NONE', 'WORKASPACE' ) );
#184 = LINE ( 'NONE', #2024, #413 ) ;
#185 = CIRCLE ( 'NONE', #1542, 39.37247472313831800 ) ;
#186 = FILL_AREA_STYLE_COLOUR ( '', #559 ) ;
#187 = ORIENTED_EDGE ( 'NONE', *, *, #17, .F. ) ;
#188 = AXIS2_PLACEMENT_3D ( 'NONE', #1578, #1563, #1551 ) ;
#189 = VERTEX_POINT ( 'NONE', #1193 ) ;
#190 = ORIENTED_EDGE ( 'NONE', *, *, #243, .T. ) ;
#191 = DIRECTION ( 'NONE',  ( -0.9876883405951378800, 0.0000000000000000000, -0.1564344650402294000 ) ) ;
#192 = MECHANICAL_DESIGN_GEOMETRIC_PRESENTATION_REPRESENTATION (  '', ( #2394 ), #2470 ) ;
#193 = ADVANCED_FACE ( 'NONE', ( #137 ), #2074, .T. ) ;
#194 = FACE_OUTER_BOUND ( 'NONE', #735, .T. ) ;
#195 = ADVANCED_FACE ( 'NONE', ( #2569, #1999 ), #12, .F. ) ;
#196 = EDGE_CURVE ( 'NONE', #763, #281, #2828, .T. ) ;
#197 =( GEOMETRIC_REPRESENTATION_CONTEXT ( 3 ) GLOBAL_UNCERTAINTY_ASSIGNED_CONTEXT ( ( #2700 ) ) GLOBAL_UNIT_ASSIGNED_CONTEXT ( ( #1460, #2184, #1530 ) ) REPRESENTATION_CONTEXT ( 'NONE', 'WORKASPACE' ) );
#198 = CARTESIAN_POINT ( 'NONE',  ( 156.9665140225175200, -350.5000000001548400, 2103.276167741811200 ) ) ;
#199 = AXIS2_PLACEMENT_3D ( 'NONE', #2886, #2885, #2881 ) ;
#200 = UNCERTAINTY_MEASURE_WITH_UNIT (LENGTH_MEASURE( 1.000000000000000100E-005 ), #2252, 'distance_accuracy_value', 'NONE');
#201 = CARTESIAN_POINT ( 'NONE',  ( 179.4004358719095600, -289.0452477523315300, 2090.967773967063700 ) ) ;
#202 = EDGE_CURVE ( 'NONE', #763, #2397, #1557, .T. ) ;
#203 = FACE_OUTER_BOUND ( 'NONE', #2946, .T. ) ;
#204 = ADVANCED_FACE ( 'NONE', ( #2581 ), #2717, .T. ) ;
#205 =( NAMED_UNIT ( * ) SI_UNIT ( $, .STERADIAN. ) SOLID_ANGLE_UNIT ( ) );
#206 = CONICAL_SURFACE ( 'NONE', #1080, 38.00000000000025600, 0.03490658503986824500 ) ;
#207 = AXIS2_PLACEMENT_3D ( 'NONE', #2811, #2754, #2770 ) ;
#208 =( NAMED_UNIT ( * ) PLANE_ANGLE_UNIT ( ) SI_UNIT ( $, .RADIAN. ) );
#209 = CARTESIAN_POINT ( 'NONE',  ( 163.8279686322110300, -292.2765158851150900, 2097.259231309062700 ) ) ;
#210 = ORIENTED_EDGE ( 'NONE', *, *, #2915, .F. ) ;
#211 = CARTESIAN_POINT ( 'NONE',  ( 300.0000000000043800, -287.9460273480205500, 2141.498154809981300 ) ) ;
#212 =( LENGTH_UNIT ( ) NAMED_UNIT ( * ) SI_UNIT ( .MILLI., .METRE. ) );
#213 = EDGE_LOOP ( 'NONE', ( #2742, #151, #1426, #1210 ) ) ;
#214 = LINE ( 'NONE', #738, #2591 ) ;
#215 = SURFACE_STYLE_USAGE ( .BOTH. , #229 ) ;
#216 = CARTESIAN_POINT ( 'NONE',  ( 94.77983438198944600, -300.5000000000356400, 2125.575036677062100 ) ) ;
#217 = FILL_AREA_STYLE_COLOUR ( '', #2622 ) ;
#218 = EDGE_LOOP ( 'NONE', ( #1535, #779, #857, #790 ) ) ;
#219 = ADVANCED_FACE ( 'NONE', ( #242 ), #2827, .T. ) ;
#220 =( LENGTH_UNIT ( ) NAMED_UNIT ( * ) SI_UNIT ( .MILLI., .METRE. ) );
#221 = FACE_OUTER_BOUND ( 'NONE', #2942, .T. ) ;
#222 = ORIENTED_EDGE ( 'NONE', *, *, #2343, .T. ) ;
#223 = DIRECTION ( 'NONE',  ( -8.524484641245172000E-016, 1.000000000000000000, 2.983569624435824600E-015 ) ) ;
#224 = FACE_OUTER_BOUND ( 'NONE', #1727, .T. ) ;
#225 = EDGE_CURVE ( 'NONE', #2810, #858, #2822, .T. ) ;
#226 = ORIENTED_EDGE ( 'NONE', *, *, #2037, .F. ) ;
#227 = AXIS2_PLACEMENT_3D ( 'NONE', #596, #739, #590 ) ;
#228 = ORIENTED_EDGE ( 'NONE', *, *, #265, .T. ) ;
#229 = SURFACE_SIDE_STYLE ('',( #765 ) ) ;
#230 = EDGE_LOOP ( 'NONE', ( #1968, #1625, #2253, #2373 ) ) ;
#231 = FILL_AREA_STYLE ('',( #240 ) ) ;
#232 = FILL_AREA_STYLE_COLOUR ( '', #891 ) ;
#233 = DIRECTION ( 'NONE',  ( 0.1564344650402312900, 3.448497407149659400E-015, -0.9876883405951376600 ) ) ;
#234 = EDGE_CURVE ( 'NONE', #281, #1591, #2792, .T. ) ;
#235 =( GEOMETRIC_REPRESENTATION_CONTEXT ( 3 ) GLOBAL_UNCERTAINTY_ASSIGNED_CONTEXT ( ( #1908 ) ) GLOBAL_UNIT_ASSIGNED_CONTEXT ( ( #2111, #2106, #2103 ) ) REPRESENTATION_CONTEXT ( 'NONE', 'WORKASPACE' ) );
#236 = ADVANCED_FACE ( 'NONE', ( #2887, #2789 ), #1501, .F. ) ;
#237 = CARTESIAN_POINT ( 'NONE',  ( 332.0180143172547700, -272.9278712965620500, 2142.153861663935900 ) ) ;
#238 = FILL_AREA_STYLE ('',( #186 ) ) ;
#239 =( GEOMETRIC_REPRESENTATION_CONTEXT ( 3 ) GLOBAL_UNCERTAINTY_ASSIGNED_CONTEXT ( ( #1457 ) ) GLOBAL_UNIT_ASSIGNED_CONTEXT ( ( #914, #895, #892 ) ) REPRESENTATION_CONTEXT ( 'NONE', 'WORKASPACE' ) );
#240 = FILL_AREA_STYLE_COLOUR ( '', #2534 ) ;
#241 = CARTESIAN_POINT ( 'NONE',  ( 401.9525389292549600, -234.5000000000364100, 2363.202720027928100 ) ) ;
#242 = FACE_OUTER_BOUND ( 'NONE', #213, .T. ) ;
#243 = EDGE_CURVE ( 'NONE', #324, #1872, #1962, .T. ) ;
#244 = DIRECTION ( 'NONE',  ( -0.0000000000000000000, 1.000000000000000000, 3.491483361109382500E-015 ) ) ;
#245 = EDGE_LOOP ( 'NONE', ( #1809, #1283 ) ) ;
#246 = CARTESIAN_POINT ( 'NONE',  ( -58.38866899926324500, -250.5000000000400700, 3415.871284619043800 ) ) ;
#247 = ADVANCED_FACE ( 'NONE', ( #1385 ), #1588, .T. ) ;
#248 = CIRCLE ( 'NONE', #1265, 38.49999999999997900 ) ;
#249 = ORIENTED_EDGE ( 'NONE', *, *, #2859, .F. ) ;
#250 = EDGE_LOOP ( 'NONE', ( #187, #449, #1350, #2181 ) ) ;
#251 = DIRECTION ( 'NONE',  ( 0.9876883405951382100, 0.0000000000000000000, 0.1564344650402278700 ) ) ;
#252 = ADVANCED_FACE ( 'NONE', ( #961 ), #22, .T. ) ;
#253 = VECTOR ( 'NONE', #1459, 999.9999999999998900 ) ;
#254 = PRESENTATION_STYLE_ASSIGNMENT (( #916 ) ) ;
#255 = UNCERTAINTY_MEASURE_WITH_UNIT (LENGTH_MEASURE( 1.000000000000000100E-005 ), #365, 'distance_accuracy_value', 'NONE');
#256 = STYLED_ITEM ( 'NONE', ( #726 ), #631 ) ;
#257 = DIRECTION ( 'NONE',  ( -0.1562200770427034100, -0.05233595624294739400, 0.9863347480510398200 ) ) ;
#258 = ORIENTED_EDGE ( 'NONE', *, *, #2246, .T. ) ;
#259 = ORIENTED_EDGE ( 'NONE', *, *, #1929, .F. ) ;
#260 = ORIENTED_EDGE ( 'NONE', *, *, #1989, .F. ) ;
#261 = EDGE_CURVE ( 'NONE', #1622, #666, #889, .T. ) ;
#262 = COLOUR_RGB ( '',0.8431372549019607900, 0.8431372549019607900, 0.8431372549019607900 ) ;
#263 = CARTESIAN_POINT ( 'NONE',  ( -111.5541701388949000, -234.5000000000360400, 2281.871247309275500 ) ) ;
#264 = VERTEX_POINT ( 'NONE', #2685 ) ;
#265 = EDGE_CURVE ( 'NONE', #626, #1195, #745, .T. ) ;
#266 = ADVANCED_FACE ( 'NONE', ( #1037 ), #1414, .T. ) ;
#267 = COLOUR_RGB ( '',0.8431372549019607900, 0.8431372549019607900, 0.8431372549019607900 ) ;
#268 = STYLED_ITEM ( 'NONE', ( #976 ), #90 ) ;
#269 = EDGE_LOOP ( 'NONE', ( #385, #25, #1905, #1875 ) ) ;
#270 = ADVANCED_FACE ( 'NONE', ( #2000 ), #2142, .T. ) ;
#271 = CARTESIAN_POINT ( 'NONE',  ( -93.98889299317281100, -344.9996716050671900, 2204.357835270163800 ) ) ;
#272 = AXIS2_PLACEMENT_3D ( 'NONE', #989, #986, #983 ) ;
#273 = CARTESIAN_POINT ( 'NONE',  ( 361.7783928737945300, -262.8709934730729300, 2090.065193416488000 ) ) ;
#274 =( NAMED_UNIT ( * ) SI_UNIT ( $, .STERADIAN. ) SOLID_ANGLE_UNIT ( ) );
#275 =( NAMED_UNIT ( * ) PLANE_ANGLE_UNIT ( ) SI_UNIT ( $, .RADIAN. ) );
#276 = SURFACE_STYLE_FILL_AREA ( #2779 ) ;
#277 = ADVANCED_FACE ( 'NONE', ( #2099 ), #2320, .T. ) ;
#278 = EDGE_CURVE ( 'NONE', #2551, #1051, #2318, .T. ) ;
#279 =( LENGTH_UNIT ( ) NAMED_UNIT ( * ) SI_UNIT ( .MILLI., .METRE. ) );
#280 = ADVANCED_FACE ( 'NONE', ( #2249 ), #2615, .T. ) ;
#281 = VERTEX_POINT ( 'NONE', #2512 ) ;
#282 = CARTESIAN_POINT ( 'NONE',  ( 644.7199994035460100, -175.5000000000365500, 2406.940137433515200 ) ) ;
#283 = CARTESIAN_POINT ( 'NONE',  ( 157.7836034238448000, -341.2307388422914900, 2324.511817696997200 ) ) ;
#284 = ORIENTED_EDGE ( 'NONE', *, *, #603, .T. ) ;
#285 = SURFACE_STYLE_FILL_AREA ( #1165 ) ;
#286 = PRESENTATION_LAYER_ASSIGNMENT (  '', '', ( #2964 ) ) ;
#287 = VECTOR ( 'NONE', #786, 1000.000000000000000 ) ;
#288 = CIRCLE ( 'NONE', #551, 37.68571307457469300 ) ;
#289 = CARTESIAN_POINT ( 'NONE',  ( 359.3251286448813700, -190.7106534023904200, 2359.284022554945300 ) ) ;
#290 = VERTEX_POINT ( 'NONE', #2498 ) ;
#291 = CYLINDRICAL_SURFACE ( 'NONE', #1393, 28.00000000000002500 ) ;
#292 = EDGE_CURVE ( 'NONE', #2411, #902, #2540, .T. ) ;
#293 = MECHANICAL_DESIGN_GEOMETRIC_PRESENTATION_REPRESENTATION (  '', ( #256 ), #461 ) ;
#294 = LINE ( 'NONE', #523, #618 ) ;
#295 = ORIENTED_EDGE ( 'NONE', *, *, #715, .F. ) ;
#296 = UNCERTAINTY_MEASURE_WITH_UNIT (LENGTH_MEASURE( 1.000000000000000100E-005 ), #1074, 'distance_accuracy_value', 'NONE');
#297 = SURFACE_STYLE_USAGE ( .BOTH. , #303 ) ;
#298 = COLOUR_RGB ( '',0.8431372549019607900, 0.8431372549019607900, 0.8431372549019607900 ) ;
#299 = ADVANCED_FACE ( 'NONE', ( #2501 ), #2497, .F. ) ;
#300 = EDGE_LOOP ( 'NONE', ( #2450, #2191 ) ) ;
#301 = VERTEX_POINT ( 'NONE', #2527 ) ;
#302 = AXIS2_PLACEMENT_3D ( 'NONE', #1489, #1486, #1482 ) ;
#303 = SURFACE_SIDE_STYLE ('',( #988 ) ) ;
#304 = ORIENTED_EDGE ( 'NONE', *, *, #1793, .T. ) ;
#305 = EDGE_LOOP ( 'NONE', ( #822, #1249 ) ) ;
#306 = ORIENTED_EDGE ( 'NONE', *, *, #225, .T. ) ;
#307 = MECHANICAL_DESIGN_GEOMETRIC_PRESENTATION_REPRESENTATION (  '', ( #102 ), #134 ) ;
#308 = ORIENTED_EDGE ( 'NONE', *, *, #261, .T. ) ;
#309 = CARTESIAN_POINT ( 'NONE',  ( 300.0000000000043200, -329.0000000000353000, 2051.999999999998600 ) ) ;
#310 =( GEOMETRIC_REPRESENTATION_CONTEXT ( 3 ) GLOBAL_UNCERTAINTY_ASSIGNED_CONTEXT ( ( #2385 ) ) GLOBAL_UNIT_ASSIGNED_CONTEXT ( ( #2530, #2503, #2335 ) ) REPRESENTATION_CONTEXT ( 'NONE', 'WORKASPACE' ) );
#311 = DIRECTION ( 'NONE',  ( 0.0000000000000000000, 3.172065784643291600E-015, -1.000000000000000000 ) ) ;
#312 = CARTESIAN_POINT ( 'NONE',  ( 644.7199994035461300, -138.2500000000365800, 2404.254424358940900 ) ) ;
#313 = PLANE ( 'NONE',  #1062 ) ;
#314 = CARTESIAN_POINT ( 'NONE',  ( -117.2327345550499400, -362.5000000000359300, 2248.572967037159300 ) ) ;
#315 = AXIS2_PLACEMENT_3D ( 'NONE', #1877, #1876, #1861 ) ;
#316 = ADVANCED_FACE ( 'NONE', ( #2790 ), #2416, .T. ) ;
#317 = PRESENTATION_STYLE_ASSIGNMENT (( #2261 ) ) ;
#318 = ADVANCED_FACE ( 'NONE', ( #5 ), #1185, .F. ) ;
#319 = PRESENTATION_LAYER_ASSIGNMENT (  '', '', ( #1645 ) ) ;
#320 = CARTESIAN_POINT ( 'NONE',  ( 356.6268187778525200, -262.9394825287919300, 2121.666056285966100 ) ) ;
#321 = FILL_AREA_STYLE_COLOUR ( '', #391 ) ;
#322 = ADVANCED_FACE ( 'NONE', ( #1191, #2823 ), #2236, .F. ) ;
#323 = EDGE_CURVE ( 'NONE', #1195, #626, #839, .T. ) ;
#324 = VERTEX_POINT ( 'NONE', #2092 ) ;
#325 = PRESENTATION_LAYER_ASSIGNMENT (  '', '', ( #1436 ) ) ;
#326 = LINE ( 'NONE', #1696, #2073 ) ;
#327 = ORIENTED_EDGE ( 'NONE', *, *, #1437, .T. ) ;
#328 = ORIENTED_EDGE ( 'NONE', *, *, #2959, .F. ) ;
#329 = ADVANCED_FACE ( 'NONE', ( #927 ), #531, .T. ) ;
#330 = CARTESIAN_POINT ( 'NONE',  ( 644.7199994035461300, -138.2500000000365800, 2407.754424358940500 ) ) ;
#331 = DIRECTION ( 'NONE',  ( -0.9058808402388923700, -0.4235326472517534400, 0.0000000000000000000 ) ) ;
#332 = LINE ( 'NONE', #1509, #2694 ) ;
#333 = AXIS2_PLACEMENT_3D ( 'NONE', #1539, #1538, #1534 ) ;
#334 = ORIENTED_EDGE ( 'NONE', *, *, #2008, .T. ) ;
#335 = VERTEX_POINT ( 'NONE', #1853 ) ;
#336 = VERTEX_POINT ( 'NONE', #1859 ) ;
#337 = PRESENTATION_STYLE_ASSIGNMENT (( #2600 ) ) ;
#338 = ORIENTED_EDGE ( 'NONE', *, *, #2871, .T. ) ;
#339 = DIRECTION ( 'NONE',  ( -0.4225829328411913600, 0.9038495255484912900, -0.06693056130875028900 ) ) ;
#340 = ORIENTED_EDGE ( 'NONE', *, *, #2657, .F. ) ;
#341 = ORIENTED_EDGE ( 'NONE', *, *, #2856, .F. ) ;
#342 = COLOUR_RGB ( '',0.8431372549019607900, 0.8431372549019607900, 0.8431372549019607900 ) ;
#343 = MECHANICAL_DESIGN_GEOMETRIC_PRESENTATION_REPRESENTATION (  '', ( #2780 ), #2949 ) ;
#344 = PRESENTATION_STYLE_ASSIGNMENT (( #1345 ) ) ;
#345 = CARTESIAN_POINT ( 'NONE',  ( -16.13037571514411200, -340.8849525548893100, 3422.564340749917800 ) ) ;
#346 = ORIENTED_EDGE ( 'NONE', *, *, #1617, .T. ) ;
#347 = DIRECTION ( 'NONE',  ( 0.0000000000000000000, 2.775557561562889000E-015, -1.000000000000000000 ) ) ;
#348 = ADVANCED_FACE ( 'NONE', ( #566 ), #2958, .F. ) ;
#349 = ADVANCED_FACE ( 'NONE', ( #403, #398 ), #1515, .F. ) ;
#350 = COLOUR_RGB ( '',0.8431372549019607900, 0.8431372549019607900, 0.8431372549019607900 ) ;
#351 = STYLED_ITEM ( 'NONE', ( #535 ), #348 ) ;
#352 =( NAMED_UNIT ( * ) SI_UNIT ( $, .STERADIAN. ) SOLID_ANGLE_UNIT ( ) );
#353 = SURFACE_STYLE_FILL_AREA ( #1845 ) ;
#354 = ADVANCED_FACE ( 'NONE', ( #203, #175 ), #783, .T. ) ;
#355 = UNCERTAINTY_MEASURE_WITH_UNIT (LENGTH_MEASURE( 1.000000000000000100E-005 ), #2192, 'distance_accuracy_value', 'NONE');
#356 = PRESENTATION_STYLE_ASSIGNMENT (( #2022 ) ) ;
#357 = EDGE_CURVE ( 'NONE', #982, #1872, #2535, .T. ) ;
#358 = MECHANICAL_DESIGN_GEOMETRIC_PRESENTATION_REPRESENTATION (  '', ( #1476 ), #2134 ) ;
#359 =( NAMED_UNIT ( * ) PLANE_ANGLE_UNIT ( ) SI_UNIT ( $, .RADIAN. ) );
#360 =( NAMED_UNIT ( * ) PLANE_ANGLE_UNIT ( ) SI_UNIT ( $, .RADIAN. ) );
#361 = MECHANICAL_DESIGN_GEOMETRIC_PRESENTATION_REPRESENTATION (  '', ( #35 ), #1252 ) ;
#362 =( BOUNDED_CURVE ( )  B_SPLINE_CURVE ( 3, ( #1665, #1666, #1618, #1612 ),
 .UNSPECIFIED., .F., .T. ) 
 B_SPLINE_CURVE_WITH_KNOTS ( ( 4, 4 ),
 ( 1.030699284886135800, 1.194006638511603500 ),
 .UNSPECIFIED. ) 
 CURVE ( )  GEOMETRIC_REPRESENTATION_ITEM ( )  RATIONAL_B_SPLINE_CURVE ( ( 1.000000000000000000, 0.9977787935575667100, 0.9977787935575667100, 1.000000000000000000 ) ) 
 REPRESENTATION_ITEM ( '' )  );
#363 = ADVANCED_FACE ( 'NONE', ( #2752, #2611 ), #774, .T. ) ;
#364 = DIRECTION ( 'NONE',  ( -0.0000000000000000000, 1.000000000000000000, 3.491483361109382100E-015 ) ) ;
#365 =( LENGTH_UNIT ( ) NAMED_UNIT ( * ) SI_UNIT ( .MILLI., .METRE. ) );
#366 = VERTEX_POINT ( 'NONE', #733 ) ;
#367 = ORIENTED_EDGE ( 'NONE', *, *, #1687, .F. ) ;
#368 = EDGE_LOOP ( 'NONE', ( #1731, #334, #1669, #340 ) ) ;
#369 = LINE ( 'NONE', #899, #2727 ) ;
#370 = LINE ( 'NONE', #977, #2659 ) ;
#371 = CARTESIAN_POINT ( 'NONE',  ( 195.2758113546474600, -340.8849525548847100, 2087.798206926348500 ) ) ;
#372 = FACE_OUTER_BOUND ( 'NONE', #1934, .T. ) ;
#373 = SURFACE_STYLE_USAGE ( .BOTH. , #379 ) ;
#374 = STYLED_ITEM ( 'NONE', ( #138 ), #266 ) ;
#375 = SURFACE_SIDE_STYLE ('',( #547 ) ) ;
#376 = FACE_OUTER_BOUND ( 'NONE', #2306, .T. ) ;
#377 = CIRCLE ( 'NONE', #188, 35.00000000000014200 ) ;
#378 = CARTESIAN_POINT ( 'NONE',  ( -117.2327345550499400, -387.5000000000359300, 2248.572967037159300 ) ) ;
#379 = SURFACE_SIDE_STYLE ('',( #2939 ) ) ;
#380 = AXIS2_PLACEMENT_3D ( 'NONE', #2734, #2726, #2733 ) ;
#381 = ORIENTED_EDGE ( 'NONE', *, *, #2505, .F. ) ;
#382 = ORIENTED_EDGE ( 'NONE', *, *, #2925, .F. ) ;
#383 = VERTEX_POINT ( 'NONE', #678 ) ;
#384 = DIRECTION ( 'NONE',  ( 0.0000000000000000000, -1.000000000000000000, -3.491483361109382500E-015 ) ) ;
#385 = ORIENTED_EDGE ( 'NONE', *, *, #1958, .F. ) ;
#386 = VERTEX_POINT ( 'NONE', #675 ) ;
#387 = PRESENTATION_LAYER_ASSIGNMENT (  '', '', ( #54 ) ) ;
#388 = FILL_AREA_STYLE ('',( #423 ) ) ;
#389 = LINE ( 'NONE', #2965, #2745 ) ;
#390 = VERTEX_POINT ( 'NONE', #668 ) ;
#391 = COLOUR_RGB ( '',0.8431372549019607900, 0.8431372549019607900, 0.8431372549019607900 ) ;
#392 = EDGE_CURVE ( 'NONE', #754, #655, #2738, .T. ) ;
#393 = PLANE ( 'NONE',  #129 ) ;
#394 = VERTEX_POINT ( 'NONE', #658 ) ;
#395 = UNCERTAINTY_MEASURE_WITH_UNIT (LENGTH_MEASURE( 1.000000000000000100E-005 ), #877, 'distance_accuracy_value', 'NONE');
#396 = FILL_AREA_STYLE ('',( #321 ) ) ;
#397 = SURFACE_STYLE_USAGE ( .BOTH. , #375 ) ;
#398 = FACE_OUTER_BOUND ( 'NONE', #2880, .T. ) ;
#399 = STYLED_ITEM ( 'NONE', ( #664 ), #498 ) ;
#400 = B_SPLINE_CURVE_WITH_KNOTS ( 'NONE', 3,
 ( #991, #36, #1506, #987, #1969, #1974, #1931, #995 ),
 .UNSPECIFIED., .F., .F.,
 ( 4, 2, 2, 4 ),
 ( 3.211789054550304100E-014, 0.02223494827709796400, 0.03335242241563105700, 0.04446989655416411200 ),
 .UNSPECIFIED. ) ;
#401 = DIRECTION ( 'NONE',  ( 0.0000000000000000000, 2.883696167857551000E-015, -1.000000000000000000 ) ) ;
#402 = DIRECTION ( 'NONE',  ( -1.459929877310224200E-015, -0.9993908270190963200, -0.03489949670248519000 ) ) ;
#403 = FACE_BOUND ( 'NONE', #300, .T. ) ;
#404 = ADVANCED_FACE ( 'NONE', ( #2487 ), #488, .T. ) ;
#405 = ADVANCED_FACE ( 'NONE', ( #2879 ), #147, .T. ) ;
#406 = FILL_AREA_STYLE ('',( #684 ) ) ;
#407 = EDGE_LOOP ( 'NONE', ( #1292, #2228, #1346, #419 ) ) ;
#408 = DIRECTION ( 'NONE',  ( -0.0000000000000000000, -1.000000000000000000, -3.491483361109382100E-015 ) ) ;
#409 = LINE ( 'NONE', #1768, #2764 ) ;
#410 = ORIENTED_EDGE ( 'NONE', *, *, #685, .F. ) ;
#411 = COLOUR_RGB ( '',0.8431372549019607900, 0.8431372549019607900, 0.8431372549019607900 ) ;
#412 = EDGE_CURVE ( 'NONE', #960, #1132, #294, .T. ) ;
#413 = VECTOR ( 'NONE', #2026, 1000.000000000000000 ) ;
#414 = PRESENTATION_STYLE_ASSIGNMENT (( #2314 ) ) ;
#415 = DIRECTION ( 'NONE',  ( 0.9876883405951389900, -5.496325030388029100E-016, 0.1564344650402224000 ) ) ;
#416 = STYLED_ITEM ( 'NONE', ( #317 ), #318 ) ;
#417 = SURFACE_STYLE_FILL_AREA ( #1516 ) ;
#418 = ADVANCED_FACE ( 'NONE', ( #376 ), #494, .F. ) ;
#419 = ORIENTED_EDGE ( 'NONE', *, *, #1187, .F. ) ;
#420 = DIRECTION ( 'NONE',  ( 0.0000000000000000000, -1.000000000000000000, -3.491483361109382100E-015 ) ) ;
#421 = CARTESIAN_POINT ( 'NONE',  ( -117.2327345550499400, -387.5000000000359300, 2248.572967037159300 ) ) ;
#422 = ORIENTED_EDGE ( 'NONE', *, *, #323, .F. ) ;
#423 = FILL_AREA_STYLE_COLOUR ( '', #1700 ) ;
#424 = ADVANCED_FACE ( 'NONE', ( #737 ), #484, .T. ) ;
#425 = EDGE_CURVE ( 'NONE', #655, #1237, #1180, .T. ) ;
#426 = DIRECTION ( 'NONE',  ( 0.0000000000000000000, -3.965082230804126700E-015, 1.000000000000000000 ) ) ;
#427 = FACE_BOUND ( 'NONE', #2741, .T. ) ;
#428 = DIRECTION ( 'NONE',  ( 0.0000000000000000000, -3.333835021512894300E-015, 1.000000000000000000 ) ) ;
#429 = DIRECTION ( 'NONE',  ( 0.0000000000000000000, 3.568574007723702800E-015, -1.000000000000000000 ) ) ;
#430 = EDGE_CURVE ( 'NONE', #1178, #576, #2807, .T. ) ;
#431 = ADVANCED_FACE ( 'NONE', ( #934 ), #393, .F. ) ;
#432 =( NAMED_UNIT ( * ) SI_UNIT ( $, .STERADIAN. ) SOLID_ANGLE_UNIT ( ) );
#433 = CARTESIAN_POINT ( 'NONE',  ( 147.8689173356896400, -293.0942500856228900, 2103.707055132804300 ) ) ;
#434 =( NAMED_UNIT ( * ) PLANE_ANGLE_UNIT ( ) SI_UNIT ( $, .RADIAN. ) );
#435 = ORIENTED_EDGE ( 'NONE', *, *, #2682, .T. ) ;
#436 =( GEOMETRIC_REPRESENTATION_CONTEXT ( 3 ) GLOBAL_UNCERTAINTY_ASSIGNED_CONTEXT ( ( #542 ) ) GLOBAL_UNIT_ASSIGNED_CONTEXT ( ( #2413, #2410, #2409 ) ) REPRESENTATION_CONTEXT ( 'NONE', 'WORKASPACE' ) );
#437 =( LENGTH_UNIT ( ) NAMED_UNIT ( * ) SI_UNIT ( .MILLI., .METRE. ) );
#438 = ORIENTED_EDGE ( 'NONE', *, *, #1184, .F. ) ;
#439 = SURFACE_STYLE_USAGE ( .BOTH. , #446 ) ;
#440 = ADVANCED_FACE ( 'NONE', ( #1610 ), #313, .T. ) ;
#441 = SURFACE_SIDE_STYLE ('',( #1 ) ) ;
#442 = LINE ( 'NONE', #1402, #2185 ) ;
#443 = VECTOR ( 'NONE', #1108, 1000.000000000000100 ) ;
#444 = DIRECTION ( 'NONE',  ( 0.0000000000000000000, 1.000000000000000000, 3.491483361109382100E-015 ) ) ;
#445 = CARTESIAN_POINT ( 'NONE',  ( 300.0000000000043200, -205.0000000000354100, 2079.999999999999100 ) ) ;
#446 = SURFACE_SIDE_STYLE ('',( #11 ) ) ;
#447 =( GEOMETRIC_REPRESENTATION_CONTEXT ( 3 ) GLOBAL_UNCERTAINTY_ASSIGNED_CONTEXT ( ( #753 ) ) GLOBAL_UNIT_ASSIGNED_CONTEXT ( ( #1215, #1241, #1223 ) ) REPRESENTATION_CONTEXT ( 'NONE', 'WORKASPACE' ) );
#448 = DIRECTION ( 'NONE',  ( 5.556391702521489800E-016, 1.000000000000000000, 3.333835021512904100E-015 ) ) ;
#449 = ORIENTED_EDGE ( 'NONE', *, *, #2287, .T. ) ;
#450 = UNCERTAINTY_MEASURE_WITH_UNIT (LENGTH_MEASURE( 1.000000000000000100E-005 ), #823, 'distance_accuracy_value', 'NONE');
#451 = EDGE_LOOP ( 'NONE', ( #1455, #259 ) ) ;
#452 = SURFACE_STYLE_FILL_AREA ( #2769 ) ;
#453 = MECHANICAL_DESIGN_GEOMETRIC_PRESENTATION_REPRESENTATION (  '', ( #2964 ), #600 ) ;
#454 = ORIENTED_EDGE ( 'NONE', *, *, #836, .F. ) ;
#455 =( NAMED_UNIT ( * ) SI_UNIT ( $, .STERADIAN. ) SOLID_ANGLE_UNIT ( ) );
#456 = ORIENTED_EDGE ( 'NONE', *, *, #2590, .T. ) ;
#457 = PRESENTATION_STYLE_ASSIGNMENT (( #2931 ) ) ;
#458 = FILL_AREA_STYLE_COLOUR ( '', #26 ) ;
#459 = ORIENTED_EDGE ( 'NONE', *, *, #261, .F. ) ;
#460 = EDGE_CURVE ( 'NONE', #549, #2018, #1404, .T. ) ;
#461 =( GEOMETRIC_REPRESENTATION_CONTEXT ( 3 ) GLOBAL_UNCERTAINTY_ASSIGNED_CONTEXT ( ( #1994 ) ) GLOBAL_UNIT_ASSIGNED_CONTEXT ( ( #2234, #2248, #2263 ) ) REPRESENTATION_CONTEXT ( 'NONE', 'WORKASPACE' ) );
#462 =( BOUNDED_CURVE ( )  B_SPLINE_CURVE ( 3, ( #629, #645, #567, #562 ),
 .UNSPECIFIED., .F., .F. ) 
 B_SPLINE_CURVE_WITH_KNOTS ( ( 4, 4 ),
 ( 6.098263877742377700, 6.283185307179652800 ),
 .UNSPECIFIED. ) 
 CURVE ( )  GEOMETRIC_REPRESENTATION_ITEM ( )  RATIONAL_B_SPLINE_CURVE ( ( 1.000000000000000000, 0.9971523683084569900, 0.9971523683084569900, 1.000000000000000000 ) ) 
 REPRESENTATION_ITEM ( '' )  );
#463 = ADVANCED_FACE ( 'NONE', ( #158 ), #1101, .T. ) ;
#464 = VERTEX_POINT ( 'NONE', #181 ) ;
#465 = CARTESIAN_POINT ( 'NONE',  ( 644.7199994035460100, -184.5000000000362700, 2331.254424358940500 ) ) ;
#466 = PRESENTATION_LAYER_ASSIGNMENT (  '', '', ( #1452 ) ) ;
#467 = DIRECTION ( 'NONE',  ( 0.0000000000000000000, 3.491483361109382500E-015, -1.000000000000000000 ) ) ;
#468 =( LENGTH_UNIT ( ) NAMED_UNIT ( * ) SI_UNIT ( .MILLI., .METRE. ) );
#469 = DIRECTION ( 'NONE',  ( 0.0000000000000000000, -1.000000000000000000, -3.491483361109382500E-015 ) ) ;
#470 = CARTESIAN_POINT ( 'NONE',  ( 300.0000000000043200, -329.0000000000354100, 2079.999999999998600 ) ) ;
#471 = AXIS2_PLACEMENT_3D ( 'NONE', #2549, #2579, #2515 ) ;
#472 = ADVANCED_FACE ( 'NONE', ( #493 ), #2023, .T. ) ;
#473 =( NAMED_UNIT ( * ) PLANE_ANGLE_UNIT ( ) SI_UNIT ( $, .RADIAN. ) );
#474 = AXIS2_PLACEMENT_3D ( 'NONE', #1445, #1448, #1475 ) ;
#475 = CARTESIAN_POINT ( 'NONE',  ( -117.2327345550499400, -393.7500000000358100, 2210.072967037159300 ) ) ;
#476 =( NAMED_UNIT ( * ) SI_UNIT ( $, .STERADIAN. ) SOLID_ANGLE_UNIT ( ) );
#477 = ORIENTED_EDGE ( 'NONE', *, *, #2493, .T. ) ;
#478 = CIRCLE ( 'NONE', #585, 47.62038896415221200 ) ;
#479 =( NAMED_UNIT ( * ) PLANE_ANGLE_UNIT ( ) SI_UNIT ( $, .RADIAN. ) );
#480 = EDGE_LOOP ( 'NONE', ( #2400, #2722 ) ) ;
#481 = ORIENTED_EDGE ( 'NONE', *, *, #2595, .F. ) ;
#482 =( LENGTH_UNIT ( ) NAMED_UNIT ( * ) SI_UNIT ( .MILLI., .METRE. ) );
#483 = SURFACE_STYLE_USAGE ( .BOTH. , #490 ) ;
#484 = CONICAL_SURFACE ( 'NONE', #597, 49.95251793179633600, 0.7330382858376092200 ) ;
#485 = ORIENTED_EDGE ( 'NONE', *, *, #94, .T. ) ;
#486 = UNCERTAINTY_MEASURE_WITH_UNIT (LENGTH_MEASURE( 1.000000000000000100E-005 ), #2711, 'distance_accuracy_value', 'NONE');
#487 = ADVANCED_FACE ( 'NONE', ( #2089, #2643 ), #83, .T. ) ;
#488 = CONICAL_SURFACE ( 'NONE', #227, 38.00000000000025600, 0.03490658503986824500 ) ;
#489 = PRESENTATION_LAYER_ASSIGNMENT (  '', '', ( #984 ) ) ;
#490 = SURFACE_SIDE_STYLE ('',( #2732 ) ) ;
#491 = FILL_AREA_STYLE ('',( #514 ) ) ;
#492 =( GEOMETRIC_REPRESENTATION_CONTEXT ( 3 ) GLOBAL_UNCERTAINTY_ASSIGNED_CONTEXT ( ( #2740 ) ) GLOBAL_UNIT_ASSIGNED_CONTEXT ( ( #2168, #2153, #2163 ) ) REPRESENTATION_CONTEXT ( 'NONE', 'WORKASPACE' ) );
#493 = FACE_OUTER_BOUND ( 'NONE', #2365, .T. ) ;
#494 = PLANE ( 'NONE',  #1383 ) ;
#495 = STYLED_ITEM ( 'NONE', ( #565 ), #107 ) ;
#496 = FILL_AREA_STYLE ('',( #458 ) ) ;
#497 = PRESENTATION_LAYER_ASSIGNMENT (  '', '', ( #14 ) ) ;
#498 = ADVANCED_FACE ( 'NONE', ( #1294 ), #1606, .T. ) ;
#499 = PRESENTATION_LAYER_ASSIGNMENT (  '', '', ( #351 ) ) ;
#500 = EDGE_CURVE ( 'NONE', #1423, #817, #1059, .T. ) ;
#501 = VERTEX_POINT ( 'NONE', #2956 ) ;
#502 = VECTOR ( 'NONE', #1481, 1000.000000000000100 ) ;
#503 = ORIENTED_EDGE ( 'NONE', *, *, #713, .T. ) ;
#504 = EDGE_CURVE ( 'NONE', #751, #1649, #389, .T. ) ;
#505 = PRESENTATION_LAYER_ASSIGNMENT (  '', '', ( #2325 ) ) ;
#506 = ORIENTED_EDGE ( 'NONE', *, *, #292, .F. ) ;
#507 = CARTESIAN_POINT ( 'NONE',  ( -117.2327345550499400, -344.9996716050671900, 2248.572967037159700 ) ) ;
#508 = LINE ( 'NONE', #1355, #2259 ) ;
#509 = VECTOR ( 'NONE', #1160, 1000.000000000000000 ) ;
#510 = ORIENTED_EDGE ( 'NONE', *, *, #1187, .T. ) ;
#511 = ADVANCED_FACE ( 'NONE', ( #2127 ), #2947, .F. ) ;
#512 = CARTESIAN_POINT ( 'NONE',  ( -88.83486933117224300, -348.7108780620308200, 2285.564563738811100 ) ) ;
#513 = AXIS2_PLACEMENT_3D ( 'NONE', #421, #420, #401 ) ;
#514 = FILL_AREA_STYLE_COLOUR ( '', #2952 ) ;
#515 = COLOUR_RGB ( '',0.2901960784313725200, 0.3294117647058823500, 0.3490196078431372400 ) ;
#516 = EDGE_LOOP ( 'NONE', ( #1279, #1173, #1281, #795 ) ) ;
#517 = ADVANCED_FACE ( 'NONE', ( #760 ), #2937, .T. ) ;
#518 = ORIENTED_EDGE ( 'NONE', *, *, #243, .F. ) ;
#519 = ORIENTED_EDGE ( 'NONE', *, *, #2767, .T. ) ;
#520 = CARTESIAN_POINT ( 'NONE',  ( -90.98957686796571000, -350.5000000000363200, 2285.128358904993100 ) ) ;
#521 = ORIENTED_EDGE ( 'NONE', *, *, #1230, .T. ) ;
#522 = UNCERTAINTY_MEASURE_WITH_UNIT (LENGTH_MEASURE( 1.000000000000000100E-005 ), #279, 'distance_accuracy_value', 'NONE');
#523 = CARTESIAN_POINT ( 'NONE',  ( 644.7199994035461300, -406.4213562373458300, 2349.254424358939600 ) ) ;
#524 = CONICAL_SURFACE ( 'NONE', #2847, 49.95251793179633600, 0.05235987755982624700 ) ;
#525 = PRESENTATION_LAYER_ASSIGNMENT (  '', '', ( #374 ) ) ;
#526 = CARTESIAN_POINT ( 'NONE',  ( -117.2327345550499400, -387.5000000000358700, 2228.572967037159300 ) ) ;
#527 = DIRECTION ( 'NONE',  ( 0.0000000000000000000, -2.775557561562889000E-015, 1.000000000000000000 ) ) ;
#528 = STYLED_ITEM ( 'NONE', ( #1054 ), #544 ) ;
#529 = ADVANCED_FACE ( 'NONE', ( #1706 ), #867, .T. ) ;
#530 = ADVANCED_FACE ( 'NONE', ( #2704 ), #2844, .F. ) ;
#531 = CYLINDRICAL_SURFACE ( 'NONE', #2319, 35.00000000000014200 ) ;
#532 =( NAMED_UNIT ( * ) SI_UNIT ( $, .STERADIAN. ) SOLID_ANGLE_UNIT ( ) );
#533 = EDGE_CURVE ( 'NONE', #1900, #189, #1857, .T. ) ;
#534 = CARTESIAN_POINT ( 'NONE',  ( -86.72275710634059500, -346.8716076898907100, 2285.996683066497600 ) ) ;
#535 = PRESENTATION_STYLE_ASSIGNMENT (( #1792 ) ) ;
#536 =( NAMED_UNIT ( * ) PLANE_ANGLE_UNIT ( ) SI_UNIT ( $, .RADIAN. ) );
#537 =( GEOMETRIC_REPRESENTATION_CONTEXT ( 3 ) GLOBAL_UNCERTAINTY_ASSIGNED_CONTEXT ( ( #574 ) ) GLOBAL_UNIT_ASSIGNED_CONTEXT ( ( #609, #606, #601 ) ) REPRESENTATION_CONTEXT ( 'NONE', 'WORKASPACE' ) );
#538 = ADVANCED_FACE ( 'NONE', ( #37 ), #2782, .T. ) ;
#539 =( LENGTH_UNIT ( ) NAMED_UNIT ( * ) SI_UNIT ( .MILLI., .METRE. ) );
#540 = VERTEX_POINT ( 'NONE', #2801 ) ;
#541 = FACE_OUTER_BOUND ( 'NONE', #1566, .T. ) ;
#542 = UNCERTAINTY_MEASURE_WITH_UNIT (LENGTH_MEASURE( 1.000000000000000100E-005 ), #2413, 'distance_accuracy_value', 'NONE');
#543 = AXIS2_PLACEMENT_3D ( 'NONE', #2, #2982, #29 ) ;
#544 = ADVANCED_FACE ( 'NONE', ( #2195 ), #1980, .F. ) ;
#545 = CIRCLE ( 'NONE', #156, 38.49999999999997900 ) ;
#546 = EDGE_CURVE ( 'NONE', #1454, #1740, #2602, .T. ) ;
#547 = SURFACE_STYLE_FILL_AREA ( #406 ) ;
#548 = SURFACE_STYLE_USAGE ( .BOTH. , #552 ) ;
#549 = VERTEX_POINT ( 'NONE', #2692 ) ;
#550 = ORIENTED_EDGE ( 'NONE', *, *, #500, .F. ) ;
#551 = AXIS2_PLACEMENT_3D ( 'NONE', #923, #922, #918 ) ;
#552 = SURFACE_SIDE_STYLE ('',( #791 ) ) ;
#553 = CYLINDRICAL_SURFACE ( 'NONE', #1592, 99.99999999999995700 ) ;
#554 = ORIENTED_EDGE ( 'NONE', *, *, #1747, .T. ) ;
#555 = ORIENTED_EDGE ( 'NONE', *, *, #659, .T. ) ;
#556 = ADVANCED_FACE ( 'NONE', ( #224 ), #553, .F. ) ;
#557 = PRESENTATION_STYLE_ASSIGNMENT (( #2857 ) ) ;
#558 = EDGE_CURVE ( 'NONE', #2329, #1868, #1170, .T. ) ;
#559 = COLOUR_RGB ( '',0.8431372549019607900, 0.8431372549019607900, 0.8431372549019607900 ) ;
#560 = AXIS2_PLACEMENT_3D ( 'NONE', #2273, #2304, #2313 ) ;
#561 = FILL_AREA_STYLE ('',( #663 ) ) ;
#562 = CARTESIAN_POINT ( 'NONE',  ( 65.17147012129331100, -300.5000000000362700, 2312.514891375083200 ) ) ;
#563 = COLOUR_RGB ( '',0.8431372549019607900, 0.8431372549019607900, 0.8431372549019607900 ) ;
#564 = EDGE_CURVE ( 'NONE', #2957, #281, #2477, .T. ) ;
#565 = PRESENTATION_STYLE_ASSIGNMENT (( #953 ) ) ;
#566 = FACE_OUTER_BOUND ( 'NONE', #2406, .T. ) ;
#567 = CARTESIAN_POINT ( 'NONE',  ( 81.93780400632806500, -300.5000000000363200, 2315.170417783758700 ) ) ;
#568 = DIRECTION ( 'NONE',  ( 0.0000000000000000000, 1.000000000000000000, 3.491483361109382100E-015 ) ) ;
#569 = AXIS2_PLACEMENT_3D ( 'NONE', #1629, #1576, #1614 ) ;
#570 = ADVANCED_FACE ( 'NONE', ( #2305 ), #2635, .T. ) ;
#571 = CARTESIAN_POINT ( 'NONE',  ( -84.63839063760714500, -344.9996716050674200, 2286.426141175109000 ) ) ;
#572 = DIRECTION ( 'NONE',  ( 0.0000000000000000000, 1.000000000000000000, 3.491483361109382100E-015 ) ) ;
#573 = SURFACE_STYLE_FILL_AREA ( #1773 ) ;
#574 = UNCERTAINTY_MEASURE_WITH_UNIT (LENGTH_MEASURE( 1.000000000000000100E-005 ), #609, 'distance_accuracy_value', 'NONE');
#575 = ADVANCED_FACE ( 'NONE', ( #946 ), #2654, .T. ) ;
#576 = VERTEX_POINT ( 'NONE', #2592 ) ;
#577 = ADVANCED_FACE ( 'NONE', ( #1282 ), #635, .T. ) ;
#578 = PRESENTATION_LAYER_ASSIGNMENT (  '', '', ( #1352 ) ) ;
#579 = VECTOR ( 'NONE', #1513, 1000.000000000000000 ) ;
#580 = ORIENTED_EDGE ( 'NONE', *, *, #2767, .F. ) ;
#581 = COLOUR_RGB ( '',0.8431372549019607900, 0.8431372549019607900, 0.8431372549019607900 ) ;
#582 = CARTESIAN_POINT ( 'NONE',  ( 644.7199994035461300, -406.4213562373458900, 2369.254424358939600 ) ) ;
#583 = VECTOR ( 'NONE', #873, 1000.000000000000200 ) ;
#584 = LINE ( 'NONE', #1167, #1729 ) ;
#585 = AXIS2_PLACEMENT_3D ( 'NONE', #1826, #1824, #1821 ) ;
#586 = PRODUCT_DEFINITION_CONTEXT ( 'detailed design', #843, 'design' ) ;
#587 = CARTESIAN_POINT ( 'NONE',  ( -117.2327345550499400, -387.5000000000358100, 2210.072967037159300 ) ) ;
#588 = ADVANCED_FACE ( 'NONE', ( #729 ), #818, .T. ) ;
#589 = PRESENTATION_STYLE_ASSIGNMENT (( #397 ) ) ;
#590 = DIRECTION ( 'NONE',  ( 0.0000000000000000000, 2.191229653865425900E-015, -1.000000000000000000 ) ) ;
#591 = VERTEX_POINT ( 'NONE', #2382 ) ;
#592 = ADVANCED_FACE ( 'NONE', ( #221 ), #2989, .T. ) ;
#593 = FILL_AREA_STYLE ('',( #677 ) ) ;
#594 = ORIENTED_EDGE ( 'NONE', *, *, #146, .F. ) ;
#595 = CYLINDRICAL_SURFACE ( 'NONE', #1632, 35.00000000000014200 ) ;
#596 = CARTESIAN_POINT ( 'NONE',  ( 644.7199994035460100, -184.5000000000363500, 2369.254424358940500 ) ) ;
#597 = AXIS2_PLACEMENT_3D ( 'NONE', #507, #448, #428 ) ;
#598 = CARTESIAN_POINT ( 'NONE',  ( 157.3890410123187000, -284.1448650312081600, 2327.477429255552100 ) ) ;
#599 = CARTESIAN_POINT ( 'NONE',  ( 164.5669875523389300, -330.5470158280568900, 2099.123800832678600 ) ) ;
#600 =( GEOMETRIC_REPRESENTATION_CONTEXT ( 3 ) GLOBAL_UNCERTAINTY_ASSIGNED_CONTEXT ( ( #522 ) ) GLOBAL_UNIT_ASSIGNED_CONTEXT ( ( #279, #275, #274 ) ) REPRESENTATION_CONTEXT ( 'NONE', 'WORKASPACE' ) );
#601 =( NAMED_UNIT ( * ) SI_UNIT ( $, .STERADIAN. ) SOLID_ANGLE_UNIT ( ) );
#602 = DIRECTION ( 'NONE',  ( 0.0000000000000000000, -3.965082230804126700E-015, 1.000000000000000000 ) ) ;
#603 = EDGE_CURVE ( 'NONE', #1702, #2636, #622, .T. ) ;
#604 = B_SPLINE_CURVE_WITH_KNOTS ( 'NONE', 3,
 ( #1226, #1205, #1189, #1181, #1179, #1176 ),
 .UNSPECIFIED., .F., .F.,
 ( 4, 2, 4 ),
 ( 1.110223024625156500E-016, 0.02521545145619647300, 0.05043090291239283500 ),
 .UNSPECIFIED. ) ;
#605 = ADVANCED_FACE ( 'NONE', ( #1242 ), #1565, .T. ) ;
#606 =( NAMED_UNIT ( * ) PLANE_ANGLE_UNIT ( ) SI_UNIT ( $, .RADIAN. ) );
#607 = AXIS2_PLACEMENT_3D ( 'NONE', #1433, #1432, #1430 ) ;
#608 = UNCERTAINTY_MEASURE_WITH_UNIT (LENGTH_MEASURE( 1.000000000000000100E-005 ), #2556, 'distance_accuracy_value', 'NONE');
#609 =( LENGTH_UNIT ( ) NAMED_UNIT ( * ) SI_UNIT ( .MILLI., .METRE. ) );
#610 = ORIENTED_EDGE ( 'NONE', *, *, #1116, .T. ) ;
#611 = CIRCLE ( 'NONE', #1745, 28.00000000000002500 ) ;
#612 = ORIENTED_EDGE ( 'NONE', *, *, #1789, .T. ) ;
#613 = SURFACE_STYLE_USAGE ( .BOTH. , #621 ) ;
#614 = AXIS2_PLACEMENT_3D ( 'NONE', #938, #223, #1427 ) ;
#615 = ADVANCED_FACE ( 'NONE', ( #2771 ), #2303, .T. ) ;
#616 = DIRECTION ( 'NONE',  ( -0.0000000000000000000, -1.000000000000000000, -3.491483361109382100E-015 ) ) ;
#617 = PRESENTATION_STYLE_ASSIGNMENT (( #2114 ) ) ;
#618 = VECTOR ( 'NONE', #568, 1000.000000000000000 ) ;
#619 = DIRECTION ( 'NONE',  ( 0.0000000000000000000, 1.000000000000000000, 3.491483361109382100E-015 ) ) ;
#620 = CARTESIAN_POINT ( 'NONE',  ( 300.0000000000043200, -329.0000000000354100, 2079.999999999998600 ) ) ;
#621 = SURFACE_SIDE_STYLE ('',( #2122 ) ) ;
#622 = CIRCLE ( 'NONE', #1559, 65.11965657451091300 ) ;
#623 = AXIS2_PLACEMENT_3D ( 'NONE', #1327, #1323, #1320 ) ;
#624 = EDGE_LOOP ( 'NONE', ( #730, #2737, #2638, #34 ) ) ;
#625 = ORIENTED_EDGE ( 'NONE', *, *, #2959, .T. ) ;
#626 = VERTEX_POINT ( 'NONE', #2321 ) ;
#627 = AXIS2_PLACEMENT_3D ( 'NONE', #2532, #2428, #2405 ) ;
#628 = SURFACE_STYLE_USAGE ( .BOTH. , #441 ) ;
#629 = CARTESIAN_POINT ( 'NONE',  ( 115.0745624220054600, -295.8114426042256500, 2320.667544492583600 ) ) ;
#630 = DIRECTION ( 'NONE',  ( 0.0000000000000000000, 3.172065784643291600E-015, -1.000000000000000000 ) ) ;
#631 = ADVANCED_FACE ( 'NONE', ( #2558 ), #2849, .T. ) ;
#632 = AXIS2_PLACEMENT_3D ( 'NONE', #805, #793, #798 ) ;
#633 = ADVANCED_FACE ( 'NONE', ( #2333 ), #291, .F. ) ;
#634 = DIRECTION ( 'NONE',  ( -0.0000000000000000000, -1.000000000000000000, -3.491483361109382100E-015 ) ) ;
#635 = B_SPLINE_SURFACE_WITH_KNOTS ( 'NONE', 3, 3, ( 
 ( #2578, #2529, #2528, #2523, #2526, #2519 ),
 ( #2517, #2511, #2507, #2502, #2508, #2496 ),
 ( #2494, #2492, #2491, #2482, #2468, #2488 ),
 ( #2481, #2479, #2478, #2472, #2457, #2467 ),
 ( #2466, #2464, #2462, #2459, #2458, #2449 ),
 ( #2456, #2454, #2453, #2451, #2442, #2437 ),
 ( #2444, #2440, #2433, #2426, #2423, #2431 ) ),
 .UNSPECIFIED., .F., .F., .F.,
 ( 4, 3, 4 ),
 ( 4, 2, 4 ),
 ( 0.1328691393013429800, 0.5465158129479126300, 0.5506522796843783500 ),
 ( 4.712388980384687900, 4.933445607179803200, 5.154502233974918500 ),
 .UNSPECIFIED. ) ;
#636 = CARTESIAN_POINT ( 'NONE',  ( 148.6202552589260500, -331.3647500285646900, 2105.566681749081000 ) ) ;
#637 = AXIS2_PLACEMENT_3D ( 'NONE', #2132, #2128, #2123 ) ;
#638 = ADVANCED_FACE ( 'NONE', ( #2117 ), #2177, .T. ) ;
#639 = CARTESIAN_POINT ( 'NONE',  ( 644.7199994035461300, -169.7500000000364700, 2369.254424358940500 ) ) ;
#640 = CARTESIAN_POINT ( 'NONE',  ( 300.0000000000043200, -205.0000000000351600, 2014.880343425488300 ) ) ;
#641 =( GEOMETRIC_REPRESENTATION_CONTEXT ( 3 ) GLOBAL_UNCERTAINTY_ASSIGNED_CONTEXT ( ( #921 ) ) GLOBAL_UNIT_ASSIGNED_CONTEXT ( ( #1031, #1403, #2723 ) ) REPRESENTATION_CONTEXT ( 'NONE', 'WORKASPACE' ) );
#642 = CARTESIAN_POINT ( 'NONE',  ( 644.7199994035461300, -31.50505063391913300, 2334.254424358940900 ) ) ;
#643 = PRESENTATION_LAYER_ASSIGNMENT (  '', '', ( #957 ) ) ;
#644 = ORIENTED_EDGE ( 'NONE', *, *, #1028, .F. ) ;
#645 = CARTESIAN_POINT ( 'NONE',  ( 98.61967192231730900, -298.9326843971847400, 2317.895729506958100 ) ) ;
#646 = FILL_AREA_STYLE ('',( #673 ) ) ;
#647 = LINE ( 'NONE', #1546, #2398 ) ;
#648 = ORIENTED_EDGE ( 'NONE', *, *, #2932, .T. ) ;
#649 = CIRCLE ( 'NONE', #1025, 38.00000000000025600 ) ;
#650 = CIRCLE ( 'NONE', #815, 47.62038896415177200 ) ;
#651 = ORIENTED_EDGE ( 'NONE', *, *, #907, .F. ) ;
#652 = STYLED_ITEM ( 'NONE', ( #86 ), #118 ) ;
#653 = EDGE_CURVE ( 'NONE', #830, #290, #1318, .T. ) ;
#654 =( NAMED_UNIT ( * ) SI_UNIT ( $, .STERADIAN. ) SOLID_ANGLE_UNIT ( ) );
#655 = VERTEX_POINT ( 'NONE', #2171 ) ;
#656 = ORIENTED_EDGE ( 'NONE', *, *, #202, .T. ) ;
#657 = ORIENTED_EDGE ( 'NONE', *, *, #2297, .T. ) ;
#658 = CARTESIAN_POINT ( 'NONE',  ( -117.2327345550499400, -393.7500000000358100, 2213.572967037159300 ) ) ;
#659 = EDGE_CURVE ( 'NONE', #792, #1316, #691, .T. ) ;
#660 = PRESENTATION_STYLE_ASSIGNMENT (( #2760 ) ) ;
#661 = EDGE_LOOP ( 'NONE', ( #2435, #744, #1396, #222, #1862, #2218 ) ) ;
#662 = DIRECTION ( 'NONE',  ( 0.0000000000000000000, -1.000000000000000000, -3.491483361109382500E-015 ) ) ;
#663 = FILL_AREA_STYLE_COLOUR ( '', #2308 ) ;
#664 = PRESENTATION_STYLE_ASSIGNMENT (( #2994 ) ) ;
#665 = AXIS2_PLACEMENT_3D ( 'NONE', #378, #364, #347 ) ;
#666 = VERTEX_POINT ( 'NONE', #2139 ) ;
#667 = CARTESIAN_POINT ( 'NONE',  ( 401.5426197834378300, -184.5000000000364100, 2365.790847655643100 ) ) ;
#668 = CARTESIAN_POINT ( 'NONE',  ( 181.3380303020312300, -274.0586195258712800, 2331.196999322288300 ) ) ;
#669 = CARTESIAN_POINT ( 'NONE',  ( 644.7199994035461300, -31.50505063391925700, 2369.254424358940900 ) ) ;
#670 = DIRECTION ( 'NONE',  ( -8.462952877620119900E-016, 0.9990482215818578000, -0.04361938736533534800 ) ) ;
#671 = DIRECTION ( 'NONE',  ( 0.9876883405951385500, -5.336899190133560000E-016, 0.1564344650402254000 ) ) ;
#672 = B_SPLINE_CURVE_WITH_KNOTS ( 'NONE', 3,
 ( #271, #109, #2862, #1987 ),
 .UNSPECIFIED., .F., .F.,
 ( 4, 4 ),
 ( 1.671106944322083800E-016, 0.04488879496914856300 ),
 .UNSPECIFIED. ) ;
#673 = FILL_AREA_STYLE_COLOUR ( '', #2268 ) ;
#674 = MECHANICAL_DESIGN_GEOMETRIC_PRESENTATION_REPRESENTATION (  '', ( #374 ), #807 ) ;
#675 = CARTESIAN_POINT ( 'NONE',  ( 300.0000000000043200, -329.0000000000355300, 2107.999999999998600 ) ) ;
#676 = ADVANCED_FACE ( 'NONE', ( #70, #1838 ), #2135, .T. ) ;
#677 = FILL_AREA_STYLE_COLOUR ( '', #41 ) ;
#678 = CARTESIAN_POINT ( 'NONE',  ( 300.0000000000044300, -335.0000000000358100, 2139.443733996402900 ) ) ;
#679 = AXIS2_PLACEMENT_3D ( 'NONE', #2582, #2585, #2576 ) ;
#680 = DIRECTION ( 'NONE',  ( 0.0000000000000000000, 3.491483361109382500E-015, -1.000000000000000000 ) ) ;
#681 = ORIENTED_EDGE ( 'NONE', *, *, #234, .T. ) ;
#682 = VERTEX_POINT ( 'NONE', #2120 ) ;
#683 = DIRECTION ( 'NONE',  ( 0.0000000000000000000, -1.000000000000000000, -3.491483361109382500E-015 ) ) ;
#684 = FILL_AREA_STYLE_COLOUR ( '', #581 ) ;
#685 = EDGE_CURVE ( 'NONE', #682, #383, #2224, .T. ) ;
#686 = CIRCLE ( 'NONE', #1794, 35.00000000000014200 ) ;
#687 = SURFACE_STYLE_FILL_AREA ( #883 ) ;
#688 = VERTEX_POINT ( 'NONE', #2079 ) ;
#689 = ORIENTED_EDGE ( 'NONE', *, *, #225, .F. ) ;
#690 = CARTESIAN_POINT ( 'NONE',  ( 300.0000000000043200, -356.7500000000354100, 2079.999999999998600 ) ) ;
#691 = CIRCLE ( 'NONE', #637, 44.99999999999992900 ) ;
#692 = VERTEX_POINT ( 'NONE', #2088 ) ;
#693 = ADVANCED_FACE ( 'NONE', ( #2768 ), #1932, .T. ) ;
#694 = MECHANICAL_DESIGN_GEOMETRIC_PRESENTATION_REPRESENTATION (  '', ( #996 ), #537 ) ;
#695 = ORIENTED_EDGE ( 'NONE', *, *, #2682, .F. ) ;
#696 =( NAMED_UNIT ( * ) SI_UNIT ( $, .STERADIAN. ) SOLID_ANGLE_UNIT ( ) );
#697 = PRESENTATION_LAYER_ASSIGNMENT (  '', '', ( #399 ) ) ;
#698 = ORIENTED_EDGE ( 'NONE', *, *, #500, .T. ) ;
#699 = CARTESIAN_POINT ( 'NONE',  ( 644.7199994035462400, -184.5000000000362400, 2416.874813323091500 ) ) ;
#700 = ORIENTED_EDGE ( 'NONE', *, *, #1989, .T. ) ;
#701 = EDGE_LOOP ( 'NONE', ( #422, #848 ) ) ;
#702 =( NAMED_UNIT ( * ) PLANE_ANGLE_UNIT ( ) SI_UNIT ( $, .RADIAN. ) );
#703 = ORIENTED_EDGE ( 'NONE', *, *, #956, .F. ) ;
#704 = EDGE_CURVE ( 'NONE', #1591, #817, #184, .T. ) ;
#705 = UNCERTAINTY_MEASURE_WITH_UNIT (LENGTH_MEASURE( 1.000000000000000100E-005 ), #872, 'distance_accuracy_value', 'NONE');
#706 =( LENGTH_UNIT ( ) NAMED_UNIT ( * ) SI_UNIT ( .MILLI., .METRE. ) );
#707 = AXIS2_PLACEMENT_3D ( 'NONE', #971, #962, #955 ) ;
#708 = SURFACE_STYLE_USAGE ( .BOTH. , #710 ) ;
#709 = EDGE_CURVE ( 'NONE', #861, #1493, #780, .T. ) ;
#710 = SURFACE_SIDE_STYLE ('',( #2062 ) ) ;
#711 = FILL_AREA_STYLE ('',( #736 ) ) ;
#712 = PRESENTATION_LAYER_ASSIGNMENT (  '', '', ( #416 ) ) ;
#713 = EDGE_CURVE ( 'NONE', #366, #1900, #2081, .T. ) ;
#714 = COLOUR_RGB ( '',0.2901960784313725200, 0.3294117647058823500, 0.3490196078431372400 ) ;
#715 = EDGE_CURVE ( 'NONE', #394, #858, #2554, .T. ) ;
#716 =( GEOMETRIC_REPRESENTATION_CONTEXT ( 3 ) GLOBAL_UNCERTAINTY_ASSIGNED_CONTEXT ( ( #164 ) ) GLOBAL_UNIT_ASSIGNED_CONTEXT ( ( #2929, #2927, #2923 ) ) REPRESENTATION_CONTEXT ( 'NONE', 'WORKASPACE' ) );
#717 = DIRECTION ( 'NONE',  ( 0.7098375848501833300, 0.3759815300960752700, 0.5956244556435480500 ) ) ;
#718 = ORIENTED_EDGE ( 'NONE', *, *, #841, .T. ) ;
#719 = UNCERTAINTY_MEASURE_WITH_UNIT (LENGTH_MEASURE( 1.000000000000000100E-005 ), #1765, 'distance_accuracy_value', 'NONE');
#720 = CIRCLE ( 'NONE', #333, 47.62038896415177200 ) ;
#721 = AXIS2_PLACEMENT_3D ( 'NONE', #2015, #2002, #2013 ) ;
#722 = LINE ( 'NONE', #2027, #1866 ) ;
#723 = CARTESIAN_POINT ( 'NONE',  ( -90.98957686796571000, -350.5000000000363200, 2285.128358904993100 ) ) ;
#724 = CIRCLE ( 'NONE', #1087, 20.00000000000001800 ) ;
#725 = EDGE_LOOP ( 'NONE', ( #2804, #2598, #2630, #580 ) ) ;
#726 = PRESENTATION_STYLE_ASSIGNMENT (( #2266 ) ) ;
#727 = FACE_OUTER_BOUND ( 'NONE', #2368, .T. ) ;
#728 = CARTESIAN_POINT ( 'NONE',  ( 364.4992722322318200, -206.3948166986598100, 2088.513860291238400 ) ) ;
#729 = FACE_OUTER_BOUND ( 'NONE', #1203, .T. ) ;
#730 = ORIENTED_EDGE ( 'NONE', *, *, #2179, .F. ) ;
#731 = AXIS2_PLACEMENT_3D ( 'NONE', #1779, #1298, #1293 ) ;
#732 = SURFACE_STYLE_FILL_AREA ( #1690 ) ;
#733 = CARTESIAN_POINT ( 'NONE',  ( 147.9275752487600900, -296.0820769866614300, 2103.852238562293200 ) ) ;
#734 = ORIENTED_EDGE ( 'NONE', *, *, #2465, .T. ) ;
#735 = EDGE_LOOP ( 'NONE', ( #308, #258, #228, #328 ) ) ;
#736 = FILL_AREA_STYLE_COLOUR ( '', #2136 ) ;
#737 = FACE_OUTER_BOUND ( 'NONE', #847, .T. ) ;
#738 = CARTESIAN_POINT ( 'NONE',  ( 644.7199994035461300, -138.2500000000362900, 2330.754424358940500 ) ) ;
#739 = DIRECTION ( 'NONE',  ( -1.460819769243617100E-015, -1.000000000000000000, -2.556434596176285100E-015 ) ) ;
#740 = DIRECTION ( 'NONE',  ( 4.129203742054408500E-016, 0.7431448254773982400, 0.6691306063588538000 ) ) ;
#741 = DIRECTION ( 'NONE',  ( 0.0000000000000000000, 3.491483361109382500E-015, -1.000000000000000000 ) ) ;
#742 = STYLED_ITEM ( 'NONE', ( #1280 ), #431 ) ;
#743 = DIRECTION ( 'NONE',  ( 0.0000000000000000000, -1.000000000000000000, -3.491483361109382500E-015 ) ) ;
#744 = ORIENTED_EDGE ( 'NONE', *, *, #1888, .T. ) ;
#745 = CIRCLE ( 'NONE', #2878, 35.00000000000014200 ) ;
#746 = ORIENTED_EDGE ( 'NONE', *, *, #2008, .F. ) ;
#747 = EDGE_CURVE ( 'NONE', #2039, #2267, #722, .T. ) ;
#748 = PRESENTATION_LAYER_ASSIGNMENT (  '', '', ( #2017 ) ) ;
#749 = EDGE_LOOP ( 'NONE', ( #2265, #75, #306, #295 ) ) ;
#750 = CARTESIAN_POINT ( 'NONE',  ( -117.2327345550499400, -362.5000000000359800, 2248.572967037159300 ) ) ;
#751 = VERTEX_POINT ( 'NONE', #1996 ) ;
#752 =( GEOMETRIC_REPRESENTATION_CONTEXT ( 3 ) GLOBAL_UNCERTAINTY_ASSIGNED_CONTEXT ( ( #882 ) ) GLOBAL_UNIT_ASSIGNED_CONTEXT ( ( #1468, #1467, #1464 ) ) REPRESENTATION_CONTEXT ( 'NONE', 'WORKASPACE' ) );
#753 = UNCERTAINTY_MEASURE_WITH_UNIT (LENGTH_MEASURE( 1.000000000000000100E-005 ), #1215, 'distance_accuracy_value', 'NONE');
#754 = VERTEX_POINT ( 'NONE', #1978 ) ;
#755 = DIRECTION ( 'NONE',  ( 0.1564344650402312900, 3.448497407149659400E-015, -0.9876883405951376600 ) ) ;
#756 = EDGE_LOOP ( 'NONE', ( #38, #2042, #2986, #2776, #1767, #1322, #973 ) ) ;
#757 = VERTEX_POINT ( 'NONE', #1977 ) ;
#758 = ORIENTED_EDGE ( 'NONE', *, *, #797, .T. ) ;
#759 =( NAMED_UNIT ( * ) SI_UNIT ( $, .STERADIAN. ) SOLID_ANGLE_UNIT ( ) );
#760 = FACE_OUTER_BOUND ( 'NONE', #2445, .T. ) ;
#761 = AXIS2_PLACEMENT_3D ( 'NONE', #2541, #2463, #2446 ) ;
#762 = CARTESIAN_POINT ( 'NONE',  ( -117.2327345550499400, -344.9996716050673600, 2298.525484968956300 ) ) ;
#763 = VERTEX_POINT ( 'NONE', #1959 ) ;
#764 =( NAMED_UNIT ( * ) PLANE_ANGLE_UNIT ( ) SI_UNIT ( $, .RADIAN. ) );
#765 = SURFACE_STYLE_FILL_AREA ( #231 ) ;
#766 = CARTESIAN_POINT ( 'NONE',  ( 435.9038558998618100, -184.5000000000356400, 2148.842541079548500 ) ) ;
#767 = PRESENTATION_LAYER_ASSIGNMENT (  '', '', ( #35 ) ) ;
#768 =( LENGTH_UNIT ( ) NAMED_UNIT ( * ) SI_UNIT ( .MILLI., .METRE. ) );
#769 = STYLED_ITEM ( 'NONE', ( #2372 ), #605 ) ;
#770 = SURFACE_STYLE_USAGE ( .BOTH. , #771 ) ;
#771 = SURFACE_SIDE_STYLE ('',( #2352 ) ) ;
#772 =( GEOMETRIC_REPRESENTATION_CONTEXT ( 3 ) GLOBAL_UNCERTAINTY_ASSIGNED_CONTEXT ( ( #1940 ) ) GLOBAL_UNIT_ASSIGNED_CONTEXT ( ( #1782, #1643, #829 ) ) REPRESENTATION_CONTEXT ( 'NONE', 'WORKASPACE' ) );
#773 = CARTESIAN_POINT ( 'NONE',  ( 644.7199994035461300, -175.5000000000362900, 2334.254424358940500 ) ) ;
#774 = PLANE ( 'NONE',  #831 ) ;
#775 = ORIENTED_EDGE ( 'NONE', *, *, #827, .F. ) ;
#776 = AXIS2_PLACEMENT_3D ( 'NONE', #2160, #2152, #2156 ) ;
#777 = UNCERTAINTY_MEASURE_WITH_UNIT (LENGTH_MEASURE( 1.000000000000000100E-005 ), #1366, 'distance_accuracy_value', 'NONE');
#778 = LINE ( 'NONE', #1579, #95 ) ;
#779 = ORIENTED_EDGE ( 'NONE', *, *, #412, .T. ) ;
#780 = CIRCLE ( 'NONE', #721, 38.49999999999997900 ) ;
#781 = PRESENTATION_LAYER_ASSIGNMENT (  '', '', ( #1109 ) ) ;
#782 = ORIENTED_EDGE ( 'NONE', *, *, #907, .T. ) ;
#783 = PLANE ( 'NONE',  #1912 ) ;
#784 = ORIENTED_EDGE ( 'NONE', *, *, #1344, .T. ) ;
#785 = ORIENTED_EDGE ( 'NONE', *, *, #2246, .F. ) ;
#786 = DIRECTION ( 'NONE',  ( -8.516371220737849600E-016, 0.9990482215818575800, 0.04361938736534131500 ) ) ;
#787 = STYLED_ITEM ( 'NONE', ( #2361 ), #195 ) ;
#788 = CARTESIAN_POINT ( 'NONE',  ( -109.1329646311033100, -300.5000000000400700, 3413.029780307602800 ) ) ;
#789 = ORIENTED_EDGE ( 'NONE', *, *, #2371, .T. ) ;
#790 = ORIENTED_EDGE ( 'NONE', *, *, #1068, .F. ) ;
#791 = SURFACE_STYLE_FILL_AREA ( #561 ) ;
#792 = VERTEX_POINT ( 'NONE', #2070 ) ;
#793 = DIRECTION ( 'NONE',  ( 0.0000000000000000000, -1.000000000000000000, -3.491483361109382500E-015 ) ) ;
#794 =( NAMED_UNIT ( * ) PLANE_ANGLE_UNIT ( ) SI_UNIT ( $, .RADIAN. ) );
#795 = ORIENTED_EDGE ( 'NONE', *, *, #956, .T. ) ;
#796 = MECHANICAL_DESIGN_GEOMETRIC_PRESENTATION_REPRESENTATION (  '', ( #2860 ), #931 ) ;
#797 = EDGE_CURVE ( 'NONE', #1601, #2193, #1354, .T. ) ;
#798 = DIRECTION ( 'NONE',  ( 0.0000000000000000000, 3.491483361109382500E-015, -1.000000000000000000 ) ) ;
#799 = MECHANICAL_DESIGN_GEOMETRIC_PRESENTATION_REPRESENTATION (  '', ( #2943 ), #51 ) ;
#800 = FILL_AREA_STYLE_COLOUR ( '', #1995 ) ;
#801 = CARTESIAN_POINT ( 'NONE',  ( 156.5939237976072600, -331.3647500286839400, 2102.345110543301000 ) ) ;
#802 = CARTESIAN_POINT ( 'NONE',  ( 300.0000000000043200, -205.0000000000355600, 2145.119656574509900 ) ) ;
#803 = CARTESIAN_POINT ( 'NONE',  ( 607.0091833845947300, -184.5000000000364700, 2398.333554337016700 ) ) ;
#804 = CARTESIAN_POINT ( 'NONE',  ( -99.88536124193902300, -350.5000000000361000, 2207.051061503627800 ) ) ;
#805 = CARTESIAN_POINT ( 'NONE',  ( 300.0000000000043200, -175.5000000000354100, 2079.999999999999500 ) ) ;
#806 = SURFACE_STYLE_FILL_AREA ( #2758 ) ;
#807 =( GEOMETRIC_REPRESENTATION_CONTEXT ( 3 ) GLOBAL_UNCERTAINTY_ASSIGNED_CONTEXT ( ( #2574 ) ) GLOBAL_UNIT_ASSIGNED_CONTEXT ( ( #2749, #2747, #2739 ) ) REPRESENTATION_CONTEXT ( 'NONE', 'WORKASPACE' ) );
#808 = DIRECTION ( 'NONE',  ( 0.0000000000000000000, 5.556391702521490600E-015, -1.000000000000000000 ) ) ;
#809 = ORIENTED_EDGE ( 'NONE', *, *, #1936, .T. ) ;
#810 = ORIENTED_EDGE ( 'NONE', *, *, #2743, .T. ) ;
#811 = UNCERTAINTY_MEASURE_WITH_UNIT (LENGTH_MEASURE( 1.000000000000000100E-005 ), #2855, 'distance_accuracy_value', 'NONE');
#812 = CARTESIAN_POINT ( 'NONE',  ( 641.9257760427091200, -184.5000000000358700, 2321.716084454113100 ) ) ;
#813 = DIRECTION ( 'NONE',  ( 0.0000000000000000000, 5.556391702521490600E-015, -1.000000000000000000 ) ) ;
#814 = LINE ( 'NONE', #667, #1446 ) ;
#815 = AXIS2_PLACEMENT_3D ( 'NONE', #1225, #1222, #1221 ) ;
#816 = EDGE_LOOP ( 'NONE', ( #718, #2107, #657, #2231 ) ) ;
#817 = VERTEX_POINT ( 'NONE', #1944 ) ;
#818 = CYLINDRICAL_SURFACE ( 'NONE', #627, 35.00000000000014200 ) ;
#819 = ORIENTED_EDGE ( 'NONE', *, *, #919, .F. ) ;
#820 =( NAMED_UNIT ( * ) SI_UNIT ( $, .STERADIAN. ) SOLID_ANGLE_UNIT ( ) );
#821 = ORIENTED_EDGE ( 'NONE', *, *, #166, .F. ) ;
#822 = ORIENTED_EDGE ( 'NONE', *, *, #2063, .F. ) ;
#823 =( LENGTH_UNIT ( ) NAMED_UNIT ( * ) SI_UNIT ( .MILLI., .METRE. ) );
#824 = SURFACE_STYLE_FILL_AREA ( #2681 ) ;
#825 = EDGE_LOOP ( 'NONE', ( #2154, #2870, #2473, #2012 ) ) ;
#826 = CARTESIAN_POINT ( 'NONE',  ( 644.7199994035461300, -130.5000000000365500, 2404.254424358940900 ) ) ;
#827 = EDGE_CURVE ( 'NONE', #1600, #1172, #2850, .T. ) ;
#828 = VERTEX_POINT ( 'NONE', #1874 ) ;
#829 =( NAMED_UNIT ( * ) SI_UNIT ( $, .STERADIAN. ) SOLID_ANGLE_UNIT ( ) );
#830 = VERTEX_POINT ( 'NONE', #1855 ) ;
#831 = AXIS2_PLACEMENT_3D ( 'NONE', #690, #683, #680 ) ;
#832 = SURFACE_SIDE_STYLE ('',( #79 ) ) ;
#833 = MECHANICAL_DESIGN_GEOMETRIC_PRESENTATION_REPRESENTATION (  '', ( #399 ), #999 ) ;
#834 = DIRECTION ( 'NONE',  ( -0.8591537396421608000, -0.3759815300960844300, 0.3471206428397732900 ) ) ;
#835 = PRESENTATION_STYLE_ASSIGNMENT (( #2045 ) ) ;
#836 = EDGE_CURVE ( 'NONE', #1316, #2903, #1801, .T. ) ;
#837 = SURFACE_STYLE_FILL_AREA ( #2055 ) ;
#838 =( LENGTH_UNIT ( ) NAMED_UNIT ( * ) SI_UNIT ( .MILLI., .METRE. ) );
#839 = CIRCLE ( 'NONE', #1928, 35.00000000000014200 ) ;
#840 = APPLICATION_PROTOCOL_DEFINITION ( 'draft international standard', 'automotive_design', 1998, #843 ) ;
#841 = EDGE_CURVE ( 'NONE', #655, #754, #1276, .T. ) ;
#842 = CARTESIAN_POINT ( 'NONE',  ( 644.7199994035462400, -234.5000000000361500, 2319.013646430635600 ) ) ;
#843 = APPLICATION_CONTEXT ( 'automotive_design' ) ;
#844 = ORIENTED_EDGE ( 'NONE', *, *, #1473, .F. ) ;
#845 = VECTOR ( 'NONE', #1682, 1000.000000000000000 ) ;
#846 = PRODUCT_CONTEXT ( 'NONE', #888, 'mechanical' ) ;
#847 = EDGE_LOOP ( 'NONE', ( #1531, #2162, #1268, #1273 ) ) ;
#848 = ORIENTED_EDGE ( 'NONE', *, *, #265, .F. ) ;
#849 = MECHANICAL_DESIGN_GEOMETRIC_PRESENTATION_REPRESENTATION (  '', ( #416 ), #1016 ) ;
#850 = FILL_AREA_STYLE ('',( #1123 ) ) ;
#851 = ORIENTED_EDGE ( 'NONE', *, *, #2710, .F. ) ;
#852 = APPLICATION_PROTOCOL_DEFINITION ( 'draft international standard', 'automotive_design', 1998, #888 ) ;
#853 = DIRECTION ( 'NONE',  ( 1.000000000000000000, 0.0000000000000000000, 0.0000000000000000000 ) ) ;
#854 =( NAMED_UNIT ( * ) SI_UNIT ( $, .STERADIAN. ) SOLID_ANGLE_UNIT ( ) );
#855 = EDGE_CURVE ( 'NONE', #828, #792, #2474, .T. ) ;
#856 = MECHANICAL_DESIGN_GEOMETRIC_PRESENTATION_REPRESENTATION (  '', ( #2609 ), #2004 ) ;
#857 = ORIENTED_EDGE ( 'NONE', *, *, #2859, .T. ) ;
#858 = VERTEX_POINT ( 'NONE', #1708 ) ;
#859 = DIRECTION ( 'NONE',  ( 0.0000000000000000000, 0.0000000000000000000, 1.000000000000000000 ) ) ;
#860 = DIRECTION ( 'NONE',  ( -0.7660444431189810100, 2.230352117414403500E-015, -0.6427876096865359200 ) ) ;
#861 = VERTEX_POINT ( 'NONE', #1803 ) ;
#862 = ORIENTED_EDGE ( 'NONE', *, *, #2063, .T. ) ;
#863 = EDGE_LOOP ( 'NONE', ( #2513, #249 ) ) ;
#864 = AXIS2_PLACEMENT_3D ( 'NONE', #2034, #2085, #2029 ) ;
#865 = CARTESIAN_POINT ( 'NONE',  ( -117.2327345550499400, -393.7500000000360400, 2283.572967037159700 ) ) ;
#866 = CARTESIAN_POINT ( 'NONE',  ( -117.2327345550499400, -387.5000000000359300, 2248.572967037159300 ) ) ;
#867 = CYLINDRICAL_SURFACE ( 'NONE', #1642, 20.00000000000001800 ) ;
#868 = PRESENTATION_STYLE_ASSIGNMENT (( #1703 ) ) ;
#869 = SURFACE_STYLE_FILL_AREA ( #167 ) ;
#870 = EDGE_CURVE ( 'NONE', #2663, #1247, #2545, .T. ) ;
#871 =( NAMED_UNIT ( * ) SI_UNIT ( $, .STERADIAN. ) SOLID_ANGLE_UNIT ( ) );
#872 =( LENGTH_UNIT ( ) NAMED_UNIT ( * ) SI_UNIT ( .MILLI., .METRE. ) );
#873 = DIRECTION ( 'NONE',  ( -8.275410545026326100E-016, -0.9986295347545733900, -0.05233595624295216800 ) ) ;
#874 =( NAMED_UNIT ( * ) PLANE_ANGLE_UNIT ( ) SI_UNIT ( $, .RADIAN. ) );
#875 = UNCERTAINTY_MEASURE_WITH_UNIT (LENGTH_MEASURE( 1.000000000000000100E-005 ), #2969, 'distance_accuracy_value', 'NONE');
#876 = MECHANICAL_DESIGN_GEOMETRIC_PRESENTATION_REPRESENTATION (  '', ( #1352 ), #1032 ) ;
#877 =( LENGTH_UNIT ( ) NAMED_UNIT ( * ) SI_UNIT ( .MILLI., .METRE. ) );
#878 = SURFACE_STYLE_USAGE ( .BOTH. , #832 ) ;
#879 = SURFACE_STYLE_USAGE ( .BOTH. , #880 ) ;
#880 = SURFACE_SIDE_STYLE ('',( #687 ) ) ;
#881 = FILL_AREA_STYLE ('',( #1787 ) ) ;
#882 = UNCERTAINTY_MEASURE_WITH_UNIT (LENGTH_MEASURE( 1.000000000000000100E-005 ), #1468, 'distance_accuracy_value', 'NONE');
#883 = FILL_AREA_STYLE ('',( #941 ) ) ;
#884 = STYLED_ITEM ( 'NONE', ( #2049 ), #592 ) ;
#885 = FILL_AREA_STYLE ('',( #1478 ) ) ;
#886 =( NAMED_UNIT ( * ) PLANE_ANGLE_UNIT ( ) SI_UNIT ( $, .RADIAN. ) );
#887 = ORIENTED_EDGE ( 'NONE', *, *, #2607, .F. ) ;
#888 = APPLICATION_CONTEXT ( 'automotive_design' ) ;
#889 = CIRCLE ( 'NONE', #207, 35.00000000000014200 ) ;
#890 = VERTEX_POINT ( 'NONE', #1652 ) ;
#891 = COLOUR_RGB ( '',0.8431372549019607900, 0.8431372549019607900, 0.8431372549019607900 ) ;
#892 =( NAMED_UNIT ( * ) SI_UNIT ( $, .STERADIAN. ) SOLID_ANGLE_UNIT ( ) );
#893 = MECHANICAL_DESIGN_GEOMETRIC_PRESENTATION_REPRESENTATION (  '', ( #1527 ), #1056 ) ;
#894 = LINE ( 'NONE', #802, #287 ) ;
#895 =( NAMED_UNIT ( * ) PLANE_ANGLE_UNIT ( ) SI_UNIT ( $, .RADIAN. ) );
#896 = VECTOR ( 'NONE', #994, 1000.000000000000100 ) ;
#897 = DIRECTION ( 'NONE',  ( 0.0000000000000000000, -1.000000000000000000, -3.491483361109382500E-015 ) ) ;
#898 = SURFACE_STYLE_FILL_AREA ( #2172 ) ;
#899 = CARTESIAN_POINT ( 'NONE',  ( 635.6190865587872200, -234.5000000000362700, 2319.844818488893900 ) ) ;
#900 = SURFACE_STYLE_USAGE ( .BOTH. , #1910 ) ;
#901 = STYLED_ITEM ( 'NONE', ( #1911 ), #463 ) ;
#902 = VERTEX_POINT ( 'NONE', #1653 ) ;
#903 = CARTESIAN_POINT ( 'NONE',  ( 195.2758113546474600, -340.8849525548847100, 2087.798206926348500 ) ) ;
#904 = ORIENTED_EDGE ( 'NONE', *, *, #2637, .F. ) ;
#905 = FACE_OUTER_BOUND ( 'NONE', #230, .T. ) ;
#906 = DIRECTION ( 'NONE',  ( -1.460819769243617100E-015, -1.000000000000000000, -2.556434596176285100E-015 ) ) ;
#907 = EDGE_CURVE ( 'NONE', #666, #1622, #2948, .T. ) ;
#908 =( GEOMETRIC_REPRESENTATION_CONTEXT ( 3 ) GLOBAL_UNCERTAINTY_ASSIGNED_CONTEXT ( ( #1648 ) ) GLOBAL_UNIT_ASSIGNED_CONTEXT ( ( #2186, #2183, #2182 ) ) REPRESENTATION_CONTEXT ( 'NONE', 'WORKASPACE' ) );
#909 = ORIENTED_EDGE ( 'NONE', *, *, #1793, .F. ) ;
#910 = ORIENTED_EDGE ( 'NONE', *, *, #1747, .F. ) ;
#911 = CARTESIAN_POINT ( 'NONE',  ( 191.6063469282158800, -342.4907778990838700, 2089.280766789426300 ) ) ;
#912 = DIRECTION ( 'NONE',  ( 0.0000000000000000000, 3.469446951953611000E-015, -1.000000000000000000 ) ) ;
#913 = SURFACE_STYLE_FILL_AREA ( #881 ) ;
#914 =( LENGTH_UNIT ( ) NAMED_UNIT ( * ) SI_UNIT ( .MILLI., .METRE. ) );
#915 = CARTESIAN_POINT ( 'NONE',  ( 300.0000000000043200, -232.4476520233830300, 2143.921266206546100 ) ) ;
#916 = SURFACE_STYLE_USAGE ( .BOTH. , #1060 ) ;
#917 = ADVANCED_BREP_SHAPE_REPRESENTATION ( 'IRB660_180-315_LINK_CAD_rev02', ( #2346, #2225 ), #239 ) ;
#918 = DIRECTION ( 'NONE',  ( 0.0000000000000000000, 2.209503815998218500E-015, -1.000000000000000000 ) ) ;
#919 = EDGE_CURVE ( 'NONE', #2193, #576, #649, .T. ) ;
#920 = SURFACE_SIDE_STYLE ('',( #87 ) ) ;
#921 = UNCERTAINTY_MEASURE_WITH_UNIT (LENGTH_MEASURE( 1.000000000000000100E-005 ), #1031, 'distance_accuracy_value', 'NONE');
#922 = DIRECTION ( 'NONE',  ( -1.460819769243617100E-015, -1.000000000000000000, -2.556434596176285100E-015 ) ) ;
#923 = CARTESIAN_POINT ( 'NONE',  ( 644.7199994035460100, -175.5000000000364700, 2369.254424358940500 ) ) ;
#924 = SURFACE_SIDE_STYLE ('',( #2098 ) ) ;
#925 = PRESENTATION_LAYER_ASSIGNMENT (  '', '', ( #1476 ) ) ;
#926 = CARTESIAN_POINT ( 'NONE',  ( 180.3176270900500200, -346.2871686503662500, 2093.841741536615700 ) ) ;
#927 = FACE_OUTER_BOUND ( 'NONE', #2051, .T. ) ;
#928 = FILL_AREA_STYLE ('',( #1128 ) ) ;
#929 = DIRECTION ( 'NONE',  ( 1.666917510756447100E-015, -1.000000000000000000, -5.000752532269348700E-015 ) ) ;
#930 = COLOUR_RGB ( '',0.8431372549019607900, 0.8431372549019607900, 0.8431372549019607900 ) ;
#931 =( GEOMETRIC_REPRESENTATION_CONTEXT ( 3 ) GLOBAL_UNCERTAINTY_ASSIGNED_CONTEXT ( ( #1429 ) ) GLOBAL_UNIT_ASSIGNED_CONTEXT ( ( #1115, #1200, #1182 ) ) REPRESENTATION_CONTEXT ( 'NONE', 'WORKASPACE' ) );
#932 = CARTESIAN_POINT ( 'NONE',  ( 187.8797891514546700, -343.8886031316143300, 2090.786431555829500 ) ) ;
#933 = FILL_AREA_STYLE_COLOUR ( '', #2245 ) ;
#934 = FACE_OUTER_BOUND ( 'NONE', #756, .T. ) ;
#935 = UNCERTAINTY_MEASURE_WITH_UNIT (LENGTH_MEASURE( 1.000000000000000100E-005 ), #2347, 'distance_accuracy_value', 'NONE');
#936 = CARTESIAN_POINT ( 'NONE',  ( 0.0000000000000000000, 0.0000000000000000000, 0.0000000000000000000 ) ) ;
#937 = ORIENTED_EDGE ( 'NONE', *, *, #2967, .F. ) ;
#938 = CARTESIAN_POINT ( 'NONE',  ( 300.0000000000043200, -205.0000000000353600, 2079.999999999999100 ) ) ;
#939 = CIRCLE ( 'NONE', #2510, 35.00000000000014200 ) ;
#940 = ORIENTED_EDGE ( 'NONE', *, *, #357, .T. ) ;
#941 = FILL_AREA_STYLE_COLOUR ( '', #1314 ) ;
#942 = DIRECTION ( 'NONE',  ( -0.7522026050650382200, 0.0000000000000000000, -0.6589318940022330700 ) ) ;
#943 = CARTESIAN_POINT ( 'NONE',  ( 176.4805047871618100, -347.2881439875463300, 2095.392002759238500 ) ) ;
#944 = EDGE_LOOP ( 'NONE', ( #1081, #809, #341, #821 ) ) ;
#945 = COLOUR_RGB ( '',0.8431372549019607900, 0.8431372549019607900, 0.8431372549019607900 ) ;
#946 = FACE_OUTER_BOUND ( 'NONE', #180, .T. ) ;
#947 = ORIENTED_EDGE ( 'NONE', *, *, #2891, .F. ) ;
#948 =( NAMED_UNIT ( * ) SI_UNIT ( $, .STERADIAN. ) SOLID_ANGLE_UNIT ( ) );
#949 =( NAMED_UNIT ( * ) PLANE_ANGLE_UNIT ( ) SI_UNIT ( $, .RADIAN. ) );
#950 = DIRECTION ( 'NONE',  ( 0.0000000000000000000, 1.000000000000000000, 3.491483361109382500E-015 ) ) ;
#951 =( LENGTH_UNIT ( ) NAMED_UNIT ( * ) SI_UNIT ( .MILLI., .METRE. ) );
#952 = CARTESIAN_POINT ( 'NONE',  ( 300.0000000000043800, -287.9460273480205500, 2141.498154809981300 ) ) ;
#953 = SURFACE_STYLE_USAGE ( .BOTH. , #959 ) ;
#954 = AXIS2_PLACEMENT_3D ( 'NONE', #1572, #2129, #2170 ) ;
#955 = DIRECTION ( 'NONE',  ( 0.0000000000000000000, 3.867158060065510000E-015, -1.000000000000000000 ) ) ;
#956 = EDGE_CURVE ( 'NONE', #858, #2810, #2330, .T. ) ;
#957 = STYLED_ITEM ( 'NONE', ( #589 ), #81 ) ;
#958 = CARTESIAN_POINT ( 'NONE',  ( 152.9552031478506300, -350.5000000000357500, 2104.896842535168200 ) ) ;
#959 = SURFACE_SIDE_STYLE ('',( #1143 ) ) ;
#960 = VERTEX_POINT ( 'NONE', #1608 ) ;
#961 = FACE_OUTER_BOUND ( 'NONE', #624, .T. ) ;
#962 = DIRECTION ( 'NONE',  ( 8.286767271568948000E-016, 1.000000000000000000, 3.867158060065525000E-015 ) ) ;
#963 = CARTESIAN_POINT ( 'NONE',  ( 168.7043159257752900, -348.8950892144360400, 2098.533788912127900 ) ) ;
#964 = CARTESIAN_POINT ( 'NONE',  ( 129.9296668274793700, -330.6230258149396400, 2321.129811118243700 ) ) ;
#965 = ORIENTED_EDGE ( 'NONE', *, *, #1068, .T. ) ;
#966 = VECTOR ( 'NONE', #740, 1000.000000000000100 ) ;
#967 = CARTESIAN_POINT ( 'NONE',  ( 156.9056170200283300, -350.2996381537274100, 2103.300806218684600 ) ) ;
#968 = VECTOR ( 'NONE', #1072, 1000.000000000000000 ) ;
#969 = VECTOR ( 'NONE', #1714, 1000.000000000000000 ) ;
#970 = UNCERTAINTY_MEASURE_WITH_UNIT (LENGTH_MEASURE( 1.000000000000000100E-005 ), #838, 'distance_accuracy_value', 'NONE');
#971 = CARTESIAN_POINT ( 'NONE',  ( 644.7199994035462400, -234.5000000000363200, 2369.254424358939600 ) ) ;
#972 = LINE ( 'NONE', #1647, #969 ) ;
#973 = ORIENTED_EDGE ( 'NONE', *, *, #704, .F. ) ;
#974 = EDGE_LOOP ( 'NONE', ( #260, #981, #2866, #784, #435, #2376, #1092 ) ) ;
#975 = AXIS2_PLACEMENT_3D ( 'NONE', #1024, #2818, #2715 ) ;
#976 = PRESENTATION_STYLE_ASSIGNMENT (( #1811 ) ) ;
#977 = CARTESIAN_POINT ( 'NONE',  ( 644.7199994035461300, -144.7500000000365500, 2404.254424358940900 ) ) ;
#978 = CARTESIAN_POINT ( 'NONE',  ( 164.7885853099019200, -349.4963463354217800, 2100.115881132128400 ) ) ;
#979 = FILL_AREA_STYLE ('',( #1660 ) ) ;
#980 = UNCERTAINTY_MEASURE_WITH_UNIT (LENGTH_MEASURE( 1.000000000000000100E-005 ), #2882, 'distance_accuracy_value', 'NONE');
#981 = ORIENTED_EDGE ( 'NONE', *, *, #2904, .T. ) ;
#982 = VERTEX_POINT ( 'NONE', #1553 ) ;
#983 = DIRECTION ( 'NONE',  ( 1.515411742120782200E-014, 4.662805360371637700E-015, -1.000000000000000000 ) ) ;
#984 = STYLED_ITEM ( 'NONE', ( #2356 ), #219 ) ;
#985 = SURFACE_STYLE_FILL_AREA ( #2936 ) ;
#986 = DIRECTION ( 'NONE',  ( -1.666917510756447100E-015, 1.000000000000000000, 5.000752532269348700E-015 ) ) ;
#987 = CARTESIAN_POINT ( 'NONE',  ( 132.9216737659863800, -291.8182316339440400, 2323.622341417246800 ) ) ;
#988 = SURFACE_STYLE_FILL_AREA ( #396 ) ;
#989 = CARTESIAN_POINT ( 'NONE',  ( -117.2327345550500000, -300.5000000000361000, 2248.572967037160200 ) ) ;
#990 = CARTESIAN_POINT ( 'NONE',  ( 401.5426197834441400, -184.5000000000363500, 2365.790847655644000 ) ) ;
#991 = CARTESIAN_POINT ( 'NONE',  ( 157.3890410123187000, -284.1448650312081600, 2327.477429255552100 ) ) ;
#992 = COLOUR_RGB ( '',0.8431372549019607900, 0.8431372549019607900, 0.8431372549019607900 ) ;
#993 = EDGE_CURVE ( 'NONE', #960, #890, #1124, .T. ) ;
#994 = DIRECTION ( 'NONE',  ( -0.01856909524650117100, 0.9986295347545740600, -0.04893098218500591800 ) ) ;
#995 = CARTESIAN_POINT ( 'NONE',  ( 115.0745624220054600, -295.8114426042256500, 2320.667544492583600 ) ) ;
#996 = STYLED_ITEM ( 'NONE', ( #2053 ), #404 ) ;
#997 = CARTESIAN_POINT ( 'NONE',  ( 148.9959242205443700, -350.5000000000355800, 2106.496495057219400 ) ) ;
#998 = CARTESIAN_POINT ( 'NONE',  ( 148.9959242205443100, -350.5000000000357000, 2106.496495057217500 ) ) ;
#999 =( GEOMETRIC_REPRESENTATION_CONTEXT ( 3 ) GLOBAL_UNCERTAINTY_ASSIGNED_CONTEXT ( ( #875 ) ) GLOBAL_UNIT_ASSIGNED_CONTEXT ( ( #2969, #2979, #2978 ) ) REPRESENTATION_CONTEXT ( 'NONE', 'WORKASPACE' ) );
#1000 = CARTESIAN_POINT ( 'NONE',  ( 197.5363798220246000, -462.4563272982441000, 2093.754977244819200 ) ) ;
#1001 = CARTESIAN_POINT ( 'NONE',  ( 435.9038558998618100, -184.5000000000356400, 2148.842541079548500 ) ) ;
#1002 = ORIENTED_EDGE ( 'NONE', *, *, #2856, .T. ) ;
#1003 = CARTESIAN_POINT ( 'NONE',  ( 436.3057666302855800, -184.5000000000356400, 2149.180201593655500 ) ) ;
#1004 = SURFACE_SIDE_STYLE ('',( #2649 ) ) ;
#1005 = CIRCLE ( 'NONE', #2687, 20.00000000000001800 ) ;
#1006 = EDGE_LOOP ( 'NONE', ( #1483, #510, #1942, #481 ) ) ;
#1007 = STYLED_ITEM ( 'NONE', ( #67 ), #917 ) ;
#1008 = DIRECTION ( 'NONE',  ( 0.0000000000000000000, 3.491483361109382500E-015, -1.000000000000000000 ) ) ;
#1009 = COLOUR_RGB ( '',0.8431372549019607900, 0.8431372549019607900, 0.8431372549019607900 ) ;
#1010 = UNCERTAINTY_MEASURE_WITH_UNIT (LENGTH_MEASURE( 1.000000000000000100E-005 ), #1993, 'distance_accuracy_value', 'NONE');
#1011 = CARTESIAN_POINT ( 'NONE',  ( 437.1098965003511700, -184.5000000000356700, 2149.855155470873300 ) ) ;
#1012 = COLOUR_RGB ( '',0.8431372549019607900, 0.8431372549019607900, 0.8431372549019607900 ) ;
#1013 = EDGE_LOOP ( 'NONE', ( #2686, #2125 ) ) ;
#1014 = ORIENTED_EDGE ( 'NONE', *, *, #1021, .F. ) ;
#1015 = DIRECTION ( 'NONE',  ( 0.0000000000000000000, -1.000000000000000000, -3.491483361109382500E-015 ) ) ;
#1016 =( GEOMETRIC_REPRESENTATION_CONTEXT ( 3 ) GLOBAL_UNCERTAINTY_ASSIGNED_CONTEXT ( ( #200 ) ) GLOBAL_UNIT_ASSIGNED_CONTEXT ( ( #2252, #2244, #2149 ) ) REPRESENTATION_CONTEXT ( 'NONE', 'WORKASPACE' ) );
#1017 = EDGE_CURVE ( 'NONE', #2564, #2267, #1728, .T. ) ;
#1018 = CARTESIAN_POINT ( 'NONE',  ( 644.7199994035460100, -175.5000000000363800, 2331.568711284366100 ) ) ;
#1019 = DIRECTION ( 'NONE',  ( 0.6580288507424003600, -0.05233595624294134400, -0.7511717375372777300 ) ) ;
#1020 = CARTESIAN_POINT ( 'NONE',  ( 437.1098965003511700, -184.5000000000356700, 2149.855155470873300 ) ) ;
#1021 = EDGE_CURVE ( 'NONE', #324, #390, #508, .T. ) ;
#1022 = MECHANICAL_DESIGN_GEOMETRIC_PRESENTATION_REPRESENTATION (  '', ( #957 ), #1169 ) ;
#1023 = CARTESIAN_POINT ( 'NONE',  ( 157.3890410123187000, -284.1448650312081600, 2327.477429255552100 ) ) ;
#1024 = CARTESIAN_POINT ( 'NONE',  ( -117.2327345550499300, -344.9996716050672500, 2248.572967037159700 ) ) ;
#1025 = AXIS2_PLACEMENT_3D ( 'NONE', #1560, #1536, #1571 ) ;
#1026 = CARTESIAN_POINT ( 'NONE',  ( 165.5314045677925200, -281.1699424911593600, 2328.718020133274000 ) ) ;
#1027 = CARTESIAN_POINT ( 'NONE',  ( 115.5229201566647800, -350.5000000000362700, 2317.836725166260700 ) ) ;
#1028 = EDGE_CURVE ( 'NONE', #68, #2329, #2868, .T. ) ;
#1029 = CARTESIAN_POINT ( 'NONE',  ( 436.7077801539451200, -184.5000000000356400, 2149.517739792859200 ) ) ;
#1030 = CARTESIAN_POINT ( 'NONE',  ( 644.7199994035461300, -144.7500000000363200, 2349.254424358940500 ) ) ;
#1031 =( LENGTH_UNIT ( ) NAMED_UNIT ( * ) SI_UNIT ( .MILLI., .METRE. ) );
#1032 =( GEOMETRIC_REPRESENTATION_CONTEXT ( 3 ) GLOBAL_UNCERTAINTY_ASSIGNED_CONTEXT ( ( #1732 ) ) GLOBAL_UNIT_ASSIGNED_CONTEXT ( ( #2071, #1381, #1424 ) ) REPRESENTATION_CONTEXT ( 'NONE', 'WORKASPACE' ) );
#1033 = CARTESIAN_POINT ( 'NONE',  ( -117.2327345550499300, -344.9996716050672500, 2248.572967037159700 ) ) ;
#1034 = DIRECTION ( 'NONE',  ( 0.01960539428133096000, -0.9986295347545715000, 0.04852505364181970000 ) ) ;
#1035 = DIRECTION ( 'NONE',  ( 0.0000000000000000000, 1.000000000000000000, 3.491483361109382100E-015 ) ) ;
#1036 = ORIENTED_EDGE ( 'NONE', *, *, #797, .F. ) ;
#1037 = FACE_OUTER_BOUND ( 'NONE', #1689, .T. ) ;
#1038 = CARTESIAN_POINT ( 'NONE',  ( 181.3380303020312300, -274.0586195258712800, 2331.196999322288300 ) ) ;
#1039 = EDGE_LOOP ( 'NONE', ( #1761, #226, #454, #1387 ) ) ;
#1040 = VECTOR ( 'NONE', #1308, 1000.000000000000200 ) ;
#1041 = PRESENTATION_LAYER_ASSIGNMENT (  '', '', ( #884 ) ) ;
#1042 = CIRCLE ( 'NONE', #272, 47.62038896415221200 ) ;
#1043 = CARTESIAN_POINT ( 'NONE',  ( -93.98889299317281100, -344.9996716050671900, 2204.357835270163800 ) ) ;
#1044 = CARTESIAN_POINT ( 'NONE',  ( 180.1264691137497500, -327.3157476952733300, 2092.837438162718200 ) ) ;
#1045 = B_SPLINE_CURVE_WITH_KNOTS ( 'NONE', 3,
 ( #1058, #1103, #1048, #1627 ),
 .UNSPECIFIED., .F., .F.,
 ( 4, 4 ),
 ( 5.721958498152796800E-017, 0.04488879496914865300 ),
 .UNSPECIFIED. ) ;
#1046 = CARTESIAN_POINT ( 'NONE',  ( 148.4380558125412200, -322.0841537924012500, 2105.115722294633100 ) ) ;
#1047 = EDGE_CURVE ( 'NONE', #817, #2903, #1077, .T. ) ;
#1048 = CARTESIAN_POINT ( 'NONE',  ( -86.41855380911185600, -330.1510812706019900, 2286.932072804506800 ) ) ;
#1049 = COLOUR_RGB ( '',0.8431372549019607900, 0.8431372549019607900, 0.8431372549019607900 ) ;
#1050 = ORIENTED_EDGE ( 'NONE', *, *, #2188, .T. ) ;
#1051 = VERTEX_POINT ( 'NONE', #1208 ) ;
#1052 = CARTESIAN_POINT ( 'NONE',  ( 401.9525389292549000, -234.5000000000364100, 2363.202720027928100 ) ) ;
#1053 = CARTESIAN_POINT ( 'NONE',  ( 398.3044571124699500, -234.5000000000364700, 2362.624920631044900 ) ) ;
#1054 = PRESENTATION_STYLE_ASSIGNMENT (( #2719 ) ) ;
#1055 = ORIENTED_EDGE ( 'NONE', *, *, #1540, .F. ) ;
#1056 =( GEOMETRIC_REPRESENTATION_CONTEXT ( 3 ) GLOBAL_UNCERTAINTY_ASSIGNED_CONTEXT ( ( #2461 ) ) GLOBAL_UNIT_ASSIGNED_CONTEXT ( ( #437, #434, #432 ) ) REPRESENTATION_CONTEXT ( 'NONE', 'WORKASPACE' ) );
#1057 = CARTESIAN_POINT ( 'NONE',  ( 394.6785476518433000, -234.7040036382066400, 2362.050665664505200 ) ) ;
#1058 = CARTESIAN_POINT ( 'NONE',  ( -90.35356259028027600, -300.5000000000362100, 2287.882146112606300 ) ) ;
#1059 = LINE ( 'NONE', #2962, #2812 ) ;
#1060 = SURFACE_SIDE_STYLE ('',( #285 ) ) ;
#1061 = CIRCLE ( 'NONE', #2381, 65.11965657451091300 ) ;
#1062 = AXIS2_PLACEMENT_3D ( 'NONE', #263, #257, #251 ) ;
#1063 = CARTESIAN_POINT ( 'NONE',  ( 387.4702996212430400, -235.5127148399796500, 2360.908991735914200 ) ) ;
#1064 = CARTESIAN_POINT ( 'NONE',  ( 383.8871040957711800, -236.1176171777858900, 2360.341436505439600 ) ) ;
#1065 = FILL_AREA_STYLE ('',( #1177 ) ) ;
#1066 = CARTESIAN_POINT ( 'NONE',  ( 376.7685424892192700, -237.7348394400937900, 2359.213966586116800 ) ) ;
#1067 = CARTESIAN_POINT ( 'NONE',  ( 373.2637551115736300, -238.7401514736591300, 2358.658897112412000 ) ) ;
#1068 = EDGE_CURVE ( 'NONE', #890, #2448, #442, .T. ) ;
#1069 = CARTESIAN_POINT ( 'NONE',  ( 366.3649273466221000, -241.1437301065764100, 2357.566231152474300 ) ) ;
#1070 = SURFACE_STYLE_USAGE ( .BOTH. , #924 ) ;
#1071 = DIRECTION ( 'NONE',  ( 0.0000000000000000000, -3.172065784643291600E-015, 1.000000000000000000 ) ) ;
#1072 = DIRECTION ( 'NONE',  ( -0.0000000000000000000, -1.000000000000000000, -3.491483361109382100E-015 ) ) ;
#1073 = DIRECTION ( 'NONE',  ( 0.0000000000000000000, -4.163336342344333100E-015, 1.000000000000000000 ) ) ;
#1074 =( LENGTH_UNIT ( ) NAMED_UNIT ( * ) SI_UNIT ( .MILLI., .METRE. ) );
#1075 = DIRECTION ( 'NONE',  ( -0.0000000000000000000, -1.000000000000000000, -3.491483361109382100E-015 ) ) ;
#1076 = CARTESIAN_POINT ( 'NONE',  ( 644.7199994035461300, -144.7500000000364100, 2369.254424358940500 ) ) ;
#1077 = B_SPLINE_CURVE_WITH_KNOTS ( 'NONE', 3,
 ( #1311, #1405, #1270, #1253, #1250, #1251, #1213, #1233, #1236, #1229 ),
 .UNSPECIFIED., .F., .F.,
 ( 4, 2, 2, 2, 4 ),
 ( 3.255249828092036300E-014, 0.01106333405347850900, 0.02212666810692446800, 0.03319000216037042200, 0.04425333621381637900 ),
 .UNSPECIFIED. ) ;
#1078 = CARTESIAN_POINT ( 'NONE',  ( 644.7199994035461300, -31.50505063391938200, 2404.254424358941400 ) ) ;
#1079 = SURFACE_STYLE_USAGE ( .BOTH. , #1084 ) ;
#1080 = AXIS2_PLACEMENT_3D ( 'NONE', #1836, #906, #1960 ) ;
#1081 = ORIENTED_EDGE ( 'NONE', *, *, #1844, .F. ) ;
#1082 = CARTESIAN_POINT ( 'NONE',  ( 173.5204710091087200, -277.8053042381285400, 2329.958819568974800 ) ) ;
#1083 = DIRECTION ( 'NONE',  ( 5.278572117395416100E-015, -3.333835021512894300E-015, 1.000000000000000000 ) ) ;
#1084 = SURFACE_SIDE_STYLE ('',( #276 ) ) ;
#1085 = CIRCLE ( 'NONE', #2194, 47.62038896415177200 ) ;
#1086 = EDGE_LOOP ( 'NONE', ( #2877, #2324, #2563, #327, #1832, #1981 ) ) ;
#1087 = AXIS2_PLACEMENT_3D ( 'NONE', #1262, #1259, #1258 ) ;
#1088 = DIRECTION ( 'NONE',  ( -5.556391702521401000E-016, -1.000000000000000000, -3.333835021512894700E-015 ) ) ;
#1089 = CARTESIAN_POINT ( 'NONE',  ( -117.2327345550499400, -344.9996716050672500, 2248.572967037159700 ) ) ;
#1090 =( GEOMETRIC_REPRESENTATION_CONTEXT ( 3 ) GLOBAL_UNCERTAINTY_ASSIGNED_CONTEXT ( ( #2254 ) ) GLOBAL_UNIT_ASSIGNED_CONTEXT ( ( #2384, #2362, #2383 ) ) REPRESENTATION_CONTEXT ( 'NONE', 'WORKASPACE' ) );
#1091 = CARTESIAN_POINT ( 'NONE',  ( 359.6942456488142700, -244.1150474434243700, 2356.509663897635200 ) ) ;
#1092 = ORIENTED_EDGE ( 'NONE', *, *, #1833, .T. ) ;
#1093 = ORIENTED_EDGE ( 'NONE', *, *, #94, .F. ) ;
#1094 =( NAMED_UNIT ( * ) SI_UNIT ( $, .STERADIAN. ) SOLID_ANGLE_UNIT ( ) );
#1095 = ORIENTED_EDGE ( 'NONE', *, *, #1823, .T. ) ;
#1096 = ORIENTED_EDGE ( 'NONE', *, *, #1823, .F. ) ;
#1097 = DIRECTION ( 'NONE',  ( 0.0000000000000000000, 3.172065784643291600E-015, -1.000000000000000000 ) ) ;
#1098 = CARTESIAN_POINT ( 'NONE',  ( 588.0121289401179200, -143.0411787929692200, 2279.897837909597000 ) ) ;
#1099 = DIRECTION ( 'NONE',  ( -0.0000000000000000000, 1.000000000000000000, 3.491483361109382100E-015 ) ) ;
#1100 = CARTESIAN_POINT ( 'NONE',  ( -117.2327345550499400, -393.7500000000359300, 2248.572967037159300 ) ) ;
#1101 = CYLINDRICAL_SURFACE ( 'NONE', #1971, 100.0000000000000000 ) ;
#1102 = STYLED_ITEM ( 'NONE', ( #2509 ), #354 ) ;
#1103 = CARTESIAN_POINT ( 'NONE',  ( -88.30324567190164900, -315.3153517198013000, 2287.420766308966900 ) ) ;
#1104 =( NAMED_UNIT ( * ) PLANE_ANGLE_UNIT ( ) SI_UNIT ( $, .RADIAN. ) );
#1105 = AXIS2_PLACEMENT_3D ( 'NONE', #2821, #2814, #2815 ) ;
#1106 = SURFACE_SIDE_STYLE ('',( #2539 ) ) ;
#1107 = CARTESIAN_POINT ( 'NONE',  ( 362.9915626719135800, -242.5347578906016700, 2357.031907608735800 ) ) ;
#1108 = DIRECTION ( 'NONE',  ( 0.8927216380366918000, 0.4278504822549195600, 0.1413932170060446000 ) ) ;
#1109 = STYLED_ITEM ( 'NONE', ( #2155 ), #693 ) ;
#1110 = UNCERTAINTY_MEASURE_WITH_UNIT (LENGTH_MEASURE( 1.000000000000000100E-005 ), #220, 'distance_accuracy_value', 'NONE');
#1111 = CARTESIAN_POINT ( 'NONE',  ( 144.2823296542059700, -346.7967839542062100, 2322.373422509784600 ) ) ;
#1112 = DIRECTION ( 'NONE',  ( 0.0000000000000000000, 3.491483361109382500E-015, -1.000000000000000000 ) ) ;
#1113 = FACE_OUTER_BOUND ( 'NONE', #2258, .T. ) ;
#1114 = CARTESIAN_POINT ( 'NONE',  ( 157.7812134407268400, -340.8849525549129600, 2324.529781297126600 ) ) ;
#1115 =( LENGTH_UNIT ( ) NAMED_UNIT ( * ) SI_UNIT ( .MILLI., .METRE. ) );
#1116 = EDGE_CURVE ( 'NONE', #366, #828, #1656, .T. ) ;
#1117 = CARTESIAN_POINT ( 'NONE',  ( -117.2327345550499400, -400.2500000000360400, 2283.572967037159700 ) ) ;
#1118 = VERTEX_POINT ( 'NONE', #1043 ) ;
#1119 = CIRCLE ( 'NONE', #607, 20.00000000000001800 ) ;
#1120 = ORIENTED_EDGE ( 'NONE', *, *, #2371, .F. ) ;
#1121 = SURFACE_STYLE_USAGE ( .BOTH. , #1004 ) ;
#1122 = STYLED_ITEM ( 'NONE', ( #2648 ), #193 ) ;
#1123 = FILL_AREA_STYLE_COLOUR ( '', #148 ) ;
#1124 = CIRCLE ( 'NONE', #159, 20.00000000000001800 ) ;
#1125 = LINE ( 'NONE', #1127, #2260 ) ;
#1126 = VERTEX_POINT ( 'NONE', #1020 ) ;
#1127 = CARTESIAN_POINT ( 'NONE',  ( 400.6792433603679900, -143.0411787929692200, 2115.793629451963200 ) ) ;
#1128 = FILL_AREA_STYLE_COLOUR ( '', #2144 ) ;
#1129 = SURFACE_STYLE_FILL_AREA ( #2190 ) ;
#1130 = DIRECTION ( 'NONE',  ( -0.03448583077157933000, -0.9986295347545740600, 0.03936724262451033600 ) ) ;
#1131 = ORIENTED_EDGE ( 'NONE', *, *, #2772, .T. ) ;
#1132 = VERTEX_POINT ( 'NONE', #1030 ) ;
#1133 = PLANE ( 'NONE',  #105 ) ;
#1134 = EDGE_LOOP ( 'NONE', ( #2919, #2295, #1865, #1324, #555, #1698, #1002, #2765 ) ) ;
#1135 = DIRECTION ( 'NONE',  ( -0.006902262348273455400, 0.9986295347545737200, 0.05187881157408401300 ) ) ;
#1136 = CARTESIAN_POINT ( 'NONE',  ( -117.2327345550499400, -341.0000000000357500, 2213.572967037159300 ) ) ;
#1137 = CARTESIAN_POINT ( 'NONE',  ( 238.9267765576383900, -266.6922153054360900, 2067.074003996508100 ) ) ;
#1138 = DIRECTION ( 'NONE',  ( 0.0000000000000000000, -4.163336342344333100E-015, 1.000000000000000000 ) ) ;
#1139 = DIRECTION ( 'NONE',  ( 0.0000000000000000000, 1.000000000000000000, 3.491483361109382100E-015 ) ) ;
#1140 = STYLED_ITEM ( 'NONE', ( #1341 ), #270 ) ;
#1141 = CARTESIAN_POINT ( 'NONE',  ( 644.7199994035461300, -169.7500000000364700, 2369.254424358940500 ) ) ;
#1142 = CARTESIAN_POINT ( 'NONE',  ( 195.2864857118615600, -341.4590100540287400, 2087.826334671709400 ) ) ;
#1143 = SURFACE_STYLE_FILL_AREA ( #979 ) ;
#1144 =( BOUNDED_CURVE ( )  B_SPLINE_CURVE ( 3, ( #1295, #1329, #1291, #1290 ),
 .UNSPECIFIED., .F., .F. ) 
 B_SPLINE_CURVE_WITH_KNOTS ( ( 4, 4 ),
 ( 2.114667849188656100, 2.145200670146836700 ),
 .UNSPECIFIED. ) 
 CURVE ( )  GEOMETRIC_REPRESENTATION_ITEM ( )  RATIONAL_B_SPLINE_CURVE ( ( 1.000000000000000000, 0.9999223137458633800, 0.9999223137458633800, 1.000000000000000000 ) ) 
 REPRESENTATION_ITEM ( '' )  );
#1145 = STYLED_ITEM ( 'NONE', ( #1398 ), #556 ) ;
#1146 = DIRECTION ( 'NONE',  ( -0.008187147317232964400, 0.9986295347545737200, 0.05169161377505678700 ) ) ;
#1147 = FILL_AREA_STYLE ('',( #1168 ) ) ;
#1148 = UNCERTAINTY_MEASURE_WITH_UNIT (LENGTH_MEASURE( 1.000000000000000100E-005 ), #1721, 'distance_accuracy_value', 'NONE');
#1149 = CARTESIAN_POINT ( 'NONE',  ( 401.7336242286965000, -207.7978194848149700, 2364.584893050162500 ) ) ;
#1150 = DIRECTION ( 'NONE',  ( 0.0000000000000000000, 2.209503815998218500E-015, -1.000000000000000000 ) ) ;
#1151 = CARTESIAN_POINT ( 'NONE',  ( 188.0825161948913300, -344.6116499360153400, 2090.736930083274300 ) ) ;
#1152 = DIRECTION ( 'NONE',  ( -1.460819769243617100E-015, -1.000000000000000000, -2.556434596176285100E-015 ) ) ;
#1153 = CARTESIAN_POINT ( 'NONE',  ( 180.5003762332974300, -347.0250551658883200, 2093.800315223478700 ) ) ;
#1154 = EDGE_CURVE ( 'NONE', #828, #1591, #2353, .T. ) ;
#1155 = CARTESIAN_POINT ( 'NONE',  ( 644.7199994035460100, -175.5000000000364700, 2369.254424358940500 ) ) ;
#1156 =( NAMED_UNIT ( * ) PLANE_ANGLE_UNIT ( ) SI_UNIT ( $, .RADIAN. ) );
#1157 = ORIENTED_EDGE ( 'NONE', *, *, #1641, .T. ) ;
#1158 = PRESENTATION_LAYER_ASSIGNMENT (  '', '', ( #996 ) ) ;
#1159 = VECTOR ( 'NONE', #55, 1000.000000000000200 ) ;
#1160 = DIRECTION ( 'NONE',  ( 0.0000000000000000000, -1.000000000000000000, -3.491483361109382500E-015 ) ) ;
#1161 = CARTESIAN_POINT ( 'NONE',  ( 149.0071942893928800, -351.0740574991796700, 2106.524389456461000 ) ) ;
#1162 = ORIENTED_EDGE ( 'NONE', *, *, #827, .T. ) ;
#1163 = UNCERTAINTY_MEASURE_WITH_UNIT (LENGTH_MEASURE( 1.000000000000000100E-005 ), #2310, 'distance_accuracy_value', 'NONE');
#1164 = CARTESIAN_POINT ( 'NONE',  ( 156.9776917292647900, -351.0740574992989300, 2103.304099457765900 ) ) ;
#1165 = FILL_AREA_STYLE ('',( #1734 ) ) ;
#1166 = ORIENTED_EDGE ( 'NONE', *, *, #2493, .F. ) ;
#1167 = CARTESIAN_POINT ( 'NONE',  ( 361.1224724403524000, -450.7530145441998000, 2345.774820007404700 ) ) ;
#1168 = FILL_AREA_STYLE_COLOUR ( '', #2514 ) ;
#1169 =( GEOMETRIC_REPRESENTATION_CONTEXT ( 3 ) GLOBAL_UNCERTAINTY_ASSIGNED_CONTEXT ( ( #1110 ) ) GLOBAL_UNIT_ASSIGNED_CONTEXT ( ( #220, #360, #182 ) ) REPRESENTATION_CONTEXT ( 'NONE', 'WORKASPACE' ) );
#1170 = CIRCLE ( 'NONE', #1438, 50.24077792830405500 ) ;
#1171 = EDGE_LOOP ( 'NONE', ( #506, #851 ) ) ;
#1172 = VERTEX_POINT ( 'NONE', #990 ) ;
#1173 = ORIENTED_EDGE ( 'NONE', *, *, #2590, .F. ) ;
#1174 = CARTESIAN_POINT ( 'NONE',  ( 164.9475822962047600, -350.2563232986718700, 2100.084054137340900 ) ) ;
#1175 = MECHANICAL_DESIGN_GEOMETRIC_PRESENTATION_REPRESENTATION (  '', ( #1007 ), #1337 ) ;
#1176 = CARTESIAN_POINT ( 'NONE',  ( 601.4593604545322000, -234.5000000000364700, 2394.801496296135200 ) ) ;
#1177 = FILL_AREA_STYLE_COLOUR ( '', #13 ) ;
#1178 = VERTEX_POINT ( 'NONE', #1018 ) ;
#1179 = CARTESIAN_POINT ( 'NONE',  ( 602.3079043693092000, -226.1573633634943400, 2395.378561499227500 ) ) ;
#1180 = LINE ( 'NONE', #642, #2678 ) ;
#1181 = CARTESIAN_POINT ( 'NONE',  ( 603.1887594389825200, -217.8186599200418800, 2395.960535587154500 ) ) ;
#1182 =( NAMED_UNIT ( * ) SI_UNIT ( $, .STERADIAN. ) SOLID_ANGLE_UNIT ( ) );
#1183 = PRESENTATION_LAYER_ASSIGNMENT (  '', '', ( #1343 ) ) ;
#1184 = EDGE_CURVE ( 'NONE', #336, #2697, #369, .T. ) ;
#1185 = CYLINDRICAL_SURFACE ( 'NONE', #1488, 275.0000000000000000 ) ;
#1186 = SURFACE_STYLE_FILL_AREA ( #2291 ) ;
#1187 = EDGE_CURVE ( 'NONE', #1904, #1868, #1594, .T. ) ;
#1188 = AXIS2_PLACEMENT_3D ( 'NONE', #1100, #1099, #1097 ) ;
#1189 = CARTESIAN_POINT ( 'NONE',  ( 605.0318424026160100, -201.1511584367418700, 2397.136846361135200 ) ) ;
#1190 = FILL_AREA_STYLE ('',( #32 ) ) ;
#1191 = FACE_OUTER_BOUND ( 'NONE', #451, .T. ) ;
#1192 = AXIS2_PLACEMENT_3D ( 'NONE', #1543, #1523, #1415 ) ;
#1193 = CARTESIAN_POINT ( 'NONE',  ( 222.0938386947470100, -274.0586195258707700, 2073.874952350969600 ) ) ;
#1194 = DIRECTION ( 'NONE',  ( 0.0000000000000000000, 3.604620209821938900E-015, -1.000000000000000000 ) ) ;
#1195 = VERTEX_POINT ( 'NONE', #826 ) ;
#1196 = SURFACE_STYLE_FILL_AREA ( #2048 ) ;
#1197 = LINE ( 'NONE', #1528, #579 ) ;
#1198 = ORIENTED_EDGE ( 'NONE', *, *, #1681, .F. ) ;
#1199 = DIRECTION ( 'NONE',  ( 0.0000000000000000000, -1.000000000000000000, -3.491483361109382500E-015 ) ) ;
#1200 =( NAMED_UNIT ( * ) PLANE_ANGLE_UNIT ( ) SI_UNIT ( $, .RADIAN. ) );
#1201 = VECTOR ( 'NONE', #1938, 1000.000000000000100 ) ;
#1202 = LINE ( 'NONE', #1136, #509 ) ;
#1203 = EDGE_LOOP ( 'NONE', ( #785, #782, #625, #1274 ) ) ;
#1204 = CARTESIAN_POINT ( 'NONE',  ( 644.7199994035461300, -138.2500000000364400, 2369.254424358940500 ) ) ;
#1205 = CARTESIAN_POINT ( 'NONE',  ( 605.9939027558540400, -192.8223400023890100, 2397.731157593499600 ) ) ;
#1206 = CARTESIAN_POINT ( 'NONE',  ( 256.8755778890764000, -252.6753055709658600, 2143.038107779831100 ) ) ;
#1207 = VERTEX_POINT ( 'NONE', #803 ) ;
#1208 = CARTESIAN_POINT ( 'NONE',  ( -117.2327345550499400, -362.5000000000358100, 2213.572967037159300 ) ) ;
#1209 = MECHANICAL_DESIGN_GEOMETRIC_PRESENTATION_REPRESENTATION (  '', ( #652 ), #9 ) ;
#1210 = ORIENTED_EDGE ( 'NONE', *, *, #2118, .F. ) ;
#1211 = UNCERTAINTY_MEASURE_WITH_UNIT (LENGTH_MEASURE( 1.000000000000000100E-005 ), #143, 'distance_accuracy_value', 'NONE');
#1212 = EDGE_LOOP ( 'NONE', ( #456, #1799 ) ) ;
#1213 = CARTESIAN_POINT ( 'NONE',  ( 130.0052355025311500, -349.4872755081765400, 2320.130465501496000 ) ) ;
#1214 = VERTEX_POINT ( 'NONE', #865 ) ;
#1215 =( LENGTH_UNIT ( ) NAMED_UNIT ( * ) SI_UNIT ( .MILLI., .METRE. ) );
#1216 = ORIENTED_EDGE ( 'NONE', *, *, #2607, .T. ) ;
#1217 = MECHANICAL_DESIGN_GEOMETRIC_PRESENTATION_REPRESENTATION (  '', ( #884 ), #1090 ) ;
#1218 = FILL_AREA_STYLE ('',( #1917 ) ) ;
#1219 = UNCERTAINTY_MEASURE_WITH_UNIT (LENGTH_MEASURE( 1.000000000000000100E-005 ), #2674, 'distance_accuracy_value', 'NONE');
#1220 = CARTESIAN_POINT ( 'NONE',  ( 435.4255429811634000, -234.5000000000356700, 2151.862489908837200 ) ) ;
#1221 = DIRECTION ( 'NONE',  ( 0.0000000000000000000, 3.497104020278760600E-015, -1.000000000000000000 ) ) ;
#1222 = DIRECTION ( 'NONE',  ( 8.286767271568948000E-016, 1.000000000000000000, 3.590932484346558600E-015 ) ) ;
#1223 =( NAMED_UNIT ( * ) SI_UNIT ( $, .STERADIAN. ) SOLID_ANGLE_UNIT ( ) );
#1224 = PRESENTATION_LAYER_ASSIGNMENT (  '', '', ( #1527 ) ) ;
#1225 = CARTESIAN_POINT ( 'NONE',  ( 644.7199994035462400, -184.5000000000360700, 2369.254424358939600 ) ) ;
#1226 = CARTESIAN_POINT ( 'NONE',  ( 607.0091833845947300, -184.5000000000364700, 2398.333554337016700 ) ) ;
#1227 = DIRECTION ( 'NONE',  ( 1.666917510756447100E-015, -1.000000000000000000, -5.000752532269348700E-015 ) ) ;
#1228 = PRESENTATION_LAYER_ASSIGNMENT (  '', '', ( #901 ) ) ;
#1229 = CARTESIAN_POINT ( 'NONE',  ( 115.5229201566647800, -350.5000000000362700, 2317.836725166260700 ) ) ;
#1230 = EDGE_CURVE ( 'NONE', #383, #2957, #894, .T. ) ;
#1231 = PRESENTATION_LAYER_ASSIGNMENT (  '', '', ( #2476 ) ) ;
#1232 = CARTESIAN_POINT ( 'NONE',  ( 151.2055006838371900, -344.3834357862170400, 2323.469946423086200 ) ) ;
#1233 = CARTESIAN_POINT ( 'NONE',  ( 122.7968949808260400, -350.2959993288330300, 2318.988776923482900 ) ) ;
#1234 = ORIENTED_EDGE ( 'NONE', *, *, #533, .F. ) ;
#1235 = CARTESIAN_POINT ( 'NONE',  ( 644.7199994035461300, -144.7500000000362900, 2330.754424358940500 ) ) ;
#1236 = CARTESIAN_POINT ( 'NONE',  ( 119.1709749237998200, -350.5000000000363200, 2318.414520278782700 ) ) ;
#1237 = VERTEX_POINT ( 'NONE', #773 ) ;
#1238 = EDGE_CURVE ( 'NONE', #301, #1649, #2112, .T. ) ;
#1239 = COLOUR_RGB ( '',0.8431372549019607900, 0.8431372549019607900, 0.8431372549019607900 ) ;
#1240 = DIRECTION ( 'NONE',  ( 0.0000000000000000000, 1.000000000000000000, 3.491483361109382100E-015 ) ) ;
#1241 =( NAMED_UNIT ( * ) PLANE_ANGLE_UNIT ( ) SI_UNIT ( $, .RADIAN. ) );
#1242 = FACE_OUTER_BOUND ( 'NONE', #2486, .T. ) ;
#1243 = STYLED_ITEM ( 'NONE', ( #2547 ), #299 ) ;
#1244 = CARTESIAN_POINT ( 'NONE',  ( 300.0000000000043200, -414.1959594929288100, 2107.999999999998200 ) ) ;
#1245 = CARTESIAN_POINT ( 'NONE',  ( -117.2327345550499400, -362.5000000000359800, 2228.572967037159300 ) ) ;
#1246 = CARTESIAN_POINT ( 'NONE',  ( -117.2327345550499300, -344.9996716050672500, 2248.572967037159700 ) ) ;
#1247 = VERTEX_POINT ( 'NONE', #766 ) ;
#1248 = ORIENTED_EDGE ( 'NONE', *, *, #2188, .F. ) ;
#1249 = ORIENTED_EDGE ( 'NONE', *, *, #709, .F. ) ;
#1250 = CARTESIAN_POINT ( 'NONE',  ( 140.7070814054304200, -347.2651127093288900, 2321.825504709072000 ) ) ;
#1251 = CARTESIAN_POINT ( 'NONE',  ( 133.5887202169400300, -348.8823102566486800, 2320.698066537167500 ) ) ;
#1252 =( GEOMETRIC_REPRESENTATION_CONTEXT ( 3 ) GLOBAL_UNCERTAINTY_ASSIGNED_CONTEXT ( ( #811 ) ) GLOBAL_UNIT_ASSIGNED_CONTEXT ( ( #2855, #2848, #2851 ) ) REPRESENTATION_CONTEXT ( 'NONE', 'WORKASPACE' ) );
#1253 = CARTESIAN_POINT ( 'NONE',  ( 144.2118956347498200, -346.2597871546035400, 2322.380578437141600 ) ) ;
#1254 = AXIS2_PLACEMENT_3D ( 'NONE', #1299, #1718, #1071 ) ;
#1255 = CARTESIAN_POINT ( 'NONE',  ( 399.0475133891576400, -190.2922875975767200, 2117.656328080293000 ) ) ;
#1256 = DIRECTION ( 'NONE',  ( 0.1564344650402312900, 3.448497407149659400E-015, -0.9876883405951376600 ) ) ;
#1257 = CARTESIAN_POINT ( 'NONE',  ( 187.7121197622451500, -324.9023408736359800, 2089.772694628519300 ) ) ;
#1258 = DIRECTION ( 'NONE',  ( 0.0000000000000000000, -4.163336342344333100E-015, 1.000000000000000000 ) ) ;
#1259 = DIRECTION ( 'NONE',  ( -0.0000000000000000000, -1.000000000000000000, -3.491483361109382100E-015 ) ) ;
#1260 = CARTESIAN_POINT ( 'NONE',  ( -117.2327345550499400, -400.2500000000359300, 2248.572967037159300 ) ) ;
#1261 =( GEOMETRIC_REPRESENTATION_CONTEXT ( 3 ) GLOBAL_UNCERTAINTY_ASSIGNED_CONTEXT ( ( #1010 ) ) GLOBAL_UNIT_ASSIGNED_CONTEXT ( ( #1993, #1885, #820 ) ) REPRESENTATION_CONTEXT ( 'NONE', 'WORKASPACE' ) );
#1262 = CARTESIAN_POINT ( 'NONE',  ( 644.7199994035461300, -144.7500000000364100, 2369.254424358940500 ) ) ;
#1263 = CARTESIAN_POINT ( 'NONE',  ( 228.0409497733268700, -234.5000000000402700, 3461.237279480710200 ) ) ;
#1264 = CARTESIAN_POINT ( 'NONE',  ( 300.0000000000043200, -335.0000000000354100, 2079.999999999998600 ) ) ;
#1265 = AXIS2_PLACEMENT_3D ( 'NONE', #1639, #1636, #1626 ) ;
#1266 = PRODUCT_DEFINITION_SHAPE ( 'NONE', 'NONE',  #2542 ) ;
#1267 = CARTESIAN_POINT ( 'NONE',  ( 300.0000000000043200, -205.0000000000355800, 2145.119656574509900 ) ) ;
#1268 = ORIENTED_EDGE ( 'NONE', *, *, #1296, .T. ) ;
#1269 = AXIS2_PLACEMENT_3D ( 'NONE', #1755, #897, #1856 ) ;
#1270 = CARTESIAN_POINT ( 'NONE',  ( 151.1105984847974100, -343.8562412354900200, 2323.473224613498600 ) ) ;
#1271 = DIRECTION ( 'NONE',  ( -0.0000000000000000000, 1.000000000000000000, 3.491483361109382100E-015 ) ) ;
#1272 = CIRCLE ( 'NONE', #140, 39.37247472313831800 ) ;
#1273 = ORIENTED_EDGE ( 'NONE', *, *, #1017, .T. ) ;
#1274 = ORIENTED_EDGE ( 'NONE', *, *, #323, .T. ) ;
#1275 = CARTESIAN_POINT ( 'NONE',  ( 644.7199994035462400, -234.5000000000365500, 2419.495202287244000 ) ) ;
#1276 = CIRCLE ( 'NONE', #2367, 35.00000000000014200 ) ;
#1277 = VECTOR ( 'NONE', #1256, 1000.000000000000000 ) ;
#1278 = EDGE_LOOP ( 'NONE', ( #1976, #2840 ) ) ;
#1279 = ORIENTED_EDGE ( 'NONE', *, *, #2561, .F. ) ;
#1280 = PRESENTATION_STYLE_ASSIGNMENT (( #373 ) ) ;
#1281 = ORIENTED_EDGE ( 'NONE', *, *, #715, .T. ) ;
#1282 = FACE_OUTER_BOUND ( 'NONE', #2020, .T. ) ;
#1283 = ORIENTED_EDGE ( 'NONE', *, *, #2274, .F. ) ;
#1284 = CARTESIAN_POINT ( 'NONE',  ( 194.9199994475088700, -321.7497025834137500, 2086.860615414307600 ) ) ;
#1285 = ORIENTED_EDGE ( 'NONE', *, *, #1888, .F. ) ;
#1286 = CARTESIAN_POINT ( 'NONE',  ( 300.0000000000043200, -205.0000000000354100, 2079.999999999999100 ) ) ;
#1287 = SURFACE_STYLE_FILL_AREA ( #2774 ) ;
#1288 =( GEOMETRIC_REPRESENTATION_CONTEXT ( 3 ) GLOBAL_UNCERTAINTY_ASSIGNED_CONTEXT ( ( #777 ) ) GLOBAL_UNIT_ASSIGNED_CONTEXT ( ( #1366, #2030, #1331 ) ) REPRESENTATION_CONTEXT ( 'NONE', 'WORKASPACE' ) );
#1289 = ORIENTED_EDGE ( 'NONE', *, *, #2118, .T. ) ;
#1290 = CARTESIAN_POINT ( 'NONE',  ( 361.7783928737945300, -262.8709934730729300, 2090.065193416488000 ) ) ;
#1291 = CARTESIAN_POINT ( 'NONE',  ( 362.6853736632241400, -244.2261774348878600, 2089.560681956751100 ) ) ;
#1292 = ORIENTED_EDGE ( 'NONE', *, *, #2240, .F. ) ;
#1293 = DIRECTION ( 'NONE',  ( 0.0000000000000000000, 2.883696167857551000E-015, -1.000000000000000000 ) ) ;
#1294 = FACE_OUTER_BOUND ( 'NONE', #749, .T. ) ;
#1295 = CARTESIAN_POINT ( 'NONE',  ( 364.4992722322301100, -206.3948166986606900, 2088.513860291237100 ) ) ;
#1296 = EDGE_CURVE ( 'NONE', #335, #2564, #2658, .T. ) ;
#1297 = STYLED_ITEM ( 'NONE', ( #1774 ), #570 ) ;
#1298 = DIRECTION ( 'NONE',  ( 0.0000000000000000000, -1.000000000000000000, -3.491483361109382100E-015 ) ) ;
#1299 = CARTESIAN_POINT ( 'NONE',  ( 644.7199994035461300, -144.7500000000364400, 2369.254424358940500 ) ) ;
#1300 = AXIS2_PLACEMENT_3D ( 'NONE', #115, #121, #97 ) ;
#1301 = FILL_AREA_STYLE ('',( #217 ) ) ;
#1302 = CARTESIAN_POINT ( 'NONE',  ( 635.6190865587872200, -234.5000000000363500, 2319.844818488894400 ) ) ;
#1303 = DIRECTION ( 'NONE',  ( 0.0000000000000000000, -3.333835021512894300E-015, 1.000000000000000000 ) ) ;
#1304 = SURFACE_STYLE_FILL_AREA ( #2683 ) ;
#1305 = PRESENTATION_LAYER_ASSIGNMENT (  '', '', ( #1140 ) ) ;
#1306 = FILL_AREA_STYLE_COLOUR ( '', #411 ) ;
#1307 = CARTESIAN_POINT ( 'NONE',  ( 636.6112980927584900, -226.1573633634940000, 2320.106633873810600 ) ) ;
#1308 = DIRECTION ( 'NONE',  ( -8.211317483733083400E-016, -0.9986295347545738300, 0.05233595624294444500 ) ) ;
#1309 = CARTESIAN_POINT ( 'NONE',  ( 122.6484438042454300, -331.4407600155024600, 2319.976600504843200 ) ) ;
#1310 = CARTESIAN_POINT ( 'NONE',  ( 637.6284124340493200, -217.8186599200416800, 2320.389614278658000 ) ) ;
#1311 = CARTESIAN_POINT ( 'NONE',  ( 157.7812134407549000, -340.8849525548994800, 2324.529781297131200 ) ) ;
#1312 = ORIENTED_EDGE ( 'NONE', *, *, #558, .F. ) ;
#1313 = LINE ( 'NONE', #330, #1834 ) ;
#1314 = COLOUR_RGB ( '',0.8431372549019607900, 0.8431372549019607900, 0.8431372549019607900 ) ;
#1315 = CARTESIAN_POINT ( 'NONE',  ( 639.7253566639623200, -201.1511584367416400, 2321.008877344289400 ) ) ;
#1316 = VERTEX_POINT ( 'NONE', #723 ) ;
#1317 = CARTESIAN_POINT ( 'NONE',  ( 240.8900834781441100, -320.9233053712800900, 2069.368844716074800 ) ) ;
#1318 = LINE ( 'NONE', #2175, #1897 ) ;
#1319 = EDGE_CURVE ( 'NONE', #2411, #2691, #214, .T. ) ;
#1320 = DIRECTION ( 'NONE',  ( 0.0000000000000000000, 3.172065784643291600E-015, -1.000000000000000000 ) ) ;
#1321 =( NAMED_UNIT ( * ) SI_UNIT ( $, .STERADIAN. ) SOLID_ANGLE_UNIT ( ) );
#1322 = ORIENTED_EDGE ( 'NONE', *, *, #2817, .F. ) ;
#1323 = DIRECTION ( 'NONE',  ( -0.0000000000000000000, 1.000000000000000000, 3.491483361109382100E-015 ) ) ;
#1324 = ORIENTED_EDGE ( 'NONE', *, *, #1763, .F. ) ;
#1325 = ORIENTED_EDGE ( 'NONE', *, *, #2595, .T. ) ;
#1326 = AXIS2_PLACEMENT_3D ( 'NONE', #639, #634, #630 ) ;
#1327 = CARTESIAN_POINT ( 'NONE',  ( -117.2327345550499400, -393.7500000000359300, 2248.572967037159300 ) ) ;
#1328 = DIRECTION ( 'NONE',  ( 0.0000000000000000000, -1.000000000000000000, -3.491483361109382500E-015 ) ) ;
#1329 = CARTESIAN_POINT ( 'NONE',  ( 363.5924039131518800, -225.3993225889195500, 2089.043530739459600 ) ) ;
#1330 = CARTESIAN_POINT ( 'NONE',  ( 640.8050574258372800, -192.8223400023885900, 2321.345050259606500 ) ) ;
#1331 =( NAMED_UNIT ( * ) SI_UNIT ( $, .STERADIAN. ) SOLID_ANGLE_UNIT ( ) );
#1332 = DIRECTION ( 'NONE',  ( -5.556391702521401000E-016, -1.000000000000000000, -3.333835021512894700E-015 ) ) ;
#1333 = DIRECTION ( 'NONE',  ( 0.0000000000000000000, -2.819794875562402500E-015, 1.000000000000000000 ) ) ;
#1334 = DIRECTION ( 'NONE',  ( 5.556391702521489800E-016, 1.000000000000000000, 3.333835021512904100E-015 ) ) ;
#1335 = CARTESIAN_POINT ( 'NONE',  ( 240.8900834781439100, -320.9233053712800900, 2069.368844716074800 ) ) ;
#1336 =( LENGTH_UNIT ( ) NAMED_UNIT ( * ) SI_UNIT ( .MILLI., .METRE. ) );
#1337 =( GEOMETRIC_REPRESENTATION_CONTEXT ( 3 ) GLOBAL_UNCERTAINTY_ASSIGNED_CONTEXT ( ( #395 ) ) GLOBAL_UNIT_ASSIGNED_CONTEXT ( ( #877, #874, #871 ) ) REPRESENTATION_CONTEXT ( 'NONE', 'WORKASPACE' ) );
#1338 = CARTESIAN_POINT ( 'NONE',  ( -117.2327345550499400, -356.7500000000363800, 2248.572967037159700 ) ) ;
#1339 = SURFACE_STYLE_USAGE ( .BOTH. , #1360 ) ;
#1340 = CARTESIAN_POINT ( 'NONE',  ( -117.2327345550499400, -344.9996716050672500, 2248.572967037159700 ) ) ;
#1341 = PRESENTATION_STYLE_ASSIGNMENT (( #2679 ) ) ;
#1342 = UNCERTAINTY_MEASURE_WITH_UNIT (LENGTH_MEASURE( 1.000000000000000100E-005 ), #1892, 'distance_accuracy_value', 'NONE');
#1343 = STYLED_ITEM ( 'NONE', ( #171 ), #322 ) ;
#1344 = EDGE_CURVE ( 'NONE', #1172, #1207, #814, .T. ) ;
#1345 = SURFACE_STYLE_USAGE ( .BOTH. , #1498 ) ;
#1346 = ORIENTED_EDGE ( 'NONE', *, *, #558, .T. ) ;
#1347 = CARTESIAN_POINT ( 'NONE',  ( 641.9257760427091200, -184.5000000000358700, 2321.716084454113100 ) ) ;
#1348 = CARTESIAN_POINT ( 'NONE',  ( 238.9267765576383900, -266.6922153054360900, 2067.074003996508100 ) ) ;
#1349 = VECTOR ( 'NONE', #1620, 1000.000000000000000 ) ;
#1350 = ORIENTED_EDGE ( 'NONE', *, *, #278, .T. ) ;
#1351 = EDGE_CURVE ( 'NONE', #1604, #386, #1967, .T. ) ;
#1352 = STYLED_ITEM ( 'NONE', ( #2846 ), #236 ) ;
#1353 = DIRECTION ( 'NONE',  ( 0.0000000000000000000, -1.000000000000000000, -3.491483361109382100E-015 ) ) ;
#1354 = LINE ( 'NONE', #1964, #28 ) ;
#1355 = CARTESIAN_POINT ( 'NONE',  ( 338.1114335066817500, -198.9225711677627000, 2356.027467046629700 ) ) ;
#1356 = CIRCLE ( 'NONE', #623, 35.00000000000014200 ) ;
#1357 = ORIENTED_EDGE ( 'NONE', *, *, #2465, .F. ) ;
#1358 = PRESENTATION_LAYER_ASSIGNMENT (  '', '', ( #1954 ) ) ;
#1359 = COLOUR_RGB ( '',0.8431372549019607900, 0.8431372549019607900, 0.8431372549019607900 ) ;
#1360 = SURFACE_SIDE_STYLE ('',( #2713 ) ) ;
#1361 =( NAMED_UNIT ( * ) SI_UNIT ( $, .STERADIAN. ) SOLID_ANGLE_UNIT ( ) );
#1362 = ORIENTED_EDGE ( 'NONE', *, *, #2710, .T. ) ;
#1363 = DIRECTION ( 'NONE',  ( 1.778045344806877000E-014, -3.333835021512894300E-015, 1.000000000000000000 ) ) ;
#1364 = EDGE_LOOP ( 'NONE', ( #177, #141, #2269, #610, #1561, #2832 ) ) ;
#1365 = DIRECTION ( 'NONE',  ( -5.556391702521401000E-016, -1.000000000000000000, -3.333835021512894700E-015 ) ) ;
#1366 =( LENGTH_UNIT ( ) NAMED_UNIT ( * ) SI_UNIT ( .MILLI., .METRE. ) );
#1367 = CARTESIAN_POINT ( 'NONE',  ( -117.2327345550499400, -344.9996716050672500, 2248.572967037159700 ) ) ;
#1368 = CARTESIAN_POINT ( 'NONE',  ( -117.2327345550499300, -344.9996716050674200, 2298.525484968956300 ) ) ;
#1369 = CARTESIAN_POINT ( 'NONE',  ( 240.2315438395654000, -303.0237844378432900, 2068.615405476800800 ) ) ;
#1370 = STYLED_ITEM ( 'NONE', ( #1830 ), #247 ) ;
#1371 = CARTESIAN_POINT ( 'NONE',  ( -117.2327345550499400, -387.5000000000360400, 2283.572967037159700 ) ) ;
#1372 = DIRECTION ( 'NONE',  ( 0.0000000000000000000, 3.491483361109382500E-015, -1.000000000000000000 ) ) ;
#1373 =( NAMED_UNIT ( * ) PLANE_ANGLE_UNIT ( ) SI_UNIT ( $, .RADIAN. ) );
#1374 = DIRECTION ( 'NONE',  ( 0.0000000000000000000, -4.163336342344333100E-015, 1.000000000000000000 ) ) ;
#1375 = SURFACE_SIDE_STYLE ('',( #2392 ) ) ;
#1376 = PRESENTATION_STYLE_ASSIGNMENT (( #2040 ) ) ;
#1377 = CARTESIAN_POINT ( 'NONE',  ( 644.7199994035461300, -169.7500000000364700, 2369.254424358940500 ) ) ;
#1378 = COLOUR_RGB ( '',0.8431372549019607900, 0.8431372549019607900, 0.8431372549019607900 ) ;
#1379 = CARTESIAN_POINT ( 'NONE',  ( 239.5771081993977700, -284.9467544158949300, 2067.850458570278100 ) ) ;
#1380 = DIRECTION ( 'NONE',  ( 0.0000000000000000000, 1.000000000000000000, 3.491483361109382100E-015 ) ) ;
#1381 =( NAMED_UNIT ( * ) PLANE_ANGLE_UNIT ( ) SI_UNIT ( $, .RADIAN. ) );
#1382 = UNCERTAINTY_MEASURE_WITH_UNIT (LENGTH_MEASURE( 1.000000000000000100E-005 ), #1925, 'distance_accuracy_value', 'NONE');
#1383 = AXIS2_PLACEMENT_3D ( 'NONE', #470, #469, #467 ) ;
#1384 = FILL_AREA_STYLE ('',( #1412 ) ) ;
#1385 = FACE_OUTER_BOUND ( 'NONE', #2664, .T. ) ;
#1386 = CARTESIAN_POINT ( 'NONE',  ( 338.1114335066818100, -198.9225711677627000, 2356.027467046629700 ) ) ;
#1387 = ORIENTED_EDGE ( 'NONE', *, *, #659, .F. ) ;
#1388 = MECHANICAL_DESIGN_GEOMETRIC_PRESENTATION_REPRESENTATION (  '', ( #901 ), #1532 ) ;
#1389 = LINE ( 'NONE', #640, #144 ) ;
#1390 = CARTESIAN_POINT ( 'NONE',  ( 344.9629115591145000, -195.6388956478780900, 2357.112634563359700 ) ) ;
#1391 = CARTESIAN_POINT ( 'NONE',  ( 143.9959968542222300, -307.9867314103263400, 2324.387132717743000 ) ) ;
#1392 = EDGE_CURVE ( 'NONE', #682, #1702, #1389, .T. ) ;
#1393 = AXIS2_PLACEMENT_3D ( 'NONE', #2203, #2198, #2178 ) ;
#1394 = CARTESIAN_POINT ( 'NONE',  ( -117.2327345550499400, -362.5000000000360400, 2283.572967037159700 ) ) ;
#1395 = CARTESIAN_POINT ( 'NONE',  ( 644.7199994035462400, -234.5000000000363500, 2369.254424358939600 ) ) ;
#1396 = ORIENTED_EDGE ( 'NONE', *, *, #1844, .T. ) ;
#1397 = CARTESIAN_POINT ( 'NONE',  ( 352.0480203237600000, -192.8962178562463000, 2358.200283359301500 ) ) ;
#1398 = PRESENTATION_STYLE_ASSIGNMENT (( #2677 ) ) ;
#1399 = ORIENTED_EDGE ( 'NONE', *, *, #1674, .F. ) ;
#1400 = EDGE_LOOP ( 'NONE', ( #459, #651 ) ) ;
#1401 = PRESENTATION_STYLE_ASSIGNMENT (( #548 ) ) ;
#1402 = CARTESIAN_POINT ( 'NONE',  ( 644.7199994035461300, -406.4213562373459500, 2389.254424358939600 ) ) ;
#1403 =( NAMED_UNIT ( * ) PLANE_ANGLE_UNIT ( ) SI_UNIT ( $, .RADIAN. ) );
#1404 = LINE ( 'NONE', #241, #1985 ) ;
#1405 = CARTESIAN_POINT ( 'NONE',  ( 154.4839208703699000, -342.4652303887447100, 2324.007541458653100 ) ) ;
#1406 = CARTESIAN_POINT ( 'NONE',  ( 144.1391632542140800, -327.3917576822663000, 2323.380277613763600 ) ) ;
#1407 = PRESENTATION_LAYER_ASSIGNMENT (  '', '', ( #1243 ) ) ;
#1408 = DIRECTION ( 'NONE',  ( -8.286767271568948000E-016, -1.000000000000000000, -3.867158060065525000E-015 ) ) ;
#1409 = STYLED_ITEM ( 'NONE', ( #2086 ), #530 ) ;
#1410 = CARTESIAN_POINT ( 'NONE',  ( 151.0666158826917100, -324.9784074229340800, 2324.477404170373600 ) ) ;
#1411 = AXIS2_PLACEMENT_3D ( 'NONE', #2379, #2395, #2375 ) ;
#1412 = FILL_AREA_STYLE_COLOUR ( '', #2387 ) ;
#1413 = FILL_AREA_STYLE ('',( #933 ) ) ;
#1414 = CONICAL_SURFACE ( 'NONE', #975, 49.95251793179633600, 0.05235987755982624700 ) ;
#1415 = DIRECTION ( 'NONE',  ( 0.0000000000000000000, 3.172065784643291600E-015, -1.000000000000000000 ) ) ;
#1416 = SURFACE_SIDE_STYLE ('',( #2208 ) ) ;
#1417 = ORIENTED_EDGE ( 'NONE', *, *, #146, .T. ) ;
#1418 = PRESENTATION_LAYER_ASSIGNMENT (  '', '', ( #1860 ) ) ;
#1419 = CARTESIAN_POINT ( 'NONE',  ( 364.4992722322301100, -206.3948166986606900, 2088.513860291237100 ) ) ;
#1420 = VECTOR ( 'NONE', #1240, 1000.000000000000000 ) ;
#1421 = MECHANICAL_DESIGN_GEOMETRIC_PRESENTATION_REPRESENTATION (  '', ( #2825 ), #716 ) ;
#1422 = CARTESIAN_POINT ( 'NONE',  ( 360.0492670467213000, -205.9684060341879200, 2122.368459369990400 ) ) ;
#1423 = VERTEX_POINT ( 'NONE', #598 ) ;
#1424 =( NAMED_UNIT ( * ) SI_UNIT ( $, .STERADIAN. ) SOLID_ANGLE_UNIT ( ) );
#1425 = ORIENTED_EDGE ( 'NONE', *, *, #564, .T. ) ;
#1426 = ORIENTED_EDGE ( 'NONE', *, *, #709, .T. ) ;
#1427 = DIRECTION ( 'NONE',  ( 0.0000000000000000000, -2.983569624435809200E-015, 1.000000000000000000 ) ) ;
#1428 = CARTESIAN_POINT ( 'NONE',  ( 300.0000000000043200, -232.4476520233830300, 2143.921266206546100 ) ) ;
#1429 = UNCERTAINTY_MEASURE_WITH_UNIT (LENGTH_MEASURE( 1.000000000000000100E-005 ), #1115, 'distance_accuracy_value', 'NONE');
#1430 = DIRECTION ( 'NONE',  ( 0.0000000000000000000, 2.775557561562889000E-015, -1.000000000000000000 ) ) ;
#1431 = CARTESIAN_POINT ( 'NONE',  ( 115.2075753733077800, -312.0357337435625600, 2319.827733769826000 ) ) ;
#1432 = DIRECTION ( 'NONE',  ( -0.0000000000000000000, 1.000000000000000000, 3.491483361109382100E-015 ) ) ;
#1433 = CARTESIAN_POINT ( 'NONE',  ( -117.2327345550499400, -362.5000000000360400, 2248.572967037159300 ) ) ;
#1434 = SURFACE_STYLE_USAGE ( .BOTH. , #1416 ) ;
#1435 =( BOUNDED_CURVE ( )  B_SPLINE_CURVE ( 3, ( #1428, #1439, #1422, #1419 ),
 .UNSPECIFIED., .F., .F. ) 
 B_SPLINE_CURVE_WITH_KNOTS ( ( 4, 4 ),
 ( 4.849020987346690100, 6.309563946469077100 ),
 .UNSPECIFIED. ) 
 CURVE ( )  GEOMETRIC_REPRESENTATION_ITEM ( )  RATIONAL_B_SPLINE_CURVE ( ( 1.000000000000000000, 0.8299955556074027900, 0.8299955556074027900, 1.000000000000000000 ) ) 
 REPRESENTATION_ITEM ( '' )  );
#1436 = STYLED_ITEM ( 'NONE', ( #2495 ), #204 ) ;
#1437 = EDGE_CURVE ( 'NONE', #757, #301, #462, .T. ) ;
#1438 = AXIS2_PLACEMENT_3D ( 'NONE', #2650, #2652, #2647 ) ;
#1439 = CARTESIAN_POINT ( 'NONE',  ( 334.1458061601047700, -216.4314481347190900, 2144.620548770139500 ) ) ;
#1440 = CARTESIAN_POINT ( 'NONE',  ( 359.3251286448813700, -190.7106534023904200, 2359.284022554945300 ) ) ;
#1441 = AXIS2_PLACEMENT_3D ( 'NONE', #1949, #1947, #1945 ) ;
#1442 = CARTESIAN_POINT ( 'NONE',  ( 644.7199994035461300, -144.7500000000364900, 2389.254424358940500 ) ) ;
#1443 = ORIENTED_EDGE ( 'NONE', *, *, #2712, .T. ) ;
#1444 = CARTESIAN_POINT ( 'NONE',  ( 644.7199994035461300, -138.2500000000362900, 2330.754424358940500 ) ) ;
#1445 = CARTESIAN_POINT ( 'NONE',  ( -117.2327345550499400, -387.5000000000359300, 2248.572967037159300 ) ) ;
#1446 = VECTOR ( 'NONE', #671, 1000.000000000000200 ) ;
#1447 =( GEOMETRIC_REPRESENTATION_CONTEXT ( 3 ) GLOBAL_UNCERTAINTY_ASSIGNED_CONTEXT ( ( #2543 ) ) GLOBAL_UNIT_ASSIGNED_CONTEXT ( ( #2703, #2672, #2668 ) ) REPRESENTATION_CONTEXT ( 'NONE', 'WORKASPACE' ) );
#1448 = DIRECTION ( 'NONE',  ( 0.0000000000000000000, -1.000000000000000000, -3.491483361109382100E-015 ) ) ;
#1449 = CARTESIAN_POINT ( 'NONE',  ( 300.0000000000043200, -232.4476520233830300, 2143.921266206546100 ) ) ;
#1450 = SURFACE_STYLE_FILL_AREA ( #2422 ) ;
#1451 = CARTESIAN_POINT ( 'NONE',  ( 436.3284278838026500, -207.6978802810080500, 2150.786473558133800 ) ) ;
#1452 = STYLED_ITEM ( 'NONE', ( #1651 ), #2346 ) ;
#1453 = ORIENTED_EDGE ( 'NONE', *, *, #1392, .T. ) ;
#1454 = VERTEX_POINT ( 'NONE', #526 ) ;
#1455 = ORIENTED_EDGE ( 'NONE', *, *, #2090, .F. ) ;
#1456 = ORIENTED_EDGE ( 'NONE', *, *, #425, .T. ) ;
#1457 = UNCERTAINTY_MEASURE_WITH_UNIT (LENGTH_MEASURE( 1.000000000000000100E-005 ), #914, 'distance_accuracy_value', 'NONE');
#1458 = DIRECTION ( 'NONE',  ( -0.1564344650402296800, -2.769915471149244800E-015, 0.9876883405951378800 ) ) ;
#1459 = DIRECTION ( 'NONE',  ( -0.03364090421454298700, -0.9986295347545779400, 0.04009166845472211800 ) ) ;
#1460 =( LENGTH_UNIT ( ) NAMED_UNIT ( * ) SI_UNIT ( .MILLI., .METRE. ) );
#1461 = UNCERTAINTY_MEASURE_WITH_UNIT (LENGTH_MEASURE( 1.000000000000000100E-005 ), #2621, 'distance_accuracy_value', 'NONE');
#1462 = EDGE_CURVE ( 'NONE', #264, #1316, #2890, .T. ) ;
#1463 = DIRECTION ( 'NONE',  ( 1.664633058240963500E-015, -0.9986295347545738300, -0.05233595624294519500 ) ) ;
#1464 =( NAMED_UNIT ( * ) SI_UNIT ( $, .STERADIAN. ) SOLID_ANGLE_UNIT ( ) );
#1465 = DIRECTION ( 'NONE',  ( 0.0000000000000000000, 3.867158060065510000E-015, -1.000000000000000000 ) ) ;
#1466 =( GEOMETRIC_REPRESENTATION_CONTEXT ( 3 ) GLOBAL_UNCERTAINTY_ASSIGNED_CONTEXT ( ( #1382 ) ) GLOBAL_UNIT_ASSIGNED_CONTEXT ( ( #1925, #1946, #69 ) ) REPRESENTATION_CONTEXT ( 'NONE', 'WORKASPACE' ) );
#1467 =( NAMED_UNIT ( * ) PLANE_ANGLE_UNIT ( ) SI_UNIT ( $, .RADIAN. ) );
#1468 =( LENGTH_UNIT ( ) NAMED_UNIT ( * ) SI_UNIT ( .MILLI., .METRE. ) );
#1469 = FILL_AREA_STYLE ('',( #1997 ) ) ;
#1470 = AXIS2_PLACEMENT_3D ( 'NONE', #1260, #1271, #2010 ) ;
#1471 = SURFACE_STYLE_USAGE ( .BOTH. , #1472 ) ;
#1472 = SURFACE_SIDE_STYLE ('',( #23 ) ) ;
#1473 = EDGE_CURVE ( 'NONE', #591, #692, #1522, .T. ) ;
#1474 = FILL_AREA_STYLE ('',( #1500 ) ) ;
#1475 = DIRECTION ( 'NONE',  ( 0.0000000000000000000, 3.172065784643291600E-015, -1.000000000000000000 ) ) ;
#1476 = STYLED_ITEM ( 'NONE', ( #1376 ), #114 ) ;
#1477 = CARTESIAN_POINT ( 'NONE',  ( -117.2327345550499300, -344.9996716050669600, 2198.620449105363600 ) ) ;
#1478 = FILL_AREA_STYLE_COLOUR ( '', #2853 ) ;
#1479 = ORIENTED_EDGE ( 'NONE', *, *, #1047, .F. ) ;
#1480 = LINE ( 'NONE', #1602, #2552 ) ;
#1481 = DIRECTION ( 'NONE',  ( 0.9876883405951379900, -7.050661348621145500E-016, 0.1564344650402284300 ) ) ;
#1482 = DIRECTION ( 'NONE',  ( 0.0000000000000000000, 3.172065784643291600E-015, -1.000000000000000000 ) ) ;
#1483 = ORIENTED_EDGE ( 'NONE', *, *, #1833, .F. ) ;
#1484 = PRODUCT ( 'IRB660_180-315_LINK_CAD_rev02', 'IRB660_180-315_LINK_CAD_rev02', '', ( #846 ) ) ;
#1485 = VECTOR ( 'NONE', #1463, 1000.000000000000000 ) ;
#1486 = DIRECTION ( 'NONE',  ( 0.0000000000000000000, 1.000000000000000000, 3.491483361109382100E-015 ) ) ;
#1487 = CARTESIAN_POINT ( 'NONE',  ( 122.3380243003129200, -292.6307074716226000, 2321.986736979076800 ) ) ;
#1488 = AXIS2_PLACEMENT_3D ( 'NONE', #2298, #2386, #2223 ) ;
#1489 = CARTESIAN_POINT ( 'NONE',  ( 644.7199994035461300, -175.5000000000364100, 2369.254424358940500 ) ) ;
#1490 = EDGE_CURVE ( 'NONE', #116, #1533, #1894, .T. ) ;
#1491 = CARTESIAN_POINT ( 'NONE',  ( 644.7199994035462400, -234.5000000000365200, 2419.495202287244000 ) ) ;
#1492 = CARTESIAN_POINT ( 'NONE',  ( 157.6494810315634800, -321.8257125703515800, 2325.519908952580400 ) ) ;
#1493 = VERTEX_POINT ( 'NONE', #475 ) ;
#1494 = CARTESIAN_POINT ( 'NONE',  ( -90.35356259028093000, -300.5000000000361500, 2287.882146112606300 ) ) ;
#1495 = MECHANICAL_DESIGN_GEOMETRIC_PRESENTATION_REPRESENTATION (  '', ( #528 ), #2057 ) ;
#1496 = SURFACE_STYLE_FILL_AREA ( #2841 ) ;
#1497 = PRESENTATION_STYLE_ASSIGNMENT (( #47 ) ) ;
#1498 = SURFACE_SIDE_STYLE ('',( #417 ) ) ;
#1499 = AXIS2_PLACEMENT_3D ( 'NONE', #1395, #1408, #1465 ) ;
#1500 = FILL_AREA_STYLE_COLOUR ( '', #2257 ) ;
#1501 = PLANE ( 'NONE',  #1507 ) ;
#1502 = DIRECTION ( 'NONE',  ( 0.0000000000000000000, -2.819794875562402500E-015, 1.000000000000000000 ) ) ;
#1503 = DIRECTION ( 'NONE',  ( 5.556391702521489800E-016, 1.000000000000000000, 3.333835021512904100E-015 ) ) ;
#1504 = SURFACE_STYLE_FILL_AREA ( #1807 ) ;
#1505 = CARTESIAN_POINT ( 'NONE',  ( -117.2327345550499400, -356.7500000000363800, 2248.572967037159700 ) ) ;
#1506 = CARTESIAN_POINT ( 'NONE',  ( 143.5101215583179300, -288.8988318413199200, 2325.328227689619800 ) ) ;
#1507 = AXIS2_PLACEMENT_3D ( 'NONE', #2060, #2350, #2104 ) ;
#1508 = PLANE ( 'NONE',  #88 ) ;
#1509 = CARTESIAN_POINT ( 'NONE',  ( 222.0938386947472300, -274.0586195258706500, 2073.874952350969600 ) ) ;
#1510 = SURFACE_SIDE_STYLE ('',( #353 ) ) ;
#1511 = EDGE_LOOP ( 'NONE', ( #703, #689 ) ) ;
#1512 = MECHANICAL_DESIGN_GEOMETRIC_PRESENTATION_REPRESENTATION (  '', ( #1954 ), #1466 ) ;
#1513 = DIRECTION ( 'NONE',  ( 0.0000000000000000000, -1.000000000000000000, -3.491483361109382100E-015 ) ) ;
#1514 = UNCERTAINTY_MEASURE_WITH_UNIT (LENGTH_MEASURE( 1.000000000000000100E-005 ), #2166, 'distance_accuracy_value', 'NONE');
#1515 = PLANE ( 'NONE',  #632 ) ;
#1516 = FILL_AREA_STYLE ('',( #1306 ) ) ;
#1517 = ORIENTED_EDGE ( 'NONE', *, *, #412, .F. ) ;
#1518 = DIRECTION ( 'NONE',  ( 0.0000000000000000000, -1.000000000000000000, -3.491483361109382500E-015 ) ) ;
#1519 = EDGE_CURVE ( 'NONE', #1740, #1454, #2518, .T. ) ;
#1520 = CARTESIAN_POINT ( 'NONE',  ( -117.2327345550499300, -344.9996716050670800, 2198.620449105363600 ) ) ;
#1521 = CARTESIAN_POINT ( 'NONE',  ( 129.7783356423835800, -311.2179995429997300, 2322.135471444056300 ) ) ;
#1522 = CIRCLE ( 'NONE', #2568, 28.00000000000002500 ) ;
#1523 = DIRECTION ( 'NONE',  ( -0.0000000000000000000, 1.000000000000000000, 3.491483361109382100E-015 ) ) ;
#1524 = PRESENTATION_STYLE_ASSIGNMENT (( #2169 ) ) ;
#1525 = CARTESIAN_POINT ( 'NONE',  ( -117.2327345550499400, -341.0000000000359800, 2283.572967037159700 ) ) ;
#1526 =( BOUNDED_CURVE ( )  B_SPLINE_CURVE ( 3, ( #133, #130, #108, #96 ),
 .UNSPECIFIED., .F., .F. ) 
 B_SPLINE_CURVE_WITH_KNOTS ( ( 4, 4 ),
 ( 4.610982854080277500, 4.790473103407279600 ),
 .UNSPECIFIED. ) 
 CURVE ( )  GEOMETRIC_REPRESENTATION_ITEM ( )  RATIONAL_B_SPLINE_CURVE ( ( 1.000000000000000000, 0.9973170723253046400, 0.9973170723253046400, 1.000000000000000000 ) ) 
 REPRESENTATION_ITEM ( '' )  );
#1527 = STYLED_ITEM ( 'NONE', ( #20 ), #424 ) ;
#1528 = CARTESIAN_POINT ( 'NONE',  ( -117.2327345550499400, -123.5786437627263700, 2228.572967037160200 ) ) ;
#1529 = ORIENTED_EDGE ( 'NONE', *, *, #1319, .T. ) ;
#1530 =( NAMED_UNIT ( * ) SI_UNIT ( $, .STERADIAN. ) SOLID_ANGLE_UNIT ( ) );
#1531 = ORIENTED_EDGE ( 'NONE', *, *, #747, .F. ) ;
#1532 =( GEOMETRIC_REPRESENTATION_CONTEXT ( 3 ) GLOBAL_UNCERTAINTY_ASSIGNED_CONTEXT ( ( #2165 ) ) GLOBAL_UNIT_ASSIGNED_CONTEXT ( ( #212, #208, #205 ) ) REPRESENTATION_CONTEXT ( 'NONE', 'WORKASPACE' ) );
#1533 = VERTEX_POINT ( 'NONE', #587 ) ;
#1534 = DIRECTION ( 'NONE',  ( 0.0000000000000000000, 3.497104020278760600E-015, -1.000000000000000000 ) ) ;
#1535 = ORIENTED_EDGE ( 'NONE', *, *, #2755, .T. ) ;
#1536 = DIRECTION ( 'NONE',  ( -1.460819769243617100E-015, -1.000000000000000000, -2.556434596176285100E-015 ) ) ;
#1537 = CARTESIAN_POINT ( 'NONE',  ( 122.4932340522791500, -312.0357337435625600, 2320.981668741959800 ) ) ;
#1538 = DIRECTION ( 'NONE',  ( 8.286767271568948000E-016, 1.000000000000000000, 3.590932484346558600E-015 ) ) ;
#1539 = CARTESIAN_POINT ( 'NONE',  ( 644.7199994035462400, -184.5000000000360700, 2369.254424358939600 ) ) ;
#1540 = EDGE_CURVE ( 'NONE', #1051, #2551, #686, .T. ) ;
#1541 = CARTESIAN_POINT ( 'NONE',  ( 164.1974780922749600, -311.4117658565859900, 2098.191516070870400 ) ) ;
#1542 = AXIS2_PLACEMENT_3D ( 'NONE', #1338, #1334, #1333 ) ;
#1543 = CARTESIAN_POINT ( 'NONE',  ( -117.2327345550499400, -400.2500000000359300, 2248.572967037159300 ) ) ;
#1544 = SURFACE_SIDE_STYLE ('',( #2783 ) ) ;
#1545 = EDGE_CURVE ( 'NONE', #902, #1692, #1313, .T. ) ;
#1546 = CARTESIAN_POINT ( 'NONE',  ( 644.7199994035461300, -144.7500000000363200, 2334.254424358940500 ) ) ;
#1547 = DIRECTION ( 'NONE',  ( 0.0000000000000000000, 2.191229653865425900E-015, -1.000000000000000000 ) ) ;
#1548 = DIRECTION ( 'NONE',  ( -1.460819769243617100E-015, -1.000000000000000000, -2.556434596176285100E-015 ) ) ;
#1549 = CARTESIAN_POINT ( 'NONE',  ( 148.9996809101604900, -350.6913524997502800, 2106.505793190298800 ) ) ;
#1550 = MECHANICAL_DESIGN_GEOMETRIC_PRESENTATION_REPRESENTATION (  '', ( #1243 ), #1849 ) ;
#1551 = DIRECTION ( 'NONE',  ( 0.0000000000000000000, 3.172065784643291600E-015, -1.000000000000000000 ) ) ;
#1552 = VECTOR ( 'NONE', #402, 1000.000000000000100 ) ;
#1553 = CARTESIAN_POINT ( 'NONE',  ( 364.4992722322301100, -206.3948166986606900, 2088.513860291237100 ) ) ;
#1554 = CARTESIAN_POINT ( 'NONE',  ( 644.7199994035460100, -184.5000000000364700, 2369.254424358940500 ) ) ;
#1555 = CARTESIAN_POINT ( 'NONE',  ( 164.9438872016041300, -350.0649707989572300, 2100.074731289722900 ) ) ;
#1556 = ORIENTED_EDGE ( 'NONE', *, *, #2401, .F. ) ;
#1557 =( BOUNDED_CURVE ( )  B_SPLINE_CURVE ( 3, ( #1137, #92, #1206, #915 ),
 .UNSPECIFIED., .F., .T. ) 
 B_SPLINE_CURVE_WITH_KNOTS ( ( 4, 4 ),
 ( 3.091155634402883200, 4.849020987346690100 ),
 .UNSPECIFIED. ) 
 CURVE ( )  GEOMETRIC_REPRESENTATION_ITEM ( )  RATIONAL_B_SPLINE_CURVE ( ( 1.000000000000000000, 0.7586489392447535200, 0.7586489392447535200, 1.000000000000000000 ) ) 
 REPRESENTATION_ITEM ( '' )  );
#1558 = VECTOR ( 'NONE', #1749, 1000.000000000000100 ) ;
#1559 = AXIS2_PLACEMENT_3D ( 'NONE', #2354, #2351, #2358 ) ;
#1560 = CARTESIAN_POINT ( 'NONE',  ( 644.7199994035460100, -184.5000000000364700, 2369.254424358940500 ) ) ;
#1561 = ORIENTED_EDGE ( 'NONE', *, *, #855, .T. ) ;
#1562 = CARTESIAN_POINT ( 'NONE',  ( 149.0034375997767000, -350.8827049994649800, 2106.515091323379700 ) ) ;
#1563 = DIRECTION ( 'NONE',  ( -0.0000000000000000000, 1.000000000000000000, 3.491483361109382500E-015 ) ) ;
#1564 = DIRECTION ( 'NONE',  ( 0.0000000000000000000, 1.000000000000000000, 3.491483361109382500E-015 ) ) ;
#1565 = CYLINDRICAL_SURFACE ( 'NONE', #2777, 38.49999999999997900 ) ;
#1566 = EDGE_LOOP ( 'NONE', ( #503, #1965, #2222, #2992 ) ) ;
#1567 = MECHANICAL_DESIGN_GEOMETRIC_PRESENTATION_REPRESENTATION (  '', ( #1860 ), #772 ) ;
#1568 = CARTESIAN_POINT ( 'NONE',  ( 644.7199994035460100, -184.5000000000365500, 2407.254424358940900 ) ) ;
#1569 = CARTESIAN_POINT ( 'NONE',  ( 164.9401921070035000, -349.8736182992424800, 2100.065408442104900 ) ) ;
#1570 = AXIS2_PLACEMENT_3D ( 'NONE', #45, #2974, #2970 ) ;
#1571 = DIRECTION ( 'NONE',  ( 0.0000000000000000000, 2.191229653865425900E-015, -1.000000000000000000 ) ) ;
#1572 = CARTESIAN_POINT ( 'NONE',  ( -117.2327345550499400, -341.0000000000358700, 2248.572967037159300 ) ) ;
#1573 = DIRECTION ( 'NONE',  ( -0.008187147317233290500, 0.9986295347545723900, 0.05169161377508059400 ) ) ;
#1574 = CARTESIAN_POINT ( 'NONE',  ( -117.2327345550499400, -123.5786437627265100, 2268.572967037160200 ) ) ;
#1575 = PRESENTATION_LAYER_ASSIGNMENT (  '', '', ( #2506 ) ) ;
#1576 = DIRECTION ( 'NONE',  ( 0.0000000000000000000, 1.000000000000000000, 3.491483361109382500E-015 ) ) ;
#1577 = CARTESIAN_POINT ( 'NONE',  ( 157.5153586392821400, -302.4206862984116200, 2326.528000208161300 ) ) ;
#1578 = CARTESIAN_POINT ( 'NONE',  ( -117.2327345550499400, -356.7500000000360400, 2248.572967037159300 ) ) ;
#1579 = CARTESIAN_POINT ( 'NONE',  ( 115.2871202912448500, -321.7382468795325400, 2319.325506923716600 ) ) ;
#1580 = CARTESIAN_POINT ( 'NONE',  ( 195.2829275927901700, -341.2676575543140400, 2087.816958756589400 ) ) ;
#1581 = DIRECTION ( 'NONE',  ( 0.0000000000000000000, -1.000000000000000000, -3.491483361109382100E-015 ) ) ;
#1582 = CARTESIAN_POINT ( 'NONE',  ( 150.9277310815463100, -305.5733790596511900, 2325.484861917661400 ) ) ;
#1583 = CARTESIAN_POINT ( 'NONE',  ( 300.0000000000043200, -205.0000000000355600, 2145.119656574509900 ) ) ;
#1584 = CARTESIAN_POINT ( 'NONE',  ( 188.0753240311506400, -344.2289449056779100, 2090.718207064735000 ) ) ;
#1585 =( GEOMETRIC_REPRESENTATION_CONTEXT ( 3 ) GLOBAL_UNCERTAINTY_ASSIGNED_CONTEXT ( ( #719 ) ) GLOBAL_UNIT_ASSIGNED_CONTEXT ( ( #1765, #2031, #854 ) ) REPRESENTATION_CONTEXT ( 'NONE', 'WORKASPACE' ) );
#1586 = EDGE_LOOP ( 'NONE', ( #2836, #1655 ) ) ;
#1587 = DIRECTION ( 'NONE',  ( 0.0000000000000000000, 3.604620209821938900E-015, -1.000000000000000000 ) ) ;
#1588 = CONICAL_SURFACE ( 'NONE', #2102, 65.11965657451091300, 0.04363323129986057500 ) ;
#1589 = DIRECTION ( 'NONE',  ( -0.0000000000000000000, 1.000000000000000000, 3.491483361109382500E-015 ) ) ;
#1590 = CARTESIAN_POINT ( 'NONE',  ( 115.0484855374336600, -292.6307074716226000, 2320.832187462046000 ) ) ;
#1591 = VERTEX_POINT ( 'NONE', #371 ) ;
#1592 = AXIS2_PLACEMENT_3D ( 'NONE', #2695, #2701, #2665 ) ;
#1593 = CARTESIAN_POINT ( 'NONE',  ( 644.7199994035461300, -144.7500000000364400, 2369.254424358940500 ) ) ;
#1594 = LINE ( 'NONE', #842, #583 ) ;
#1595 = DIRECTION ( 'NONE',  ( -0.8927216380366920200, -0.4278504822549199500, -0.1413932170060430400 ) ) ;
#1596 = LINE ( 'NONE', #1078, #968 ) ;
#1597 = CARTESIAN_POINT ( 'NONE',  ( 188.0717279492803000, -344.0375923905091900, 2090.708845555465400 ) ) ;
#1598 = DIRECTION ( 'NONE',  ( 0.0000000000000000000, -1.000000000000000000, -3.491483361109382100E-015 ) ) ;
#1599 = FILL_AREA_STYLE_COLOUR ( '', #930 ) ;
#1600 = VERTEX_POINT ( 'NONE', #289 ) ;
#1601 = VERTEX_POINT ( 'NONE', #282 ) ;
#1602 = CARTESIAN_POINT ( 'NONE',  ( -117.2327345550499400, -278.6055556973075800, 2210.072967037159700 ) ) ;
#1603 = CARTESIAN_POINT ( 'NONE',  ( 156.9702399247666200, -350.6913524998695400, 2103.285478313796400 ) ) ;
#1604 = VERTEX_POINT ( 'NONE', #309 ) ;
#1605 = CARTESIAN_POINT ( 'NONE',  ( 195.2758113546474000, -340.8849525548846500, 2087.798206926348900 ) ) ;
#1606 = CYLINDRICAL_SURFACE ( 'NONE', #1570, 35.00000000000014200 ) ;
#1607 = MECHANICAL_DESIGN_GEOMETRIC_PRESENTATION_REPRESENTATION (  '', ( #1140 ), #1447 ) ;
#1608 = CARTESIAN_POINT ( 'NONE',  ( 644.7199994035461300, -169.7500000000363800, 2349.254424358940500 ) ) ;
#1609 = CARTESIAN_POINT ( 'NONE',  ( 164.9364970124028700, -349.6822657995277800, 2100.056085594486800 ) ) ;
#1610 = FACE_OUTER_BOUND ( 'NONE', #725, .T. ) ;
#1611 = CARTESIAN_POINT ( 'NONE',  ( 143.8528304542304000, -288.5817051383864400, 2325.393987821722500 ) ) ;
#1612 = CARTESIAN_POINT ( 'NONE',  ( 399.0475133891576400, -190.2922875975767200, 2117.656328080293000 ) ) ;
#1613 = CARTESIAN_POINT ( 'NONE',  ( 188.0789201130209800, -344.4202974208466200, 2090.727568574004600 ) ) ;
#1614 = DIRECTION ( 'NONE',  ( 0.0000000000000000000, -3.172065784643291600E-015, 1.000000000000000000 ) ) ;
#1615 = UNCERTAINTY_MEASURE_WITH_UNIT (LENGTH_MEASURE( 1.000000000000000100E-005 ), #2094, 'distance_accuracy_value', 'NONE');
#1616 = CARTESIAN_POINT ( 'NONE',  ( 156.9739658270156900, -350.8827049995842300, 2103.294788885781100 ) ) ;
#1617 = EDGE_CURVE ( 'NONE', #1895, #2957, #128, .T. ) ;
#1618 = CARTESIAN_POINT ( 'NONE',  ( 392.0384113715211900, -192.5419616441037900, 2111.673072483274600 ) ) ;
#1619 = CARTESIAN_POINT ( 'NONE',  ( 180.4894857346699000, -346.4509976667442300, 2093.772270260544200 ) ) ;
#1620 = DIRECTION ( 'NONE',  ( -8.516371220737849600E-016, 0.9990482215818575800, 0.04361938736534131500 ) ) ;
#1621 = CARTESIAN_POINT ( 'NONE',  ( 129.6270044572878000, -291.8129732710598300, 2323.141131769867100 ) ) ;
#1622 = VERTEX_POINT ( 'NONE', #312 ) ;
#1623 = CARTESIAN_POINT ( 'NONE',  ( 180.4967460670882200, -346.8337026661736200, 2093.790966902500700 ) ) ;
#1624 = CIRCLE ( 'NONE', #2348, 47.62038896415221200 ) ;
#1625 = ORIENTED_EDGE ( 'NONE', *, *, #1545, .T. ) ;
#1626 = DIRECTION ( 'NONE',  ( 0.0000000000000000000, 2.883696167857551000E-015, -1.000000000000000000 ) ) ;
#1627 = CARTESIAN_POINT ( 'NONE',  ( -84.63839063760714500, -344.9996716050674200, 2286.426141175109000 ) ) ;
#1628 = SURFACE_STYLE_FILL_AREA ( #2058 ) ;
#1629 = CARTESIAN_POINT ( 'NONE',  ( 644.7199994035461300, -138.2500000000364700, 2369.254424358940500 ) ) ;
#1630 = CARTESIAN_POINT ( 'NONE',  ( 180.4931159008790500, -346.6423501664589300, 2093.781618581522300 ) ) ;
#1631 = ORIENTED_EDGE ( 'NONE', *, *, #2143, .F. ) ;
#1632 = AXIS2_PLACEMENT_3D ( 'NONE', #669, #616, #429 ) ;
#1633 = DIRECTION ( 'NONE',  ( 0.0000000000000000000, 3.491483361109382500E-015, -1.000000000000000000 ) ) ;
#1634 = ORIENTED_EDGE ( 'NONE', *, *, #2796, .T. ) ;
#1635 = FILL_AREA_STYLE_COLOUR ( '', #350 ) ;
#1636 = DIRECTION ( 'NONE',  ( -0.0000000000000000000, 1.000000000000000000, 3.491483361109382100E-015 ) ) ;
#1637 = CARTESIAN_POINT ( 'NONE',  ( -117.2327345550499400, -387.5000000000360400, 2287.072967037159300 ) ) ;
#1638 = MECHANICAL_DESIGN_GEOMETRIC_PRESENTATION_REPRESENTATION (  '', ( #1343 ), #1788 ) ;
#1639 = CARTESIAN_POINT ( 'NONE',  ( -117.2327345550499400, -393.7500000000359300, 2248.572967037159300 ) ) ;
#1640 = UNCERTAINTY_MEASURE_WITH_UNIT (LENGTH_MEASURE( 1.000000000000000100E-005 ), #1746, 'distance_accuracy_value', 'NONE');
#1641 = EDGE_CURVE ( 'NONE', #383, #682, #2438, .T. ) ;
#1642 = AXIS2_PLACEMENT_3D ( 'NONE', #2872, #2874, #2845 ) ;
#1643 =( NAMED_UNIT ( * ) PLANE_ANGLE_UNIT ( ) SI_UNIT ( $, .RADIAN. ) );
#1644 = CYLINDRICAL_SURFACE ( 'NONE', #2693, 20.00000000000001800 ) ;
#1645 = STYLED_ITEM ( 'NONE', ( #2276 ), #127 ) ;
#1646 = CARTESIAN_POINT ( 'NONE',  ( 195.2793694737187900, -341.0763050545993500, 2087.807582841469000 ) ) ;
#1647 = CARTESIAN_POINT ( 'NONE',  ( -117.2327345550499400, -278.6055556973078100, 2287.072967037159700 ) ) ;
#1648 = UNCERTAINTY_MEASURE_WITH_UNIT (LENGTH_MEASURE( 1.000000000000000100E-005 ), #2186, 'distance_accuracy_value', 'NONE');
#1649 = VERTEX_POINT ( 'NONE', #216 ) ;
#1650 = PRESENTATION_LAYER_ASSIGNMENT (  '', '', ( #1370 ) ) ;
#1651 = PRESENTATION_STYLE_ASSIGNMENT (( #1471 ) ) ;
#1652 = CARTESIAN_POINT ( 'NONE',  ( 644.7199994035461300, -169.7500000000365500, 2389.254424358940500 ) ) ;
#1653 = CARTESIAN_POINT ( 'NONE',  ( 644.7199994035461300, -138.2500000000365800, 2407.754424358940500 ) ) ;
#1654 = DIRECTION ( 'NONE',  ( -0.9058808402388923700, -0.4235326472517534400, 0.0000000000000000000 ) ) ;
#1655 = ORIENTED_EDGE ( 'NONE', *, *, #1958, .T. ) ;
#1656 = LINE ( 'NONE', #1046, #2798 ) ;
#1657 = CIRCLE ( 'NONE', #2910, 20.00000000000001800 ) ;
#1658 = AXIS2_PLACEMENT_3D ( 'NONE', #2907, #2917, #2916 ) ;
#1659 = CARTESIAN_POINT ( 'NONE',  ( 435.9038558998618100, -184.5000000000356400, 2148.842541079548500 ) ) ;
#1660 = FILL_AREA_STYLE_COLOUR ( '', #48 ) ;
#1661 = STYLED_ITEM ( 'NONE', ( #2896 ), #176 ) ;
#1662 = SURFACE_STYLE_FILL_AREA ( #2570 ) ;
#1663 = ORIENTED_EDGE ( 'NONE', *, *, #546, .F. ) ;
#1664 = ORIENTED_EDGE ( 'NONE', *, *, #1681, .T. ) ;
#1665 = CARTESIAN_POINT ( 'NONE',  ( 378.6065628741552600, -198.9225711677615900, 2100.351282665787000 ) ) ;
#1666 = CARTESIAN_POINT ( 'NONE',  ( 385.2095929844580300, -195.4251269394933100, 2105.891882795994200 ) ) ;
#1667 =( NAMED_UNIT ( * ) PLANE_ANGLE_UNIT ( ) SI_UNIT ( $, .RADIAN. ) );
#1668 = COLOUR_RGB ( '',0.8431372549019607900, 0.8431372549019607900, 0.8431372549019607900 ) ;
#1669 = ORIENTED_EDGE ( 'NONE', *, *, #1473, .T. ) ;
#1670 = EDGE_CURVE ( 'NONE', #1237, #501, #2985, .T. ) ;
#1671 = CARTESIAN_POINT ( 'NONE',  ( -90.35356259028027600, -300.5000000000362100, 2287.882146112606300 ) ) ;
#1672 = DIRECTION ( 'NONE',  ( 0.1564344650402312900, 3.448497407149659400E-015, -0.9876883405951376600 ) ) ;
#1673 = CARTESIAN_POINT ( 'NONE',  ( -117.2327345550499600, -300.5000000000362700, 2296.193356001312600 ) ) ;
#1674 = EDGE_CURVE ( 'NONE', #1649, #366, #1526, .T. ) ;
#1675 = DIRECTION ( 'NONE',  ( -0.4225829328411913600, 0.9038495255484912900, -0.06693056130875028900 ) ) ;
#1676 = B_SPLINE_CURVE_WITH_KNOTS ( 'NONE', 3,
 ( #1347, #1330, #1315, #1310, #1307, #1302 ),
 .UNSPECIFIED., .F., .F.,
 ( 4, 2, 4 ),
 ( 2.220446049250313100E-016, 0.02521545145619667700, 0.05043090291239313300 ),
 .UNSPECIFIED. ) ;
#1677 = CARTESIAN_POINT ( 'NONE',  ( -117.2327345550499400, -356.7500000000362700, 2209.200492314021600 ) ) ;
#1678 = CARTESIAN_POINT ( 'NONE',  ( 163.8507451048748500, -198.9225711677665300, 3456.266152391851800 ) ) ;
#1679 = PRESENTATION_LAYER_ASSIGNMENT (  '', '', ( #1829 ) ) ;
#1680 = CARTESIAN_POINT ( 'NONE',  ( 601.4593604545322000, -234.5000000000364700, 2394.801496296135200 ) ) ;
#1681 = EDGE_CURVE ( 'NONE', #189, #763, #2366, .T. ) ;
#1682 = DIRECTION ( 'NONE',  ( 0.0000000000000000000, 1.000000000000000000, 3.491483361109382100E-015 ) ) ;
#1683 = CARTESIAN_POINT ( 'NONE',  ( 432.7917900923669100, -184.5000000000356100, 2146.227976050681700 ) ) ;
#1684 = SURFACE_SIDE_STYLE ('',( #573 ) ) ;
#1685 = DIRECTION ( 'NONE',  ( 0.0000000000000000000, 3.172065784643291600E-015, -1.000000000000000000 ) ) ;
#1686 = CARTESIAN_POINT ( 'NONE',  ( 420.3999280221777900, -185.4667541084633600, 2135.783211808256500 ) ) ;
#1687 = EDGE_CURVE ( 'NONE', #1118, #751, #672, .T. ) ;
#1688 = UNCERTAINTY_MEASURE_WITH_UNIT (LENGTH_MEASURE( 1.000000000000000100E-005 ), #2046, 'distance_accuracy_value', 'NONE');
#1689 = EDGE_LOOP ( 'NONE', ( #135, #210, #367, #381 ) ) ;
#1690 = FILL_AREA_STYLE ('',( #232 ) ) ;
#1691 = CIRCLE ( 'NONE', #315, 28.00000000000002500 ) ;
#1692 = VERTEX_POINT ( 'NONE', #46 ) ;
#1693 = DIRECTION ( 'NONE',  ( -0.0000000000000000000, 1.000000000000000000, 3.491483361109382500E-015 ) ) ;
#1694 = CARTESIAN_POINT ( 'NONE',  ( 429.6869659996532400, -184.6211502604998900, 2143.615321151374700 ) ) ;
#1695 = CARTESIAN_POINT ( 'NONE',  ( -117.2327345550499400, -356.7500000000360400, 2248.572967037159300 ) ) ;
#1696 = CARTESIAN_POINT ( 'NONE',  ( 658.6867553989692400, -184.5000000000357300, 2335.780216050120500 ) ) ;
#1697 = MECHANICAL_DESIGN_GEOMETRIC_PRESENTATION_REPRESENTATION (  '', ( #1145 ), #1851 ) ;
#1698 = ORIENTED_EDGE ( 'NONE', *, *, #1462, .F. ) ;
#1699 = ORIENTED_EDGE ( 'NONE', *, *, #2871, .F. ) ;
#1700 = COLOUR_RGB ( '',0.8431372549019607900, 0.8431372549019607900, 0.8431372549019607900 ) ;
#1701 = CARTESIAN_POINT ( 'NONE',  ( 300.0000000000043200, -414.1959594929285800, 2051.999999999998200 ) ) ;
#1702 = VERTEX_POINT ( 'NONE', #1972 ) ;
#1703 = SURFACE_STYLE_USAGE ( .BOTH. , #2889 ) ;
#1704 = VERTEX_POINT ( 'NONE', #812 ) ;
#1705 = MECHANICAL_DESIGN_GEOMETRIC_PRESENTATION_REPRESENTATION (  '', ( #769 ), #2460 ) ;
#1706 = FACE_OUTER_BOUND ( 'NONE', #218, .T. ) ;
#1707 = DIRECTION ( 'NONE',  ( 0.0000000000000000000, 2.775557561562889000E-015, -1.000000000000000000 ) ) ;
#1708 = CARTESIAN_POINT ( 'NONE',  ( -117.2327345550499400, -400.2500000000358100, 2213.572967037159300 ) ) ;
#1709 = FILL_AREA_STYLE_COLOUR ( '', #563 ) ;
#1710 = SURFACE_STYLE_FILL_AREA ( #238 ) ;
#1711 = DIRECTION ( 'NONE',  ( -0.0000000000000000000, 1.000000000000000000, 3.491483361109382100E-015 ) ) ;
#1712 = CARTESIAN_POINT ( 'NONE',  ( -117.2327345550499400, -362.5000000000360400, 2248.572967037159300 ) ) ;
#1713 = CARTESIAN_POINT ( 'NONE',  ( 423.4918648145614400, -185.1043906974384500, 2138.393638217121900 ) ) ;
#1714 = DIRECTION ( 'NONE',  ( 0.0000000000000000000, -1.000000000000000000, -3.491483361109382100E-015 ) ) ;
#1715 = CARTESIAN_POINT ( 'NONE',  ( 150.7888462804008900, -286.1683506963682900, 2326.492319664948800 ) ) ;
#1716 = AXIS2_PLACEMENT_3D ( 'NONE', #2066, #2067, #2064 ) ;
#1717 = CARTESIAN_POINT ( 'NONE',  ( -58.38866899926343700, -350.5000000000401300, 3415.871284619043300 ) ) ;
#1718 = DIRECTION ( 'NONE',  ( 0.0000000000000000000, 1.000000000000000000, 3.491483361109382500E-015 ) ) ;
#1719 = DIRECTION ( 'NONE',  ( 0.7660444431189815700, -0.0000000000000000000, 0.6427876096865349200 ) ) ;
#1720 = CARTESIAN_POINT ( 'NONE',  ( -117.2327345550499400, -356.7500000000361500, 2283.572967037159700 ) ) ;
#1721 =( LENGTH_UNIT ( ) NAMED_UNIT ( * ) SI_UNIT ( .MILLI., .METRE. ) );
#1722 = ORIENTED_EDGE ( 'NONE', *, *, #603, .F. ) ;
#1723 = SURFACE_STYLE_FILL_AREA ( #2975 ) ;
#1724 = LINE ( 'NONE', #1494, #502 ) ;
#1725 = DIRECTION ( 'NONE',  ( 0.0000000000000000000, 3.604620209821938900E-015, -1.000000000000000000 ) ) ;
#1726 = CARTESIAN_POINT ( 'NONE',  ( 411.1730382244898600, -187.0367808385534300, 2127.973622089584800 ) ) ;
#1727 = EDGE_LOOP ( 'NONE', ( #1699, #2793, #1923, #904 ) ) ;
#1728 = CIRCLE ( 'NONE', #1943, 49.95251793179633600 ) ;
#1729 = VECTOR ( 'NONE', #1135, 1000.000000000000100 ) ;
#1730 = CARTESIAN_POINT ( 'NONE',  ( 414.2386731427304800, -186.4332805427092700, 2130.571637857456200 ) ) ;
#1731 = ORIENTED_EDGE ( 'NONE', *, *, #1351, .F. ) ;
#1732 = UNCERTAINTY_MEASURE_WITH_UNIT (LENGTH_MEASURE( 1.000000000000000100E-005 ), #2071, 'distance_accuracy_value', 'NONE');
#1733 =( NAMED_UNIT ( * ) SI_UNIT ( $, .STERADIAN. ) SOLID_ANGLE_UNIT ( ) );
#1734 = FILL_AREA_STYLE_COLOUR ( '', #262 ) ;
#1735 = PRESENTATION_STYLE_ASSIGNMENT (( #2197 ) ) ;
#1736 = AXIS2_PLACEMENT_3D ( 'NONE', #866, #2036, #1372 ) ;
#1737 = DIRECTION ( 'NONE',  ( -0.0000000000000000000, 1.000000000000000000, 3.491483361109382500E-015 ) ) ;
#1738 = CARTESIAN_POINT ( 'NONE',  ( 644.7199994035461300, -144.7500000000364400, 2369.254424358940500 ) ) ;
#1739 =( NAMED_UNIT ( * ) PLANE_ANGLE_UNIT ( ) SI_UNIT ( $, .RADIAN. ) );
#1740 = VERTEX_POINT ( 'NONE', #3 ) ;
#1741 = ORIENTED_EDGE ( 'NONE', *, *, #533, .T. ) ;
#1742 = B_SPLINE_CURVE_WITH_KNOTS ( 'NONE', 3,
 ( #804, #6, #1930, #1922 ),
 .UNSPECIFIED., .F., .F.,
 ( 4, 4 ),
 ( 1.475229079552588200E-016, 0.008501495033570800200 ),
 .UNSPECIFIED. ) ;
#1743 = EDGE_LOOP ( 'NONE', ( #810, #758, #1248, #2763 ) ) ;
#1744 = FILL_AREA_STYLE_COLOUR ( '', #2283 ) ;
#1745 = AXIS2_PLACEMENT_3D ( 'NONE', #1902, #1901, #1898 ) ;
#1746 =( LENGTH_UNIT ( ) NAMED_UNIT ( * ) SI_UNIT ( .MILLI., .METRE. ) );
#1747 = EDGE_CURVE ( 'NONE', #2018, #2329, #1766, .T. ) ;
#1748 = DIRECTION ( 'NONE',  ( 0.1564344650402312900, 3.448497407149659400E-015, -0.9876883405951376600 ) ) ;
#1749 = DIRECTION ( 'NONE',  ( 1.671042364370286900E-015, -0.9986295347545743900, 0.05233595624293521000 ) ) ;
#1750 =( NAMED_UNIT ( * ) SI_UNIT ( $, .STERADIAN. ) SOLID_ANGLE_UNIT ( ) );
#1751 = PRESENTATION_LAYER_ASSIGNMENT (  '', '', ( #1890 ) ) ;
#1752 = COLOUR_RGB ( '',0.8431372549019607900, 0.8431372549019607900, 0.8431372549019607900 ) ;
#1753 = CARTESIAN_POINT ( 'NONE',  ( 399.0475133891576400, -190.2922875975767200, 2117.656328080293000 ) ) ;
#1754 = CARTESIAN_POINT ( 'NONE',  ( 194.2309769385567200, -284.6946808703822900, 2085.044988553491300 ) ) ;
#1755 = CARTESIAN_POINT ( 'NONE',  ( 644.7199994035461300, -138.2500000000364400, 2369.254424358940500 ) ) ;
#1756 = AXIS2_PLACEMENT_3D ( 'NONE', #1246, #1227, #813 ) ;
#1757 = CARTESIAN_POINT ( 'NONE',  ( 405.0768659865395300, -188.4848692646726200, 2122.795919911201500 ) ) ;
#1758 = DIRECTION ( 'NONE',  ( 0.0000000000000000000, 4.662805360371637700E-015, -1.000000000000000000 ) ) ;
#1759 = DIRECTION ( 'NONE',  ( -0.0000000000000000000, -1.000000000000000000, -3.491483361109382100E-015 ) ) ;
#1760 = PRESENTATION_STYLE_ASSIGNMENT (( #2829 ) ) ;
#1761 = ORIENTED_EDGE ( 'NONE', *, *, #855, .F. ) ;
#1762 = DIRECTION ( 'NONE',  ( -1.666917510756447100E-015, 1.000000000000000000, 5.000752532269348700E-015 ) ) ;
#1763 = EDGE_CURVE ( 'NONE', #792, #1118, #1742, .T. ) ;
#1764 = CARTESIAN_POINT ( 'NONE',  ( -117.2327345550500000, -300.5000000000361000, 2248.572967037160200 ) ) ;
#1765 =( LENGTH_UNIT ( ) NAMED_UNIT ( * ) SI_UNIT ( .MILLI., .METRE. ) );
#1766 = CIRCLE ( 'NONE', #1441, 50.24077792830405500 ) ;
#1767 = ORIENTED_EDGE ( 'NONE', *, *, #653, .F. ) ;
#1768 = CARTESIAN_POINT ( 'NONE',  ( 227.2381850310410100, -184.5000000000402500, 3466.305736588162700 ) ) ;
#1769 = CARTESIAN_POINT ( 'NONE',  ( 644.7199994035462400, -184.5000000000359300, 2321.634035394788000 ) ) ;
#1770 = UNCERTAINTY_MEASURE_WITH_UNIT (LENGTH_MEASURE( 1.000000000000000100E-005 ), #2899, 'distance_accuracy_value', 'NONE');
#1771 =( GEOMETRIC_REPRESENTATION_CONTEXT ( 3 ) GLOBAL_UNCERTAINTY_ASSIGNED_CONTEXT ( ( #2069 ) ) GLOBAL_UNIT_ASSIGNED_CONTEXT ( ( #706, #702, #696 ) ) REPRESENTATION_CONTEXT ( 'NONE', 'WORKASPACE' ) );
#1772 = EDGE_LOOP ( 'NONE', ( #2124, #1399, #33, #2702, #594, #2084, #1120, #1234 ) ) ;
#1773 = FILL_AREA_STYLE ('',( #1709 ) ) ;
#1774 = PRESENTATION_STYLE_ASSIGNMENT (( #2626 ) ) ;
#1775 = ORIENTED_EDGE ( 'NONE', *, *, #2637, .T. ) ;
#1776 = CARTESIAN_POINT ( 'NONE',  ( 361.7783928737945300, -262.8709934730729300, 2090.065193416488000 ) ) ;
#1777 = ORIENTED_EDGE ( 'NONE', *, *, #2401, .T. ) ;
#1778 = CARTESIAN_POINT ( 'NONE',  ( 402.0507528352883400, -189.3283538696263100, 2120.220015865029400 ) ) ;
#1779 = CARTESIAN_POINT ( 'NONE',  ( -117.2327345550499400, -278.6055556973076900, 2248.572967037159700 ) ) ;
#1780 = DIRECTION ( 'NONE',  ( 0.0000000000000000000, 3.172065784643291600E-015, -1.000000000000000000 ) ) ;
#1781 = DIRECTION ( 'NONE',  ( -0.0000000000000000000, -1.000000000000000000, -3.491483361109382100E-015 ) ) ;
#1782 =( LENGTH_UNIT ( ) NAMED_UNIT ( * ) SI_UNIT ( .MILLI., .METRE. ) );
#1783 = PRODUCT_DEFINITION_FORMATION_WITH_SPECIFIED_SOURCE ( 'ANY', '', #1484, .NOT_KNOWN. ) ;
#1784 = CARTESIAN_POINT ( 'NONE',  ( 397.1888435589887600, -244.1150474451920300, 2119.778089526255400 ) ) ;
#1785 = CARTESIAN_POINT ( 'NONE',  ( 400.2205885219594800, -242.5092151613553100, 2122.322025606405100 ) ) ;
#1786 = CARTESIAN_POINT ( 'NONE',  ( 403.2995181723234200, -241.1113812010445100, 2124.905507765204200 ) ) ;
#1787 = FILL_AREA_STYLE_COLOUR ( '', #945 ) ;
#1788 =( GEOMETRIC_REPRESENTATION_CONTEXT ( 3 ) GLOBAL_UNCERTAINTY_ASSIGNED_CONTEXT ( ( #1514 ) ) GLOBAL_UNIT_ASSIGNED_CONTEXT ( ( #2166, #1899, #2141 ) ) REPRESENTATION_CONTEXT ( 'NONE', 'WORKASPACE' ) );
#1789 = EDGE_CURVE ( 'NONE', #290, #1895, #2906, .T. ) ;
#1790 = CARTESIAN_POINT ( 'NONE',  ( 409.5473740156896800, -238.7128342309556200, 2130.148083740364200 ) ) ;
#1791 = CARTESIAN_POINT ( 'NONE',  ( 644.7199994035461300, -169.7500000000364700, 2369.254424358940500 ) ) ;
#1792 = SURFACE_STYLE_USAGE ( .BOTH. , #1684 ) ;
#1793 = EDGE_CURVE ( 'NONE', #692, #591, #611, .T. ) ;
#1794 = AXIS2_PLACEMENT_3D ( 'NONE', #314, #244, #311 ) ;
#1795 = DIRECTION ( 'NONE',  ( -0.9271838545667879800, -1.240809482506371900E-015, 0.3746065934159105700 ) ) ;
#1796 = CIRCLE ( 'NONE', #302, 35.00000000000014200 ) ;
#1797 = PRESENTATION_LAYER_ASSIGNMENT (  '', '', ( #1409 ) ) ;
#1798 = CARTESIAN_POINT ( 'NONE',  ( 412.7174611699610400, -237.7119035975723300, 2132.808147990156600 ) ) ;
#1799 = ORIENTED_EDGE ( 'NONE', *, *, #2837, .T. ) ;
#1800 = DIRECTION ( 'NONE',  ( 0.0000000000000000000, -2.983569624435809200E-015, 1.000000000000000000 ) ) ;
#1801 = LINE ( 'NONE', #1957, #1201 ) ;
#1802 = CIRCLE ( 'NONE', #1984, 20.00000000000001800 ) ;
#1803 = CARTESIAN_POINT ( 'NONE',  ( -117.2327345550499400, -393.7500000000360400, 2287.072967037159300 ) ) ;
#1804 = CARTESIAN_POINT ( 'NONE',  ( 419.1422824708603200, -236.1049249568928300, 2138.199210829936000 ) ) ;
#1805 = CARTESIAN_POINT ( 'NONE',  ( 422.3774973847996500, -235.5036627643495100, 2140.913836558515000 ) ) ;
#1806 = CARTESIAN_POINT ( 'NONE',  ( 428.8905075383307800, -234.7003610032205600, 2146.378902168423800 ) ) ;
#1807 = FILL_AREA_STYLE ('',( #2233 ) ) ;
#1808 = EDGE_LOOP ( 'NONE', ( #1050, #2656 ) ) ;
#1809 = ORIENTED_EDGE ( 'NONE', *, *, #2565, .F. ) ;
#1810 = MECHANICAL_DESIGN_GEOMETRIC_PRESENTATION_REPRESENTATION (  '', ( #1370 ), #1948 ) ;
#1811 = SURFACE_STYLE_USAGE ( .BOTH. , #1814 ) ;
#1812 = ORIENTED_EDGE ( 'NONE', *, *, #2743, .F. ) ;
#1813 = MECHANICAL_DESIGN_GEOMETRIC_PRESENTATION_REPRESENTATION (  '', ( #2506 ), #2865 ) ;
#1814 = SURFACE_SIDE_STYLE ('',( #913 ) ) ;
#1815 = CARTESIAN_POINT ( 'NONE',  ( 148.9959242205443100, -350.5000000000355300, 2106.496495057218900 ) ) ;
#1816 = CARTESIAN_POINT ( 'NONE',  ( -117.2327345550499300, -344.9996716050674800, 2298.525484968956300 ) ) ;
#1817 = DIRECTION ( 'NONE',  ( 0.0000000000000000000, -1.000000000000000000, -3.491483361109382100E-015 ) ) ;
#1818 =( NAMED_UNIT ( * ) SI_UNIT ( $, .STERADIAN. ) SOLID_ANGLE_UNIT ( ) );
#1819 = CARTESIAN_POINT ( 'NONE',  ( 194.5641875403704300, -302.6144526119428500, 2085.923023902267200 ) ) ;
#1820 = EDGE_CURVE ( 'NONE', #1533, #116, #545, .T. ) ;
#1821 = DIRECTION ( 'NONE',  ( -1.602839342627750400E-014, 4.662805360371637700E-015, -1.000000000000000000 ) ) ;
#1822 = DIRECTION ( 'NONE',  ( 8.524484641245172000E-016, -1.000000000000000000, -2.983569624435824600E-015 ) ) ;
#1823 = EDGE_CURVE ( 'NONE', #386, #1604, #1691, .T. ) ;
#1824 = DIRECTION ( 'NONE',  ( -1.666917510756447100E-015, 1.000000000000000000, 5.000752532269348700E-015 ) ) ;
#1825 =( GEOMETRIC_REPRESENTATION_CONTEXT ( 3 ) GLOBAL_UNCERTAINTY_ASSIGNED_CONTEXT ( ( #1828 ) ) GLOBAL_UNIT_ASSIGNED_CONTEXT ( ( #482, #479, #476 ) ) REPRESENTATION_CONTEXT ( 'NONE', 'WORKASPACE' ) );
#1826 = CARTESIAN_POINT ( 'NONE',  ( -117.2327345550500000, -300.5000000000361000, 2248.572967037160200 ) ) ;
#1827 = CARTESIAN_POINT ( 'NONE',  ( 644.7199994035462400, -234.5000000000361200, 2319.013646430635600 ) ) ;
#1828 = UNCERTAINTY_MEASURE_WITH_UNIT (LENGTH_MEASURE( 1.000000000000000100E-005 ), #482, 'distance_accuracy_value', 'NONE');
#1829 = STYLED_ITEM ( 'NONE', ( #2311 ), #472 ) ;
#1830 = PRESENTATION_STYLE_ASSIGNMENT (( #2912 ) ) ;
#1831 = CARTESIAN_POINT ( 'NONE',  ( -117.2327345550499400, -123.5786437627264400, 2248.572967037160200 ) ) ;
#1832 = ORIENTED_EDGE ( 'NONE', *, *, #2343, .F. ) ;
#1833 = EDGE_CURVE ( 'NONE', #1904, #1704, #1085, .T. ) ;
#1834 = VECTOR ( 'NONE', #384, 1000.000000000000000 ) ;
#1835 = CARTESIAN_POINT ( 'NONE',  ( 432.1543520461433400, -234.5000000002319200, 2149.117634801548800 ) ) ;
#1836 = CARTESIAN_POINT ( 'NONE',  ( 644.7199994035460100, -184.5000000000363500, 2369.254424358940500 ) ) ;
#1837 = AXIS2_PLACEMENT_3D ( 'NONE', #1204, #1199, #1194 ) ;
#1838 = FACE_BOUND ( 'NONE', #1212, .T. ) ;
#1839 = DIRECTION ( 'NONE',  ( 0.0000000000000000000, 3.497104020278760600E-015, -1.000000000000000000 ) ) ;
#1840 = DIRECTION ( 'NONE',  ( 0.0000000000000000000, 3.568574007723702800E-015, -1.000000000000000000 ) ) ;
#1841 = SURFACE_STYLE_FILL_AREA ( #2349 ) ;
#1842 = ORIENTED_EDGE ( 'NONE', *, *, #2904, .F. ) ;
#1843 = DIRECTION ( 'NONE',  ( 8.286767271568948000E-016, 1.000000000000000000, 3.590932484346558600E-015 ) ) ;
#1844 = EDGE_CURVE ( 'NONE', #2056, #2075, #478, .T. ) ;
#1845 = FILL_AREA_STYLE ('',( #1635 ) ) ;
#1846 = ORIENTED_EDGE ( 'NONE', *, *, #2133, .F. ) ;
#1847 = ORIENTED_EDGE ( 'NONE', *, *, #1017, .F. ) ;
#1848 = FILL_AREA_STYLE_COLOUR ( '', #1920 ) ;
#1849 =( GEOMETRIC_REPRESENTATION_CONTEXT ( 3 ) GLOBAL_UNCERTAINTY_ASSIGNED_CONTEXT ( ( #2524 ) ) GLOBAL_UNIT_ASSIGNED_CONTEXT ( ( #2429, #2427, #2420 ) ) REPRESENTATION_CONTEXT ( 'NONE', 'WORKASPACE' ) );
#1850 = CARTESIAN_POINT ( 'NONE',  ( 157.3812362470009100, -283.0156600264717200, 2327.536091463743600 ) ) ;
#1851 =( GEOMETRIC_REPRESENTATION_CONTEXT ( 3 ) GLOBAL_UNCERTAINTY_ASSIGNED_CONTEXT ( ( #1219 ) ) GLOBAL_UNIT_ASSIGNED_CONTEXT ( ( #2674, #2671, #2667 ) ) REPRESENTATION_CONTEXT ( 'NONE', 'WORKASPACE' ) );
#1852 = CARTESIAN_POINT ( 'NONE',  ( 644.7199994035462400, -184.5000000000360700, 2369.254424358939600 ) ) ;
#1853 = CARTESIAN_POINT ( 'NONE',  ( -117.2327345550499400, -356.7500000000364900, 2287.945441760298300 ) ) ;
#1854 = CARTESIAN_POINT ( 'NONE',  ( 300.0000000000043200, -205.0000000000354100, 2079.999999999999100 ) ) ;
#1855 = CARTESIAN_POINT ( 'NONE',  ( 359.6942456488142700, -244.1150474434243700, 2356.509663897635200 ) ) ;
#1856 = DIRECTION ( 'NONE',  ( 0.0000000000000000000, 3.604620209821938900E-015, -1.000000000000000000 ) ) ;
#1857 =( BOUNDED_CURVE ( )  B_SPLINE_CURVE ( 3, ( #2809, #2816, #2803, #2800 ),
 .UNSPECIFIED., .F., .F. ) 
 B_SPLINE_CURVE_WITH_KNOTS ( ( 4, 4 ),
 ( 4.947949477492372200, 5.049378049967127200 ),
 .UNSPECIFIED. ) 
 CURVE ( )  GEOMETRIC_REPRESENTATION_ITEM ( )  RATIONAL_B_SPLINE_CURVE ( ( 1.000000000000000000, 0.9991428707877627600, 0.9991428707877627600, 1.000000000000000000 ) ) 
 REPRESENTATION_ITEM ( '' )  );
#1858 = CARTESIAN_POINT ( 'NONE',  ( 435.4255429811634000, -234.5000000000356700, 2151.862489908837200 ) ) ;
#1859 = CARTESIAN_POINT ( 'NONE',  ( 635.6190865587872200, -234.5000000000363500, 2319.844818488894400 ) ) ;
#1860 = STYLED_ITEM ( 'NONE', ( #356 ), #349 ) ;
#1861 = DIRECTION ( 'NONE',  ( 0.0000000000000000000, -3.965082230804126700E-015, 1.000000000000000000 ) ) ;
#1862 = ORIENTED_EDGE ( 'NONE', *, *, #1238, .T. ) ;
#1863 = AXIS2_PLACEMENT_3D ( 'NONE', #2100, #2096, #2093 ) ;
#1864 = VECTOR ( 'NONE', #1581, 1000.000000000000000 ) ;
#1865 = ORIENTED_EDGE ( 'NONE', *, *, #2505, .T. ) ;
#1866 = VECTOR ( 'NONE', #1986, 1000.000000000000100 ) ;
#1867 = LINE ( 'NONE', #1263, #1277 ) ;
#1868 = VERTEX_POINT ( 'NONE', #1827 ) ;
#1869 =( NAMED_UNIT ( * ) PLANE_ANGLE_UNIT ( ) SI_UNIT ( $, .RADIAN. ) );
#1870 = COLOUR_RGB ( '',0.8431372549019607900, 0.8431372549019607900, 0.8431372549019607900 ) ;
#1871 = ORIENTED_EDGE ( 'NONE', *, *, #430, .T. ) ;
#1872 = VERTEX_POINT ( 'NONE', #1921 ) ;
#1873 = COLOUR_RGB ( '',0.8431372549019607900, 0.8431372549019607900, 0.8431372549019607900 ) ;
#1874 = CARTESIAN_POINT ( 'NONE',  ( 148.9959242205443700, -350.5000000000355800, 2106.496495057219400 ) ) ;
#1875 = ORIENTED_EDGE ( 'NONE', *, *, #2272, .F. ) ;
#1876 = DIRECTION ( 'NONE',  ( 0.0000000000000000000, 1.000000000000000000, 3.491483361109382100E-015 ) ) ;
#1877 = CARTESIAN_POINT ( 'NONE',  ( 300.0000000000043200, -329.0000000000354100, 2079.999999999998600 ) ) ;
#1878 = PLANE ( 'NONE',  #27 ) ;
#1879 = EDGE_CURVE ( 'NONE', #2697, #290, #2795, .T. ) ;
#1880 = MECHANICAL_DESIGN_GEOMETRIC_PRESENTATION_REPRESENTATION (  '', ( #1297 ), #1914 ) ;
#1881 =( LENGTH_UNIT ( ) NAMED_UNIT ( * ) SI_UNIT ( .MILLI., .METRE. ) );
#1882 =( BOUNDED_CURVE ( )  B_SPLINE_CURVE ( 3, ( #1440, #1397, #1390, #1386 ),
 .UNSPECIFIED., .F., .F. ) 
 B_SPLINE_CURVE_WITH_KNOTS ( ( 4, 4 ),
 ( 2.988246688403155500, 3.141592653589738000 ),
 .UNSPECIFIED. ) 
 CURVE ( )  GEOMETRIC_REPRESENTATION_ITEM ( )  RATIONAL_B_SPLINE_CURVE ( ( 1.000000000000000000, 0.9980413777158064800, 0.9980413777158064800, 1.000000000000000000 ) ) 
 REPRESENTATION_ITEM ( '' )  );
#1883 = DIRECTION ( 'NONE',  ( 0.0000000000000000000, 2.883696167857551000E-015, -1.000000000000000000 ) ) ;
#1884 = CARTESIAN_POINT ( 'NONE',  ( 401.5426197834441400, -184.5000000000363500, 2365.790847655644000 ) ) ;
#1885 =( NAMED_UNIT ( * ) PLANE_ANGLE_UNIT ( ) SI_UNIT ( $, .RADIAN. ) );
#1886 = CARTESIAN_POINT ( 'NONE',  ( 397.9737327924014500, -184.5000000000364700, 2365.225591486970600 ) ) ;
#1887 = DIRECTION ( 'NONE',  ( 0.0000000000000000000, -1.000000000000000000, -3.491483361109382100E-015 ) ) ;
#1888 = EDGE_CURVE ( 'NONE', #464, #2056, #1624, .T. ) ;
#1889 = CARTESIAN_POINT ( 'NONE',  ( -117.2327345550499400, -387.5000000000359300, 2248.572967037159300 ) ) ;
#1890 = STYLED_ITEM ( 'NONE', ( #2101 ), #277 ) ;
#1891 = CARTESIAN_POINT ( 'NONE',  ( 387.3095389083272800, -185.1500467649560700, 2363.554020620291300 ) ) ;
#1892 =( LENGTH_UNIT ( ) NAMED_UNIT ( * ) SI_UNIT ( .MILLI., .METRE. ) );
#1893 = EDGE_LOOP ( 'NONE', ( #700, #1325, #2559, #1556 ) ) ;
#1894 = CIRCLE ( 'NONE', #513, 38.49999999999997900 ) ;
#1895 = VERTEX_POINT ( 'NONE', #1776 ) ;
#1896 = MECHANICAL_DESIGN_GEOMETRIC_PRESENTATION_REPRESENTATION (  '', ( #1452 ), #752 ) ;
#1897 = VECTOR ( 'NONE', #2148, 1000.000000000000200 ) ;
#1898 = DIRECTION ( 'NONE',  ( 0.0000000000000000000, -3.965082230804126700E-015, 1.000000000000000000 ) ) ;
#1899 =( NAMED_UNIT ( * ) PLANE_ANGLE_UNIT ( ) SI_UNIT ( $, .RADIAN. ) );
#1900 = VERTEX_POINT ( 'NONE', #1754 ) ;
#1901 = DIRECTION ( 'NONE',  ( 0.0000000000000000000, 1.000000000000000000, 3.491483361109382100E-015 ) ) ;
#1902 = CARTESIAN_POINT ( 'NONE',  ( 300.0000000000043200, -205.0000000000354100, 2079.999999999999100 ) ) ;
#1903 =( NAMED_UNIT ( * ) PLANE_ANGLE_UNIT ( ) SI_UNIT ( $, .RADIAN. ) );
#1904 = VERTEX_POINT ( 'NONE', #1769 ) ;
#1905 = ORIENTED_EDGE ( 'NONE', *, *, #1519, .T. ) ;
#1906 = CARTESIAN_POINT ( 'NONE',  ( 383.7647038836190100, -185.5395105578463700, 2363.003069555508300 ) ) ;
#1907 = COLOUR_RGB ( '',0.8431372549019607900, 0.8431372549019607900, 0.8431372549019607900 ) ;
#1908 = UNCERTAINTY_MEASURE_WITH_UNIT (LENGTH_MEASURE( 1.000000000000000100E-005 ), #2111, 'distance_accuracy_value', 'NONE');
#1909 = CARTESIAN_POINT ( 'NONE',  ( 394.4133667658145400, -184.6303938711074300, 2364.665173651063500 ) ) ;
#1910 = SURFACE_SIDE_STYLE ('',( #2976 ) ) ;
#1911 = PRESENTATION_STYLE_ASSIGNMENT (( #215 ) ) ;
#1912 = AXIS2_PLACEMENT_3D ( 'NONE', #750, #743, #741 ) ;
#1913 = CARTESIAN_POINT ( 'NONE',  ( 376.6976995662800500, -186.5785860889146200, 2361.912569394333800 ) ) ;
#1914 =( GEOMETRIC_REPRESENTATION_CONTEXT ( 3 ) GLOBAL_UNCERTAINTY_ASSIGNED_CONTEXT ( ( #2791 ) ) GLOBAL_UNIT_ASSIGNED_CONTEXT ( ( #2623, #2616, #2620 ) ) REPRESENTATION_CONTEXT ( 'NONE', 'WORKASPACE' ) );
#1915 = CARTESIAN_POINT ( 'NONE',  ( 373.1858712490666200, -187.2266102301562100, 2361.374618170150800 ) ) ;
#1916 = EDGE_CURVE ( 'NONE', #1172, #1247, #409, .T. ) ;
#1917 = FILL_AREA_STYLE_COLOUR ( '', #2537 ) ;
#1918 = PRODUCT_RELATED_PRODUCT_CATEGORY ( 'part', '', ( #1484 ) ) ;
#1919 =( NAMED_UNIT ( * ) SI_UNIT ( $, .STERADIAN. ) SOLID_ANGLE_UNIT ( ) );
#1920 = COLOUR_RGB ( '',0.8431372549019607900, 0.8431372549019607900, 0.8431372549019607900 ) ;
#1921 = CARTESIAN_POINT ( 'NONE',  ( 378.6065628741552600, -198.9225711677615900, 2100.351282665787000 ) ) ;
#1922 = CARTESIAN_POINT ( 'NONE',  ( -93.98889299317281100, -344.9996716050671900, 2204.357835270163800 ) ) ;
#1923 = ORIENTED_EDGE ( 'NONE', *, *, #1879, .F. ) ;
#1924 = CARTESIAN_POINT ( 'NONE',  ( 359.3251286448813700, -190.7106534023904200, 2359.284022554945300 ) ) ;
#1925 =( LENGTH_UNIT ( ) NAMED_UNIT ( * ) SI_UNIT ( .MILLI., .METRE. ) );
#1926 = LINE ( 'NONE', #1574, #1864 ) ;
#1927 = EDGE_LOOP ( 'NONE', ( #338, #519, #775, #154 ) ) ;
#1928 = AXIS2_PLACEMENT_3D ( 'NONE', #2161, #2080, #2061 ) ;
#1929 = EDGE_CURVE ( 'NONE', #1692, #2691, #2220, .T. ) ;
#1930 = CARTESIAN_POINT ( 'NONE',  ( -95.92323023002026600, -346.8716076898906000, 2205.245166830055000 ) ) ;
#1931 = CARTESIAN_POINT ( 'NONE',  ( 118.6673492459366100, -295.1299457332363000, 2321.272746961581100 ) ) ;
#1932 = CYLINDRICAL_SURFACE ( 'NONE', #864, 38.49999999999997900 ) ;
#1933 = VECTOR ( 'NONE', #1353, 1000.000000000000000 ) ;
#1934 = EDGE_LOOP ( 'NONE', ( #1093, #1722 ) ) ;
#1935 = SURFACE_STYLE_FILL_AREA ( #2278 ) ;
#1936 = EDGE_CURVE ( 'NONE', #2056, #2564, #2151, .T. ) ;
#1937 = AXIS2_PLACEMENT_3D ( 'NONE', #1155, #1152, #1150 ) ;
#1938 = DIRECTION ( 'NONE',  ( 0.9876883405951387700, -5.309869149234833900E-016, 0.1564344650402236500 ) ) ;
#1939 = VERTEX_POINT ( 'NONE', #1720 ) ;
#1940 = UNCERTAINTY_MEASURE_WITH_UNIT (LENGTH_MEASURE( 1.000000000000000100E-005 ), #1782, 'distance_accuracy_value', 'NONE');
#1941 =( NAMED_UNIT ( * ) SI_UNIT ( $, .STERADIAN. ) SOLID_ANGLE_UNIT ( ) );
#1942 = ORIENTED_EDGE ( 'NONE', *, *, #2925, .T. ) ;
#1943 = AXIS2_PLACEMENT_3D ( 'NONE', #1340, #1332, #1303 ) ;
#1944 = CARTESIAN_POINT ( 'NONE',  ( 157.7812134407549000, -340.8849525548994800, 2324.529781297131200 ) ) ;
#1945 = DIRECTION ( 'NONE',  ( 2.209804605751719800E-015, 3.867158060065510000E-015, -1.000000000000000000 ) ) ;
#1946 =( NAMED_UNIT ( * ) PLANE_ANGLE_UNIT ( ) SI_UNIT ( $, .RADIAN. ) );
#1947 = DIRECTION ( 'NONE',  ( 8.286767271568948000E-016, 1.000000000000000000, 3.867158060065525000E-015 ) ) ;
#1948 =( GEOMETRIC_REPRESENTATION_CONTEXT ( 3 ) GLOBAL_UNCERTAINTY_ASSIGNED_CONTEXT ( ( #21 ) ) GLOBAL_UNIT_ASSIGNED_CONTEXT ( ( #2941, #2963, #2977 ) ) REPRESENTATION_CONTEXT ( 'NONE', 'WORKASPACE' ) );
#1949 = CARTESIAN_POINT ( 'NONE',  ( 644.7199994035462400, -234.5000000000363200, 2369.254424358939600 ) ) ;
#1950 = DIRECTION ( 'NONE',  ( -0.7098375848501876600, -0.3759815300960845400, -0.5956244556435368300 ) ) ;
#1951 = SURFACE_SIDE_STYLE ('',( #2935 ) ) ;
#1952 = PRESENTATION_LAYER_ASSIGNMENT (  '', '', ( #528 ) ) ;
#1953 = DIRECTION ( 'NONE',  ( -1.455655921617369400E-015, -0.9993908270190965400, 0.03489949670248009000 ) ) ;
#1954 = STYLED_ITEM ( 'NONE', ( #2500 ), #132 ) ;
#1955 = CARTESIAN_POINT ( 'NONE',  ( 397.1888435589784200, -244.1150474451977500, 2119.778089526246300 ) ) ;
#1956 = CARTESIAN_POINT ( 'NONE',  ( 644.7199994035461300, -138.2500000000364400, 2369.254424358940500 ) ) ;
#1957 = CARTESIAN_POINT ( 'NONE',  ( -90.98957686796588000, -350.5000000000361000, 2285.128358904993100 ) ) ;
#1958 = EDGE_CURVE ( 'NONE', #540, #2639, #1005, .T. ) ;
#1959 = CARTESIAN_POINT ( 'NONE',  ( 238.9267765576383900, -266.6922153054360900, 2067.074003996508100 ) ) ;
#1960 = DIRECTION ( 'NONE',  ( 0.0000000000000000000, 2.191229653865425900E-015, -1.000000000000000000 ) ) ;
#1961 = ORIENTED_EDGE ( 'NONE', *, *, #2817, .T. ) ;
#1962 = LINE ( 'NONE', #2984, #2109 ) ;
#1963 = CARTESIAN_POINT ( 'NONE',  ( 366.2084071084755100, -188.7791200571963100, 2360.314826385530100 ) ) ;
#1964 = CARTESIAN_POINT ( 'NONE',  ( 644.7199994035460100, -184.5000000000364400, 2407.254424358940900 ) ) ;
#1965 = ORIENTED_EDGE ( 'NONE', *, *, #2932, .F. ) ;
#1966 = MECHANICAL_DESIGN_GEOMETRIC_PRESENTATION_REPRESENTATION (  '', ( #2277 ), #1825 ) ;
#1967 = CIRCLE ( 'NONE', #2408, 28.00000000000002500 ) ;
#1968 = ORIENTED_EDGE ( 'NONE', *, *, #292, .T. ) ;
#1969 = CARTESIAN_POINT ( 'NONE',  ( 129.3720184470655000, -292.7195506809715100, 2323.043661699113300 ) ) ;
#1970 = CARTESIAN_POINT ( 'NONE',  ( 179.7634524928296900, -308.1804977238024300, 2091.902606064890700 ) ) ;
#1971 = AXIS2_PLACEMENT_3D ( 'NONE', #246, #233, #191 ) ;
#1972 = CARTESIAN_POINT ( 'NONE',  ( 300.0000000000043200, -205.0000000000352100, 2014.880343425488300 ) ) ;
#1973 = CARTESIAN_POINT ( 'NONE',  ( 362.7511223996803000, -189.6817103333640700, 2359.794236715734800 ) ) ;
#1974 = CARTESIAN_POINT ( 'NONE',  ( 122.2454001523631500, -294.3752340536063300, 2321.868951436098500 ) ) ;
#1975 = B_SPLINE_CURVE_WITH_KNOTS ( 'NONE', 3,
 ( #1011, #1029, #1003, #1001 ),
 .UNSPECIFIED., .F., .F.,
 ( 4, 4 ),
 ( 0.0000000000000000000, 0.001574776721362298000 ),
 .UNSPECIFIED. ) ;
#1976 = ORIENTED_EDGE ( 'NONE', *, *, #1979, .T. ) ;
#1977 = CARTESIAN_POINT ( 'NONE',  ( 115.0745624220054600, -295.8114426042256500, 2320.667544492583600 ) ) ;
#1978 = CARTESIAN_POINT ( 'NONE',  ( 644.7199994035461300, -169.7500000000365800, 2404.254424358940900 ) ) ;
#1979 = EDGE_CURVE ( 'NONE', #688, #1939, #939, .T. ) ;
#1980 = CYLINDRICAL_SURFACE ( 'NONE', #2364, 28.00000000000002500 ) ;
#1981 = ORIENTED_EDGE ( 'NONE', *, *, #166, .T. ) ;
#1982 = UNCERTAINTY_MEASURE_WITH_UNIT (LENGTH_MEASURE( 1.000000000000000100E-005 ), #539, 'distance_accuracy_value', 'NONE');
#1983 = DIRECTION ( 'NONE',  ( 0.0000000000000000000, -1.000000000000000000, -3.491483361109382500E-015 ) ) ;
#1984 = AXIS2_PLACEMENT_3D ( 'NONE', #1141, #1139, #1138 ) ;
#1985 = VECTOR ( 'NONE', #415, 1000.000000000000100 ) ;
#1986 = DIRECTION ( 'NONE',  ( 4.948652397343303500E-016, 0.7431448254774026800, -0.6691306063588489100 ) ) ;
#1987 = CARTESIAN_POINT ( 'NONE',  ( -99.88511530477781300, -300.5000000000358700, 2204.224781601398300 ) ) ;
#1988 = SURFACE_STYLE_USAGE ( .BOTH. , #1106 ) ;
#1989 = EDGE_CURVE ( 'NONE', #1126, #1704, #326, .T. ) ;
#1990 = DIRECTION ( 'NONE',  ( 0.0000000000000000000, -1.000000000000000000, -3.491483361109382100E-015 ) ) ;
#1991 = PRESENTATION_STYLE_ASSIGNMENT (( #708 ) ) ;
#1992 = CARTESIAN_POINT ( 'NONE',  ( 194.2309769385567200, -284.6946808703822900, 2085.044988553491300 ) ) ;
#1993 =( LENGTH_UNIT ( ) NAMED_UNIT ( * ) SI_UNIT ( .MILLI., .METRE. ) );
#1994 = UNCERTAINTY_MEASURE_WITH_UNIT (LENGTH_MEASURE( 1.000000000000000100E-005 ), #2234, 'distance_accuracy_value', 'NONE');
#1995 = COLOUR_RGB ( '',0.2901960784313725200, 0.3294117647058823500, 0.3490196078431372400 ) ;
#1996 = CARTESIAN_POINT ( 'NONE',  ( -99.88511530477781300, -300.5000000000358700, 2204.224781601398300 ) ) ;
#1997 = FILL_AREA_STYLE_COLOUR ( '', #2824 ) ;
#1998 = PRESENTATION_STYLE_ASSIGNMENT (( #1070 ) ) ;
#1999 = FACE_BOUND ( 'NONE', #2913, .T. ) ;
#2000 = FACE_OUTER_BOUND ( 'NONE', #250, .T. ) ;
#2001 = STYLED_ITEM ( 'NONE', ( #414 ), #615 ) ;
#2002 = DIRECTION ( 'NONE',  ( -0.0000000000000000000, 1.000000000000000000, 3.491483361109382100E-015 ) ) ;
#2003 = CARTESIAN_POINT ( 'NONE',  ( 178.9586412709109600, -289.3810171391597200, 2091.158474597170000 ) ) ;
#2004 =( GEOMETRIC_REPRESENTATION_CONTEXT ( 3 ) GLOBAL_UNCERTAINTY_ASSIGNED_CONTEXT ( ( #1148 ) ) GLOBAL_UNIT_ASSIGNED_CONTEXT ( ( #1721, #1667, #1750 ) ) REPRESENTATION_CONTEXT ( 'NONE', 'WORKASPACE' ) );
#2005 = CARTESIAN_POINT ( 'NONE',  ( 186.6296779221584400, -287.1884938780554500, 2088.069438445598700 ) ) ;
#2006 = ORIENTED_EDGE ( 'NONE', *, *, #196, .T. ) ;
#2007 = CARTESIAN_POINT ( 'NONE',  ( 163.5067882872674800, -293.1751297440989100, 2097.437440235873100 ) ) ;
#2008 = EDGE_CURVE ( 'NONE', #1604, #591, #2833, .T. ) ;
#2009 = CARTESIAN_POINT ( 'NONE',  ( -117.2327345550499400, -387.5000000000358100, 2213.572967037159300 ) ) ;
#2010 = DIRECTION ( 'NONE',  ( 0.0000000000000000000, 3.172065784643291600E-015, -1.000000000000000000 ) ) ;
#2011 = VECTOR ( 'NONE', #1672, 1000.000000000000000 ) ;
#2012 = ORIENTED_EDGE ( 'NONE', *, *, #2037, .T. ) ;
#2013 = DIRECTION ( 'NONE',  ( 0.0000000000000000000, 2.883696167857551000E-015, -1.000000000000000000 ) ) ;
#2014 =( GEOMETRIC_REPRESENTATION_CONTEXT ( 3 ) GLOBAL_UNCERTAINTY_ASSIGNED_CONTEXT ( ( #1640 ) ) GLOBAL_UNIT_ASSIGNED_CONTEXT ( ( #1746, #1739, #1733 ) ) REPRESENTATION_CONTEXT ( 'NONE', 'WORKASPACE' ) );
#2015 = CARTESIAN_POINT ( 'NONE',  ( -117.2327345550499400, -393.7500000000359300, 2248.572967037159300 ) ) ;
#2016 = SURFACE_STYLE_USAGE ( .BOTH. , #1544 ) ;
#2017 = STYLED_ITEM ( 'NONE', ( #1735 ), #633 ) ;
#2018 = VERTEX_POINT ( 'NONE', #1680 ) ;
#2019 = CARTESIAN_POINT ( 'NONE',  ( 155.7380205836497900, -294.7740418278299900, 2100.622678941349900 ) ) ;
#2020 = EDGE_LOOP ( 'NONE', ( #2586, #2521, #1842, #1777, #2336 ) ) ;
#2021 = CARTESIAN_POINT ( 'NONE',  ( 147.9275752487600900, -296.0820769866614300, 2103.852238562293200 ) ) ;
#2022 = SURFACE_STYLE_USAGE ( .BOTH. , #1510 ) ;
#2023 = CONICAL_SURFACE ( 'NONE', #2436, 50.24077792830405500, 0.05235987755983436500 ) ;
#2024 = CARTESIAN_POINT ( 'NONE',  ( 195.2758113546475700, -340.8849525548848200, 2087.798206926348500 ) ) ;
#2025 = SURFACE_SIDE_STYLE ('',( #837 ) ) ;
#2026 = DIRECTION ( 'NONE',  ( -0.1564344650404696800, -1.174226653704986500E-013, 0.9876883405950999100 ) ) ;
#2027 = CARTESIAN_POINT ( 'NONE',  ( -117.2327345550499400, -344.9996716050670200, 2198.620449105363600 ) ) ;
#2028 = SURFACE_SIDE_STYLE ('',( #1504 ) ) ;
#2029 = DIRECTION ( 'NONE',  ( 0.0000000000000000000, 3.604620209821938900E-015, -1.000000000000000000 ) ) ;
#2030 =( NAMED_UNIT ( * ) PLANE_ANGLE_UNIT ( ) SI_UNIT ( $, .RADIAN. ) );
#2031 =( NAMED_UNIT ( * ) PLANE_ANGLE_UNIT ( ) SI_UNIT ( $, .RADIAN. ) );
#2032 = AXIS2_PLACEMENT_3D ( 'NONE', #1264, #1983, #1633 ) ;
#2033 = UNCERTAINTY_MEASURE_WITH_UNIT (LENGTH_MEASURE( 1.000000000000000100E-005 ), #1336, 'distance_accuracy_value', 'NONE');
#2034 = CARTESIAN_POINT ( 'NONE',  ( 644.7199994035461300, -138.2500000000364400, 2369.254424358940500 ) ) ;
#2035 =( NAMED_UNIT ( * ) PLANE_ANGLE_UNIT ( ) SI_UNIT ( $, .RADIAN. ) );
#2036 = DIRECTION ( 'NONE',  ( 0.0000000000000000000, -1.000000000000000000, -3.491483361109382500E-015 ) ) ;
#2037 = EDGE_CURVE ( 'NONE', #2903, #828, #2628, .T. ) ;
#2038 = PRESENTATION_LAYER_ASSIGNMENT (  '', '', ( #1297 ) ) ;
#2039 = VERTEX_POINT ( 'NONE', #1677 ) ;
#2040 = SURFACE_STYLE_USAGE ( .BOTH. , #2028 ) ;
#2041 =( GEOMETRIC_REPRESENTATION_CONTEXT ( 3 ) GLOBAL_UNCERTAINTY_ASSIGNED_CONTEXT ( ( #608 ) ) GLOBAL_UNIT_ASSIGNED_CONTEXT ( ( #2556, #2550, #2548 ) ) REPRESENTATION_CONTEXT ( 'NONE', 'WORKASPACE' ) );
#2042 = ORIENTED_EDGE ( 'NONE', *, *, #564, .F. ) ;
#2043 = VECTOR ( 'NONE', #755, 1000.000000000000000 ) ;
#2044 =( NAMED_UNIT ( * ) SI_UNIT ( $, .STERADIAN. ) SOLID_ANGLE_UNIT ( ) );
#2045 = SURFACE_STYLE_USAGE ( .BOTH. , #2025 ) ;
#2046 =( LENGTH_UNIT ( ) NAMED_UNIT ( * ) SI_UNIT ( .MILLI., .METRE. ) );
#2047 = SURFACE_STYLE_USAGE ( .BOTH. , #2054 ) ;
#2048 = FILL_AREA_STYLE ('',( #2951 ) ) ;
#2049 = PRESENTATION_STYLE_ASSIGNMENT (( #2391 ) ) ;
#2050 = EDGE_LOOP ( 'NONE', ( #1036, #2990, #1871, #819 ) ) ;
#2051 = EDGE_LOOP ( 'NONE', ( #947, #98, #1456, #19 ) ) ;
#2052 = AXIS2_PLACEMENT_3D ( 'NONE', #2718, #2696, #2557 ) ;
#2053 = PRESENTATION_STYLE_ASSIGNMENT (( #613 ) ) ;
#2054 = SURFACE_SIDE_STYLE ('',( #1628 ) ) ;
#2055 = FILL_AREA_STYLE ('',( #1599 ) ) ;
#2056 = VERTEX_POINT ( 'NONE', #1673 ) ;
#2057 =( GEOMETRIC_REPRESENTATION_CONTEXT ( 3 ) GLOBAL_UNCERTAINTY_ASSIGNED_CONTEXT ( ( #486 ) ) GLOBAL_UNIT_ASSIGNED_CONTEXT ( ( #2711, #2716, #2714 ) ) REPRESENTATION_CONTEXT ( 'NONE', 'WORKASPACE' ) );
#2058 = FILL_AREA_STYLE ('',( #2076 ) ) ;
#2059 = MECHANICAL_DESIGN_GEOMETRIC_PRESENTATION_REPRESENTATION (  '', ( #1109 ), #2210 ) ;
#2060 = CARTESIAN_POINT ( 'NONE',  ( 300.0000000000043200, -169.7500000000354400, 2079.999999999999500 ) ) ;
#2061 = DIRECTION ( 'NONE',  ( 0.0000000000000000000, -3.172065784643291600E-015, 1.000000000000000000 ) ) ;
#2062 = SURFACE_STYLE_FILL_AREA ( #711 ) ;
#2063 = EDGE_CURVE ( 'NONE', #1493, #861, #248, .T. ) ;
#2064 = DIRECTION ( 'NONE',  ( 0.0000000000000000000, -2.801530834248194100E-015, 1.000000000000000000 ) ) ;
#2065 = PRESENTATION_LAYER_ASSIGNMENT (  '', '', ( #2378 ) ) ;
#2066 = CARTESIAN_POINT ( 'NONE',  ( 300.0000000000044300, -335.0000000000356400, 2079.999999999998600 ) ) ;
#2067 = DIRECTION ( 'NONE',  ( -8.524484641245172000E-016, 1.000000000000000000, 2.983569624435824600E-015 ) ) ;
#2068 = PRESENTATION_LAYER_ASSIGNMENT (  '', '', ( #2943 ) ) ;
#2069 = UNCERTAINTY_MEASURE_WITH_UNIT (LENGTH_MEASURE( 1.000000000000000100E-005 ), #706, 'distance_accuracy_value', 'NONE');
#2070 = CARTESIAN_POINT ( 'NONE',  ( -99.88536124193902300, -350.5000000000361000, 2207.051061503627800 ) ) ;
#2071 =( LENGTH_UNIT ( ) NAMED_UNIT ( * ) SI_UNIT ( .MILLI., .METRE. ) );
#2072 = ORIENTED_EDGE ( 'NONE', *, *, #85, .F. ) ;
#2073 = VECTOR ( 'NONE', #1719, 1000.000000000000100 ) ;
#2074 = PLANE ( 'NONE',  #2032 ) ;
#2075 = VERTEX_POINT ( 'NONE', #1671 ) ;
#2076 = FILL_AREA_STYLE_COLOUR ( '', #1009 ) ;
#2077 = LINE ( 'NONE', #1451, #253 ) ;
#2078 = CARTESIAN_POINT ( 'NONE',  ( 115.5257550450560600, -350.8457862874424800, 2317.818826385386300 ) ) ;
#2079 = CARTESIAN_POINT ( 'NONE',  ( -117.2327345550499400, -356.7500000000359300, 2213.572967037159300 ) ) ;
#2080 = DIRECTION ( 'NONE',  ( -0.0000000000000000000, -1.000000000000000000, -3.491483361109382500E-015 ) ) ;
#2081 = B_SPLINE_CURVE_WITH_KNOTS ( 'NONE', 3,
 ( #2021, #2019, #2007, #2003, #2005, #1992 ),
 .UNSPECIFIED., .F., .F.,
 ( 4, 2, 4 ),
 ( 1.755416734288350600E-016, 0.02564161220165342800, 0.05128322440330667500 ),
 .UNSPECIFIED. ) ;
#2082 = COLOUR_RGB ( '',0.8431372549019607900, 0.8431372549019607900, 0.8431372549019607900 ) ;
#2083 = ORIENTED_EDGE ( 'NONE', *, *, #841, .F. ) ;
#2084 = ORIENTED_EDGE ( 'NONE', *, *, #2894, .F. ) ;
#2085 = DIRECTION ( 'NONE',  ( 0.0000000000000000000, -1.000000000000000000, -3.491483361109382500E-015 ) ) ;
#2086 = PRESENTATION_STYLE_ASSIGNMENT (( #2834 ) ) ;
#2087 = EDGE_CURVE ( 'NONE', #1872, #2663, #362, .T. ) ;
#2088 = CARTESIAN_POINT ( 'NONE',  ( 300.0000000000043200, -205.0000000000355300, 2107.999999999999100 ) ) ;
#2089 = FACE_OUTER_BOUND ( 'NONE', #974, .T. ) ;
#2090 = EDGE_CURVE ( 'NONE', #2691, #1692, #2690, .T. ) ;
#2091 = MECHANICAL_DESIGN_GEOMETRIC_PRESENTATION_REPRESENTATION (  '', ( #1409 ), #2108 ) ;
#2092 = CARTESIAN_POINT ( 'NONE',  ( 338.1114335066818100, -198.9225711677627000, 2356.027467046629700 ) ) ;
#2093 = DIRECTION ( 'NONE',  ( 0.0000000000000000000, 3.491483361109382500E-015, -1.000000000000000000 ) ) ;
#2094 =( LENGTH_UNIT ( ) NAMED_UNIT ( * ) SI_UNIT ( .MILLI., .METRE. ) );
#2095 = FACE_OUTER_BOUND ( 'NONE', #145, .T. ) ;
#2096 = DIRECTION ( 'NONE',  ( 0.0000000000000000000, -1.000000000000000000, -3.491483361109382500E-015 ) ) ;
#2097 = COLOUR_RGB ( '',0.8431372549019607900, 0.8431372549019607900, 0.8431372549019607900 ) ;
#2098 = SURFACE_STYLE_FILL_AREA ( #928 ) ;
#2099 = FACE_OUTER_BOUND ( 'NONE', #1006, .T. ) ;
#2100 = CARTESIAN_POINT ( 'NONE',  ( -117.2327345550499400, -393.7500000000359800, 2248.572967037159300 ) ) ;
#2101 = PRESENTATION_STYLE_ASSIGNMENT (( #2601 ) ) ;
#2102 = AXIS2_PLACEMENT_3D ( 'NONE', #2988, #2924, #2954 ) ;
#2103 =( NAMED_UNIT ( * ) SI_UNIT ( $, .STERADIAN. ) SOLID_ANGLE_UNIT ( ) );
#2104 = DIRECTION ( 'NONE',  ( 0.0000000000000000000, 3.491483361109382500E-015, -1.000000000000000000 ) ) ;
#2105 = UNCERTAINTY_MEASURE_WITH_UNIT (LENGTH_MEASURE( 1.000000000000000100E-005 ), #1881, 'distance_accuracy_value', 'NONE');
#2106 =( NAMED_UNIT ( * ) PLANE_ANGLE_UNIT ( ) SI_UNIT ( $, .RADIAN. ) );
#2107 = ORIENTED_EDGE ( 'NONE', *, *, #2891, .T. ) ;
#2108 =( GEOMETRIC_REPRESENTATION_CONTEXT ( 3 ) GLOBAL_UNCERTAINTY_ASSIGNED_CONTEXT ( ( #123 ) ) GLOBAL_UNIT_ASSIGNED_CONTEXT ( ( #2826, #2831, #2820 ) ) REPRESENTATION_CONTEXT ( 'NONE', 'WORKASPACE' ) );
#2109 = VECTOR ( 'NONE', #2980, 1000.000000000000100 ) ;
#2110 = ORIENTED_EDGE ( 'NONE', *, *, #1641, .F. ) ;
#2111 =( LENGTH_UNIT ( ) NAMED_UNIT ( * ) SI_UNIT ( .MILLI., .METRE. ) );
#2112 = LINE ( 'NONE', #788, #2043 ) ;
#2113 = LINE ( 'NONE', #1000, #896 ) ;
#2114 = SURFACE_STYLE_USAGE ( .BOTH. , #2115 ) ;
#2115 = SURFACE_SIDE_STYLE ('',( #2441 ) ) ;
#2116 = DIRECTION ( 'NONE',  ( 0.0000000000000000000, -3.491483361109382500E-015, 1.000000000000000000 ) ) ;
#2117 = FACE_OUTER_BOUND ( 'NONE', #1364, .T. ) ;
#2118 = EDGE_CURVE ( 'NONE', #1533, #1493, #1480, .T. ) ;
#2119 = FILL_AREA_STYLE ('',( #2147 ) ) ;
#2120 = CARTESIAN_POINT ( 'NONE',  ( 300.0000000000043800, -335.0000000000354700, 2020.556266003594800 ) ) ;
#2121 = ORIENTED_EDGE ( 'NONE', *, *, #2657, .T. ) ;
#2122 = SURFACE_STYLE_FILL_AREA ( #646 ) ;
#2123 = DIRECTION ( 'NONE',  ( 5.242719838507692300E-015, -3.700743415417194300E-015, 1.000000000000000000 ) ) ;
#2124 = ORIENTED_EDGE ( 'NONE', *, *, #713, .F. ) ;
#2125 = ORIENTED_EDGE ( 'NONE', *, *, #1490, .F. ) ;
#2126 = PRESENTATION_LAYER_ASSIGNMENT (  '', '', ( #2277 ) ) ;
#2127 = FACE_OUTER_BOUND ( 'NONE', #2625, .T. ) ;
#2128 = DIRECTION ( 'NONE',  ( -5.556391702521489800E-016, -1.000000000000000000, -3.333835021512904100E-015 ) ) ;
#2129 = DIRECTION ( 'NONE',  ( 0.0000000000000000000, -1.000000000000000000, -3.491483361109382500E-015 ) ) ;
#2130 = MECHANICAL_DESIGN_GEOMETRIC_PRESENTATION_REPRESENTATION (  '', ( #1829 ), #2284 ) ;
#2131 = UNCERTAINTY_MEASURE_WITH_UNIT (LENGTH_MEASURE( 1.000000000000000100E-005 ), #951, 'distance_accuracy_value', 'NONE');
#2132 = CARTESIAN_POINT ( 'NONE',  ( -117.2327345550499400, -350.5000000000361000, 2248.572967037159700 ) ) ;
#2133 = EDGE_CURVE ( 'NONE', #2397, #2636, #179, .T. ) ;
#2134 =( GEOMETRIC_REPRESENTATION_CONTEXT ( 3 ) GLOBAL_UNCERTAINTY_ASSIGNED_CONTEXT ( ( #1615 ) ) GLOBAL_UNIT_ASSIGNED_CONTEXT ( ( #2094, #2852, #2215 ) ) REPRESENTATION_CONTEXT ( 'NONE', 'WORKASPACE' ) );
#2135 = PLANE ( 'NONE',  #1863 ) ;
#2136 = COLOUR_RGB ( '',0.8431372549019607900, 0.8431372549019607900, 0.8431372549019607900 ) ;
#2137 = CARTESIAN_POINT ( 'NONE',  ( 644.7199994035461300, -144.7500000000364400, 2369.254424358940500 ) ) ;
#2138 = SURFACE_STYLE_FILL_AREA ( #2627 ) ;
#2139 = CARTESIAN_POINT ( 'NONE',  ( 644.7199994035461300, -138.2500000000363500, 2334.254424358940500 ) ) ;
#2140 = MECHANICAL_DESIGN_GEOMETRIC_PRESENTATION_REPRESENTATION (  '', ( #1645 ), #197 ) ;
#2141 =( NAMED_UNIT ( * ) SI_UNIT ( $, .STERADIAN. ) SOLID_ANGLE_UNIT ( ) );
#2142 = CYLINDRICAL_SURFACE ( 'NONE', #2052, 35.00000000000014200 ) ;
#2143 = EDGE_CURVE ( 'NONE', #2903, #757, #778, .T. ) ;
#2144 = COLOUR_RGB ( '',0.8431372549019607900, 0.8431372549019607900, 0.8431372549019607900 ) ;
#2145 = DIRECTION ( 'NONE',  ( -0.0000000000000000000, 1.000000000000000000, 3.491483361109382500E-015 ) ) ;
#2146 = STYLED_ITEM ( 'NONE', ( #2784 ), #316 ) ;
#2147 = FILL_AREA_STYLE_COLOUR ( '', #1239 ) ;
#2148 = DIRECTION ( 'NONE',  ( 0.1564344650401342500, -4.319393903667973600E-014, -0.9876883405951529800 ) ) ;
#2149 =( NAMED_UNIT ( * ) SI_UNIT ( $, .STERADIAN. ) SOLID_ANGLE_UNIT ( ) );
#2150 = ORIENTED_EDGE ( 'NONE', *, *, #685, .T. ) ;
#2151 = LINE ( 'NONE', #1816, #1558 ) ;
#2152 = DIRECTION ( 'NONE',  ( -0.3740932080989288200, -0.05233595624294069800, -0.9259131813179832800 ) ) ;
#2153 =( NAMED_UNIT ( * ) PLANE_ANGLE_UNIT ( ) SI_UNIT ( $, .RADIAN. ) );
#2154 = ORIENTED_EDGE ( 'NONE', *, *, #1154, .T. ) ;
#2155 = PRESENTATION_STYLE_ASSIGNMENT (( #2047 ) ) ;
#2156 = DIRECTION ( 'NONE',  ( -0.9271838545667870900, 0.0000000000000000000, 0.3746065934159127400 ) ) ;
#2157 = SURFACE_SIDE_STYLE ('',( #1186 ) ) ;
#2158 = PRESENTATION_LAYER_ASSIGNMENT (  '', '', ( #769 ) ) ;
#2159 = SURFACE_STYLE_FILL_AREA ( #2369 ) ;
#2160 = CARTESIAN_POINT ( 'NONE',  ( -119.1901946320438700, -350.5000000000359300, 2214.850720478608300 ) ) ;
#2161 = CARTESIAN_POINT ( 'NONE',  ( 644.7199994035461300, -130.5000000000364400, 2369.254424358940500 ) ) ;
#2162 = ORIENTED_EDGE ( 'NONE', *, *, #2274, .T. ) ;
#2163 =( NAMED_UNIT ( * ) SI_UNIT ( $, .STERADIAN. ) SOLID_ANGLE_UNIT ( ) );
#2164 = SURFACE_SIDE_STYLE ('',( #898 ) ) ;
#2165 = UNCERTAINTY_MEASURE_WITH_UNIT (LENGTH_MEASURE( 1.000000000000000100E-005 ), #212, 'distance_accuracy_value', 'NONE');
#2166 =( LENGTH_UNIT ( ) NAMED_UNIT ( * ) SI_UNIT ( .MILLI., .METRE. ) );
#2167 = MECHANICAL_DESIGN_GEOMETRIC_PRESENTATION_REPRESENTATION (  '', ( #351 ), #2014 ) ;
#2168 =( LENGTH_UNIT ( ) NAMED_UNIT ( * ) SI_UNIT ( .MILLI., .METRE. ) );
#2169 = SURFACE_STYLE_USAGE ( .BOTH. , #2164 ) ;
#2170 = DIRECTION ( 'NONE',  ( 0.0000000000000000000, 3.172065784643291600E-015, -1.000000000000000000 ) ) ;
#2171 = CARTESIAN_POINT ( 'NONE',  ( 644.7199994035461300, -169.7500000000363500, 2334.254424358940500 ) ) ;
#2172 = FILL_AREA_STYLE ('',( #2200 ) ) ;
#2173 = FACE_OUTER_BOUND ( 'NONE', #407, .T. ) ;
#2174 = MECHANICAL_DESIGN_GEOMETRIC_PRESENTATION_REPRESENTATION (  '', ( #2325 ), #641 ) ;
#2175 = CARTESIAN_POINT ( 'NONE',  ( 359.6942456451357700, -244.1150474451874000, 2356.509663897052200 ) ) ;
#2176 = SURFACE_STYLE_USAGE ( .BOTH. , #2157 ) ;
#2177 = PLANE ( 'NONE',  #776 ) ;
#2178 = DIRECTION ( 'NONE',  ( 0.0000000000000000000, -3.965082230804126700E-015, 1.000000000000000000 ) ) ;
#2179 = EDGE_CURVE ( 'NONE', #540, #1740, #1926, .T. ) ;
#2180 = ORIENTED_EDGE ( 'NONE', *, *, #2614, .T. ) ;
#2181 = ORIENTED_EDGE ( 'NONE', *, *, #2796, .F. ) ;
#2182 =( NAMED_UNIT ( * ) SI_UNIT ( $, .STERADIAN. ) SOLID_ANGLE_UNIT ( ) );
#2183 =( NAMED_UNIT ( * ) PLANE_ANGLE_UNIT ( ) SI_UNIT ( $, .RADIAN. ) );
#2184 =( NAMED_UNIT ( * ) PLANE_ANGLE_UNIT ( ) SI_UNIT ( $, .RADIAN. ) );
#2185 = VECTOR ( 'NONE', #1035, 1000.000000000000000 ) ;
#2186 =( LENGTH_UNIT ( ) NAMED_UNIT ( * ) SI_UNIT ( .MILLI., .METRE. ) );
#2187 = SURFACE_SIDE_STYLE ('',( #1129 ) ) ;
#2188 = EDGE_CURVE ( 'NONE', #576, #2193, #2471, .T. ) ;
#2189 = STYLED_ITEM ( 'NONE', ( #337 ), #575 ) ;
#2190 = FILL_AREA_STYLE ('',( #2331 ) ) ;
#2191 = ORIENTED_EDGE ( 'NONE', *, *, #2297, .F. ) ;
#2192 =( LENGTH_UNIT ( ) NAMED_UNIT ( * ) SI_UNIT ( .MILLI., .METRE. ) );
#2193 = VERTEX_POINT ( 'NONE', #1568 ) ;
#2194 = AXIS2_PLACEMENT_3D ( 'NONE', #1852, #1843, #1839 ) ;
#2195 = FACE_OUTER_BOUND ( 'NONE', #2412, .T. ) ;
#2196 = ORIENTED_EDGE ( 'NONE', *, *, #2087, .F. ) ;
#2197 = SURFACE_STYLE_USAGE ( .BOTH. , #2187 ) ;
#2198 = DIRECTION ( 'NONE',  ( 0.0000000000000000000, 1.000000000000000000, 3.491483361109382100E-015 ) ) ;
#2199 = COLOUR_RGB ( '',0.8431372549019607900, 0.8431372549019607900, 0.8431372549019607900 ) ;
#2200 = FILL_AREA_STYLE_COLOUR ( '', #2731 ) ;
#2201 = CARTESIAN_POINT ( 'NONE',  ( 401.9551661795572400, -234.8204595747213500, 2363.186132222352200 ) ) ;
#2202 = PRESENTATION_STYLE_ASSIGNMENT (( #297 ) ) ;
#2203 = CARTESIAN_POINT ( 'NONE',  ( 300.0000000000043200, -414.1959594929286900, 2079.999999999998200 ) ) ;
#2204 = MECHANICAL_DESIGN_GEOMETRIC_PRESENTATION_REPRESENTATION (  '', ( #1890 ), #2522 ) ;
#2205 = CARTESIAN_POINT ( 'NONE',  ( 401.8074715456500600, -216.8053661814504100, 2364.118639440892800 ) ) ;
#2206 = CARTESIAN_POINT ( 'NONE',  ( 394.6771344509077200, -234.8204595747213500, 2362.033405240198100 ) ) ;
#2207 = CARTESIAN_POINT ( 'NONE',  ( 373.1980448603349600, -238.8694619079269300, 2358.631453648759400 ) ) ;
#2208 = SURFACE_STYLE_FILL_AREA ( #1413 ) ;
#2209 = CARTESIAN_POINT ( 'NONE',  ( 387.3996568290486400, -235.6381937753145600, 2360.880766387044300 ) ) ;
#2210 =( GEOMETRIC_REPRESENTATION_CONTEXT ( 3 ) GLOBAL_UNCERTAINTY_ASSIGNED_CONTEXT ( ( #1688 ) ) GLOBAL_UNIT_ASSIGNED_CONTEXT ( ( #2046, #2035, #2044 ) ) REPRESENTATION_CONTEXT ( 'NONE', 'WORKASPACE' ) );
#2211 = CARTESIAN_POINT ( 'NONE',  ( 394.5330419803138400, -216.8053661814504100, 2362.966482985401400 ) ) ;
#2212 = FILL_AREA_STYLE_COLOUR ( '', #714 ) ;
#2213 = CARTESIAN_POINT ( 'NONE',  ( 366.2747268083593900, -241.2828101261565100, 2357.534909042361500 ) ) ;
#2214 = CARTESIAN_POINT ( 'NONE',  ( 359.6964605766788700, -244.4355070198722300, 2356.493016019822800 ) ) ;
#2215 =( NAMED_UNIT ( * ) SI_UNIT ( $, .STERADIAN. ) SOLID_ANGLE_UNIT ( ) );
#2216 = CARTESIAN_POINT ( 'NONE',  ( 387.2591651134215500, -217.6231003820436700, 2361.814393811069300 ) ) ;
#2217 = CARTESIAN_POINT ( 'NONE',  ( 373.0651331069279900, -220.8543685146559900, 2359.566190272018000 ) ) ;
#2218 = ORIENTED_EDGE ( 'NONE', *, *, #504, .F. ) ;
#2219 = MECHANICAL_DESIGN_GEOMETRIC_PRESENTATION_REPRESENTATION (  '', ( #2378 ), #1771 ) ;
#2220 = CIRCLE ( 'NONE', #2785, 38.49999999999997900 ) ;
#2221 = CARTESIAN_POINT ( 'NONE',  ( 366.1457899682744700, -223.2677147852518300, 2358.470205142703000 ) ) ;
#2222 = ORIENTED_EDGE ( 'NONE', *, *, #1154, .F. ) ;
#2223 = DIRECTION ( 'NONE',  ( -0.9876883405951376600, 0.0000000000000000000, -0.1564344650402318400 ) ) ;
#2224 = CIRCLE ( 'NONE', #1716, 59.44373399640401300 ) ;
#2225 = AXIS2_PLACEMENT_3D ( 'NONE', #936, #859, #853 ) ;
#2226 = CARTESIAN_POINT ( 'NONE',  ( 359.5719450316228700, -226.4204136266013200, 2357.428900252276400 ) ) ;
#2227 = CARTESIAN_POINT ( 'NONE',  ( 394.3889495097199100, -198.7902727881794900, 2363.899560730605100 ) ) ;
#2228 = ORIENTED_EDGE ( 'NONE', *, *, #1028, .T. ) ;
#2229 = CARTESIAN_POINT ( 'NONE',  ( 387.1186733977946200, -199.6080069887727300, 2362.748021235093800 ) ) ;
#2230 = CARTESIAN_POINT ( 'NONE',  ( 401.6597769117429400, -198.7902727881794900, 2365.051146659432600 ) ) ;
#2231 = ORIENTED_EDGE ( 'NONE', *, *, #425, .F. ) ;
#2232 = CARTESIAN_POINT ( 'NONE',  ( 372.9322213535209000, -202.8392751213850700, 2360.500926895276700 ) ) ;
#2233 = FILL_AREA_STYLE_COLOUR ( '', #992 ) ;
#2234 =( LENGTH_UNIT ( ) NAMED_UNIT ( * ) SI_UNIT ( .MILLI., .METRE. ) );
#2235 = CARTESIAN_POINT ( 'NONE',  ( 366.0168531281896100, -205.2526194443470300, 2359.405501243044500 ) ) ;
#2236 = PLANE ( 'NONE',  #2560 ) ;
#2237 = CARTESIAN_POINT ( 'NONE',  ( 359.4474294865668800, -208.4053202333304300, 2358.364784484729600 ) ) ;
#2238 = SURFACE_SIDE_STYLE ('',( #1304 ) ) ;
#2239 = PRESENTATION_LAYER_ASSIGNMENT (  '', '', ( #2394 ) ) ;
#2240 = EDGE_CURVE ( 'NONE', #68, #1904, #720, .T. ) ;
#2241 = SURFACE_STYLE_FILL_AREA ( #2538 ) ;
#2242 = CARTESIAN_POINT ( 'NONE',  ( 401.5120822778358200, -180.7751793949085500, 2365.983653877973200 ) ) ;
#2243 = CARTESIAN_POINT ( 'NONE',  ( 394.2448570391260300, -180.7751793949085500, 2364.832638475808400 ) ) ;
#2244 =( NAMED_UNIT ( * ) PLANE_ANGLE_UNIT ( ) SI_UNIT ( $, .RADIAN. ) );
#2245 = COLOUR_RGB ( '',0.8431372549019607900, 0.8431372549019607900, 0.8431372549019607900 ) ;
#2246 = EDGE_CURVE ( 'NONE', #666, #626, #647, .T. ) ;
#2247 = AXIS2_PLACEMENT_3D ( 'NONE', #165, #160, #149 ) ;
#2248 =( NAMED_UNIT ( * ) PLANE_ANGLE_UNIT ( ) SI_UNIT ( $, .RADIAN. ) );
#2249 = FACE_OUTER_BOUND ( 'NONE', #1134, .T. ) ;
#2250 = MECHANICAL_DESIGN_GEOMETRIC_PRESENTATION_REPRESENTATION (  '', ( #54 ), #2041 ) ;
#2251 = CARTESIAN_POINT ( 'NONE',  ( 365.8879162881047500, -187.2375241034423000, 2360.340797343385900 ) ) ;
#2252 =( LENGTH_UNIT ( ) NAMED_UNIT ( * ) SI_UNIT ( .MILLI., .METRE. ) );
#2253 = ORIENTED_EDGE ( 'NONE', *, *, #1929, .T. ) ;
#2254 = UNCERTAINTY_MEASURE_WITH_UNIT (LENGTH_MEASURE( 1.000000000000000100E-005 ), #2384, 'distance_accuracy_value', 'NONE');
#2255 = CARTESIAN_POINT ( 'NONE',  ( 386.9781816821674200, -181.5929135955017800, 2363.681648659119700 ) ) ;
#2256 = CARTESIAN_POINT ( 'NONE',  ( 372.7993096001138700, -184.8241817281141300, 2361.435663518535400 ) ) ;
#2257 = COLOUR_RGB ( '',0.8431372549019607900, 0.8431372549019607900, 0.8431372549019607900 ) ;
#2258 = EDGE_LOOP ( 'NONE', ( #61, #2414, #1634, #2341 ) ) ;
#2259 = VECTOR ( 'NONE', #1595, 1000.000000000000100 ) ;
#2260 = VECTOR ( 'NONE', #1130, 1000.000000000000100 ) ;
#2261 = SURFACE_STYLE_USAGE ( .BOTH. , #1951 ) ;
#2262 = STYLED_ITEM ( 'NONE', ( #1760 ), #252 ) ;
#2263 =( NAMED_UNIT ( * ) SI_UNIT ( $, .STERADIAN. ) SOLID_ANGLE_UNIT ( ) );
#2264 = PRESENTATION_STYLE_ASSIGNMENT (( #2415 ) ) ;
#2265 = ORIENTED_EDGE ( 'NONE', *, *, #2837, .F. ) ;
#2266 = SURFACE_STYLE_USAGE ( .BOTH. , #2270 ) ;
#2267 = VERTEX_POINT ( 'NONE', #1520 ) ;
#2268 = COLOUR_RGB ( '',0.8431372549019607900, 0.8431372549019607900, 0.8431372549019607900 ) ;
#2269 = ORIENTED_EDGE ( 'NONE', *, *, #1674, .T. ) ;
#2270 = SURFACE_SIDE_STYLE ('',( #1935 ) ) ;
#2271 = FILL_AREA_STYLE ('',( #800 ) ) ;
#2272 = EDGE_CURVE ( 'NONE', #2639, #1454, #1197, .T. ) ;
#2273 = CARTESIAN_POINT ( 'NONE',  ( -117.2327345550499400, -400.2500000000359300, 2248.572967037159300 ) ) ;
#2274 = EDGE_CURVE ( 'NONE', #2039, #335, #1272, .T. ) ;
#2275 = CARTESIAN_POINT ( 'NONE',  ( 359.3229139415108200, -190.3902268400594300, 2359.300668717182800 ) ) ;
#2276 = PRESENTATION_STYLE_ASSIGNMENT (( #1434 ) ) ;
#2277 = STYLED_ITEM ( 'NONE', ( #2634 ), #418 ) ;
#2278 = FILL_AREA_STYLE ('',( #2282 ) ) ;
#2279 = PRESENTATION_STYLE_ASSIGNMENT (( #2533 ) ) ;
#2280 = FILL_AREA_STYLE ('',( #2286 ) ) ;
#2281 = CONICAL_SURFACE ( 'NONE', #614, 65.11965657451091300, 0.04363323129986057500 ) ;
#2282 = FILL_AREA_STYLE_COLOUR ( '', #1359 ) ;
#2283 = COLOUR_RGB ( '',0.8431372549019607900, 0.8431372549019607900, 0.8431372549019607900 ) ;
#2284 =( GEOMETRIC_REPRESENTATION_CONTEXT ( 3 ) GLOBAL_UNCERTAINTY_ASSIGNED_CONTEXT ( ( #1211 ) ) GLOBAL_UNIT_ASSIGNED_CONTEXT ( ( #143, #136, #131 ) ) REPRESENTATION_CONTEXT ( 'NONE', 'WORKASPACE' ) );
#2285 = DIRECTION ( 'NONE',  ( -4.023046100191203400E-031, 1.000000000000000000, 3.473137183827771200E-015 ) ) ;
#2286 = FILL_AREA_STYLE_COLOUR ( '', #1378 ) ;
#2287 = EDGE_CURVE ( 'NONE', #1939, #2551, #2945, .T. ) ;
#2288 = MECHANICAL_DESIGN_GEOMETRIC_PRESENTATION_REPRESENTATION (  '', ( #2476 ), #492 ) ;
#2289 = DIRECTION ( 'NONE',  ( 0.0000000000000000000, -3.473137183827771200E-015, 1.000000000000000000 ) ) ;
#2290 =( NAMED_UNIT ( * ) SI_UNIT ( $, .STERADIAN. ) SOLID_ANGLE_UNIT ( ) );
#2291 = FILL_AREA_STYLE ('',( #2212 ) ) ;
#2292 = AXIS2_PLACEMENT_3D ( 'NONE', #1089, #1088, #1083 ) ;
#2293 = ORIENTED_EDGE ( 'NONE', *, *, #1519, .F. ) ;
#2294 = VECTOR ( 'NONE', #1950, 1000.000000000000100 ) ;
#2295 = ORIENTED_EDGE ( 'NONE', *, *, #747, .T. ) ;
#2296 = CARTESIAN_POINT ( 'NONE',  ( -59.19143374153635800, -300.5000000000400700, 3420.939741726497200 ) ) ;
#2297 = EDGE_CURVE ( 'NONE', #501, #1237, #1796, .T. ) ;
#2298 = CARTESIAN_POINT ( 'NONE',  ( -109.1329646311035000, -25.50000000004007500, 3413.029780307603700 ) ) ;
#2299 =( NAMED_UNIT ( * ) PLANE_ANGLE_UNIT ( ) SI_UNIT ( $, .RADIAN. ) );
#2300 = ORIENTED_EDGE ( 'NONE', *, *, #1392, .F. ) ;
#2301 = ORIENTED_EDGE ( 'NONE', *, *, #870, .F. ) ;
#2302 = AXIS2_PLACEMENT_3D ( 'NONE', #2377, #2360, #2407 ) ;
#2303 = PLANE ( 'NONE',  #91 ) ;
#2304 = DIRECTION ( 'NONE',  ( 0.0000000000000000000, -1.000000000000000000, -3.491483361109382500E-015 ) ) ;
#2305 = FACE_OUTER_BOUND ( 'NONE', #1086, .T. ) ;
#2306 = EDGE_LOOP ( 'NONE', ( #1095, #2490 ) ) ;
#2307 = ORIENTED_EDGE ( 'NONE', *, *, #1021, .T. ) ;
#2308 = COLOUR_RGB ( '',0.2901960784313725200, 0.3294117647058823500, 0.3490196078431372400 ) ;
#2309 = COLOUR_RGB ( '',0.2901960784313725200, 0.3294117647058823500, 0.3490196078431372400 ) ;
#2310 =( LENGTH_UNIT ( ) NAMED_UNIT ( * ) SI_UNIT ( .MILLI., .METRE. ) );
#2311 = PRESENTATION_STYLE_ASSIGNMENT (( #155 ) ) ;
#2312 = PRESENTATION_LAYER_ASSIGNMENT (  '', '', ( #2001 ) ) ;
#2313 = DIRECTION ( 'NONE',  ( 0.0000000000000000000, 3.491483361109382500E-015, -1.000000000000000000 ) ) ;
#2314 = SURFACE_STYLE_USAGE ( .BOTH. , #2316 ) ;
#2315 =( NAMED_UNIT ( * ) SI_UNIT ( $, .STERADIAN. ) SOLID_ANGLE_UNIT ( ) );
#2316 = SURFACE_SIDE_STYLE ('',( #2159 ) ) ;
#2317 =( NAMED_UNIT ( * ) PLANE_ANGLE_UNIT ( ) SI_UNIT ( $, .RADIAN. ) );
#2318 = CIRCLE ( 'NONE', #2819, 35.00000000000014200 ) ;
#2319 = AXIS2_PLACEMENT_3D ( 'NONE', #2339, #1759, #1840 ) ;
#2320 = CONICAL_SURFACE ( 'NONE', #2357, 50.24077792830405500, 0.05235987755983436500 ) ;
#2321 = CARTESIAN_POINT ( 'NONE',  ( 644.7199994035461300, -130.5000000000363200, 2334.254424358940500 ) ) ;
#2322 = MECHANICAL_DESIGN_GEOMETRIC_PRESENTATION_REPRESENTATION (  '', ( #2017 ), #908 ) ;
#2323 = FILL_AREA_STYLE_COLOUR ( '', #1012 ) ;
#2324 = ORIENTED_EDGE ( 'NONE', *, *, #836, .T. ) ;
#2325 = STYLED_ITEM ( 'NONE', ( #1998 ), #124 ) ;
#2326 = VECTOR ( 'NONE', #1518, 1000.000000000000000 ) ;
#2327 = DIRECTION ( 'NONE',  ( 0.0000000000000000000, 2.883696167857551000E-015, -1.000000000000000000 ) ) ;
#2328 = SURFACE_STYLE_USAGE ( .BOTH. , #2355 ) ;
#2329 = VERTEX_POINT ( 'NONE', #1491 ) ;
#2330 = CIRCLE ( 'NONE', #1192, 35.00000000000014200 ) ;
#2331 = FILL_AREA_STYLE_COLOUR ( '', #515 ) ;
#2332 = LINE ( 'NONE', #1114, #443 ) ;
#2333 = FACE_OUTER_BOUND ( 'NONE', #368, .T. ) ;
#2334 =( NAMED_UNIT ( * ) PLANE_ANGLE_UNIT ( ) SI_UNIT ( $, .RADIAN. ) );
#2335 =( NAMED_UNIT ( * ) SI_UNIT ( $, .STERADIAN. ) SOLID_ANGLE_UNIT ( ) );
#2336 = ORIENTED_EDGE ( 'NONE', *, *, #1879, .T. ) ;
#2337 = ORIENTED_EDGE ( 'NONE', *, *, #278, .F. ) ;
#2338 =( NAMED_UNIT ( * ) SI_UNIT ( $, .STERADIAN. ) SOLID_ANGLE_UNIT ( ) );
#2339 = CARTESIAN_POINT ( 'NONE',  ( 644.7199994035461300, -31.50505063391925700, 2369.254424358940900 ) ) ;
#2340 = MECHANICAL_DESIGN_GEOMETRIC_PRESENTATION_REPRESENTATION (  '', ( #742 ), #2802 ) ;
#2341 = ORIENTED_EDGE ( 'NONE', *, *, #1540, .T. ) ;
#2342 = SURFACE_SIDE_STYLE ('',( #1841 ) ) ;
#2343 = EDGE_CURVE ( 'NONE', #2075, #301, #1724, .T. ) ;
#2344 = PRESENTATION_LAYER_ASSIGNMENT (  '', '', ( #2189 ) ) ;
#2345 = SURFACE_STYLE_USAGE ( .BOTH. , #2342 ) ;
#2346 = MANIFOLD_SOLID_BREP ( 'Cut-Extrude2', #2993 ) ;
#2347 =( LENGTH_UNIT ( ) NAMED_UNIT ( * ) SI_UNIT ( .MILLI., .METRE. ) );
#2348 = AXIS2_PLACEMENT_3D ( 'NONE', #1764, #1762, #1758 ) ;
#2349 = FILL_AREA_STYLE ('',( #2359 ) ) ;
#2350 = DIRECTION ( 'NONE',  ( 0.0000000000000000000, -1.000000000000000000, -3.491483361109382500E-015 ) ) ;
#2351 = DIRECTION ( 'NONE',  ( 8.524484641245172000E-016, -1.000000000000000000, -2.983569624435824600E-015 ) ) ;
#2352 = SURFACE_STYLE_FILL_AREA ( #2271 ) ;
#2353 = B_SPLINE_CURVE_WITH_KNOTS ( 'NONE', 3,
 ( #997, #958, #967, #978, #963, #943, #926, #932, #911, #903 ),
 .UNSPECIFIED., .F., .F.,
 ( 4, 2, 2, 2, 4 ),
 ( 7.130536482749599500E-016, 0.01279605897328160000, 0.02559211794656248900, 0.03838817691984337800, 0.05118423589312426400 ),
 .UNSPECIFIED. ) ;
#2354 = CARTESIAN_POINT ( 'NONE',  ( 300.0000000000043200, -205.0000000000354100, 2079.999999999999100 ) ) ;
#2355 = SURFACE_SIDE_STYLE ('',( #2786 ) ) ;
#2356 = PRESENTATION_STYLE_ASSIGNMENT (( #1339 ) ) ;
#2357 = AXIS2_PLACEMENT_3D ( 'NONE', #2653, #2642, #2596 ) ;
#2358 = DIRECTION ( 'NONE',  ( 0.0000000000000000000, -2.983569624435809200E-015, 1.000000000000000000 ) ) ;
#2359 = FILL_AREA_STYLE_COLOUR ( '', #2662 ) ;
#2360 = DIRECTION ( 'NONE',  ( 0.0000000000000000000, -1.000000000000000000, -3.491483361109382500E-015 ) ) ;
#2361 = PRESENTATION_STYLE_ASSIGNMENT (( #7 ) ) ;
#2362 =( NAMED_UNIT ( * ) PLANE_ANGLE_UNIT ( ) SI_UNIT ( $, .RADIAN. ) );
#2363 = CARTESIAN_POINT ( 'NONE',  ( -117.2327345550499400, -278.6055556973076900, 2248.572967037159700 ) ) ;
#2364 = AXIS2_PLACEMENT_3D ( 'NONE', #2707, #2721, #2706 ) ;
#2365 = EDGE_LOOP ( 'NONE', ( #644, #695, #1443, #554 ) ) ;
#2366 = LINE ( 'NONE', #57, #1159 ) ;
#2367 = AXIS2_PLACEMENT_3D ( 'NONE', #1791, #1781, #1780 ) ;
#2368 = EDGE_LOOP ( 'NONE', ( #1014, #190, #2699, #1357, #2469, #1198, #789 ) ) ;
#2369 = FILL_AREA_STYLE ('',( #2323 ) ) ;
#2370 = DIRECTION ( 'NONE',  ( 0.0000000000000000000, -1.000000000000000000, -3.491483361109382100E-015 ) ) ;
#2371 = EDGE_CURVE ( 'NONE', #189, #390, #332, .T. ) ;
#2372 = PRESENTATION_STYLE_ASSIGNMENT (( #2345 ) ) ;
#2373 = ORIENTED_EDGE ( 'NONE', *, *, #1319, .F. ) ;
#2374 = SURFACE_STYLE_FILL_AREA ( #2632 ) ;
#2375 = DIRECTION ( 'NONE',  ( -0.9876883405951375500, 0.0000000000000000000, -0.1564344650402323400 ) ) ;
#2376 = ORIENTED_EDGE ( 'NONE', *, *, #2240, .T. ) ;
#2377 = CARTESIAN_POINT ( 'NONE',  ( 300.0000000000043200, -130.5000000000354100, 2079.999999999999500 ) ) ;
#2378 = STYLED_ITEM ( 'NONE', ( #1991 ), #363 ) ;
#2379 = CARTESIAN_POINT ( 'NONE',  ( 227.2381850310535500, -334.5000000000402500, 3466.305736588164100 ) ) ;
#2380 = FILL_AREA_STYLE ('',( #2389 ) ) ;
#2381 = AXIS2_PLACEMENT_3D ( 'NONE', #1854, #1822, #1800 ) ;
#2382 = CARTESIAN_POINT ( 'NONE',  ( 300.0000000000043200, -205.0000000000353000, 2051.999999999999100 ) ) ;
#2383 =( NAMED_UNIT ( * ) SI_UNIT ( $, .STERADIAN. ) SOLID_ANGLE_UNIT ( ) );
#2384 =( LENGTH_UNIT ( ) NAMED_UNIT ( * ) SI_UNIT ( .MILLI., .METRE. ) );
#2385 = UNCERTAINTY_MEASURE_WITH_UNIT (LENGTH_MEASURE( 1.000000000000000100E-005 ), #2530, 'distance_accuracy_value', 'NONE');
#2386 = DIRECTION ( 'NONE',  ( 0.1564344650402312900, 3.448497407149659400E-015, -0.9876883405951376600 ) ) ;
#2387 = COLOUR_RGB ( '',0.8431372549019607900, 0.8431372549019607900, 0.8431372549019607900 ) ;
#2388 = SURFACE_SIDE_STYLE ('',( #1450 ) ) ;
#2389 = FILL_AREA_STYLE_COLOUR ( '', #2781 ) ;
#2390 = FACE_OUTER_BOUND ( 'NONE', #516, .T. ) ;
#2391 = SURFACE_STYLE_USAGE ( .BOTH. , #2388 ) ;
#2392 = SURFACE_STYLE_FILL_AREA ( #1384 ) ;
#2393 = SURFACE_SIDE_STYLE ('',( #2583 ) ) ;
#2394 = STYLED_ITEM ( 'NONE', ( #835 ), #329 ) ;
#2395 = DIRECTION ( 'NONE',  ( 0.1564344650402312900, 3.448497407149659400E-015, -0.9876883405951376600 ) ) ;
#2396 = EDGE_CURVE ( 'NONE', #464, #2267, #2864, .T. ) ;
#2397 = VERTEX_POINT ( 'NONE', #1449 ) ;
#2398 = VECTOR ( 'NONE', #1564, 1000.000000000000000 ) ;
#2399 = FILL_AREA_STYLE_COLOUR ( '', #298 ) ;
#2400 = ORIENTED_EDGE ( 'NONE', *, *, #2755, .F. ) ;
#2401 = EDGE_CURVE ( 'NONE', #1126, #2697, #2077, .T. ) ;
#2402 = STYLED_ITEM ( 'NONE', ( #2264 ), #588 ) ;
#2403 = VECTOR ( 'NONE', #1795, 1000.000000000000100 ) ;
#2404 = CIRCLE ( 'NONE', #1937, 37.68571307457469300 ) ;
#2405 = DIRECTION ( 'NONE',  ( 0.0000000000000000000, -3.172065784643291600E-015, 1.000000000000000000 ) ) ;
#2406 = EDGE_LOOP ( 'NONE', ( #1417, #1631, #1479, #550 ) ) ;
#2407 = DIRECTION ( 'NONE',  ( 0.0000000000000000000, 3.491483361109382500E-015, -1.000000000000000000 ) ) ;
#2408 = AXIS2_PLACEMENT_3D ( 'NONE', #620, #619, #602 ) ;
#2409 =( NAMED_UNIT ( * ) SI_UNIT ( $, .STERADIAN. ) SOLID_ANGLE_UNIT ( ) );
#2410 =( NAMED_UNIT ( * ) PLANE_ANGLE_UNIT ( ) SI_UNIT ( $, .RADIAN. ) );
#2411 = VERTEX_POINT ( 'NONE', #1444 ) ;
#2412 = EDGE_LOOP ( 'NONE', ( #746, #1096, #2121, #304 ) ) ;
#2413 =( LENGTH_UNIT ( ) NAMED_UNIT ( * ) SI_UNIT ( .MILLI., .METRE. ) );
#2414 = ORIENTED_EDGE ( 'NONE', *, *, #1979, .F. ) ;
#2415 = SURFACE_STYLE_USAGE ( .BOTH. , #2419 ) ;
#2416 = PLANE ( 'NONE',  #560 ) ;
#2417 = COLOUR_RGB ( '',0.8431372549019607900, 0.8431372549019607900, 0.8431372549019607900 ) ;
#2418 = PRESENTATION_LAYER_ASSIGNMENT (  '', '', ( #2262 ) ) ;
#2419 = SURFACE_SIDE_STYLE ('',( #1662 ) ) ;
#2420 =( NAMED_UNIT ( * ) SI_UNIT ( $, .STERADIAN. ) SOLID_ANGLE_UNIT ( ) );
#2421 =( GEOMETRIC_REPRESENTATION_CONTEXT ( 3 ) GLOBAL_UNCERTAINTY_ASSIGNED_CONTEXT ( ( #2105 ) ) GLOBAL_UNIT_ASSIGNED_CONTEXT ( ( #1881, #1869, #1818 ) ) REPRESENTATION_CONTEXT ( 'NONE', 'WORKASPACE' ) );
#2422 = FILL_AREA_STYLE ('',( #2399 ) ) ;
#2423 = CARTESIAN_POINT ( 'NONE',  ( 403.1222854268568800, -241.5038646174869300, 2124.793876189430200 ) ) ;
#2424 = UNCERTAINTY_MEASURE_WITH_UNIT (LENGTH_MEASURE( 1.000000000000000100E-005 ), #2599, 'distance_accuracy_value', 'NONE');
#2425 = AXIS2_PLACEMENT_3D ( 'NONE', #2613, #2606, #2608 ) ;
#2426 = CARTESIAN_POINT ( 'NONE',  ( 409.3868542287576700, -239.0904593018860300, 2130.050475557088700 ) ) ;
#2427 =( NAMED_UNIT ( * ) PLANE_ANGLE_UNIT ( ) SI_UNIT ( $, .RADIAN. ) );
#2428 = DIRECTION ( 'NONE',  ( 0.0000000000000000000, 1.000000000000000000, 3.491483361109382500E-015 ) ) ;
#2429 =( LENGTH_UNIT ( ) NAMED_UNIT ( * ) SI_UNIT ( .MILLI., .METRE. ) );
#2430 = FILL_AREA_STYLE_COLOUR ( '', #1049 ) ;
#2431 = CARTESIAN_POINT ( 'NONE',  ( 397.1701453403488200, -244.6565044138640100, 2119.799434446593300 ) ) ;
#2432 = AXIS2_PLACEMENT_3D ( 'NONE', #582, #572, #527 ) ;
#2433 = CARTESIAN_POINT ( 'NONE',  ( 422.2369696694086100, -235.8591911693396000, 2140.833005284604000 ) ) ;
#2434 = SURFACE_STYLE_USAGE ( .BOTH. , #2393 ) ;
#2435 = ORIENTED_EDGE ( 'NONE', *, *, #2915, .T. ) ;
#2436 = AXIS2_PLACEMENT_3D ( 'NONE', #110, #172, #104 ) ;
#2437 = CARTESIAN_POINT ( 'NONE',  ( 397.1763780798465300, -244.4760187591597000, 2119.792319473210200 ) ) ;
#2438 = CIRCLE ( 'NONE', #2247, 59.44373399640401300 ) ;
#2439 = ORIENTED_EDGE ( 'NONE', *, *, #1916, .T. ) ;
#2440 = CARTESIAN_POINT ( 'NONE',  ( 428.8218854154021100, -235.0414569688326500, 2146.358406245336000 ) ) ;
#2441 = SURFACE_STYLE_FILL_AREA ( #2119 ) ;
#2442 = CARTESIAN_POINT ( 'NONE',  ( 403.1284893587421700, -241.3233789481674300, 2124.786735979468600 ) ) ;
#2443 = EDGE_CURVE ( 'NONE', #2639, #540, #1119, .T. ) ;
#2444 = CARTESIAN_POINT ( 'NONE',  ( 435.4073028936930400, -235.0414569687133100, 2151.884227622922900 ) ) ;
#2445 = EDGE_LOOP ( 'NONE', ( #477, #2307, #101, #698, #1961, #1131 ) ) ;
#2446 = DIRECTION ( 'NONE',  ( 0.0000000000000000000, 3.604620209821938900E-015, -1.000000000000000000 ) ) ;
#2447 = PRESENTATION_LAYER_ASSIGNMENT (  '', '', ( #1122 ) ) ;
#2448 = VERTEX_POINT ( 'NONE', #1442 ) ;
#2449 = CARTESIAN_POINT ( 'NONE',  ( 397.1826108193441800, -244.2955331044553600, 2119.785204499827600 ) ) ;
#2450 = ORIENTED_EDGE ( 'NONE', *, *, #1670, .F. ) ;
#2451 = CARTESIAN_POINT ( 'NONE',  ( 409.3930320844837100, -238.9099736471816900, 2130.043312801442900 ) ) ;
#2452 = CARTESIAN_POINT ( 'NONE',  ( 115.3666652091818900, -331.4407600155024600, 2318.823280077606300 ) ) ;
#2453 = CARTESIAN_POINT ( 'NONE',  ( 422.2430975598167600, -235.6787055146352500, 2140.825799736119700 ) ) ;
#2454 = CARTESIAN_POINT ( 'NONE',  ( 428.8279894406501300, -234.8609713141282800, 2146.351180475856800 ) ) ;
#2455 =( NAMED_UNIT ( * ) PLANE_ANGLE_UNIT ( ) SI_UNIT ( $, .RADIAN. ) );
#2456 = CARTESIAN_POINT ( 'NONE',  ( 435.4133829267890400, -234.8609713140089900, 2151.876981721638000 ) ) ;
#2457 = CARTESIAN_POINT ( 'NONE',  ( 403.1408972225129300, -240.9624076095284400, 2124.772455559546400 ) ) ;
#2458 = CARTESIAN_POINT ( 'NONE',  ( 403.1346932906275800, -241.1428932788479400, 2124.779595769507100 ) ) ;
#2459 = CARTESIAN_POINT ( 'NONE',  ( 409.3992099402098000, -238.7294879924773700, 2130.036150045795700 ) ) ;
#2460 =( GEOMETRIC_REPRESENTATION_CONTEXT ( 3 ) GLOBAL_UNCERTAINTY_ASSIGNED_CONTEXT ( ( #935 ) ) GLOBAL_UNIT_ASSIGNED_CONTEXT ( ( #2347, #2334, #2338 ) ) REPRESENTATION_CONTEXT ( 'NONE', 'WORKASPACE' ) );
#2461 = UNCERTAINTY_MEASURE_WITH_UNIT (LENGTH_MEASURE( 1.000000000000000100E-005 ), #437, 'distance_accuracy_value', 'NONE');
#2462 = CARTESIAN_POINT ( 'NONE',  ( 422.2492254502249100, -235.4982198599309400, 2140.818594187634100 ) ) ;
#2463 = DIRECTION ( 'NONE',  ( 0.0000000000000000000, -1.000000000000000000, -3.491483361109382500E-015 ) ) ;
#2464 = CARTESIAN_POINT ( 'NONE',  ( 428.8340934658982600, -234.6804856594239900, 2146.343954706377600 ) ) ;
#2465 = EDGE_CURVE ( 'NONE', #2397, #982, #1435, .T. ) ;
#2466 = CARTESIAN_POINT ( 'NONE',  ( 435.4194629598850400, -234.6804856593046500, 2151.869735820352600 ) ) ;
#2467 = CARTESIAN_POINT ( 'NONE',  ( 397.1888435588418800, -244.1150474497510500, 2119.778089526444500 ) ) ;
#2468 = CARTESIAN_POINT ( 'NONE',  ( 403.7612904110514500, -222.9138406775776400, 2124.058434563375200 ) ) ;
#2469 = ORIENTED_EDGE ( 'NONE', *, *, #202, .F. ) ;
#2470 =( GEOMETRIC_REPRESENTATION_CONTEXT ( 3 ) GLOBAL_UNCERTAINTY_ASSIGNED_CONTEXT ( ( #1342 ) ) GLOBAL_UNIT_ASSIGNED_CONTEXT ( ( #1892, #1903, #1941 ) ) REPRESENTATION_CONTEXT ( 'NONE', 'WORKASPACE' ) );
#2471 = CIRCLE ( 'NONE', #2973, 38.00000000000025600 ) ;
#2472 = CARTESIAN_POINT ( 'NONE',  ( 409.4053877959358900, -238.5490023377730300, 2130.028987290149400 ) ) ;
#2473 = ORIENTED_EDGE ( 'NONE', *, *, #1047, .T. ) ;
#2474 = LINE ( 'NONE', #1815, #2403 ) ;
#2475 = LINE ( 'NONE', #1244, #1420 ) ;
#2476 = STYLED_ITEM ( 'NONE', ( #1524 ), #638 ) ;
#2477 =( BOUNDED_CURVE ( )  B_SPLINE_CURVE ( 3, ( #2651, #2660, #2644, #2641 ),
 .UNSPECIFIED., .F., .F. ) 
 B_SPLINE_CURVE_WITH_KNOTS ( ( 4, 4 ),
 ( 1.434164319832897700, 3.162037569536964000 ),
 .UNSPECIFIED. ) 
 CURVE ( )  GEOMETRIC_REPRESENTATION_ITEM ( )  RATIONAL_B_SPLINE_CURVE ( ( 1.000000000000000000, 0.7662993857282305300, 0.7662993857282305300, 1.000000000000000000 ) ) 
 REPRESENTATION_ITEM ( '' )  );
#2478 = CARTESIAN_POINT ( 'NONE',  ( 422.2553533406330600, -235.3177342052266000, 2140.811388639149800 ) ) ;
#2479 = CARTESIAN_POINT ( 'NONE',  ( 428.8401974911462800, -234.5000000047196200, 2146.336728936898500 ) ) ;
#2480 = FILL_AREA_STYLE_COLOUR ( '', #2573 ) ;
#2481 = CARTESIAN_POINT ( 'NONE',  ( 435.4255429929810400, -234.5000000046003400, 2151.862489919068100 ) ) ;
#2482 = CARTESIAN_POINT ( 'NONE',  ( 410.0231733685482700, -220.5004368673406000, 2129.312711725506700 ) ) ;
#2483 = MECHANICAL_DESIGN_GEOMETRIC_PRESENTATION_REPRESENTATION (  '', ( #268 ), #2421 ) ;
#2484 = SURFACE_STYLE_FILL_AREA ( #2605 ) ;
#2485 = ORIENTED_EDGE ( 'NONE', *, *, #2133, .T. ) ;
#2486 = EDGE_LOOP ( 'NONE', ( #2072, #2955, #1289, #862 ) ) ;
#2487 = FACE_OUTER_BOUND ( 'NONE', #2050, .T. ) ;
#2488 = CARTESIAN_POINT ( 'NONE',  ( 397.8121175086115500, -226.0664819793185500, 2119.066592188171400 ) ) ;
#2489 = FILL_AREA_STYLE ('',( #2480 ) ) ;
#2490 = ORIENTED_EDGE ( 'NONE', *, *, #1351, .T. ) ;
#2491 = CARTESIAN_POINT ( 'NONE',  ( 422.8681423814479100, -217.2691687347941100, 2140.090833790655300 ) ) ;
#2492 = CARTESIAN_POINT ( 'NONE',  ( 429.4506000159523200, -216.4514345342871600, 2145.614151988967900 ) ) ;
#2493 = EDGE_CURVE ( 'NONE', #1600, #324, #1882, .T. ) ;
#2494 = CARTESIAN_POINT ( 'NONE',  ( 436.0335463025779200, -216.4514345341678400, 2151.137899790545800 ) ) ;
#2495 = PRESENTATION_STYLE_ASSIGNMENT (( #126 ) ) ;
#2496 = CARTESIAN_POINT ( 'NONE',  ( 398.4353914583813300, -208.0179165088860600, 2118.355094849898300 ) ) ;
#2497 = PLANE ( 'NONE',  #2302 ) ;
#2498 = CARTESIAN_POINT ( 'NONE',  ( 397.1888435589887600, -244.1150474451920300, 2119.778089526255400 ) ) ;
#2499 = PRESENTATION_LAYER_ASSIGNMENT (  '', '', ( #742 ) ) ;
#2500 = PRESENTATION_STYLE_ASSIGNMENT (( #2863 ) ) ;
#2501 = FACE_OUTER_BOUND ( 'NONE', #701, .T. ) ;
#2502 = CARTESIAN_POINT ( 'NONE',  ( 410.6409589411606500, -202.4518713969080700, 2128.596436160864000 ) ) ;
#2503 =( NAMED_UNIT ( * ) PLANE_ANGLE_UNIT ( ) SI_UNIT ( $, .RADIAN. ) );
#2504 = CONICAL_SURFACE ( 'NONE', #1499, 50.24077792830405500, 0.05235987755983436500 ) ;
#2505 = EDGE_CURVE ( 'NONE', #2267, #1118, #2633, .T. ) ;
#2506 = STYLED_ITEM ( 'NONE', ( #157 ), #517 ) ;
#2507 = CARTESIAN_POINT ( 'NONE',  ( 423.4809314222628100, -199.2206032643616700, 2139.370278942161800 ) ) ;
#2508 = CARTESIAN_POINT ( 'NONE',  ( 404.3816835995899100, -204.8652737456268900, 2123.344413567204400 ) ) ;
#2509 = PRESENTATION_STYLE_ASSIGNMENT (( #770 ) ) ;
#2510 = AXIS2_PLACEMENT_3D ( 'NONE', #1695, #1693, #1685 ) ;
#2511 = CARTESIAN_POINT ( 'NONE',  ( 430.0610025407583000, -198.4028690638546900, 2144.891575041037900 ) ) ;
#2512 = CARTESIAN_POINT ( 'NONE',  ( 240.8900834781439100, -320.9233053712800900, 2069.368844716074800 ) ) ;
#2513 = ORIENTED_EDGE ( 'NONE', *, *, #2614, .F. ) ;
#2514 = COLOUR_RGB ( '',0.8431372549019607900, 0.8431372549019607900, 0.8431372549019607900 ) ;
#2515 = DIRECTION ( 'NONE',  ( 0.0000000000000000000, -3.333835021512894300E-015, 1.000000000000000000 ) ) ;
#2516 = EDGE_LOOP ( 'NONE', ( #887, #940, #2655, #2843, #612 ) ) ;
#2517 = CARTESIAN_POINT ( 'NONE',  ( 436.6415496121748600, -198.4028690637353800, 2150.413309662024400 ) ) ;
#2518 = CIRCLE ( 'NONE', #665, 20.00000000000001800 ) ;
#2519 = CARTESIAN_POINT ( 'NONE',  ( 399.0586654081509400, -189.9693510384536200, 2117.643597511625100 ) ) ;
#2520 =( BOUNDED_CURVE ( )  B_SPLINE_CURVE ( 3, ( #1038, #1082, #1026, #1023 ),
 .UNSPECIFIED., .F., .T. ) 
 B_SPLINE_CURVE_WITH_KNOTS ( ( 4, 4 ),
 ( 5.504612706309537900E-014, 0.09549455637275211500 ),
 .UNSPECIFIED. ) 
 CURVE ( )  GEOMETRIC_REPRESENTATION_ITEM ( )  RATIONAL_B_SPLINE_CURVE ( ( 1.000000000000000000, 0.9992402101726212100, 0.9992402101726212100, 1.000000000000000000 ) ) 
 REPRESENTATION_ITEM ( '' )  );
#2521 = ORIENTED_EDGE ( 'NONE', *, *, #870, .T. ) ;
#2522 =( GEOMETRIC_REPRESENTATION_CONTEXT ( 3 ) GLOBAL_UNCERTAINTY_ASSIGNED_CONTEXT ( ( #1461 ) ) GLOBAL_UNIT_ASSIGNED_CONTEXT ( ( #2621, #2455, #2588 ) ) REPRESENTATION_CONTEXT ( 'NONE', 'WORKASPACE' ) );
#2523 = CARTESIAN_POINT ( 'NONE',  ( 411.2587445137730200, -184.4033059264755800, 2127.880160596221200 ) ) ;
#2524 = UNCERTAINTY_MEASURE_WITH_UNIT (LENGTH_MEASURE( 1.000000000000000100E-005 ), #2429, 'distance_accuracy_value', 'NONE');
#2525 = MECHANICAL_DESIGN_GEOMETRIC_PRESENTATION_REPRESENTATION (  '', ( #787 ), #1585 ) ;
#2526 = CARTESIAN_POINT ( 'NONE',  ( 405.0020767881284200, -186.8167068136759800, 2122.630392571034000 ) ) ;
#2527 = CARTESIAN_POINT ( 'NONE',  ( 65.17147012129331100, -300.5000000000362700, 2312.514891375083200 ) ) ;
#2528 = CARTESIAN_POINT ( 'NONE',  ( 424.0937204630777700, -181.1720377939291800, 2138.649724093668300 ) ) ;
#2529 = CARTESIAN_POINT ( 'NONE',  ( 430.6714050655643900, -180.3543035934221700, 2144.168998093107300 ) ) ;
#2530 =( LENGTH_UNIT ( ) NAMED_UNIT ( * ) SI_UNIT ( .MILLI., .METRE. ) );
#2531 = SURFACE_STYLE_FILL_AREA ( #2902 ) ;
#2532 = CARTESIAN_POINT ( 'NONE',  ( 644.7199994035461300, -144.7500000000364400, 2369.254424358940500 ) ) ;
#2533 = SURFACE_STYLE_USAGE ( .BOTH. , #2572 ) ;
#2534 = COLOUR_RGB ( '',0.8431372549019607900, 0.8431372549019607900, 0.8431372549019607900 ) ;
#2535 = LINE ( 'NONE', #728, #2676 ) ;
#2536 =( GEOMETRIC_REPRESENTATION_CONTEXT ( 3 ) GLOBAL_UNCERTAINTY_ASSIGNED_CONTEXT ( ( #64 ) ) GLOBAL_UNIT_ASSIGNED_CONTEXT ( ( #768, #764, #759 ) ) REPRESENTATION_CONTEXT ( 'NONE', 'WORKASPACE' ) );
#2537 = COLOUR_RGB ( '',0.8431372549019607900, 0.8431372549019607900, 0.8431372549019607900 ) ;
#2538 = FILL_AREA_STYLE ('',( #1744 ) ) ;
#2539 = SURFACE_STYLE_FILL_AREA ( #1065 ) ;
#2540 = CIRCLE ( 'NONE', #761, 38.49999999999997900 ) ;
#2541 = CARTESIAN_POINT ( 'NONE',  ( 644.7199994035461300, -138.2500000000364400, 2369.254424358940500 ) ) ;
#2542 = PRODUCT_DEFINITION ( 'UNKNOWN', '', #1783, #586 ) ;
#2543 = UNCERTAINTY_MEASURE_WITH_UNIT (LENGTH_MEASURE( 1.000000000000000100E-005 ), #2703, 'distance_accuracy_value', 'NONE');
#2544 = DIRECTION ( 'NONE',  ( 0.0000000000000000000, 3.172065784643291600E-015, -1.000000000000000000 ) ) ;
#2545 = B_SPLINE_CURVE_WITH_KNOTS ( 'NONE', 3,
 ( #1753, #1778, #1757, #1726, #1730, #1686, #1713, #1694, #1683, #1659 ),
 .UNSPECIFIED., .F., .F.,
 ( 4, 2, 2, 2, 4 ),
 ( 0.0000000000000000000, 0.01218755453190159400, 0.02437510906380318700, 0.03656266359570477900, 0.04875021812760637500 ),
 .UNSPECIFIED. ) ;
#2546 = COLOUR_RGB ( '',0.2901960784313725200, 0.3294117647058823500, 0.3490196078431372400 ) ;
#2547 = PRESENTATION_STYLE_ASSIGNMENT (( #2434 ) ) ;
#2548 =( NAMED_UNIT ( * ) SI_UNIT ( $, .STERADIAN. ) SOLID_ANGLE_UNIT ( ) );
#2549 = CARTESIAN_POINT ( 'NONE',  ( -117.2327345550499400, -344.9996716050671900, 2248.572967037159700 ) ) ;
#2550 =( NAMED_UNIT ( * ) PLANE_ANGLE_UNIT ( ) SI_UNIT ( $, .RADIAN. ) );
#2551 = VERTEX_POINT ( 'NONE', #1394 ) ;
#2552 = VECTOR ( 'NONE', #1598, 1000.000000000000000 ) ;
#2553 = DIRECTION ( 'NONE',  ( -0.0000000000000000000, 1.000000000000000000, 3.491483361109382500E-015 ) ) ;
#2554 = LINE ( 'NONE', #2009, #99 ) ;
#2555 = LINE ( 'NONE', #1371, #1933 ) ;
#2556 =( LENGTH_UNIT ( ) NAMED_UNIT ( * ) SI_UNIT ( .MILLI., .METRE. ) );
#2557 = DIRECTION ( 'NONE',  ( 0.0000000000000000000, 3.172065784643291600E-015, -1.000000000000000000 ) ) ;
#2558 = FACE_OUTER_BOUND ( 'NONE', #1927, .T. ) ;
#2559 = ORIENTED_EDGE ( 'NONE', *, *, #1184, .T. ) ;
#2560 = AXIS2_PLACEMENT_3D ( 'NONE', #2137, #2145, #2116 ) ;
#2561 = EDGE_CURVE ( 'NONE', #1214, #2810, #2555, .T. ) ;
#2562 = SURFACE_STYLE_USAGE ( .BOTH. , #2571 ) ;
#2563 = ORIENTED_EDGE ( 'NONE', *, *, #2143, .T. ) ;
#2564 = VERTEX_POINT ( 'NONE', #1368 ) ;
#2565 = EDGE_CURVE ( 'NONE', #335, #2039, #185, .T. ) ;
#2566 = MECHANICAL_DESIGN_GEOMETRIC_PRESENTATION_REPRESENTATION (  '', ( #2402 ), #436 ) ;
#2567 = CARTESIAN_POINT ( 'NONE',  ( -117.2327345550499400, -362.5000000000359300, 2248.572967037159300 ) ) ;
#2568 = AXIS2_PLACEMENT_3D ( 'NONE', #445, #444, #426 ) ;
#2569 = FACE_OUTER_BOUND ( 'NONE', #1013, .T. ) ;
#2570 = FILL_AREA_STYLE ('',( #2430 ) ) ;
#2571 = SURFACE_SIDE_STYLE ('',( #2484 ) ) ;
#2572 = SURFACE_SIDE_STYLE ('',( #2241 ) ) ;
#2573 = COLOUR_RGB ( '',0.8431372549019607900, 0.8431372549019607900, 0.8431372549019607900 ) ;
#2574 = UNCERTAINTY_MEASURE_WITH_UNIT (LENGTH_MEASURE( 1.000000000000000100E-005 ), #2749, 'distance_accuracy_value', 'NONE');
#2575 = MECHANICAL_DESIGN_GEOMETRIC_PRESENTATION_REPRESENTATION (  '', ( #2262 ), #2725 ) ;
#2576 = DIRECTION ( 'NONE',  ( -0.9349400621987485900, 0.0000000000000000000, 0.3548056934376902500 ) ) ;
#2577 = FACE_OUTER_BOUND ( 'NONE', #1171, .T. ) ;
#2578 = CARTESIAN_POINT ( 'NONE',  ( 437.2495529217718500, -180.3543035933029200, 2149.688719533504400 ) ) ;
#2579 = DIRECTION ( 'NONE',  ( 5.556391702521489800E-016, 1.000000000000000000, 3.333835021512904100E-015 ) ) ;
#2580 = FILL_AREA_STYLE_COLOUR ( '', #1870 ) ;
#2581 = FACE_OUTER_BOUND ( 'NONE', #2914, .T. ) ;
#2582 = CARTESIAN_POINT ( 'NONE',  ( -82.52640200807715600, -462.4563272982441000, 2200.037586719943200 ) ) ;
#2583 = SURFACE_STYLE_FILL_AREA ( #2489 ) ;
#2584 = MECHANICAL_DESIGN_GEOMETRIC_PRESENTATION_REPRESENTATION (  '', ( #1436 ), #1261 ) ;
#2585 = DIRECTION ( 'NONE',  ( -0.3543194445659546600, -0.05233595624294064300, -0.9336587593369487500 ) ) ;
#2586 = ORIENTED_EDGE ( 'NONE', *, *, #2806, .F. ) ;
#2587 =( NAMED_UNIT ( * ) SI_UNIT ( $, .STERADIAN. ) SOLID_ANGLE_UNIT ( ) );
#2588 =( NAMED_UNIT ( * ) SI_UNIT ( $, .STERADIAN. ) SOLID_ANGLE_UNIT ( ) );
#2589 = EDGE_LOOP ( 'NONE', ( #1517, #113, #965, #2180 ) ) ;
#2590 = EDGE_CURVE ( 'NONE', #394, #1214, #1356, .T. ) ;
#2591 = VECTOR ( 'NONE', #662, 1000.000000000000000 ) ;
#2592 = CARTESIAN_POINT ( 'NONE',  ( 644.7199994035460100, -184.5000000000363800, 2331.254424358940500 ) ) ;
#2593 = SURFACE_SIDE_STYLE ('',( #2698 ) ) ;
#2594 =( NAMED_UNIT ( * ) PLANE_ANGLE_UNIT ( ) SI_UNIT ( $, .RADIAN. ) );
#2595 = EDGE_CURVE ( 'NONE', #1704, #336, #1676, .T. ) ;
#2596 = DIRECTION ( 'NONE',  ( 0.0000000000000000000, 3.867158060065510000E-015, -1.000000000000000000 ) ) ;
#2597 =( GEOMETRIC_REPRESENTATION_CONTEXT ( 3 ) GLOBAL_UNCERTAINTY_ASSIGNED_CONTEXT ( ( #1982 ) ) GLOBAL_UNIT_ASSIGNED_CONTEXT ( ( #539, #536, #532 ) ) REPRESENTATION_CONTEXT ( 'NONE', 'WORKASPACE' ) );
#2598 = ORIENTED_EDGE ( 'NONE', *, *, #2712, .F. ) ;
#2599 =( LENGTH_UNIT ( ) NAMED_UNIT ( * ) SI_UNIT ( .MILLI., .METRE. ) );
#2600 = SURFACE_STYLE_USAGE ( .BOTH. , #2593 ) ;
#2601 = SURFACE_STYLE_USAGE ( .BOTH. , #2610 ) ;
#2602 = CIRCLE ( 'NONE', #4, 20.00000000000001800 ) ;
#2603 = STYLED_ITEM ( 'NONE', ( #1497 ), #487 ) ;
#2604 = ORIENTED_EDGE ( 'NONE', *, *, #1230, .F. ) ;
#2605 = FILL_AREA_STYLE ('',( #2580 ) ) ;
#2606 = DIRECTION ( 'NONE',  ( -0.1562200770427034100, -0.05233595624294739400, 0.9863347480510398200 ) ) ;
#2607 = EDGE_CURVE ( 'NONE', #982, #1895, #1144, .T. ) ;
#2608 = DIRECTION ( 'NONE',  ( 0.9876883405951382100, 0.0000000000000000000, 0.1564344650402278700 ) ) ;
#2609 = STYLED_ITEM ( 'NONE', ( #868 ), #82 ) ;
#2610 = SURFACE_SIDE_STYLE ('',( #2138 ) ) ;
#2611 = FACE_BOUND ( 'NONE', #1278, .T. ) ;
#2612 = SURFACE_STYLE_FILL_AREA ( #1147 ) ;
#2613 = CARTESIAN_POINT ( 'NONE',  ( -111.5541701388949000, -350.5000000000361500, 2281.871247309275100 ) ) ;
#2614 = EDGE_CURVE ( 'NONE', #2448, #1132, #724, .T. ) ;
#2615 = CONICAL_SURFACE ( 'NONE', #471, 49.95251793179633600, 0.7330382858376092200 ) ;
#2616 =( NAMED_UNIT ( * ) PLANE_ANGLE_UNIT ( ) SI_UNIT ( $, .RADIAN. ) );
#2617 = UNCERTAINTY_MEASURE_WITH_UNIT (LENGTH_MEASURE( 1.000000000000000100E-005 ), #42, 'distance_accuracy_value', 'NONE');
#2618 = FACE_BOUND ( 'NONE', #1400, .T. ) ;
#2619 = PRESENTATION_LAYER_ASSIGNMENT (  '', '', ( #2146 ) ) ;
#2620 =( NAMED_UNIT ( * ) SI_UNIT ( $, .STERADIAN. ) SOLID_ANGLE_UNIT ( ) );
#2621 =( LENGTH_UNIT ( ) NAMED_UNIT ( * ) SI_UNIT ( .MILLI., .METRE. ) );
#2622 = COLOUR_RGB ( '',0.8431372549019607900, 0.8431372549019607900, 0.8431372549019607900 ) ;
#2623 =( LENGTH_UNIT ( ) NAMED_UNIT ( * ) SI_UNIT ( .MILLI., .METRE. ) );
#2624 = FILL_AREA_STYLE_COLOUR ( '', #2082 ) ;
#2625 = EDGE_LOOP ( 'NONE', ( #72, #1775, #438, #382, #1312, #910 ) ) ;
#2626 = SURFACE_STYLE_USAGE ( .BOTH. , #2631 ) ;
#2627 = FILL_AREA_STYLE ('',( #2689 ) ) ;
#2628 = LINE ( 'NONE', #1717, #2011 ) ;
#2629 = MECHANICAL_DESIGN_GEOMETRIC_PRESENTATION_REPRESENTATION (  '', ( #2001 ), #2928 ) ;
#2630 = ORIENTED_EDGE ( 'NONE', *, *, #1344, .F. ) ;
#2631 = SURFACE_SIDE_STYLE ('',( #2374 ) ) ;
#2632 = FILL_AREA_STYLE ('',( #2645 ) ) ;
#2633 = CIRCLE ( 'NONE', #2673, 49.95251793179633600 ) ;
#2634 = PRESENTATION_STYLE_ASSIGNMENT (( #483 ) ) ;
#2635 = PLANE ( 'NONE',  #2425 ) ;
#2636 = VERTEX_POINT ( 'NONE', #1267 ) ;
#2637 = EDGE_CURVE ( 'NONE', #549, #2697, #1867, .T. ) ;
#2638 = ORIENTED_EDGE ( 'NONE', *, *, #2272, .T. ) ;
#2639 = VERTEX_POINT ( 'NONE', #1245 ) ;
#2640 = PRESENTATION_LAYER_ASSIGNMENT (  '', '', ( #2780 ) ) ;
#2641 = CARTESIAN_POINT ( 'NONE',  ( 240.8900834781439100, -320.9233053712800900, 2069.368844716074800 ) ) ;
#2642 = DIRECTION ( 'NONE',  ( -8.286767271568948000E-016, -1.000000000000000000, -3.867158060065525000E-015 ) ) ;
#2643 = FACE_BOUND ( 'NONE', #1808, .T. ) ;
#2644 = CARTESIAN_POINT ( 'NONE',  ( 233.7271778178454200, -321.3159028213644900, 2109.291902439693800 ) ) ;
#2645 = FILL_AREA_STYLE_COLOUR ( '', #2918 ) ;
#2646 = PRESENTATION_LAYER_ASSIGNMENT (  '', '', ( #2402 ) ) ;
#2647 = DIRECTION ( 'NONE',  ( 0.0000000000000000000, 3.867158060065510000E-015, -1.000000000000000000 ) ) ;
#2648 = PRESENTATION_STYLE_ASSIGNMENT (( #1988 ) ) ;
#2649 = SURFACE_STYLE_FILL_AREA ( #1301 ) ;
#2650 = CARTESIAN_POINT ( 'NONE',  ( 644.7199994035462400, -234.5000000000363200, 2369.254424358939600 ) ) ;
#2651 = CARTESIAN_POINT ( 'NONE',  ( 300.0000000000043800, -287.9460273480205500, 2141.498154809981300 ) ) ;
#2652 = DIRECTION ( 'NONE',  ( 8.286767271568948000E-016, 1.000000000000000000, 3.867158060065525000E-015 ) ) ;
#2653 = CARTESIAN_POINT ( 'NONE',  ( 644.7199994035462400, -234.5000000000363500, 2369.254424358939600 ) ) ;
#2654 = PLANE ( 'NONE',  #679 ) ;
#2655 = ORIENTED_EDGE ( 'NONE', *, *, #2087, .T. ) ;
#2656 = ORIENTED_EDGE ( 'NONE', *, *, #919, .T. ) ;
#2657 = EDGE_CURVE ( 'NONE', #386, #692, #2475, .T. ) ;
#2658 = LINE ( 'NONE', #762, #966 ) ;
#2659 = VECTOR ( 'NONE', #950, 1000.000000000000000 ) ;
#2660 = CARTESIAN_POINT ( 'NONE',  ( 259.4394593024016400, -306.9710837956949900, 2140.667502906588700 ) ) ;
#2661 = AXIS2_PLACEMENT_3D ( 'NONE', #1593, #1589, #1587 ) ;
#2662 = COLOUR_RGB ( '',0.8431372549019607900, 0.8431372549019607900, 0.8431372549019607900 ) ;
#2663 = VERTEX_POINT ( 'NONE', #1255 ) ;
#2664 = EDGE_LOOP ( 'NONE', ( #2300, #2150, #521, #1425, #2666, #656, #2485, #485 ) ) ;
#2665 = DIRECTION ( 'NONE',  ( -0.9876883405951378800, 0.0000000000000000000, -0.1564344650402294500 ) ) ;
#2666 = ORIENTED_EDGE ( 'NONE', *, *, #196, .F. ) ;
#2667 =( NAMED_UNIT ( * ) SI_UNIT ( $, .STERADIAN. ) SOLID_ANGLE_UNIT ( ) );
#2668 =( NAMED_UNIT ( * ) SI_UNIT ( $, .STERADIAN. ) SOLID_ANGLE_UNIT ( ) );
#2669 = STYLED_ITEM ( 'NONE', ( #2279 ), #280 ) ;
#2670 = SURFACE_SIDE_STYLE ('',( #824 ) ) ;
#2671 =( NAMED_UNIT ( * ) PLANE_ANGLE_UNIT ( ) SI_UNIT ( $, .RADIAN. ) );
#2672 =( NAMED_UNIT ( * ) PLANE_ANGLE_UNIT ( ) SI_UNIT ( $, .RADIAN. ) );
#2673 = AXIS2_PLACEMENT_3D ( 'NONE', #1367, #1365, #1363 ) ;
#2674 =( LENGTH_UNIT ( ) NAMED_UNIT ( * ) SI_UNIT ( .MILLI., .METRE. ) );
#2675 = DIRECTION ( 'NONE',  ( -0.0000000000000000000, 1.000000000000000000, 3.491483361109382100E-015 ) ) ;
#2676 = VECTOR ( 'NONE', #717, 1000.000000000000100 ) ;
#2677 = SURFACE_STYLE_USAGE ( .BOTH. , #2670 ) ;
#2678 = VECTOR ( 'NONE', #408, 1000.000000000000000 ) ;
#2679 = SURFACE_STYLE_USAGE ( .BOTH. , #2238 ) ;
#2680 = PRESENTATION_STYLE_ASSIGNMENT (( #1121 ) ) ;
#2681 = FILL_AREA_STYLE ('',( #2705 ) ) ;
#2682 = EDGE_CURVE ( 'NONE', #1207, #68, #650, .T. ) ;
#2683 = FILL_AREA_STYLE ('',( #2920 ) ) ;
#2684 = DIRECTION ( 'NONE',  ( 0.0000000000000000000, 2.775557561562889000E-015, -1.000000000000000000 ) ) ;
#2685 = CARTESIAN_POINT ( 'NONE',  ( -84.63839063760714500, -344.9996716050674200, 2286.426141175109000 ) ) ;
#2686 = ORIENTED_EDGE ( 'NONE', *, *, #1820, .F. ) ;
#2687 = AXIS2_PLACEMENT_3D ( 'NONE', #1712, #1711, #1707 ) ;
#2688 = CARTESIAN_POINT ( 'NONE',  ( -117.2327345550499400, -387.5000000000359300, 2248.572967037159300 ) ) ;
#2689 = FILL_AREA_STYLE_COLOUR ( '', #2097 ) ;
#2690 = CIRCLE ( 'NONE', #2661, 38.49999999999997900 ) ;
#2691 = VERTEX_POINT ( 'NONE', #1235 ) ;
#2692 = CARTESIAN_POINT ( 'NONE',  ( 401.9525389292549000, -234.5000000000364100, 2363.202720027928100 ) ) ;
#2693 = AXIS2_PLACEMENT_3D ( 'NONE', #1831, #1817, #912 ) ;
#2694 = VECTOR ( 'NONE', #1458, 1000.000000000000100 ) ;
#2695 = CARTESIAN_POINT ( 'NONE',  ( 228.0409497733266700, -334.5000000000402500, 3461.237279480709700 ) ) ;
#2696 = DIRECTION ( 'NONE',  ( 0.0000000000000000000, -1.000000000000000000, -3.491483361109382500E-015 ) ) ;
#2697 = VERTEX_POINT ( 'NONE', #1220 ) ;
#2698 = SURFACE_STYLE_FILL_AREA ( #16 ) ;
#2699 = ORIENTED_EDGE ( 'NONE', *, *, #357, .F. ) ;
#2700 = UNCERTAINTY_MEASURE_WITH_UNIT (LENGTH_MEASURE( 1.000000000000000100E-005 ), #1460, 'distance_accuracy_value', 'NONE');
#2701 = DIRECTION ( 'NONE',  ( 0.1564344650402312900, 3.448497407149659400E-015, -0.9876883405951376600 ) ) ;
#2702 = ORIENTED_EDGE ( 'NONE', *, *, #1437, .F. ) ;
#2703 =( LENGTH_UNIT ( ) NAMED_UNIT ( * ) SI_UNIT ( .MILLI., .METRE. ) );
#2704 = FACE_OUTER_BOUND ( 'NONE', #1039, .T. ) ;
#2705 = FILL_AREA_STYLE_COLOUR ( '', #1668 ) ;
#2706 = DIRECTION ( 'NONE',  ( 0.0000000000000000000, -3.965082230804126700E-015, 1.000000000000000000 ) ) ;
#2707 = CARTESIAN_POINT ( 'NONE',  ( 300.0000000000043200, -414.1959594929286900, 2079.999999999998200 ) ) ;
#2708 = DIRECTION ( 'NONE',  ( 0.0000000000000000000, -3.172065784643291600E-015, 1.000000000000000000 ) ) ;
#2709 =( GEOMETRIC_REPRESENTATION_CONTEXT ( 3 ) GLOBAL_UNCERTAINTY_ASSIGNED_CONTEXT ( ( #2131 ) ) GLOBAL_UNIT_ASSIGNED_CONTEXT ( ( #951, #949, #948 ) ) REPRESENTATION_CONTEXT ( 'NONE', 'WORKASPACE' ) );
#2710 = EDGE_CURVE ( 'NONE', #902, #2411, #30, .T. ) ;
#2711 =( LENGTH_UNIT ( ) NAMED_UNIT ( * ) SI_UNIT ( .MILLI., .METRE. ) );
#2712 = EDGE_CURVE ( 'NONE', #1207, #2018, #604, .T. ) ;
#2713 = SURFACE_STYLE_FILL_AREA ( #1218 ) ;
#2714 =( NAMED_UNIT ( * ) SI_UNIT ( $, .STERADIAN. ) SOLID_ANGLE_UNIT ( ) );
#2715 = DIRECTION ( 'NONE',  ( 0.0000000000000000000, 5.556391702521490600E-015, -1.000000000000000000 ) ) ;
#2716 =( NAMED_UNIT ( * ) PLANE_ANGLE_UNIT ( ) SI_UNIT ( $, .RADIAN. ) );
#2717 = CONICAL_SURFACE ( 'NONE', #1756, 49.95251793179633600, 0.05235987755982624700 ) ;
#2718 = CARTESIAN_POINT ( 'NONE',  ( -117.2327345550499400, -341.0000000000358700, 2248.572967037159300 ) ) ;
#2719 = SURFACE_STYLE_USAGE ( .BOTH. , #2720 ) ;
#2720 = SURFACE_SIDE_STYLE ('',( #452 ) ) ;
#2721 = DIRECTION ( 'NONE',  ( 0.0000000000000000000, 1.000000000000000000, 3.491483361109382100E-015 ) ) ;
#2722 = ORIENTED_EDGE ( 'NONE', *, *, #993, .F. ) ;
#2723 =( NAMED_UNIT ( * ) SI_UNIT ( $, .STERADIAN. ) SOLID_ANGLE_UNIT ( ) );
#2724 = COLOUR_RGB ( '',0.8431372549019607900, 0.8431372549019607900, 0.8431372549019607900 ) ;
#2725 =( GEOMETRIC_REPRESENTATION_CONTEXT ( 3 ) GLOBAL_UNCERTAINTY_ASSIGNED_CONTEXT ( ( #980 ) ) GLOBAL_UNIT_ASSIGNED_CONTEXT ( ( #2882, #2876, #2842 ) ) REPRESENTATION_CONTEXT ( 'NONE', 'WORKASPACE' ) );
#2726 = DIRECTION ( 'NONE',  ( 0.6419066916072692100, -0.05233595624294129500, -0.7649946058332354200 ) ) ;
#2727 = VECTOR ( 'NONE', #860, 999.9999999999998900 ) ;
#2728 = CIRCLE ( 'NONE', #707, 50.24077792830405500 ) ;
#2729 = PRESENTATION_LAYER_ASSIGNMENT (  '', '', ( #495 ) ) ;
#2730 = FILL_AREA_STYLE_COLOUR ( '', #2808 ) ;
#2731 = COLOUR_RGB ( '',0.8431372549019607900, 0.8431372549019607900, 0.8431372549019607900 ) ;
#2732 = SURFACE_STYLE_FILL_AREA ( #491 ) ;
#2733 = DIRECTION ( 'NONE',  ( -0.7660444431189816800, 0.0000000000000000000, -0.6427876096865350300 ) ) ;
#2734 = CARTESIAN_POINT ( 'NONE',  ( 657.0024018402530100, -234.5000000000362900, 2337.787550454919300 ) ) ;
#2735 =( GEOMETRIC_REPRESENTATION_CONTEXT ( 3 ) GLOBAL_UNCERTAINTY_ASSIGNED_CONTEXT ( ( #2424 ) ) GLOBAL_UNIT_ASSIGNED_CONTEXT ( ( #2599, #2594, #2587 ) ) REPRESENTATION_CONTEXT ( 'NONE', 'WORKASPACE' ) );
#2736 = DIRECTION ( 'NONE',  ( -0.0000000000000000000, -1.000000000000000000, -3.491483361109382500E-015 ) ) ;
#2737 = ORIENTED_EDGE ( 'NONE', *, *, #2443, .F. ) ;
#2738 = CIRCLE ( 'NONE', #1326, 35.00000000000014200 ) ;
#2739 =( NAMED_UNIT ( * ) SI_UNIT ( $, .STERADIAN. ) SOLID_ANGLE_UNIT ( ) );
#2740 = UNCERTAINTY_MEASURE_WITH_UNIT (LENGTH_MEASURE( 1.000000000000000100E-005 ), #2168, 'distance_accuracy_value', 'NONE');
#2741 = EDGE_LOOP ( 'NONE', ( #909, #844 ) ) ;
#2742 = ORIENTED_EDGE ( 'NONE', *, *, #1820, .T. ) ;
#2743 = EDGE_CURVE ( 'NONE', #1178, #1601, #2404, .T. ) ;
#2744 = B_SPLINE_SURFACE_WITH_KNOTS ( 'NONE', 3, 3, ( 
 ( #433, #163, #209, #201, #139, #173 ),
 ( #153, #106, #1541, #1970, #119, #1819 ),
 ( #636, #801, #599, #1044, #1257, #1284 ),
 ( #998, #198, #1609, #1619, #1597, #1605 ),
 ( #1549, #1603, #1569, #1630, #1584, #1646 ),
 ( #1562, #1616, #1555, #1623, #1613, #1580 ),
 ( #1161, #1164, #1174, #1153, #1151, #1142 ) ),
 .UNSPECIFIED., .F., .F., .F.,
 ( 4, 3, 4 ),
 ( 4, 2, 4 ),
 ( 0.4977911692568594000, 0.9159530877851275200, 0.9201347069704102200 ),
 ( 4.712388980384688800, 4.933445607179804100, 5.154502233974919400 ),
 .UNSPECIFIED. ) ;
#2745 = VECTOR ( 'NONE', #2944, 1000.000000000000100 ) ;
#2746 =( NAMED_UNIT ( * ) SI_UNIT ( $, .STERADIAN. ) SOLID_ANGLE_UNIT ( ) );
#2747 =( NAMED_UNIT ( * ) PLANE_ANGLE_UNIT ( ) SI_UNIT ( $, .RADIAN. ) );
#2748 = STYLED_ITEM ( 'NONE', ( #1401 ), #405 ) ;
#2749 =( LENGTH_UNIT ( ) NAMED_UNIT ( * ) SI_UNIT ( .MILLI., .METRE. ) );
#2750 =( NAMED_UNIT ( * ) PLANE_ANGLE_UNIT ( ) SI_UNIT ( $, .RADIAN. ) );
#2751 = SURFACE_STYLE_USAGE ( .BOTH. , #2838 ) ;
#2752 = FACE_OUTER_BOUND ( 'NONE', #245, .T. ) ;
#2753 = PRESENTATION_LAYER_ASSIGNMENT (  '', '', ( #2603 ) ) ;
#2754 = DIRECTION ( 'NONE',  ( 0.0000000000000000000, 1.000000000000000000, 3.491483361109382500E-015 ) ) ;
#2755 = EDGE_CURVE ( 'NONE', #890, #960, #1802, .T. ) ;
#2756 = STYLED_ITEM ( 'NONE', ( #617 ), #676 ) ;
#2757 =( LENGTH_UNIT ( ) NAMED_UNIT ( * ) SI_UNIT ( .MILLI., .METRE. ) );
#2758 = FILL_AREA_STYLE ('',( #2787 ) ) ;
#2759 = PRESENTATION_LAYER_ASSIGNMENT (  '', '', ( #1661 ) ) ;
#2760 = SURFACE_STYLE_USAGE ( .BOTH. , #2778 ) ;
#2761 = CYLINDRICAL_SURFACE ( 'NONE', #474, 35.00000000000014200 ) ;
#2762 = DIRECTION ( 'NONE',  ( 0.0000000000000000000, 3.469446951953611000E-015, -1.000000000000000000 ) ) ;
#2763 = ORIENTED_EDGE ( 'NONE', *, *, #430, .F. ) ;
#2764 = VECTOR ( 'NONE', #1748, 1000.000000000000000 ) ;
#2765 = ORIENTED_EDGE ( 'NONE', *, *, #1296, .F. ) ;
#2766 = MECHANICAL_DESIGN_GEOMETRIC_PRESENTATION_REPRESENTATION (  '', ( #2146 ), #84 ) ;
#2767 = EDGE_CURVE ( 'NONE', #549, #1172, #100, .T. ) ;
#2768 = FACE_OUTER_BOUND ( 'NONE', #2983, .T. ) ;
#2769 = FILL_AREA_STYLE ('',( #2730 ) ) ;
#2770 = DIRECTION ( 'NONE',  ( 0.0000000000000000000, -3.172065784643291600E-015, 1.000000000000000000 ) ) ;
#2771 = FACE_OUTER_BOUND ( 'NONE', #661, .T. ) ;
#2772 = EDGE_CURVE ( 'NONE', #830, #1600, #584, .T. ) ;
#2773 = PRESENTATION_LAYER_ASSIGNMENT (  '', '', ( #1145 ) ) ;
#2774 = FILL_AREA_STYLE ('',( #2813 ) ) ;
#2775 = CARTESIAN_POINT ( 'NONE',  ( 644.7199994035461300, -130.5000000000364400, 2369.254424358940500 ) ) ;
#2776 = ORIENTED_EDGE ( 'NONE', *, *, #1789, .F. ) ;
#2777 = AXIS2_PLACEMENT_3D ( 'NONE', #2363, #2370, #2327 ) ;
#2778 = SURFACE_SIDE_STYLE ('',( #1287 ) ) ;
#2779 = FILL_AREA_STYLE ('',( #1848 ) ) ;
#2780 = STYLED_ITEM ( 'NONE', ( #142 ), #59 ) ;
#2781 = COLOUR_RGB ( '',0.8431372549019607900, 0.8431372549019607900, 0.8431372549019607900 ) ;
#2782 = PLANE ( 'NONE',  #380 ) ;
#2783 = SURFACE_STYLE_FILL_AREA ( #1469 ) ;
#2784 = PRESENTATION_STYLE_ASSIGNMENT (( #2328 ) ) ;
#2785 = AXIS2_PLACEMENT_3D ( 'NONE', #1738, #1737, #1725 ) ;
#2786 = SURFACE_STYLE_FILL_AREA ( #2380 ) ;
#2787 = FILL_AREA_STYLE_COLOUR ( '', #60 ) ;
#2788 = PRESENTATION_LAYER_ASSIGNMENT (  '', '', ( #652 ) ) ;
#2789 = FACE_BOUND ( 'NONE', #480, .T. ) ;
#2790 = FACE_OUTER_BOUND ( 'NONE', #1511, .T. ) ;
#2791 = UNCERTAINTY_MEASURE_WITH_UNIT (LENGTH_MEASURE( 1.000000000000000100E-005 ), #2623, 'distance_accuracy_value', 'NONE');
#2792 = LINE ( 'NONE', #1317, #2861 ) ;
#2793 = ORIENTED_EDGE ( 'NONE', *, *, #653, .T. ) ;
#2794 = COLOUR_RGB ( '',0.2901960784313725200, 0.3294117647058823500, 0.3490196078431372400 ) ;
#2795 = B_SPLINE_CURVE_WITH_KNOTS ( 'NONE', 3,
 ( #1858, #1835, #1806, #1805, #1804, #1798, #1790, #1786, #1785, #1784 ),
 .UNSPECIFIED., .F., .F.,
 ( 4, 2, 2, 2, 4 ),
 ( 9.365931835698266600E-012, 0.01279614223812810200, 0.02559228446689027300, 0.03838842669565244200, 0.05118456892441461400 ),
 .UNSPECIFIED. ) ;
#2796 = EDGE_CURVE ( 'NONE', #688, #1051, #1202, .T. ) ;
#2797 = PRESENTATION_LAYER_ASSIGNMENT (  '', '', ( #787 ) ) ;
#2798 = VECTOR ( 'NONE', #1034, 1000.000000000000200 ) ;
#2799 = CIRCLE ( 'NONE', #2292, 49.95251793179633600 ) ;
#2800 = CARTESIAN_POINT ( 'NONE',  ( 222.0938386947470100, -274.0586195258707700, 2073.874952350969600 ) ) ;
#2801 = CARTESIAN_POINT ( 'NONE',  ( -117.2327345550499400, -362.5000000000361000, 2268.572967037159300 ) ) ;
#2802 =( GEOMETRIC_REPRESENTATION_CONTEXT ( 3 ) GLOBAL_UNCERTAINTY_ASSIGNED_CONTEXT ( ( #255 ) ) GLOBAL_UNIT_ASSIGNED_CONTEXT ( ( #365, #359, #352 ) ) REPRESENTATION_CONTEXT ( 'NONE', 'WORKASPACE' ) );
#2803 = CARTESIAN_POINT ( 'NONE',  ( 212.9998506489199300, -278.0383165025372100, 2077.549162018915500 ) ) ;
#2804 = ORIENTED_EDGE ( 'NONE', *, *, #460, .T. ) ;
#2805 = ORIENTED_EDGE ( 'NONE', *, *, #2090, .T. ) ;
#2806 = EDGE_CURVE ( 'NONE', #2663, #290, #1125, .T. ) ;
#2807 = LINE ( 'NONE', #465, #1552 ) ;
#2808 = COLOUR_RGB ( '',0.2901960784313725200, 0.3294117647058823500, 0.3490196078431372400 ) ;
#2809 = CARTESIAN_POINT ( 'NONE',  ( 194.2309769385567200, -284.6946808703822900, 2085.044988553491300 ) ) ;
#2810 = VERTEX_POINT ( 'NONE', #1117 ) ;
#2811 = CARTESIAN_POINT ( 'NONE',  ( 644.7199994035461300, -138.2500000000364700, 2369.254424358940500 ) ) ;
#2812 = VECTOR ( 'NONE', #2960, 1000.000000000000100 ) ;
#2813 = FILL_AREA_STYLE_COLOUR ( '', #1873 ) ;
#2814 = DIRECTION ( 'NONE',  ( 1.350460240093483900E-031, 1.000000000000000000, 3.497598753536585800E-015 ) ) ;
#2815 = DIRECTION ( 'NONE',  ( 0.0000000000000000000, -3.497598753536585800E-015, 1.000000000000000000 ) ) ;
#2816 = CARTESIAN_POINT ( 'NONE',  ( 203.7042625434129400, -281.5867117172362000, 2081.275701545644600 ) ) ;
#2817 = EDGE_CURVE ( 'NONE', #817, #830, #2332, .T. ) ;
#2818 = DIRECTION ( 'NONE',  ( 1.666917510756447100E-015, -1.000000000000000000, -5.000752532269348700E-015 ) ) ;
#2819 = AXIS2_PLACEMENT_3D ( 'NONE', #2567, #2553, #2544 ) ;
#2820 =( NAMED_UNIT ( * ) SI_UNIT ( $, .STERADIAN. ) SOLID_ANGLE_UNIT ( ) );
#2821 = CARTESIAN_POINT ( 'NONE',  ( -409.0180299105370500, -350.5000000000399000, 3360.337049529761300 ) ) ;
#2822 = CIRCLE ( 'NONE', #1470, 35.00000000000014200 ) ;
#2823 = FACE_BOUND ( 'NONE', #863, .T. ) ;
#2824 = COLOUR_RGB ( '',0.2901960784313725200, 0.3294117647058823500, 0.3490196078431372400 ) ;
#2825 = STYLED_ITEM ( 'NONE', ( #457 ), #511 ) ;
#2826 =( LENGTH_UNIT ( ) NAMED_UNIT ( * ) SI_UNIT ( .MILLI., .METRE. ) );
#2827 = CYLINDRICAL_SURFACE ( 'NONE', #731, 38.49999999999997900 ) ;
#2828 = B_SPLINE_CURVE_WITH_KNOTS ( 'NONE', 3,
 ( #1348, #1379, #1369, #1335 ),
 .UNSPECIFIED., .F., .F.,
 ( 4, 4 ),
 ( 0.0000000000000000000, 1.000000000000000000 ),
 .UNSPECIFIED. ) ;
#2829 = SURFACE_STYLE_USAGE ( .BOTH. , #2858 ) ;
#2830 = PRESENTATION_LAYER_ASSIGNMENT (  '', '', ( #2860 ) ) ;
#2831 =( NAMED_UNIT ( * ) PLANE_ANGLE_UNIT ( ) SI_UNIT ( $, .RADIAN. ) );
#2832 = ORIENTED_EDGE ( 'NONE', *, *, #1763, .T. ) ;
#2833 = LINE ( 'NONE', #1701, #845 ) ;
#2834 = SURFACE_STYLE_USAGE ( .BOTH. , #2835 ) ;
#2835 = SURFACE_SIDE_STYLE ('',( #1496 ) ) ;
#2836 = ORIENTED_EDGE ( 'NONE', *, *, #2443, .T. ) ;
#2837 = EDGE_CURVE ( 'NONE', #1214, #394, #2869, .T. ) ;
#2838 = SURFACE_SIDE_STYLE ('',( #806 ) ) ;
#2839 = PRESENTATION_LAYER_ASSIGNMENT (  '', '', ( #1102 ) ) ;
#2840 = ORIENTED_EDGE ( 'NONE', *, *, #17, .T. ) ;
#2841 = FILL_AREA_STYLE ('',( #2873 ) ) ;
#2842 =( NAMED_UNIT ( * ) SI_UNIT ( $, .STERADIAN. ) SOLID_ANGLE_UNIT ( ) );
#2843 = ORIENTED_EDGE ( 'NONE', *, *, #2806, .T. ) ;
#2844 = PLANE ( 'NONE',  #1105 ) ;
#2845 = DIRECTION ( 'NONE',  ( 0.0000000000000000000, -2.775557561562889000E-015, 1.000000000000000000 ) ) ;
#2846 = PRESENTATION_STYLE_ASSIGNMENT (( #2016 ) ) ;
#2847 = AXIS2_PLACEMENT_3D ( 'NONE', #1033, #929, #808 ) ;
#2848 =( NAMED_UNIT ( * ) PLANE_ANGLE_UNIT ( ) SI_UNIT ( $, .RADIAN. ) );
#2849 = B_SPLINE_SURFACE_WITH_KNOTS ( 'NONE', 3, 3, ( 
 ( #2275, #2251, #2256, #2255, #2243, #2242 ),
 ( #2237, #2235, #2232, #2229, #2227, #2230 ),
 ( #2226, #2221, #2217, #2216, #2211, #2205 ),
 ( #2214, #2213, #2207, #2209, #2206, #2201 ) ),
 .UNSPECIFIED., .F., .F., .F.,
 ( 4, 4 ),
 ( 4, 2, 4 ),
 ( 0.08452785694335604400, 0.3409850007837421100 ),
 ( 4.270275726794460900, 4.491332353589575300, 4.712388980384690600 ),
 .UNSPECIFIED. ) ;
#2850 = B_SPLINE_CURVE_WITH_KNOTS ( 'NONE', 3,
 ( #1924, #1973, #1963, #1915, #1913, #1906, #1891, #1909, #1886, #1884 ),
 .UNSPECIFIED., .F., .F.,
 ( 4, 2, 2, 2, 4 ),
 ( 6.206335383118182800E-017, 0.01083265385396164400, 0.02166530770792322500, 0.03249796156188480800, 0.04333061541584638800 ),
 .UNSPECIFIED. ) ;
#2851 =( NAMED_UNIT ( * ) SI_UNIT ( $, .STERADIAN. ) SOLID_ANGLE_UNIT ( ) );
#2852 =( NAMED_UNIT ( * ) PLANE_ANGLE_UNIT ( ) SI_UNIT ( $, .RADIAN. ) );
#2853 = COLOUR_RGB ( '',0.8431372549019607900, 0.8431372549019607900, 0.8431372549019607900 ) ;
#2854 = MECHANICAL_DESIGN_GEOMETRIC_PRESENTATION_REPRESENTATION (  '', ( #1122 ), #447 ) ;
#2855 =( LENGTH_UNIT ( ) NAMED_UNIT ( * ) SI_UNIT ( .MILLI., .METRE. ) );
#2856 = EDGE_CURVE ( 'NONE', #264, #2564, #2799, .T. ) ;
#2857 = SURFACE_STYLE_USAGE ( .BOTH. , #2867 ) ;
#2858 = SURFACE_SIDE_STYLE ('',( #1196 ) ) ;
#2859 = EDGE_CURVE ( 'NONE', #1132, #2448, #1657, .T. ) ;
#2860 = STYLED_ITEM ( 'NONE', ( #2680 ), #162 ) ;
#2861 = VECTOR ( 'NONE', #834, 1000.000000000000000 ) ;
#2862 = CARTESIAN_POINT ( 'NONE',  ( -97.78356000290510500, -315.3153517198008400, 2204.213115318032100 ) ) ;
#2863 = SURFACE_STYLE_USAGE ( .BOTH. , #1375 ) ;
#2864 = LINE ( 'NONE', #1477, #1485 ) ;
#2865 =( GEOMETRIC_REPRESENTATION_CONTEXT ( 3 ) GLOBAL_UNCERTAINTY_ASSIGNED_CONTEXT ( ( #1770 ) ) GLOBAL_UNIT_ASSIGNED_CONTEXT ( ( #2899, #2893, #2892 ) ) REPRESENTATION_CONTEXT ( 'NONE', 'WORKASPACE' ) );
#2866 = ORIENTED_EDGE ( 'NONE', *, *, #1916, .F. ) ;
#2867 = SURFACE_SIDE_STYLE ('',( #2921 ) ) ;
#2868 = LINE ( 'NONE', #1275, #1040 ) ;
#2869 = CIRCLE ( 'NONE', #1188, 35.00000000000014200 ) ;
#2870 = ORIENTED_EDGE ( 'NONE', *, *, #704, .T. ) ;
#2871 = EDGE_CURVE ( 'NONE', #830, #549, #58, .T. ) ;
#2872 = CARTESIAN_POINT ( 'NONE',  ( 644.7199994035461300, -406.4213562373458900, 2369.254424358939600 ) ) ;
#2873 = FILL_AREA_STYLE_COLOUR ( '', #342 ) ;
#2874 = DIRECTION ( 'NONE',  ( 0.0000000000000000000, 1.000000000000000000, 3.491483361109382100E-015 ) ) ;
#2875 = ORIENTED_EDGE ( 'NONE', *, *, #1545, .F. ) ;
#2876 =( NAMED_UNIT ( * ) PLANE_ANGLE_UNIT ( ) SI_UNIT ( $, .RADIAN. ) );
#2877 = ORIENTED_EDGE ( 'NONE', *, *, #1462, .T. ) ;
#2878 = AXIS2_PLACEMENT_3D ( 'NONE', #2775, #2736, #2708 ) ;
#2879 = FACE_OUTER_BOUND ( 'NONE', #2589, .T. ) ;
#2880 = EDGE_LOOP ( 'NONE', ( #1812, #937 ) ) ;
#2881 = DIRECTION ( 'NONE',  ( 0.9912651893329070800, 0.0000000000000000000, 0.1318837534224584800 ) ) ;
#2882 =( LENGTH_UNIT ( ) NAMED_UNIT ( * ) SI_UNIT ( .MILLI., .METRE. ) );
#2883 = AXIS2_PLACEMENT_3D ( 'NONE', #1098, #1019, #942 ) ;
#2884 = UNCERTAINTY_MEASURE_WITH_UNIT (LENGTH_MEASURE( 1.000000000000000100E-005 ), #468, 'distance_accuracy_value', 'NONE');
#2885 = DIRECTION ( 'NONE',  ( -0.1317030113219566400, -0.05233595624294741500, 0.9899066948419253900 ) ) ;
#2886 = CARTESIAN_POINT ( 'NONE',  ( -71.46147842225599300, -450.7530145441998000, 2288.221305847918800 ) ) ;
#2887 = FACE_OUTER_BOUND ( 'NONE', #77, .T. ) ;
#2888 = MECHANICAL_DESIGN_GEOMETRIC_PRESENTATION_REPRESENTATION (  '', ( #2189 ), #2735 ) ;
#2889 = SURFACE_SIDE_STYLE ('',( #732 ) ) ;
#2890 = B_SPLINE_CURVE_WITH_KNOTS ( 'NONE', 3,
 ( #571, #534, #512, #520 ),
 .UNSPECIFIED., .F., .F.,
 ( 4, 4 ),
 ( 0.0000000000000000000, 0.008501495033570592000 ),
 .UNSPECIFIED. ) ;
#2891 = EDGE_CURVE ( 'NONE', #754, #501, #1596, .T. ) ;
#2892 =( NAMED_UNIT ( * ) SI_UNIT ( $, .STERADIAN. ) SOLID_ANGLE_UNIT ( ) );
#2893 =( NAMED_UNIT ( * ) PLANE_ANGLE_UNIT ( ) SI_UNIT ( $, .RADIAN. ) );
#2894 = EDGE_CURVE ( 'NONE', #390, #1423, #2520, .T. ) ;
#2895 = PRESENTATION_LAYER_ASSIGNMENT (  '', '', ( #2748 ) ) ;
#2896 = PRESENTATION_STYLE_ASSIGNMENT (( #900 ) ) ;
#2897 = SURFACE_SIDE_STYLE ('',( #2531 ) ) ;
#2898 = MECHANICAL_DESIGN_GEOMETRIC_PRESENTATION_REPRESENTATION (  '', ( #2603 ), #71 ) ;
#2899 =( LENGTH_UNIT ( ) NAMED_UNIT ( * ) SI_UNIT ( .MILLI., .METRE. ) );
#2900 = SURFACE_STYLE_USAGE ( .BOTH. , #2897 ) ;
#2901 = FILL_AREA_STYLE ('',( #2911 ) ) ;
#2902 = FILL_AREA_STYLE ('',( #2953 ) ) ;
#2903 = VERTEX_POINT ( 'NONE', #1027 ) ;
#2904 = EDGE_CURVE ( 'NONE', #1126, #1247, #1975, .T. ) ;
#2905 = PRESENTATION_LAYER_ASSIGNMENT (  '', '', ( #2756 ) ) ;
#2906 = LINE ( 'NONE', #1955, #2294 ) ;
#2907 = CARTESIAN_POINT ( 'NONE',  ( 228.0409497733266700, -234.5000000000402700, 3461.237279480709700 ) ) ;
#2908 = ORIENTED_EDGE ( 'NONE', *, *, #2396, .T. ) ;
#2909 = PLANE ( 'NONE',  #2883 ) ;
#2910 = AXIS2_PLACEMENT_3D ( 'NONE', #1076, #1075, #1073 ) ;
#2911 = FILL_AREA_STYLE_COLOUR ( '', #2309 ) ;
#2912 = SURFACE_STYLE_USAGE ( .BOTH. , #2971 ) ;
#2913 = EDGE_LOOP ( 'NONE', ( #1663, #2293 ) ) ;
#2914 = EDGE_LOOP ( 'NONE', ( #112, #1285, #2908, #1847 ) ) ;
#2915 = EDGE_CURVE ( 'NONE', #751, #464, #1042, .T. ) ;
#2916 = DIRECTION ( 'NONE',  ( 0.0000000000000000000, -3.503714145963789200E-015, 1.000000000000000000 ) ) ;
#2917 = DIRECTION ( 'NONE',  ( 2.705642916868509300E-031, 1.000000000000000000, 3.503714145963789200E-015 ) ) ;
#2918 = COLOUR_RGB ( '',0.8431372549019607900, 0.8431372549019607900, 0.8431372549019607900 ) ;
#2919 = ORIENTED_EDGE ( 'NONE', *, *, #2565, .T. ) ;
#2920 = FILL_AREA_STYLE_COLOUR ( '', #1752 ) ;
#2921 = SURFACE_STYLE_FILL_AREA ( #2901 ) ;
#2922 = UNCERTAINTY_MEASURE_WITH_UNIT (LENGTH_MEASURE( 1.000000000000000100E-005 ), #2757, 'distance_accuracy_value', 'NONE');
#2923 =( NAMED_UNIT ( * ) SI_UNIT ( $, .STERADIAN. ) SOLID_ANGLE_UNIT ( ) );
#2924 = DIRECTION ( 'NONE',  ( -8.524484641245172000E-016, 1.000000000000000000, 2.983569624435824600E-015 ) ) ;
#2925 = EDGE_CURVE ( 'NONE', #1868, #336, #2728, .T. ) ;
#2926 = MECHANICAL_DESIGN_GEOMETRIC_PRESENTATION_REPRESENTATION (  '', ( #495 ), #2709 ) ;
#2927 =( NAMED_UNIT ( * ) PLANE_ANGLE_UNIT ( ) SI_UNIT ( $, .RADIAN. ) );
#2928 =( GEOMETRIC_REPRESENTATION_CONTEXT ( 3 ) GLOBAL_UNCERTAINTY_ASSIGNED_CONTEXT ( ( #1163 ) ) GLOBAL_UNIT_ASSIGNED_CONTEXT ( ( #2310, #2299, #2290 ) ) REPRESENTATION_CONTEXT ( 'NONE', 'WORKASPACE' ) );
#2929 =( LENGTH_UNIT ( ) NAMED_UNIT ( * ) SI_UNIT ( .MILLI., .METRE. ) );
#2930 = DIRECTION ( 'NONE',  ( 0.0000000000000000000, -1.000000000000000000, -3.491483361109382100E-015 ) ) ;
#2931 = SURFACE_STYLE_USAGE ( .BOTH. , #2933 ) ;
#2932 = EDGE_CURVE ( 'NONE', #1591, #1900, #2113, .T. ) ;
#2933 = SURFACE_SIDE_STYLE ('',( #985 ) ) ;
#2934 = CARTESIAN_POINT ( 'NONE',  ( -117.2327345550499400, -123.5786437627264400, 2248.572967037160200 ) ) ;
#2935 = SURFACE_STYLE_FILL_AREA ( #2280 ) ;
#2936 = FILL_AREA_STYLE ('',( #15 ) ) ;
#2937 = PLANE ( 'NONE',  #199 ) ;
#2938 = PRESENTATION_LAYER_ASSIGNMENT (  '', '', ( #2609 ) ) ;
#2939 = SURFACE_STYLE_FILL_AREA ( #388 ) ;
#2940 = SHAPE_DEFINITION_REPRESENTATION ( #1266, #917 ) ;
#2941 =( LENGTH_UNIT ( ) NAMED_UNIT ( * ) SI_UNIT ( .MILLI., .METRE. ) );
#2942 = EDGE_LOOP ( 'NONE', ( #2196, #518, #1166, #1162, #2439, #2301 ) ) ;
#2943 = STYLED_ITEM ( 'NONE', ( #660 ), #538 ) ;
#2944 = DIRECTION ( 'NONE',  ( 0.9271838545667870900, -0.0000000000000000000, -0.3746065934159127400 ) ) ;
#2945 = LINE ( 'NONE', #1525, #2326 ) ;
#2946 = EDGE_LOOP ( 'NONE', ( #1055, #2337 ) ) ;
#2947 = PLANE ( 'NONE',  #1658 ) ;
#2948 = CIRCLE ( 'NONE', #569, 35.00000000000014200 ) ;
#2949 =( GEOMETRIC_REPRESENTATION_CONTEXT ( 3 ) GLOBAL_UNCERTAINTY_ASSIGNED_CONTEXT ( ( #450 ) ) GLOBAL_UNIT_ASSIGNED_CONTEXT ( ( #823, #794, #654 ) ) REPRESENTATION_CONTEXT ( 'NONE', 'WORKASPACE' ) );
#2950 = VECTOR ( 'NONE', #1146, 1000.000000000000100 ) ;
#2951 = FILL_AREA_STYLE_COLOUR ( '', #2794 ) ;
#2952 = COLOUR_RGB ( '',0.2901960784313725200, 0.3294117647058823500, 0.3490196078431372400 ) ;
#2953 = FILL_AREA_STYLE_COLOUR ( '', #1907 ) ;
#2954 = DIRECTION ( 'NONE',  ( 0.0000000000000000000, -2.983569624435809200E-015, 1.000000000000000000 ) ) ;
#2955 = ORIENTED_EDGE ( 'NONE', *, *, #1490, .T. ) ;
#2956 = CARTESIAN_POINT ( 'NONE',  ( 644.7199994035461300, -175.5000000000365200, 2404.254424358940900 ) ) ;
#2957 = VERTEX_POINT ( 'NONE', #952 ) ;
#2958 = B_SPLINE_SURFACE_WITH_KNOTS ( 'NONE', 3, 3, ( 
 ( #1850, #1715, #1611, #1621, #1487, #1590 ),
 ( #1577, #1582, #1391, #1521, #1537, #1431 ),
 ( #1492, #1410, #1406, #964, #1309, #2452 ),
 ( #283, #1232, #1111, #122, #150, #2078 ) ),
 .UNSPECIFIED., .F., .F., .F.,
 ( 4, 4 ),
 ( 4, 2, 4 ),
 ( 0.6706463442230918800, 0.9468901307642281200 ),
 ( 1.128683073204667800, 1.349739699999782200, 1.570796326794896300 ),
 .UNSPECIFIED. ) ;
#2959 = EDGE_CURVE ( 'NONE', #1622, #1195, #370, .T. ) ;
#2960 = DIRECTION ( 'NONE',  ( 0.006902262348273455400, -0.9986295347545737200, -0.05187881157408401300 ) ) ;
#2961 = MECHANICAL_DESIGN_GEOMETRIC_PRESENTATION_REPRESENTATION (  '', ( #1661 ), #125 ) ;
#2962 = CARTESIAN_POINT ( 'NONE',  ( 158.5405923306491000, -450.7530145441998000, 2318.822134679852800 ) ) ;
#2963 =( NAMED_UNIT ( * ) PLANE_ANGLE_UNIT ( ) SI_UNIT ( $, .RADIAN. ) );
#2964 = STYLED_ITEM ( 'NONE', ( #2202 ), #440 ) ;
#2965 = CARTESIAN_POINT ( 'NONE',  ( -120.1718096153294700, -300.5000000000359300, 2212.421138138362000 ) ) ;
#2966 = FILL_AREA_STYLE_COLOUR ( '', #2724 ) ;
#2967 = EDGE_CURVE ( 'NONE', #1601, #1178, #288, .T. ) ;
#2968 = PRESENTATION_LAYER_ASSIGNMENT (  '', '', ( #256 ) ) ;
#2969 =( LENGTH_UNIT ( ) NAMED_UNIT ( * ) SI_UNIT ( .MILLI., .METRE. ) );
#2970 = DIRECTION ( 'NONE',  ( 0.0000000000000000000, 3.172065784643291600E-015, -1.000000000000000000 ) ) ;
#2971 = SURFACE_SIDE_STYLE ('',( #1723 ) ) ;
#2972 = FACE_OUTER_BOUND ( 'NONE', #1743, .T. ) ;
#2973 = AXIS2_PLACEMENT_3D ( 'NONE', #1554, #1548, #1547 ) ;
#2974 = DIRECTION ( 'NONE',  ( 0.0000000000000000000, -1.000000000000000000, -3.491483361109382100E-015 ) ) ;
#2975 = FILL_AREA_STYLE ('',( #2966 ) ) ;
#2976 = SURFACE_STYLE_FILL_AREA ( #885 ) ;
#2977 =( NAMED_UNIT ( * ) SI_UNIT ( $, .STERADIAN. ) SOLID_ANGLE_UNIT ( ) );
#2978 =( NAMED_UNIT ( * ) SI_UNIT ( $, .STERADIAN. ) SOLID_ANGLE_UNIT ( ) );
#2979 =( NAMED_UNIT ( * ) PLANE_ANGLE_UNIT ( ) SI_UNIT ( $, .RADIAN. ) );
#2980 = DIRECTION ( 'NONE',  ( 0.1564344650402322300, 3.859956317731350000E-015, -0.9876883405951374400 ) ) ;
#2981 = PRESENTATION_LAYER_ASSIGNMENT (  '', '', ( #2669 ) ) ;
#2982 = DIRECTION ( 'NONE',  ( -0.0000000000000000000, 1.000000000000000000, 3.491483361109382500E-015 ) ) ;
#2983 = EDGE_LOOP ( 'NONE', ( #2875, #1362, #1529, #2805 ) ) ;
#2984 = CARTESIAN_POINT ( 'NONE',  ( 338.1114335066818600, -198.9225711677627800, 2356.027467046629700 ) ) ;
#2985 = CIRCLE ( 'NONE', #1300, 35.00000000000014200 ) ;
#2986 = ORIENTED_EDGE ( 'NONE', *, *, #1617, .F. ) ;
#2987 = PRESENTATION_LAYER_ASSIGNMENT (  '', '', ( #2825 ) ) ;
#2988 = CARTESIAN_POINT ( 'NONE',  ( 300.0000000000043200, -205.0000000000353600, 2079.999999999999100 ) ) ;
#2989 = CYLINDRICAL_SURFACE ( 'NONE', #1411, 150.0000000000000300 ) ;
#2990 = ORIENTED_EDGE ( 'NONE', *, *, #2967, .T. ) ;
#2991 = EDGE_LOOP ( 'NONE', ( #2110, #410 ) ) ;
#2992 = ORIENTED_EDGE ( 'NONE', *, *, #1116, .F. ) ;
#2993 = CLOSED_SHELL ( 'NONE', ( #124, #633, #127, #277, #280, #59, #204, #176, #270, #78, #107, #529, #219, #90, #498, #49, #431, #575, #247, #118, #556, #517, #463, #82, #318, #81, #43, #193, #577, #592, #511, #631, #348, #530, #638, #615, #570, #544, #538, #487, #472, #440, #424, #266, #418, #404, #363, #349, #114, #329, #354, #236, #252, #405, #195, #322, #605, #693, #676, #162, #132, #588, #316, #299 ) ) ;
#2994 = SURFACE_STYLE_USAGE ( .BOTH. , #50 ) ;
#2995 = MECHANICAL_DESIGN_GEOMETRIC_PRESENTATION_REPRESENTATION (  '', ( #1102 ), #2536 ) ;
ENDSEC;
END-ISO-10303-21;
