ISO-10303-21;
HEADER;
FILE_DESCRIPTION (( 'STEP AP214' ),
    '1' );
FILE_NAME ('IRB660_180-315_LINK6_CAD_rev02.STEP',
    '2016-12-02T12:01:41',
    ( 'ABB' ),
    ( 'ABB' ),
    'SwSTEP 2.0',
    'SolidWorks 2014',
    '' );
FILE_SCHEMA (( 'AUTOMOTIVE_DESIGN' ));
ENDSEC;

DATA;
#1 = CARTESIAN_POINT ( 'NONE',  ( 1835.108891655821300, -58.91077677333877500, 1856.977811718442400 ) ) ;
#2 = ORIENTED_EDGE ( 'NONE', *, *, #1364, .T. ) ;
#3 = ORIENTED_EDGE ( 'NONE', *, *, #925, .T. ) ;
#4 = ORIENTED_EDGE ( 'NONE', *, *, #3278, .T. ) ;
#5 = ADVANCED_FACE ( 'NONE', ( #3048 ), #2227, .T. ) ;
#6 = DIRECTION ( 'NONE',  ( -1.000000000000000000, 0.0000000000000000000, 9.115936689318757800E-011 ) ) ;
#7 = EDGE_LOOP ( 'NONE', ( #3468, #2997 ) ) ;
#8 = ORIENTED_EDGE ( 'NONE', *, *, #1316, .F. ) ;
#9 = DIRECTION ( 'NONE',  ( 9.115936689318759100E-011, -3.366713061171388300E-015, 1.000000000000000000 ) ) ;
#10 = EDGE_CURVE ( 'NONE', #767, #952, #2005, .T. ) ;
#11 = CARTESIAN_POINT ( 'NONE',  ( 2009.999999944686800, -2.149743511161499500E-012, 1832.999999985916000 ) ) ;
#12 = ORIENTED_EDGE ( 'NONE', *, *, #1584, .F. ) ;
#13 = CARTESIAN_POINT ( 'NONE',  ( 1952.499999945780500, -2.674635398283890400E-012, 1844.999999991157900 ) ) ;
#14 = EDGE_LOOP ( 'NONE', ( #74, #1942, #3168, #2724, #120, #3160, #3279, #1520 ) ) ;
#15 = ORIENTED_EDGE ( 'NONE', *, *, #1646, .T. ) ;
#16 = ORIENTED_EDGE ( 'NONE', *, *, #1815, .F. ) ;
#17 = CARTESIAN_POINT ( 'NONE',  ( 1869.861549774525400, -28.10524538120288100, 1832.999999998691000 ) ) ;
#18 = ORIENTED_EDGE ( 'NONE', *, *, #116, .F. ) ;
#19 = DIRECTION ( 'NONE',  ( -9.115936689318757800E-011, 3.491483360863812400E-015, -1.000000000000000000 ) ) ;
#20 = EDGE_CURVE ( 'NONE', #1739, #3198, #2475, .T. ) ;
#21 = ADVANCED_FACE ( 'NONE', ( #2150 ), #2064, .T. ) ;
#22 = CARTESIAN_POINT ( 'NONE',  ( 1876.732734009803200, 37.32678685835512800, 1840.999999998065100 ) ) ;
#23 = AXIS2_PLACEMENT_3D ( 'NONE', #1443, #1462, #1325 ) ;
#24 = AXIS2_PLACEMENT_3D ( 'NONE', #252, #3404, #247 ) ;
#25 = VERTEX_POINT ( 'NONE', #2209 ) ;
#26 =( NAMED_UNIT ( * ) PLANE_ANGLE_UNIT ( ) SI_UNIT ( $, .RADIAN. ) );
#27 = EDGE_CURVE ( 'NONE', #767, #1476, #2258, .T. ) ;
#28 = AXIS2_PLACEMENT_3D ( 'NONE', #1307, #1674, #1694 ) ;
#30 = DIRECTION ( 'NONE',  ( -1.000000000000000000, 1.032179507351431600E-014, 9.115878865202892700E-011 ) ) ;
#29 = AXIS2_PLACEMENT_3D ( 'NONE', #972, #2760, #1280 ) ;
#31 = CARTESIAN_POINT ( 'NONE',  ( 1906.999999947969200, 87.12287261684710400, 1869.000001151482400 ) ) ;
#32 = DIRECTION ( 'NONE',  ( 9.115936689318759100E-011, -3.366713061171388300E-015, 1.000000000000000000 ) ) ;
#33 = DIRECTION ( 'NONE',  ( 1.000000000000000000, -4.440892098500622200E-015, -9.115819210592227600E-011 ) ) ;
#34 = DIRECTION ( 'NONE',  ( 0.0000000000000000000, 0.5763808025151736500, 0.8171812347894218400 ) ) ;
#35 = DIRECTION ( 'NONE',  ( -9.115936689318759100E-011, 3.366713061171388300E-015, -1.000000000000000000 ) ) ;
#36 = CIRCLE ( 'NONE', #514, 67.50000000000011400 ) ;
#37 = DIRECTION ( 'NONE',  ( -1.000000000000000000, 0.0000000000000000000, 9.115413737835363400E-011 ) ) ;
#38 = ORIENTED_EDGE ( 'NONE', *, *, #2615, .F. ) ;
#39 = ORIENTED_EDGE ( 'NONE', *, *, #590, .F. ) ;
#40 = ADVANCED_FACE ( 'NONE', ( #2716 ), #1986, .T. ) ;
#41 = VECTOR ( 'NONE', #1987, 1000.000000000000000 ) ;
#42 = CARTESIAN_POINT ( 'NONE',  ( 1909.999999945415500, -2.354383943697873500E-012, 1840.999999995032600 ) ) ;
#43 = DIRECTION ( 'NONE',  ( 1.000000000000000000, 0.0000000000000000000, -9.114931032172527400E-011 ) ) ;
#44 = VERTEX_POINT ( 'NONE', #2045 ) ;
#45 = ORIENTED_EDGE ( 'NONE', *, *, #3355, .T. ) ;
#46 = VECTOR ( 'NONE', #2329, 1000.000000000000000 ) ;
#47 = CIRCLE ( 'NONE', #2942, 86.50000000000002800 ) ;
#48 = DIRECTION ( 'NONE',  ( 9.115936689318759100E-011, -3.366713061171388300E-015, 1.000000000000000000 ) ) ;
#49 = AXIS2_PLACEMENT_3D ( 'NONE', #1560, #1247, #1543 ) ;
#51 = AXIS2_PLACEMENT_3D ( 'NONE', #2411, #2455, #2458 ) ;
#50 = CARTESIAN_POINT ( 'NONE',  ( 1909.999999946145000, -2.220446049250313100E-012, 1848.999999995032100 ) ) ;
#52 = ORIENTED_EDGE ( 'NONE', *, *, #2509, .F. ) ;
#53 = ORIENTED_EDGE ( 'NONE', *, *, #3109, .F. ) ;
#54 = CARTESIAN_POINT ( 'NONE',  ( 1871.794830782886900, -86.69163911863213900, 1857.788542602389500 ) ) ;
#55 = DIRECTION ( 'NONE',  ( -1.000000000000000000, 0.0000000000000000000, 9.115413737835363400E-011 ) ) ;
#56 = CYLINDRICAL_SURFACE ( 'NONE', #1808, 5.100000000000104400 ) ;
#57 = FACE_BOUND ( 'NONE', #418, .T. ) ;
#58 = ADVANCED_FACE ( 'NONE', ( #2998 ), #2667, .T. ) ;
#59 = ORIENTED_EDGE ( 'NONE', *, *, #1915, .T. ) ;
#60 = AXIS2_PLACEMENT_3D ( 'NONE', #1499, #1514, #1477 ) ;
#61 = AXIS2_PLACEMENT_3D ( 'NONE', #423, #725, #2083 ) ;
#62 = LINE ( 'NONE', #1572, #2226 ) ;
#63 = DIRECTION ( 'NONE',  ( -1.000000000000000000, 0.0000000000000000000, 9.115413737835363400E-011 ) ) ;
#64 = ORIENTED_EDGE ( 'NONE', *, *, #2971, .T. ) ;
#65 = CARTESIAN_POINT ( 'NONE',  ( 1869.999999944685700, -69.28203230275676100, 1832.999999998678500 ) ) ;
#66 = ORIENTED_EDGE ( 'NONE', *, *, #199, .T. ) ;
#67 = ORIENTED_EDGE ( 'NONE', *, *, #1039, .F. ) ;
#68 = ADVANCED_FACE ( 'NONE', ( #2436 ), #1900, .T. ) ;
#69 = CARTESIAN_POINT ( 'NONE',  ( 1873.743450571772900, -81.64999677215985200, 1865.793212957110400 ) ) ;
#70 = ORIENTED_EDGE ( 'NONE', *, *, #1527, .F. ) ;
#71 = EDGE_LOOP ( 'NONE', ( #2890, #3251, #2336, #3443 ) ) ;
#72 = ORIENTED_EDGE ( 'NONE', *, *, #2630, .T. ) ;
#73 = DIRECTION ( 'NONE',  ( -9.115936689318759100E-011, 3.491483360863812800E-015, -1.000000000000000000 ) ) ;
#74 = ORIENTED_EDGE ( 'NONE', *, *, #2402, .F. ) ;
#75 = VERTEX_POINT ( 'NONE', #1891 ) ;
#76 = EDGE_CURVE ( 'NONE', #2309, #1565, #3196, .T. ) ;
#77 = DIRECTION ( 'NONE',  ( -9.115936689318759100E-011, 3.491483360863812800E-015, -1.000000000000000000 ) ) ;
#78 = CARTESIAN_POINT ( 'NONE',  ( 1882.581469807119000, -84.52336292183589700, 1870.156938532052700 ) ) ;
#79 = ORIENTED_EDGE ( 'NONE', *, *, #3362, .F. ) ;
#80 = AXIS2_PLACEMENT_3D ( 'NONE', #315, #293, #166 ) ;
#81 = DIRECTION ( 'NONE',  ( -1.000000000000000000, 0.0000000000000000000, 9.115940325831266900E-011 ) ) ;
#82 = CYLINDRICAL_SURFACE ( 'NONE', #181, 11.99999999999990200 ) ;
#83 = DIRECTION ( 'NONE',  ( 9.115936689318759100E-011, -3.366713061171388300E-015, 1.000000000000000000 ) ) ;
#84 = DIRECTION ( 'NONE',  ( -9.115918429299363400E-011, 4.612327020231663500E-015, -1.000000000000000000 ) ) ;
#85 = AXIS2_PLACEMENT_3D ( 'NONE', #1802, #1820, #1718 ) ;
#86 = EDGE_CURVE ( 'NONE', #3136, #340, #2931, .T. ) ;
#87 = CARTESIAN_POINT ( 'NONE',  ( 1950.138450115667000, -28.10524538120384700, 1841.999999991373200 ) ) ;
#88 = CARTESIAN_POINT ( 'NONE',  ( 1890.504669115564400, -95.02370130458264400, 1855.303427745192900 ) ) ;
#89 = DIRECTION ( 'NONE',  ( 1.000000000000000000, 0.0000000000000000000, -9.114931032172527400E-011 ) ) ;
#90 = DIRECTION ( 'NONE',  ( -9.115936689318759100E-011, 3.491483360863812800E-015, -1.000000000000000000 ) ) ;
#91 = CIRCLE ( 'NONE', #2132, 11.50000000000006600 ) ;
#92 = DIRECTION ( 'NONE',  ( -1.000000000000000000, 0.0000000000000000000, 9.116890249274627600E-011 ) ) ;
#93 = ORIENTED_EDGE ( 'NONE', *, *, #248, .T. ) ;
#94 = VERTEX_POINT ( 'NONE', #1747 ) ;
#95 = VECTOR ( 'NONE', #1026, 1000.000000000000000 ) ;
#96 = CARTESIAN_POINT ( 'NONE',  ( 1864.899999944687400, 69.28203230275364900, 1832.999999999143900 ) ) ;
#97 = EDGE_LOOP ( 'NONE', ( #2754, #960 ) ) ;
#98 = ORIENTED_EDGE ( 'NONE', *, *, #2695, .T. ) ;
#99 = VECTOR ( 'NONE', #9, 1000.000000000000000 ) ;
#100 = FACE_OUTER_BOUND ( 'NONE', #763, .T. ) ;
#101 = CARTESIAN_POINT ( 'NONE',  ( 1949.999999946145900, 69.28203230275225600, 1848.999999991386200 ) ) ;
#102 = EDGE_LOOP ( 'NONE', ( #3263, #2983 ) ) ;
#103 = ORIENTED_EDGE ( 'NONE', *, *, #3432, .F. ) ;
#105 = MECHANICAL_DESIGN_GEOMETRIC_PRESENTATION_REPRESENTATION (  '', ( #2877 ), #342 ) ;
#104 = DIRECTION ( 'NONE',  ( -1.000000000000000000, 1.804112415015869000E-013, 9.115413737835363400E-011 ) ) ;
#106 = ADVANCED_FACE ( 'NONE', ( #3214 ), #3043, .F. ) ;
#107 = EDGE_LOOP ( 'NONE', ( #103, #67, #39, #8 ) ) ;
#108 = ORIENTED_EDGE ( 'NONE', *, *, #2633, .T. ) ;
#109 = CONICAL_SURFACE ( 'NONE', #1384, 96.28311435487124500, 0.5934119456780665400 ) ;
#110 = EDGE_CURVE ( 'NONE', #3446, #3028, #3273, .T. ) ;
#111 = CARTESIAN_POINT ( 'NONE',  ( 1835.099999944686300, -1.359574926567910800E-012, 1833.000000001859900 ) ) ;
#112 = AXIS2_PLACEMENT_3D ( 'NONE', #1651, #1640, #1661 ) ;
#113 = AXIS2_PLACEMENT_3D ( 'NONE', #3065, #1642, #3316 ) ;
#114 = ORIENTED_EDGE ( 'NONE', *, *, #1981, .F. ) ;
#115 = ORIENTED_EDGE ( 'NONE', *, *, #1615, .T. ) ;
#116 = EDGE_CURVE ( 'NONE', #1639, #947, #2955, .T. ) ;
#117 = VERTEX_POINT ( 'NONE', #1279 ) ;
#118 = ORIENTED_EDGE ( 'NONE', *, *, #2860, .F. ) ;
#119 = CARTESIAN_POINT ( 'NONE',  ( 1869.861549774526100, 28.10524538119948400, 1832.999999998691000 ) ) ;
#120 = ORIENTED_EDGE ( 'NONE', *, *, #3172, .F. ) ;
#121 = DIRECTION ( 'NONE',  ( 9.115936689318759100E-011, -3.491483360863812800E-015, 1.000000000000000000 ) ) ;
#122 = VERTEX_POINT ( 'NONE', #1601 ) ;
#123 = ORIENTED_EDGE ( 'NONE', *, *, #669, .F. ) ;
#124 = DIRECTION ( 'NONE',  ( 9.115936689318759100E-011, -3.366713061171388300E-015, 1.000000000000000000 ) ) ;
#125 = VERTEX_POINT ( 'NONE', #1548 ) ;
#126 = LINE ( 'NONE', #1431, #3127 ) ;
#127 = CARTESIAN_POINT ( 'NONE',  ( 1874.912031072557500, -93.64205487008192100, 1854.499999998230800 ) ) ;
#128 = ORIENTED_EDGE ( 'NONE', *, *, #2543, .T. ) ;
#129 = ADVANCED_FACE ( 'NONE', ( #3080 ), #3444, .F. ) ;
#130 = EDGE_CURVE ( 'NONE', #2954, #1113, #3389, .T. ) ;
#131 = AXIS2_PLACEMENT_3D ( 'NONE', #2805, #2762, #2838 ) ;
#132 = DIRECTION ( 'NONE',  ( 1.000000000000000000, -1.776356839400250500E-015, -9.115819210592227600E-011 ) ) ;
#133 = CARTESIAN_POINT ( 'NONE',  ( 1950.138450115575800, -28.10524538120379400, 1840.999999991373200 ) ) ;
#134 = EDGE_CURVE ( 'NONE', #3049, #25, #2507, .T. ) ;
#135 = DIRECTION ( 'NONE',  ( 1.000000000000000000, 0.0000000000000000000, -9.116000135825862400E-011 ) ) ;
#136 = DIRECTION ( 'NONE',  ( 1.000000000000000000, -2.398081733190335300E-014, -9.115819210592227600E-011 ) ) ;
#137 = AXIS2_PLACEMENT_3D ( 'NONE', #1949, #1724, #3400 ) ;
#138 = PLANE ( 'NONE',  #250 ) ;
#139 = EDGE_CURVE ( 'NONE', #329, #1922, #632, .T. ) ;
#140 = DIRECTION ( 'NONE',  ( 0.0000000000000000000, 0.5763808025151736500, 0.8171812347894218400 ) ) ;
#141 = VERTEX_POINT ( 'NONE', #1569 ) ;
#142 = LINE ( 'NONE', #1464, #2916 ) ;
#143 = ADVANCED_FACE ( 'NONE', ( #586 ), #82, .F. ) ;
#144 = DIRECTION ( 'NONE',  ( 9.115936689318756500E-011, -3.491483360863812800E-015, 1.000000000000000000 ) ) ;
#145 = ORIENTED_EDGE ( 'NONE', *, *, #3345, .F. ) ;
#146 = CARTESIAN_POINT ( 'NONE',  ( 1830.895496133788800, -55.66832656792574600, 1855.376775061846000 ) ) ;
#147 = VECTOR ( 'NONE', #2806, 1000.000000000000000 ) ;
#148 = CIRCLE ( 'NONE', #2634, 10.00000000000000900 ) ;
#149 = DIRECTION ( 'NONE',  ( -9.115936689318759100E-011, 3.491483360863812800E-015, -1.000000000000000000 ) ) ;
#150 = EDGE_LOOP ( 'NONE', ( #887, #862 ) ) ;
#151 = ORIENTED_EDGE ( 'NONE', *, *, #3249, .T. ) ;
#152 = EDGE_CURVE ( 'NONE', #3402, #1519, #2059, .T. ) ;
#153 = CYLINDRICAL_SURFACE ( 'NONE', #1289, 5.099999999999882400 ) ;
#154 = FACE_BOUND ( 'NONE', #1118, .T. ) ;
#155 = ORIENTED_EDGE ( 'NONE', *, *, #2152, .T. ) ;
#156 = ORIENTED_EDGE ( 'NONE', *, *, #2719, .T. ) ;
#157 = CYLINDRICAL_SURFACE ( 'NONE', #2791, 50.00000000000004300 ) ;
#158 = CARTESIAN_POINT ( 'NONE',  ( 1907.257755784502700, 88.29905383367906800, 1867.269716951719800 ) ) ;
#159 = COLOUR_RGB ( '',0.2901960784313725200, 0.3294117647058823500, 0.3490196078431372400 ) ;
#160 = EDGE_CURVE ( 'NONE', #1297, #1117, #1680, .T. ) ;
#161 = ORIENTED_EDGE ( 'NONE', *, *, #2693, .T. ) ;
#162 = ORIENTED_EDGE ( 'NONE', *, *, #1316, .T. ) ;
#163 = B_SPLINE_CURVE_WITH_KNOTS ( 'NONE', 3,
 ( #2316, #2276, #2292, #2270, #2278, #2262, #2255, #2189, #2230, #2245, #2242, #3411, #2219, #2225, #2273, #2215, #2175, #2172 ),
 .UNSPECIFIED., .F., .F.,
 ( 4, 2, 2, 2, 2, 2, 2, 2, 4 ),
 ( 2.288783399261118700E-016, 0.003269195916298642800, 0.004086494895373094700, 0.004903793874447545700, 0.006538391832595817100, 0.008172989790744086800, 0.009807587748892357400, 0.01144218570704062800, 0.01307678366518889900 ),
 .UNSPECIFIED. ) ;
#164 = AXIS2_PLACEMENT_3D ( 'NONE', #1795, #1525, #1590 ) ;
#165 = AXIS2_PLACEMENT_3D ( 'NONE', #1509, #3176, #1754 ) ;
#166 = DIRECTION ( 'NONE',  ( -1.000000000000000000, 0.0000000000000000000, 9.115413737835363400E-011 ) ) ;
#167 = DIRECTION ( 'NONE',  ( -9.115936689318759100E-011, 3.491483360863812800E-015, -1.000000000000000000 ) ) ;
#168 = ORIENTED_EDGE ( 'NONE', *, *, #2240, .T. ) ;
#169 = EDGE_LOOP ( 'NONE', ( #3395, #2968, #2664, #2440, #333, #3226 ) ) ;
#170 = EDGE_CURVE ( 'NONE', #606, #3398, #1728, .T. ) ;
#171 = CARTESIAN_POINT ( 'NONE',  ( 1869.999999944687300, 69.28203230275364900, 1832.999999998679000 ) ) ;
#172 = AXIS2_PLACEMENT_3D ( 'NONE', #1880, #1936, #1834 ) ;
#173 = PRESENTATION_LAYER_ASSIGNMENT (  '', '', ( #3433 ) ) ;
#174 = FILL_AREA_STYLE ('',( #3095 ) ) ;
#175 = VERTEX_POINT ( 'NONE', #1168 ) ;
#176 = ORIENTED_EDGE ( 'NONE', *, *, #3274, .T. ) ;
#177 = ORIENTED_EDGE ( 'NONE', *, *, #2693, .F. ) ;
#178 = ORIENTED_EDGE ( 'NONE', *, *, #1973, .F. ) ;
#179 = VECTOR ( 'NONE', #1167, 1000.000000000000000 ) ;
#180 = EDGE_CURVE ( 'NONE', #2088, #215, #631, .T. ) ;
#181 = AXIS2_PLACEMENT_3D ( 'NONE', #1426, #1533, #1492 ) ;
#182 = VERTEX_POINT ( 'NONE', #1005 ) ;
#183 = CARTESIAN_POINT ( 'NONE',  ( 1910.426967364030100, 89.51919215384036500, 1865.522722292402900 ) ) ;
#184 = ORIENTED_EDGE ( 'NONE', *, *, #2756, .F. ) ;
#185 = CARTESIAN_POINT ( 'NONE',  ( 1909.999999948058800, -2.664535259074912800E-012, 1869.999999995032100 ) ) ;
#186 = DIRECTION ( 'NONE',  ( -1.000000000000000000, 0.0000000000000000000, 9.115940325831266900E-011 ) ) ;
#187 = ADVANCED_FACE ( 'NONE', ( #2527 ), #1254, .T. ) ;
#188 = CARTESIAN_POINT ( 'NONE',  ( 1875.099999946144400, -69.28203230275678900, 1848.999999998213500 ) ) ;
#189 = CARTESIAN_POINT ( 'NONE',  ( 1979.282032247442200, 39.99999999999648300, 1832.999999988716800 ) ) ;
#190 = EDGE_CURVE ( 'NONE', #942, #2566, #1868, .T. ) ;
#191 = ADVANCED_FACE ( 'NONE', ( #778 ), #2375, .T. ) ;
#192 = AXIS2_PLACEMENT_3D ( 'NONE', #356, #781, #695 ) ;
#193 = CARTESIAN_POINT ( 'NONE',  ( 1877.499999945780700, -1.786456978583765200E-012, 1844.999999997995000 ) ) ;
#194 = CARTESIAN_POINT ( 'NONE',  ( 1835.617967641932000, 39.99999999999870700, 1833.000000001813300 ) ) ;
#195 = DIRECTION ( 'NONE',  ( -9.115936689318759100E-011, 3.491483360863812800E-015, -1.000000000000000000 ) ) ;
#196 = EDGE_CURVE ( 'NONE', #956, #807, #1756, .T. ) ;
#197 = CARTESIAN_POINT ( 'NONE',  ( 1943.267265880299400, 37.32678685835437400, 1832.999999991999600 ) ) ;
#198 = DIRECTION ( 'NONE',  ( 9.115936689318759100E-011, -3.366713061171388300E-015, 1.000000000000000000 ) ) ;
#199 = EDGE_CURVE ( 'NONE', #947, #2012, #876, .T. ) ;
#200 = AXIS2_PLACEMENT_3D ( 'NONE', #1453, #3134, #1707 ) ;
#201 = LINE ( 'NONE', #3064, #3379 ) ;
#202 = EDGE_CURVE ( 'NONE', #2643, #2450, #2530, .T. ) ;
#203 = ORIENTED_EDGE ( 'NONE', *, *, #2078, .T. ) ;
#204 = ORIENTED_EDGE ( 'NONE', *, *, #3450, .T. ) ;
#205 = LINE ( 'NONE', #2538, #95 ) ;
#206 = ADVANCED_FACE ( 'NONE', ( #3058, #1645 ), #817, .F. ) ;
#207 = DIRECTION ( 'NONE',  ( 1.000000000000000000, 0.0000000000000000000, -9.114931032172527400E-011 ) ) ;
#208 = EDGE_LOOP ( 'NONE', ( #2408, #2208, #2517, #128 ) ) ;
#209 = VERTEX_POINT ( 'NONE', #706 ) ;
#210 = CIRCLE ( 'NONE', #2520, 67.50000000000011400 ) ;
#211 = CARTESIAN_POINT ( 'NONE',  ( 1840.717967641930500, -40.00000000000092400, 1833.000000001348300 ) ) ;
#212 = DIRECTION ( 'NONE',  ( 9.115936689318759100E-011, -3.366713061171388300E-015, 1.000000000000000000 ) ) ;
#213 = ORIENTED_EDGE ( 'NONE', *, *, #1675, .F. ) ;
#214 = ADVANCED_FACE ( 'NONE', ( #3133 ), #3246, .F. ) ;
#215 = VERTEX_POINT ( 'NONE', #594 ) ;
#216 = PRESENTATION_STYLE_ASSIGNMENT (( #765 ) ) ;
#217 = DIRECTION ( 'NONE',  ( -1.000000000000000000, 0.0000000000000000000, 9.116890249275025600E-011 ) ) ;
#218 = EDGE_CURVE ( 'NONE', #363, #647, #970, .T. ) ;
#219 = EDGE_LOOP ( 'NONE', ( #2747, #3257 ) ) ;
#220 = FACE_OUTER_BOUND ( 'NONE', #1387, .T. ) ;
#221 = ADVANCED_FACE ( 'NONE', ( #1613 ), #303, .F. ) ;
#222 = PRESENTATION_LAYER_ASSIGNMENT (  '', '', ( #636 ) ) ;
#223 = VERTEX_POINT ( 'NONE', #524 ) ;
#224 = EDGE_LOOP ( 'NONE', ( #1608, #16 ) ) ;
#225 = APPLICATION_PROTOCOL_DEFINITION ( 'draft international standard', 'automotive_design', 1998, #1943 ) ;
#226 = CARTESIAN_POINT ( 'NONE',  ( 1909.999999945780500, -2.220446049250313100E-012, 1844.999999995032100 ) ) ;
#227 = ORIENTED_EDGE ( 'NONE', *, *, #2152, .F. ) ;
#229 = DIRECTION ( 'NONE',  ( -1.000000000000000000, 0.0000000000000000000, 9.116890249274627600E-011 ) ) ;
#228 = AXIS2_PLACEMENT_3D ( 'NONE', #2841, #1397, #3084 ) ;
#230 = ORIENTED_EDGE ( 'NONE', *, *, #1510, .T. ) ;
#231 = CARTESIAN_POINT ( 'NONE',  ( 1869.861549775254800, -28.10524538120290600, 1840.999999998691000 ) ) ;
#232 = EDGE_CURVE ( 'NONE', #1113, #2360, #3456, .T. ) ;
#233 = VERTEX_POINT ( 'NONE', #416 ) ;
#234 = ADVANCED_FACE ( 'NONE', ( #367 ), #254, .T. ) ;
#235 = VERTEX_POINT ( 'NONE', #407 ) ;
#236 = ORIENTED_EDGE ( 'NONE', *, *, #2234, .F. ) ;
#237 = DIRECTION ( 'NONE',  ( -9.115936689318759100E-011, 3.491483360863812800E-015, -1.000000000000000000 ) ) ;
#238 = ORIENTED_EDGE ( 'NONE', *, *, #2661, .T. ) ;
#239 = DIRECTION ( 'NONE',  ( -9.115998554311609800E-011, 4.270088557029118500E-015, -1.000000000000000000 ) ) ;
#240 = ORIENTED_EDGE ( 'NONE', *, *, #2637, .T. ) ;
#241 = CARTESIAN_POINT ( 'NONE',  ( 1869.999999944685700, -69.28203230275676100, 1832.999999998678500 ) ) ;
#242 = CARTESIAN_POINT ( 'NONE',  ( 1867.499999945780700, -1.786456978583765200E-012, 1844.999999998906300 ) ) ;
#243 = DIRECTION ( 'NONE',  ( 9.115936689318759100E-011, -3.366713061171388300E-015, 1.000000000000000000 ) ) ;
#244 = EDGE_CURVE ( 'NONE', #340, #508, #2909, .T. ) ;
#245 = CARTESIAN_POINT ( 'NONE',  ( 1869.861549775346000, -28.10524538120295900, 1841.999999998691200 ) ) ;
#246 = CARTESIAN_POINT ( 'NONE',  ( 1949.999999944687300, 69.28203230275231300, 1832.999999991386200 ) ) ;
#247 = DIRECTION ( 'NONE',  ( -1.000000000000000000, 0.0000000000000000000, 9.116890249275025600E-011 ) ) ;
#248 = EDGE_CURVE ( 'NONE', #1476, #671, #3336, .T. ) ;
#249 = AXIS2_PLACEMENT_3D ( 'NONE', #1946, #1967, #1911 ) ;
#250 = AXIS2_PLACEMENT_3D ( 'NONE', #50, #19, #6 ) ;
#251 = DIRECTION ( 'NONE',  ( -9.115936689318759100E-011, 3.491483360863812800E-015, -1.000000000000000000 ) ) ;
#252 = CARTESIAN_POINT ( 'NONE',  ( 1840.717967641930500, -40.00000000000092400, 1833.000000001348300 ) ) ;
#253 = EDGE_CURVE ( 'NONE', #125, #310, #36, .T. ) ;
#254 = PLANE ( 'NONE',  #305 ) ;
#255 = ORIENTED_EDGE ( 'NONE', *, *, #1236, .T. ) ;
#256 = VERTEX_POINT ( 'NONE', #319 ) ;
#257 = DIRECTION ( 'NONE',  ( -8.243993889562456200E-012, 2.614660817085169500E-011, -1.000000000000000000 ) ) ;
#258 = CARTESIAN_POINT ( 'NONE',  ( 1869.861549775620200, 28.10524538119944500, 1844.999999998691000 ) ) ;
#259 = CIRCLE ( 'NONE', #2345, 86.50000000000002800 ) ;
#260 = AXIS2_PLACEMENT_3D ( 'NONE', #2992, #1576, #3239 ) ;
#261 = CARTESIAN_POINT ( 'NONE',  ( 1912.999999947923500, 99.99999999999786800, 1868.499999994758800 ) ) ;
#262 = VERTEX_POINT ( 'NONE', #275 ) ;
#263 = CYLINDRICAL_SURFACE ( 'NONE', #2171, 11.50000000000006600 ) ;
#264 = EDGE_CURVE ( 'NONE', #215, #2088, #990, .T. ) ;
#265 = DIRECTION ( 'NONE',  ( -9.115936689318759100E-011, 3.491483360863812800E-015, -1.000000000000000000 ) ) ;
#266 = CIRCLE ( 'NONE', #2312, 6.000000000000005300 ) ;
#267 = VERTEX_POINT ( 'NONE', #197 ) ;
#268 = FACE_OUTER_BOUND ( 'NONE', #1380, .T. ) ;
#269 = FACE_OUTER_BOUND ( 'NONE', #1425, .T. ) ;
#270 = CARTESIAN_POINT ( 'NONE',  ( 1815.582021824046700, -29.76987415092402500, 1870.681575405951200 ) ) ;
#271 = VERTEX_POINT ( 'NONE', #78 ) ;
#272 = ORIENTED_EDGE ( 'NONE', *, *, #3029, .F. ) ;
#273 = DIRECTION ( 'NONE',  ( 1.000000000000000000, 0.0000000000000000000, -9.114931032172527400E-011 ) ) ;
#274 = FACE_OUTER_BOUND ( 'NONE', #991, .T. ) ;
#275 = CARTESIAN_POINT ( 'NONE',  ( 1956.022894947521300, -18.22479452994795700, 1844.999999990836800 ) ) ;
#276 = CARTESIAN_POINT ( 'NONE',  ( 1840.717967641931900, 39.99999999999870700, 1833.000000001348300 ) ) ;
#277 = ORIENTED_EDGE ( 'NONE', *, *, #3153, .F. ) ;
#278 = EDGE_LOOP ( 'NONE', ( #3406, #1681, #1604, #2485 ) ) ;
#279 = EDGE_CURVE ( 'NONE', #223, #1639, #1361, .T. ) ;
#280 = DIRECTION ( 'NONE',  ( 1.000000000000000000, 0.0000000000000000000, -9.115936689318759100E-011 ) ) ;
#281 = EDGE_LOOP ( 'NONE', ( #666, #530 ) ) ;
#282 = ORIENTED_EDGE ( 'NONE', *, *, #152, .F. ) ;
#283 = AXIS2_PLACEMENT_3D ( 'NONE', #2018, #2024, #1979 ) ;
#284 = AXIS2_PLACEMENT_3D ( 'NONE', #2362, #2286, #2281 ) ;
#285 = ORIENTED_EDGE ( 'NONE', *, *, #3320, .T. ) ;
#286 = EDGE_LOOP ( 'NONE', ( #1473, #1436, #1422, #1269 ) ) ;
#287 = EDGE_LOOP ( 'NONE', ( #2365, #2757 ) ) ;
#288 = DIRECTION ( 'NONE',  ( -1.000000000000000000, 0.0000000000000000000, 9.116890249275025600E-011 ) ) ;
#289 = FACE_OUTER_BOUND ( 'NONE', #736, .T. ) ;
#290 = AXIS2_PLACEMENT_3D ( 'NONE', #1783, #1844, #1778 ) ;
#292 = DIRECTION ( 'NONE',  ( -1.000000000000000000, 0.0000000000000000000, 9.116890249275025600E-011 ) ) ;
#291 = AXIS2_PLACEMENT_3D ( 'NONE', #2050, #1285, #34 ) ;
#293 = DIRECTION ( 'NONE',  ( -9.115936689318759100E-011, 3.491483360863812800E-015, -1.000000000000000000 ) ) ;
#294 = EDGE_CURVE ( 'NONE', #1636, #1150, #850, .T. ) ;
#295 = VERTEX_POINT ( 'NONE', #1685 ) ;
#296 = CARTESIAN_POINT ( 'NONE',  ( 1904.899999944685800, -80.00000000000228800, 1832.999999995497100 ) ) ;
#297 = DIRECTION ( 'NONE',  ( -9.115936689318759100E-011, 3.491483360863812800E-015, -1.000000000000000000 ) ) ;
#298 = DIRECTION ( 'NONE',  ( -9.115936689318759100E-011, 3.491483360863812800E-015, -1.000000000000000000 ) ) ;
#299 = DIRECTION ( 'NONE',  ( -9.115936689318759100E-011, 3.491483360863812800E-015, -1.000000000000000000 ) ) ;
#300 = DIRECTION ( 'NONE',  ( -1.000000000000000000, -4.848175001556022600E-013, 9.115413737835363400E-011 ) ) ;
#301 = CARTESIAN_POINT ( 'NONE',  ( 1861.479411710121700, -9.798087430772994800, 1840.999999999455200 ) ) ;
#302 = EDGE_CURVE ( 'NONE', #117, #2070, #1047, .T. ) ;
#303 = CYLINDRICAL_SURFACE ( 'NONE', #3358, 5.100000000000104400 ) ;
#304 = B_SPLINE_CURVE_WITH_KNOTS ( 'NONE', 3,
 ( #646, #664, #31, #2046 ),
 .UNSPECIFIED., .F., .F.,
 ( 4, 4 ),
 ( 0.0000000000000000000, 0.001809663481665642300 ),
 .UNSPECIFIED. ) ;
#305 = AXIS2_PLACEMENT_3D ( 'NONE', #409, #359, #354 ) ;
#306 = ADVANCED_FACE ( 'NONE', ( #2248 ), #1069, .F. ) ;
#307 = CIRCLE ( 'NONE', #1295, 49.50000000000009900 ) ;
#308 = AXIS2_PLACEMENT_3D ( 'NONE', #2033, #357, #3210 ) ;
#309 =( LENGTH_UNIT ( ) NAMED_UNIT ( * ) SI_UNIT ( .MILLI., .METRE. ) );
#310 = VERTEX_POINT ( 'NONE', #1568 ) ;
#311 = ORIENTED_EDGE ( 'NONE', *, *, #617, .T. ) ;
#312 = CIRCLE ( 'NONE', #2099, 5.099999999999882400 ) ;
#313 = CARTESIAN_POINT ( 'NONE',  ( 1949.999999944687300, 69.28203230275231300, 1832.999999991386200 ) ) ;
#314 = EDGE_CURVE ( 'NONE', #647, #820, #1814, .T. ) ;
#315 = CARTESIAN_POINT ( 'NONE',  ( 1867.499999945780500, -1.737950522430748700E-012, 1844.999999998906600 ) ) ;
#316 = DIRECTION ( 'NONE',  ( 1.000000000000000000, 8.881784197001252300E-015, -9.116041255197152600E-011 ) ) ;
#317 = ORIENTED_EDGE ( 'NONE', *, *, #3265, .F. ) ;
#318 = CIRCLE ( 'NONE', #979, 49.50000000000009900 ) ;
#319 = CARTESIAN_POINT ( 'NONE',  ( 1996.499999948059400, -2.242702553429696400E-012, 1869.999999987146800 ) ) ;
#320 = ORIENTED_EDGE ( 'NONE', *, *, #3180, .F. ) ;
#321 = ORIENTED_EDGE ( 'NONE', *, *, #872, .F. ) ;
#322 = FACE_OUTER_BOUND ( 'NONE', #740, .T. ) ;
#323 = EDGE_LOOP ( 'NONE', ( #1153, #1180, #1139, #368 ) ) ;
#324 = ORIENTED_EDGE ( 'NONE', *, *, #10, .F. ) ;
#325 = ORIENTED_EDGE ( 'NONE', *, *, #1488, .F. ) ;
#326 = VECTOR ( 'NONE', #2749, 1000.000000000000000 ) ;
#327 = DIRECTION ( 'NONE',  ( 9.115936689318759100E-011, -3.366713061171388300E-015, 1.000000000000000000 ) ) ;
#328 = DIRECTION ( 'NONE',  ( 9.115936689318759100E-011, -3.366713061171388300E-015, 1.000000000000000000 ) ) ;
#329 = VERTEX_POINT ( 'NONE', #3267 ) ;
#330 = ORIENTED_EDGE ( 'NONE', *, *, #2653, .F. ) ;
#331 = DIRECTION ( 'NONE',  ( -9.115936689318759100E-011, 3.491483360863812800E-015, -1.000000000000000000 ) ) ;
#332 = CARTESIAN_POINT ( 'NONE',  ( 1894.876006644427900, -90.09752076087005400, 1862.797619271887000 ) ) ;
#333 = ORIENTED_EDGE ( 'NONE', *, *, #925, .F. ) ;
#334 = CARTESIAN_POINT ( 'NONE',  ( 1869.861549775255500, 28.10524538119946000, 1840.999999998691200 ) ) ;
#335 = EDGE_LOOP ( 'NONE', ( #3332, #1870 ) ) ;
#336 = CARTESIAN_POINT ( 'NONE',  ( 1909.999999944687300, 79.99999999999785400, 1832.999999995032600 ) ) ;
#337 = EDGE_CURVE ( 'NONE', #2558, #388, #1743, .T. ) ;
#338 = ADVANCED_FACE ( 'NONE', ( #2925 ), #1542, .T. ) ;
#339 = CARTESIAN_POINT ( 'NONE',  ( 1909.999999948058800, -2.664535259074912800E-012, 1869.999999995032100 ) ) ;
#340 = VERTEX_POINT ( 'NONE', #1523 ) ;
#341 = AXIS2_PLACEMENT_3D ( 'NONE', #2216, #1818, #2047 ) ;
#342 =( GEOMETRIC_REPRESENTATION_CONTEXT ( 3 ) GLOBAL_UNCERTAINTY_ASSIGNED_CONTEXT ( ( #2452 ) ) GLOBAL_UNIT_ASSIGNED_CONTEXT ( ( #760, #745, #738 ) ) REPRESENTATION_CONTEXT ( 'NONE', 'WORKASPACE' ) );
#343 = EDGE_LOOP ( 'NONE', ( #1303, #1164 ) ) ;
#344 = EDGE_CURVE ( 'NONE', #853, #673, #1207, .T. ) ;
#345 = DIRECTION ( 'NONE',  ( -9.115936689318759100E-011, 3.491483360863812800E-015, -1.000000000000000000 ) ) ;
#346 = VERTEX_POINT ( 'NONE', #1343 ) ;
#347 = AXIS2_PLACEMENT_3D ( 'NONE', #2009, #1953, #1996 ) ;
#349 = CARTESIAN_POINT ( 'NONE',  ( 1883.308631192067400, -92.46214156633868700, 1853.851815718843500 ) ) ;
#348 = AXIS2_PLACEMENT_3D ( 'NONE', #2122, #469, #2348 ) ;
#350 = VERTEX_POINT ( 'NONE', #1335 ) ;
#351 = DIRECTION ( 'NONE',  ( -0.5591929035463166800, 3.823792396682900800E-015, -0.8290375725040691800 ) ) ;
#352 = ADVANCED_FACE ( 'NONE', ( #2591 ), #726, .F. ) ;
#353 = EDGE_CURVE ( 'NONE', #2335, #807, #3081, .T. ) ;
#354 = DIRECTION ( 'NONE',  ( -1.000000000000000000, 0.0000000000000000000, 9.115936689318757800E-011 ) ) ;
#355 = CARTESIAN_POINT ( 'NONE',  ( 1835.835745306988400, -59.78223831022891900, 1857.014842974129800 ) ) ;
#356 = CARTESIAN_POINT ( 'NONE',  ( 1909.999999945415800, -2.206979197005627100E-012, 1840.999999995032100 ) ) ;
#357 = DIRECTION ( 'NONE',  ( -9.115936689318759100E-011, 3.491483360863812800E-015, -1.000000000000000000 ) ) ;
#358 = DIRECTION ( 'NONE',  ( -1.000000000000000000, 0.0000000000000000000, 9.116890249275025600E-011 ) ) ;
#359 = DIRECTION ( 'NONE',  ( -9.115936689318757800E-011, 3.491483360863812400E-015, -1.000000000000000000 ) ) ;
#360 = DIRECTION ( 'NONE',  ( -1.000000000000000000, 0.0000000000000000000, 9.115413737835363400E-011 ) ) ;
#361 = EDGE_CURVE ( 'NONE', #535, #1782, #1294, .T. ) ;
#362 = AXIS2_PLACEMENT_3D ( 'NONE', #2938, #3112, #2960 ) ;
#363 = VERTEX_POINT ( 'NONE', #1227 ) ;
#364 = VERTEX_POINT ( 'NONE', #1326 ) ;
#365 = DIRECTION ( 'NONE',  ( 0.2423871283161464800, 0.7928125735064339700, -0.5591929034928441200 ) ) ;
#366 = VECTOR ( 'NONE', #1927, 1000.000000000000100 ) ;
#367 = FACE_OUTER_BOUND ( 'NONE', #442, .T. ) ;
#368 = ORIENTED_EDGE ( 'NONE', *, *, #1170, .F. ) ;
#369 = ORIENTED_EDGE ( 'NONE', *, *, #494, .F. ) ;
#370 = CIRCLE ( 'NONE', #1692, 5.099999999999882400 ) ;
#371 = FACE_OUTER_BOUND ( 'NONE', #1421, .T. ) ;
#372 = AXIS2_PLACEMENT_3D ( 'NONE', #246, #568, #1960 ) ;
#373 = EDGE_LOOP ( 'NONE', ( #2274, #1398, #2087, #1017 ) ) ;
#374 = ORIENTED_EDGE ( 'NONE', *, *, #1969, .F. ) ;
#375 = CARTESIAN_POINT ( 'NONE',  ( 1882.581469807119000, -94.84057928685771800, 1855.529394429321900 ) ) ;
#376 = CYLINDRICAL_SURFACE ( 'NONE', #3313, 10.00000000000000900 ) ;
#377 = CIRCLE ( 'NONE', #1632, 5.099999999999882400 ) ;
#378 = EDGE_LOOP ( 'NONE', ( #519, #567 ) ) ;
#379 = ORIENTED_EDGE ( 'NONE', *, *, #1001, .F. ) ;
#380 = VECTOR ( 'NONE', #1903, 1000.000000000000000 ) ;
#381 = DIRECTION ( 'NONE',  ( 9.115936689318759100E-011, -3.491483360863812800E-015, 1.000000000000000000 ) ) ;
#382 = EDGE_LOOP ( 'NONE', ( #1111, #93, #168, #324 ) ) ;
#383 = DIRECTION ( 'NONE',  ( 0.2423871283161465100, 0.7928125735064339700, -0.5591929034928441200 ) ) ;
#384 = CARTESIAN_POINT ( 'NONE',  ( 1958.520588181074300, -9.798087430774062400, 1844.999999990609000 ) ) ;
#385 = ORIENTED_EDGE ( 'NONE', *, *, #2722, .T. ) ;
#386 = EDGE_LOOP ( 'NONE', ( #435, #484, #551, #176, #427, #454 ) ) ;
#387 = ORIENTED_EDGE ( 'NONE', *, *, #389, .T. ) ;
#388 = VERTEX_POINT ( 'NONE', #1291 ) ;
#389 = EDGE_CURVE ( 'NONE', #233, #620, #1638, .T. ) ;
#390 = CARTESIAN_POINT ( 'NONE',  ( 1838.938400719150200, -70.35800675993519300, 1854.500000001510200 ) ) ;
#391 = VERTEX_POINT ( 'NONE', #1029 ) ;
#392 = ORIENTED_EDGE ( 'NONE', *, *, #2766, .T. ) ;
#393 = EDGE_LOOP ( 'NONE', ( #2202, #572 ) ) ;
#394 = DIRECTION ( 'NONE',  ( -9.115936689318759100E-011, 3.491483360863812800E-015, -1.000000000000000000 ) ) ;
#395 = ORIENTED_EDGE ( 'NONE', *, *, #3288, .T. ) ;
#396 = CARTESIAN_POINT ( 'NONE',  ( 1838.985993243514500, -69.83447755260165500, 1854.607759714527000 ) ) ;
#397 = CARTESIAN_POINT ( 'NONE',  ( 1871.624725742894700, -85.90931489399552800, 1858.746348505806500 ) ) ;
#398 = CARTESIAN_POINT ( 'NONE',  ( 1869.999999944687300, 69.28203230275364900, 1832.999999998679000 ) ) ;
#399 = AXIS2_PLACEMENT_3D ( 'NONE', #270, #2694, #1206 ) ;
#400 = ORIENTED_EDGE ( 'NONE', *, *, #232, .T. ) ;
#401 = CARTESIAN_POINT ( 'NONE',  ( 1839.006087510438600, -69.30714039835744700, 1854.710539770811700 ) ) ;
#402 = CARTESIAN_POINT ( 'NONE',  ( 1950.138450115941200, 28.10524538119855700, 1844.999999991373200 ) ) ;
#403 = ADVANCED_FACE ( 'NONE', ( #289 ), #1643, .F. ) ;
#404 = AXIS2_PLACEMENT_3D ( 'NONE', #2162, #2137, #2275 ) ;
#406 = CARTESIAN_POINT ( 'NONE',  ( 1838.990711582433700, -68.25463844363055400, 1854.903803905568800 ) ) ;
#405 = MECHANICAL_DESIGN_GEOMETRIC_PRESENTATION_REPRESENTATION (  '', ( #3433 ), #598 ) ;
#407 = CARTESIAN_POINT ( 'NONE',  ( 1814.628304869863300, -30.07057995042831800, 1833.000000003728500 ) ) ;
#408 = DIRECTION ( 'NONE',  ( -9.115936689318759100E-011, 3.491483360863812800E-015, -1.000000000000000000 ) ) ;
#409 = CARTESIAN_POINT ( 'NONE',  ( 1909.999999946145000, -2.220446049250313100E-012, 1848.999999995032100 ) ) ;
#410 = CARTESIAN_POINT ( 'NONE',  ( 1838.955451220337400, -67.73195005801913700, 1854.993868852458500 ) ) ;
#411 = CARTESIAN_POINT ( 'NONE',  ( 1875.306853618439200, -81.00813939492753900, 1867.593001919716200 ) ) ;
#412 = CARTESIAN_POINT ( 'NONE',  ( 1952.499999945506700, -2.664535259100375700E-012, 1841.999999991157900 ) ) ;
#413 = CARTESIAN_POINT ( 'NONE',  ( 1838.768521613773400, -66.17428565054257200, 1855.244175099710900 ) ) ;
#414 = ORIENTED_EDGE ( 'NONE', *, *, #2524, .F. ) ;
#415 = CIRCLE ( 'NONE', #474, 11.50000000000006600 ) ;
#416 = CARTESIAN_POINT ( 'NONE',  ( 1860.894117591745300, 9.413411620611821500, 1832.999999999508600 ) ) ;
#417 = EDGE_LOOP ( 'NONE', ( #915, #905 ) ) ;
#418 = EDGE_LOOP ( 'NONE', ( #3431, #808 ) ) ;
#419 = LINE ( 'NONE', #2686, #1140 ) ;
#421 = AXIS2_PLACEMENT_3D ( 'NONE', #1797, #1705, #1774 ) ;
#420 = DIRECTION ( 'NONE',  ( -1.000000000000000000, 0.0000000000000000000, 9.116890249275025600E-011 ) ) ;
#422 = ORIENTED_EDGE ( 'NONE', *, *, #3306, .T. ) ;
#423 = CARTESIAN_POINT ( 'NONE',  ( 1909.999999946549000, -2.220446049250313100E-012, 1853.428203225307700 ) ) ;
#424 = CYLINDRICAL_SURFACE ( 'NONE', #1753, 50.00000000000004300 ) ;
#425 = CIRCLE ( 'NONE', #2905, 5.100000000000104400 ) ;
#426 = CARTESIAN_POINT ( 'NONE',  ( 1955.099999944685800, -69.28203230275767100, 1832.999999990920700 ) ) ;
#427 = ORIENTED_EDGE ( 'NONE', *, *, #232, .F. ) ;
#428 = AXIS2_PLACEMENT_3D ( 'NONE', #2184, #544, #2413 ) ;
#429 = CIRCLE ( 'NONE', #2562, 11.50000000000006600 ) ;
#430 = EDGE_LOOP ( 'NONE', ( #718, #1281, #203, #1238 ) ) ;
#431 = DIRECTION ( 'NONE',  ( -9.115936689318759100E-011, 3.491483360863812800E-015, -1.000000000000000000 ) ) ;
#432 = ORIENTED_EDGE ( 'NONE', *, *, #2565, .F. ) ;
#433 = CYLINDRICAL_SURFACE ( 'NONE', #362, 6.000000000000005300 ) ;
#434 = DIRECTION ( 'NONE',  ( 9.115936689318759100E-011, -3.366713061171388300E-015, 1.000000000000000000 ) ) ;
#435 = ORIENTED_EDGE ( 'NONE', *, *, #1850, .F. ) ;
#436 = ORIENTED_EDGE ( 'NONE', *, *, #3342, .T. ) ;
#437 = DIRECTION ( 'NONE',  ( -9.115936689318759100E-011, 3.491483360863812800E-015, -1.000000000000000000 ) ) ;
#438 = CARTESIAN_POINT ( 'NONE',  ( 1840.717967641931900, 39.99999999999870700, 1833.000000001348300 ) ) ;
#439 = ORIENTED_EDGE ( 'NONE', *, *, #520, .F. ) ;
#440 = CARTESIAN_POINT ( 'NONE',  ( 1909.999999946144300, -80.00000000000234500, 1848.999999995032100 ) ) ;
#441 = ORIENTED_EDGE ( 'NONE', *, *, #2699, .T. ) ;
#442 = EDGE_LOOP ( 'NONE', ( #3055, #3421 ) ) ;
#443 = ORIENTED_EDGE ( 'NONE', *, *, #244, .T. ) ;
#444 = AXIS2_PLACEMENT_3D ( 'NONE', #1072, #1156, #1378 ) ;
#445 = DIRECTION ( 'NONE',  ( -1.000000000000000000, 0.0000000000000000000, 9.116890249274627600E-011 ) ) ;
#446 = CARTESIAN_POINT ( 'NONE',  ( 1882.581469807119000, -89.68197110434684300, 1862.843166480687200 ) ) ;
#447 = ORIENTED_EDGE ( 'NONE', *, *, #2550, .F. ) ;
#448 = AXIS2_PLACEMENT_3D ( 'NONE', #1381, #2118, #1647 ) ;
#449 = CARTESIAN_POINT ( 'NONE',  ( 1974.182032248900000, -40.00000000000275700, 1848.999999989181300 ) ) ;
#450 = CARTESIAN_POINT ( 'NONE',  ( 1956.022894948524000, -18.22479452994800300, 1855.999999990837100 ) ) ;
#451 = DIRECTION ( 'NONE',  ( -1.000000000000000000, 0.0000000000000000000, 9.115413737835363400E-011 ) ) ;
#452 = CARTESIAN_POINT ( 'NONE',  ( 1915.099999944685600, -80.00000000000228800, 1832.999999994567100 ) ) ;
#453 = SURFACE_STYLE_FILL_AREA ( #2168 ) ;
#454 = ORIENTED_EDGE ( 'NONE', *, *, #2824, .F. ) ;
#455 = ORIENTED_EDGE ( 'NONE', *, *, #2560, .F. ) ;
#456 = DIRECTION ( 'NONE',  ( -9.115936689318759100E-011, 3.366713061171388300E-015, -1.000000000000000000 ) ) ;
#457 = EDGE_CURVE ( 'NONE', #1373, #2406, #1396, .T. ) ;
#458 = CIRCLE ( 'NONE', #1557, 67.50000000000011400 ) ;
#459 = CARTESIAN_POINT ( 'NONE',  ( 1874.398448410425100, -92.90367511420780000, 1854.636983195418200 ) ) ;
#460 = ORIENTED_EDGE ( 'NONE', *, *, #1691, .F. ) ;
#461 = EDGE_LOOP ( 'NONE', ( #2442, #653 ) ) ;
#462 = FACE_BOUND ( 'NONE', #97, .T. ) ;
#463 = CIRCLE ( 'NONE', #1129, 96.28311435487093200 ) ;
#464 = ORIENTED_EDGE ( 'NONE', *, *, #1646, .F. ) ;
#465 = CYLINDRICAL_SURFACE ( 'NONE', #2830, 5.099999999999882400 ) ;
#467 = CARTESIAN_POINT ( 'NONE',  ( 1838.190619615788600, -64.13930936920583300, 1855.495936508549200 ) ) ;
#466 = AXIS2_PLACEMENT_3D ( 'NONE', #2060, #1827, #1318 ) ;
#468 = DIRECTION ( 'NONE',  ( -9.115936689318759100E-011, 3.491483360863812800E-015, -1.000000000000000000 ) ) ;
#469 = DIRECTION ( 'NONE',  ( -9.115936689318759100E-011, 3.491483360863812800E-015, -1.000000000000000000 ) ) ;
#470 = EDGE_LOOP ( 'NONE', ( #482, #1978 ) ) ;
#471 = ORIENTED_EDGE ( 'NONE', *, *, #669, .T. ) ;
#472 = LINE ( 'NONE', #2036, #380 ) ;
#473 = CARTESIAN_POINT ( 'NONE',  ( 1838.536668205416800, -65.14958636388942600, 1855.384761411459300 ) ) ;
#474 = AXIS2_PLACEMENT_3D ( 'NONE', #2056, #394, #2295 ) ;
#475 = EDGE_LOOP ( 'NONE', ( #1625, #1602, #1581, #1539 ) ) ;
#476 = VERTEX_POINT ( 'NONE', #1179 ) ;
#477 = ADVANCED_FACE ( 'NONE', ( #3166 ), #978, .F. ) ;
#478 = VERTEX_POINT ( 'NONE', #1051 ) ;
#479 = ORIENTED_EDGE ( 'NONE', *, *, #2621, .F. ) ;
#480 = ORIENTED_EDGE ( 'NONE', *, *, #3265, .T. ) ;
#481 = CARTESIAN_POINT ( 'NONE',  ( 1942.866462025666600, -37.01412798313072000, 1844.999999992036200 ) ) ;
#482 = ORIENTED_EDGE ( 'NONE', *, *, #2718, .T. ) ;
#483 = DIRECTION ( 'NONE',  ( 0.0000000000000000000, 0.5763808025151736500, 0.8171812347894218400 ) ) ;
#484 = ORIENTED_EDGE ( 'NONE', *, *, #2125, .T. ) ;
#485 = EDGE_LOOP ( 'NONE', ( #1437, #2238 ) ) ;
#486 = CARTESIAN_POINT ( 'NONE',  ( 1875.099999944685800, -69.28203230275676100, 1832.999999998213500 ) ) ;
#487 = CARTESIAN_POINT ( 'NONE',  ( 1831.820922808810800, -56.20026697210251100, 1855.495936509129700 ) ) ;
#488 = ORIENTED_EDGE ( 'NONE', *, *, #1136, .T. ) ;
#489 = ADVANCED_FACE ( 'NONE', ( #1390 ), #1149, .F. ) ;
#490 = ORIENTED_EDGE ( 'NONE', *, *, #2311, .T. ) ;
#491 = AXIS2_PLACEMENT_3D ( 'NONE', #591, #2082, #2124 ) ;
#492 = CARTESIAN_POINT ( 'NONE',  ( 1907.532975880395300, 88.63569305580381300, 1866.782897640016900 ) ) ;
#493 = CARTESIAN_POINT ( 'NONE',  ( 1909.999999944685700, -80.00000000000228800, 1832.999999995032100 ) ) ;
#494 = EDGE_CURVE ( 'NONE', #233, #616, #3113, .T. ) ;
#495 = AXIS2_PLACEMENT_3D ( 'NONE', #2996, #1328, #2792 ) ;
#496 = DIRECTION ( 'NONE',  ( 1.000000000000000000, 0.0000000000000000000, -9.115936689318759100E-011 ) ) ;
#497 = SURFACE_STYLE_USAGE ( .BOTH. , #2143 ) ;
#498 = CARTESIAN_POINT ( 'NONE',  ( 1911.054072019707500, 89.40549987732194400, 1865.683509996153400 ) ) ;
#499 = EDGE_LOOP ( 'NONE', ( #812, #2858 ) ) ;
#500 = CIRCLE ( 'NONE', #675, 8.950000000000100500 ) ;
#501 = DIRECTION ( 'NONE',  ( 9.115936689318759100E-011, -3.366713061155889200E-015, 1.000000000000000000 ) ) ;
#502 = CARTESIAN_POINT ( 'NONE',  ( 1909.999999946053800, -2.164582315476492900E-012, 1847.999999995032600 ) ) ;
#503 = ORIENTED_EDGE ( 'NONE', *, *, #2509, .T. ) ;
#504 = CARTESIAN_POINT ( 'NONE',  ( 1984.382032247441000, -40.00000000000270000, 1832.999999988251400 ) ) ;
#505 = CARTESIAN_POINT ( 'NONE',  ( 1877.133537866896900, 37.01412798312621500, 1855.999999998028700 ) ) ;
#506 = CIRCLE ( 'NONE', #1243, 10.00000000000000900 ) ;
#507 = PLANE ( 'NONE',  #1714 ) ;
#508 = VERTEX_POINT ( 'NONE', #1306 ) ;
#509 = EDGE_CURVE ( 'NONE', #223, #1635, #3303, .T. ) ;
#510 = FACE_OUTER_BOUND ( 'NONE', #1554, .T. ) ;
#511 = DIRECTION ( 'NONE',  ( -9.115936689318759100E-011, 3.366713061171388300E-015, -1.000000000000000000 ) ) ;
#512 = VECTOR ( 'NONE', #265, 1000.000000000000000 ) ;
#513 = ADVANCED_FACE ( 'NONE', ( #3322 ), #1162, .T. ) ;
#514 = AXIS2_PLACEMENT_3D ( 'NONE', #185, #144, #135 ) ;
#515 = ORIENTED_EDGE ( 'NONE', *, *, #1018, .T. ) ;
#516 = CYLINDRICAL_SURFACE ( 'NONE', #2091, 49.50000000000009900 ) ;
#517 = DIRECTION ( 'NONE',  ( -9.115936689318759100E-011, 3.491483360863812800E-015, -1.000000000000000000 ) ) ;
#518 = EDGE_LOOP ( 'NONE', ( #285, #1564 ) ) ;
#519 = ORIENTED_EDGE ( 'NONE', *, *, #2679, .F. ) ;
#520 = EDGE_CURVE ( 'NONE', #616, #2961, #126, .T. ) ;
#522 = DIRECTION ( 'NONE',  ( -1.000000000000000000, 0.0000000000000000000, 9.116890249275025600E-011 ) ) ;
#521 = AXIS2_PLACEMENT_3D ( 'NONE', #1273, #672, #2506 ) ;
#523 = CYLINDRICAL_SURFACE ( 'NONE', #2902, 11.50000000000006600 ) ;
#524 = CARTESIAN_POINT ( 'NONE',  ( 1877.133537865528800, -37.01412798312982500, 1840.999999998028000 ) ) ;
#525 = DIRECTION ( 'NONE',  ( 9.115936689318756500E-011, -3.491483360863812800E-015, 1.000000000000000000 ) ) ;
#526 = EDGE_LOOP ( 'NONE', ( #1810, #2392, #2268, #2884, #3106, #3157, #3280, #2964, #2894, #3147 ) ) ;
#527 = EDGE_LOOP ( 'NONE', ( #1899, #1204 ) ) ;
#528 = DIRECTION ( 'NONE',  ( -9.115936689318759100E-011, 3.491483360863812800E-015, -1.000000000000000000 ) ) ;
#529 = CARTESIAN_POINT ( 'NONE',  ( 1979.282032248899700, -40.00000000000275700, 1848.999999988716400 ) ) ;
#530 = ORIENTED_EDGE ( 'NONE', *, *, #361, .F. ) ;
#531 = VERTEX_POINT ( 'NONE', #1270 ) ;
#532 = ADVANCED_FACE ( 'NONE', ( #2944 ), #1745, .F. ) ;
#533 = ORIENTED_EDGE ( 'NONE', *, *, #2567, .F. ) ;
#534 = SURFACE_SIDE_STYLE ('',( #453 ) ) ;
#535 = VERTEX_POINT ( 'NONE', #2300 ) ;
#536 = CARTESIAN_POINT ( 'NONE',  ( 1909.999999946737300, -2.220446049250313100E-012, 1855.495936502003100 ) ) ;
#537 = CARTESIAN_POINT ( 'NONE',  ( 1909.999999944687300, 79.99999999999785400, 1832.999999995032600 ) ) ;
#538 = ORIENTED_EDGE ( 'NONE', *, *, #2090, .F. ) ;
#539 = CARTESIAN_POINT ( 'NONE',  ( 1877.133537866896200, -37.01412798312986800, 1855.999999998028400 ) ) ;
#540 = DIRECTION ( 'NONE',  ( -9.115936689318759100E-011, 3.491483360863812800E-015, -1.000000000000000000 ) ) ;
#541 = AXIS2_PLACEMENT_3D ( 'NONE', #657, #643, #633 ) ;
#542 = DIRECTION ( 'NONE',  ( -1.000000000000000000, 0.0000000000000000000, 9.115940325831266900E-011 ) ) ;
#543 = DIRECTION ( 'NONE',  ( -1.000000000000000000, 0.0000000000000000000, 9.116890249274627600E-011 ) ) ;
#544 = DIRECTION ( 'NONE',  ( -9.115936689318759100E-011, 3.366713061171388300E-015, -1.000000000000000000 ) ) ;
#545 = DIRECTION ( 'NONE',  ( -1.000000000000000000, 4.368486249068525800E-013, 9.115413737835363400E-011 ) ) ;
#546 = ADVANCED_FACE ( 'NONE', ( #2364 ), #3357, .F. ) ;
#547 = EDGE_CURVE ( 'NONE', #982, #267, #712, .T. ) ;
#548 = AXIS2_PLACEMENT_3D ( 'NONE', #1091, #2840, #1392 ) ;
#549 = DIRECTION ( 'NONE',  ( -1.000000000000000000, 0.0000000000000000000, 9.115413737835363400E-011 ) ) ;
#550 = CARTESIAN_POINT ( 'NONE',  ( 1906.999999947923700, 85.49999999999793900, 1868.499999995032800 ) ) ;
#551 = ORIENTED_EDGE ( 'NONE', *, *, #2653, .T. ) ;
#552 = EDGE_LOOP ( 'NONE', ( #3000, #2048 ) ) ;
#553 = CIRCLE ( 'NONE', #959, 5.099999999999882400 ) ;
#554 = CARTESIAN_POINT ( 'NONE',  ( 1909.999999946646300, -2.187276957322106900E-012, 1854.499999995032300 ) ) ;
#555 = EDGE_LOOP ( 'NONE', ( #937, #422, #464, #432, #460, #52 ) ) ;
#556 = CIRCLE ( 'NONE', #3025, 11.50000000000006600 ) ;
#557 = ORIENTED_EDGE ( 'NONE', *, *, #2550, .T. ) ;
#558 = CONICAL_SURFACE ( 'NONE', #61, 104.0000000000000900, 1.308996938995783600 ) ;
#559 = CARTESIAN_POINT ( 'NONE',  ( 1909.999999945780500, -2.220446049250313100E-012, 1844.999999995032100 ) ) ;
#560 = DIRECTION ( 'NONE',  ( 1.000000000000000000, -1.065814103640152600E-014, -9.116041255197172000E-011 ) ) ;
#561 = DIRECTION ( 'NONE',  ( 1.000000000000000000, 0.0000000000000000000, -9.114931032172527400E-011 ) ) ;
#562 = CARTESIAN_POINT ( 'NONE',  ( 1864.899999946145700, 69.28203230275359200, 1848.999999999143900 ) ) ;
#563 = EDGE_LOOP ( 'NONE', ( #2434, #2878 ) ) ;
#564 = VERTEX_POINT ( 'NONE', #3442 ) ;
#565 = CIRCLE ( 'NONE', #2339, 11.50000000000006600 ) ;
#566 = ORIENTED_EDGE ( 'NONE', *, *, #1085, .F. ) ;
#567 = ORIENTED_EDGE ( 'NONE', *, *, #2951, .F. ) ;
#568 = DIRECTION ( 'NONE',  ( -9.115936689318759100E-011, 3.491483360863812800E-015, -1.000000000000000000 ) ) ;
#569 = FACE_OUTER_BOUND ( 'NONE', #278, .T. ) ;
#570 = AXIS2_PLACEMENT_3D ( 'NONE', #2974, #2928, #3018 ) ;
#571 = VERTEX_POINT ( 'NONE', #11 ) ;
#572 = ORIENTED_EDGE ( 'NONE', *, *, #2240, .F. ) ;
#573 = DIRECTION ( 'NONE',  ( -9.115936689318759100E-011, 3.491483360863812800E-015, -1.000000000000000000 ) ) ;
#574 = AXIS2_PLACEMENT_3D ( 'NONE', #875, #1183, #2422 ) ;
#575 = VERTEX_POINT ( 'NONE', #3354 ) ;
#576 = EDGE_LOOP ( 'NONE', ( #447, #2980, #3212, #953 ) ) ;
#577 = DIRECTION ( 'NONE',  ( -9.115936689318759100E-011, 3.491483360863812800E-015, -1.000000000000000000 ) ) ;
#578 = CARTESIAN_POINT ( 'NONE',  ( 1869.861549775620200, 28.10524538119939600, 1844.999999998691000 ) ) ;
#579 = DIRECTION ( 'NONE',  ( -1.000000000000000000, 0.0000000000000000000, 9.115413737835363400E-011 ) ) ;
#580 = ORIENTED_EDGE ( 'NONE', *, *, #110, .T. ) ;
#581 = EDGE_LOOP ( 'NONE', ( #2409, #1669, #1975, #1861 ) ) ;
#582 = ORIENTED_EDGE ( 'NONE', *, *, #3236, .F. ) ;
#583 = ORIENTED_EDGE ( 'NONE', *, *, #1835, .F. ) ;
#584 = CARTESIAN_POINT ( 'NONE',  ( 1869.999999946145900, 69.28203230275359200, 1848.999999998679000 ) ) ;
#585 = ORIENTED_EDGE ( 'NONE', *, *, #3323, .T. ) ;
#586 = FACE_OUTER_BOUND ( 'NONE', #14, .T. ) ;
#587 = DIRECTION ( 'NONE',  ( -9.115936689318759100E-011, 3.491483360863812800E-015, -1.000000000000000000 ) ) ;
#588 = CARTESIAN_POINT ( 'NONE',  ( 1855.999999946783200, -1.776356839400250500E-012, 1855.999999999954800 ) ) ;
#589 = DIRECTION ( 'NONE',  ( -1.000000000000000000, 0.0000000000000000000, 9.116890249275025600E-011 ) ) ;
#590 = EDGE_CURVE ( 'NONE', #476, #564, #1517, .T. ) ;
#591 = CARTESIAN_POINT ( 'NONE',  ( 1909.999999944686400, -2.112210065063534100E-012, 1832.999999995032100 ) ) ;
#592 = CARTESIAN_POINT ( 'NONE',  ( 1861.479411711489100, 9.798087430769555800, 1855.999999999455400 ) ) ;
#593 = AXIS2_PLACEMENT_3D ( 'NONE', #2453, #906, #2702 ) ;
#594 = CARTESIAN_POINT ( 'NONE',  ( 1962.499999945780500, -2.674635398283890400E-012, 1844.999999990246400 ) ) ;
#595 = EDGE_LOOP ( 'NONE', ( #846, #3403, #98, #108 ) ) ;
#596 = EDGE_CURVE ( 'NONE', #267, #1055, #2149, .T. ) ;
#597 = CIRCLE ( 'NONE', #3324, 11.50000000000006600 ) ;
#598 =( GEOMETRIC_REPRESENTATION_CONTEXT ( 3 ) GLOBAL_UNCERTAINTY_ASSIGNED_CONTEXT ( ( #2622 ) ) GLOBAL_UNIT_ASSIGNED_CONTEXT ( ( #837, #2651, #1155 ) ) REPRESENTATION_CONTEXT ( 'NONE', 'WORKASPACE' ) );
#599 = DIRECTION ( 'NONE',  ( -9.115936689318759100E-011, 3.491483360863812800E-015, -1.000000000000000000 ) ) ;
#600 = VERTEX_POINT ( 'NONE', #3294 ) ;
#601 = CIRCLE ( 'NONE', #428, 49.50000000000009900 ) ;
#602 = ORIENTED_EDGE ( 'NONE', *, *, #3288, .F. ) ;
#603 = FACE_OUTER_BOUND ( 'NONE', #743, .T. ) ;
#604 = CYLINDRICAL_SURFACE ( 'NONE', #3223, 5.099999999999882400 ) ;
#605 = DIRECTION ( 'NONE',  ( 1.000000000000000000, 0.0000000000000000000, -9.115819210592227600E-011 ) ) ;
#606 = VERTEX_POINT ( 'NONE', #3338 ) ;
#607 = DIRECTION ( 'NONE',  ( -1.000000000000000000, 0.0000000000000000000, 9.115936689318759100E-011 ) ) ;
#608 = LINE ( 'NONE', #296, #1513 ) ;
#609 = ADVANCED_FACE ( 'NONE', ( #2714 ), #3245, .T. ) ;
#610 = DIRECTION ( 'NONE',  ( -9.115936689318759100E-011, 3.491483360863812800E-015, -1.000000000000000000 ) ) ;
#611 = CARTESIAN_POINT ( 'NONE',  ( 1891.530862910643700, -84.77978193699492200, 1869.606399739331200 ) ) ;
#612 = ORIENTED_EDGE ( 'NONE', *, *, #2061, .F. ) ;
#613 = FACE_OUTER_BOUND ( 'NONE', #386, .T. ) ;
#614 = CARTESIAN_POINT ( 'NONE',  ( 1842.499999947511700, -2.635319993015484900E-012, 1864.000000001185300 ) ) ;
#615 = EDGE_LOOP ( 'NONE', ( #12, #1349, #488, #967 ) ) ;
#616 = VERTEX_POINT ( 'NONE', #3258 ) ;
#617 = EDGE_CURVE ( 'NONE', #1055, #1578, #2081, .T. ) ;
#618 = EDGE_LOOP ( 'NONE', ( #38, #739, #2, #1233 ) ) ;
#619 = EDGE_LOOP ( 'NONE', ( #1821, #1595, #1709, #1561 ) ) ;
#620 = VERTEX_POINT ( 'NONE', #3229 ) ;
#621 =( NAMED_UNIT ( * ) SI_UNIT ( $, .STERADIAN. ) SOLID_ANGLE_UNIT ( ) );
#622 = EDGE_CURVE ( 'NONE', #1545, #2607, #2788, .T. ) ;
#624 = DIRECTION ( 'NONE',  ( -9.115936689318759100E-011, 3.366713061155889200E-015, -1.000000000000000000 ) ) ;
#623 = AXIS2_PLACEMENT_3D ( 'NONE', #242, #2198, #561 ) ;
#625 = VERTEX_POINT ( 'NONE', #3217 ) ;
#626 = EDGE_LOOP ( 'NONE', ( #379, #2912, #2825, #2843 ) ) ;
#627 = CARTESIAN_POINT ( 'NONE',  ( 1892.075814174007300, -85.20513411917914900, 1869.157554237418300 ) ) ;
#628 = ORIENTED_EDGE ( 'NONE', *, *, #2437, .T. ) ;
#629 = ADVANCED_FACE ( 'NONE', ( #613 ), #523, .F. ) ;
#630 = ORIENTED_EDGE ( 'NONE', *, *, #2868, .F. ) ;
#631 = CIRCLE ( 'NONE', #1588, 10.00000000000000900 ) ;
#632 = CIRCLE ( 'NONE', #23, 6.000000000000005300 ) ;
#633 = DIRECTION ( 'NONE',  ( -1.000000000000000000, 4.849454171562683800E-013, 9.115413737835363400E-011 ) ) ;
#634 = CARTESIAN_POINT ( 'NONE',  ( 1894.788590114161500, -90.78378525326338900, 1861.772751777315500 ) ) ;
#635 = DIRECTION ( 'NONE',  ( -1.000000000000000000, 0.0000000000000000000, 9.115413737835363400E-011 ) ) ;
#636 = STYLED_ITEM ( 'NONE', ( #1006 ), #546 ) ;
#637 = DIRECTION ( 'NONE',  ( 1.000000000000000000, 0.0000000000000000000, -9.116000135825862400E-011 ) ) ;
#638 = AXIS2_PLACEMENT_3D ( 'NONE', #1666, #3346, #1905 ) ;
#639 = DIRECTION ( 'NONE',  ( 1.000000000000000000, -9.251858538542620400E-015, 0.0000000000000000000 ) ) ;
#640 = VERTEX_POINT ( 'NONE', #3221 ) ;
#641 = ORIENTED_EDGE ( 'NONE', *, *, #1720, .F. ) ;
#642 = CIRCLE ( 'NONE', #348, 11.50000000000006600 ) ;
#643 = DIRECTION ( 'NONE',  ( 9.115936689318759100E-011, -3.491483360863812800E-015, 1.000000000000000000 ) ) ;
#644 = VECTOR ( 'NONE', #331, 1000.000000000000000 ) ;
#645 = DIRECTION ( 'NONE',  ( -1.000000000000000000, 0.0000000000000000000, 9.115936689318757800E-011 ) ) ;
#646 = CARTESIAN_POINT ( 'NONE',  ( 1906.999999948060300, 86.44796122523432300, 1869.999999995306100 ) ) ;
#647 = VERTEX_POINT ( 'NONE', #3099 ) ;
#648 = LINE ( 'NONE', #2755, #2740 ) ;
#649 = FACE_OUTER_BOUND ( 'NONE', #1230, .T. ) ;
#650 = DIRECTION ( 'NONE',  ( -1.000000000000000000, 0.0000000000000000000, 9.115936689318757800E-011 ) ) ;
#651 = ADVANCED_FACE ( 'NONE', ( #2639 ), #3121, .T. ) ;
#652 = ORIENTED_EDGE ( 'NONE', *, *, #3022, .T. ) ;
#653 = ORIENTED_EDGE ( 'NONE', *, *, #1364, .F. ) ;
#654 = CARTESIAN_POINT ( 'NONE',  ( 1836.245902952527100, -60.33454415846064500, 1856.970717628448900 ) ) ;
#655 = CIRCLE ( 'NONE', #1552, 5.099999999999882400 ) ;
#656 = COLOUR_RGB ( '',0.2901960784313725200, 0.3294117647058823500, 0.3490196078431372400 ) ;
#657 = CARTESIAN_POINT ( 'NONE',  ( 1952.499999945415800, -2.612163008687418100E-012, 1840.999999991157900 ) ) ;
#658 = ORIENTED_EDGE ( 'NONE', *, *, #1686, .F. ) ;
#659 = FACE_OUTER_BOUND ( 'NONE', #803, .T. ) ;
#660 = CARTESIAN_POINT ( 'NONE',  ( 1949.999999944687300, 69.28203230275231300, 1832.999999991386200 ) ) ;
#661 = EDGE_CURVE ( 'NONE', #3117, #575, #1338, .T. ) ;
#662 = ORIENTED_EDGE ( 'NONE', *, *, #2231, .F. ) ;
#663 = ORIENTED_EDGE ( 'NONE', *, *, #1510, .F. ) ;
#664 = CARTESIAN_POINT ( 'NONE',  ( 1906.999999948014600, 86.78541773739510700, 1869.500001124365300 ) ) ;
#665 = VERTEX_POINT ( 'NONE', #3045 ) ;
#666 = ORIENTED_EDGE ( 'NONE', *, *, #1988, .F. ) ;
#667 = PLANE ( 'NONE',  #1165 ) ;
#668 = ORIENTED_EDGE ( 'NONE', *, *, #2766, .F. ) ;
#669 = EDGE_CURVE ( 'NONE', #94, #2793, #3193, .T. ) ;
#670 = AXIS2_PLACEMENT_3D ( 'NONE', #226, #2179, #542 ) ;
#671 = VERTEX_POINT ( 'NONE', #2977 ) ;
#672 = DIRECTION ( 'NONE',  ( -9.115936689318757800E-011, 3.491483360863812400E-015, -1.000000000000000000 ) ) ;
#673 = VERTEX_POINT ( 'NONE', #3037 ) ;
#674 = ADVANCED_FACE ( 'NONE', ( #1931 ), #433, .F. ) ;
#676 = DIRECTION ( 'NONE',  ( -1.000000000000000000, 0.0000000000000000000, 9.115940325831266900E-011 ) ) ;
#675 = AXIS2_PLACEMENT_3D ( 'NONE', #1007, #2778, #1308 ) ;
#677 = VERTEX_POINT ( 'NONE', #2943 ) ;
#678 = DIRECTION ( 'NONE',  ( 3.182814126944439200E-025, 1.000000000000000000, 3.491483360863812400E-015 ) ) ;
#679 = CARTESIAN_POINT ( 'NONE',  ( 1869.861549776623000, 28.10524538119940600, 1855.999999998691500 ) ) ;
#680 = DIRECTION ( 'NONE',  ( -9.115936689318759100E-011, 3.366713061171388300E-015, -1.000000000000000000 ) ) ;
#681 = DIRECTION ( 'NONE',  ( -9.115936689318759100E-011, 3.366713061171388300E-015, -1.000000000000000000 ) ) ;
#682 = DIRECTION ( 'NONE',  ( 1.000000000000000000, -0.0000000000000000000, -9.115936689318757800E-011 ) ) ;
#683 = ADVANCED_FACE ( 'NONE', ( #3118 ), #2474, .F. ) ;
#684 = CARTESIAN_POINT ( 'NONE',  ( 1909.999999945780500, -2.220446049250313100E-012, 1844.999999995032100 ) ) ;
#685 = CARTESIAN_POINT ( 'NONE',  ( 1950.138450115940500, -28.10524538120380800, 1844.999999991373200 ) ) ;
#686 = CARTESIAN_POINT ( 'NONE',  ( 1909.999999945415800, -2.220446049250313100E-012, 1840.999999995032100 ) ) ;
#687 = DIRECTION ( 'NONE',  ( -9.115936689318757800E-011, 3.491483360863812400E-015, -1.000000000000000000 ) ) ;
#689 = AXIS2_PLACEMENT_3D ( 'NONE', #2297, #2237, #2212 ) ;
#688 = DIRECTION ( 'NONE',  ( -1.000000000000000000, 0.0000000000000000000, 9.115940325831266900E-011 ) ) ;
#690 = CARTESIAN_POINT ( 'NONE',  ( 1871.591587251373100, -84.67542511668357000, 1860.394228272930600 ) ) ;
#691 = LINE ( 'NONE', #1765, #1990 ) ;
#692 = DIRECTION ( 'NONE',  ( -1.000000000000000000, 0.0000000000000000000, 9.116890249275025600E-011 ) ) ;
#693 = VERTEX_POINT ( 'NONE', #2911 ) ;
#694 = EDGE_LOOP ( 'NONE', ( #3276, #2672, #2197, #2269 ) ) ;
#695 = DIRECTION ( 'NONE',  ( -1.000000000000000000, 0.0000000000000000000, 9.115940325831266900E-011 ) ) ;
#696 = EDGE_CURVE ( 'NONE', #122, #3318, #1424, .T. ) ;
#697 = VECTOR ( 'NONE', #3107, 1000.000000000000000 ) ;
#698 = AXIS2_PLACEMENT_3D ( 'NONE', #1855, #90, #2095 ) ;
#699 = DIRECTION ( 'NONE',  ( -1.000000000000000000, 0.0000000000000000000, 9.115413737835363400E-011 ) ) ;
#700 = VERTEX_POINT ( 'NONE', #2859 ) ;
#701 = FACE_OUTER_BOUND ( 'NONE', #816, .T. ) ;
#702 = VECTOR ( 'NONE', #2416, 1000.000000000000000 ) ;
#703 = CARTESIAN_POINT ( 'NONE',  ( 1996.499999948059200, -3.108624468950438300E-012, 1869.999999987146800 ) ) ;
#704 = ORIENTED_EDGE ( 'NONE', *, *, #1218, .T. ) ;
#705 = CYLINDRICAL_SURFACE ( 'NONE', #1237, 49.50000000000009900 ) ;
#706 = CARTESIAN_POINT ( 'NONE',  ( 1883.308631192067400, -82.14492520131688000, 1868.479359821574200 ) ) ;
#707 = CARTESIAN_POINT ( 'NONE',  ( 1869.861549775346500, 28.10524538119940600, 1841.999999998691200 ) ) ;
#708 = CARTESIAN_POINT ( 'NONE',  ( 1877.212550914421600, -80.66133113126893800, 1869.156923536355000 ) ) ;
#709 = DIRECTION ( 'NONE',  ( 1.000000000000000000, 0.0000000000000000000, -9.114931032172527400E-011 ) ) ;
#710 = EDGE_LOOP ( 'NONE', ( #2203, #2897, #3465, #2498 ) ) ;
#711 = VERTEX_POINT ( 'NONE', #2893 ) ;
#712 = CIRCLE ( 'NONE', #1627, 50.00000000000004300 ) ;
#713 = ORIENTED_EDGE ( 'NONE', *, *, #2473, .T. ) ;
#714 = ORIENTED_EDGE ( 'NONE', *, *, #2170, .T. ) ;
#715 = CARTESIAN_POINT ( 'NONE',  ( 1995.999999946145200, -3.135821547754375000E-012, 1848.999999987192500 ) ) ;
#716 = CARTESIAN_POINT ( 'NONE',  ( 1879.861549775619800, -28.10524538120297000, 1844.999999997779500 ) ) ;
#717 = DIRECTION ( 'NONE',  ( 9.115936689318759100E-011, -3.366713061171388300E-015, 1.000000000000000000 ) ) ;
#718 = ORIENTED_EDGE ( 'NONE', *, *, #958, .F. ) ;
#719 = ORIENTED_EDGE ( 'NONE', *, *, #218, .T. ) ;
#720 = AXIS2_PLACEMENT_3D ( 'NONE', #13, #32, #43 ) ;
#721 = CARTESIAN_POINT ( 'NONE',  ( 1959.105882297627400, -9.413411620616155800, 1832.999999990555800 ) ) ;
#722 = ORIENTED_EDGE ( 'NONE', *, *, #2598, .T. ) ;
#723 = DIRECTION ( 'NONE',  ( -1.032179507351431600E-014, -1.000000000000000000, 9.409223356160448400E-025 ) ) ;
#724 = ORIENTED_EDGE ( 'NONE', *, *, #2737, .T. ) ;
#725 = DIRECTION ( 'NONE',  ( -9.115998554311609800E-011, 4.270088557029118500E-015, -1.000000000000000000 ) ) ;
#726 = CYLINDRICAL_SURFACE ( 'NONE', #2167, 49.50000000000009900 ) ;
#727 = B_SPLINE_CURVE_WITH_KNOTS ( 'NONE', 3,
 ( #127, #459, #2346, #766, #2588, #1079 ),
 .UNSPECIFIED., .F., .F.,
 ( 4, 2, 4 ),
 ( 4.163336342344337000E-017, 0.002674977365517020100, 0.005349954731033998600 ),
 .UNSPECIFIED. ) ;
#728 = EDGE_CURVE ( 'NONE', #3124, #2896, #2553, .T. ) ;
#729 = AXIS2_PLACEMENT_3D ( 'NONE', #685, #2521, #999 ) ;
#730 = ORIENTED_EDGE ( 'NONE', *, *, #3206, .F. ) ;
#731 = DIRECTION ( 'NONE',  ( 1.000000000000000000, 0.0000000000000000000, -9.115936689318759100E-011 ) ) ;
#732 = CARTESIAN_POINT ( 'NONE',  ( 1958.520588181074600, 9.798087430768696000, 1844.999999990609000 ) ) ;
#733 = CARTESIAN_POINT ( 'NONE',  ( 1940.138450115941400, 28.10524538119851100, 1844.999999992284800 ) ) ;
#734 = DIRECTION ( 'NONE',  ( -9.115936689318759100E-011, 3.491483360863812800E-015, -1.000000000000000000 ) ) ;
#735 = ORIENTED_EDGE ( 'NONE', *, *, #2868, .T. ) ;
#736 = EDGE_LOOP ( 'NONE', ( #3003, #2831, #45, #2414 ) ) ;
#737 = LINE ( 'NONE', #2810, #2739 ) ;
#738 =( NAMED_UNIT ( * ) SI_UNIT ( $, .STERADIAN. ) SOLID_ANGLE_UNIT ( ) );
#739 = ORIENTED_EDGE ( 'NONE', *, *, #302, .T. ) ;
#740 = EDGE_LOOP ( 'NONE', ( #1196, #557, #4, #3467 ) ) ;
#741 = CARTESIAN_POINT ( 'NONE',  ( 1909.999999948059400, -2.287343533202366400E-012, 1869.999999995032300 ) ) ;
#742 = LINE ( 'NONE', #1798, #2031 ) ;
#743 = EDGE_LOOP ( 'NONE', ( #566, #735, #815, #1327 ) ) ;
#744 = VECTOR ( 'NONE', #2803, 1000.000000000000000 ) ;
#745 =( NAMED_UNIT ( * ) PLANE_ANGLE_UNIT ( ) SI_UNIT ( $, .RADIAN. ) );
#746 = EDGE_LOOP ( 'NONE', ( #1342, #1293, #1239, #1181 ) ) ;
#747 = ORIENTED_EDGE ( 'NONE', *, *, #2675, .T. ) ;
#748 = EDGE_CURVE ( 'NONE', #141, #350, #2003, .T. ) ;
#749 = AXIS2_PLACEMENT_3D ( 'NONE', #1663, #3341, #1902 ) ;
#750 = CIRCLE ( 'NONE', #541, 11.50000000000006600 ) ;
#751 = CARTESIAN_POINT ( 'NONE',  ( 1835.617967643390600, 39.99999999999865700, 1849.000000001813500 ) ) ;
#752 = CIRCLE ( 'NONE', #3463, 5.099999999999882400 ) ;
#753 = ADVANCED_FACE ( 'NONE', ( #1858 ), #1777, .F. ) ;
#754 = EDGE_LOOP ( 'NONE', ( #3231, #3391 ) ) ;
#755 = VERTEX_POINT ( 'NONE', #2787 ) ;
#756 = CIRCLE ( 'NONE', #491, 100.0000000000003100 ) ;
#757 = CARTESIAN_POINT ( 'NONE',  ( 1944.899999944687400, 69.28203230275231300, 1832.999999991851200 ) ) ;
#758 = ORIENTED_EDGE ( 'NONE', *, *, #1527, .T. ) ;
#759 = EDGE_LOOP ( 'NONE', ( #3083, #3218, #2855, #471 ) ) ;
#760 =( LENGTH_UNIT ( ) NAMED_UNIT ( * ) SI_UNIT ( .MILLI., .METRE. ) );
#761 = DIRECTION ( 'NONE',  ( 9.115936689318759100E-011, -3.366713061171388300E-015, 1.000000000000000000 ) ) ;
#762 = CARTESIAN_POINT ( 'NONE',  ( 1949.999999944685700, -69.28203230275764200, 1832.999999991385700 ) ) ;
#763 = EDGE_LOOP ( 'NONE', ( #1192, #3299 ) ) ;
#764 = ORIENTED_EDGE ( 'NONE', *, *, #590, .T. ) ;
#765 = SURFACE_STYLE_USAGE ( .BOTH. , #772 ) ;
#766 = CARTESIAN_POINT ( 'NONE',  ( 1873.293576536595800, -90.51565247926636500, 1855.123450374494000 ) ) ;
#767 = VERTEX_POINT ( 'NONE', #2777 ) ;
#768 = EDGE_LOOP ( 'NONE', ( #641, #582 ) ) ;
#769 = ORIENTED_EDGE ( 'NONE', *, *, #2284, .T. ) ;
#770 = AXIS2_PLACEMENT_3D ( 'NONE', #2727, #2678, #1761 ) ;
#771 = CARTESIAN_POINT ( 'NONE',  ( 1950.138450115576500, 28.10524538119857100, 1840.999999991373200 ) ) ;
#772 = SURFACE_SIDE_STYLE ('',( #2635 ) ) ;
#773 = VERTEX_POINT ( 'NONE', #2768 ) ;
#774 = CARTESIAN_POINT ( 'NONE',  ( 1805.999999946548800, -2.220446049250313100E-012, 1853.428203234788500 ) ) ;
#775 = CARTESIAN_POINT ( 'NONE',  ( 1825.912137958380500, -54.12237491317776500, 1854.500000002697600 ) ) ;
#776 = FILL_AREA_STYLE ('',( #784 ) ) ;
#777 = DIRECTION ( 'NONE',  ( -9.115936689318759100E-011, 3.491483360863812800E-015, -1.000000000000000000 ) ) ;
#778 = FACE_OUTER_BOUND ( 'NONE', #861, .T. ) ;
#779 = CARTESIAN_POINT ( 'NONE',  ( 1906.999999947923500, 87.46032595982467200, 1868.500000054895700 ) ) ;
#780 = ADVANCED_FACE ( 'NONE', ( #3042 ), #2331, .T. ) ;
#781 = DIRECTION ( 'NONE',  ( -9.115936689318759100E-011, 3.366713061171388300E-015, -1.000000000000000000 ) ) ;
#782 = CARTESIAN_POINT ( 'NONE',  ( 1940.138450115667900, 28.10524538119851800, 1841.999999992284800 ) ) ;
#783 = ORIENTED_EDGE ( 'NONE', *, *, #2377, .F. ) ;
#784 = FILL_AREA_STYLE_COLOUR ( '', #3039 ) ;
#785 = EDGE_CURVE ( 'NONE', #2595, #1108, #2958, .T. ) ;
#786 = LINE ( 'NONE', #1758, #3344 ) ;
#787 = DIRECTION ( 'NONE',  ( -9.115936689318759100E-011, 3.491483360863812800E-015, -1.000000000000000000 ) ) ;
#788 = ADVANCED_FACE ( 'NONE', ( #220 ), #109, .T. ) ;
#789 = VERTEX_POINT ( 'NONE', #2697 ) ;
#790 = ORIENTED_EDGE ( 'NONE', *, *, #253, .T. ) ;
#791 = CYLINDRICAL_SURFACE ( 'NONE', #3293, 10.00000000000000900 ) ;
#792 = LINE ( 'NONE', #2872, #2067 ) ;
#793 = CARTESIAN_POINT ( 'NONE',  ( 1907.902634622091200, 88.93975684988871000, 1866.346396883406700 ) ) ;
#794 = EDGE_CURVE ( 'NONE', #2828, #1251, #1706, .T. ) ;
#795 = VERTEX_POINT ( 'NONE', #2597 ) ;
#796 = CONICAL_SURFACE ( 'NONE', #1650, 96.28311435487124500, 0.5934119456780665400 ) ;
#797 = FACE_BOUND ( 'NONE', #335, .T. ) ;
#799 = CARTESIAN_POINT ( 'NONE',  ( 1912.999999947923500, 99.99999999999786800, 1868.499999994758800 ) ) ;
#798 = AXIS2_PLACEMENT_3D ( 'NONE', #1498, #3170, #2922 ) ;
#800 = DIRECTION ( 'NONE',  ( 9.115936689318759100E-011, -3.491483360863812800E-015, 1.000000000000000000 ) ) ;
#801 = CARTESIAN_POINT ( 'NONE',  ( 1942.866462026670000, 37.01412798312549100, 1855.999999992036500 ) ) ;
#802 = DIRECTION ( 'NONE',  ( -1.000000000000000000, 0.0000000000000000000, 9.116890249275025600E-011 ) ) ;
#803 = EDGE_LOOP ( 'NONE', ( #2190, #2330 ) ) ;
#804 = FACE_OUTER_BOUND ( 'NONE', #1484, .T. ) ;
#805 = DIRECTION ( 'NONE',  ( -9.115936689318759100E-011, 3.491483360863812800E-015, -1.000000000000000000 ) ) ;
#806 = EDGE_CURVE ( 'NONE', #350, #75, #2398, .T. ) ;
#807 = VERTEX_POINT ( 'NONE', #2663 ) ;
#808 = ORIENTED_EDGE ( 'NONE', *, *, #3017, .F. ) ;
#809 =( NAMED_UNIT ( * ) PLANE_ANGLE_UNIT ( ) SI_UNIT ( $, .RADIAN. ) );
#810 = ADVANCED_FACE ( 'NONE', ( #1240 ), #2659, .F. ) ;
#811 = EDGE_LOOP ( 'NONE', ( #1112, #1009, #1061, #948 ) ) ;
#812 = ORIENTED_EDGE ( 'NONE', *, *, #337, .F. ) ;
#813 = CARTESIAN_POINT ( 'NONE',  ( 1911.613888063262700, 89.20851493661611200, 1865.963044392537100 ) ) ;
#814 = ORIENTED_EDGE ( 'NONE', *, *, #2200, .F. ) ;
#815 = ORIENTED_EDGE ( 'NONE', *, *, #2705, .T. ) ;
#816 = EDGE_LOOP ( 'NONE', ( #2972, #1983, #2263, #3408 ) ) ;
#817 = PLANE ( 'NONE',  #2709 ) ;
#818 = DIRECTION ( 'NONE',  ( -9.116033737474870200E-011, 3.459245265383991500E-015, -1.000000000000000000 ) ) ;
#819 = DIRECTION ( 'NONE',  ( -0.2423871283161465600, -0.7928125735064339700, 0.5591929034928442300 ) ) ;
#820 = VERTEX_POINT ( 'NONE', #2673 ) ;
#821 = EDGE_LOOP ( 'NONE', ( #1362, #515, #652, #858 ) ) ;
#822 = CARTESIAN_POINT ( 'NONE',  ( 1979.282032247441100, -40.00000000000270000, 1832.999999988716400 ) ) ;
#823 = DIRECTION ( 'NONE',  ( -9.115936689318759100E-011, 3.491483360863812800E-015, -1.000000000000000000 ) ) ;
#824 = VERTEX_POINT ( 'NONE', #2556 ) ;
#825 = AXIS2_PLACEMENT_3D ( 'NONE', #1757, #1665, #1612 ) ;
#826 = CARTESIAN_POINT ( 'NONE',  ( 1882.581469807119000, -89.68197110434680000, 1862.843166480687200 ) ) ;
#827 = DIRECTION ( 'NONE',  ( -1.000000000000000000, 0.0000000000000000000, 9.115413737835363400E-011 ) ) ;
#828 = CARTESIAN_POINT ( 'NONE',  ( 1879.774253651046600, -79.99180745961921000, 1869.999999997787200 ) ) ;
#829 = CARTESIAN_POINT ( 'NONE',  ( 1956.453781178580800, -18.49449132223850300, 1855.999999990797700 ) ) ;
#830 = DIRECTION ( 'NONE',  ( -9.115936689318759100E-011, 3.491483360863812800E-015, -1.000000000000000000 ) ) ;
#831 = CARTESIAN_POINT ( 'NONE',  ( 1955.099999944685800, -69.28203230275764200, 1832.999999990920700 ) ) ;
#832 = ADVANCED_FACE ( 'NONE', ( #949 ), #2541, .T. ) ;
#833 = EDGE_CURVE ( 'NONE', #3015, #75, #856, .T. ) ;
#834 = AXIS2_PLACEMENT_3D ( 'NONE', #2676, #1177, #2906 ) ;
#835 = DIRECTION ( 'NONE',  ( -1.000000000000000000, 0.0000000000000000000, 9.116890249275025600E-011 ) ) ;
#836 = DIRECTION ( 'NONE',  ( -1.000000000000000000, 0.0000000000000000000, 9.116890249275025600E-011 ) ) ;
#837 =( LENGTH_UNIT ( ) NAMED_UNIT ( * ) SI_UNIT ( .MILLI., .METRE. ) );
#838 = CIRCLE ( 'NONE', #2291, 50.00000000000004300 ) ;
#839 = DIRECTION ( 'NONE',  ( -1.000000000000000000, 0.0000000000000000000, 9.116890249274627600E-011 ) ) ;
#840 = ORIENTED_EDGE ( 'NONE', *, *, #661, .T. ) ;
#841 = ORIENTED_EDGE ( 'NONE', *, *, #3051, .T. ) ;
#842 = DIRECTION ( 'NONE',  ( -9.115936689318759100E-011, 3.491483360863812800E-015, -1.000000000000000000 ) ) ;
#843 = CIRCLE ( 'NONE', #2886, 5.099999999999882400 ) ;
#844 = DIRECTION ( 'NONE',  ( -1.000000000000000000, 0.0000000000000000000, 9.115413737835363400E-011 ) ) ;
#845 = ORIENTED_EDGE ( 'NONE', *, *, #2790, .T. ) ;
#846 = ORIENTED_EDGE ( 'NONE', *, *, #907, .T. ) ;
#847 = CIRCLE ( 'NONE', #2867, 10.00000000000000900 ) ;
#848 = FACE_OUTER_BOUND ( 'NONE', #1268, .T. ) ;
#849 = AXIS2_PLACEMENT_3D ( 'NONE', #1304, #1948, #1016 ) ;
#850 = LINE ( 'NONE', #1452, #1078 ) ;
#851 = EDGE_LOOP ( 'NONE', ( #1940, #3007, #1491, #2936 ) ) ;
#852 = ORIENTED_EDGE ( 'NONE', *, *, #3262, .F. ) ;
#853 = VERTEX_POINT ( 'NONE', #2528 ) ;
#855 = DIRECTION ( 'NONE',  ( -9.115936689318759100E-011, 3.491483360863812800E-015, -1.000000000000000000 ) ) ;
#854 = STYLED_ITEM ( 'NONE', ( #3309 ), #2094 ) ;
#856 = LINE ( 'NONE', #2554, #1056 ) ;
#857 = CARTESIAN_POINT ( 'NONE',  ( 1942.866462025302600, 37.01412798312553300, 1840.999999992036200 ) ) ;
#858 = ORIENTED_EDGE ( 'NONE', *, *, #2531, .F. ) ;
#859 = EDGE_LOOP ( 'NONE', ( #1833, #1486, #2932, #2525 ) ) ;
#860 = CARTESIAN_POINT ( 'NONE',  ( 1869.861549775255500, 28.10524538119946000, 1840.999999998691200 ) ) ;
#861 = EDGE_LOOP ( 'NONE', ( #1370, #1813, #950, #1344 ) ) ;
#862 = ORIENTED_EDGE ( 'NONE', *, *, #3450, .F. ) ;
#863 = AXIS2_PLACEMENT_3D ( 'NONE', #1298, #1228, #1284 ) ;
#864 = VERTEX_POINT ( 'NONE', #2573 ) ;
#865 = ADVANCED_FACE ( 'NONE', ( #2261 ), #2546, .F. ) ;
#866 = EDGE_LOOP ( 'NONE', ( #783, #852, #841, #790 ) ) ;
#867 = VERTEX_POINT ( 'NONE', #2580 ) ;
#868 = DIRECTION ( 'NONE',  ( 1.000000000000000000, 8.881784197001252300E-015, -9.116041255197152600E-011 ) ) ;
#869 = DIRECTION ( 'NONE',  ( -1.000000000000000000, 0.0000000000000000000, 9.115413737835363400E-011 ) ) ;
#870 = ORIENTED_EDGE ( 'NONE', *, *, #3243, .T. ) ;
#871 = ADVANCED_FACE ( 'NONE', ( #1626 ), #2523, .T. ) ;
#872 = EDGE_CURVE ( 'NONE', #2643, #295, #2822, .T. ) ;
#873 = ORIENTED_EDGE ( 'NONE', *, *, #130, .T. ) ;
#874 = CARTESIAN_POINT ( 'NONE',  ( 1869.861549776622300, -28.10524538120295900, 1855.999999998691500 ) ) ;
#875 = CARTESIAN_POINT ( 'NONE',  ( 1950.138450115667900, 28.10524538119851800, 1841.999999991373200 ) ) ;
#876 = LINE ( 'NONE', #880, #2770 ) ;
#877 = EDGE_CURVE ( 'NONE', #75, #3049, #2191, .T. ) ;
#878 = AXIS2_PLACEMENT_3D ( 'NONE', #3372, #1933, #207 ) ;
#879 = CARTESIAN_POINT ( 'NONE',  ( 1909.999999948121700, -2.220446049250313100E-012, 1870.681575397344200 ) ) ;
#880 = CARTESIAN_POINT ( 'NONE',  ( 1858.361549776622300, -28.10524538120295900, 1855.999999999739700 ) ) ;
#881 = DIRECTION ( 'NONE',  ( 1.000000000000000000, 0.0000000000000000000, -9.114931032172527400E-011 ) ) ;
#882 = AXIS2_PLACEMENT_3D ( 'NONE', #2066, #408, #2304 ) ;
#883 = ADVANCED_FACE ( 'NONE', ( #3469 ), #2116, .F. ) ;
#884 = DIRECTION ( 'NONE',  ( -9.115936689318759100E-011, 3.491483360863812800E-015, -1.000000000000000000 ) ) ;
#885 = CARTESIAN_POINT ( 'NONE',  ( 1867.499999945507200, -1.776356839400250300E-012, 1841.999999998906300 ) ) ;
#886 = EDGE_LOOP ( 'NONE', ( #2051, #3326, #2120, #1722 ) ) ;
#887 = ORIENTED_EDGE ( 'NONE', *, *, #2034, .F. ) ;
#888 = LINE ( 'NONE', #2687, #2844 ) ;
#889 = DIRECTION ( 'NONE',  ( -1.000000000000000000, 0.0000000000000000000, 9.116890249274627600E-011 ) ) ;
#890 = VERTEX_POINT ( 'NONE', #2379 ) ;
#891 = ORIENTED_EDGE ( 'NONE', *, *, #3051, .F. ) ;
#892 = CIRCLE ( 'NONE', #2957, 8.950000000000100500 ) ;
#893 = LINE ( 'NONE', #2358, #2849 ) ;
#894 = DIRECTION ( 'NONE',  ( 9.115936689318759100E-011, -3.366713061171388300E-015, 1.000000000000000000 ) ) ;
#895 = CARTESIAN_POINT ( 'NONE',  ( 1909.999999948121700, -2.220446049250313100E-012, 1870.681575397344200 ) ) ;
#896 = DIRECTION ( 'NONE',  ( -9.115936689318759100E-011, 3.491483360863812800E-015, -1.000000000000000000 ) ) ;
#897 = CARTESIAN_POINT ( 'NONE',  ( 1977.499999947511900, -2.643586358909730000E-012, 1863.999999988878700 ) ) ;
#898 = VERTEX_POINT ( 'NONE', #2343 ) ;
#899 = FACE_OUTER_BOUND ( 'NONE', #378, .T. ) ;
#900 = FACE_BOUND ( 'NONE', #461, .T. ) ;
#901 = VERTEX_POINT ( 'NONE', #2470 ) ;
#902 = CARTESIAN_POINT ( 'NONE',  ( 1845.817967643389000, -40.00000000000095200, 1849.000000000883300 ) ) ;
#903 = FACE_OUTER_BOUND ( 'NONE', #754, .T. ) ;
#904 = EDGE_LOOP ( 'NONE', ( #934, #1004, #962, #891 ) ) ;
#905 = ORIENTED_EDGE ( 'NONE', *, *, #2848, .T. ) ;
#906 = DIRECTION ( 'NONE',  ( 9.115936689318759100E-011, -3.491483360863812800E-015, 1.000000000000000000 ) ) ;
#907 = EDGE_CURVE ( 'NONE', #25, #235, #2748, .T. ) ;
#908 = AXIS2_PLACEMENT_3D ( 'NONE', #2808, #1354, #3046 ) ;
#909 = ORIENTED_EDGE ( 'NONE', *, *, #2545, .T. ) ;
#910 = EDGE_LOOP ( 'NONE', ( #123, #70 ) ) ;
#911 = DIRECTION ( 'NONE',  ( 9.115936689318759100E-011, -3.491483360863812800E-015, 1.000000000000000000 ) ) ;
#912 = ADVANCED_FACE ( 'NONE', ( #1555 ), #2356, .T. ) ;
#913 = ORIENTED_EDGE ( 'NONE', *, *, #3368, .T. ) ;
#914 = EDGE_LOOP ( 'NONE', ( #917, #2447 ) ) ;
#915 = ORIENTED_EDGE ( 'NONE', *, *, #3262, .T. ) ;
#916 = DIRECTION ( 'NONE',  ( -9.115936689318759100E-011, 3.491483360863812800E-015, -1.000000000000000000 ) ) ;
#917 = ORIENTED_EDGE ( 'NONE', *, *, #3312, .T. ) ;
#918 = EDGE_LOOP ( 'NONE', ( #3128, #1124, #2446, #1755 ) ) ;
#919 = EDGE_LOOP ( 'NONE', ( #602, #1350, #255, #387, #658, #986 ) ) ;
#920 = DIRECTION ( 'NONE',  ( -1.000000000000000000, 0.0000000000000000000, 9.115413737835363400E-011 ) ) ;
#921 = DIRECTION ( 'NONE',  ( -9.115936689318759100E-011, 3.491483360863812800E-015, -1.000000000000000000 ) ) ;
#922 = EDGE_CURVE ( 'NONE', #2832, #2845, #163, .T. ) ;
#923 = CARTESIAN_POINT ( 'NONE',  ( 1890.736694025449900, -83.96568701317227100, 1869.999999996787900 ) ) ;
#924 = ADVANCED_FACE ( 'NONE', ( #2674 ), #2040, .F. ) ;
#925 = EDGE_CURVE ( 'NONE', #571, #350, #756, .T. ) ;
#926 = CARTESIAN_POINT ( 'NONE',  ( 1909.999999947511900, -2.643586358909730000E-012, 1863.999999995032100 ) ) ;
#927 = DIRECTION ( 'NONE',  ( -9.115936689318759100E-011, 3.491483360863812800E-015, -1.000000000000000000 ) ) ;
#928 = ADVANCED_FACE ( 'NONE', ( #3310 ), #3224, .T. ) ;
#929 = DIRECTION ( 'NONE',  ( -9.115936689318759100E-011, 3.491483360863812800E-015, -1.000000000000000000 ) ) ;
#930 = CARTESIAN_POINT ( 'NONE',  ( 1893.022308032972200, -86.09409000829455700, 1868.144177378968200 ) ) ;
#931 = VECTOR ( 'NONE', #1862, 1000.000000000000000 ) ;
#932 = DIRECTION ( 'NONE',  ( 1.000000000000000000, 0.0000000000000000000, -9.114931032172527400E-011 ) ) ;
#933 = EDGE_LOOP ( 'NONE', ( #455, #414 ) ) ;
#934 = ORIENTED_EDGE ( 'NONE', *, *, #2848, .F. ) ;
#935 = CARTESIAN_POINT ( 'NONE',  ( 1831.820922808810800, -56.20026697210251100, 1855.495936509129700 ) ) ;
#936 = LINE ( 'NONE', #1329, #2876 ) ;
#937 = ORIENTED_EDGE ( 'NONE', *, *, #1938, .T. ) ;
#938 = CIRCLE ( 'NONE', #3190, 5.099999999999882400 ) ;
#939 = VECTOR ( 'NONE', #977, 1000.000000000000000 ) ;
#940 = CARTESIAN_POINT ( 'NONE',  ( 1942.866462026669300, -37.01412798313077000, 1855.999999992036200 ) ) ;
#941 = ORIENTED_EDGE ( 'NONE', *, *, #2344, .T. ) ;
#942 = VERTEX_POINT ( 'NONE', #2196 ) ;
#943 = CARTESIAN_POINT ( 'NONE',  ( 1950.138450114846400, -28.10524538120376900, 1832.999999991373000 ) ) ;
#944 = DIRECTION ( 'NONE',  ( -1.000000000000000000, 0.0000000000000000000, 9.115998554311608500E-011 ) ) ;
#945 = CARTESIAN_POINT ( 'NONE',  ( 1894.493595488997200, -91.67445670843864000, 1860.398048441292500 ) ) ;
#946 = ADVANCED_FACE ( 'NONE', ( #569 ), #2136, .T. ) ;
#947 = VERTEX_POINT ( 'NONE', #2141 ) ;
#948 = ORIENTED_EDGE ( 'NONE', *, *, #2719, .F. ) ;
#949 = FACE_OUTER_BOUND ( 'NONE', #102, .T. ) ;
#950 = ORIENTED_EDGE ( 'NONE', *, *, #134, .T. ) ;
#951 = PLANE ( 'NONE',  #3173 ) ;
#952 = VERTEX_POINT ( 'NONE', #2030 ) ;
#953 = ORIENTED_EDGE ( 'NONE', *, *, #728, .T. ) ;
#954 = AXIS2_PLACEMENT_3D ( 'NONE', #537, #528, #522 ) ;
#955 = EDGE_LOOP ( 'NONE', ( #374, #321 ) ) ;
#956 = VERTEX_POINT ( 'NONE', #2112 ) ;
#957 = ADVANCED_FACE ( 'NONE', ( #3396 ), #1283, .T. ) ;
#958 = EDGE_CURVE ( 'NONE', #2683, #182, #1966, .T. ) ;
#959 = AXIS2_PLACEMENT_3D ( 'NONE', #493, #2370, #802 ) ;
#960 = ORIENTED_EDGE ( 'NONE', *, *, #180, .T. ) ;
#961 = ORIENTED_EDGE ( 'NONE', *, *, #1209, .F. ) ;
#962 = ORIENTED_EDGE ( 'NONE', *, *, #2334, .T. ) ;
#963 = CARTESIAN_POINT ( 'NONE',  ( 1949.999999946145900, 69.28203230275225600, 1848.999999991386200 ) ) ;
#964 = ORIENTED_EDGE ( 'NONE', *, *, #3345, .T. ) ;
#965 = CARTESIAN_POINT ( 'NONE',  ( 1845.817967643390400, 39.99999999999868500, 1849.000000000883800 ) ) ;
#966 = CARTESIAN_POINT ( 'NONE',  ( 1836.748005302590200, -61.08227598977825300, 1856.839871788087500 ) ) ;
#967 = ORIENTED_EDGE ( 'NONE', *, *, #2372, .T. ) ;
#968 = DIRECTION ( 'NONE',  ( -1.000000000000000000, 0.0000000000000000000, 9.115413737835363400E-011 ) ) ;
#969 = DIRECTION ( 'NONE',  ( -1.000000000000000000, 0.0000000000000000000, 9.116890249275025600E-011 ) ) ;
#970 = CIRCLE ( 'NONE', #2865, 99.99999999999987200 ) ;
#971 = DIRECTION ( 'NONE',  ( -9.115936689318759100E-011, 3.491483360863812800E-015, -1.000000000000000000 ) ) ;
#972 = CARTESIAN_POINT ( 'NONE',  ( 1869.861549775346000, -28.10524538120295900, 1841.999999998691200 ) ) ;
#973 = DIRECTION ( 'NONE',  ( -9.115936689318757800E-011, 3.491483360863812400E-015, -1.000000000000000000 ) ) ;
#975 = AXIS2_PLACEMENT_3D ( 'NONE', #2385, #2780, #2767 ) ;
#974 = CARTESIAN_POINT ( 'NONE',  ( 1867.499999944686400, -1.696052722100383000E-012, 1832.999999998906600 ) ) ;
#976 = ADVANCED_FACE ( 'NONE', ( #1377 ), #2505, .F. ) ;
#977 = DIRECTION ( 'NONE',  ( 9.115936689318759100E-011, -3.491483360863812800E-015, 1.000000000000000000 ) ) ;
#978 = CYLINDRICAL_SURFACE ( 'NONE', #2953, 5.099999999999882400 ) ;
#979 = AXIS2_PLACEMENT_3D ( 'NONE', #1212, #2929, #1504 ) ;
#980 = CARTESIAN_POINT ( 'NONE',  ( 1875.099999946146000, 69.28203230275362000, 1848.999999998214000 ) ) ;
#981 = ORIENTED_EDGE ( 'NONE', *, *, #3432, .T. ) ;
#982 = VERTEX_POINT ( 'NONE', #2041 ) ;
#983 = CIRCLE ( 'NONE', #2201, 10.00000000000000900 ) ;
#984 = CARTESIAN_POINT ( 'NONE',  ( 1906.999999948014600, 85.49999999999791100, 1869.999999995306100 ) ) ;
#985 = DIRECTION ( 'NONE',  ( -9.115936689318759100E-011, 3.491483360863812800E-015, -1.000000000000000000 ) ) ;
#986 = ORIENTED_EDGE ( 'NONE', *, *, #2280, .F. ) ;
#987 = LINE ( 'NONE', #3040, #147 ) ;
#988 = VECTOR ( 'NONE', #3333, 1000.000000000000100 ) ;
#989 = CARTESIAN_POINT ( 'NONE',  ( 1909.999999946549000, -2.160206187392857000E-012, 1853.428203225307700 ) ) ;
#990 = CIRCLE ( 'NONE', #720, 10.00000000000000900 ) ;
#991 = EDGE_LOOP ( 'NONE', ( #1516, #1470, #1559, #1389 ) ) ;
#992 = CARTESIAN_POINT ( 'NONE',  ( 1872.465375556093700, -88.28074153895347800, 1856.023459066711900 ) ) ;
#993 = DIRECTION ( 'NONE',  ( -9.115936689318759100E-011, 3.491483360863812800E-015, -1.000000000000000000 ) ) ;
#994 = CIRCLE ( 'NONE', #2773, 100.0000000000000900 ) ;
#995 = FACE_BOUND ( 'NONE', #485, .T. ) ;
#996 = ORIENTED_EDGE ( 'NONE', *, *, #3206, .T. ) ;
#997 = ORIENTED_EDGE ( 'NONE', *, *, #3383, .F. ) ;
#998 = FACE_OUTER_BOUND ( 'NONE', #1106, .T. ) ;
#999 = DIRECTION ( 'NONE',  ( -1.000000000000000000, 0.0000000000000000000, 9.115413737835363400E-011 ) ) ;
#1000 = ADVANCED_FACE ( 'NONE', ( #659 ), #2042, .T. ) ;
#1001 = EDGE_CURVE ( 'NONE', #1054, #1108, #1888, .T. ) ;
#1002 = DIRECTION ( 'NONE',  ( -1.000000000000000000, 0.0000000000000000000, 9.115413737835363400E-011 ) ) ;
#1003 = VERTEX_POINT ( 'NONE', #1994 ) ;
#1004 = ORIENTED_EDGE ( 'NONE', *, *, #2377, .T. ) ;
#1005 = CARTESIAN_POINT ( 'NONE',  ( 1824.899999946145000, -1.388131363324008900E-012, 1849.000000002789900 ) ) ;
#1006 = PRESENTATION_STYLE_ASSIGNMENT (( #1693 ) ) ;
#1007 = CARTESIAN_POINT ( 'NONE',  ( 1883.308631192067400, -87.30353338382779800, 1861.165587770209000 ) ) ;
#1008 = EDGE_LOOP ( 'NONE', ( #236, #282 ) ) ;
#1009 = ORIENTED_EDGE ( 'NONE', *, *, #2860, .T. ) ;
#1010 = CARTESIAN_POINT ( 'NONE',  ( 1871.843368287667500, -83.77376704140388600, 1861.765585286623500 ) ) ;
#1011 = CARTESIAN_POINT ( 'NONE',  ( 1996.499999948059200, 85.49999999999791100, 1869.999999987147000 ) ) ;
#1012 = ORIENTED_EDGE ( 'NONE', *, *, #2098, .T. ) ;
#1013 = PRESENTATION_LAYER_ASSIGNMENT (  '', '', ( #1214 ) ) ;
#1014 = EDGE_LOOP ( 'NONE', ( #177, #162, #230, #151 ) ) ;
#1015 = EDGE_LOOP ( 'NONE', ( #3092, #1972, #330, #2412, #369, #1750, #2561, #479, #730, #3460, #1282, #2993, #3407, #2522, #3161 ) ) ;
#1016 = DIRECTION ( 'NONE',  ( -1.000000000000000000, 0.0000000000000000000, 9.115940325831266900E-011 ) ) ;
#1017 = ORIENTED_EDGE ( 'NONE', *, *, #2013, .T. ) ;
#1018 = EDGE_CURVE ( 'NONE', #1274, #2607, #472, .T. ) ;
#1019 = CARTESIAN_POINT ( 'NONE',  ( 1859.861549775346500, 28.10524538119940600, 1841.999999999602600 ) ) ;
#1020 = ORIENTED_EDGE ( 'NONE', *, *, #2587, .T. ) ;
#1021 = CARTESIAN_POINT ( 'NONE',  ( 1867.499999945780500, -1.737950522430748700E-012, 1844.999999998906600 ) ) ;
#1022 = DIRECTION ( 'NONE',  ( 9.115936689318759100E-011, -3.366713061171388300E-015, 1.000000000000000000 ) ) ;
#1023 = CARTESIAN_POINT ( 'NONE',  ( 1845.817967641930400, -40.00000000000092400, 1833.000000000883300 ) ) ;
#1024 = ADVANCED_FACE ( 'NONE', ( #1195 ), #1103, .T. ) ;
#1025 = CARTESIAN_POINT ( 'NONE',  ( 1878.639048153237100, -80.61476727326835600, 1869.999999997890700 ) ) ;
#1026 = DIRECTION ( 'NONE',  ( -9.115936689318759100E-011, 3.491483360863812800E-015, -1.000000000000000000 ) ) ;
#1027 =( BOUNDED_CURVE ( )  B_SPLINE_CURVE ( 3, ( #2723, #923, #3455, #2011 ),
 .UNSPECIFIED., .F., .F. ) 
 B_SPLINE_CURVE_WITH_KNOTS ( ( 4, 4 ),
 ( 5.718564082510833500, 5.805407474986782100 ),
 .UNSPECIFIED. ) 
 CURVE ( )  GEOMETRIC_REPRESENTATION_ITEM ( )  RATIONAL_B_SPLINE_CURVE ( ( 1.000000000000000000, 0.9993716175062320500, 0.9993716175062320500, 1.000000000000000000 ) ) 
 REPRESENTATION_ITEM ( '' )  );
#1028 = CARTESIAN_POINT ( 'NONE',  ( 1909.999999947512400, -2.220446049250313100E-012, 1863.999999995032300 ) ) ;
#1029 = CARTESIAN_POINT ( 'NONE',  ( 1942.866462025667300, 37.01412798312551900, 1844.999999992036200 ) ) ;
#1030 = CARTESIAN_POINT ( 'NONE',  ( 1979.282032248899700, -40.00000000000275700, 1848.999999988716400 ) ) ;
#1032 = DIRECTION ( 'NONE',  ( -9.115936689318759100E-011, 3.491483360863812800E-015, -1.000000000000000000 ) ) ;
#1031 = AXIS2_PLACEMENT_3D ( 'NONE', #1575, #1634, #1746 ) ;
#1033 = VECTOR ( 'NONE', #1603, 1000.000000000000000 ) ;
#1034 = CARTESIAN_POINT ( 'NONE',  ( 1909.999999945415500, -2.354383943697872600E-012, 1840.999999995032300 ) ) ;
#1035 = DIRECTION ( 'NONE',  ( -9.115936689318759100E-011, 3.491483360863812800E-015, -1.000000000000000000 ) ) ;
#1036 = ORIENTED_EDGE ( 'NONE', *, *, #2939, .F. ) ;
#1037 = EDGE_LOOP ( 'NONE', ( #53, #3, #3281, #15 ) ) ;
#1038 = DIRECTION ( 'NONE',  ( 9.115936689318759100E-011, -3.366713061171388300E-015, 1.000000000000000000 ) ) ;
#1039 = EDGE_CURVE ( 'NONE', #564, #3415, #1811, .T. ) ;
#1040 = LINE ( 'NONE', #1011, #2322 ) ;
#1041 = AXIS2_PLACEMENT_3D ( 'NONE', #1726, #3413, #1968 ) ;
#1042 = ADVANCED_FACE ( 'NONE', ( #2994 ), #1741, .T. ) ;
#1043 = ORIENTED_EDGE ( 'NONE', *, *, #1938, .F. ) ;
#1044 = DIRECTION ( 'NONE',  ( 1.000000000000000000, 0.0000000000000000000, -9.114931032172527400E-011 ) ) ;
#1045 = CIRCLE ( 'NONE', #1573, 49.50000000000009900 ) ;
#1046 = CARTESIAN_POINT ( 'NONE',  ( 1888.344751690754700, -96.51911710679266300, 1854.790275581455700 ) ) ;
#1047 = LINE ( 'NONE', #1826, #2819 ) ;
#1048 = ORIENTED_EDGE ( 'NONE', *, *, #1815, .T. ) ;
#1049 = VERTEX_POINT ( 'NONE', #1925 ) ;
#1050 = CYLINDRICAL_SURFACE ( 'NONE', #3204, 5.099999999999882400 ) ;
#1051 = CARTESIAN_POINT ( 'NONE',  ( 1860.894117591745000, -9.413411620615097100, 1832.999999999508600 ) ) ;
#1052 = DIRECTION ( 'NONE',  ( -9.115936689318759100E-011, 3.491483360863812800E-015, -1.000000000000000000 ) ) ;
#1053 = CARTESIAN_POINT ( 'NONE',  ( 1835.617967643389200, -40.00000000000098100, 1849.000000001813300 ) ) ;
#1054 = VERTEX_POINT ( 'NONE', #1910 ) ;
#1055 = VERTEX_POINT ( 'NONE', #1934 ) ;
#1056 = VECTOR ( 'NONE', #2552, 1000.000000000000000 ) ;
#1057 = ADVANCED_FACE ( 'NONE', ( #3079 ), #157, .F. ) ;
#1058 = DIRECTION ( 'NONE',  ( 0.9563047559630403200, -0.2923717047227207300, -8.714482510564135200E-011 ) ) ;
#1059 = EDGE_LOOP ( 'NONE', ( #3032, #3195, #3327, #3440 ) ) ;
#1060 = VERTEX_POINT ( 'NONE', #1890 ) ;
#1061 = ORIENTED_EDGE ( 'NONE', *, *, #3272, .T. ) ;
#1062 = MECHANICAL_DESIGN_GEOMETRIC_PRESENTATION_REPRESENTATION (  '', ( #636 ), #1256 ) ;
#1063 = ORIENTED_EDGE ( 'NONE', *, *, #2008, .F. ) ;
#1064 = DIRECTION ( 'NONE',  ( -9.115936689318759100E-011, 3.491483360863812800E-015, -1.000000000000000000 ) ) ;
#1065 = ORIENTED_EDGE ( 'NONE', *, *, #190, .F. ) ;
#1066 = ORIENTED_EDGE ( 'NONE', *, *, #3335, .T. ) ;
#1067 = ADVANCED_FACE ( 'NONE', ( #998 ), #2296, .F. ) ;
#1068 = DIRECTION ( 'NONE',  ( -1.000000000000000000, 0.0000000000000000000, 9.115893653292149300E-011 ) ) ;
#1069 = CYLINDRICAL_SURFACE ( 'NONE', #1339, 6.000000000000005300 ) ;
#1070 = PRESENTATION_LAYER_ASSIGNMENT (  '', '', ( #854 ) ) ;
#1071 = ORIENTED_EDGE ( 'NONE', *, *, #1346, .T. ) ;
#1072 = CARTESIAN_POINT ( 'NONE',  ( 1909.999999947923500, 85.49999999999791100, 1868.499999995032800 ) ) ;
#1073 = VERTEX_POINT ( 'NONE', #1854 ) ;
#1074 = DIRECTION ( 'NONE',  ( -9.115936689318759100E-011, 3.491483360863812800E-015, -1.000000000000000000 ) ) ;
#1075 = DIRECTION ( 'NONE',  ( -1.000000000000000000, 0.0000000000000000000, 9.116890249274627600E-011 ) ) ;
#1076 = DIRECTION ( 'NONE',  ( -9.115936689318759100E-011, 3.491483360863812800E-015, -1.000000000000000000 ) ) ;
#1077 = EDGE_CURVE ( 'NONE', #890, #3198, #2435, .T. ) ;
#1078 = VECTOR ( 'NONE', #48, 1000.000000000000000 ) ;
#1079 = CARTESIAN_POINT ( 'NONE',  ( 1872.825832394472600, -88.81733714016509400, 1855.495936505391900 ) ) ;
#1080 = ADVANCED_FACE ( 'NONE', ( #2924 ), #1859, .T. ) ;
#1081 = DIRECTION ( 'NONE',  ( -1.000000000000000000, 4.344350965924500800E-014, 9.115413737835363400E-011 ) ) ;
#1082 = EDGE_LOOP ( 'NONE', ( #2758, #3144, #2863, #272 ) ) ;
#1083 = EDGE_LOOP ( 'NONE', ( #2397, #1066, #325, #3364 ) ) ;
#1084 = CIRCLE ( 'NONE', #2035, 11.50000000000006600 ) ;
#1085 = EDGE_CURVE ( 'NONE', #2649, #3008, #1664, .T. ) ;
#1087 = CARTESIAN_POINT ( 'NONE',  ( 1869.861549775346500, 28.10524538119940600, 1841.999999998691200 ) ) ;
#1086 = AXIS2_PLACEMENT_3D ( 'NONE', #2976, #1035, #63 ) ;
#1088 = CARTESIAN_POINT ( 'NONE',  ( 1952.499999945780500, -2.674635398283890400E-012, 1844.999999991157900 ) ) ;
#1089 = ORIENTED_EDGE ( 'NONE', *, *, #3017, .T. ) ;
#1090 = CARTESIAN_POINT ( 'NONE',  ( 1814.628304872689100, -30.07057995042841000, 1864.000000003726200 ) ) ;
#1091 = CARTESIAN_POINT ( 'NONE',  ( 1909.999999946145900, 79.99999999999779700, 1848.999999995032600 ) ) ;
#1092 = CIRCLE ( 'NONE', #2014, 96.28311435487093200 ) ;
#1093 = CIRCLE ( 'NONE', #1841, 5.099999999999882400 ) ;
#1094 = ADVANCED_FACE ( 'NONE', ( #903 ), #1817, .T. ) ;
#1095 = DIRECTION ( 'NONE',  ( 9.115936689318759100E-011, -3.366713061155889200E-015, 1.000000000000000000 ) ) ;
#1096 = VERTEX_POINT ( 'NONE', #1805 ) ;
#1097 = AXIS2_PLACEMENT_3D ( 'NONE', #1021, #2789, #1322 ) ;
#1098 = FACE_OUTER_BOUND ( 'NONE', #1287, .T. ) ;
#1099 = CARTESIAN_POINT ( 'NONE',  ( 1995.999999944686400, -3.107889680870949800E-012, 1832.999999987192500 ) ) ;
#1100 = FACE_OUTER_BOUND ( 'NONE', #169, .T. ) ;
#1101 = EDGE_LOOP ( 'NONE', ( #764, #714, #747, #663 ) ) ;
#1102 = VERTEX_POINT ( 'NONE', #1725 ) ;
#1103 = CYLINDRICAL_SURFACE ( 'NONE', #2460, 10.00000000000000900 ) ;
#1104 = VERTEX_POINT ( 'NONE', #1733 ) ;
#1105 = EDGE_LOOP ( 'NONE', ( #3103, #3078, #3038, #3164 ) ) ;
#1106 = EDGE_LOOP ( 'NONE', ( #2123, #227, #3011, #3089 ) ) ;
#1107 = DIRECTION ( 'NONE',  ( 1.000000000000000000, 0.0000000000000000000, -9.115936689318759100E-011 ) ) ;
#1108 = VERTEX_POINT ( 'NONE', #1723 ) ;
#1109 = ADVANCED_FACE ( 'NONE', ( #804 ), #2853, .F. ) ;
#1110 = DIRECTION ( 'NONE',  ( -9.115936689318759100E-011, 3.491483360863812800E-015, -1.000000000000000000 ) ) ;
#1111 = ORIENTED_EDGE ( 'NONE', *, *, #2131, .F. ) ;
#1112 = ORIENTED_EDGE ( 'NONE', *, *, #2034, .T. ) ;
#1113 = VERTEX_POINT ( 'NONE', #1591 ) ;
#1114 = CARTESIAN_POINT ( 'NONE',  ( 1869.861549775254800, -28.10524538120290600, 1840.999999998691200 ) ) ;
#1115 = DIRECTION ( 'NONE',  ( 9.115936689318756500E-011, -3.491483360863812800E-015, 1.000000000000000000 ) ) ;
#1116 = VERTEX_POINT ( 'NONE', #1614 ) ;
#1117 = VERTEX_POINT ( 'NONE', #1577 ) ;
#1118 = EDGE_LOOP ( 'NONE', ( #2681, #2204 ) ) ;
#1119 = ORIENTED_EDGE ( 'NONE', *, *, #2746, .F. ) ;
#1120 = AXIS2_PLACEMENT_3D ( 'NONE', #2182, #2205, #2166 ) ;
#1121 = CARTESIAN_POINT ( 'NONE',  ( 1908.373256419257600, 89.20268137169375700, 1865.971341927669800 ) ) ;
#1122 = ADVANCED_FACE ( 'NONE', ( #274 ), #3439, .T. ) ;
#1123 = DIRECTION ( 'NONE',  ( -1.000000000000000000, 0.0000000000000000000, 9.115936689318757800E-011 ) ) ;
#1124 = ORIENTED_EDGE ( 'NONE', *, *, #1835, .T. ) ;
#1125 = CARTESIAN_POINT ( 'NONE',  ( 1909.999999946145000, -2.220446049250313100E-012, 1848.999999995032100 ) ) ;
#1126 = DIRECTION ( 'NONE',  ( -9.115936689318759100E-011, 3.491483360863812800E-015, -1.000000000000000000 ) ) ;
#1127 = DIRECTION ( 'NONE',  ( 9.115936689318759100E-011, -3.366713061171388300E-015, 1.000000000000000000 ) ) ;
#1128 = EDGE_CURVE ( 'NONE', #1210, #3124, #62, .T. ) ;
#1129 = AXIS2_PLACEMENT_3D ( 'NONE', #1360, #3060, #1631 ) ;
#1130 = ADVANCED_FACE ( 'NONE', ( #2146 ), #705, .F. ) ;
#1131 = CARTESIAN_POINT ( 'NONE',  ( 1912.085559864914100, 88.94792558502251700, 1866.334706741126200 ) ) ;
#1132 = PRODUCT ( 'IRB660_180-315_LINK6_CAD_rev02', 'IRB660_180-315_LINK6_CAD_rev02', '', ( #3377 ) ) ;
#1133 = DIRECTION ( 'NONE',  ( -9.115936689318759100E-011, 3.491483360863812800E-015, -1.000000000000000000 ) ) ;
#1134 = ADVANCED_FACE ( 'NONE', ( #1589 ), #1403, .T. ) ;
#1135 = CARTESIAN_POINT ( 'NONE',  ( 1860.894117576823400, 9.413411620612254900, 1669.311146867336000 ) ) ;
#1136 = EDGE_CURVE ( 'NONE', #2423, #2156, #2361, .T. ) ;
#1137 = VECTOR ( 'NONE', #1819, 1000.000000000000000 ) ;
#1138 = AXIS2_PLACEMENT_3D ( 'NONE', #1475, #1485, #1363 ) ;
#1139 = ORIENTED_EDGE ( 'NONE', *, *, #2491, .T. ) ;
#1140 = VECTOR ( 'NONE', #3417, 1000.000000000000000 ) ;
#1141 = DIRECTION ( 'NONE',  ( 0.0000000000000000000, 0.5763808025151736500, 0.8171812347894218400 ) ) ;
#1142 = DIRECTION ( 'NONE',  ( -1.000000000000000000, 0.0000000000000000000, 9.115803121123890200E-011 ) ) ;
#1143 = EDGE_LOOP ( 'NONE', ( #2195, #3059, #533, #1790 ) ) ;
#1144 = EDGE_CURVE ( 'NONE', #1297, #3087, #2785, .T. ) ;
#1145 = AXIS2_PLACEMENT_3D ( 'NONE', #402, #2301, #699 ) ;
#1146 = CARTESIAN_POINT ( 'NONE',  ( 1863.546218713617500, -18.49449132223765300, 1840.999999999266900 ) ) ;
#1147 = EDGE_LOOP ( 'NONE', ( #3328, #1012, #1071, #2895 ) ) ;
#1148 = FACE_OUTER_BOUND ( 'NONE', #1633, .T. ) ;
#1149 = PLANE ( 'NONE',  #3126 ) ;
#1150 = VERTEX_POINT ( 'NONE', #716 ) ;
#1151 = PLANE ( 'NONE',  #2753 ) ;
#1152 = VECTOR ( 'NONE', #2923, 1000.000000000000000 ) ;
#1153 = ORIENTED_EDGE ( 'NONE', *, *, #3337, .F. ) ;
#1154 = EDGE_LOOP ( 'NONE', ( #2685, #1300, #1275, #3448 ) ) ;
#1155 =( NAMED_UNIT ( * ) SI_UNIT ( $, .STERADIAN. ) SOLID_ANGLE_UNIT ( ) );
#1156 = DIRECTION ( 'NONE',  ( 1.032179507383259500E-014, 1.000000000000000000, 3.491483359922884000E-015 ) ) ;
#1157 = VERTEX_POINT ( 'NONE', #1200 ) ;
#1158 = DIRECTION ( 'NONE',  ( -1.000000000000000000, 0.0000000000000000000, 9.115998554311608500E-011 ) ) ;
#1159 = CARTESIAN_POINT ( 'NONE',  ( 1909.999999946144300, -80.00000000000234500, 1848.999999995032100 ) ) ;
#1160 = ORIENTED_EDGE ( 'NONE', *, *, #2737, .F. ) ;
#1161 = ORIENTED_EDGE ( 'NONE', *, *, #2695, .F. ) ;
#1162 = PLANE ( 'NONE',  #444 ) ;
#1163 = CARTESIAN_POINT ( 'NONE',  ( 1863.546218697966400, -18.49449132223712800, 1669.311146867094300 ) ) ;
#1164 = ORIENTED_EDGE ( 'NONE', *, *, #2733, .T. ) ;
#1165 = AXIS2_PLACEMENT_3D ( 'NONE', #707, #624, #607 ) ;
#1166 = DIRECTION ( 'NONE',  ( -9.115936689318759100E-011, 3.491483360863812800E-015, -1.000000000000000000 ) ) ;
#1167 = DIRECTION ( 'NONE',  ( 9.115936689318759100E-011, -3.366713061171388300E-015, 1.000000000000000000 ) ) ;
#1168 = CARTESIAN_POINT ( 'NONE',  ( 2009.999999946645600, -2.212776248380701900E-012, 1854.499999985916500 ) ) ;
#1169 = CARTESIAN_POINT ( 'NONE',  ( 1984.382032248900700, 39.99999999999645400, 1848.999999988251800 ) ) ;
#1170 = EDGE_CURVE ( 'NONE', #329, #853, #3353, .T. ) ;
#1171 = AXIS2_PLACEMENT_3D ( 'NONE', #3352, #1913, #186 ) ;
#1172 = ADVANCED_FACE ( 'NONE', ( #3264 ), #2001, .F. ) ;
#1173 = DIRECTION ( 'NONE',  ( -9.115936689318759100E-011, 3.491483360863812800E-015, -1.000000000000000000 ) ) ;
#1174 = ADVANCED_FACE ( 'NONE', ( #2076 ), #516, .F. ) ;
#1175 = DIRECTION ( 'NONE',  ( 9.115936689318756500E-011, -3.491483360863812800E-015, 1.000000000000000000 ) ) ;
#1176 = VERTEX_POINT ( 'NONE', #426 ) ;
#1177 = DIRECTION ( 'NONE',  ( -9.115936689318759100E-011, 3.491483360863812800E-015, -1.000000000000000000 ) ) ;
#1178 = LINE ( 'NONE', #831, #2424 ) ;
#1179 = CARTESIAN_POINT ( 'NONE',  ( 1912.999999947923200, 85.49999999999791100, 1868.499999994758800 ) ) ;
#1180 = ORIENTED_EDGE ( 'NONE', *, *, #2069, .T. ) ;
#1181 = ORIENTED_EDGE ( 'NONE', *, *, #294, .F. ) ;
#1182 = CIRCLE ( 'NONE', #1532, 5.099999999999882400 ) ;
#1183 = DIRECTION ( 'NONE',  ( 9.115936689318759100E-011, -3.366713061171388300E-015, 1.000000000000000000 ) ) ;
#1184 = CYLINDRICAL_SURFACE ( 'NONE', #1993, 100.0000000000000900 ) ;
#1185 = AXIS2_PLACEMENT_3D ( 'NONE', #2881, #2800, #2856 ) ;
#1186 = VERTEX_POINT ( 'NONE', #111 ) ;
#1187 = EDGE_LOOP ( 'NONE', ( #2504, #3285, #3228, #3086, #439, #2481 ) ) ;
#1188 = CIRCLE ( 'NONE', #2490, 50.00000000000004300 ) ;
#1189 = FACE_BOUND ( 'NONE', #552, .T. ) ;
#1190 = CARTESIAN_POINT ( 'NONE',  ( 1909.999999944687300, 79.99999999999785400, 1832.999999995032600 ) ) ;
#1191 = EDGE_LOOP ( 'NONE', ( #2114, #3178, #2988, #3356 ) ) ;
#1192 = ORIENTED_EDGE ( 'NONE', *, *, #1908, .T. ) ;
#1194 = DIRECTION ( 'NONE',  ( 9.115936689318759100E-011, -3.366713061171388300E-015, 1.000000000000000000 ) ) ;
#1193 = AXIS2_PLACEMENT_3D ( 'NONE', #1497, #1984, #280 ) ;
#1195 = FACE_OUTER_BOUND ( 'NONE', #1082, .T. ) ;
#1196 = ORIENTED_EDGE ( 'NONE', *, *, #2129, .F. ) ;
#1197 = CARTESIAN_POINT ( 'NONE',  ( 1810.813437068874900, -31.27340314889640600, 1870.681575405951200 ) ) ;
#1198 = EDGE_LOOP ( 'NONE', ( #3120, #2636, #3197, #3238 ) ) ;
#1199 = EDGE_LOOP ( 'NONE', ( #2864, #2206, #870, #2454, #3009, #1063, #178, #1202 ) ) ;
#1200 = CARTESIAN_POINT ( 'NONE',  ( 1877.133537865894100, 37.01412798312620100, 1844.999999998028200 ) ) ;
#1201 = DIRECTION ( 'NONE',  ( 1.000000000000000000, 0.0000000000000000000, -9.114931032172527400E-011 ) ) ;
#1202 = ORIENTED_EDGE ( 'NONE', *, *, #457, .F. ) ;
#1203 = ORIENTED_EDGE ( 'NONE', *, *, #2769, .T. ) ;
#1204 = ORIENTED_EDGE ( 'NONE', *, *, #2078, .F. ) ;
#1205 = EDGE_LOOP ( 'NONE', ( #3073, #3067 ) ) ;
#1206 = DIRECTION ( 'NONE',  ( 0.9537169507482312600, 0.3007057995042593000, 0.0000000000000000000 ) ) ;
#1207 = CIRCLE ( 'NONE', #1529, 6.000000000000005300 ) ;
#1208 = ORIENTED_EDGE ( 'NONE', *, *, #3188, .F. ) ;
#1209 = EDGE_CURVE ( 'NONE', #44, #122, #608, .T. ) ;
#1210 = VERTEX_POINT ( 'NONE', #449 ) ;
#1211 = CARTESIAN_POINT ( 'NONE',  ( 1983.999999944686400, -3.108624468950438300E-012, 1832.999999988286200 ) ) ;
#1212 = CARTESIAN_POINT ( 'NONE',  ( 1909.999999945415800, -2.206979197005627100E-012, 1840.999999995031900 ) ) ;
#1213 = ADVANCED_FACE ( 'NONE', ( #1333 ), #3373, .T. ) ;
#1214 = STYLED_ITEM ( 'NONE', ( #1330 ), #1712 ) ;
#1215 = DIRECTION ( 'NONE',  ( -9.115936689318759100E-011, 3.491483360863812800E-015, -1.000000000000000000 ) ) ;
#1216 = CARTESIAN_POINT ( 'NONE',  ( 1878.639048153237100, -80.61476727326835600, 1869.999999997890700 ) ) ;
#1217 = CARTESIAN_POINT ( 'NONE',  ( 1859.861549775346000, -28.10524538120295900, 1841.999999999602600 ) ) ;
#1218 = EDGE_CURVE ( 'NONE', #2264, #2793, #1928, .T. ) ;
#1219 = AXIS2_PLACEMENT_3D ( 'NONE', #2159, #1449, #3129 ) ;
#1220 = CARTESIAN_POINT ( 'NONE',  ( 1879.774253651047300, -79.99180745961957900, 1869.999999997787400 ) ) ;
#1221 = CARTESIAN_POINT ( 'NONE',  ( 1904.899999944687400, 79.99999999999785400, 1832.999999995497500 ) ) ;
#1222 = EDGE_LOOP ( 'NONE', ( #1600, #2233, #964, #2267 ) ) ;
#1223 = CIRCLE ( 'NONE', #260, 67.50000000000011400 ) ;
#1224 = FILL_AREA_STYLE_COLOUR ( '', #1997 ) ;
#1225 = ORIENTED_EDGE ( 'NONE', *, *, #2431, .F. ) ;
#1226 = CIRCLE ( 'NONE', #1446, 8.950000000000100500 ) ;
#1227 = CARTESIAN_POINT ( 'NONE',  ( 1838.938400718557900, -70.35800675993513700, 1848.000000001510200 ) ) ;
#1228 = DIRECTION ( 'NONE',  ( 9.115936689318759100E-011, -3.366713061171388300E-015, 1.000000000000000000 ) ) ;
#1229 = DIRECTION ( 'NONE',  ( 9.115936689318759100E-011, -3.366713061171388300E-015, 1.000000000000000000 ) ) ;
#1230 = EDGE_LOOP ( 'NONE', ( #997, #3184, #2933, #3159 ) ) ;
#1231 = SURFACE_STYLE_FILL_AREA ( #1763 ) ;
#1232 = CYLINDRICAL_SURFACE ( 'NONE', #372, 5.099999999999882400 ) ;
#1233 = ORIENTED_EDGE ( 'NONE', *, *, #1991, .F. ) ;
#1234 = CIRCLE ( 'NONE', #2394, 11.50000000000006600 ) ;
#1235 = EDGE_LOOP ( 'NONE', ( #840, #503, #1336, #1161, #277, #392 ) ) ;
#1236 = EDGE_CURVE ( 'NONE', #2117, #233, #3191, .T. ) ;
#1237 = AXIS2_PLACEMENT_3D ( 'NONE', #1558, #3437, #1496 ) ;
#1238 = ORIENTED_EDGE ( 'NONE', *, *, #3082, .F. ) ;
#1239 = ORIENTED_EDGE ( 'NONE', *, *, #1749, .F. ) ;
#1240 = FACE_OUTER_BOUND ( 'NONE', #1198, .T. ) ;
#1241 = DIRECTION ( 'NONE',  ( 1.000000000000000000, 0.0000000000000000000, -9.115936689318757800E-011 ) ) ;
#1242 = EDGE_CURVE ( 'NONE', #956, #2309, #1234, .T. ) ;
#1244 = DIRECTION ( 'NONE',  ( -1.000000000000000000, 0.0000000000000000000, 9.115413737835363400E-011 ) ) ;
#1243 = AXIS2_PLACEMENT_3D ( 'NONE', #578, #2429, #881 ) ;
#1245 = EDGE_LOOP ( 'NONE', ( #1964, #3254 ) ) ;
#1246 = EDGE_LOOP ( 'NONE', ( #3054, #538, #2901, #238 ) ) ;
#1247 = DIRECTION ( 'NONE',  ( 9.115936689318759100E-011, -3.366713061171388300E-015, 1.000000000000000000 ) ) ;
#1248 = CARTESIAN_POINT ( 'NONE',  ( 1893.628987463146400, -86.78882428770175700, 1867.303050522178600 ) ) ;
#1249 = EDGE_LOOP ( 'NONE', ( #1637, #2161, #628, #1352 ) ) ;
#1250 = DIRECTION ( 'NONE',  ( -1.000000000000000000, 0.0000000000000000000, 9.115936689318757800E-011 ) ) ;
#1251 = VERTEX_POINT ( 'NONE', #984 ) ;
#1252 = ORIENTED_EDGE ( 'NONE', *, *, #1840, .T. ) ;
#1253 = ORIENTED_EDGE ( 'NONE', *, *, #2941, .F. ) ;
#1254 = PLANE ( 'NONE',  #2065 ) ;
#1255 = CARTESIAN_POINT ( 'NONE',  ( 1893.777492147550400, -92.67804818584137600, 1858.751718184480500 ) ) ;
#1256 =( GEOMETRIC_REPRESENTATION_CONTEXT ( 3 ) GLOBAL_UNCERTAINTY_ASSIGNED_CONTEXT ( ( #2133 ) ) GLOBAL_UNIT_ASSIGNED_CONTEXT ( ( #3470, #26, #3399 ) ) REPRESENTATION_CONTEXT ( 'NONE', 'WORKASPACE' ) );
#1257 = CARTESIAN_POINT ( 'NONE',  ( 1833.170712294406900, -57.09762422351694500, 1856.332151295527400 ) ) ;
#1258 = MECHANICAL_DESIGN_GEOMETRIC_PRESENTATION_REPRESENTATION (  '', ( #854 ), #1461 ) ;
#1259 = DIRECTION ( 'NONE',  ( 9.115936689318759100E-011, -3.491483360863812800E-015, 1.000000000000000000 ) ) ;
#1260 = CARTESIAN_POINT ( 'NONE',  ( 1952.499999945780500, -2.626128942130873400E-012, 1844.999999991157900 ) ) ;
#1261 = CARTESIAN_POINT ( 'NONE',  ( 1942.866462025302100, -37.01412798313071300, 1840.999999992036000 ) ) ;
#1262 = COLOUR_RGB ( '',0.5019607843137254800, 0.5019607843137254800, 0.5019607843137254800 ) ;
#1263 = CARTESIAN_POINT ( 'NONE',  ( 1879.774253651046600, -79.99180745961921000, 1869.999999997787200 ) ) ;
#1264 = CARTESIAN_POINT ( 'NONE',  ( 1909.999999946145000, -2.220446049250313100E-012, 1848.999999995032100 ) ) ;
#1265 = EDGE_LOOP ( 'NONE', ( #722, #443, #395, #2904, #1434, #1897, #2368, #2093, #3230, #2600, #2801, #2799, #2601, #2157, #480 ) ) ;
#1266 = CARTESIAN_POINT ( 'NONE',  ( 1837.393037983120600, -62.23110441134882400, 1856.470411577232400 ) ) ;
#1267 = VECTOR ( 'NONE', #1127, 1000.000000000000000 ) ;
#1268 = EDGE_LOOP ( 'NONE', ( #2305, #240, #1944, #2836 ) ) ;
#1269 = ORIENTED_EDGE ( 'NONE', *, *, #2730, .F. ) ;
#1270 = CARTESIAN_POINT ( 'NONE',  ( 1956.022894947156800, -18.22479452994789300, 1840.999999990836600 ) ) ;
#1271 = FACE_OUTER_BOUND ( 'NONE', #1265, .T. ) ;
#1272 = CYLINDRICAL_SURFACE ( 'NONE', #1511, 5.099999999999882400 ) ;
#1273 = CARTESIAN_POINT ( 'NONE',  ( 1909.999999946145000, -2.220446049250313100E-012, 1848.999999995032100 ) ) ;
#1274 = VERTEX_POINT ( 'NONE', #965 ) ;
#1275 = ORIENTED_EDGE ( 'NONE', *, *, #494, .T. ) ;
#1276 = EDGE_CURVE ( 'NONE', #535, #1102, #2471, .T. ) ;
#1277 = CARTESIAN_POINT ( 'NONE',  ( 1840.717967641931900, 39.99999999999870700, 1833.000000001348300 ) ) ;
#1278 = VECTOR ( 'NONE', #1963, 1000.000000000000000 ) ;
#1279 = CARTESIAN_POINT ( 'NONE',  ( 1915.099999946145800, 79.99999999999782600, 1848.999999994567600 ) ) ;
#1280 = DIRECTION ( 'NONE',  ( 1.000000000000000000, 0.0000000000000000000, -9.114931032172527400E-011 ) ) ;
#1281 = ORIENTED_EDGE ( 'NONE', *, *, #2200, .T. ) ;
#1282 = ORIENTED_EDGE ( 'NONE', *, *, #76, .F. ) ;
#1283 = CYLINDRICAL_SURFACE ( 'NONE', #1670, 10.00000000000000900 ) ;
#1284 = DIRECTION ( 'NONE',  ( 1.000000000000000000, 0.0000000000000000000, -9.114931032172527400E-011 ) ) ;
#1285 = DIRECTION ( 'NONE',  ( 0.2423871283161465100, 0.7928125735064339700, -0.5591929034928441200 ) ) ;
#1286 = ORIENTED_EDGE ( 'NONE', *, *, #2437, .F. ) ;
#1287 = EDGE_LOOP ( 'NONE', ( #3090, #184, #3202, #2510 ) ) ;
#1288 = EDGE_CURVE ( 'NONE', #1739, #2961, #429, .T. ) ;
#1289 = AXIS2_PLACEMENT_3D ( 'NONE', #336, #77, #3361 ) ;
#1290 = ADVANCED_FACE ( 'NONE', ( #1148 ), #2393, .F. ) ;
#1291 = CARTESIAN_POINT ( 'NONE',  ( 1984.382032247442100, 39.99999999999645400, 1832.999999988251800 ) ) ;
#1292 = EDGE_LOOP ( 'NONE', ( #3069, #3152 ) ) ;
#1293 = ORIENTED_EDGE ( 'NONE', *, *, #3093, .T. ) ;
#1294 = CIRCLE ( 'NONE', #1852, 10.00000000000000900 ) ;
#1296 = CARTESIAN_POINT ( 'NONE',  ( 1909.999999945415800, -2.220446049250313100E-012, 1840.999999995032100 ) ) ;
#1295 = AXIS2_PLACEMENT_3D ( 'NONE', #3261, #1845, #81 ) ;
#1297 = VERTEX_POINT ( 'NONE', #828 ) ;
#1298 = CARTESIAN_POINT ( 'NONE',  ( 1867.499999945507200, -1.776356839400250300E-012, 1841.999999998906300 ) ) ;
#1299 = EDGE_LOOP ( 'NONE', ( #1570, #2369, #2688, #2759 ) ) ;
#1300 = ORIENTED_EDGE ( 'NONE', *, *, #389, .F. ) ;
#1301 = ADVANCED_FACE ( 'NONE', ( #322 ), #1050, .F. ) ;
#1302 = CARTESIAN_POINT ( 'NONE',  ( 1835.099999946144900, -1.359574926565448800E-012, 1849.000000001860100 ) ) ;
#1303 = ORIENTED_EDGE ( 'NONE', *, *, #785, .T. ) ;
#1304 = CARTESIAN_POINT ( 'NONE',  ( 1909.999999945780500, -2.220446049250313100E-012, 1844.999999995032100 ) ) ;
#1305 = DIRECTION ( 'NONE',  ( -9.115936689318759100E-011, 3.366713061155889200E-015, -1.000000000000000000 ) ) ;
#1306 = CARTESIAN_POINT ( 'NONE',  ( 1855.999999945780200, -1.717001622266438500E-012, 1844.999999999955000 ) ) ;
#1307 = CARTESIAN_POINT ( 'NONE',  ( 1869.999999944687300, 69.28203230275364900, 1832.999999998679000 ) ) ;
#1308 = DIRECTION ( 'NONE',  ( 0.0000000000000000000, 0.5763808025151736500, 0.8171812347894218400 ) ) ;
#1309 = CARTESIAN_POINT ( 'NONE',  ( 1879.016988016713400, -80.38261330862599200, 1869.999999997856500 ) ) ;
#1311 = DIRECTION ( 'NONE',  ( 1.000000000000000000, 0.0000000000000000000, -9.115819210592227600E-011 ) ) ;
#1310 = AXIS2_PLACEMENT_3D ( 'NONE', #2101, #2121, #2097 ) ;
#1312 = CARTESIAN_POINT ( 'NONE',  ( 1872.155011802624600, -83.15378289509131100, 1862.793592094965600 ) ) ;
#1313 = DIRECTION ( 'NONE',  ( -9.115936689318759100E-011, 3.491483360863812800E-015, -1.000000000000000000 ) ) ;
#1314 = MANIFOLD_SOLID_BREP ( '<vridskiva_from_step>-<Boss-Extrude6>', #3369 ) ;
#1315 = CARTESIAN_POINT ( 'NONE',  ( 1867.499999946783200, -1.776356839400250500E-012, 1855.999999998906600 ) ) ;
#1316 = EDGE_CURVE ( 'NONE', #773, #476, #2187, .T. ) ;
#1317 = AXIS2_PLACEMENT_3D ( 'NONE', #3315, #1881, #136 ) ;
#1318 = DIRECTION ( 'NONE',  ( -1.000000000000000000, 0.0000000000000000000, 9.116150352257380100E-011 ) ) ;
#1319 = DIRECTION ( 'NONE',  ( -9.115936689318759100E-011, 3.491483360863812800E-015, -1.000000000000000000 ) ) ;
#1320 = CIRCLE ( 'NONE', #29, 10.00000000000000900 ) ;
#1321 = CARTESIAN_POINT ( 'NONE',  ( 1879.395627779915000, -80.17482946968282000, 1869.999999997821800 ) ) ;
#1322 = DIRECTION ( 'NONE',  ( -1.000000000000000000, 0.0000000000000000000, 9.115413737835363400E-011 ) ) ;
#1323 = EDGE_LOOP ( 'NONE', ( #2596, #2645 ) ) ;
#1324 = CIRCLE ( 'NONE', #623, 10.00000000000000900 ) ;
#1325 = DIRECTION ( 'NONE',  ( -1.000000000000000000, 0.0000000000000000000, 9.114931032172527400E-011 ) ) ;
#1326 = CARTESIAN_POINT ( 'NONE',  ( 1859.861549775619800, -28.10524538120296600, 1844.999999999602600 ) ) ;
#1327 = ORIENTED_EDGE ( 'NONE', *, *, #2571, .F. ) ;
#1328 = DIRECTION ( 'NONE',  ( -9.115936689318759100E-011, 3.366713061171388300E-015, -1.000000000000000000 ) ) ;
#1329 = CARTESIAN_POINT ( 'NONE',  ( 1814.628304871823300, -30.07057995042823600, 1854.500000003726200 ) ) ;
#1330 = PRESENTATION_STYLE_ASSIGNMENT (( #2004 ) ) ;
#1331 = FACE_OUTER_BOUND ( 'NONE', #576, .T. ) ;
#1332 = EDGE_LOOP ( 'NONE', ( #3171, #3270, #3096, #1919, #311, #79, #1935, #3305 ) ) ;
#1333 = FACE_OUTER_BOUND ( 'NONE', #1014, .T. ) ;
#1334 = EDGE_CURVE ( 'NONE', #1157, #391, #3115, .T. ) ;
#1335 = CARTESIAN_POINT ( 'NONE',  ( 1813.185235907794500, 25.03800040520504700, 1833.000000003858100 ) ) ;
#1336 = ORIENTED_EDGE ( 'NONE', *, *, #170, .F. ) ;
#1337 = EDGE_LOOP ( 'NONE', ( #814, #2235, #2511, #490 ) ) ;
#1338 = CIRCLE ( 'NONE', #2578, 96.28311435487093200 ) ;
#1339 = AXIS2_PLACEMENT_3D ( 'NONE', #1594, #1611, #3291 ) ;
#1340 = DIRECTION ( 'NONE',  ( -1.000000000000000000, 0.0000000000000000000, 9.116890249275025600E-011 ) ) ;
#1341 = ORIENTED_EDGE ( 'NONE', *, *, #3180, .T. ) ;
#1342 = ORIENTED_EDGE ( 'NONE', *, *, #1720, .T. ) ;
#1343 = CARTESIAN_POINT ( 'NONE',  ( 1984.382032248899600, -40.00000000000272800, 1848.999999988251400 ) ) ;
#1344 = ORIENTED_EDGE ( 'NONE', *, *, #2633, .F. ) ;
#1345 = DIRECTION ( 'NONE',  ( 1.000000000000000000, 1.421085471520198300E-014, -9.115819210592227600E-011 ) ) ;
#1346 = EDGE_CURVE ( 'NONE', #3359, #2156, #750, .T. ) ;
#1347 = AXIS2_PLACEMENT_3D ( 'NONE', #2289, #1305, #3005 ) ;
#1348 = EDGE_LOOP ( 'NONE', ( #1394, #2332, #3132, #2407 ) ) ;
#1349 = ORIENTED_EDGE ( 'NONE', *, *, #2610, .T. ) ;
#1350 = ORIENTED_EDGE ( 'NONE', *, *, #2647, .T. ) ;
#1351 = DIRECTION ( 'NONE',  ( 0.0000000000000000000, -0.5763808025151786500, -0.8171812347894185100 ) ) ;
#1352 = ORIENTED_EDGE ( 'NONE', *, *, #337, .T. ) ;
#1353 = CARTESIAN_POINT ( 'NONE',  ( 1886.725271938139500, -97.25372505015143100, 1854.499999997153700 ) ) ;
#1354 = DIRECTION ( 'NONE',  ( 9.115936689318759100E-011, -3.366713061171388300E-015, 1.000000000000000000 ) ) ;
#1355 = CARTESIAN_POINT ( 'NONE',  ( 1840.717967643390500, 39.99999999999865700, 1849.000000001348800 ) ) ;
#1356 = DIRECTION ( 'NONE',  ( -9.115936689318759100E-011, 3.366713061171388300E-015, -1.000000000000000000 ) ) ;
#1357 = CARTESIAN_POINT ( 'NONE',  ( 1869.861549775346500, 28.10524538119940600, 1841.999999998691200 ) ) ;
#1358 = ADVANCED_FACE ( 'NONE', ( #2744 ), #667, .T. ) ;
#1359 = CARTESIAN_POINT ( 'NONE',  ( 1989.999999946145200, -3.164488202724259300E-012, 1848.999999987739300 ) ) ;
#1360 = CARTESIAN_POINT ( 'NONE',  ( 1909.999999946737500, -2.227665505580599600E-012, 1855.495936502003100 ) ) ;
#1361 = LINE ( 'NONE', #539, #2496 ) ;
#1362 = ORIENTED_EDGE ( 'NONE', *, *, #2712, .F. ) ;
#1363 = DIRECTION ( 'NONE',  ( -1.000000000000000000, 0.0000000000000000000, 9.116890249275025600E-011 ) ) ;
#1364 = EDGE_CURVE ( 'NONE', #2070, #2303, #2110, .T. ) ;
#1365 = VECTOR ( 'NONE', #2609, 1000.000000000000000 ) ;
#1366 = AXIS2_PLACEMENT_3D ( 'NONE', #2381, #819, #2632 ) ;
#1367 = DIRECTION ( 'NONE',  ( 9.115936689318759100E-011, -3.491483360863812800E-015, 1.000000000000000000 ) ) ;
#1368 = EDGE_LOOP ( 'NONE', ( #769, #1524, #2726, #2829, #2764, #2834, #3365, #3125 ) ) ;
#1369 = CIRCLE ( 'NONE', #729, 11.50000000000006600 ) ;
#1370 = ORIENTED_EDGE ( 'NONE', *, *, #170, .T. ) ;
#1371 = CIRCLE ( 'NONE', #698, 5.099999999999882400 ) ;
#1372 = DIRECTION ( 'NONE',  ( 0.5591929033951678100, 3.892273776617036800E-015, -0.8290375726060202900 ) ) ;
#1373 = VERTEX_POINT ( 'NONE', #732 ) ;
#1374 = CYLINDRICAL_SURFACE ( 'NONE', #2192, 8.950000000000100500 ) ;
#1375 = CARTESIAN_POINT ( 'NONE',  ( 1989.999999944686400, -3.108624468950438300E-012, 1832.999999987739300 ) ) ;
#1376 = EDGE_LOOP ( 'NONE', ( #873, #400, #1481, #3235 ) ) ;
#1377 = FACE_OUTER_BOUND ( 'NONE', #1083, .T. ) ;
#1378 = DIRECTION ( 'NONE',  ( -1.000000000000000000, 1.032179507383259500E-014, 0.0000000000000000000 ) ) ;
#1379 = ORIENTED_EDGE ( 'NONE', *, *, #661, .F. ) ;
#1380 = EDGE_LOOP ( 'NONE', ( #2794, #2518, #2479, #2119 ) ) ;
#1381 = CARTESIAN_POINT ( 'NONE',  ( 1840.717967641930500, -40.00000000000092400, 1833.000000001348300 ) ) ;
#1382 = EDGE_LOOP ( 'NONE', ( #909, #1483, #1043, #320, #385, #1435, #981, #161 ) ) ;
#1383 = EDGE_LOOP ( 'NONE', ( #1829, #2570, #2371, #1677, #1208, #913 ) ) ;
#1384 = AXIS2_PLACEMENT_3D ( 'NONE', #2717, #2751, #2708 ) ;
#1385 = CARTESIAN_POINT ( 'NONE',  ( 1857.499999945507200, -1.780182262192913900E-012, 1841.999999999817900 ) ) ;
#1386 = EDGE_LOOP ( 'NONE', ( #213, #1252, #1089, #114 ) ) ;
#1387 = EDGE_LOOP ( 'NONE', ( #64, #1341, #1379, #941, #1503, #1784 ) ) ;
#1388 = CARTESIAN_POINT ( 'NONE',  ( 1909.999999944686400, -2.327450239208501000E-012, 1832.999999995032100 ) ) ;
#1389 = ORIENTED_EDGE ( 'NONE', *, *, #3024, .F. ) ;
#1390 = FACE_OUTER_BOUND ( 'NONE', #851, .T. ) ;
#1391 = DIRECTION ( 'NONE',  ( -9.115936689318759100E-011, 3.491483360863812800E-015, -1.000000000000000000 ) ) ;
#1392 = DIRECTION ( 'NONE',  ( -1.000000000000000000, 0.0000000000000000000, 9.116890249275025600E-011 ) ) ;
#1393 = AXIS2_PLACEMENT_3D ( 'NONE', #2459, #916, #2710 ) ;
#1394 = ORIENTED_EDGE ( 'NONE', *, *, #2069, .F. ) ;
#1395 = DIRECTION ( 'NONE',  ( -9.115936689318757800E-011, 3.491483360863812400E-015, -1.000000000000000000 ) ) ;
#1396 = CIRCLE ( 'NONE', #2476, 11.50000000000006600 ) ;
#1397 = DIRECTION ( 'NONE',  ( -9.115936689318759100E-011, 3.491483360863812800E-015, -1.000000000000000000 ) ) ;
#1398 = ORIENTED_EDGE ( 'NONE', *, *, #1973, .T. ) ;
#1399 = CARTESIAN_POINT ( 'NONE',  ( 1823.999999946053100, -69.00000000000119400, 1848.000000002872000 ) ) ;
#1400 = DIRECTION ( 'NONE',  ( -1.000000000000000000, 0.0000000000000000000, 9.116890249275025600E-011 ) ) ;
#1401 = CARTESIAN_POINT ( 'NONE',  ( 1835.617967641932000, 39.99999999999870700, 1833.000000001813300 ) ) ;
#1402 = ADVANCED_FACE ( 'NONE', ( #1775 ), #507, .F. ) ;
#1403 = PLANE ( 'NONE',  #1438 ) ;
#1404 = EDGE_CURVE ( 'NONE', #44, #2302, #655, .T. ) ;
#1405 = CARTESIAN_POINT ( 'NONE',  ( 1908.930572574643300, 89.40148877550836900, 1865.689188859157200 ) ) ;
#1406 = EDGE_CURVE ( 'NONE', #2934, #693, #1480, .T. ) ;
#1407 = VECTOR ( 'NONE', #1229, 1000.000000000000000 ) ;
#1408 = AXIS2_PLACEMENT_3D ( 'NONE', #2935, #3425, #2224 ) ;
#1409 = ADVANCED_FACE ( 'NONE', ( #2670 ), #1374, .T. ) ;
#1410 = CIRCLE ( 'NONE', #200, 50.00000000000004300 ) ;
#1411 = DIRECTION ( 'NONE',  ( 9.115936689318759100E-011, -3.491483360863812800E-015, 1.000000000000000000 ) ) ;
#1412 = EDGE_LOOP ( 'NONE', ( #1713, #2337 ) ) ;
#1413 = EDGE_CURVE ( 'NONE', #1003, #2085, #2037, .T. ) ;
#1414 = PRODUCT_DEFINITION ( 'UNKNOWN', '', #1598, #3295 ) ;
#1415 = CIRCLE ( 'NONE', #165, 103.9999999999998700 ) ;
#1416 = CARTESIAN_POINT ( 'NONE',  ( 1858.361549776622700, 28.10524538119940600, 1855.999999999739700 ) ) ;
#1417 = CIRCLE ( 'NONE', #2585, 11.50000000000006600 ) ;
#1418 = EDGE_LOOP ( 'NONE', ( #580, #1825 ) ) ;
#1419 = VECTOR ( 'NONE', #1064, 1000.000000000000000 ) ;
#1420 = CARTESIAN_POINT ( 'NONE',  ( 1912.674965039678700, 88.42055812708946400, 1867.092840361702900 ) ) ;
#1421 = EDGE_LOOP ( 'NONE', ( #2557, #668, #2898, #1672, #1567, #2728 ) ) ;
#1422 = ORIENTED_EDGE ( 'NONE', *, *, #2624, .F. ) ;
#1423 = DIRECTION ( 'NONE',  ( -9.115936689318759100E-011, 3.366713061171388300E-015, -1.000000000000000000 ) ) ;
#1424 = CIRCLE ( 'NONE', #3405, 5.099999999999882400 ) ;
#1425 = EDGE_LOOP ( 'NONE', ( #1225, #1203, #59, #1286 ) ) ;
#1426 = CARTESIAN_POINT ( 'NONE',  ( 1893.394981247916600, -54.31256888576907500, 1837.896136902261800 ) ) ;
#1427 = CARTESIAN_POINT ( 'NONE',  ( 1974.182032247442300, 39.99999999999648300, 1832.999999989181800 ) ) ;
#1428 = CARTESIAN_POINT ( 'NONE',  ( 1906.999999948060300, 86.44796122523432300, 1869.999999995306100 ) ) ;
#1429 = EDGE_LOOP ( 'NONE', ( #1787, #441, #1119, #2963 ) ) ;
#1430 = VERTEX_POINT ( 'NONE', #375 ) ;
#1431 = CARTESIAN_POINT ( 'NONE',  ( 1863.546218714985600, 18.49449132223400500, 1855.999999999267200 ) ) ;
#1432 = B_SPLINE_CURVE_WITH_KNOTS ( 'NONE', 3,
 ( #935, #1779, #1257, #2966, #1549, #3209, #1789, #1, #2027, #355, #2266, #654, #2489, #966, #2750, #1266, #2975, #1563, #3219, #1796 ),
 .UNSPECIFIED., .F., .F.,
 ( 4, 2, 2, 2, 2, 2, 2, 2, 2, 4 ),
 ( 5.551115123125782700E-017, 0.002726359798163075400, 0.003407949747703926900, 0.004089539697244778900, 0.005452719596326365000, 0.006134309545867365300, 0.006815899495408366500, 0.008179079394490732300, 0.009542259293573097200, 0.01090543919265546200 ),
 .UNSPECIFIED. ) ;
#1433 = DIRECTION ( 'NONE',  ( -9.115936689318759100E-011, 3.491483360863812800E-015, -1.000000000000000000 ) ) ;
#1434 = ORIENTED_EDGE ( 'NONE', *, *, #3001, .T. ) ;
#1435 = ORIENTED_EDGE ( 'NONE', *, *, #3247, .T. ) ;
#1436 = ORIENTED_EDGE ( 'NONE', *, *, #1276, .T. ) ;
#1437 = ORIENTED_EDGE ( 'NONE', *, *, #728, .F. ) ;
#1438 = AXIS2_PLACEMENT_3D ( 'NONE', #1264, #1395, #1123 ) ;
#1439 =( NAMED_UNIT ( * ) PLANE_ANGLE_UNIT ( ) SI_UNIT ( $, .RADIAN. ) );
#1440 = CARTESIAN_POINT ( 'NONE',  ( 1869.999999944685700, -69.28203230275676100, 1832.999999998678500 ) ) ;
#1441 = DIRECTION ( 'NONE',  ( 1.000000000000000000, 7.105427357600994000E-015, -9.115819210592227600E-011 ) ) ;
#1442 = VERTEX_POINT ( 'NONE', #349 ) ;
#1443 = CARTESIAN_POINT ( 'NONE',  ( 1989.999999946145200, -3.164488202724259300E-012, 1848.999999987739300 ) ) ;
#1444 = CARTESIAN_POINT ( 'NONE',  ( 1909.999999945415800, -2.206979197005626700E-012, 1840.999999995031900 ) ) ;
#1445 = EDGE_CURVE ( 'NONE', #952, #671, #1467, .T. ) ;
#1446 = AXIS2_PLACEMENT_3D ( 'NONE', #2913, #1493, #3162 ) ;
#1447 = CARTESIAN_POINT ( 'NONE',  ( 1909.999999945415500, -2.354383943697872200E-012, 1840.999999995032100 ) ) ;
#1448 = DIRECTION ( 'NONE',  ( -9.115936689318759100E-011, 3.491483360863812800E-015, -1.000000000000000000 ) ) ;
#1449 = DIRECTION ( 'NONE',  ( 0.0000000000000000000, 0.0000000000000000000, 1.000000000000000000 ) ) ;
#1450 = FILL_AREA_STYLE_COLOUR ( '', #159 ) ;
#1451 = ADVANCED_FACE ( 'NONE', ( #3307 ), #1962, .T. ) ;
#1452 = CARTESIAN_POINT ( 'NONE',  ( 1879.861549775346200, -28.10524538120295900, 1841.999999997779700 ) ) ;
#1453 = CARTESIAN_POINT ( 'NONE',  ( 1909.999999944686400, -2.327450239208500600E-012, 1832.999999995032100 ) ) ;
#1454 = DIRECTION ( 'NONE',  ( -1.000000000000000000, 0.0000000000000000000, 9.116890249275025600E-011 ) ) ;
#1455 = AXIS2_PLACEMENT_3D ( 'NONE', #3321, #3240, #3286 ) ;
#1456 = CIRCLE ( 'NONE', #113, 100.0000000000000900 ) ;
#1457 = DIRECTION ( 'NONE',  ( -9.115936689318759100E-011, 3.366713061155889200E-015, -1.000000000000000000 ) ) ;
#1458 = ORIENTED_EDGE ( 'NONE', *, *, #2690, .T. ) ;
#1459 = FACE_OUTER_BOUND ( 'NONE', #1292, .T. ) ;
#1460 = CYLINDRICAL_SURFACE ( 'NONE', #495, 49.50000000000009900 ) ;
#1461 =( GEOMETRIC_REPRESENTATION_CONTEXT ( 3 ) GLOBAL_UNCERTAINTY_ASSIGNED_CONTEXT ( ( #2548 ) ) GLOBAL_UNIT_ASSIGNED_CONTEXT ( ( #2373, #809, #2620 ) ) REPRESENTATION_CONTEXT ( 'NONE', 'WORKASPACE' ) );
#1462 = DIRECTION ( 'NONE',  ( -9.115936689318759100E-011, 3.491483360863812800E-015, -1.000000000000000000 ) ) ;
#1463 = DIRECTION ( 'NONE',  ( -9.115936689318759100E-011, 3.491483360863812800E-015, -1.000000000000000000 ) ) ;
#1464 = CARTESIAN_POINT ( 'NONE',  ( 1960.138450115667900, 28.10524538119851800, 1841.999999990461700 ) ) ;
#1465 = EDGE_LOOP ( 'NONE', ( #2892, #2374 ) ) ;
#1466 = ADVANCED_FACE ( 'NONE', ( #3392 ), #465, .F. ) ;
#1467 = CIRCLE ( 'NONE', #1872, 5.100000000000104400 ) ;
#1468 = CIRCLE ( 'NONE', #638, 5.100000000000104400 ) ;
#1469 = ORIENTED_EDGE ( 'NONE', *, *, #2915, .F. ) ;
#1470 = ORIENTED_EDGE ( 'NONE', *, *, #2539, .T. ) ;
#1471 = DIRECTION ( 'NONE',  ( -9.115936689318759100E-011, 3.491483360863812800E-015, -1.000000000000000000 ) ) ;
#1472 = VECTOR ( 'NONE', #2347, 1000.000000000000100 ) ;
#1473 = ORIENTED_EDGE ( 'NONE', *, *, #1988, .T. ) ;
#1474 = CARTESIAN_POINT ( 'NONE',  ( 1879.861549775346200, -28.10524538120295900, 1841.999999997779700 ) ) ;
#1475 = CARTESIAN_POINT ( 'NONE',  ( 1979.282032247442200, 39.99999999999648300, 1832.999999988716800 ) ) ;
#1476 = VERTEX_POINT ( 'NONE', #188 ) ;
#1477 = DIRECTION ( 'NONE',  ( -1.000000000000000000, 0.0000000000000000000, 9.115998554311608500E-011 ) ) ;
#1478 = CARTESIAN_POINT ( 'NONE',  ( 1909.999999948059400, -2.287343533202366400E-012, 1869.999999995032300 ) ) ;
#1479 = EDGE_CURVE ( 'NONE', #3222, #1096, #565, .T. ) ;
#1480 = B_SPLINE_CURVE_WITH_KNOTS ( 'NONE', 3,
 ( #467, #473, #413, #410, #406, #401, #396, #390 ),
 .UNSPECIFIED., .F., .F.,
 ( 4, 2, 2, 4 ),
 ( 4.024558464266192500E-016, 0.003174157242829822600, 0.004761235864244563900, 0.006348314485659306000 ),
 .UNSPECIFIED. ) ;
#1481 = ORIENTED_EDGE ( 'NONE', *, *, #1488, .T. ) ;
#1482 = ADVANCED_FACE ( 'NONE', ( #3220 ), #1884, .F. ) ;
#1483 = ORIENTED_EDGE ( 'NONE', *, *, #3383, .T. ) ;
#1484 = EDGE_LOOP ( 'NONE', ( #630, #3123, #2241, #1528 ) ) ;
#1485 = DIRECTION ( 'NONE',  ( -9.115936689318759100E-011, 3.491483360863812800E-015, -1.000000000000000000 ) ) ;
#1486 = ORIENTED_EDGE ( 'NONE', *, *, #2718, .F. ) ;
#1487 = ADVANCED_FACE ( 'NONE', ( #3155 ), #376, .T. ) ;
#1488 = EDGE_CURVE ( 'NONE', #2360, #677, #1188, .T. ) ;
#1489 = AXIS2_PLACEMENT_3D ( 'NONE', #1921, #517, #827 ) ;
#1490 = DIRECTION ( 'NONE',  ( -1.000000000000000000, 0.0000000000000000000, 9.116890249275025600E-011 ) ) ;
#1491 = ORIENTED_EDGE ( 'NONE', *, *, #509, .F. ) ;
#1492 = DIRECTION ( 'NONE',  ( 0.0000000000000000000, 0.5763808025151806500, 0.8171812347894169500 ) ) ;
#1493 = DIRECTION ( 'NONE',  ( -0.2423871283161465100, -0.7928125735064339700, 0.5591929034928441200 ) ) ;
#1494 = CARTESIAN_POINT ( 'NONE',  ( 1869.999999944687300, 69.28203230275364900, 1832.999999998679000 ) ) ;
#1495 = AXIS2_PLACEMENT_3D ( 'NONE', #1030, #2802, #1340 ) ;
#1496 = DIRECTION ( 'NONE',  ( -1.000000000000000000, 0.0000000000000000000, 9.115940325831266900E-011 ) ) ;
#1497 = CARTESIAN_POINT ( 'NONE',  ( 1909.999999945415800, -2.220446049250313100E-012, 1840.999999995032100 ) ) ;
#1498 = CARTESIAN_POINT ( 'NONE',  ( 1867.499999946783200, -1.776356839400250500E-012, 1855.999999998906600 ) ) ;
#1499 = CARTESIAN_POINT ( 'NONE',  ( 1909.999999944686600, -2.088881455722004400E-012, 1832.999999995031900 ) ) ;
#1500 = CARTESIAN_POINT ( 'NONE',  ( 1824.899999944686400, -1.332267629550187800E-012, 1833.000000002789900 ) ) ;
#1501 = ADVANCED_FACE ( 'NONE', ( #2503 ), #138, .T. ) ;
#1502 = VECTOR ( 'NONE', #3179, 1000.000000000000000 ) ;
#1503 = ORIENTED_EDGE ( 'NONE', *, *, #2577, .F. ) ;
#1504 = DIRECTION ( 'NONE',  ( -1.000000000000000000, -2.664535259100367800E-015, 9.115940325831266900E-011 ) ) ;
#1505 = LINE ( 'NONE', #2660, #3186 ) ;
#1506 = AXIS2_PLACEMENT_3D ( 'NONE', #2340, #2049, #2044 ) ;
#1507 = FACE_OUTER_BOUND ( 'NONE', #1249, .T. ) ;
#1508 = LINE ( 'NONE', #1163, #2784 ) ;
#1509 = CARTESIAN_POINT ( 'NONE',  ( 1909.999999946549000, -2.160206187392857000E-012, 1853.428203225307700 ) ) ;
#1510 = EDGE_CURVE ( 'NONE', #476, #3085, #3074, .T. ) ;
#1512 = CARTESIAN_POINT ( 'NONE',  ( 1882.581469807119000, -89.68197110434684300, 1862.843166480687200 ) ) ;
#1511 = AXIS2_PLACEMENT_3D ( 'NONE', #438, #1052, #3035 ) ;
#1513 = VECTOR ( 'NONE', #437, 1000.000000000000000 ) ;
#1514 = DIRECTION ( 'NONE',  ( 9.115936689318759100E-011, -3.491483360863812800E-015, 1.000000000000000000 ) ) ;
#1515 = CARTESIAN_POINT ( 'NONE',  ( 1890.327428219581600, -83.21823671200951400, 1869.999999996825400 ) ) ;
#1516 = ORIENTED_EDGE ( 'NONE', *, *, #2679, .T. ) ;
#1517 = CIRCLE ( 'NONE', #1455, 3.000000000000113700 ) ;
#1518 = CARTESIAN_POINT ( 'NONE',  ( 1909.999999945415800, -2.206979197005627900E-012, 1840.999999995032300 ) ) ;
#1519 = VERTEX_POINT ( 'NONE', #2194 ) ;
#1520 = ORIENTED_EDGE ( 'NONE', *, *, #160, .T. ) ;
#1521 = UNCERTAINTY_MEASURE_WITH_UNIT (LENGTH_MEASURE( 1.000000000000000100E-005 ), #2869, 'distance_accuracy_value', 'NONE');
#1522 = PLANE ( 'NONE',  #2540 ) ;
#1523 = CARTESIAN_POINT ( 'NONE',  ( 1861.479411710486100, -9.798087430773044600, 1844.999999999455200 ) ) ;
#1524 = ORIENTED_EDGE ( 'NONE', *, *, #196, .F. ) ;
#1525 = DIRECTION ( 'NONE',  ( -9.115936689318759100E-011, 3.491483360863812800E-015, -1.000000000000000000 ) ) ;
#1526 = CARTESIAN_POINT ( 'NONE',  ( 1890.920201522897500, -84.36949266207298600, 1869.999999996771300 ) ) ;
#1527 = EDGE_CURVE ( 'NONE', #2793, #94, #2432, .T. ) ;
#1528 = ORIENTED_EDGE ( 'NONE', *, *, #2734, .T. ) ;
#1529 = AXIS2_PLACEMENT_3D ( 'NONE', #1375, #1571, #1585 ) ;
#1530 = DIRECTION ( 'NONE',  ( -9.115936689318759100E-011, 3.491483360863812800E-015, -1.000000000000000000 ) ) ;
#1531 = EDGE_CURVE ( 'NONE', #256, #824, #1806, .T. ) ;
#1532 = AXIS2_PLACEMENT_3D ( 'NONE', #2786, #1319, #3016 ) ;
#1533 = DIRECTION ( 'NONE',  ( 0.2423871283161465600, 0.7928125735064339700, -0.5591929034928442300 ) ) ;
#1534 = CARTESIAN_POINT ( 'NONE',  ( 1894.398435929749700, -87.96276468946221900, 1865.796550749328800 ) ) ;
#1535 = ADVANCED_FACE ( 'NONE', ( #2586 ), #1736, .F. ) ;
#1536 = CARTESIAN_POINT ( 'NONE',  ( 1959.105882298356600, -9.413411620616273000, 1840.999999990555800 ) ) ;
#1537 = CIRCLE ( 'NONE', #2776, 14.99999999999990200 ) ;
#1538 = DIRECTION ( 'NONE',  ( -1.032179507383259500E-014, -1.000000000000000000, -3.491483359907385200E-015 ) ) ;
#1539 = ORIENTED_EDGE ( 'NONE', *, *, #3140, .F. ) ;
#1540 = ADVANCED_FACE ( 'NONE', ( #1098 ), #153, .F. ) ;
#1541 = VECTOR ( 'NONE', #2096, 1000.000000000000100 ) ;
#1542 = PLANE ( 'NONE',  #1688 ) ;
#1543 = DIRECTION ( 'NONE',  ( -1.000000000000000000, -1.776356839400250500E-015, 9.115940325831266900E-011 ) ) ;
#1544 = CARTESIAN_POINT ( 'NONE',  ( 1893.200422686333000, -93.23119779936951100, 1857.794749865138800 ) ) ;
#1545 = VERTEX_POINT ( 'NONE', #194 ) ;
#1546 = LINE ( 'NONE', #1792, #99 ) ;
#1547 = FACE_OUTER_BOUND ( 'NONE', #1799, .T. ) ;
#1548 = CARTESIAN_POINT ( 'NONE',  ( 1977.499999948059000, -2.664535259074912800E-012, 1869.999999988878700 ) ) ;
#1549 = CARTESIAN_POINT ( 'NONE',  ( 1834.163055744375000, -57.96543564717558200, 1856.727326584423500 ) ) ;
#1550 = VECTOR ( 'NONE', #723, 1000.000000000000000 ) ;
#1551 = CIRCLE ( 'NONE', #228, 5.099999999999882400 ) ;
#1552 = AXIS2_PLACEMENT_3D ( 'NONE', #440, #431, #420 ) ;
#1553 = ADVANCED_FACE ( 'NONE', ( #2919 ), #2293, .F. ) ;
#1554 = EDGE_LOOP ( 'NONE', ( #1864, #1253, #1020, #2862 ) ) ;
#1555 = FACE_OUTER_BOUND ( 'NONE', #710, .T. ) ;
#1556 = EDGE_CURVE ( 'NONE', #1102, #3056, #2990, .T. ) ;
#1558 = CARTESIAN_POINT ( 'NONE',  ( 1909.999999945780500, -2.220446049250313100E-012, 1844.999999995032100 ) ) ;
#1557 = AXIS2_PLACEMENT_3D ( 'NONE', #2164, #525, #2387 ) ;
#1559 = ORIENTED_EDGE ( 'NONE', *, *, #264, .F. ) ;
#1560 = CARTESIAN_POINT ( 'NONE',  ( 1909.999999945415800, -2.206979197005627900E-012, 1840.999999995032300 ) ) ;
#1561 = ORIENTED_EDGE ( 'NONE', *, *, #2956, .F. ) ;
#1562 = CARTESIAN_POINT ( 'NONE',  ( 1909.999999947511900, -2.643586358909730000E-012, 1863.999999995032100 ) ) ;
#1563 = CARTESIAN_POINT ( 'NONE',  ( 1837.915074967342000, -63.38354276725126400, 1855.934576644929600 ) ) ;
#1564 = ORIENTED_EDGE ( 'NONE', *, *, #2885, .T. ) ;
#1565 = VERTEX_POINT ( 'NONE', #1689 ) ;
#1566 = DIRECTION ( 'NONE',  ( -9.115936689318759100E-011, 3.366713061171388300E-015, -1.000000000000000000 ) ) ;
#1567 = ORIENTED_EDGE ( 'NONE', *, *, #3342, .F. ) ;
#1568 = CARTESIAN_POINT ( 'NONE',  ( 1842.499999948058800, -2.645794443119560100E-012, 1870.000000001185300 ) ) ;
#1569 = CARTESIAN_POINT ( 'NONE',  ( 1813.185235908836100, 25.03800040544237900, 1854.500000003857400 ) ) ;
#1570 = ORIENTED_EDGE ( 'NONE', *, *, #1686, .T. ) ;
#1571 = DIRECTION ( 'NONE',  ( -9.115936689318759100E-011, 3.491483360863812800E-015, -1.000000000000000000 ) ) ;
#1572 = CARTESIAN_POINT ( 'NONE',  ( 1974.182032247441200, -40.00000000000270000, 1832.999999989181300 ) ) ;
#1573 = AXIS2_PLACEMENT_3D ( 'NONE', #1518, #3185, #1762 ) ;
#1574 = ADVANCED_FACE ( 'NONE', ( #268 ), #56, .F. ) ;
#1575 = CARTESIAN_POINT ( 'NONE',  ( 1952.499999945506700, -2.664535259100375700E-012, 1841.999999991157900 ) ) ;
#1576 = DIRECTION ( 'NONE',  ( 9.115936689318756500E-011, -3.491483360863812800E-015, 1.000000000000000000 ) ) ;
#1577 = CARTESIAN_POINT ( 'NONE',  ( 1878.639048153237100, -80.61476727326835600, 1869.999999997890700 ) ) ;
#1578 = VERTEX_POINT ( 'NONE', #2396 ) ;
#1579 = CIRCLE ( 'NONE', #2978, 10.00000000000000900 ) ;
#1580 = ADVANCED_FACE ( 'NONE', ( #2850 ), #796, .T. ) ;
#1581 = ORIENTED_EDGE ( 'NONE', *, *, #785, .F. ) ;
#1582 = CIRCLE ( 'NONE', #3130, 11.50000000000006600 ) ;
#1583 = VECTOR ( 'NONE', #3098, 1000.000000000000000 ) ;
#1584 = EDGE_CURVE ( 'NONE', #1073, #1373, #1586, .T. ) ;
#1585 = DIRECTION ( 'NONE',  ( -1.000000000000000000, 0.0000000000000000000, 9.114931032172527400E-011 ) ) ;
#1586 = CIRCLE ( 'NONE', #670, 49.50000000000009900 ) ;
#1587 = FACE_BOUND ( 'NONE', #287, .T. ) ;
#1588 = AXIS2_PLACEMENT_3D ( 'NONE', #1088, #1022, #932 ) ;
#1589 = FACE_OUTER_BOUND ( 'NONE', #470, .T. ) ;
#1590 = DIRECTION ( 'NONE',  ( -1.000000000000000000, 0.0000000000000000000, 9.115413737835363400E-011 ) ) ;
#1591 = CARTESIAN_POINT ( 'NONE',  ( 1877.133537865529700, 37.01412798312621500, 1840.999999998028400 ) ) ;
#1592 = CARTESIAN_POINT ( 'NONE',  ( 1872.578788787255500, -82.59446181708378300, 1863.808436401294600 ) ) ;
#1593 = AXIS2_PLACEMENT_3D ( 'NONE', #3441, #298, #288 ) ;
#1594 = CARTESIAN_POINT ( 'NONE',  ( 1989.999999944686400, -3.108624468950438300E-012, 1832.999999987739300 ) ) ;
#1595 = ORIENTED_EDGE ( 'NONE', *, *, #202, .T. ) ;
#1596 = CARTESIAN_POINT ( 'NONE',  ( 1952.499999946783200, -2.664535259100375700E-012, 1855.999999991158100 ) ) ;
#1597 = EDGE_CURVE ( 'NONE', #182, #2683, #2222, .T. ) ;
#1599 = DIRECTION ( 'NONE',  ( 1.000000000000000000, -8.881784197001212900E-016, -9.115819210592227600E-011 ) ) ;
#1598 = PRODUCT_DEFINITION_FORMATION_WITH_SPECIFIED_SOURCE ( 'ANY', '', #1132, .NOT_KNOWN. ) ;
#1600 = ORIENTED_EDGE ( 'NONE', *, *, #2690, .F. ) ;
#1601 = CARTESIAN_POINT ( 'NONE',  ( 1904.899999944685800, -80.00000000000228800, 1832.999999995497100 ) ) ;
#1602 = ORIENTED_EDGE ( 'NONE', *, *, #1001, .T. ) ;
#1603 = DIRECTION ( 'NONE',  ( 0.9659258262654838400, 1.223472039971194900E-015, -0.2588190451905393300 ) ) ;
#1604 = ORIENTED_EDGE ( 'NONE', *, *, #833, .F. ) ;
#1605 = DIRECTION ( 'NONE',  ( -9.115936689318759100E-011, 3.491483360863812800E-015, -1.000000000000000000 ) ) ;
#1606 = CARTESIAN_POINT ( 'NONE',  ( 1909.999999946737300, -2.220446049250313100E-012, 1855.495936502003100 ) ) ;
#1607 = CARTESIAN_POINT ( 'NONE',  ( 1912.999999948014400, 86.78541776419872600, 1869.500001084104500 ) ) ;
#1608 = ORIENTED_EDGE ( 'NONE', *, *, #1413, .F. ) ;
#1609 = DIRECTION ( 'NONE',  ( -9.115936689318759100E-011, 3.491483360863812800E-015, -1.000000000000000000 ) ) ;
#1610 = ADVANCED_FACE ( 'NONE', ( #899 ), #2410, .T. ) ;
#1611 = DIRECTION ( 'NONE',  ( -9.115936689318759100E-011, 3.491483360863812800E-015, -1.000000000000000000 ) ) ;
#1612 = DIRECTION ( 'NONE',  ( -1.000000000000000000, 0.0000000000000000000, 9.116890249274627600E-011 ) ) ;
#1613 = FACE_OUTER_BOUND ( 'NONE', #382, .T. ) ;
#1614 = CARTESIAN_POINT ( 'NONE',  ( 1959.105882297627400, 9.413411620610903100, 1832.999999990555800 ) ) ;
#1615 = EDGE_CURVE ( 'NONE', #2845, #693, #2354, .T. ) ;
#1616 = AXIS2_PLACEMENT_3D ( 'NONE', #2516, #993, #2772 ) ;
#1617 = CARTESIAN_POINT ( 'NONE',  ( 1950.138450115667900, 28.10524538119851800, 1841.999999991373200 ) ) ;
#1618 = VECTOR ( 'NONE', #2818, 1000.000000000000000 ) ;
#1619 = CIRCLE ( 'NONE', #2568, 5.100000000000104400 ) ;
#1620 = ADVANCED_FACE ( 'NONE', ( #1659 ), #3349, .T. ) ;
#1621 = DIRECTION ( 'NONE',  ( -1.000000000000000000, 0.0000000000000000000, 9.116890249275025600E-011 ) ) ;
#1622 = LINE ( 'NONE', #940, #2816 ) ;
#1623 = LINE ( 'NONE', #2763, #939 ) ;
#1624 = DIRECTION ( 'NONE',  ( 1.000000000000000000, 0.0000000000000000000, -9.114931032172527400E-011 ) ) ;
#1625 = ORIENTED_EDGE ( 'NONE', *, *, #2560, .T. ) ;
#1626 = FACE_OUTER_BOUND ( 'NONE', #914, .T. ) ;
#1627 = AXIS2_PLACEMENT_3D ( 'NONE', #2160, #3380, #3386 ) ;
#1628 = DIRECTION ( 'NONE',  ( -1.000000000000000000, 0.0000000000000000000, 9.114931032172527400E-011 ) ) ;
#1629 = EDGE_LOOP ( 'NONE', ( #2969, #1896 ) ) ;
#1630 = CARTESIAN_POINT ( 'NONE',  ( 1909.999999929764500, -1.776356839400250500E-012, 1669.311146862859700 ) ) ;
#1631 = DIRECTION ( 'NONE',  ( 1.153081754847692800E-014, 1.000000000000000000, 4.612327019390770900E-015 ) ) ;
#1632 = AXIS2_PLACEMENT_3D ( 'NONE', #2875, #1448, #3122 ) ;
#1633 = EDGE_LOOP ( 'NONE', ( #2761, #18, #3330, #3200, #583, #2602 ) ) ;
#1634 = DIRECTION ( 'NONE',  ( 9.115936689318759100E-011, -3.366713061171388300E-015, 1.000000000000000000 ) ) ;
#1635 = VERTEX_POINT ( 'NONE', #2903 ) ;
#1636 = VERTEX_POINT ( 'NONE', #1474 ) ;
#1637 = ORIENTED_EDGE ( 'NONE', *, *, #2769, .F. ) ;
#1638 = LINE ( 'NONE', #1135, #179 ) ;
#1639 = VERTEX_POINT ( 'NONE', #1716 ) ;
#1640 = DIRECTION ( 'NONE',  ( 9.115936689318759100E-011, -3.366713061171388300E-015, 1.000000000000000000 ) ) ;
#1641 = CARTESIAN_POINT ( 'NONE',  ( 1823.999999948120400, -69.00000000000127900, 1870.680575405183600 ) ) ;
#1642 = DIRECTION ( 'NONE',  ( -9.115936689318759100E-011, 3.491483360863812800E-015, -1.000000000000000000 ) ) ;
#1643 = CYLINDRICAL_SURFACE ( 'NONE', #2650, 50.00000000000004300 ) ;
#1644 = DIRECTION ( 'NONE',  ( -1.000000000000000000, 0.0000000000000000000, 9.115940325831266900E-011 ) ) ;
#1645 = FACE_BOUND ( 'NONE', #219, .T. ) ;
#1646 = EDGE_CURVE ( 'NONE', #141, #175, #994, .T. ) ;
#1647 = DIRECTION ( 'NONE',  ( -1.000000000000000000, 0.0000000000000000000, 9.116890249275025600E-011 ) ) ;
#1648 = DIRECTION ( 'NONE',  ( -9.115936689318759100E-011, 3.491483360863812800E-015, -1.000000000000000000 ) ) ;
#1649 = EDGE_CURVE ( 'NONE', #2303, #2070, #2142, .T. ) ;
#1650 = AXIS2_PLACEMENT_3D ( 'NONE', #536, #2652, #1142 ) ;
#1651 = CARTESIAN_POINT ( 'NONE',  ( 1867.499999945780700, -1.786456978583765200E-012, 1844.999999998906300 ) ) ;
#1652 = CARTESIAN_POINT ( 'NONE',  ( 1827.969196643515900, -54.49692092574245100, 1854.907348011720400 ) ) ;
#1653 = CIRCLE ( 'NONE', #2835, 5.099999999999882400 ) ;
#1654 = AXIS2_PLACEMENT_3D ( 'NONE', #2089, #434, #2321 ) ;
#1655 = CARTESIAN_POINT ( 'NONE',  ( 1915.099999944687200, 79.99999999999782600, 1832.999999994567600 ) ) ;
#1656 = LINE ( 'NONE', #1099, #2745 ) ;
#1657 = VECTOR ( 'NONE', #3091, 1000.000000000000000 ) ;
#1658 = DIRECTION ( 'NONE',  ( -1.000000000000000000, -2.775557561562909500E-015, 9.115671180855677700E-011 ) ) ;
#1659 = FACE_OUTER_BOUND ( 'NONE', #555, .T. ) ;
#1660 = FACE_BOUND ( 'NONE', #224, .T. ) ;
#1661 = DIRECTION ( 'NONE',  ( 1.000000000000000000, 0.0000000000000000000, -9.114931032172527400E-011 ) ) ;
#1662 = CARTESIAN_POINT ( 'NONE',  ( 1950.138450115667000, -28.10524538120384700, 1841.999999991373200 ) ) ;
#1663 = CARTESIAN_POINT ( 'NONE',  ( 1909.999999944686400, -2.112210065063534100E-012, 1832.999999995032100 ) ) ;
#1664 = CIRCLE ( 'NONE', #3101, 5.099999999999882400 ) ;
#1665 = DIRECTION ( 'NONE',  ( -9.115936689318759100E-011, 3.491483360863812800E-015, -1.000000000000000000 ) ) ;
#1666 = CARTESIAN_POINT ( 'NONE',  ( 1869.999999946145900, 69.28203230275359200, 1848.999999998679000 ) ) ;
#1667 = EDGE_LOOP ( 'NONE', ( #1065, #1458, #1048, #145 ) ) ;
#1668 = ADVANCED_FACE ( 'NONE', ( #701 ), #2073, .T. ) ;
#1669 = ORIENTED_EDGE ( 'NONE', *, *, #1759, .T. ) ;
#1670 = AXIS2_PLACEMENT_3D ( 'NONE', #2068, #2105, #2092 ) ;
#1671 = CARTESIAN_POINT ( 'NONE',  ( 1909.550228295552900, 89.51673319002756600, 1865.526195799693400 ) ) ;
#1672 = ORIENTED_EDGE ( 'NONE', *, *, #3423, .F. ) ;
#1673 = CARTESIAN_POINT ( 'NONE',  ( 1909.999999945780500, -2.220446049250313100E-012, 1844.999999995032100 ) ) ;
#1674 = DIRECTION ( 'NONE',  ( -9.115936689318759100E-011, 3.491483360863812800E-015, -1.000000000000000000 ) ) ;
#1675 = EDGE_CURVE ( 'NONE', #1867, #2970, #3434, .T. ) ;
#1676 = AXIS2_PLACEMENT_3D ( 'NONE', #1866, #2102, #3292 ) ;
#1677 = ORIENTED_EDGE ( 'NONE', *, *, #2746, .T. ) ;
#1678 = ADVANCED_FACE ( 'NONE', ( #2706 ), #1976, .T. ) ;
#1679 = DIRECTION ( 'NONE',  ( -0.2423871283161466400, -0.7928125735064339700, 0.5591929034928441200 ) ) ;
#1680 =( BOUNDED_CURVE ( )  B_SPLINE_CURVE ( 3, ( #1263, #1321, #1309, #1216 ),
 .UNSPECIFIED., .F., .F. ) 
 B_SPLINE_CURVE_WITH_KNOTS ( ( 4, 4 ),
 ( 0.4777778321928466400, 0.5646212246687338800 ),
 .UNSPECIFIED. ) 
 CURVE ( )  GEOMETRIC_REPRESENTATION_ITEM ( )  RATIONAL_B_SPLINE_CURVE ( ( 1.000000000000000000, 0.9993716175062329300, 0.9993716175062329300, 1.000000000000000000 ) ) 
 REPRESENTATION_ITEM ( '' )  );
#1681 = ORIENTED_EDGE ( 'NONE', *, *, #806, .T. ) ;
#1682 = ADVANCED_FACE ( 'NONE', ( #2783 ), #2627, .F. ) ;
#1683 = CARTESIAN_POINT ( 'NONE',  ( 1912.999999947895500, 87.70618507842981200, 1868.135713164126600 ) ) ;
#1684 = CARTESIAN_POINT ( 'NONE',  ( 1882.581469807119000, -94.84057928685771800, 1855.529394429321900 ) ) ;
#1685 = CARTESIAN_POINT ( 'NONE',  ( 1960.138450115667900, 28.10524538119851800, 1841.999999990461700 ) ) ;
#1686 = EDGE_CURVE ( 'NONE', #2333, #620, #3259, .T. ) ;
#1687 = CARTESIAN_POINT ( 'NONE',  ( 1909.999999944686400, -2.220446049250313100E-012, 1832.999999995032100 ) ) ;
#1688 = AXIS2_PLACEMENT_3D ( 'NONE', #1512, #1679, #1351 ) ;
#1689 = CARTESIAN_POINT ( 'NONE',  ( 1876.732734009073100, -37.32678685835873000, 1832.999999998064800 ) ) ;
#1690 = CIRCLE ( 'NONE', #1654, 10.00000000000000900 ) ;
#1691 = EDGE_CURVE ( 'NONE', #3398, #3015, #1415, .T. ) ;
#1693 = SURFACE_STYLE_USAGE ( .BOTH. , #2058 ) ;
#1692 = AXIS2_PLACEMENT_3D ( 'NONE', #1842, #73, #2077 ) ;
#1694 = DIRECTION ( 'NONE',  ( -1.000000000000000000, 0.0000000000000000000, 9.116890249275025600E-011 ) ) ;
#1695 = DIRECTION ( 'NONE',  ( -1.000000000000000000, 6.572520305780915400E-014, 9.115940325831266900E-011 ) ) ;
#1696 = CARTESIAN_POINT ( 'NONE',  ( 1984.382032247441000, -40.00000000000272800, 1832.999999988251400 ) ) ;
#1697 = ADVANCED_FACE ( 'NONE', ( #603 ), #3187, .F. ) ;
#1698 = CIRCLE ( 'NONE', #2403, 50.00000000000004300 ) ;
#1699 = DIRECTION ( 'NONE',  ( 9.115878865202892700E-011, 0.0000000000000000000, 1.000000000000000000 ) ) ;
#1700 = CIRCLE ( 'NONE', #2378, 10.00000000000000900 ) ;
#1701 = DIRECTION ( 'NONE',  ( 9.115936689318757800E-011, -3.491483360863812400E-015, 1.000000000000000000 ) ) ;
#1702 = CYLINDRICAL_SURFACE ( 'NONE', #2053, 5.099999999999882400 ) ;
#1703 = ADVANCED_FACE ( 'NONE', ( #1507 ), #1923, .F. ) ;
#1704 = APPLICATION_PROTOCOL_DEFINITION ( 'draft international standard', 'automotive_design', 1998, #3371 ) ;
#1705 = DIRECTION ( 'NONE',  ( -9.115936689318757800E-011, 3.491483360863812400E-015, -1.000000000000000000 ) ) ;
#1706 = LINE ( 'NONE', #2689, #326 ) ;
#1707 = DIRECTION ( 'NONE',  ( 1.000000000000000000, 0.0000000000000000000, -9.115819210592227600E-011 ) ) ;
#1708 = CARTESIAN_POINT ( 'NONE',  ( 1959.105882282705600, -9.413411620615617500, 1669.311146858383200 ) ) ;
#1709 = ORIENTED_EDGE ( 'NONE', *, *, #3320, .F. ) ;
#1710 = ADVANCED_FACE ( 'NONE', ( #510 ), #424, .F. ) ;
#1711 = DIRECTION ( 'NONE',  ( -9.115936689318759100E-011, 3.491483360863812800E-015, -1.000000000000000000 ) ) ;
#1712 = ADVANCED_FACE ( 'NONE', ( #2547 ), #1522, .T. ) ;
#1713 = ORIENTED_EDGE ( 'NONE', *, *, #1749, .T. ) ;
#1714 = AXIS2_PLACEMENT_3D ( 'NONE', #686, #501, #496 ) ;
#1715 = EDGE_LOOP ( 'NONE', ( #2341, #2827, #2752, #2680 ) ) ;
#1716 = CARTESIAN_POINT ( 'NONE',  ( 1877.133537865893200, -37.01412798312981100, 1844.999999998028200 ) ) ;
#1717 = ORIENTED_EDGE ( 'NONE', *, *, #3153, .T. ) ;
#1718 = DIRECTION ( 'NONE',  ( -1.000000000000000000, 0.0000000000000000000, 9.116890249275025600E-011 ) ) ;
#1719 = DIRECTION ( 'NONE',  ( 9.115936689318759100E-011, -3.366713061171388300E-015, 1.000000000000000000 ) ) ;
#1720 = EDGE_CURVE ( 'NONE', #1636, #625, #1700, .T. ) ;
#1721 = AXIS2_PLACEMENT_3D ( 'NONE', #1937, #212, #2174 ) ;
#1722 = ORIENTED_EDGE ( 'NONE', *, *, #2252, .F. ) ;
#1723 = CARTESIAN_POINT ( 'NONE',  ( 1940.138450115940500, -28.10524538120385400, 1844.999999992284800 ) ) ;
#1724 = DIRECTION ( 'NONE',  ( -9.115936689318759100E-011, 3.491483360863812800E-015, -1.000000000000000000 ) ) ;
#1725 = CARTESIAN_POINT ( 'NONE',  ( 1859.861549775620200, 28.10524538119939900, 1844.999999999602600 ) ) ;
#1726 = CARTESIAN_POINT ( 'NONE',  ( 1909.999999944686400, -2.327450239208500600E-012, 1832.999999995032100 ) ) ;
#1727 = DIRECTION ( 'NONE',  ( -1.000000000000000000, 0.0000000000000000000, 9.115893653292149300E-011 ) ) ;
#1728 = CIRCLE ( 'NONE', #1863, 103.9999999999998700 ) ;
#1729 = SHAPE_DEFINITION_REPRESENTATION ( #2743, #3427 ) ;
#1730 = CIRCLE ( 'NONE', #2494, 11.50000000000006600 ) ;
#1731 = CYLINDRICAL_SURFACE ( 'NONE', #2480, 100.0000000000000900 ) ;
#1732 = LINE ( 'NONE', #1401, #1657 ) ;
#1733 = CARTESIAN_POINT ( 'NONE',  ( 1863.977104944039000, -18.22479452994676300, 1844.999999999227400 ) ) ;
#1734 = CARTESIAN_POINT ( 'NONE',  ( 1940.138450115667900, 28.10524538119851100, 1841.999999992284800 ) ) ;
#1735 = DIRECTION ( 'NONE',  ( -1.000000000000000000, 0.0000000000000000000, 9.116890249275025600E-011 ) ) ;
#1736 = CYLINDRICAL_SURFACE ( 'NONE', #1086, 11.50000000000006600 ) ;
#1737 = FACE_BOUND ( 'NONE', #910, .T. ) ;
#1738 = DIRECTION ( 'NONE',  ( -1.000000000000000000, 0.0000000000000000000, 9.116890249275025600E-011 ) ) ;
#1739 = VERTEX_POINT ( 'NONE', #2236 ) ;
#1740 = DIRECTION ( 'NONE',  ( -9.115936689318759100E-011, 3.491483360863812800E-015, -1.000000000000000000 ) ) ;
#1741 = CYLINDRICAL_SURFACE ( 'NONE', #2625, 10.00000000000000900 ) ;
#1742 = VECTOR ( 'NONE', #2173, 1000.000000000000000 ) ;
#1743 = CIRCLE ( 'NONE', #1138, 5.099999999999882400 ) ;
#1744 = ADVANCED_FACE ( 'NONE', ( #2325 ), #3461, .T. ) ;
#1745 = CYLINDRICAL_SURFACE ( 'NONE', #849, 49.50000000000009900 ) ;
#1746 = DIRECTION ( 'NONE',  ( 1.000000000000000000, 0.0000000000000000000, -9.114931032172527400E-011 ) ) ;
#1747 = CARTESIAN_POINT ( 'NONE',  ( 1835.617967641930600, -40.00000000000092400, 1833.000000001813100 ) ) ;
#1748 = DIRECTION ( 'NONE',  ( 9.115936689318759100E-011, -3.366713061171388300E-015, 1.000000000000000000 ) ) ;
#1749 = EDGE_CURVE ( 'NONE', #1150, #364, #847, .T. ) ;
#1750 = ORIENTED_EDGE ( 'NONE', *, *, #1236, .F. ) ;
#1751 = EDGE_LOOP ( 'NONE', ( #2158, #3050 ) ) ;
#1752 = ORIENTED_EDGE ( 'NONE', *, *, #2500, .T. ) ;
#1753 = AXIS2_PLACEMENT_3D ( 'NONE', #2462, #2715, #605 ) ;
#1754 = DIRECTION ( 'NONE',  ( -1.000000000000000000, 0.0000000000000000000, 9.115998554311608500E-011 ) ) ;
#1755 = ORIENTED_EDGE ( 'NONE', *, *, #2795, .F. ) ;
#1756 = LINE ( 'NONE', #829, #2310 ) ;
#1757 = CARTESIAN_POINT ( 'NONE',  ( 1949.999999944685700, -69.28203230275764200, 1832.999999991385700 ) ) ;
#1758 = CARTESIAN_POINT ( 'NONE',  ( 2009.999999947512400, -2.220446049250313100E-012, 1863.999999985916200 ) ) ;
#1759 = EDGE_CURVE ( 'NONE', #3402, #3028, #2879, .T. ) ;
#1760 = PRODUCT_RELATED_PRODUCT_CATEGORY ( 'part', '', ( #1132 ) ) ;
#1761 = DIRECTION ( 'NONE',  ( 1.000000000000000000, 0.0000000000000000000, -9.114931032172527400E-011 ) ) ;
#1762 = DIRECTION ( 'NONE',  ( -1.000000000000000000, 2.842170943040395400E-014, 9.115940325831266900E-011 ) ) ;
#1763 = FILL_AREA_STYLE ('',( #1224 ) ) ;
#1764 = DIRECTION ( 'NONE',  ( -1.000000000000000000, 0.0000000000000000000, 9.115940325831266900E-011 ) ) ;
#1765 = CARTESIAN_POINT ( 'NONE',  ( 1860.894117593841900, -9.413411620615155700, 1855.999999999508600 ) ) ;
#1766 = LINE ( 'NONE', #3290, #931 ) ;
#1767 = CARTESIAN_POINT ( 'NONE',  ( 1909.999999946145000, -2.220446049250313100E-012, 1848.999999995032100 ) ) ;
#1768 = CIRCLE ( 'NONE', #1616, 11.50000000000006600 ) ;
#1769 = AXIS2_PLACEMENT_3D ( 'NONE', #974, #971, #968 ) ;
#1770 = VECTOR ( 'NONE', #3438, 1000.000000000000000 ) ;
#1771 = DIRECTION ( 'NONE',  ( -1.000000000000000000, 0.0000000000000000000, 9.116041255197131900E-011 ) ) ;
#1772 = EDGE_CURVE ( 'NONE', #3412, #3222, #1622, .T. ) ;
#1774 = DIRECTION ( 'NONE',  ( -1.000000000000000000, 0.0000000000000000000, 9.115936689318757800E-011 ) ) ;
#1773 = AXIS2_PLACEMENT_3D ( 'NONE', #3242, #1824, #55 ) ;
#1775 = FACE_OUTER_BOUND ( 'NONE', #1299, .T. ) ;
#1776 = CARTESIAN_POINT ( 'NONE',  ( 1894.740060713260200, -88.92051319053680900, 1864.484320174097800 ) ) ;
#1777 = CYLINDRICAL_SURFACE ( 'NONE', #1185, 50.00000000000004300 ) ;
#1778 = DIRECTION ( 'NONE',  ( 1.000000000000000000, 1.776356839400250500E-015, -9.115819210592227600E-011 ) ) ;
#1779 = CARTESIAN_POINT ( 'NONE',  ( 1832.499554126144200, -56.61492586950007700, 1855.954037793966300 ) ) ;
#1780 = DIRECTION ( 'NONE',  ( 9.115936689318759100E-011, -3.366713061171388300E-015, 1.000000000000000000 ) ) ;
#1781 = DIRECTION ( 'NONE',  ( -9.115936689318759100E-011, 3.491483360863812800E-015, -1.000000000000000000 ) ) ;
#1782 = VERTEX_POINT ( 'NONE', #2021 ) ;
#1783 = CARTESIAN_POINT ( 'NONE',  ( 1909.999999944686400, -2.327450239208500600E-012, 1832.999999995032100 ) ) ;
#1784 = ORIENTED_EDGE ( 'NONE', *, *, #2402, .T. ) ;
#1785 = CARTESIAN_POINT ( 'NONE',  ( 1892.283643878034600, -93.89143875904147800, 1856.586630928286000 ) ) ;
#1786 = DIRECTION ( 'NONE',  ( 9.115936689318759100E-011, -3.491483360863812800E-015, 1.000000000000000000 ) ) ;
#1787 = ORIENTED_EDGE ( 'NONE', *, *, #2939, .T. ) ;
#1788 = AXIS2_PLACEMENT_3D ( 'NONE', #1562, #1175, #3452 ) ;
#1789 = CARTESIAN_POINT ( 'NONE',  ( 1834.643409414362200, -58.42797039416009100, 1856.873337383993200 ) ) ;
#1790 = ORIENTED_EDGE ( 'NONE', *, *, #20, .T. ) ;
#1791 = AXIS2_PLACEMENT_3D ( 'NONE', #2155, #511, #2383 ) ;
#1792 = CARTESIAN_POINT ( 'NONE',  ( 1877.499999945507200, -1.776356839400250500E-012, 1841.999999997994800 ) ) ;
#1793 = ADVANCED_FACE ( 'NONE', ( #2180 ), #3387, .F. ) ;
#1794 = CARTESIAN_POINT ( 'NONE',  ( 1949.999999946144300, -69.28203230275769900, 1848.999999991385700 ) ) ;
#1795 = CARTESIAN_POINT ( 'NONE',  ( 1869.861549775619600, -28.10524538120292000, 1844.999999998691000 ) ) ;
#1796 = CARTESIAN_POINT ( 'NONE',  ( 1838.190619615788600, -64.13930936920583300, 1855.495936508549200 ) ) ;
#1797 = CARTESIAN_POINT ( 'NONE',  ( 1909.999999946145000, -2.220446049250313100E-012, 1848.999999995032100 ) ) ;
#1798 = CARTESIAN_POINT ( 'NONE',  ( 1875.099999944687200, 69.28203230275364900, 1832.999999998214000 ) ) ;
#1799 = EDGE_LOOP ( 'NONE', ( #3232, #2483, #585, #1160 ) ) ;
#1800 = EDGE_CURVE ( 'NONE', #1519, #3446, #1546, .T. ) ;
#1801 = LINE ( 'NONE', #1708, #2350 ) ;
#1802 = CARTESIAN_POINT ( 'NONE',  ( 1909.999999944685700, -80.00000000000228800, 1832.999999995032100 ) ) ;
#1803 = FACE_OUTER_BOUND ( 'NONE', #3165, .T. ) ;
#1804 = CYLINDRICAL_SURFACE ( 'NONE', #2153, 10.00000000000000900 ) ;
#1805 = CARTESIAN_POINT ( 'NONE',  ( 1943.267265881027900, -37.32678685835959000, 1840.999999991999400 ) ) ;
#1806 = CIRCLE ( 'NONE', #466, 86.50000000000002800 ) ;
#1807 = VECTOR ( 'NONE', #823, 1000.000000000000000 ) ;
#1808 = AXIS2_PLACEMENT_3D ( 'NONE', #1440, #2642, #2169 ) ;
#1809 = DIRECTION ( 'NONE',  ( -9.115936689318759100E-011, 3.366713061155889200E-015, -1.000000000000000000 ) ) ;
#1810 = ORIENTED_EDGE ( 'NONE', *, *, #2971, .F. ) ;
#1811 = LINE ( 'NONE', #1965, #2589 ) ;
#1812 = DIRECTION ( 'NONE',  ( -9.115936689318759100E-011, 3.491483360863812800E-015, -1.000000000000000000 ) ) ;
#1813 = ORIENTED_EDGE ( 'NONE', *, *, #2604, .T. ) ;
#1814 = LINE ( 'NONE', #2813, #2514 ) ;
#1815 = EDGE_CURVE ( 'NONE', #2085, #1003, #938, .T. ) ;
#1817 = PLANE ( 'NONE',  #421 ) ;
#1816 = AXIS2_PLACEMENT_3D ( 'NONE', #101, #2100, #445 ) ;
#1818 = DIRECTION ( 'NONE',  ( -9.115936689318759100E-011, 3.366713061155889200E-015, -1.000000000000000000 ) ) ;
#1819 = DIRECTION ( 'NONE',  ( 9.115936689318759100E-011, -3.366713061171388300E-015, 1.000000000000000000 ) ) ;
#1820 = DIRECTION ( 'NONE',  ( -9.115936689318759100E-011, 3.491483360863812800E-015, -1.000000000000000000 ) ) ;
#1821 = ORIENTED_EDGE ( 'NONE', *, *, #1969, .T. ) ;
#1822 = CARTESIAN_POINT ( 'NONE',  ( 1950.138450115667900, 28.10524538119851800, 1841.999999991373200 ) ) ;
#1823 = CARTESIAN_POINT ( 'NONE',  ( 1871.877916596849700, -86.95464030223932600, 1857.481256450253800 ) ) ;
#1824 = DIRECTION ( 'NONE',  ( -9.115936689318759100E-011, 3.491483360863812800E-015, -1.000000000000000000 ) ) ;
#1825 = ORIENTED_EDGE ( 'NONE', *, *, #2612, .T. ) ;
#1826 = CARTESIAN_POINT ( 'NONE',  ( 1915.099999944687200, 79.99999999999785400, 1832.999999994567600 ) ) ;
#1827 = DIRECTION ( 'NONE',  ( -9.116033737474870200E-011, 3.459245265383991500E-015, -1.000000000000000000 ) ) ;
#1828 = DIRECTION ( 'NONE',  ( 9.115936689318759100E-011, -3.491483360863812800E-015, 1.000000000000000000 ) ) ;
#1829 = ORIENTED_EDGE ( 'NONE', *, *, #2647, .F. ) ;
#1830 = ADVANCED_FACE ( 'NONE', ( #2107 ), #3302, .F. ) ;
#1831 = DIRECTION ( 'NONE',  ( -1.000000000000000000, 0.0000000000000000000, 9.115936689318759100E-011 ) ) ;
#1832 = CARTESIAN_POINT ( 'NONE',  ( 1861.479411711489100, -9.798087430773108500, 1855.999999999455400 ) ) ;
#1833 = ORIENTED_EDGE ( 'NONE', *, *, #1018, .F. ) ;
#1834 = DIRECTION ( 'NONE',  ( -1.000000000000000000, 0.0000000000000000000, 9.115936689318757800E-011 ) ) ;
#1835 = EDGE_CURVE ( 'NONE', #1565, #1635, #648, .T. ) ;
#1836 = DIRECTION ( 'NONE',  ( 9.115936689318759100E-011, -3.366713061171388300E-015, 1.000000000000000000 ) ) ;
#1837 = CARTESIAN_POINT ( 'NONE',  ( 1873.115952538749100, -82.09459602964518900, 1864.811541898257700 ) ) ;
#1838 = CARTESIAN_POINT ( 'NONE',  ( 1912.999999947923200, 87.46032600002959600, 1868.499999994777500 ) ) ;
#1839 = DIRECTION ( 'NONE',  ( -9.115936689318759100E-011, 3.366713061171388300E-015, -1.000000000000000000 ) ) ;
#1840 = EDGE_CURVE ( 'NONE', #1867, #1060, #742, .T. ) ;
#1841 = AXIS2_PLACEMENT_3D ( 'NONE', #2608, #1110, #2846 ) ;
#1842 = CARTESIAN_POINT ( 'NONE',  ( 1979.282032247442200, 39.99999999999648300, 1832.999999988716800 ) ) ;
#1843 = CARTESIAN_POINT ( 'NONE',  ( 1909.999999945780500, -2.220446049250313100E-012, 1844.999999995032100 ) ) ;
#1844 = DIRECTION ( 'NONE',  ( -9.115936689318759100E-011, 3.366713061171388300E-015, -1.000000000000000000 ) ) ;
#1845 = DIRECTION ( 'NONE',  ( -9.115936689318759100E-011, 3.366713061171388300E-015, -1.000000000000000000 ) ) ;
#1846 = ADVANCED_FACE ( 'NONE', ( #1459 ), #2279, .T. ) ;
#1847 = CIRCLE ( 'NONE', #1097, 11.50000000000006600 ) ;
#1848 = DIRECTION ( 'NONE',  ( 1.000000000000000000, 0.0000000000000000000, -9.114931032172527400E-011 ) ) ;
#1849 = LINE ( 'NONE', #588, #3110 ) ;
#1850 = EDGE_CURVE ( 'NONE', #700, #1157, #556, .T. ) ;
#1851 = FACE_OUTER_BOUND ( 'NONE', #1429, .T. ) ;
#1852 = AXIS2_PLACEMENT_3D ( 'NONE', #1087, #1038, #1044 ) ;
#1853 = VECTOR ( 'NONE', #894, 1000.000000000000000 ) ;
#1854 = CARTESIAN_POINT ( 'NONE',  ( 1956.022894947521800, 18.22479452994253200, 1844.999999990836800 ) ) ;
#1855 = CARTESIAN_POINT ( 'NONE',  ( 1979.282032248900800, 39.99999999999642600, 1848.999999988716800 ) ) ;
#1856 = DIRECTION ( 'NONE',  ( -9.115936689318759100E-011, 3.491483360863812800E-015, -1.000000000000000000 ) ) ;
#1857 = AXIS2_PLACEMENT_3D ( 'NONE', #1617, #3287, #1860 ) ;
#1858 = FACE_OUTER_BOUND ( 'NONE', #918, .T. ) ;
#1859 = PLANE ( 'NONE',  #3266 ) ;
#1860 = DIRECTION ( 'NONE',  ( 1.000000000000000000, 0.0000000000000000000, -9.114931032172527400E-011 ) ) ;
#1861 = ORIENTED_EDGE ( 'NONE', *, *, #1800, .F. ) ;
#1862 = DIRECTION ( 'NONE',  ( 9.115936689318759100E-011, -3.491483360863812800E-015, 1.000000000000000000 ) ) ;
#1863 = AXIS2_PLACEMENT_3D ( 'NONE', #989, #1133, #1158 ) ;
#1864 = ORIENTED_EDGE ( 'NONE', *, *, #353, .F. ) ;
#1865 = DIRECTION ( 'NONE',  ( 1.000000000000000000, 0.0000000000000000000, -9.115819210592227600E-011 ) ) ;
#1866 = CARTESIAN_POINT ( 'NONE',  ( 1950.138450115667000, -28.10524538120384700, 1841.999999991373200 ) ) ;
#1867 = VERTEX_POINT ( 'NONE', #980 ) ;
#1868 = CIRCLE ( 'NONE', #1906, 5.100000000000104400 ) ;
#1869 = DIRECTION ( 'NONE',  ( 1.000000000000000000, 0.0000000000000000000, -9.114931032172527400E-011 ) ) ;
#1870 = ORIENTED_EDGE ( 'NONE', *, *, #2491, .F. ) ;
#1871 = CARTESIAN_POINT ( 'NONE',  ( 1959.105882298356600, 9.413411620610958200, 1840.999999990555800 ) ) ;
#1872 = AXIS2_PLACEMENT_3D ( 'NONE', #241, #237, #229 ) ;
#1873 = CARTESIAN_POINT ( 'NONE',  ( 1867.499999945507200, -1.776356839400250500E-012, 1841.999999998906300 ) ) ;
#1874 = CARTESIAN_POINT ( 'NONE',  ( 1950.138450115940500, -28.10524538120385800, 1844.999999991373200 ) ) ;
#1875 = DIRECTION ( 'NONE',  ( 1.000000000000000000, 0.0000000000000000000, -9.115819210592227600E-011 ) ) ;
#1876 = EDGE_CURVE ( 'NONE', #262, #3412, #1369, .T. ) ;
#1877 = AXIS2_PLACEMENT_3D ( 'NONE', #1159, #2883, #1454 ) ;
#1878 = DIRECTION ( 'NONE',  ( -9.115936689318759100E-011, 3.366713061171388300E-015, -1.000000000000000000 ) ) ;
#1879 = CIRCLE ( 'NONE', #1877, 5.099999999999882400 ) ;
#1880 = CARTESIAN_POINT ( 'NONE',  ( 1909.999999946145000, -2.220446049250313100E-012, 1848.999999995032100 ) ) ;
#1881 = DIRECTION ( 'NONE',  ( -9.115936689318759100E-011, 3.366713061171388300E-015, -1.000000000000000000 ) ) ;
#1882 = CIRCLE ( 'NONE', #1145, 11.50000000000006600 ) ;
#1883 = LINE ( 'NONE', #774, #988 ) ;
#1884 = CYLINDRICAL_SURFACE ( 'NONE', #3146, 5.099999999999882400 ) ;
#1885 = DIRECTION ( 'NONE',  ( 0.2423871283161465100, 0.7928125735064339700, -0.5591929034928441200 ) ) ;
#1886 = LINE ( 'NONE', #1416, #1807 ) ;
#1887 = VERTEX_POINT ( 'NONE', #2987 ) ;
#1888 = LINE ( 'NONE', #1970, #3158 ) ;
#1889 = AXIS2_PLACEMENT_3D ( 'NONE', #2644, #2611, #2617 ) ;
#1890 = CARTESIAN_POINT ( 'NONE',  ( 1875.099999944687200, 69.28203230275362000, 1832.999999998214000 ) ) ;
#1891 = CARTESIAN_POINT ( 'NONE',  ( 1809.312645345363500, 26.03952042166032800, 1833.000000004211000 ) ) ;
#1892 = CARTESIAN_POINT ( 'NONE',  ( 1829.936531957739400, -55.21453766291002600, 1855.235441710376100 ) ) ;
#1893 = AXIS2_PLACEMENT_3D ( 'NONE', #2945, #1530, #3194 ) ;
#1894 = ADVANCED_FACE ( 'NONE', ( #1959, #3213, #2583, #1271, #462, #2665, #3148 ), #2054, .T. ) ;
#1895 = CARTESIAN_POINT ( 'NONE',  ( 1942.499999945780500, -2.668360681896055500E-012, 1844.999999992069400 ) ) ;
#1896 = ORIENTED_EDGE ( 'NONE', *, *, #3423, .T. ) ;
#1897 = ORIENTED_EDGE ( 'NONE', *, *, #1850, .T. ) ;
#1898 = CARTESIAN_POINT ( 'NONE',  ( 1907.063921645481500, 87.94619023901782400, 1867.783451409220800 ) ) ;
#1899 = ORIENTED_EDGE ( 'NONE', *, *, #2311, .F. ) ;
#1900 = PLANE ( 'NONE',  #172 ) ;
#1901 = DIRECTION ( 'NONE',  ( 1.000000000000000000, 0.0000000000000000000, -9.114931032172527400E-011 ) ) ;
#1902 = DIRECTION ( 'NONE',  ( 1.000000000000000000, 0.0000000000000000000, -9.116041255197131900E-011 ) ) ;
#1903 = DIRECTION ( 'NONE',  ( -9.115936689318759100E-011, 3.491483360863812800E-015, -1.000000000000000000 ) ) ;
#1904 = EDGE_CURVE ( 'NONE', #391, #1073, #1882, .T. ) ;
#1905 = DIRECTION ( 'NONE',  ( -1.000000000000000000, 0.0000000000000000000, 9.116890249274627600E-011 ) ) ;
#1906 = AXIS2_PLACEMENT_3D ( 'NONE', #963, #929, #839 ) ;
#1907 = CARTESIAN_POINT ( 'NONE',  ( 1910.211171278895600, 89.53577423520876300, 1865.499313696518600 ) ) ;
#1908 = EDGE_CURVE ( 'NONE', #665, #2967, #1182, .T. ) ;
#1910 = CARTESIAN_POINT ( 'NONE',  ( 1940.138450115667000, -28.10524538120385400, 1841.999999992284800 ) ) ;
#1909 = MECHANICAL_DESIGN_GEOMETRIC_PRESENTATION_REPRESENTATION (  '', ( #1214 ), #2075 ) ;
#1911 = DIRECTION ( 'NONE',  ( 1.000000000000000000, 0.0000000000000000000, -9.114931032172527400E-011 ) ) ;
#1912 = CARTESIAN_POINT ( 'NONE',  ( 1944.899999946145700, 69.28203230275225600, 1848.999999991851200 ) ) ;
#1913 = DIRECTION ( 'NONE',  ( -9.115936689318759100E-011, 3.366713061171388300E-015, -1.000000000000000000 ) ) ;
#1914 = CARTESIAN_POINT ( 'NONE',  ( 1909.999999929764500, -1.776356839400250500E-012, 1669.311146862859700 ) ) ;
#1915 = EDGE_CURVE ( 'NONE', #388, #2558, #370, .T. ) ;
#1916 = VECTOR ( 'NONE', #678, 1000.000000000000000 ) ;
#1917 = CARTESIAN_POINT ( 'NONE',  ( 1855.999999944686400, -1.717001622266562300E-012, 1832.999999999955000 ) ) ;
#1918 = ADVANCED_FACE ( 'NONE', ( #2499 ), #263, .F. ) ;
#1919 = ORIENTED_EDGE ( 'NONE', *, *, #596, .T. ) ;
#1920 = LINE ( 'NONE', #1197, #2468 ) ;
#1921 = CARTESIAN_POINT ( 'NONE',  ( 1950.138450116943200, -28.10524538120384700, 1855.999999991373400 ) ) ;
#1922 = VERTEX_POINT ( 'NONE', #715 ) ;
#1923 = CYLINDRICAL_SURFACE ( 'NONE', #1593, 5.099999999999882400 ) ;
#1924 = CIRCLE ( 'NONE', #3410, 10.00000000000000900 ) ;
#1925 = CARTESIAN_POINT ( 'NONE',  ( 1863.546218712888300, -18.49449132223755800, 1832.999999999266900 ) ) ;
#1926 = CARTESIAN_POINT ( 'NONE',  ( 1950.138450115667000, -28.10524538120384700, 1841.999999991373200 ) ) ;
#1927 = DIRECTION ( 'NONE',  ( 0.2423871283161464800, 0.7928125735064338600, -0.5591929034928441200 ) ) ;
#1928 = LINE ( 'NONE', #1023, #2551 ) ;
#1929 = CARTESIAN_POINT ( 'NONE',  ( 1909.999999929764500, -1.776356839400250500E-012, 1669.311146862859700 ) ) ;
#1930 = DIRECTION ( 'NONE',  ( -9.115936689318759100E-011, 3.491483360863812800E-015, -1.000000000000000000 ) ) ;
#1931 = FACE_OUTER_BOUND ( 'NONE', #1348, .T. ) ;
#1932 = AXIS2_PLACEMENT_3D ( 'NONE', #1315, #599, #549 ) ;
#1933 = DIRECTION ( 'NONE',  ( 9.115936689318759100E-011, -3.366713061171388300E-015, 1.000000000000000000 ) ) ;
#1934 = CARTESIAN_POINT ( 'NONE',  ( 1956.453781176484400, 18.49449132223318100, 1832.999999990797300 ) ) ;
#1935 = ORIENTED_EDGE ( 'NONE', *, *, #2610, .F. ) ;
#1936 = DIRECTION ( 'NONE',  ( -9.115936689318757800E-011, 3.491483360863812400E-015, -1.000000000000000000 ) ) ;
#1937 = CARTESIAN_POINT ( 'NONE',  ( 1950.138450115941400, 28.10524538119850700, 1844.999999991373200 ) ) ;
#1938 = EDGE_CURVE ( 'NONE', #575, #2154, #1092, .T. ) ;
#1939 = AXIS2_PLACEMENT_3D ( 'NONE', #398, #2299, #692 ) ;
#1940 = ORIENTED_EDGE ( 'NONE', *, *, #1479, .T. ) ;
#1941 = CARTESIAN_POINT ( 'NONE',  ( 1829.999999944686400, -1.332267629550187800E-012, 1833.000000002324900 ) ) ;
#1942 = ORIENTED_EDGE ( 'NONE', *, *, #2022, .F. ) ;
#1943 = APPLICATION_CONTEXT ( 'automotive_design' ) ;
#1944 = ORIENTED_EDGE ( 'NONE', *, *, #2444, .F. ) ;
#1945 = DIRECTION ( 'NONE',  ( 9.115936689318759100E-011, -3.366713061171388300E-015, 1.000000000000000000 ) ) ;
#1946 = CARTESIAN_POINT ( 'NONE',  ( 1950.138450115667900, 28.10524538119851800, 1841.999999991373200 ) ) ;
#1947 = ADVANCED_FACE ( 'NONE', ( #1803 ), #1731, .T. ) ;
#1948 = DIRECTION ( 'NONE',  ( -9.115936689318759100E-011, 3.366713061171388300E-015, -1.000000000000000000 ) ) ;
#1949 = CARTESIAN_POINT ( 'NONE',  ( 1979.282032247441100, -40.00000000000270000, 1832.999999988716400 ) ) ;
#1950 = AXIS2_PLACEMENT_3D ( 'NONE', #3225, #3282, #3250 ) ;
#1952 = CARTESIAN_POINT ( 'NONE',  ( 1867.499999945507200, -1.776356839400250500E-012, 1841.999999998906300 ) ) ;
#1951 = AXIS2_PLACEMENT_3D ( 'NONE', #2851, #1115, #2861 ) ;
#1953 = DIRECTION ( 'NONE',  ( -9.115936689318759100E-011, 3.491483360863812800E-015, -1.000000000000000000 ) ) ;
#1954 = CARTESIAN_POINT ( 'NONE',  ( 1863.546218713618100, 18.49449132223411500, 1840.999999999266900 ) ) ;
#1955 = LINE ( 'NONE', #2138, #1267 ) ;
#1956 = ADVANCED_FACE ( 'NONE', ( #2427 ), #2086, .F. ) ;
#1957 = DIRECTION ( 'NONE',  ( 9.115936689318759100E-011, -3.366713061171388300E-015, 1.000000000000000000 ) ) ;
#1958 = ORIENTED_EDGE ( 'NONE', *, *, #2637, .F. ) ;
#1959 = FACE_BOUND ( 'NONE', #1418, .T. ) ;
#1960 = DIRECTION ( 'NONE',  ( -1.000000000000000000, 0.0000000000000000000, 9.116890249275025600E-011 ) ) ;
#1961 = FACE_OUTER_BOUND ( 'NONE', #1037, .T. ) ;
#1962 = CYLINDRICAL_SURFACE ( 'NONE', #2671, 10.00000000000000900 ) ;
#1963 = DIRECTION ( 'NONE',  ( 9.115878865202892700E-011, 0.0000000000000000000, 1.000000000000000000 ) ) ;
#1964 = ORIENTED_EDGE ( 'NONE', *, *, #2630, .F. ) ;
#1965 = CARTESIAN_POINT ( 'NONE',  ( 1906.999999947923700, 99.99999999999786800, 1868.499999995306100 ) ) ;
#1966 = CIRCLE ( 'NONE', #1506, 5.099999999999882400 ) ;
#1967 = DIRECTION ( 'NONE',  ( 9.115936689318759100E-011, -3.366713061171388300E-015, 1.000000000000000000 ) ) ;
#1968 = DIRECTION ( 'NONE',  ( 1.000000000000000000, 7.105427357600994000E-015, -9.115819210592227600E-011 ) ) ;
#1969 = EDGE_CURVE ( 'NONE', #295, #2643, #2351, .T. ) ;
#1970 = CARTESIAN_POINT ( 'NONE',  ( 1940.138450115667000, -28.10524538120384700, 1841.999999992284800 ) ) ;
#1971 = CARTESIAN_POINT ( 'NONE',  ( 1835.617967641930600, -40.00000000000092400, 1833.000000001813100 ) ) ;
#1972 = ORIENTED_EDGE ( 'NONE', *, *, #547, .F. ) ;
#1973 = EDGE_CURVE ( 'NONE', #2406, #898, #987, .T. ) ;
#1974 = AXIS2_PLACEMENT_3D ( 'NONE', #2658, #1166, #2891 ) ;
#1975 = ORIENTED_EDGE ( 'NONE', *, *, #110, .F. ) ;
#1976 = PLANE ( 'NONE',  #399 ) ;
#1977 = CARTESIAN_POINT ( 'NONE',  ( 1869.861549775346000, -28.10524538120295900, 1841.999999998691200 ) ) ;
#1978 = ORIENTED_EDGE ( 'NONE', *, *, #2712, .T. ) ;
#1979 = DIRECTION ( 'NONE',  ( -1.000000000000000000, 0.0000000000000000000, 9.115936689318759100E-011 ) ) ;
#1980 = CARTESIAN_POINT ( 'NONE',  ( 1891.152756942071600, -94.42044027114404500, 1855.495936503720700 ) ) ;
#1981 = EDGE_CURVE ( 'NONE', #2970, #3004, #2985, .T. ) ;
#1982 = AXIS2_PLACEMENT_3D ( 'NONE', #1359, #3057, #1628 ) ;
#1983 = ORIENTED_EDGE ( 'NONE', *, *, #1691, .T. ) ;
#1984 = DIRECTION ( 'NONE',  ( 9.115936689318759100E-011, -3.366713061155889200E-015, 1.000000000000000000 ) ) ;
#1985 = DIRECTION ( 'NONE',  ( -9.115936689318757800E-011, 3.491483360863812400E-015, -1.000000000000000000 ) ) ;
#1986 = PLANE ( 'NONE',  #283 ) ;
#1987 = DIRECTION ( 'NONE',  ( -9.115936689318759100E-011, 3.491483360863812800E-015, -1.000000000000000000 ) ) ;
#1988 = EDGE_CURVE ( 'NONE', #1782, #535, #2917, .T. ) ;
#1989 = AXIS2_PLACEMENT_3D ( 'NONE', #2063, #2079, #2052 ) ;
#1990 = VECTOR ( 'NONE', #2487, 1000.000000000000000 ) ;
#1991 = EDGE_CURVE ( 'NONE', #755, #2303, #3070, .T. ) ;
#1992 = VECTOR ( 'NONE', #540, 1000.000000000000000 ) ;
#1994 = CARTESIAN_POINT ( 'NONE',  ( 1944.899999944687400, 69.28203230275231300, 1832.999999991851200 ) ) ;
#1993 = AXIS2_PLACEMENT_3D ( 'NONE', #2574, #2563, #2821 ) ;
#1995 = ADVANCED_FACE ( 'NONE', ( #2220 ), #791, .T. ) ;
#1996 = DIRECTION ( 'NONE',  ( -1.000000000000000000, 0.0000000000000000000, 9.116890249275025600E-011 ) ) ;
#1997 = COLOUR_RGB ( '',0.2901960784313725200, 0.3294117647058823500, 0.3490196078431372400 ) ;
#1998 = VECTOR ( 'NONE', #2666, 1000.000000000000000 ) ;
#1999 = DIRECTION ( 'NONE',  ( 1.000000000000000000, 0.0000000000000000000, -9.114931032172527400E-011 ) ) ;
#2000 = DIRECTION ( 'NONE',  ( -1.000000000000000000, 0.0000000000000000000, 9.116890249275025600E-011 ) ) ;
#2001 = CYLINDRICAL_SURFACE ( 'NONE', #1932, 11.50000000000006600 ) ;
#2002 = B_SPLINE_CURVE_WITH_KNOTS ( 'NONE', 3,
 ( #3010, #88, #2559, #1046, #2807, #1353 ),
 .UNSPECIFIED., .F., .F.,
 ( 4, 2, 4 ),
 ( 2.482534153247273100E-016, 0.002674977365517165400, 0.005349954731034082700 ),
 .UNSPECIFIED. ) ;
#2003 = LINE ( 'NONE', #2873, #1152 ) ;
#2004 = SURFACE_STYLE_USAGE ( .BOTH. , #3449 ) ;
#2005 = LINE ( 'NONE', #2183, #1742 ) ;
#2006 = DIRECTION ( 'NONE',  ( -1.000000000000000000, 0.0000000000000000000, 9.115936689318757800E-011 ) ) ;
#2007 = DIRECTION ( 'NONE',  ( -9.115936689318759100E-011, 3.491483360863812800E-015, -1.000000000000000000 ) ) ;
#2008 = EDGE_CURVE ( 'NONE', #898, #2335, #1582, .T. ) ;
#2009 = CARTESIAN_POINT ( 'NONE',  ( 1869.999999946144300, -69.28203230275681800, 1848.999999998678500 ) ) ;
#2010 = AXIS2_PLACEMENT_3D ( 'NONE', #1447, #1566, #1599 ) ;
#2011 = CARTESIAN_POINT ( 'NONE',  ( 1890.327428219581600, -83.21823671200951400, 1869.999999996825400 ) ) ;
#2012 = VERTEX_POINT ( 'NONE', #2576 ) ;
#2013 = EDGE_CURVE ( 'NONE', #531, #262, #3426, .T. ) ;
#2014 = AXIS2_PLACEMENT_3D ( 'NONE', #3027, #1609, #3277 ) ;
#2015 = CARTESIAN_POINT ( 'NONE',  ( 1869.861549775346000, -28.10524538120295900, 1841.999999998691200 ) ) ;
#2016 = VERTEX_POINT ( 'NONE', #751 ) ;
#2017 = DIRECTION ( 'NONE',  ( 9.115936689318759100E-011, -3.366713061171388300E-015, 1.000000000000000000 ) ) ;
#2018 = CARTESIAN_POINT ( 'NONE',  ( 1867.499999945507200, -1.776356839400250500E-012, 1841.999999998906300 ) ) ;
#2019 = CARTESIAN_POINT ( 'NONE',  ( 1894.863967298096200, -89.63177903349681200, 1863.475563077596700 ) ) ;
#2020 = CARTESIAN_POINT ( 'NONE',  ( 1823.499999948059400, -2.253894791243893100E-012, 1870.000000002917700 ) ) ;
#2021 = CARTESIAN_POINT ( 'NONE',  ( 1879.861549775346500, 28.10524538119940600, 1841.999999997779700 ) ) ;
#2022 = EDGE_CURVE ( 'NONE', #2845, #795, #727, .T. ) ;
#2023 = DIRECTION ( 'NONE',  ( 1.032179507351431300E-014, 1.000000000000000000, -9.409342725895302800E-025 ) ) ;
#2024 = DIRECTION ( 'NONE',  ( -9.115936689318759100E-011, 3.366713061155889200E-015, -1.000000000000000000 ) ) ;
#2025 = CARTESIAN_POINT ( 'NONE',  ( 1891.152756942071600, -94.42044027114404500, 1855.495936503720700 ) ) ;
#2026 = CARTESIAN_POINT ( 'NONE',  ( 1909.999999946145000, -2.220446049250313100E-012, 1848.999999995032100 ) ) ;
#2027 = CARTESIAN_POINT ( 'NONE',  ( 1835.407248648926500, -59.24896558076841300, 1857.013988626899800 ) ) ;
#2028 = LINE ( 'NONE', #505, #2493 ) ;
#2029 = AXIS2_PLACEMENT_3D ( 'NONE', #313, #299, #292 ) ;
#2030 = CARTESIAN_POINT ( 'NONE',  ( 1864.899999944685500, -69.28203230275676100, 1832.999999999143500 ) ) ;
#2031 = VECTOR ( 'NONE', #2043, 1000.000000000000000 ) ;
#2032 = CONICAL_SURFACE ( 'NONE', #3343, 96.28311435487124500, 0.5934119456780665400 ) ;
#2033 = CARTESIAN_POINT ( 'NONE',  ( 1829.999999944686400, -1.332267629550187800E-012, 1833.000000002324900 ) ) ;
#2034 = EDGE_CURVE ( 'NONE', #271, #1430, #892, .T. ) ;
#2036 = CARTESIAN_POINT ( 'NONE',  ( 1845.817967641931800, 39.99999999999870700, 1833.000000000883600 ) ) ;
#2035 = AXIS2_PLACEMENT_3D ( 'NONE', #231, #2185, #545 ) ;
#2037 = CIRCLE ( 'NONE', #2029, 5.099999999999882400 ) ;
#2038 = DIRECTION ( 'NONE',  ( -9.115936689318759100E-011, 3.491483360863812800E-015, -1.000000000000000000 ) ) ;
#2039 = ADVANCED_FACE ( 'NONE', ( #2847 ), #3393, .F. ) ;
#2040 = CYLINDRICAL_SURFACE ( 'NONE', #689, 5.099999999999882400 ) ;
#2041 = CARTESIAN_POINT ( 'NONE',  ( 1876.732734009074000, 37.32678685835507100, 1832.999999998065300 ) ) ;
#2042 = PLANE ( 'NONE',  #2147 ) ;
#2043 = DIRECTION ( 'NONE',  ( -9.115936689318759100E-011, 3.491483360863812800E-015, -1.000000000000000000 ) ) ;
#2044 = DIRECTION ( 'NONE',  ( -1.000000000000000000, 0.0000000000000000000, 9.116890249275025600E-011 ) ) ;
#2045 = CARTESIAN_POINT ( 'NONE',  ( 1904.899999946144400, -80.00000000000234500, 1848.999999995497100 ) ) ;
#2046 = CARTESIAN_POINT ( 'NONE',  ( 1906.999999947923500, 87.46032595982467200, 1868.500000054895700 ) ) ;
#2047 = DIRECTION ( 'NONE',  ( -1.000000000000000000, 0.0000000000000000000, 9.115936689318759100E-011 ) ) ;
#2048 = ORIENTED_EDGE ( 'NONE', *, *, #2790, .F. ) ;
#2049 = DIRECTION ( 'NONE',  ( -9.115936689318759100E-011, 3.491483360863812800E-015, -1.000000000000000000 ) ) ;
#2050 = CARTESIAN_POINT ( 'NONE',  ( 1882.581469807119000, -89.68197110434684300, 1862.843166480687200 ) ) ;
#2051 = ORIENTED_EDGE ( 'NONE', *, *, #279, .T. ) ;
#2052 = DIRECTION ( 'NONE',  ( 1.000000000000000000, 0.0000000000000000000, -9.115819210592227600E-011 ) ) ;
#2053 = AXIS2_PLACEMENT_3D ( 'NONE', #3447, #297, #2000 ) ;
#2054 = PLANE ( 'NONE',  #1347 ) ;
#2055 = DIRECTION ( 'NONE',  ( 9.115936689318759100E-011, -3.491483360863812800E-015, 1.000000000000000000 ) ) ;
#2056 = CARTESIAN_POINT ( 'NONE',  ( 1869.861549775619600, -28.10524538120292000, 1844.999999998691000 ) ) ;
#2057 = CARTESIAN_POINT ( 'NONE',  ( 1871.668009482757700, -86.16859010168360600, 1858.421478162144900 ) ) ;
#2058 = SURFACE_SIDE_STYLE ('',( #3298 ) ) ;
#2059 = CIRCLE ( 'NONE', #863, 10.00000000000000900 ) ;
#2060 = CARTESIAN_POINT ( 'NONE',  ( 1909.999999948059400, -2.270619162217402100E-012, 1869.999999995032300 ) ) ;
#2061 = EDGE_CURVE ( 'NONE', #2264, #2720, #1551, .T. ) ;
#2062 = LINE ( 'NONE', #2239, #1407 ) ;
#2063 = CARTESIAN_POINT ( 'NONE',  ( 1909.999999929764500, -1.776356839400250500E-012, 1669.311146862859700 ) ) ;
#2064 = PLANE ( 'NONE',  #341 ) ;
#2065 = AXIS2_PLACEMENT_3D ( 'NONE', #1125, #973, #645 ) ;
#2066 = CARTESIAN_POINT ( 'NONE',  ( 1979.282032247441100, -40.00000000000270000, 1832.999999988716400 ) ) ;
#2067 = VECTOR ( 'NONE', #830, 1000.000000000000000 ) ;
#2068 = CARTESIAN_POINT ( 'NONE',  ( 1952.499999945506700, -2.664535259100375700E-012, 1841.999999991157900 ) ) ;
#2069 = EDGE_CURVE ( 'NONE', #1922, #673, #1656, .T. ) ;
#2070 = VERTEX_POINT ( 'NONE', #1655 ) ;
#2071 = CARTESIAN_POINT ( 'NONE',  ( 1874.223900299561600, -81.40434925122409000, 1866.415067246317000 ) ) ;
#2072 = CARTESIAN_POINT ( 'NONE',  ( 1912.999999947968700, 87.12287267045388700, 1869.000001071507300 ) ) ;
#2073 = CYLINDRICAL_SURFACE ( 'NONE', #3424, 103.9999999999998700 ) ;
#2074 = LINE ( 'NONE', #3388, #1998 ) ;
#2075 =( GEOMETRIC_REPRESENTATION_CONTEXT ( 3 ) GLOBAL_UNCERTAINTY_ASSIGNED_CONTEXT ( ( #3454 ) ) GLOBAL_UNIT_ASSIGNED_CONTEXT ( ( #309, #2244, #621 ) ) REPRESENTATION_CONTEXT ( 'NONE', 'WORKASPACE' ) );
#2076 = FACE_OUTER_BOUND ( 'NONE', #886, .T. ) ;
#2077 = DIRECTION ( 'NONE',  ( -1.000000000000000000, 0.0000000000000000000, 9.116890249275025600E-011 ) ) ;
#2078 = EDGE_CURVE ( 'NONE', #1186, #2272, #752, .T. ) ;
#2079 = DIRECTION ( 'NONE',  ( 9.115936689318759100E-011, -3.366713061171388300E-015, 1.000000000000000000 ) ) ;
#2080 = CARTESIAN_POINT ( 'NONE',  ( 1863.977104945042400, 18.22479452994327400, 1855.999999999227800 ) ) ;
#2081 = LINE ( 'NONE', #3233, #3271 ) ;
#2082 = DIRECTION ( 'NONE',  ( 9.115936689318759100E-011, -3.491483360863812800E-015, 1.000000000000000000 ) ) ;
#2083 = DIRECTION ( 'NONE',  ( -1.000000000000000000, 0.0000000000000000000, 9.115998554311590400E-011 ) ) ;
#2084 = DIRECTION ( 'NONE',  ( -0.9212198337209707200, -0.2904594978560649000, -0.2588190450185412500 ) ) ;
#2085 = VERTEX_POINT ( 'NONE', #2599 ) ;
#2086 = PLANE ( 'NONE',  #2654 ) ;
#2087 = ORIENTED_EDGE ( 'NONE', *, *, #2290, .F. ) ;
#2088 = VERTEX_POINT ( 'NONE', #1895 ) ;
#2089 = CARTESIAN_POINT ( 'NONE',  ( 1950.138450115941400, 28.10524538119850700, 1844.999999991373200 ) ) ;
#2090 = EDGE_CURVE ( 'NONE', #2970, #1867, #1468, .T. ) ;
#2092 = DIRECTION ( 'NONE',  ( 1.000000000000000000, 0.0000000000000000000, -9.114931032172527400E-011 ) ) ;
#2091 = AXIS2_PLACEMENT_3D ( 'NONE', #559, #456, #688 ) ;
#2093 = ORIENTED_EDGE ( 'NONE', *, *, #1904, .T. ) ;
#2094 = ADVANCED_FACE ( 'NONE', ( #2188 ), #2433, .F. ) ;
#2095 = DIRECTION ( 'NONE',  ( -1.000000000000000000, 0.0000000000000000000, 9.116890249275025600E-011 ) ) ;
#2096 = DIRECTION ( 'NONE',  ( 0.2423871283161464800, 0.7928125735064338600, -0.5591929034928441200 ) ) ;
#2097 = DIRECTION ( 'NONE',  ( -0.9681476403781060800, 0.2503800040544480500, 0.0000000000000000000 ) ) ;
#2098 = EDGE_CURVE ( 'NONE', #1578, #3359, #3075, .T. ) ;
#2099 = AXIS2_PLACEMENT_3D ( 'NONE', #2782, #1313, #3014 ) ;
#2100 = DIRECTION ( 'NONE',  ( -9.115936689318759100E-011, 3.491483360863812800E-015, -1.000000000000000000 ) ) ;
#2101 = CARTESIAN_POINT ( 'NONE',  ( 1814.153383550688900, 24.78762040138793300, 1870.681575406081700 ) ) ;
#2102 = DIRECTION ( 'NONE',  ( 9.115936689318759100E-011, -3.366713061171388300E-015, 1.000000000000000000 ) ) ;
#2103 = CIRCLE ( 'NONE', #2926, 8.950000000000100500 ) ;
#2104 = DIRECTION ( 'NONE',  ( 9.115936689318759100E-011, -3.366713061171388300E-015, 1.000000000000000000 ) ) ;
#2105 = DIRECTION ( 'NONE',  ( 9.115936689318759100E-011, -3.366713061171388300E-015, 1.000000000000000000 ) ) ;
#2106 = CIRCLE ( 'NONE', #3385, 5.100000000000104400 ) ;
#2107 = FACE_OUTER_BOUND ( 'NONE', #1337, .T. ) ;
#2108 = FACE_OUTER_BOUND ( 'NONE', #859, .T. ) ;
#2109 = DIRECTION ( 'NONE',  ( -9.115936689318759100E-011, 3.491483360863812800E-015, -1.000000000000000000 ) ) ;
#2110 = CIRCLE ( 'NONE', #954, 5.099999999999882400 ) ;
#2111 = SURFACE_STYLE_FILL_AREA ( #174 ) ;
#2112 = CARTESIAN_POINT ( 'NONE',  ( 1956.453781176484200, -18.49449132223851700, 1832.999999990797300 ) ) ;
#2113 = DIRECTION ( 'NONE',  ( 1.000000000000000000, 0.0000000000000000000, -9.114931032172527400E-011 ) ) ;
#2114 = ORIENTED_EDGE ( 'NONE', *, *, #1276, .F. ) ;
#2115 = AXIS2_PLACEMENT_3D ( 'NONE', #529, #2390, #836 ) ;
#2116 = CYLINDRICAL_SURFACE ( 'NONE', #51, 49.50000000000009900 ) ;
#2117 = VERTEX_POINT ( 'NONE', #1917 ) ;
#2118 = DIRECTION ( 'NONE',  ( -9.115936689318759100E-011, 3.491483360863812800E-015, -1.000000000000000000 ) ) ;
#2119 = ORIENTED_EDGE ( 'NONE', *, *, #1445, .T. ) ;
#2120 = ORIENTED_EDGE ( 'NONE', *, *, #1772, .T. ) ;
#2121 = DIRECTION ( 'NONE',  ( 0.2503800040544480500, 0.9681476403781060800, -2.282110238093999900E-011 ) ) ;
#2122 = CARTESIAN_POINT ( 'NONE',  ( 1867.499999945415800, -1.723984588987292900E-012, 1840.999999998906300 ) ) ;
#2123 = ORIENTED_EDGE ( 'NONE', *, *, #2699, .F. ) ;
#2124 = DIRECTION ( 'NONE',  ( 1.000000000000000000, 0.0000000000000000000, -9.116041255197131900E-011 ) ) ;
#2125 = EDGE_CURVE ( 'NONE', #700, #789, #1886, .T. ) ;
#2126 = VERTEX_POINT ( 'NONE', #2638 ) ;
#2127 = CARTESIAN_POINT ( 'NONE',  ( 1805.999999946548500, -2.220446049250312700E-012, 1853.428203234788500 ) ) ;
#2128 = ADVANCED_FACE ( 'NONE', ( #269 ), #2355, .F. ) ;
#2129 = EDGE_CURVE ( 'NONE', #346, #1210, #2991, .T. ) ;
#2130 = CARTESIAN_POINT ( 'NONE',  ( 1831.365399914813200, -55.92193230621061400, 1855.440361734362100 ) ) ;
#2131 = EDGE_CURVE ( 'NONE', #1476, #767, #377, .T. ) ;
#2132 = AXIS2_PLACEMENT_3D ( 'NONE', #119, #2109, #451 ) ;
#2133 = UNCERTAINTY_MEASURE_WITH_UNIT (LENGTH_MEASURE( 1.000000000000000100E-005 ), #3470, 'distance_accuracy_value', 'NONE');
#2134 = CARTESIAN_POINT ( 'NONE',  ( 1907.339633924484600, 88.41541703147355200, 1867.101035782231300 ) ) ;
#2135 = CIRCLE ( 'NONE', #3154, 100.0000000000000900 ) ;
#2136 = PLANE ( 'NONE',  #1310 ) ;
#2137 = DIRECTION ( 'NONE',  ( -9.115936689318757800E-011, 3.491483360863812400E-015, -1.000000000000000000 ) ) ;
#2138 = CARTESIAN_POINT ( 'NONE',  ( 1943.267265865376900, -37.32678685835912100, 1669.311146859827000 ) ) ;
#2139 = LINE ( 'NONE', #3366, #697 ) ;
#2140 = ADVANCED_FACE ( 'NONE', ( #1100, #995, #1189, #1737, #154, #2920, #2294, #1660, #900, #57, #2852, #2223, #1587, #797 ), #1151, .F. ) ;
#2141 = CARTESIAN_POINT ( 'NONE',  ( 1858.361549775619300, -28.10524538120289900, 1844.999999999739200 ) ) ;
#2142 = CIRCLE ( 'NONE', #2921, 5.099999999999882400 ) ;
#2143 = SURFACE_SIDE_STYLE ('',( #2111 ) ) ;
#2144 = LINE ( 'NONE', #550, #702 ) ;
#2145 = ADVANCED_FACE ( 'NONE', ( #3435 ), #3350, .F. ) ;
#2146 = FACE_OUTER_BOUND ( 'NONE', #615, .T. ) ;
#2147 = AXIS2_PLACEMENT_3D ( 'NONE', #2026, #1985, #2006 ) ;
#2148 = CARTESIAN_POINT ( 'NONE',  ( 1910.848316289876300, 89.45436905276785900, 1865.614373013427200 ) ) ;
#2149 = CIRCLE ( 'NONE', #1950, 11.50000000000006600 ) ;
#2150 = FACE_OUTER_BOUND ( 'NONE', #933, .T. ) ;
#2151 = CARTESIAN_POINT ( 'NONE',  ( 1886.725271938139500, -97.25372505015143100, 1854.499999997153700 ) ) ;
#2152 = EDGE_CURVE ( 'NONE', #1049, #2887, #1508, .T. ) ;
#2153 = AXIS2_PLACEMENT_3D ( 'NONE', #1873, #761, #3301 ) ;
#2154 = VERTEX_POINT ( 'NONE', #2405 ) ;
#2155 = CARTESIAN_POINT ( 'NONE',  ( 1909.999999945415500, -2.354383943697871400E-012, 1840.999999995031900 ) ) ;
#2156 = VERTEX_POINT ( 'NONE', #2657 ) ;
#2157 = ORIENTED_EDGE ( 'NONE', *, *, #116, .T. ) ;
#2158 = ORIENTED_EDGE ( 'NONE', *, *, #1404, .T. ) ;
#2159 = CARTESIAN_POINT ( 'NONE',  ( 0.0000000000000000000, 0.0000000000000000000, 0.0000000000000000000 ) ) ;
#2160 = CARTESIAN_POINT ( 'NONE',  ( 1909.999999944686400, -2.327450239208501400E-012, 1832.999999995032300 ) ) ;
#2161 = ORIENTED_EDGE ( 'NONE', *, *, #1908, .F. ) ;
#2162 = CARTESIAN_POINT ( 'NONE',  ( 1909.999999946145000, -2.220446049250313100E-012, 1848.999999995032100 ) ) ;
#2163 = DIRECTION ( 'NONE',  ( 1.000000000000000000, 0.0000000000000000000, -9.114931032172527400E-011 ) ) ;
#2164 = CARTESIAN_POINT ( 'NONE',  ( 1909.999999947511900, -2.643586358909730000E-012, 1863.999999995032100 ) ) ;
#2165 = ADVANCED_FACE ( 'NONE', ( #2707 ), #604, .F. ) ;
#2166 = DIRECTION ( 'NONE',  ( 1.000000000000000000, 0.0000000000000000000, -9.114931032172527400E-011 ) ) ;
#2167 = AXIS2_PLACEMENT_3D ( 'NONE', #1673, #1356, #1644 ) ;
#2168 = FILL_AREA_STYLE ('',( #2837 ) ) ;
#2169 = DIRECTION ( 'NONE',  ( -1.000000000000000000, 0.0000000000000000000, 9.116890249274627600E-011 ) ) ;
#2170 = EDGE_CURVE ( 'NONE', #564, #1251, #2144, .T. ) ;
#2172 = CARTESIAN_POINT ( 'NONE',  ( 1874.912031072557500, -93.64205487008192100, 1854.499999998230800 ) ) ;
#2171 = AXIS2_PLACEMENT_3D ( 'NONE', #1596, #2529, #3256 ) ;
#2173 = DIRECTION ( 'NONE',  ( -9.115936689318759100E-011, 3.491483360863812800E-015, -1.000000000000000000 ) ) ;
#2174 = DIRECTION ( 'NONE',  ( 1.000000000000000000, 0.0000000000000000000, -9.114931032172527400E-011 ) ) ;
#2175 = CARTESIAN_POINT ( 'NONE',  ( 1875.339571886451900, -93.80225574128383000, 1854.189033161020000 ) ) ;
#2176 = CIRCLE ( 'NONE', #2613, 11.50000000000006600 ) ;
#2177 = CARTESIAN_POINT ( 'NONE',  ( 1909.999999944687300, 79.99999999999785400, 1832.999999995032600 ) ) ;
#2178 = CIRCLE ( 'NONE', #3052, 86.50000000000002800 ) ;
#2179 = DIRECTION ( 'NONE',  ( -9.115936689318759100E-011, 3.366713061171388300E-015, -1.000000000000000000 ) ) ;
#2180 = FACE_OUTER_BOUND ( 'NONE', #107, .T. ) ;
#2181 = FACE_OUTER_BOUND ( 'NONE', #811, .T. ) ;
#2182 = CARTESIAN_POINT ( 'NONE',  ( 1869.861549775346500, 28.10524538119940600, 1841.999999998691200 ) ) ;
#2183 = CARTESIAN_POINT ( 'NONE',  ( 1864.899999944685500, -69.28203230275676100, 1832.999999999143500 ) ) ;
#2184 = CARTESIAN_POINT ( 'NONE',  ( 1909.999999945780500, -2.220446049250313100E-012, 1844.999999995032100 ) ) ;
#2185 = DIRECTION ( 'NONE',  ( 9.115936689318759100E-011, -3.491483360863812800E-015, 1.000000000000000000 ) ) ;
#2186 = EDGE_CURVE ( 'NONE', #1116, #3317, #1417, .T. ) ;
#2187 = LINE ( 'NONE', #799, #1550 ) ;
#2188 = FACE_OUTER_BOUND ( 'NONE', #866, .T. ) ;
#2189 = CARTESIAN_POINT ( 'NONE',  ( 1881.816858966223400, -95.94790712194101400, 1852.607199067993400 ) ) ;
#2190 = ORIENTED_EDGE ( 'NONE', *, *, #139, .T. ) ;
#2191 = CIRCLE ( 'NONE', #2995, 103.9999999999998700 ) ;
#2192 = AXIS2_PLACEMENT_3D ( 'NONE', #446, #383, #483 ) ;
#2193 = CARTESIAN_POINT ( 'NONE',  ( 1909.999999946549000, -2.220446049250313100E-012, 1853.428203225307700 ) ) ;
#2194 = CARTESIAN_POINT ( 'NONE',  ( 1877.499999945507200, -1.776356839400250300E-012, 1841.999999997994800 ) ) ;
#2195 = ORIENTED_EDGE ( 'NONE', *, *, #1077, .F. ) ;
#2196 = CARTESIAN_POINT ( 'NONE',  ( 1955.099999946146000, 69.28203230275228500, 1848.999999990921200 ) ) ;
#2197 = ORIENTED_EDGE ( 'NONE', *, *, #1209, .T. ) ;
#2198 = DIRECTION ( 'NONE',  ( 9.115936689318759100E-011, -3.366713061171388300E-015, 1.000000000000000000 ) ) ;
#2199 = CARTESIAN_POINT ( 'NONE',  ( 1944.899999946144600, -69.28203230275769900, 1848.999999991850700 ) ) ;
#2200 = EDGE_CURVE ( 'NONE', #2683, #1186, #2074, .T. ) ;
#2201 = AXIS2_PLACEMENT_3D ( 'NONE', #3139, #1719, #3397 ) ;
#2202 = ORIENTED_EDGE ( 'NONE', *, *, #1445, .F. ) ;
#2203 = ORIENTED_EDGE ( 'NONE', *, *, #3247, .F. ) ;
#2204 = ORIENTED_EDGE ( 'NONE', *, *, #3022, .F. ) ;
#2205 = DIRECTION ( 'NONE',  ( 9.115936689318759100E-011, -3.366713061171388300E-015, 1.000000000000000000 ) ) ;
#2206 = ORIENTED_EDGE ( 'NONE', *, *, #1346, .F. ) ;
#2207 = CARTESIAN_POINT ( 'NONE',  ( 1909.999999946646300, -2.187276957322107300E-012, 1854.499999995032600 ) ) ;
#2208 = ORIENTED_EDGE ( 'NONE', *, *, #2824, .T. ) ;
#2209 = CARTESIAN_POINT ( 'NONE',  ( 1810.813437067717600, -31.27340314817821100, 1833.000000004076400 ) ) ;
#2210 = DIRECTION ( 'NONE',  ( -9.115936689318759100E-011, 3.491483360863812800E-015, -1.000000000000000000 ) ) ;
#2211 = ADVANCED_FACE ( 'NONE', ( #1331 ), #2549, .F. ) ;
#2212 = DIRECTION ( 'NONE',  ( -1.000000000000000000, 0.0000000000000000000, 9.116890249275025600E-011 ) ) ;
#2213 = AXIS2_PLACEMENT_3D ( 'NONE', #2606, #2513, #2592 ) ;
#2214 = ADVANCED_FACE ( 'NONE', ( #2628 ), #1232, .F. ) ;
#2215 = CARTESIAN_POINT ( 'NONE',  ( 1875.785920987830400, -93.96617377853020500, 1853.912404440216300 ) ) ;
#2216 = CARTESIAN_POINT ( 'NONE',  ( 1950.138450115667000, -28.10524538120384700, 1841.999999991373200 ) ) ;
#2217 = DIRECTION ( 'NONE',  ( -9.115936689318759100E-011, 3.491483360863812800E-015, -1.000000000000000000 ) ) ;
#2218 = LINE ( 'NONE', #897, #3422 ) ;
#2219 = CARTESIAN_POINT ( 'NONE',  ( 1878.188868580229200, -94.80676759117928000, 1852.897217182865000 ) ) ;
#2220 = FACE_OUTER_BOUND ( 'NONE', #1191, .T. ) ;
#2221 = LINE ( 'NONE', #504, #2779 ) ;
#2222 = CIRCLE ( 'NONE', #1974, 5.099999999999882400 ) ;
#2223 = FACE_BOUND ( 'NONE', #393, .T. ) ;
#2224 = DIRECTION ( 'NONE',  ( -1.000000000000000000, 0.0000000000000000000, 9.116890249274627600E-011 ) ) ;
#2225 = CARTESIAN_POINT ( 'NONE',  ( 1877.203064242638900, -94.47027187599718400, 1853.224713343695800 ) ) ;
#2226 = VECTOR ( 'NONE', #1605, 1000.000000000000000 ) ;
#2227 = PLANE ( 'NONE',  #404 ) ;
#2228 = DIRECTION ( 'NONE',  ( 9.115936689318756500E-011, -3.491483360863812800E-015, 1.000000000000000000 ) ) ;
#2229 = ADVANCED_FACE ( 'NONE', ( #3189 ), #3114, .T. ) ;
#2230 = CARTESIAN_POINT ( 'NONE',  ( 1881.296502321429000, -95.79357088296994500, 1852.564779635031100 ) ) ;
#2231 = EDGE_CURVE ( 'NONE', #2720, #94, #3260, .T. ) ;
#2232 = B_SPLINE_CURVE_WITH_KNOTS ( 'NONE', 3,
 ( #775, #2594, #1652, #3334, #1892, #146, #2130, #487 ),
 .UNSPECIFIED., .F., .F.,
 ( 4, 2, 2, 4 ),
 ( 6.938893903907228400E-018, 0.003174398418496499300, 0.004761597627744383600, 0.006348796836992267500 ),
 .UNSPECIFIED. ) ;
#2233 = ORIENTED_EDGE ( 'NONE', *, *, #3329, .F. ) ;
#2234 = EDGE_CURVE ( 'NONE', #1519, #3402, #1924, .T. ) ;
#2235 = ORIENTED_EDGE ( 'NONE', *, *, #1597, .F. ) ;
#2236 = CARTESIAN_POINT ( 'NONE',  ( 1863.977104943674900, 18.22479452994339900, 1840.999999999227400 ) ) ;
#2237 = DIRECTION ( 'NONE',  ( -9.115936689318759100E-011, 3.491483360863812800E-015, -1.000000000000000000 ) ) ;
#2238 = ORIENTED_EDGE ( 'NONE', *, *, #3278, .F. ) ;
#2239 = CARTESIAN_POINT ( 'NONE',  ( 1960.138450115667000, -28.10524538120384700, 1841.999999990461700 ) ) ;
#2240 = EDGE_CURVE ( 'NONE', #671, #952, #425, .T. ) ;
#2241 = ORIENTED_EDGE ( 'NONE', *, *, #2571, .T. ) ;
#2242 = CARTESIAN_POINT ( 'NONE',  ( 1879.721532038645100, -95.30743355406463000, 1852.606010796907200 ) ) ;
#2243 = CARTESIAN_POINT ( 'NONE',  ( 1943.267265880298700, -37.32678685835967500, 1832.999999991999400 ) ) ;
#2244 =( NAMED_UNIT ( * ) PLANE_ANGLE_UNIT ( ) SI_UNIT ( $, .RADIAN. ) );
#2245 = CARTESIAN_POINT ( 'NONE',  ( 1880.250637229560400, -95.47394626995938400, 1852.563627892328700 ) ) ;
#2246 = ADVANCED_FACE ( 'NONE', ( #1851 ), #2908, .F. ) ;
#2247 = CARTESIAN_POINT ( 'NONE',  ( 1813.716885591866000, -2.220446049250313100E-012, 1855.495936510780200 ) ) ;
#2248 = FACE_OUTER_BOUND ( 'NONE', #323, .T. ) ;
#2249 = AXIS2_PLACEMENT_3D ( 'NONE', #261, #30, #1699 ) ;
#2250 = LINE ( 'NONE', #757, #3458 ) ;
#2251 = DIRECTION ( 'NONE',  ( 1.000000000000000000, 0.0000000000000000000, -9.114931032172527400E-011 ) ) ;
#2252 = EDGE_CURVE ( 'NONE', #223, #3222, #318, .T. ) ;
#2253 = CIRCLE ( 'NONE', #2735, 5.099999999999882400 ) ;
#2255 = CARTESIAN_POINT ( 'NONE',  ( 1882.593529603984100, -96.17150286084873300, 1852.732699137131200 ) ) ;
#2254 = AXIS2_PLACEMENT_3D ( 'NONE', #412, #2308, #709 ) ;
#2256 = CARTESIAN_POINT ( 'NONE',  ( 1894.861025000232300, -90.32791942286753800, 1862.457054814263500 ) ) ;
#2257 = VECTOR ( 'NONE', #2959, 1000.000000000000000 ) ;
#2258 = CIRCLE ( 'NONE', #347, 5.099999999999882400 ) ;
#2259 = FACE_OUTER_BOUND ( 'NONE', #563, .T. ) ;
#2260 = DIRECTION ( 'NONE',  ( 9.115936689318756500E-011, -3.491483360863812800E-015, 1.000000000000000000 ) ) ;
#2261 = FACE_OUTER_BOUND ( 'NONE', #1147, .T. ) ;
#2262 = CARTESIAN_POINT ( 'NONE',  ( 1882.851772277689600, -96.24471543972732900, 1852.784882729679800 ) ) ;
#2263 = ORIENTED_EDGE ( 'NONE', *, *, #833, .T. ) ;
#2264 = VERTEX_POINT ( 'NONE', #902 ) ;
#2265 = AXIS2_PLACEMENT_3D ( 'NONE', #3156, #2999, #3150 ) ;
#2266 = CARTESIAN_POINT ( 'NONE',  ( 1835.976134594741300, -59.96537414932075900, 1857.006081513917900 ) ) ;
#2267 = ORIENTED_EDGE ( 'NONE', *, *, #1413, .T. ) ;
#2268 = ORIENTED_EDGE ( 'NONE', *, *, #1144, .T. ) ;
#2269 = ORIENTED_EDGE ( 'NONE', *, *, #696, .T. ) ;
#2270 = CARTESIAN_POINT ( 'NONE',  ( 1883.624635552855600, -96.45936326958246800, 1852.983800952860500 ) ) ;
#2271 = AXIS2_PLACEMENT_3D ( 'NONE', #189, #1433, #3100 ) ;
#2272 = VERTEX_POINT ( 'NONE', #2449 ) ;
#2273 = CARTESIAN_POINT ( 'NONE',  ( 1876.717818165836700, -94.30027247833906800, 1853.429791887143400 ) ) ;
#2274 = ORIENTED_EDGE ( 'NONE', *, *, #3296, .F. ) ;
#2275 = DIRECTION ( 'NONE',  ( -1.000000000000000000, 0.0000000000000000000, 9.115936689318757800E-011 ) ) ;
#2276 = CARTESIAN_POINT ( 'NONE',  ( 1885.837495405810400, -97.04126267598205400, 1853.878265667913600 ) ) ;
#2277 = DIRECTION ( 'NONE',  ( 0.0000000000000000000, 0.5763808025151786500, 0.8171812347894185100 ) ) ;
#2278 = CARTESIAN_POINT ( 'NONE',  ( 1883.366919959323000, -96.38853959899836400, 1852.910264816840900 ) ) ;
#2279 = PLANE ( 'NONE',  #521 ) ;
#2280 = EDGE_CURVE ( 'NONE', #890, #2333, #2391, .T. ) ;
#2281 = DIRECTION ( 'NONE',  ( -9.115994513434625400E-011, 0.0000000000000000000, -1.000000000000000000 ) ) ;
#2282 = CARTESIAN_POINT ( 'NONE',  ( 1909.999999945415500, -2.354383943697871800E-012, 1840.999999995032100 ) ) ;
#2283 = CIRCLE ( 'NONE', #2677, 5.099999999999882400 ) ;
#2284 = EDGE_CURVE ( 'NONE', #531, #807, #3036, .T. ) ;
#2285 = AXIS2_PLACEMENT_3D ( 'NONE', #554, #2419, #868 ) ;
#2286 = DIRECTION ( 'NONE',  ( 1.000000000000000000, -1.032179507351431300E-014, -9.115994513434625400E-011 ) ) ;
#2287 = VECTOR ( 'NONE', #2555, 1000.000000000000000 ) ;
#2288 = LINE ( 'NONE', #801, #1583 ) ;
#2289 = CARTESIAN_POINT ( 'NONE',  ( 1909.999999945780500, -2.220446049250313100E-012, 1844.999999995032100 ) ) ;
#2290 = EDGE_CURVE ( 'NONE', #531, #898, #1045, .T. ) ;
#2292 = CARTESIAN_POINT ( 'NONE',  ( 1884.888829642469800, -96.80148177736029400, 1853.398054730622100 ) ) ;
#2291 = AXIS2_PLACEMENT_3D ( 'NONE', #3311, #1878, #132 ) ;
#2293 = CYLINDRICAL_SURFACE ( 'NONE', #1489, 11.50000000000006600 ) ;
#2294 = FACE_BOUND ( 'NONE', #499, .T. ) ;
#2295 = DIRECTION ( 'NONE',  ( -1.000000000000000000, 0.0000000000000000000, 9.115413737835363400E-011 ) ) ;
#2296 = CYLINDRICAL_SURFACE ( 'NONE', #2940, 50.00000000000004300 ) ;
#2297 = CARTESIAN_POINT ( 'NONE',  ( 1909.999999944685700, -80.00000000000228800, 1832.999999995032100 ) ) ;
#2298 = CARTESIAN_POINT ( 'NONE',  ( 1871.556727644701800, -85.15436794614939200, 1859.726443280994500 ) ) ;
#2299 = DIRECTION ( 'NONE',  ( -9.115936689318759100E-011, 3.491483360863812800E-015, -1.000000000000000000 ) ) ;
#2300 = CARTESIAN_POINT ( 'NONE',  ( 1859.861549775346500, 28.10524538119939900, 1841.999999999602600 ) ) ;
#2301 = DIRECTION ( 'NONE',  ( -9.115936689318759100E-011, 3.491483360863812800E-015, -1.000000000000000000 ) ) ;
#2302 = VERTEX_POINT ( 'NONE', #2700 ) ;
#2303 = VERTEX_POINT ( 'NONE', #1221 ) ;
#2304 = DIRECTION ( 'NONE',  ( -1.000000000000000000, 0.0000000000000000000, 9.116890249275025600E-011 ) ) ;
#2305 = ORIENTED_EDGE ( 'NONE', *, *, #2598, .F. ) ;
#2306 = ADVANCED_FACE ( 'NONE', ( #2469 ), #1702, .F. ) ;
#2307 = CARTESIAN_POINT ( 'NONE',  ( 1875.916057065093600, -80.85745053593578300, 1868.153009960058600 ) ) ;
#2308 = DIRECTION ( 'NONE',  ( 9.115936689318759100E-011, -3.366713061171388300E-015, 1.000000000000000000 ) ) ;
#2309 = VERTEX_POINT ( 'NONE', #2243 ) ;
#2310 = VECTOR ( 'NONE', #800, 1000.000000000000000 ) ;
#2311 = EDGE_CURVE ( 'NONE', #2272, #1186, #2952, .T. ) ;
#2312 = AXIS2_PLACEMENT_3D ( 'NONE', #2839, #1391, #3076 ) ;
#2313 = CARTESIAN_POINT ( 'NONE',  ( 1909.999999945415800, -2.220446049250313100E-012, 1840.999999995032100 ) ) ;
#2314 = CARTESIAN_POINT ( 'NONE',  ( 1915.099999944685600, -80.00000000000231600, 1832.999999994567100 ) ) ;
#2315 = CARTESIAN_POINT ( 'NONE',  ( 1882.581469807119000, -84.52336292183598200, 1870.156938532052700 ) ) ;
#2316 = CARTESIAN_POINT ( 'NONE',  ( 1886.725271938139500, -97.25372505015143100, 1854.499999997153700 ) ) ;
#2317 = DIRECTION ( 'NONE',  ( 9.115936689318759100E-011, -3.366713061155889200E-015, 1.000000000000000000 ) ) ;
#2318 = CIRCLE ( 'NONE', #1982, 6.000000000000005300 ) ;
#2319 = B_SPLINE_CURVE_WITH_KNOTS ( 'NONE', 3,
 ( #2771, #992, #3241, #1823, #54, #2057, #397, #2298, #690, #2526, #1010, #2781, #1312, #3013, #1592, #3252, #1837, #69, #2071, #411, #2307, #708, #2536, #1025 ),
 .UNSPECIFIED., .F., .F.,
 ( 4, 2, 2, 2, 2, 2, 2, 2, 2, 2, 2, 4 ),
 ( 5.551115123125782700E-017, 0.002467681764827933400, 0.003701522647241859100, 0.004935363529655784400, 0.007403045294483599400, 0.008636886176897722000, 0.009870727059311844600, 0.01110456794172596700, 0.01233840882414009000, 0.01480609058896783400, 0.01727377235379557200, 0.01974145411862331500 ),
 .UNSPECIFIED. ) ;
#2320 = AXIS2_PLACEMENT_3D ( 'NONE', #1388, #1423, #1441 ) ;
#2321 = DIRECTION ( 'NONE',  ( 1.000000000000000000, 0.0000000000000000000, -9.114931032172527400E-011 ) ) ;
#2322 = VECTOR ( 'NONE', #682, 1000.000000000000000 ) ;
#2323 = CARTESIAN_POINT ( 'NONE',  ( 1810.813437066870200, -31.27340314844540000, 1833.000000004074100 ) ) ;
#2324 = CARTESIAN_POINT ( 'NONE',  ( 1840.717967643390500, 39.99999999999865700, 1849.000000001348800 ) ) ;
#2325 = FACE_OUTER_BOUND ( 'NONE', #1715, .T. ) ;
#2326 = EDGE_CURVE ( 'NONE', #824, #3087, #1027, .T. ) ;
#2327 = FACE_BOUND ( 'NONE', #1245, .T. ) ;
#2328 = ADVANCED_FACE ( 'NONE', ( #100 ), #2477, .T. ) ;
#2329 = DIRECTION ( 'NONE',  ( -9.115936689318759100E-011, 3.491483360863812800E-015, -1.000000000000000000 ) ) ;
#2330 = ORIENTED_EDGE ( 'NONE', *, *, #3337, .T. ) ;
#2331 = CONICAL_SURFACE ( 'NONE', #975, 104.0000000000000900, 1.308996938995783600 ) ;
#2332 = ORIENTED_EDGE ( 'NONE', *, *, #139, .F. ) ;
#2333 = VERTEX_POINT ( 'NONE', #3203 ) ;
#2334 = EDGE_CURVE ( 'NONE', #310, #125, #210, .T. ) ;
#2335 = VERTEX_POINT ( 'NONE', #1536 ) ;
#2336 = ORIENTED_EDGE ( 'NONE', *, *, #3024, .T. ) ;
#2337 = ORIENTED_EDGE ( 'NONE', *, *, #3029, .T. ) ;
#2338 = VERTEX_POINT ( 'NONE', #2020 ) ;
#2340 = CARTESIAN_POINT ( 'NONE',  ( 1829.999999946145000, -1.388131363324008900E-012, 1849.000000002324900 ) ) ;
#2339 = AXIS2_PLACEMENT_3D ( 'NONE', #133, #121, #104 ) ;
#2341 = ORIENTED_EDGE ( 'NONE', *, *, #1406, .T. ) ;
#2342 = DIRECTION ( 'NONE',  ( -9.115936689318759100E-011, 3.491483360863812800E-015, -1.000000000000000000 ) ) ;
#2343 = CARTESIAN_POINT ( 'NONE',  ( 1958.520588180709600, -9.798087430774048200, 1840.999999990609000 ) ) ;
#2344 = EDGE_CURVE ( 'NONE', #3117, #2934, #1432, .T. ) ;
#2345 = AXIS2_PLACEMENT_3D ( 'NONE', #1478, #3151, #1727 ) ;
#2346 = CARTESIAN_POINT ( 'NONE',  ( 1873.980209058455100, -92.12743569897804700, 1854.790275582766500 ) ) ;
#2347 = DIRECTION ( 'NONE',  ( 0.9537169507482299300, 0.3007057995042635700, -8.698597397938413000E-011 ) ) ;
#2348 = DIRECTION ( 'NONE',  ( -1.000000000000000000, 0.0000000000000000000, 9.115413737835363400E-011 ) ) ;
#2349 = DIRECTION ( 'NONE',  ( 9.115936689318759100E-011, -3.491483360863812800E-015, 1.000000000000000000 ) ) ;
#2350 = VECTOR ( 'NONE', #3135, 1000.000000000000000 ) ;
#2351 = CIRCLE ( 'NONE', #1857, 10.00000000000000900 ) ;
#2352 = VECTOR ( 'NONE', #468, 1000.000000000000000 ) ;
#2353 = CARTESIAN_POINT ( 'NONE',  ( 1906.999999933448600, 87.70567734608013700, 1868.136465465663800 ) ) ;
#2354 = CIRCLE ( 'NONE', #2285, 100.0000000000000900 ) ;
#2355 = CYLINDRICAL_SURFACE ( 'NONE', #2271, 5.099999999999882400 ) ;
#2356 = PLANE ( 'NONE',  #284 ) ;
#2357 = ADVANCED_FACE ( 'NONE', ( #2259, #2327 ), #951, .F. ) ;
#2358 = CARTESIAN_POINT ( 'NONE',  ( 1942.499999945506700, -2.663310612301228500E-012, 1841.999999992069200 ) ) ;
#2359 = CARTESIAN_POINT ( 'NONE',  ( 1984.382032247442100, 39.99999999999648300, 1832.999999988251800 ) ) ;
#2360 = VERTEX_POINT ( 'NONE', #22 ) ;
#2361 = CIRCLE ( 'NONE', #192, 49.50000000000009900 ) ;
#2362 = CARTESIAN_POINT ( 'NONE',  ( 1906.999999948060600, 99.99999999999786800, 1869.999999995306100 ) ) ;
#2363 = CARTESIAN_POINT ( 'NONE',  ( 1829.999999944686400, -1.332267629550187800E-012, 1833.000000002324900 ) ) ;
#2364 = FACE_OUTER_BOUND ( 'NONE', #904, .T. ) ;
#2365 = ORIENTED_EDGE ( 'NONE', *, *, #2734, .F. ) ;
#2366 = CARTESIAN_POINT ( 'NONE',  ( 1907.644939289587000, 88.74081620398736400, 1866.631675353016400 ) ) ;
#2367 = EDGE_LOOP ( 'NONE', ( #317, #66, #996, #155, #1036, #1958 ) ) ;
#2368 = ORIENTED_EDGE ( 'NONE', *, *, #1334, .T. ) ;
#2369 = ORIENTED_EDGE ( 'NONE', *, *, #2486, .T. ) ;
#2370 = DIRECTION ( 'NONE',  ( -9.115936689318759100E-011, 3.491483360863812800E-015, -1.000000000000000000 ) ) ;
#2371 = ORIENTED_EDGE ( 'NONE', *, *, #86, .F. ) ;
#2372 = EDGE_CURVE ( 'NONE', #2156, #1373, #1623, .T. ) ;
#2373 =( LENGTH_UNIT ( ) NAMED_UNIT ( * ) SI_UNIT ( .MILLI., .METRE. ) );
#2374 = ORIENTED_EDGE ( 'NONE', *, *, #1556, .T. ) ;
#2375 = CYLINDRICAL_SURFACE ( 'NONE', #2533, 103.9999999999998700 ) ;
#2376 = CARTESIAN_POINT ( 'NONE',  ( 1911.434437116613300, 89.28325063208214400, 1865.856881788181700 ) ) ;
#2377 = EDGE_CURVE ( 'NONE', #864, #310, #2880, .T. ) ;
#2379 = CARTESIAN_POINT ( 'NONE',  ( 1861.479411710486100, 9.798087430769658800, 1844.999999999455200 ) ) ;
#2378 = AXIS2_PLACEMENT_3D ( 'NONE', #2015, #327, #2251 ) ;
#2380 = CARTESIAN_POINT ( 'NONE',  ( 1909.999999948059400, -2.270619162217402100E-012, 1869.999999995032300 ) ) ;
#2381 = CARTESIAN_POINT ( 'NONE',  ( 1883.308631192067700, -87.30353338382754200, 1861.165587770209000 ) ) ;
#2382 = EDGE_CURVE ( 'NONE', #1096, #1635, #3462, .T. ) ;
#2383 = DIRECTION ( 'NONE',  ( 1.000000000000000000, -1.421085471520198200E-014, -9.115819210592227600E-011 ) ) ;
#2384 = CIRCLE ( 'NONE', #1495, 5.099999999999882400 ) ;
#2385 = CARTESIAN_POINT ( 'NONE',  ( 1909.999999946549000, -2.220446049250313100E-012, 1853.428203225307700 ) ) ;
#2386 = CARTESIAN_POINT ( 'NONE',  ( 1960.138450115940500, -28.10524538120385800, 1844.999999990461900 ) ) ;
#2387 = DIRECTION ( 'NONE',  ( 1.000000000000000000, 0.0000000000000000000, -9.116000135825862400E-011 ) ) ;
#2388 = CIRCLE ( 'NONE', #1773, 11.50000000000006600 ) ;
#2389 = DIRECTION ( 'NONE',  ( -1.000000000000000000, -7.105427357601001900E-015, 9.115998554311608500E-011 ) ) ;
#2390 = DIRECTION ( 'NONE',  ( -9.115936689318759100E-011, 3.491483360863812800E-015, -1.000000000000000000 ) ) ;
#2391 = LINE ( 'NONE', #592, #1770 ) ;
#2392 = ORIENTED_EDGE ( 'NONE', *, *, #160, .F. ) ;
#2393 = CYLINDRICAL_SURFACE ( 'NONE', #3044, 11.50000000000006600 ) ;
#2394 = AXIS2_PLACEMENT_3D ( 'NONE', #943, #927, #920 ) ;
#2395 = SURFACE_STYLE_USAGE ( .BOTH. , #534 ) ;
#2396 = CARTESIAN_POINT ( 'NONE',  ( 1956.453781177213800, 18.49449132223311000, 1840.999999990797300 ) ) ;
#2397 = ORIENTED_EDGE ( 'NONE', *, *, #547, .T. ) ;
#2398 = LINE ( 'NONE', #2765, #2889 ) ;
#2399 = CARTESIAN_POINT ( 'NONE',  ( 1909.999999946737300, -2.223923344992879000E-012, 1855.495936502003400 ) ) ;
#2400 = CARTESIAN_POINT ( 'NONE',  ( 1912.999999948060100, 86.44796122523440800, 1869.999999994759000 ) ) ;
#2401 = ADVANCED_FACE ( 'NONE', ( #2181 ), #2741, .T. ) ;
#2402 = EDGE_CURVE ( 'NONE', #795, #1117, #2319, .T. ) ;
#2403 = AXIS2_PLACEMENT_3D ( 'NONE', #1034, #2804, #1345 ) ;
#2404 = CARTESIAN_POINT ( 'NONE',  ( 1909.999999944686600, -2.088881455722004400E-012, 1832.999999995031900 ) ) ;
#2405 = CARTESIAN_POINT ( 'NONE',  ( 2006.283114301608500, -2.208654768469648800E-012, 1855.495936493226100 ) ) ;
#2406 = VERTEX_POINT ( 'NONE', #384 ) ;
#2407 = ORIENTED_EDGE ( 'NONE', *, *, #344, .T. ) ;
#2408 = ORIENTED_EDGE ( 'NONE', *, *, #1334, .F. ) ;
#2409 = ORIENTED_EDGE ( 'NONE', *, *, #2234, .T. ) ;
#2410 = PLANE ( 'NONE',  #2438 ) ;
#2411 = CARTESIAN_POINT ( 'NONE',  ( 1909.999999945780500, -2.220446049250313100E-012, 1844.999999995032100 ) ) ;
#2412 = ORIENTED_EDGE ( 'NONE', *, *, #3339, .F. ) ;
#2413 = DIRECTION ( 'NONE',  ( -1.000000000000000000, 0.0000000000000000000, 9.115940325831266900E-011 ) ) ;
#2414 = ORIENTED_EDGE ( 'NONE', *, *, #3243, .F. ) ;
#2415 = DIRECTION ( 'NONE',  ( 1.000000000000000000, 0.0000000000000000000, -9.114931032172527400E-011 ) ) ;
#2416 = DIRECTION ( 'NONE',  ( -3.603837574482050100E-029, -3.491483359922884000E-015, 1.000000000000000000 ) ) ;
#2417 = AXIS2_PLACEMENT_3D ( 'NONE', #3182, #3248, #3237 ) ;
#2418 = ADVANCED_FACE ( 'NONE', ( #848 ), #1460, .F. ) ;
#2419 = DIRECTION ( 'NONE',  ( -9.115936689318759100E-011, 3.491483360863812800E-015, -1.000000000000000000 ) ) ;
#2420 = DIRECTION ( 'NONE',  ( -1.000000000000000000, 0.0000000000000000000, 9.115936689318757800E-011 ) ) ;
#2421 = DIRECTION ( 'NONE',  ( 9.115936689318759100E-011, -3.366713061171388300E-015, 1.000000000000000000 ) ) ;
#2422 = DIRECTION ( 'NONE',  ( 1.000000000000000000, 0.0000000000000000000, -9.114931032172527400E-011 ) ) ;
#2423 = VERTEX_POINT ( 'NONE', #3268 ) ;
#2424 = VECTOR ( 'NONE', #3367, 1000.000000000000000 ) ;
#2425 = ADVANCED_FACE ( 'NONE', ( #649 ), #2032, .T. ) ;
#2426 = DIRECTION ( 'NONE',  ( 1.000000000000000000, 0.0000000000000000000, -9.116041255197152600E-011 ) ) ;
#2427 = FACE_OUTER_BOUND ( 'NONE', #1376, .T. ) ;
#2428 = LINE ( 'NONE', #1090, #2352 ) ;
#2429 = DIRECTION ( 'NONE',  ( 9.115936689318759100E-011, -3.366713061171388300E-015, 1.000000000000000000 ) ) ;
#2430 = ADVANCED_FACE ( 'NONE', ( #1547 ), #558, .T. ) ;
#2431 = EDGE_CURVE ( 'NONE', #2967, #665, #1371, .T. ) ;
#2432 = CIRCLE ( 'NONE', #24, 5.099999999999882400 ) ;
#2433 = CYLINDRICAL_SURFACE ( 'NONE', #1951, 67.50000000000011400 ) ;
#2434 = ORIENTED_EDGE ( 'NONE', *, *, #2811, .T. ) ;
#2435 = CIRCLE ( 'NONE', #3169, 49.50000000000009900 ) ;
#2436 = FACE_OUTER_BOUND ( 'NONE', #1205, .T. ) ;
#2437 = EDGE_CURVE ( 'NONE', #665, #2558, #3304, .T. ) ;
#2438 = AXIS2_PLACEMENT_3D ( 'NONE', #3378, #1457, #3138 ) ;
#2439 = DIRECTION ( 'NONE',  ( -9.115936689318759100E-011, 3.491483360863812800E-015, -1.000000000000000000 ) ) ;
#2440 = ORIENTED_EDGE ( 'NONE', *, *, #806, .F. ) ;
#2441 = DIRECTION ( 'NONE',  ( 1.000000000000000000, 0.0000000000000000000, -9.115936689318759100E-011 ) ) ;
#2442 = ORIENTED_EDGE ( 'NONE', *, *, #1649, .F. ) ;
#2443 = CARTESIAN_POINT ( 'NONE',  ( 1955.099999946144400, -69.28203230275767100, 1848.999999990920700 ) ) ;
#2444 = EDGE_CURVE ( 'NONE', #3136, #711, #3390, .T. ) ;
#2445 = AXIS2_PLACEMENT_3D ( 'NONE', #771, #2590, #1081 ) ;
#2446 = ORIENTED_EDGE ( 'NONE', *, *, #2382, .F. ) ;
#2447 = ORIENTED_EDGE ( 'NONE', *, *, #2129, .T. ) ;
#2448 = CARTESIAN_POINT ( 'NONE',  ( 1950.138450115667900, 28.10524538119851800, 1841.999999991373200 ) ) ;
#2449 = CARTESIAN_POINT ( 'NONE',  ( 1824.899999944686400, -1.332267629550187800E-012, 1833.000000002789900 ) ) ;
#2450 = VERTEX_POINT ( 'NONE', #733 ) ;
#2451 = ADVANCED_FACE ( 'NONE', ( #2108 ), #1272, .F. ) ;
#2452 = UNCERTAINTY_MEASURE_WITH_UNIT (LENGTH_MEASURE( 1.000000000000000100E-005 ), #760, 'distance_accuracy_value', 'NONE');
#2453 = CARTESIAN_POINT ( 'NONE',  ( 1867.499999945415800, -1.723984588987292900E-012, 1840.999999998906300 ) ) ;
#2454 = ORIENTED_EDGE ( 'NONE', *, *, #2186, .T. ) ;
#2455 = DIRECTION ( 'NONE',  ( -9.115936689318759100E-011, 3.366713061171388300E-015, -1.000000000000000000 ) ) ;
#2456 = ADVANCED_FACE ( 'NONE', ( #3215 ), #3149, .T. ) ;
#2457 = CARTESIAN_POINT ( 'NONE',  ( 1879.861549775620200, 28.10524538119939600, 1844.999999997779500 ) ) ;
#2458 = DIRECTION ( 'NONE',  ( -1.000000000000000000, 0.0000000000000000000, 9.115940325831266900E-011 ) ) ;
#2459 = CARTESIAN_POINT ( 'NONE',  ( 1950.138450115575800, -28.10524538120379400, 1840.999999991373000 ) ) ;
#2460 = AXIS2_PLACEMENT_3D ( 'NONE', #1977, #2017, #1999 ) ;
#2461 = VECTOR ( 'NONE', #717, 1000.000000000000000 ) ;
#2462 = CARTESIAN_POINT ( 'NONE',  ( 1909.999999929764500, -1.776356839400250500E-012, 1669.311146862859700 ) ) ;
#2463 = EDGE_CURVE ( 'NONE', #2154, #3041, #463, .T. ) ;
#2464 = AXIS2_PLACEMENT_3D ( 'NONE', #1641, #2833, #2581 ) ;
#2465 = CARTESIAN_POINT ( 'NONE',  ( 1974.182032247441200, -40.00000000000270000, 1832.999999989181300 ) ) ;
#2466 = ADVANCED_FACE ( 'NONE', ( #1961 ), #1184, .T. ) ;
#2467 = LINE ( 'NONE', #2508, #1137 ) ;
#2468 = VECTOR ( 'NONE', #257, 1000.000000000000000 ) ;
#2469 = FACE_OUTER_BOUND ( 'NONE', #1222, .T. ) ;
#2470 = CARTESIAN_POINT ( 'NONE',  ( 1962.499999945506900, -2.664535259100375700E-012, 1841.999999990246400 ) ) ;
#2471 = LINE ( 'NONE', #1019, #1853 ) ;
#2472 = CARTESIAN_POINT ( 'NONE',  ( 1892.797722070623400, -85.86864334326432400, 1868.407234884113200 ) ) ;
#2473 = EDGE_CURVE ( 'NONE', #2302, #3318, #2584, .T. ) ;
#2474 = CYLINDRICAL_SURFACE ( 'NONE', #570, 11.50000000000006600 ) ;
#2475 = LINE ( 'NONE', #2080, #2640 ) ;
#2476 = AXIS2_PLACEMENT_3D ( 'NONE', #1260, #1032, #1002 ) ;
#2477 = PLANE ( 'NONE',  #2696 ) ;
#2478 = ADVANCED_FACE ( 'NONE', ( #2668 ), #1804, .T. ) ;
#2479 = ORIENTED_EDGE ( 'NONE', *, *, #10, .T. ) ;
#2480 = AXIS2_PLACEMENT_3D ( 'NONE', #1028, #1828, #2544 ) ;
#2481 = ORIENTED_EDGE ( 'NONE', *, *, #3339, .T. ) ;
#2482 = CARTESIAN_POINT ( 'NONE',  ( 1857.499999945507200, -1.775132192601103100E-012, 1841.999999999817900 ) ) ;
#2483 = ORIENTED_EDGE ( 'NONE', *, *, #2463, .T. ) ;
#2484 = CARTESIAN_POINT ( 'NONE',  ( 1894.730732901707400, -91.01032052961178900, 1861.427352634113700 ) ) ;
#2485 = ORIENTED_EDGE ( 'NONE', *, *, #2565, .T. ) ;
#2486 = EDGE_CURVE ( 'NONE', #620, #2961, #3071, .T. ) ;
#2487 = DIRECTION ( 'NONE',  ( 9.115936689318759100E-011, -3.491483360863812800E-015, 1.000000000000000000 ) ) ;
#2488 = ADVANCED_FACE ( 'NONE', ( #371 ), #2986, .F. ) ;
#2489 = CARTESIAN_POINT ( 'NONE',  ( 1836.375320876541500, -60.52049940146691400, 1856.944252079684700 ) ) ;
#2490 = AXIS2_PLACEMENT_3D ( 'NONE', #42, #35, #33 ) ;
#2491 = EDGE_CURVE ( 'NONE', #673, #853, #266, .T. ) ;
#2492 = DIRECTION ( 'NONE',  ( -9.115936689318759100E-011, 3.491483360863812800E-015, -1.000000000000000000 ) ) ;
#2493 = VECTOR ( 'NONE', #167, 1000.000000000000000 ) ;
#2495 = DIRECTION ( 'NONE',  ( -9.115936689318757800E-011, 3.491483360863812400E-015, -1.000000000000000000 ) ) ;
#2494 = AXIS2_PLACEMENT_3D ( 'NONE', #258, #2210, #579 ) ;
#2496 = VECTOR ( 'NONE', #3416, 1000.000000000000000 ) ;
#2497 = CARTESIAN_POINT ( 'NONE',  ( 1959.105882282705600, 9.413411620611398700, 1669.311146858383200 ) ) ;
#2498 = ORIENTED_EDGE ( 'NONE', *, *, #1039, .T. ) ;
#2499 = FACE_OUTER_BOUND ( 'NONE', #1199, .T. ) ;
#2500 = EDGE_CURVE ( 'NONE', #600, #235, #2428, .T. ) ;
#2501 = VECTOR ( 'NONE', #2342, 1000.000000000000000 ) ;
#2502 = CARTESIAN_POINT ( 'NONE',  ( 1909.999999946145000, -2.220446049250313100E-012, 1848.999999995032100 ) ) ;
#2503 = FACE_OUTER_BOUND ( 'NONE', #7, .T. ) ;
#2504 = ORIENTED_EDGE ( 'NONE', *, *, #2125, .F. ) ;
#2505 = CYLINDRICAL_SURFACE ( 'NONE', #1989, 50.00000000000004300 ) ;
#2506 = DIRECTION ( 'NONE',  ( -1.000000000000000000, 0.0000000000000000000, 9.115936689318757800E-011 ) ) ;
#2507 = CIRCLE ( 'NONE', #60, 103.9999999999998700 ) ;
#2508 = CARTESIAN_POINT ( 'NONE',  ( 1876.732733994152100, 37.32678685835562500, 1669.311146865892400 ) ) ;
#2509 = EDGE_CURVE ( 'NONE', #575, #3398, #1883, .T. ) ;
#2510 = ORIENTED_EDGE ( 'NONE', *, *, #1649, .T. ) ;
#2511 = ORIENTED_EDGE ( 'NONE', *, *, #3082, .T. ) ;
#2513 = DIRECTION ( 'NONE',  ( -9.115936689318757800E-011, 3.491483360863812400E-015, -1.000000000000000000 ) ) ;
#2512 = AXIS2_PLACEMENT_3D ( 'NONE', #2534, #2532, #2441 ) ;
#2514 = VECTOR ( 'NONE', #3429, 1000.000000000000000 ) ;
#2515 = DIRECTION ( 'NONE',  ( 1.000000000000000000, 3.552713678800493400E-015, -9.115819210592227600E-011 ) ) ;
#2516 = CARTESIAN_POINT ( 'NONE',  ( 1869.861549774526100, 28.10524538119948400, 1832.999999998691000 ) ) ;
#2517 = ORIENTED_EDGE ( 'NONE', *, *, #130, .F. ) ;
#2518 = ORIENTED_EDGE ( 'NONE', *, *, #27, .F. ) ;
#2519 = EDGE_CURVE ( 'NONE', #3008, #2649, #1093, .T. ) ;
#2520 = AXIS2_PLACEMENT_3D ( 'NONE', #339, #2260, #637 ) ;
#2521 = DIRECTION ( 'NONE',  ( -9.115936689318759100E-011, 3.491483360863812800E-015, -1.000000000000000000 ) ) ;
#2522 = ORIENTED_EDGE ( 'NONE', *, *, #2186, .F. ) ;
#2523 = PLANE ( 'NONE',  #2842 ) ;
#2524 = EDGE_CURVE ( 'NONE', #1054, #2950, #148, .T. ) ;
#2525 = ORIENTED_EDGE ( 'NONE', *, *, #622, .T. ) ;
#2526 = CARTESIAN_POINT ( 'NONE',  ( 1871.764714940257600, -83.99512342758296800, 1861.418606766491800 ) ) ;
#2527 = FACE_OUTER_BOUND ( 'NONE', #1751, .T. ) ;
#2528 = CARTESIAN_POINT ( 'NONE',  ( 1983.999999944686400, -3.108624468950438300E-012, 1832.999999988286200 ) ) ;
#2529 = DIRECTION ( 'NONE',  ( -9.115936689318759100E-011, 3.491483360863812800E-015, -1.000000000000000000 ) ) ;
#2530 = LINE ( 'NONE', #782, #2461 ) ;
#2531 = EDGE_CURVE ( 'NONE', #2016, #1545, #1732, .T. ) ;
#2532 = DIRECTION ( 'NONE',  ( 9.115936689318759100E-011, -3.366713061155889200E-015, 1.000000000000000000 ) ) ;
#2533 = AXIS2_PLACEMENT_3D ( 'NONE', #895, #985, #944 ) ;
#2534 = CARTESIAN_POINT ( 'NONE',  ( 1909.999999945415800, -2.220446049250313100E-012, 1840.999999995032100 ) ) ;
#2535 = EDGE_CURVE ( 'NONE', #1565, #2012, #2918, .T. ) ;
#2536 = CARTESIAN_POINT ( 'NONE',  ( 1877.903362858832200, -80.61343499562151700, 1869.606403373867400 ) ) ;
#2537 = VECTOR ( 'NONE', #3192, 1000.000000000000000 ) ;
#2538 = CARTESIAN_POINT ( 'NONE',  ( 1955.099999944687200, 69.28203230275231300, 1832.999999990921200 ) ) ;
#2539 = EDGE_CURVE ( 'NONE', #2126, #2088, #893, .T. ) ;
#2540 = AXIS2_PLACEMENT_3D ( 'NONE', #926, #2725, #1241 ) ;
#2541 = PLANE ( 'NONE',  #2213 ) ;
#2542 = CIRCLE ( 'NONE', #834, 5.099999999999882400 ) ;
#2543 = EDGE_CURVE ( 'NONE', #2954, #391, #2288, .T. ) ;
#2544 = DIRECTION ( 'NONE',  ( 1.000000000000000000, 0.0000000000000000000, -9.116041255197152600E-011 ) ) ;
#2545 = EDGE_CURVE ( 'NONE', #2937, #256, #47, .T. ) ;
#2546 = PLANE ( 'NONE',  #2512 ) ;
#2547 = FACE_OUTER_BOUND ( 'NONE', #417, .T. ) ;
#2548 = UNCERTAINTY_MEASURE_WITH_UNIT (LENGTH_MEASURE( 1.000000000000000100E-005 ), #2373, 'distance_accuracy_value', 'NONE');
#2549 = CYLINDRICAL_SURFACE ( 'NONE', #137, 5.099999999999882400 ) ;
#2550 = EDGE_CURVE ( 'NONE', #346, #2896, #2221, .T. ) ;
#2551 = VECTOR ( 'NONE', #1076, 1000.000000000000000 ) ;
#2552 = DIRECTION ( 'NONE',  ( -9.115936689318759100E-011, 3.491483360863812800E-015, -1.000000000000000000 ) ) ;
#2553 = CIRCLE ( 'NONE', #131, 5.099999999999882400 ) ;
#2554 = CARTESIAN_POINT ( 'NONE',  ( 1809.312645348798700, 26.03952042166023500, 1870.681575406522800 ) ) ;
#2555 = DIRECTION ( 'NONE',  ( -9.115936689318759100E-011, 3.491483360863812800E-015, -1.000000000000000000 ) ) ;
#2556 = CARTESIAN_POINT ( 'NONE',  ( 1890.920201522897500, -84.36949266207298600, 1869.999999996771300 ) ) ;
#2557 = ORIENTED_EDGE ( 'NONE', *, *, #2344, .F. ) ;
#2558 = VERTEX_POINT ( 'NONE', #1427 ) ;
#2559 = CARTESIAN_POINT ( 'NONE',  ( 1889.815293588365600, -95.56684829237072200, 1855.123450372987200 ) ) ;
#2560 = EDGE_CURVE ( 'NONE', #2950, #1054, #3428, .T. ) ;
#2561 = ORIENTED_EDGE ( 'NONE', *, *, #3368, .F. ) ;
#2562 = AXIS2_PLACEMENT_3D ( 'NONE', #860, #855, #844 ) ;
#2563 = DIRECTION ( 'NONE',  ( 9.115936689318759100E-011, -3.491483360863812800E-015, 1.000000000000000000 ) ) ;
#2564 = DIRECTION ( 'NONE',  ( -1.000000000000000000, 0.0000000000000000000, 9.116890249275025600E-011 ) ) ;
#2565 = EDGE_CURVE ( 'NONE', #3015, #141, #2139, .T. ) ;
#2566 = VERTEX_POINT ( 'NONE', #1912 ) ;
#2567 = EDGE_CURVE ( 'NONE', #1739, #2333, #2703, .T. ) ;
#2568 = AXIS2_PLACEMENT_3D ( 'NONE', #3284, #1856, #92 ) ;
#2569 = CARTESIAN_POINT ( 'NONE',  ( 1904.899999944687400, 79.99999999999785400, 1832.999999995497500 ) ) ;
#2570 = ORIENTED_EDGE ( 'NONE', *, *, #244, .F. ) ;
#2571 = EDGE_CURVE ( 'NONE', #3008, #3319, #792, .T. ) ;
#2572 = CARTESIAN_POINT ( 'NONE',  ( 1838.938400720016500, -70.35800675993520800, 1864.000000001510000 ) ) ;
#2573 = CARTESIAN_POINT ( 'NONE',  ( 1842.499999947511700, -2.645794443098085700E-012, 1864.000000001185300 ) ) ;
#2574 = CARTESIAN_POINT ( 'NONE',  ( 1909.999999947512400, -2.220446049250313100E-012, 1863.999999995032300 ) ) ;
#2575 = DIRECTION ( 'NONE',  ( -9.115918429299363400E-011, 4.612327020231663500E-015, -1.000000000000000000 ) ) ;
#2576 = CARTESIAN_POINT ( 'NONE',  ( 1858.361549774525400, -28.10524538120289900, 1832.999999999739200 ) ) ;
#2577 = EDGE_CURVE ( 'NONE', #795, #2934, #3347, .T. ) ;
#2578 = AXIS2_PLACEMENT_3D ( 'NONE', #3034, #2979, #3021 ) ;
#2579 = CIRCLE ( 'NONE', #1366, 11.99999999999990200 ) ;
#2580 = CARTESIAN_POINT ( 'NONE',  ( 1860.894117592474500, -9.413411620615042000, 1840.999999999508600 ) ) ;
#2581 = DIRECTION ( 'NONE',  ( -1.000000000000000000, 0.0000000000000000000, 9.115671180855677700E-011 ) ) ;
#2582 = DIRECTION ( 'NONE',  ( -9.115936689318759100E-011, 3.491483360863812800E-015, -1.000000000000000000 ) ) ;
#2583 = FACE_BOUND ( 'NONE', #343, .T. ) ;
#2584 = LINE ( 'NONE', #452, #2501 ) ;
#2585 = AXIS2_PLACEMENT_3D ( 'NONE', #2900, #1471, #3143 ) ;
#2586 = FACE_OUTER_BOUND ( 'NONE', #2367, .T. ) ;
#2587 = EDGE_CURVE ( 'NONE', #3317, #956, #1410, .T. ) ;
#2588 = CARTESIAN_POINT ( 'NONE',  ( 1873.025782264090800, -89.67986931634294500, 1855.303427746787500 ) ) ;
#2589 = VECTOR ( 'NONE', #2023, 1000.000000000000000 ) ;
#2590 = DIRECTION ( 'NONE',  ( 9.115936689318759100E-011, -3.491483360863812800E-015, 1.000000000000000000 ) ) ;
#2591 = FACE_OUTER_BOUND ( 'NONE', #1143, .T. ) ;
#2592 = DIRECTION ( 'NONE',  ( -1.000000000000000000, 0.0000000000000000000, 9.115936689318757800E-011 ) ) ;
#2593 = DIRECTION ( 'NONE',  ( 9.115936689318759100E-011, -3.366713061171388300E-015, 1.000000000000000000 ) ) ;
#2594 = CARTESIAN_POINT ( 'NONE',  ( 1826.954692455700100, -54.25636861660549900, 1854.715468991042100 ) ) ;
#2595 = VERTEX_POINT ( 'NONE', #2386 ) ;
#2596 = ORIENTED_EDGE ( 'NONE', *, *, #2669, .T. ) ;
#2597 = CARTESIAN_POINT ( 'NONE',  ( 1872.825832394472600, -88.81733714016509400, 1855.495936505391900 ) ) ;
#2598 = EDGE_CURVE ( 'NONE', #1104, #340, #601, .T. ) ;
#2599 = CARTESIAN_POINT ( 'NONE',  ( 1955.099999944687200, 69.28203230275228500, 1832.999999990921200 ) ) ;
#2600 = ORIENTED_EDGE ( 'NONE', *, *, #457, .T. ) ;
#2601 = ORIENTED_EDGE ( 'NONE', *, *, #2797, .T. ) ;
#2602 = ORIENTED_EDGE ( 'NONE', *, *, #2535, .T. ) ;
#2603 = CARTESIAN_POINT ( 'NONE',  ( 1906.999999947923500, 87.46032595982467200, 1868.500000054895700 ) ) ;
#2604 = EDGE_CURVE ( 'NONE', #3398, #3049, #3255, .T. ) ;
#2606 = CARTESIAN_POINT ( 'NONE',  ( 1909.999999946145000, -2.220446049250313100E-012, 1848.999999995032100 ) ) ;
#2605 = AXIS2_PLACEMENT_3D ( 'NONE', #2193, #239, #3394 ) ;
#2607 = VERTEX_POINT ( 'NONE', #3381 ) ;
#2608 = CARTESIAN_POINT ( 'NONE',  ( 1949.999999946144300, -69.28203230275769900, 1848.999999991385700 ) ) ;
#2609 = DIRECTION ( 'NONE',  ( -9.115936689318759100E-011, 3.491483360863812800E-015, -1.000000000000000000 ) ) ;
#2610 = EDGE_CURVE ( 'NONE', #1073, #2423, #1505, .T. ) ;
#2611 = DIRECTION ( 'NONE',  ( 9.115936689318759100E-011, -3.366713061155889200E-015, 1.000000000000000000 ) ) ;
#2612 = EDGE_CURVE ( 'NONE', #3028, #3446, #1324, .T. ) ;
#2613 = AXIS2_PLACEMENT_3D ( 'NONE', #3072, #1648, #3331 ) ;
#2614 = DIRECTION ( 'NONE',  ( -1.000000000000000000, 0.0000000000000000000, 9.116890249275025600E-011 ) ) ;
#2615 = EDGE_CURVE ( 'NONE', #117, #755, #2542, .T. ) ;
#2616 = CARTESIAN_POINT ( 'NONE',  ( 1908.050450744158100, 89.03454147669360500, 1866.210968751953300 ) ) ;
#2617 = DIRECTION ( 'NONE',  ( 1.000000000000000000, 0.0000000000000000000, -9.115936689318759100E-011 ) ) ;
#2618 = CARTESIAN_POINT ( 'NONE',  ( 1869.861549774525400, -28.10524538120288100, 1832.999999998691000 ) ) ;
#2619 = LINE ( 'NONE', #2497, #2537 ) ;
#2620 =( NAMED_UNIT ( * ) SI_UNIT ( $, .STERADIAN. ) SOLID_ANGLE_UNIT ( ) );
#2621 = EDGE_CURVE ( 'NONE', #1049, #478, #2623, .T. ) ;
#2622 = UNCERTAINTY_MEASURE_WITH_UNIT (LENGTH_MEASURE( 1.000000000000000100E-005 ), #837, 'distance_accuracy_value', 'NONE');
#2623 = CIRCLE ( 'NONE', #1041, 50.00000000000004300 ) ;
#2624 = EDGE_CURVE ( 'NONE', #3056, #1102, #506, .T. ) ;
#2625 = AXIS2_PLACEMENT_3D ( 'NONE', #1952, #1945, #1848 ) ;
#2626 = CARTESIAN_POINT ( 'NONE',  ( 1911.939325529446000, 89.04066993061934500, 1866.202219573252000 ) ) ;
#2627 = CYLINDRICAL_SURFACE ( 'NONE', #798, 11.50000000000006600 ) ;
#2628 = FACE_OUTER_BOUND ( 'NONE', #1667, .T. ) ;
#2629 = DIRECTION ( 'NONE',  ( -0.9681476403781172900, 0.2503800040544044100, 8.826273045769517600E-011 ) ) ;
#2630 = EDGE_CURVE ( 'NONE', #209, #1442, #1226, .T. ) ;
#2631 = DIRECTION ( 'NONE',  ( -1.000000000000000000, 0.0000000000000000000, 9.116150352257380100E-011 ) ) ;
#2632 = DIRECTION ( 'NONE',  ( 0.0000000000000000000, 0.5763808025151806500, 0.8171812347894169500 ) ) ;
#2633 = EDGE_CURVE ( 'NONE', #606, #25, #1920, .T. ) ;
#2634 = AXIS2_PLACEMENT_3D ( 'NONE', #1662, #3340, #1901 ) ;
#2635 = SURFACE_STYLE_FILL_AREA ( #776 ) ;
#2636 = ORIENTED_EDGE ( 'NONE', *, *, #353, .T. ) ;
#2637 = EDGE_CURVE ( 'NONE', #1104, #711, #419, .T. ) ;
#2638 = CARTESIAN_POINT ( 'NONE',  ( 1942.499999945506700, -2.668360681893039200E-012, 1841.999999992069200 ) ) ;
#2639 = FACE_OUTER_BOUND ( 'NONE', #1629, .T. ) ;
#2640 = VECTOR ( 'NONE', #2055, 1000.000000000000000 ) ;
#2641 = DIRECTION ( 'NONE',  ( 0.2423871283161465100, 0.7928125735064339700, -0.5591929034928441200 ) ) ;
#2642 = DIRECTION ( 'NONE',  ( -9.115936689318759100E-011, 3.491483360863812800E-015, -1.000000000000000000 ) ) ;
#2643 = VERTEX_POINT ( 'NONE', #1734 ) ;
#2644 = CARTESIAN_POINT ( 'NONE',  ( 1909.999999945415800, -2.220446049250313100E-012, 1840.999999995032100 ) ) ;
#2645 = ORIENTED_EDGE ( 'NONE', *, *, #2061, .T. ) ;
#2646 = ORIENTED_EDGE ( 'NONE', *, *, #922, .T. ) ;
#2647 = EDGE_CURVE ( 'NONE', #508, #2117, #1849, .T. ) ;
#2648 = DIRECTION ( 'NONE',  ( -1.000000000000000000, 0.0000000000000000000, 9.116890249275025600E-011 ) ) ;
#2649 = VERTEX_POINT ( 'NONE', #2443 ) ;
#2650 = AXIS2_PLACEMENT_3D ( 'NONE', #1630, #1194, #1311 ) ;
#2651 =( NAMED_UNIT ( * ) PLANE_ANGLE_UNIT ( ) SI_UNIT ( $, .RADIAN. ) );
#2652 = DIRECTION ( 'NONE',  ( -9.115918429299363400E-011, 4.612327020231663500E-015, -1.000000000000000000 ) ) ;
#2653 = EDGE_CURVE ( 'NONE', #789, #982, #1768, .T. ) ;
#2654 = AXIS2_PLACEMENT_3D ( 'NONE', #2313, #2317, #731 ) ;
#2655 = DIRECTION ( 'NONE',  ( 1.153081754847690100E-014, 1.000000000000000000, 4.612327019390759900E-015 ) ) ;
#2656 = EDGE_CURVE ( 'NONE', #2954, #677, #2388, .T. ) ;
#2657 = CARTESIAN_POINT ( 'NONE',  ( 1958.520588180709900, 9.798087430768710200, 1840.999999990609000 ) ) ;
#2658 = CARTESIAN_POINT ( 'NONE',  ( 1829.999999946145000, -1.388131363324008900E-012, 1849.000000002324900 ) ) ;
#2659 = PLANE ( 'NONE',  #1889 ) ;
#2660 = CARTESIAN_POINT ( 'NONE',  ( 1956.022894948524500, 18.22479452994252800, 1855.999999990837100 ) ) ;
#2661 = EDGE_CURVE ( 'NONE', #3004, #1060, #3033, .T. ) ;
#2662 = CIRCLE ( 'NONE', #749, 100.0000000000003100 ) ;
#2663 = CARTESIAN_POINT ( 'NONE',  ( 1956.453781177213400, -18.49449132223847400, 1840.999999990797300 ) ) ;
#2664 = ORIENTED_EDGE ( 'NONE', *, *, #877, .F. ) ;
#2665 = FACE_BOUND ( 'NONE', #1465, .T. ) ;
#2666 = DIRECTION ( 'NONE',  ( -9.115936689318759100E-011, 3.491483360863812800E-015, -1.000000000000000000 ) ) ;
#2667 = CYLINDRICAL_SURFACE ( 'NONE', #249, 10.00000000000000900 ) ;
#2668 = FACE_OUTER_BOUND ( 'NONE', #581, .T. ) ;
#2669 = EDGE_CURVE ( 'NONE', #2720, #2264, #312, .T. ) ;
#2670 = FACE_OUTER_BOUND ( 'NONE', #2965, .T. ) ;
#2671 = AXIS2_PLACEMENT_3D ( 'NONE', #245, #328, #273 ) ;
#2672 = ORIENTED_EDGE ( 'NONE', *, *, #1404, .F. ) ;
#2673 = CARTESIAN_POINT ( 'NONE',  ( 1825.912137958380500, -54.12237491317776500, 1854.500000002697600 ) ) ;
#2674 = FACE_OUTER_BOUND ( 'NONE', #3370, .T. ) ;
#2675 = EDGE_CURVE ( 'NONE', #1251, #3085, #1040, .T. ) ;
#2676 = CARTESIAN_POINT ( 'NONE',  ( 1909.999999946145900, 79.99999999999779700, 1848.999999995032600 ) ) ;
#2677 = AXIS2_PLACEMENT_3D ( 'NONE', #1494, #3163, #1735 ) ;
#2678 = DIRECTION ( 'NONE',  ( 9.115936689318759100E-011, -3.366713061171388300E-015, 1.000000000000000000 ) ) ;
#2679 = EDGE_CURVE ( 'NONE', #901, #2126, #2948, .T. ) ;
#2680 = ORIENTED_EDGE ( 'NONE', *, *, #2577, .T. ) ;
#2681 = ORIENTED_EDGE ( 'NONE', *, *, #622, .F. ) ;
#2682 = ORIENTED_EDGE ( 'NONE', *, *, #314, .T. ) ;
#2683 = VERTEX_POINT ( 'NONE', #1302 ) ;
#2684 = DIRECTION ( 'NONE',  ( -1.000000000000000000, 0.0000000000000000000, 9.115998554311608500E-011 ) ) ;
#2685 = ORIENTED_EDGE ( 'NONE', *, *, #2486, .F. ) ;
#2686 = CARTESIAN_POINT ( 'NONE',  ( 1863.977104945041700, -18.22479452994685200, 1855.999999999227800 ) ) ;
#2687 = CARTESIAN_POINT ( 'NONE',  ( 1962.499999945506900, -2.664535259100375700E-012, 1841.999999990246400 ) ) ;
#2688 = ORIENTED_EDGE ( 'NONE', *, *, #1288, .F. ) ;
#2689 = CARTESIAN_POINT ( 'NONE',  ( 1906.999999948060600, 99.99999999999786800, 1869.999999995306100 ) ) ;
#2690 = EDGE_CURVE ( 'NONE', #942, #2085, #205, .T. ) ;
#2691 = DIRECTION ( 'NONE',  ( 9.115936689318759100E-011, -3.366713061171388300E-015, 1.000000000000000000 ) ) ;
#2692 = AXIS2_PLACEMENT_3D ( 'NONE', #2448, #2421, #2415 ) ;
#2693 = EDGE_CURVE ( 'NONE', #773, #2937, #3105, .T. ) ;
#2694 = DIRECTION ( 'NONE',  ( 0.3007057995042593000, -0.9537169507482312600, -2.741548019078257400E-011 ) ) ;
#2695 = EDGE_CURVE ( 'NONE', #600, #606, #936, .T. ) ;
#2697 = CARTESIAN_POINT ( 'NONE',  ( 1858.361549774526100, 28.10524538119946700, 1832.999999999739200 ) ) ;
#2696 = AXIS2_PLACEMENT_3D ( 'NONE', #1767, #2731, #1250 ) ;
#2698 = CARTESIAN_POINT ( 'NONE',  ( 1805.999999944686800, -2.124543821557750000E-012, 1833.000000004512700 ) ) ;
#2699 = EDGE_CURVE ( 'NONE', #2887, #867, #1698, .T. ) ;
#2700 = CARTESIAN_POINT ( 'NONE',  ( 1915.099999946144200, -80.00000000000231600, 1848.999999994567100 ) ) ;
#2701 = LINE ( 'NONE', #2247, #3253 ) ;
#2702 = DIRECTION ( 'NONE',  ( -1.000000000000000000, -6.217248937900875800E-015, 9.115413737835363400E-011 ) ) ;
#2703 = CIRCLE ( 'NONE', #3275, 49.50000000000009900 ) ;
#2704 = CARTESIAN_POINT ( 'NONE',  ( 1912.999999948060300, 85.49999999999791100, 1869.999999994759000 ) ) ;
#2705 = EDGE_CURVE ( 'NONE', #1176, #3319, #1619, .T. ) ;
#2706 = FACE_OUTER_BOUND ( 'NONE', #595, .T. ) ;
#2707 = FACE_OUTER_BOUND ( 'NONE', #618, .T. ) ;
#2709 = AXIS2_PLACEMENT_3D ( 'NONE', #703, #687, #650 ) ;
#2708 = DIRECTION ( 'NONE',  ( -1.000000000000000000, 0.0000000000000000000, 9.115803121123890200E-011 ) ) ;
#2710 = DIRECTION ( 'NONE',  ( -1.000000000000000000, 0.0000000000000000000, 9.115413737835363400E-011 ) ) ;
#2711 = VECTOR ( 'NONE', #1058, 1000.000000000000200 ) ;
#2712 = EDGE_CURVE ( 'NONE', #1274, #2016, #2253, .T. ) ;
#2713 = AXIS2_PLACEMENT_3D ( 'NONE', #2947, #3199, #1771 ) ;
#2714 = FACE_OUTER_BOUND ( 'NONE', #768, .T. ) ;
#2715 = DIRECTION ( 'NONE',  ( 9.115936689318759100E-011, -3.366713061171388300E-015, 1.000000000000000000 ) ) ;
#2716 = FACE_OUTER_BOUND ( 'NONE', #1008, .T. ) ;
#2717 = CARTESIAN_POINT ( 'NONE',  ( 1909.999999946737300, -2.220446049250313100E-012, 1855.495936502003100 ) ) ;
#2718 = EDGE_CURVE ( 'NONE', #2016, #1274, #843, .T. ) ;
#2719 = EDGE_CURVE ( 'NONE', #271, #209, #2814, .T. ) ;
#2720 = VERTEX_POINT ( 'NONE', #1053 ) ;
#2721 = ORIENTED_EDGE ( 'NONE', *, *, #2774, .T. ) ;
#2722 = EDGE_CURVE ( 'NONE', #2338, #2828, #2178, .T. ) ;
#2723 = CARTESIAN_POINT ( 'NONE',  ( 1890.920201522897500, -84.36949266207298600, 1869.999999996771300 ) ) ;
#2724 = ORIENTED_EDGE ( 'NONE', *, *, #3323, .F. ) ;
#2725 = DIRECTION ( 'NONE',  ( 9.115936689318757800E-011, -3.491483360863812400E-015, 1.000000000000000000 ) ) ;
#2726 = ORIENTED_EDGE ( 'NONE', *, *, #1242, .T. ) ;
#2727 = CARTESIAN_POINT ( 'NONE',  ( 1950.138450115940500, -28.10524538120385800, 1844.999999991373200 ) ) ;
#2728 = ORIENTED_EDGE ( 'NONE', *, *, #1406, .F. ) ;
#2729 = CARTESIAN_POINT ( 'NONE',  ( 1893.438308999346400, -86.55442365610572600, 1867.591841985000900 ) ) ;
#2730 = EDGE_CURVE ( 'NONE', #1782, #3056, #737, .T. ) ;
#2731 = DIRECTION ( 'NONE',  ( -9.115936689318757800E-011, 3.491483360863812400E-015, -1.000000000000000000 ) ) ;
#2732 = AXIS2_PLACEMENT_3D ( 'NONE', #684, #680, #676 ) ;
#2733 = EDGE_CURVE ( 'NONE', #1108, #2595, #3384, .T. ) ;
#2734 = EDGE_CURVE ( 'NONE', #3319, #1176, #2106, .T. ) ;
#2735 = AXIS2_PLACEMENT_3D ( 'NONE', #2324, #734, #2564 ) ;
#2736 = CARTESIAN_POINT ( 'NONE',  ( 1894.254308148741100, -92.09142570276395600, 1859.729566052106500 ) ) ;
#2737 = EDGE_CURVE ( 'NONE', #175, #2832, #1456, .T. ) ;
#2738 = CARTESIAN_POINT ( 'NONE',  ( 1881.346725001681300, -93.72063938090579400, 1851.217136899727600 ) ) ;
#2739 = VECTOR ( 'NONE', #2104, 1000.000000000000000 ) ;
#2740 = VECTOR ( 'NONE', #1259, 1000.000000000000000 ) ;
#2741 = CYLINDRICAL_SURFACE ( 'NONE', #291, 8.950000000000100500 ) ;
#2742 = CARTESIAN_POINT ( 'NONE',  ( 1909.999999947923500, 99.99999999999786800, 1868.499999995032800 ) ) ;
#2743 = PRODUCT_DEFINITION_SHAPE ( 'NONE', 'NONE',  #1414 ) ;
#2744 = FACE_OUTER_BOUND ( 'NONE', #281, .T. ) ;
#2745 = VECTOR ( 'NONE', #777, 1000.000000000000000 ) ;
#2746 = EDGE_CURVE ( 'NONE', #3136, #867, #642, .T. ) ;
#2747 = ORIENTED_EDGE ( 'NONE', *, *, #253, .F. ) ;
#2748 = LINE ( 'NONE', #2323, #1472 ) ;
#2749 = DIRECTION ( 'NONE',  ( -1.032179507351431300E-014, -1.000000000000000000, 9.409342725895302800E-025 ) ) ;
#2750 = CARTESIAN_POINT ( 'NONE',  ( 1836.975743532853100, -61.46199670191129600, 1856.737034293349600 ) ) ;
#2751 = DIRECTION ( 'NONE',  ( -9.115918429299363400E-011, 4.612327020231663500E-015, -1.000000000000000000 ) ) ;
#2752 = ORIENTED_EDGE ( 'NONE', *, *, #2022, .T. ) ;
#2753 = AXIS2_PLACEMENT_3D ( 'NONE', #1687, #1701, #3375 ) ;
#2754 = ORIENTED_EDGE ( 'NONE', *, *, #264, .T. ) ;
#2755 = CARTESIAN_POINT ( 'NONE',  ( 1876.732734011169900, -37.32678685835880800, 1855.999999998065100 ) ) ;
#2756 = EDGE_CURVE ( 'NONE', #755, #117, #3459, .T. ) ;
#2757 = ORIENTED_EDGE ( 'NONE', *, *, #2705, .F. ) ;
#2758 = ORIENTED_EDGE ( 'NONE', *, *, #3093, .F. ) ;
#2759 = ORIENTED_EDGE ( 'NONE', *, *, #2567, .T. ) ;
#2760 = DIRECTION ( 'NONE',  ( 9.115936689318759100E-011, -3.366713061171388300E-015, 1.000000000000000000 ) ) ;
#2761 = ORIENTED_EDGE ( 'NONE', *, *, #199, .F. ) ;
#2762 = DIRECTION ( 'NONE',  ( -9.115936689318759100E-011, 3.491483360863812800E-015, -1.000000000000000000 ) ) ;
#2763 = CARTESIAN_POINT ( 'NONE',  ( 1958.520588182077300, 9.798087430768648100, 1855.999999990609200 ) ) ;
#2764 = ORIENTED_EDGE ( 'NONE', *, *, #1479, .F. ) ;
#2765 = CARTESIAN_POINT ( 'NONE',  ( 1813.185235906876200, 25.03800040544268400, 1833.000000003857800 ) ) ;
#2766 = EDGE_CURVE ( 'NONE', #820, #3117, #2232, .T. ) ;
#2767 = DIRECTION ( 'NONE',  ( -1.000000000000000000, 0.0000000000000000000, 9.115998554311590400E-011 ) ) ;
#2768 = CARTESIAN_POINT ( 'NONE',  ( 1912.999999947923200, 87.46032600002959600, 1868.499999994777500 ) ) ;
#2769 = EDGE_CURVE ( 'NONE', #2967, #388, #3300, .T. ) ;
#2770 = VECTOR ( 'NONE', #921, 1000.000000000000000 ) ;
#2771 = CARTESIAN_POINT ( 'NONE',  ( 1872.825832394472600, -88.81733714016509400, 1855.495936505391900 ) ) ;
#2772 = DIRECTION ( 'NONE',  ( -1.000000000000000000, 0.0000000000000000000, 9.115413737835363400E-011 ) ) ;
#2773 = AXIS2_PLACEMENT_3D ( 'NONE', #2207, #573, #2426 ) ;
#2774 = EDGE_CURVE ( 'NONE', #235, #571, #2662, .T. ) ;
#2775 = LINE ( 'NONE', #1217, #1502 ) ;
#2777 = CARTESIAN_POINT ( 'NONE',  ( 1864.899999946144400, -69.28203230275681800, 1848.999999999143500 ) ) ;
#2776 = AXIS2_PLACEMENT_3D ( 'NONE', #1399, #3088, #1658 ) ;
#2778 = DIRECTION ( 'NONE',  ( -0.2423871283161465100, -0.7928125735064339700, 0.5591929034928441200 ) ) ;
#2779 = VECTOR ( 'NONE', #3351, 1000.000000000000000 ) ;
#2780 = DIRECTION ( 'NONE',  ( -9.115998554311609800E-011, 4.270088557029118500E-015, -1.000000000000000000 ) ) ;
#2781 = CARTESIAN_POINT ( 'NONE',  ( 1872.038497583993100, -83.35359298358879700, 1862.452396701729200 ) ) ;
#2782 = CARTESIAN_POINT ( 'NONE',  ( 1840.717967643389100, -40.00000000000098100, 1849.000000001348300 ) ) ;
#2783 = FACE_OUTER_BOUND ( 'NONE', #919, .T. ) ;
#2784 = VECTOR ( 'NONE', #2888, 1000.000000000000000 ) ;
#2785 = LINE ( 'NONE', #1220, #2711 ) ;
#2786 = CARTESIAN_POINT ( 'NONE',  ( 1979.282032248900800, 39.99999999999642600, 1848.999999988716800 ) ) ;
#2787 = CARTESIAN_POINT ( 'NONE',  ( 1904.899999946146000, 79.99999999999779700, 1848.999999995497500 ) ) ;
#2788 = CIRCLE ( 'NONE', #2265, 5.099999999999882400 ) ;
#2789 = DIRECTION ( 'NONE',  ( -9.115936689318759100E-011, 3.491483360863812800E-015, -1.000000000000000000 ) ) ;
#2790 = EDGE_CURVE ( 'NONE', #3318, #122, #553, .T. ) ;
#2791 = AXIS2_PLACEMENT_3D ( 'NONE', #1914, #1957, #1875 ) ;
#2792 = DIRECTION ( 'NONE',  ( -1.000000000000000000, 0.0000000000000000000, 9.115940325831266900E-011 ) ) ;
#2793 = VERTEX_POINT ( 'NONE', #3077 ) ;
#2794 = ORIENTED_EDGE ( 'NONE', *, *, #248, .F. ) ;
#2795 = EDGE_CURVE ( 'NONE', #2309, #1096, #1955, .T. ) ;
#2796 = DIRECTION ( 'NONE',  ( -9.115936689318759100E-011, 3.491483360863812800E-015, -1.000000000000000000 ) ) ;
#2797 = EDGE_CURVE ( 'NONE', #3412, #1639, #3211, .T. ) ;
#2798 = AXIS2_PLACEMENT_3D ( 'NONE', #2618, #1126, #2857 ) ;
#2799 = ORIENTED_EDGE ( 'NONE', *, *, #1876, .T. ) ;
#2800 = DIRECTION ( 'NONE',  ( 9.115936689318759100E-011, -3.366713061171388300E-015, 1.000000000000000000 ) ) ;
#2801 = ORIENTED_EDGE ( 'NONE', *, *, #3296, .T. ) ;
#2802 = DIRECTION ( 'NONE',  ( -9.115936689318759100E-011, 3.491483360863812800E-015, -1.000000000000000000 ) ) ;
#2803 = DIRECTION ( 'NONE',  ( -9.115936689318759100E-011, 3.491483360863812800E-015, -1.000000000000000000 ) ) ;
#2804 = DIRECTION ( 'NONE',  ( -9.115936689318759100E-011, 3.366713061171388300E-015, -1.000000000000000000 ) ) ;
#2805 = CARTESIAN_POINT ( 'NONE',  ( 1979.282032247441100, -40.00000000000270000, 1832.999999988716400 ) ) ;
#2806 = DIRECTION ( 'NONE',  ( -9.115936689318759100E-011, 3.491483360863812800E-015, -1.000000000000000000 ) ) ;
#2807 = CARTESIAN_POINT ( 'NONE',  ( 1887.563947981234400, -96.92877226973490700, 1854.636983194216600 ) ) ;
#2808 = CARTESIAN_POINT ( 'NONE',  ( 1909.999999945415800, -2.206979197005627500E-012, 1840.999999995032100 ) ) ;
#2809 = CIRCLE ( 'NONE', #2445, 11.50000000000006600 ) ;
#2810 = CARTESIAN_POINT ( 'NONE',  ( 1879.861549775346500, 28.10524538119940600, 1841.999999997779700 ) ) ;
#2811 = EDGE_CURVE ( 'NONE', #1297, #3087, #2579, .T. ) ;
#2812 = AXIS2_PLACEMENT_3D ( 'NONE', #1357, #3053, #1624 ) ;
#2813 = CARTESIAN_POINT ( 'NONE',  ( 1825.912137959246100, -54.12237491317776500, 1864.000000002697600 ) ) ;
#2814 = LINE ( 'NONE', #2315, #1541 ) ;
#2815 = CARTESIAN_POINT ( 'NONE',  ( 1869.861549775346500, 28.10524538119940600, 1841.999999998691200 ) ) ;
#2816 = VECTOR ( 'NONE', #345, 1000.000000000000000 ) ;
#2817 = VECTOR ( 'NONE', #2981, 1000.000000000000000 ) ;
#2818 = DIRECTION ( 'NONE',  ( -9.115936689318759100E-011, 3.491483360863812800E-015, -1.000000000000000000 ) ) ;
#2819 = VECTOR ( 'NONE', #3012, 1000.000000000000000 ) ;
#2820 = VECTOR ( 'NONE', #3308, 1000.000000000000000 ) ;
#2821 = DIRECTION ( 'NONE',  ( 1.000000000000000000, 0.0000000000000000000, -9.116041255197152600E-011 ) ) ;
#2822 = CIRCLE ( 'NONE', #2692, 10.00000000000000900 ) ;
#2823 = FILL_AREA_STYLE ('',( #1450 ) ) ;
#2824 = EDGE_CURVE ( 'NONE', #1157, #1113, #2028, .T. ) ;
#2825 = ORIENTED_EDGE ( 'NONE', *, *, #3140, .T. ) ;
#2826 = CARTESIAN_POINT ( 'NONE',  ( 1952.499999945415800, -2.612163008687418100E-012, 1840.999999991157900 ) ) ;
#2827 = ORIENTED_EDGE ( 'NONE', *, *, #1615, .F. ) ;
#2828 = VERTEX_POINT ( 'NONE', #1428 ) ;
#2829 = ORIENTED_EDGE ( 'NONE', *, *, #2795, .T. ) ;
#2830 = AXIS2_PLACEMENT_3D ( 'NONE', #211, #195, #217 ) ;
#2831 = ORIENTED_EDGE ( 'NONE', *, *, #617, .F. ) ;
#2832 = VERTEX_POINT ( 'NONE', #2151 ) ;
#2833 = DIRECTION ( 'NONE',  ( -9.115936689318759100E-011, 3.491483360863812800E-015, -1.000000000000000000 ) ) ;
#2834 = ORIENTED_EDGE ( 'NONE', *, *, #1772, .F. ) ;
#2835 = AXIS2_PLACEMENT_3D ( 'NONE', #276, #2217, #589 ) ;
#2836 = ORIENTED_EDGE ( 'NONE', *, *, #86, .T. ) ;
#2837 = FILL_AREA_STYLE_COLOUR ( '', #1262 ) ;
#2838 = DIRECTION ( 'NONE',  ( -1.000000000000000000, 0.0000000000000000000, 9.116890249275025600E-011 ) ) ;
#2839 = CARTESIAN_POINT ( 'NONE',  ( 1989.999999944686400, -3.108624468950438300E-012, 1832.999999987739300 ) ) ;
#2840 = DIRECTION ( 'NONE',  ( -9.115936689318759100E-011, 3.491483360863812800E-015, -1.000000000000000000 ) ) ;
#2841 = CARTESIAN_POINT ( 'NONE',  ( 1840.717967643389100, -40.00000000000098100, 1849.000000001348300 ) ) ;
#2842 = AXIS2_PLACEMENT_3D ( 'NONE', #2502, #2495, #2420 ) ;
#2843 = ORIENTED_EDGE ( 'NONE', *, *, #2733, .F. ) ;
#2844 = VECTOR ( 'NONE', #2914, 1000.000000000000000 ) ;
#2845 = VERTEX_POINT ( 'NONE', #3108 ) ;
#2846 = DIRECTION ( 'NONE',  ( -1.000000000000000000, 0.0000000000000000000, 9.116890249275025600E-011 ) ) ;
#2847 = FACE_OUTER_BOUND ( 'NONE', #759, .T. ) ;
#2848 = EDGE_CURVE ( 'NONE', #864, #1887, #458, .T. ) ;
#2849 = VECTOR ( 'NONE', #2593, 1000.000000000000000 ) ;
#2850 = FACE_OUTER_BOUND ( 'NONE', #1382, .T. ) ;
#2851 = CARTESIAN_POINT ( 'NONE',  ( 1909.999999947511900, -2.643586358909730000E-012, 1863.999999995032100 ) ) ;
#2852 = FACE_BOUND ( 'NONE', #527, .T. ) ;
#2853 = CYLINDRICAL_SURFACE ( 'NONE', #825, 5.100000000000104400 ) ;
#2854 = CARTESIAN_POINT ( 'NONE',  ( 1908.548434175234400, 89.27673948888924800, 1865.866126240305200 ) ) ;
#2855 = ORIENTED_EDGE ( 'NONE', *, *, #2231, .T. ) ;
#2856 = DIRECTION ( 'NONE',  ( 1.000000000000000000, 0.0000000000000000000, -9.115819210592227600E-011 ) ) ;
#2857 = DIRECTION ( 'NONE',  ( -1.000000000000000000, 0.0000000000000000000, 9.115413737835363400E-011 ) ) ;
#2858 = ORIENTED_EDGE ( 'NONE', *, *, #1915, .F. ) ;
#2859 = CARTESIAN_POINT ( 'NONE',  ( 1858.361549775620000, 28.10524538119946700, 1844.999999999739200 ) ) ;
#2860 = EDGE_CURVE ( 'NONE', #1430, #1442, #3145, .T. ) ;
#2861 = DIRECTION ( 'NONE',  ( 1.000000000000000000, 0.0000000000000000000, -9.116000135825862400E-011 ) ) ;
#2862 = ORIENTED_EDGE ( 'NONE', *, *, #196, .T. ) ;
#2863 = ORIENTED_EDGE ( 'NONE', *, *, #294, .T. ) ;
#2864 = ORIENTED_EDGE ( 'NONE', *, *, #2372, .F. ) ;
#2865 = AXIS2_PLACEMENT_3D ( 'NONE', #502, #577, #560 ) ;
#2866 = CARTESIAN_POINT ( 'NONE',  ( 1912.479836323535400, 88.64628310592142700, 1866.767189641508600 ) ) ;
#2867 = AXIS2_PLACEMENT_3D ( 'NONE', #3205, #1780, #3464 ) ;
#2868 = EDGE_CURVE ( 'NONE', #2649, #1176, #1178, .T. ) ;
#2869 =( LENGTH_UNIT ( ) NAMED_UNIT ( * ) SI_UNIT ( .MILLI., .METRE. ) );
#2870 = B_SPLINE_CURVE_WITH_KNOTS ( 'NONE', 3,
 ( #1526, #611, #627, #2472, #930, #2729, #1248, #2949, #1534, #3201, #1776, #3457, #2019, #332, #2256, #634, #2484, #945, #2736, #1255, #2962, #1544, #3208, #1785, #3466, #2025 ),
 .UNSPECIFIED., .F., .F.,
 ( 4, 2, 2, 2, 2, 2, 2, 2, 2, 2, 2, 2, 4 ),
 ( 2.775557561562891400E-017, 0.002467596758789863300, 0.003701395138184975300, 0.004935193517580088200, 0.007402790276370608100, 0.008636588655765621200, 0.009870387035160632600, 0.01110418541455564400, 0.01233798379395065600, 0.01480558055274070100, 0.01603937893213546300, 0.01727317731153022200, 0.01974077407031972500 ),
 .UNSPECIFIED. ) ;
#2871 = DIRECTION ( 'NONE',  ( -1.000000000000000000, 0.0000000000000000000, 9.116890249275025600E-011 ) ) ;
#2872 = CARTESIAN_POINT ( 'NONE',  ( 1944.899999944685800, -69.28203230275764200, 1832.999999991850700 ) ) ;
#2873 = CARTESIAN_POINT ( 'NONE',  ( 1813.185235908928500, 25.03800040579985600, 1870.681575406081700 ) ) ;
#2874 = LINE ( 'NONE', #2572, #1618 ) ;
#2875 = CARTESIAN_POINT ( 'NONE',  ( 1869.999999946144300, -69.28203230275681800, 1848.999999998678500 ) ) ;
#2876 = VECTOR ( 'NONE', #2084, 1000.000000000000100 ) ;
#2877 = STYLED_ITEM ( 'NONE', ( #216 ), #1314 ) ;
#2878 = ORIENTED_EDGE ( 'NONE', *, *, #1144, .F. ) ;
#2879 = LINE ( 'NONE', #2482, #2257 ) ;
#2880 = LINE ( 'NONE', #614, #2817 ) ;
#2881 = CARTESIAN_POINT ( 'NONE',  ( 1909.999999929764500, -1.776356839400250500E-012, 1669.311146862859700 ) ) ;
#2882 = CARTESIAN_POINT ( 'NONE',  ( 1805.999999948121700, -2.220446049250313100E-012, 1870.681575406825000 ) ) ;
#2883 = DIRECTION ( 'NONE',  ( -9.115936689318759100E-011, 3.491483360863812800E-015, -1.000000000000000000 ) ) ;
#2884 = ORIENTED_EDGE ( 'NONE', *, *, #2326, .F. ) ;
#2885 = EDGE_CURVE ( 'NONE', #2450, #640, #3068, .T. ) ;
#2886 = AXIS2_PLACEMENT_3D ( 'NONE', #1355, #3047, #1621 ) ;
#2887 = VERTEX_POINT ( 'NONE', #1146 ) ;
#2888 = DIRECTION ( 'NONE',  ( 9.115936689318759100E-011, -3.366713061171388300E-015, 1.000000000000000000 ) ) ;
#2889 = VECTOR ( 'NONE', #2629, 1000.000000000000100 ) ;
#2890 = ORIENTED_EDGE ( 'NONE', *, *, #2539, .F. ) ;
#2891 = DIRECTION ( 'NONE',  ( -1.000000000000000000, 0.0000000000000000000, 9.116890249275025600E-011 ) ) ;
#2892 = ORIENTED_EDGE ( 'NONE', *, *, #2624, .T. ) ;
#2893 = CARTESIAN_POINT ( 'NONE',  ( 1863.977104943674500, -18.22479452994674900, 1840.999999999227400 ) ) ;
#2894 = ORIENTED_EDGE ( 'NONE', *, *, #794, .F. ) ;
#2895 = ORIENTED_EDGE ( 'NONE', *, *, #1136, .F. ) ;
#2896 = VERTEX_POINT ( 'NONE', #1696 ) ;
#2897 = ORIENTED_EDGE ( 'NONE', *, *, #794, .T. ) ;
#2898 = ORIENTED_EDGE ( 'NONE', *, *, #314, .F. ) ;
#2899 = CARTESIAN_POINT ( 'NONE',  ( 1909.999999944685700, -80.00000000000228800, 1832.999999995032100 ) ) ;
#2900 = CARTESIAN_POINT ( 'NONE',  ( 1952.499999944686400, -2.584231141800507600E-012, 1832.999999991157900 ) ) ;
#2901 = ORIENTED_EDGE ( 'NONE', *, *, #1981, .T. ) ;
#2902 = AXIS2_PLACEMENT_3D ( 'NONE', #3131, #3177, #3174 ) ;
#2903 = CARTESIAN_POINT ( 'NONE',  ( 1876.732734009802200, -37.32678685835882200, 1840.999999998064800 ) ) ;
#2904 = ORIENTED_EDGE ( 'NONE', *, *, #1077, .T. ) ;
#2905 = AXIS2_PLACEMENT_3D ( 'NONE', #3167, #1740, #3420 ) ;
#2906 = DIRECTION ( 'NONE',  ( -1.000000000000000000, 0.0000000000000000000, 9.116890249275025600E-011 ) ) ;
#2907 = CARTESIAN_POINT ( 'NONE',  ( 1864.899999944687400, 69.28203230275364900, 1832.999999999143900 ) ) ;
#2908 = PLANE ( 'NONE',  #1193 ) ;
#2909 = CIRCLE ( 'NONE', #80, 11.50000000000006600 ) ;
#2910 = DIRECTION ( 'NONE',  ( -9.115936689318759100E-011, 3.491483360863812800E-015, -1.000000000000000000 ) ) ;
#2911 = CARTESIAN_POINT ( 'NONE',  ( 1838.938400719150200, -70.35800675993519300, 1854.500000001510200 ) ) ;
#2912 = ORIENTED_EDGE ( 'NONE', *, *, #2524, .T. ) ;
#2913 = CARTESIAN_POINT ( 'NONE',  ( 1883.308631192067400, -87.30353338382779800, 1861.165587770209000 ) ) ;
#2914 = DIRECTION ( 'NONE',  ( 9.115936689318759100E-011, -3.366713061171388300E-015, 1.000000000000000000 ) ) ;
#2915 = EDGE_CURVE ( 'NONE', #2302, #44, #1879, .T. ) ;
#2916 = VECTOR ( 'NONE', #243, 1000.000000000000000 ) ;
#2917 = CIRCLE ( 'NONE', #2812, 10.00000000000000900 ) ;
#2918 = CIRCLE ( 'NONE', #2798, 11.50000000000006600 ) ;
#2919 = FACE_OUTER_BOUND ( 'NONE', #1368, .T. ) ;
#2920 = FACE_BOUND ( 'NONE', #1015, .T. ) ;
#2921 = AXIS2_PLACEMENT_3D ( 'NONE', #1190, #2910, #1490 ) ;
#2922 = DIRECTION ( 'NONE',  ( -1.000000000000000000, 0.0000000000000000000, 9.115413737835363400E-011 ) ) ;
#2923 = DIRECTION ( 'NONE',  ( -5.713947706666730600E-012, -2.209419642093423900E-011, -1.000000000000000000 ) ) ;
#2924 = FACE_OUTER_BOUND ( 'NONE', #955, .T. ) ;
#2925 = FACE_OUTER_BOUND ( 'NONE', #150, .T. ) ;
#2926 = AXIS2_PLACEMENT_3D ( 'NONE', #826, #2641, #1141 ) ;
#2927 = VECTOR ( 'NONE', #1786, 1000.000000000000000 ) ;
#2928 = DIRECTION ( 'NONE',  ( -9.115936689318759100E-011, 3.491483360863812800E-015, -1.000000000000000000 ) ) ;
#2929 = DIRECTION ( 'NONE',  ( 9.115936689318759100E-011, -3.366713061171388300E-015, 1.000000000000000000 ) ) ;
#2930 = EDGE_LOOP ( 'NONE', ( #612, #704, #758, #662 ) ) ;
#2931 = LINE ( 'NONE', #1832, #2927 ) ;
#2932 = ORIENTED_EDGE ( 'NONE', *, *, #2531, .T. ) ;
#2933 = ORIENTED_EDGE ( 'NONE', *, *, #3172, .T. ) ;
#2934 = VERTEX_POINT ( 'NONE', #3374 ) ;
#2935 = CARTESIAN_POINT ( 'NONE',  ( 1949.999999944685700, -69.28203230275764200, 1832.999999991385700 ) ) ;
#2936 = ORIENTED_EDGE ( 'NONE', *, *, #2252, .T. ) ;
#2937 = VERTEX_POINT ( 'NONE', #2400 ) ;
#2938 = CARTESIAN_POINT ( 'NONE',  ( 1989.999999944686400, -3.108624468950438300E-012, 1832.999999987739300 ) ) ;
#2939 = EDGE_CURVE ( 'NONE', #711, #2887, #1084, .T. ) ;
#2940 = AXIS2_PLACEMENT_3D ( 'NONE', #1929, #1836, #1865 ) ;
#2941 = EDGE_CURVE ( 'NONE', #3317, #2335, #1801, .T. ) ;
#2943 = CARTESIAN_POINT ( 'NONE',  ( 1943.267265881028800, 37.32678685835433200, 1840.999999991999900 ) ) ;
#2942 = AXIS2_PLACEMENT_3D ( 'NONE', #2380, #818, #2631 ) ;
#2944 = FACE_OUTER_BOUND ( 'NONE', #373, .T. ) ;
#2945 = CARTESIAN_POINT ( 'NONE',  ( 1829.999999944686400, -1.332267629550187800E-012, 1833.000000002324900 ) ) ;
#2946 = CIRCLE ( 'NONE', #1816, 5.100000000000104400 ) ;
#2947 = CARTESIAN_POINT ( 'NONE',  ( 1909.999999946646300, -2.220446049250313500E-012, 1854.499999995032600 ) ) ;
#2948 = CIRCLE ( 'NONE', #2254, 10.00000000000000900 ) ;
#2949 = CARTESIAN_POINT ( 'NONE',  ( 1894.137848620235900, -87.49091632074258500, 1866.417819928110500 ) ) ;
#2950 = VERTEX_POINT ( 'NONE', #3382 ) ;
#2951 = EDGE_CURVE ( 'NONE', #2126, #901, #983, .T. ) ;
#2952 = CIRCLE ( 'NONE', #1893, 5.099999999999882400 ) ;
#2953 = AXIS2_PLACEMENT_3D ( 'NONE', #1277, #1215, #1400 ) ;
#2954 = VERTEX_POINT ( 'NONE', #857 ) ;
#2955 = CIRCLE ( 'NONE', #164, 11.50000000000006600 ) ;
#2956 = EDGE_CURVE ( 'NONE', #295, #640, #142, .T. ) ;
#2957 = AXIS2_PLACEMENT_3D ( 'NONE', #3325, #1885, #140 ) ;
#2958 = CIRCLE ( 'NONE', #770, 10.00000000000000900 ) ;
#2959 = DIRECTION ( 'NONE',  ( 9.115936689318759100E-011, -3.366713061171388300E-015, 1.000000000000000000 ) ) ;
#2960 = DIRECTION ( 'NONE',  ( -1.000000000000000000, 0.0000000000000000000, 9.114931032172527400E-011 ) ) ;
#2961 = VERTEX_POINT ( 'NONE', #1954 ) ;
#2962 = CARTESIAN_POINT ( 'NONE',  ( 1893.598752292315800, -92.86705539712529900, 1858.429940440323400 ) ) ;
#2963 = ORIENTED_EDGE ( 'NONE', *, *, #2444, .T. ) ;
#2964 = ORIENTED_EDGE ( 'NONE', *, *, #2675, .F. ) ;
#2965 = EDGE_LOOP ( 'NONE', ( #118, #204, #156, #72 ) ) ;
#2966 = CARTESIAN_POINT ( 'NONE',  ( 1833.998248682841200, -57.81594642611538900, 1856.667400468976400 ) ) ;
#2967 = VERTEX_POINT ( 'NONE', #1169 ) ;
#2968 = ORIENTED_EDGE ( 'NONE', *, *, #134, .F. ) ;
#2969 = ORIENTED_EDGE ( 'NONE', *, *, #218, .F. ) ;
#2970 = VERTEX_POINT ( 'NONE', #562 ) ;
#2971 = EDGE_CURVE ( 'NONE', #1117, #2338, #259, .T. ) ;
#2972 = ORIENTED_EDGE ( 'NONE', *, *, #2604, .F. ) ;
#2973 = CARTESIAN_POINT ( 'NONE',  ( 1863.977104944039400, 18.22479452994334500, 1844.999999999227400 ) ) ;
#2974 = CARTESIAN_POINT ( 'NONE',  ( 1950.138450116943900, 28.10524538119851800, 1855.999999991373400 ) ) ;
#2975 = CARTESIAN_POINT ( 'NONE',  ( 1837.581533475897000, -62.61910259653306800, 1856.306707265376200 ) ) ;
#2976 = CARTESIAN_POINT ( 'NONE',  ( 1869.861549776622300, -28.10524538120295900, 1855.999999998691500 ) ) ;
#2977 = CARTESIAN_POINT ( 'NONE',  ( 1875.099999944685800, -69.28203230275678900, 1832.999999998213500 ) ) ;
#2978 = AXIS2_PLACEMENT_3D ( 'NONE', #3175, #1748, #3430 ) ;
#2979 = DIRECTION ( 'NONE',  ( -9.115936689318759100E-011, 3.491483360863812800E-015, -1.000000000000000000 ) ) ;
#2980 = ORIENTED_EDGE ( 'NONE', *, *, #3312, .F. ) ;
#2981 = DIRECTION ( 'NONE',  ( 9.115936689318756500E-011, -3.491483360863812800E-015, 1.000000000000000000 ) ) ;
#2982 = LINE ( 'NONE', #1500, #41 ) ;
#2983 = ORIENTED_EDGE ( 'NONE', *, *, #1085, .T. ) ;
#2984 = DIRECTION ( 'NONE',  ( -1.000000000000000000, 0.0000000000000000000, 9.116890249275025600E-011 ) ) ;
#2985 = LINE ( 'NONE', #96, #2287 ) ;
#2986 = CYLINDRICAL_SURFACE ( 'NONE', #2464, 14.99999999999990200 ) ;
#2987 = CARTESIAN_POINT ( 'NONE',  ( 1977.499999947511900, -2.643586358909730000E-012, 1863.999999988878700 ) ) ;
#2988 = ORIENTED_EDGE ( 'NONE', *, *, #2730, .T. ) ;
#2989 = DIRECTION ( 'NONE',  ( -9.115936689318759100E-011, 3.491483360863812800E-015, -1.000000000000000000 ) ) ;
#2990 = CIRCLE ( 'NONE', #878, 10.00000000000000900 ) ;
#2991 = CIRCLE ( 'NONE', #2115, 5.099999999999882400 ) ;
#2992 = CARTESIAN_POINT ( 'NONE',  ( 1909.999999947511900, -2.643586358909730000E-012, 1863.999999995032100 ) ) ;
#2993 = ORIENTED_EDGE ( 'NONE', *, *, #1242, .F. ) ;
#2994 = FACE_OUTER_BOUND ( 'NONE', #1059, .T. ) ;
#2995 = AXIS2_PLACEMENT_3D ( 'NONE', #2404, #2349, #2389 ) ;
#2996 = CARTESIAN_POINT ( 'NONE',  ( 1909.999999945780500, -2.220446049250313100E-012, 1844.999999995032100 ) ) ;
#2997 = ORIENTED_EDGE ( 'NONE', *, *, #1675, .T. ) ;
#2998 = FACE_OUTER_BOUND ( 'NONE', #1105, .T. ) ;
#2999 = DIRECTION ( 'NONE',  ( -9.115936689318759100E-011, 3.491483360863812800E-015, -1.000000000000000000 ) ) ;
#3000 = ORIENTED_EDGE ( 'NONE', *, *, #696, .F. ) ;
#3001 = EDGE_CURVE ( 'NONE', #3198, #700, #1730, .T. ) ;
#3002 = AXIS2_PLACEMENT_3D ( 'NONE', #2282, #681, #2515 ) ;
#3003 = ORIENTED_EDGE ( 'NONE', *, *, #2098, .F. ) ;
#3004 = VERTEX_POINT ( 'NONE', #2907 ) ;
#3005 = DIRECTION ( 'NONE',  ( -1.000000000000000000, 0.0000000000000000000, 9.115936689318759100E-011 ) ) ;
#3006 = CARTESIAN_POINT ( 'NONE',  ( 1840.717967641930500, -40.00000000000092400, 1833.000000001348300 ) ) ;
#3007 = ORIENTED_EDGE ( 'NONE', *, *, #2382, .T. ) ;
#3008 = VERTEX_POINT ( 'NONE', #2199 ) ;
#3009 = ORIENTED_EDGE ( 'NONE', *, *, #2941, .T. ) ;
#3010 = CARTESIAN_POINT ( 'NONE',  ( 1891.152756942071600, -94.42044027114404500, 1855.495936503720700 ) ) ;
#3011 = ORIENTED_EDGE ( 'NONE', *, *, #2621, .T. ) ;
#3012 = DIRECTION ( 'NONE',  ( -9.115936689318759100E-011, 3.491483360863812800E-015, -1.000000000000000000 ) ) ;
#3013 = CARTESIAN_POINT ( 'NONE',  ( 1872.425156929164600, -82.77421688554743200, 1863.471611907052900 ) ) ;
#3014 = DIRECTION ( 'NONE',  ( -1.000000000000000000, 0.0000000000000000000, 9.116890249275025600E-011 ) ) ;
#3015 = VERTEX_POINT ( 'NONE', #3414 ) ;
#3016 = DIRECTION ( 'NONE',  ( -1.000000000000000000, 0.0000000000000000000, 9.116890249275025600E-011 ) ) ;
#3017 = EDGE_CURVE ( 'NONE', #1060, #3004, #2283, .T. ) ;
#3018 = DIRECTION ( 'NONE',  ( -1.000000000000000000, 0.0000000000000000000, 9.115413737835363400E-011 ) ) ;
#3019 = AXIS2_PLACEMENT_3D ( 'NONE', #679, #587, #635 ) ;
#3020 = CARTESIAN_POINT ( 'NONE',  ( 2013.999999946549200, -2.207709722539180400E-012, 1853.428203215827100 ) ) ;
#3021 = DIRECTION ( 'NONE',  ( 1.153081754847692800E-014, 1.000000000000000000, 4.612327019390770900E-015 ) ) ;
#3022 = EDGE_CURVE ( 'NONE', #2607, #1545, #1653, .T. ) ;
#3023 = DIRECTION ( 'NONE',  ( -1.000000000000000000, 0.0000000000000000000, 9.115803121123890200E-011 ) ) ;
#3024 = EDGE_CURVE ( 'NONE', #901, #215, #888, .T. ) ;
#3025 = AXIS2_PLACEMENT_3D ( 'NONE', #3234, #1812, #37 ) ;
#3026 = DIRECTION ( 'NONE',  ( 1.000000000000000000, 0.0000000000000000000, -9.115936689318759100E-011 ) ) ;
#3027 = CARTESIAN_POINT ( 'NONE',  ( 1909.999999946737500, -2.227665505580599600E-012, 1855.495936502003100 ) ) ;
#3028 = VERTEX_POINT ( 'NONE', #3418 ) ;
#3029 = EDGE_CURVE ( 'NONE', #364, #1150, #1579, .T. ) ;
#3030 = LINE ( 'NONE', #3020, #1033 ) ;
#3031 = CARTESIAN_POINT ( 'NONE',  ( 1944.899999944685800, -69.28203230275764200, 1832.999999991850700 ) ) ;
#3032 = ORIENTED_EDGE ( 'NONE', *, *, #1759, .F. ) ;
#3033 = CIRCLE ( 'NONE', #1939, 5.099999999999882400 ) ;
#3034 = CARTESIAN_POINT ( 'NONE',  ( 1909.999999946737500, -2.227665505580599600E-012, 1855.495936502003100 ) ) ;
#3035 = DIRECTION ( 'NONE',  ( -1.000000000000000000, 0.0000000000000000000, 9.116890249275025600E-011 ) ) ;
#3036 = CIRCLE ( 'NONE', #1393, 11.50000000000006600 ) ;
#3037 = CARTESIAN_POINT ( 'NONE',  ( 1995.999999944686400, -3.135821547755950600E-012, 1832.999999987192500 ) ) ;
#3038 = ORIENTED_EDGE ( 'NONE', *, *, #2956, .T. ) ;
#3039 = COLOUR_RGB ( '',0.5019607843137254800, 0.5019607843137254800, 0.5019607843137254800 ) ;
#3040 = CARTESIAN_POINT ( 'NONE',  ( 1958.520588182077100, -9.798087430774128100, 1855.999999990609200 ) ) ;
#3041 = VERTEX_POINT ( 'NONE', #1980 ) ;
#3042 = FACE_OUTER_BOUND ( 'NONE', #1235, .T. ) ;
#3043 = CYLINDRICAL_SURFACE ( 'NONE', #85, 5.099999999999882400 ) ;
#3045 = CARTESIAN_POINT ( 'NONE',  ( 1974.182032248900900, 39.99999999999642600, 1848.999999989181800 ) ) ;
#3044 = AXIS2_PLACEMENT_3D ( 'NONE', #874, #884, #869 ) ;
#3046 = DIRECTION ( 'NONE',  ( -1.000000000000000000, 2.664535259100367800E-015, 9.115940325831266900E-011 ) ) ;
#3047 = DIRECTION ( 'NONE',  ( -9.115936689318759100E-011, 3.491483360863812800E-015, -1.000000000000000000 ) ) ;
#3048 = FACE_OUTER_BOUND ( 'NONE', #1323, .T. ) ;
#3049 = VERTEX_POINT ( 'NONE', #2698 ) ;
#3050 = ORIENTED_EDGE ( 'NONE', *, *, #2915, .T. ) ;
#3051 = EDGE_CURVE ( 'NONE', #1887, #125, #2218, .T. ) ;
#3052 = AXIS2_PLACEMENT_3D ( 'NONE', #741, #2575, #1068 ) ;
#3053 = DIRECTION ( 'NONE',  ( 9.115936689318759100E-011, -3.366713061171388300E-015, 1.000000000000000000 ) ) ;
#3054 = ORIENTED_EDGE ( 'NONE', *, *, #1840, .F. ) ;
#3055 = ORIENTED_EDGE ( 'NONE', *, *, #1597, .T. ) ;
#3056 = VERTEX_POINT ( 'NONE', #2457 ) ;
#3057 = DIRECTION ( 'NONE',  ( -9.115936689318759100E-011, 3.491483360863812800E-015, -1.000000000000000000 ) ) ;
#3058 = FACE_OUTER_BOUND ( 'NONE', #526, .T. ) ;
#3059 = ORIENTED_EDGE ( 'NONE', *, *, #2280, .T. ) ;
#3060 = DIRECTION ( 'NONE',  ( -9.115936689318759100E-011, 3.491483360863812800E-015, -1.000000000000000000 ) ) ;
#3061 = DIRECTION ( 'NONE',  ( 9.115936689318759100E-011, -3.491483360848313300E-015, 1.000000000000000000 ) ) ;
#3062 = DIRECTION ( 'NONE',  ( -1.000000000000000000, 4.440892098500626200E-014, 9.115413737835363400E-011 ) ) ;
#3063 = AXIS2_PLACEMENT_3D ( 'NONE', #3141, #3061, #3026 ) ;
#3064 = CARTESIAN_POINT ( 'NONE',  ( 2006.283114301608500, -2.208654768469649600E-012, 1855.495936493226300 ) ) ;
#3065 = CARTESIAN_POINT ( 'NONE',  ( 1909.999999946646300, -2.187276957322107300E-012, 1854.499999995032600 ) ) ;
#3066 = AXIS2_PLACEMENT_3D ( 'NONE', #1941, #1930, #2648 ) ;
#3067 = ORIENTED_EDGE ( 'NONE', *, *, #2615, .T. ) ;
#3068 = CIRCLE ( 'NONE', #1721, 10.00000000000000900 ) ;
#3069 = ORIENTED_EDGE ( 'NONE', *, *, #3329, .T. ) ;
#3070 = LINE ( 'NONE', #2569, #46 ) ;
#3071 = CIRCLE ( 'NONE', #1317, 50.00000000000004300 ) ;
#3072 = CARTESIAN_POINT ( 'NONE',  ( 1867.499999944686400, -1.696052722100383000E-012, 1832.999999998906600 ) ) ;
#3073 = ORIENTED_EDGE ( 'NONE', *, *, #2756, .T. ) ;
#3074 = LINE ( 'NONE', #3409, #1278 ) ;
#3075 = CIRCLE ( 'NONE', #1791, 50.00000000000004300 ) ;
#3076 = DIRECTION ( 'NONE',  ( -1.000000000000000000, 0.0000000000000000000, 9.114931032172527400E-011 ) ) ;
#3077 = CARTESIAN_POINT ( 'NONE',  ( 1845.817967641930400, -40.00000000000095200, 1833.000000000883300 ) ) ;
#3078 = ORIENTED_EDGE ( 'NONE', *, *, #872, .T. ) ;
#3079 = FACE_OUTER_BOUND ( 'NONE', #1154, .T. ) ;
#3080 = FACE_OUTER_BOUND ( 'NONE', #1386, .T. ) ;
#3081 = CIRCLE ( 'NONE', #2010, 50.00000000000004300 ) ;
#3082 = EDGE_CURVE ( 'NONE', #182, #2272, #2982, .T. ) ;
#3083 = ORIENTED_EDGE ( 'NONE', *, *, #1218, .F. ) ;
#3084 = DIRECTION ( 'NONE',  ( -1.000000000000000000, 0.0000000000000000000, 9.116890249275025600E-011 ) ) ;
#3085 = VERTEX_POINT ( 'NONE', #2704 ) ;
#3086 = ORIENTED_EDGE ( 'NONE', *, *, #1288, .T. ) ;
#3087 = VERTEX_POINT ( 'NONE', #1515 ) ;
#3088 = DIRECTION ( 'NONE',  ( 9.115936689318759100E-011, -3.491483360863812800E-015, 1.000000000000000000 ) ) ;
#3089 = ORIENTED_EDGE ( 'NONE', *, *, #3188, .T. ) ;
#3090 = ORIENTED_EDGE ( 'NONE', *, *, #302, .F. ) ;
#3091 = DIRECTION ( 'NONE',  ( -9.115936689318759100E-011, 3.491483360863812800E-015, -1.000000000000000000 ) ) ;
#3092 = ORIENTED_EDGE ( 'NONE', *, *, #596, .F. ) ;
#3093 = EDGE_CURVE ( 'NONE', #625, #364, #2775, .T. ) ;
#3094 =( GEOMETRIC_REPRESENTATION_CONTEXT ( 3 ) GLOBAL_UNCERTAINTY_ASSIGNED_CONTEXT ( ( #1521 ) ) GLOBAL_UNIT_ASSIGNED_CONTEXT ( ( #2869, #1439, #3116 ) ) REPRESENTATION_CONTEXT ( 'NONE', 'WORKASPACE' ) );
#3095 = FILL_AREA_STYLE_COLOUR ( '', #656 ) ;
#3096 = ORIENTED_EDGE ( 'NONE', *, *, #3335, .F. ) ;
#3097 = CARTESIAN_POINT ( 'NONE',  ( 1909.132623252238500, 89.45027662806143100, 1865.620162569191700 ) ) ;
#3098 = DIRECTION ( 'NONE',  ( 9.115936689318759100E-011, -3.491483360863812800E-015, 1.000000000000000000 ) ) ;
#3099 = CARTESIAN_POINT ( 'NONE',  ( 1825.912137957787500, -54.12237491317780100, 1848.000000002697800 ) ) ;
#3100 = DIRECTION ( 'NONE',  ( -1.000000000000000000, 0.0000000000000000000, 9.116890249275025600E-011 ) ) ;
#3101 = AXIS2_PLACEMENT_3D ( 'NONE', #1794, #1781, #1738 ) ;
#3102 = CARTESIAN_POINT ( 'NONE',  ( 1912.935835080748600, 87.94759537533885000, 1867.781384278078800 ) ) ;
#3103 = ORIENTED_EDGE ( 'NONE', *, *, #202, .F. ) ;
#3104 = CIRCLE ( 'NONE', #882, 5.099999999999882400 ) ;
#3105 = B_SPLINE_CURVE_WITH_KNOTS ( 'NONE', 3,
 ( #1838, #2072, #1607, #3269 ),
 .UNSPECIFIED., .F., .F.,
 ( 4, 4 ),
 ( 2.275557755926315400E-014, 0.001809663625403334400 ),
 .UNSPECIFIED. ) ;
#3106 = ORIENTED_EDGE ( 'NONE', *, *, #1531, .F. ) ;
#3107 = DIRECTION ( 'NONE',  ( 0.9351588095256474500, -0.2418485123025595200, 0.2588190450171942700 ) ) ;
#3108 = CARTESIAN_POINT ( 'NONE',  ( 1874.912031072557500, -93.64205487008192100, 1854.499999998230800 ) ) ;
#3109 = EDGE_CURVE ( 'NONE', #571, #175, #786, .T. ) ;
#3110 = VECTOR ( 'NONE', #896, 1000.000000000000000 ) ;
#3111 = AXIS2_PLACEMENT_3D ( 'NONE', #1926, #198, #2163 ) ;
#3112 = DIRECTION ( 'NONE',  ( -9.115936689318759100E-011, 3.491483360863812800E-015, -1.000000000000000000 ) ) ;
#3113 = CIRCLE ( 'NONE', #2320, 50.00000000000004300 ) ;
#3114 = CYLINDRICAL_SURFACE ( 'NONE', #574, 10.00000000000000900 ) ;
#3115 = CIRCLE ( 'NONE', #2732, 49.50000000000009900 ) ;
#3116 =( NAMED_UNIT ( * ) SI_UNIT ( $, .STERADIAN. ) SOLID_ANGLE_UNIT ( ) );
#3117 = VERTEX_POINT ( 'NONE', #3445 ) ;
#3118 = FACE_OUTER_BOUND ( 'NONE', #1332, .T. ) ;
#3119 = DIRECTION ( 'NONE',  ( 9.115936689318759100E-011, -3.366713061171388300E-015, 1.000000000000000000 ) ) ;
#3120 = ORIENTED_EDGE ( 'NONE', *, *, #2008, .T. ) ;
#3121 = PLANE ( 'NONE',  #3063 ) ;
#3122 = DIRECTION ( 'NONE',  ( -1.000000000000000000, 0.0000000000000000000, 9.116890249275025600E-011 ) ) ;
#3123 = ORIENTED_EDGE ( 'NONE', *, *, #2519, .F. ) ;
#3124 = VERTEX_POINT ( 'NONE', #2465 ) ;
#3125 = ORIENTED_EDGE ( 'NONE', *, *, #2013, .F. ) ;
#3126 = AXIS2_PLACEMENT_3D ( 'NONE', #1296, #1095, #1107 ) ;
#3127 = VECTOR ( 'NONE', #1411, 1000.000000000000000 ) ;
#3128 = ORIENTED_EDGE ( 'NONE', *, *, #76, .T. ) ;
#3129 = DIRECTION ( 'NONE',  ( 1.000000000000000000, 0.0000000000000000000, 0.0000000000000000000 ) ) ;
#3131 = CARTESIAN_POINT ( 'NONE',  ( 1869.861549776623000, 28.10524538119940600, 1855.999999998691500 ) ) ;
#3130 = AXIS2_PLACEMENT_3D ( 'NONE', #2826, #1367, #3062 ) ;
#3132 = ORIENTED_EDGE ( 'NONE', *, *, #1170, .T. ) ;
#3133 = FACE_OUTER_BOUND ( 'NONE', #1187, .T. ) ;
#3134 = DIRECTION ( 'NONE',  ( -9.115936689318759100E-011, 3.366713061171388300E-015, -1.000000000000000000 ) ) ;
#3135 = DIRECTION ( 'NONE',  ( 9.115936689318759100E-011, -3.366713061171388300E-015, 1.000000000000000000 ) ) ;
#3136 = VERTEX_POINT ( 'NONE', #301 ) ;
#3137 = DIRECTION ( 'NONE',  ( -1.000000000000000000, 0.0000000000000000000, 9.116890249275025600E-011 ) ) ;
#3138 = DIRECTION ( 'NONE',  ( -1.000000000000000000, 0.0000000000000000000, 9.115936689318759100E-011 ) ) ;
#3139 = CARTESIAN_POINT ( 'NONE',  ( 1952.499999945506700, -2.664535259100375700E-012, 1841.999999991157900 ) ) ;
#3140 = EDGE_CURVE ( 'NONE', #2950, #2595, #2062, .T. ) ;
#3141 = CARTESIAN_POINT ( 'NONE',  ( 1823.999999946053100, -69.00000000000127900, 1848.000000002871700 ) ) ;
#3142 = PRESENTATION_STYLE_ASSIGNMENT (( #2395 ) ) ;
#3143 = DIRECTION ( 'NONE',  ( -1.000000000000000000, 0.0000000000000000000, 9.115413737835363400E-011 ) ) ;
#3144 = ORIENTED_EDGE ( 'NONE', *, *, #3236, .T. ) ;
#3145 = LINE ( 'NONE', #1684, #366 ) ;
#3146 = AXIS2_PLACEMENT_3D ( 'NONE', #171, #149, #358 ) ;
#3147 = ORIENTED_EDGE ( 'NONE', *, *, #2722, .F. ) ;
#3148 = FACE_BOUND ( 'NONE', #1412, .T. ) ;
#3149 = CYLINDRICAL_SURFACE ( 'NONE', #1676, 10.00000000000000900 ) ;
#3150 = DIRECTION ( 'NONE',  ( -1.000000000000000000, 0.0000000000000000000, 9.116890249275025600E-011 ) ) ;
#3151 = DIRECTION ( 'NONE',  ( -9.115918429299363400E-011, 4.612327020231663500E-015, -1.000000000000000000 ) ) ;
#3152 = ORIENTED_EDGE ( 'NONE', *, *, #190, .T. ) ;
#3153 = EDGE_CURVE ( 'NONE', #820, #600, #2135, .T. ) ;
#3154 = AXIS2_PLACEMENT_3D ( 'NONE', #3453, #2007, #316 ) ;
#3155 = FACE_OUTER_BOUND ( 'NONE', #475, .T. ) ;
#3156 = CARTESIAN_POINT ( 'NONE',  ( 1840.717967641931900, 39.99999999999870700, 1833.000000001348300 ) ) ;
#3157 = ORIENTED_EDGE ( 'NONE', *, *, #2545, .F. ) ;
#3158 = VECTOR ( 'NONE', #3419, 1000.000000000000000 ) ;
#3159 = ORIENTED_EDGE ( 'NONE', *, *, #2463, .F. ) ;
#3160 = ORIENTED_EDGE ( 'NONE', *, *, #2326, .T. ) ;
#3161 = ORIENTED_EDGE ( 'NONE', *, *, #3355, .F. ) ;
#3162 = DIRECTION ( 'NONE',  ( 0.0000000000000000000, 0.5763808025151736500, 0.8171812347894218400 ) ) ;
#3163 = DIRECTION ( 'NONE',  ( -9.115936689318759100E-011, 3.491483360863812800E-015, -1.000000000000000000 ) ) ;
#3164 = ORIENTED_EDGE ( 'NONE', *, *, #2885, .F. ) ;
#3165 = EDGE_LOOP ( 'NONE', ( #2721, #3401, #724, #2646, #115, #436, #719, #2682, #1717, #1752 ) ) ;
#3166 = FACE_OUTER_BOUND ( 'NONE', #821, .T. ) ;
#3167 = CARTESIAN_POINT ( 'NONE',  ( 1869.999999944685700, -69.28203230275676100, 1832.999999998678500 ) ) ;
#3168 = ORIENTED_EDGE ( 'NONE', *, *, #922, .F. ) ;
#3169 = AXIS2_PLACEMENT_3D ( 'NONE', #1843, #1839, #1764 ) ;
#3170 = DIRECTION ( 'NONE',  ( -9.115936689318759100E-011, 3.491483360863812800E-015, -1.000000000000000000 ) ) ;
#3171 = ORIENTED_EDGE ( 'NONE', *, *, #2543, .F. ) ;
#3172 = EDGE_CURVE ( 'NONE', #824, #3041, #2870, .T. ) ;
#3174 = DIRECTION ( 'NONE',  ( -1.000000000000000000, 0.0000000000000000000, 9.115413737835363400E-011 ) ) ;
#3173 = AXIS2_PLACEMENT_3D ( 'NONE', #2738, #365, #2277 ) ;
#3175 = CARTESIAN_POINT ( 'NONE',  ( 1869.861549775619800, -28.10524538120297000, 1844.999999998691000 ) ) ;
#3176 = DIRECTION ( 'NONE',  ( -9.115936689318759100E-011, 3.491483360863812800E-015, -1.000000000000000000 ) ) ;
#3177 = DIRECTION ( 'NONE',  ( -9.115936689318759100E-011, 3.491483360863812800E-015, -1.000000000000000000 ) ) ;
#3178 = ORIENTED_EDGE ( 'NONE', *, *, #361, .T. ) ;
#3179 = DIRECTION ( 'NONE',  ( 9.115936689318759100E-011, -3.366713061171388300E-015, 1.000000000000000000 ) ) ;
#3180 = EDGE_CURVE ( 'NONE', #2338, #575, #2701, .T. ) ;
#3181 = LINE ( 'NONE', #3227, #1916 ) ;
#3183 = AXIS2_PLACEMENT_3D ( 'NONE', #334, #381, #300 ) ;
#3182 = CARTESIAN_POINT ( 'NONE',  ( 1869.861549775346000, -28.10524538120295900, 1841.999999998691200 ) ) ;
#3184 = ORIENTED_EDGE ( 'NONE', *, *, #1531, .T. ) ;
#3185 = DIRECTION ( 'NONE',  ( 9.115936689318759100E-011, -3.366713061171388300E-015, 1.000000000000000000 ) ) ;
#3186 = VECTOR ( 'NONE', #1463, 1000.000000000000000 ) ;
#3187 = CYLINDRICAL_SURFACE ( 'NONE', #1408, 5.100000000000104400 ) ;
#3188 = EDGE_CURVE ( 'NONE', #478, #867, #691, .T. ) ;
#3189 = FACE_OUTER_BOUND ( 'NONE', #619, .T. ) ;
#3190 = AXIS2_PLACEMENT_3D ( 'NONE', #660, #2492, #969 ) ;
#3191 = CIRCLE ( 'NONE', #1769, 11.50000000000006600 ) ;
#3192 = DIRECTION ( 'NONE',  ( -9.115936689318759100E-011, 3.366713061171388300E-015, -1.000000000000000000 ) ) ;
#3193 = CIRCLE ( 'NONE', #3216, 5.099999999999882400 ) ;
#3194 = DIRECTION ( 'NONE',  ( -1.000000000000000000, 0.0000000000000000000, 9.116890249275025600E-011 ) ) ;
#3195 = ORIENTED_EDGE ( 'NONE', *, *, #152, .T. ) ;
#3196 = CIRCLE ( 'NONE', #290, 50.00000000000004300 ) ;
#3197 = ORIENTED_EDGE ( 'NONE', *, *, #2284, .F. ) ;
#3198 = VERTEX_POINT ( 'NONE', #2973 ) ;
#3199 = DIRECTION ( 'NONE',  ( -9.116041255197122900E-011, 3.330669074887541500E-015, -1.000000000000000000 ) ) ;
#3200 = ORIENTED_EDGE ( 'NONE', *, *, #509, .T. ) ;
#3201 = CARTESIAN_POINT ( 'NONE',  ( 1894.669650907874900, -88.67907548492885900, 1864.819428899002300 ) ) ;
#3202 = ORIENTED_EDGE ( 'NONE', *, *, #1991, .T. ) ;
#3203 = CARTESIAN_POINT ( 'NONE',  ( 1861.479411710121700, 9.798087430769671300, 1840.999999999455200 ) ) ;
#3204 = AXIS2_PLACEMENT_3D ( 'NONE', #822, #805, #835 ) ;
#3205 = CARTESIAN_POINT ( 'NONE',  ( 1869.861549775619800, -28.10524538120297000, 1844.999999998691000 ) ) ;
#3206 = EDGE_CURVE ( 'NONE', #2012, #1049, #597, .T. ) ;
#3207 = AXIS2_PLACEMENT_3D ( 'NONE', #1874, #124, #2113 ) ;
#3208 = CARTESIAN_POINT ( 'NONE',  ( 1892.983332966983700, -93.40394701841816500, 1857.485462134927300 ) ) ;
#3209 = CARTESIAN_POINT ( 'NONE',  ( 1834.485251398808300, -58.27112235182000400, 1856.830129991242800 ) ) ;
#3210 = DIRECTION ( 'NONE',  ( -1.000000000000000000, 0.0000000000000000000, 9.116890249275025600E-011 ) ) ;
#3211 = CIRCLE ( 'NONE', #1171, 49.50000000000009900 ) ;
#3212 = ORIENTED_EDGE ( 'NONE', *, *, #1128, .T. ) ;
#3213 = FACE_BOUND ( 'NONE', #518, .T. ) ;
#3214 = FACE_OUTER_BOUND ( 'NONE', #694, .T. ) ;
#3215 = FACE_OUTER_BOUND ( 'NONE', #626, .T. ) ;
#3217 = CARTESIAN_POINT ( 'NONE',  ( 1859.861549775346000, -28.10524538120296600, 1841.999999999602600 ) ) ;
#3216 = AXIS2_PLACEMENT_3D ( 'NONE', #3006, #2989, #2984 ) ;
#3218 = ORIENTED_EDGE ( 'NONE', *, *, #2669, .F. ) ;
#3219 = CARTESIAN_POINT ( 'NONE',  ( 1838.061620537247300, -63.76270098151285000, 1855.725243423603800 ) ) ;
#3220 = FACE_OUTER_BOUND ( 'NONE', #1246, .T. ) ;
#3221 = CARTESIAN_POINT ( 'NONE',  ( 1960.138450115941400, 28.10524538119850700, 1844.999999990461900 ) ) ;
#3222 = VERTEX_POINT ( 'NONE', #1261 ) ;
#3223 = AXIS2_PLACEMENT_3D ( 'NONE', #2177, #1711, #3137 ) ;
#3224 = CYLINDRICAL_SURFACE ( 'NONE', #1120, 10.00000000000000900 ) ;
#3225 = CARTESIAN_POINT ( 'NONE',  ( 1950.138450114847000, 28.10524538119859600, 1832.999999991373000 ) ) ;
#3226 = ORIENTED_EDGE ( 'NONE', *, *, #2774, .F. ) ;
#3227 = CARTESIAN_POINT ( 'NONE',  ( 1912.999999948060300, -3.108624468950438300E-012, 1869.999999994758800 ) ) ;
#3228 = ORIENTED_EDGE ( 'NONE', *, *, #20, .F. ) ;
#3229 = CARTESIAN_POINT ( 'NONE',  ( 1860.894117592474500, 9.413411620611743300, 1840.999999999508600 ) ) ;
#3230 = ORIENTED_EDGE ( 'NONE', *, *, #1584, .T. ) ;
#3231 = ORIENTED_EDGE ( 'NONE', *, *, #27, .T. ) ;
#3232 = ORIENTED_EDGE ( 'NONE', *, *, #3306, .F. ) ;
#3233 = CARTESIAN_POINT ( 'NONE',  ( 1956.453781161562600, 18.49449132223370300, 1669.311146858625100 ) ) ;
#3234 = CARTESIAN_POINT ( 'NONE',  ( 1869.861549775620200, 28.10524538119944500, 1844.999999998691000 ) ) ;
#3235 = ORIENTED_EDGE ( 'NONE', *, *, #2656, .F. ) ;
#3236 = EDGE_CURVE ( 'NONE', #625, #1636, #1320, .T. ) ;
#3237 = DIRECTION ( 'NONE',  ( -1.000000000000000000, 0.0000000000000000000, 9.115936689318759100E-011 ) ) ;
#3238 = ORIENTED_EDGE ( 'NONE', *, *, #2290, .T. ) ;
#3239 = DIRECTION ( 'NONE',  ( 1.000000000000000000, 0.0000000000000000000, -9.116000135825862400E-011 ) ) ;
#3240 = DIRECTION ( 'NONE',  ( 1.032179507383259500E-014, 1.000000000000000000, 3.491483359907385200E-015 ) ) ;
#3241 = CARTESIAN_POINT ( 'NONE',  ( 1872.184728851116900, -87.74734459863958600, 1856.585695525391200 ) ) ;
#3242 = CARTESIAN_POINT ( 'NONE',  ( 1950.138450115576500, 28.10524538119857100, 1840.999999991373400 ) ) ;
#3243 = EDGE_CURVE ( 'NONE', #3359, #1116, #2619, .T. ) ;
#3244 = AXIS2_PLACEMENT_3D ( 'NONE', #584, #2439, #889 ) ;
#3245 = PLANE ( 'NONE',  #2417 ) ;
#3246 = CYLINDRICAL_SURFACE ( 'NONE', #3019, 11.50000000000006600 ) ;
#3247 = EDGE_CURVE ( 'NONE', #2828, #3415, #304, .T. ) ;
#3248 = DIRECTION ( 'NONE',  ( -9.115936689318759100E-011, 3.366713061155889200E-015, -1.000000000000000000 ) ) ;
#3249 = EDGE_CURVE ( 'NONE', #3085, #2937, #3181, .T. ) ;
#3250 = DIRECTION ( 'NONE',  ( -1.000000000000000000, 0.0000000000000000000, 9.115413737835363400E-011 ) ) ;
#3251 = ORIENTED_EDGE ( 'NONE', *, *, #2951, .T. ) ;
#3252 = CARTESIAN_POINT ( 'NONE',  ( 1872.923621728635500, -82.25503357257379400, 1864.477541429978400 ) ) ;
#3253 = VECTOR ( 'NONE', #351, 1000.000000000000000 ) ;
#3254 = ORIENTED_EDGE ( 'NONE', *, *, #3272, .F. ) ;
#3255 = LINE ( 'NONE', #2882, #1992 ) ;
#3256 = DIRECTION ( 'NONE',  ( -1.000000000000000000, 0.0000000000000000000, 9.115413737835363400E-011 ) ) ;
#3257 = ORIENTED_EDGE ( 'NONE', *, *, #2334, .F. ) ;
#3258 = CARTESIAN_POINT ( 'NONE',  ( 1863.546218712888500, 18.49449132223412200, 1832.999999999266900 ) ) ;
#3259 = CIRCLE ( 'NONE', #593, 11.50000000000006600 ) ;
#3260 = LINE ( 'NONE', #1971, #512 ) ;
#3261 = CARTESIAN_POINT ( 'NONE',  ( 1909.999999945780500, -2.220446049250313100E-012, 1844.999999995032100 ) ) ;
#3262 = EDGE_CURVE ( 'NONE', #1887, #864, #1223, .T. ) ;
#3263 = ORIENTED_EDGE ( 'NONE', *, *, #2519, .T. ) ;
#3264 = FACE_OUTER_BOUND ( 'NONE', #1383, .T. ) ;
#3265 = EDGE_CURVE ( 'NONE', #947, #1104, #415, .T. ) ;
#3267 = CARTESIAN_POINT ( 'NONE',  ( 1983.999999946145000, -3.164488202724259300E-012, 1848.999999988286200 ) ) ;
#3266 = AXIS2_PLACEMENT_3D ( 'NONE', #1822, #1809, #1831 ) ;
#3268 = CARTESIAN_POINT ( 'NONE',  ( 1956.022894947157300, 18.22479452994254600, 1840.999999990836800 ) ) ;
#3269 = CARTESIAN_POINT ( 'NONE',  ( 1912.999999948060100, 86.44796122523440800, 1869.999999994759000 ) ) ;
#3270 = ORIENTED_EDGE ( 'NONE', *, *, #2656, .T. ) ;
#3271 = VECTOR ( 'NONE', #3314, 1000.000000000000000 ) ;
#3272 = EDGE_CURVE ( 'NONE', #1442, #209, #500, .T. ) ;
#3273 = CIRCLE ( 'NONE', #112, 10.00000000000000900 ) ;
#3274 = EDGE_CURVE ( 'NONE', #982, #2360, #2467, .T. ) ;
#3275 = AXIS2_PLACEMENT_3D ( 'NONE', #1444, #3119, #1695 ) ;
#3276 = ORIENTED_EDGE ( 'NONE', *, *, #2473, .F. ) ;
#3277 = DIRECTION ( 'NONE',  ( 1.153081754847692800E-014, 1.000000000000000000, 4.612327019390770900E-015 ) ) ;
#3278 = EDGE_CURVE ( 'NONE', #2896, #3124, #3104, .T. ) ;
#3279 = ORIENTED_EDGE ( 'NONE', *, *, #2811, .F. ) ;
#3280 = ORIENTED_EDGE ( 'NONE', *, *, #3249, .F. ) ;
#3281 = ORIENTED_EDGE ( 'NONE', *, *, #748, .F. ) ;
#3282 = DIRECTION ( 'NONE',  ( -9.115936689318759100E-011, 3.491483360863812800E-015, -1.000000000000000000 ) ) ;
#3283 = CARTESIAN_POINT ( 'NONE',  ( 1974.182032247442300, 39.99999999999648300, 1832.999999989181800 ) ) ;
#3284 = CARTESIAN_POINT ( 'NONE',  ( 1949.999999944685700, -69.28203230275764200, 1832.999999991385700 ) ) ;
#3285 = ORIENTED_EDGE ( 'NONE', *, *, #3001, .F. ) ;
#3286 = DIRECTION ( 'NONE',  ( 1.000000000000000000, -9.251858538542620400E-015, 0.0000000000000000000 ) ) ;
#3287 = DIRECTION ( 'NONE',  ( 9.115936689318759100E-011, -3.366713061171388300E-015, 1.000000000000000000 ) ) ;
#3288 = EDGE_CURVE ( 'NONE', #508, #890, #1847, .T. ) ;
#3289 = AXIS2_PLACEMENT_3D ( 'NONE', #1114, #1173, #1244 ) ;
#3290 = CARTESIAN_POINT ( 'NONE',  ( 1943.267265882396300, 37.32678685835424700, 1855.999999991999900 ) ) ;
#3291 = DIRECTION ( 'NONE',  ( -1.000000000000000000, 0.0000000000000000000, 9.114931032172527400E-011 ) ) ;
#3292 = DIRECTION ( 'NONE',  ( 1.000000000000000000, 0.0000000000000000000, -9.114931032172527400E-011 ) ) ;
#3293 = AXIS2_PLACEMENT_3D ( 'NONE', #2815, #3297, #1869 ) ;
#3294 = CARTESIAN_POINT ( 'NONE',  ( 1814.628304871823500, -30.07057995042832800, 1854.500000003726400 ) ) ;
#3295 = PRODUCT_DEFINITION_CONTEXT ( 'detailed design', #1943, 'design' ) ;
#3296 = EDGE_CURVE ( 'NONE', #2406, #262, #307, .T. ) ;
#3297 = DIRECTION ( 'NONE',  ( 9.115936689318759100E-011, -3.366713061171388300E-015, 1.000000000000000000 ) ) ;
#3298 = SURFACE_STYLE_FILL_AREA ( #2823 ) ;
#3299 = ORIENTED_EDGE ( 'NONE', *, *, #2431, .T. ) ;
#3300 = LINE ( 'NONE', #2359, #1365 ) ;
#3301 = DIRECTION ( 'NONE',  ( 1.000000000000000000, 0.0000000000000000000, -9.114931032172527400E-011 ) ) ;
#3302 = CYLINDRICAL_SURFACE ( 'NONE', #308, 5.099999999999882400 ) ;
#3303 = CIRCLE ( 'NONE', #3289, 11.50000000000006600 ) ;
#3304 = LINE ( 'NONE', #3283, #744 ) ;
#3305 = ORIENTED_EDGE ( 'NONE', *, *, #1904, .F. ) ;
#3306 = EDGE_CURVE ( 'NONE', #2154, #175, #3030, .T. ) ;
#3307 = FACE_OUTER_BOUND ( 'NONE', #746, .T. ) ;
#3308 = DIRECTION ( 'NONE',  ( 9.115936689318759100E-011, -3.491483360863812800E-015, 1.000000000000000000 ) ) ;
#3309 = PRESENTATION_STYLE_ASSIGNMENT (( #497 ) ) ;
#3310 = FACE_OUTER_BOUND ( 'NONE', #286, .T. ) ;
#3311 = CARTESIAN_POINT ( 'NONE',  ( 1909.999999944686400, -2.327450239208500600E-012, 1832.999999995032100 ) ) ;
#3312 = EDGE_CURVE ( 'NONE', #1210, #346, #2384, .T. ) ;
#3314 = DIRECTION ( 'NONE',  ( 9.115936689318759100E-011, -3.366713061171388300E-015, 1.000000000000000000 ) ) ;
#3313 = AXIS2_PLACEMENT_3D ( 'NONE', #87, #83, #89 ) ;
#3315 = CARTESIAN_POINT ( 'NONE',  ( 1909.999999945415500, -2.354383943697871800E-012, 1840.999999995032100 ) ) ;
#3316 = DIRECTION ( 'NONE',  ( 1.000000000000000000, 0.0000000000000000000, -9.116041255197152600E-011 ) ) ;
#3317 = VERTEX_POINT ( 'NONE', #721 ) ;
#3318 = VERTEX_POINT ( 'NONE', #2314 ) ;
#3319 = VERTEX_POINT ( 'NONE', #3031 ) ;
#3320 = EDGE_CURVE ( 'NONE', #640, #2450, #1690, .T. ) ;
#3321 = CARTESIAN_POINT ( 'NONE',  ( 1909.999999947923200, 85.49999999999791100, 1868.499999995032800 ) ) ;
#3322 = FACE_OUTER_BOUND ( 'NONE', #1101, .T. ) ;
#3323 = EDGE_CURVE ( 'NONE', #3041, #2832, #2002, .T. ) ;
#3324 = AXIS2_PLACEMENT_3D ( 'NONE', #17, #2038, #360 ) ;
#3325 = CARTESIAN_POINT ( 'NONE',  ( 1882.581469807119000, -89.68197110434680000, 1862.843166480687200 ) ) ;
#3326 = ORIENTED_EDGE ( 'NONE', *, *, #2797, .F. ) ;
#3327 = ORIENTED_EDGE ( 'NONE', *, *, #1800, .T. ) ;
#3328 = ORIENTED_EDGE ( 'NONE', *, *, #3362, .T. ) ;
#3329 = EDGE_CURVE ( 'NONE', #2566, #942, #2946, .T. ) ;
#3330 = ORIENTED_EDGE ( 'NONE', *, *, #279, .F. ) ;
#3331 = DIRECTION ( 'NONE',  ( -1.000000000000000000, 0.0000000000000000000, 9.115413737835363400E-011 ) ) ;
#3332 = ORIENTED_EDGE ( 'NONE', *, *, #344, .F. ) ;
#3333 = DIRECTION ( 'NONE',  ( -0.9659258263126715400, 1.105180242833326800E-015, -0.2588190450144317600 ) ) ;
#3334 = CARTESIAN_POINT ( 'NONE',  ( 1829.449874718044200, -55.01528258276989900, 1855.158088853695100 ) ) ;
#3335 = EDGE_CURVE ( 'NONE', #267, #677, #1766, .T. ) ;
#3336 = LINE ( 'NONE', #486, #644 ) ;
#3337 = EDGE_CURVE ( 'NONE', #1922, #329, #2318, .T. ) ;
#3338 = CARTESIAN_POINT ( 'NONE',  ( 1810.813437068732800, -31.27340314844524000, 1853.428203234349400 ) ) ;
#3339 = EDGE_CURVE ( 'NONE', #616, #789, #91, .T. ) ;
#3340 = DIRECTION ( 'NONE',  ( 9.115936689318759100E-011, -3.366713061171388300E-015, 1.000000000000000000 ) ) ;
#3341 = DIRECTION ( 'NONE',  ( 9.115936689318759100E-011, -3.491483360863812800E-015, 1.000000000000000000 ) ) ;
#3342 = EDGE_CURVE ( 'NONE', #693, #363, #2874, .T. ) ;
#3343 = AXIS2_PLACEMENT_3D ( 'NONE', #1606, #84, #3023 ) ;
#3344 = VECTOR ( 'NONE', #911, 1000.000000000000000 ) ;
#3345 = EDGE_CURVE ( 'NONE', #2566, #1003, #2250, .T. ) ;
#3346 = DIRECTION ( 'NONE',  ( -9.115936689318759100E-011, 3.491483360863812800E-015, -1.000000000000000000 ) ) ;
#3347 = CIRCLE ( 'NONE', #3451, 96.28311435487115900 ) ;
#3348 = CARTESIAN_POINT ( 'NONE',  ( 1909.769759448141000, 89.53478096150918500, 1865.500716596389800 ) ) ;
#3349 = CONICAL_SURFACE ( 'NONE', #2605, 104.0000000000000900, 1.308996938995783600 ) ;
#3350 = CYLINDRICAL_SURFACE ( 'NONE', #3066, 5.099999999999882400 ) ;
#3351 = DIRECTION ( 'NONE',  ( -9.115936689318759100E-011, 3.491483360863812800E-015, -1.000000000000000000 ) ) ;
#3352 = CARTESIAN_POINT ( 'NONE',  ( 1909.999999945780500, -2.220446049250313500E-012, 1844.999999995032300 ) ) ;
#3353 = LINE ( 'NONE', #1211, #1419 ) ;
#3354 = CARTESIAN_POINT ( 'NONE',  ( 1813.716885591866000, -2.220446049250313900E-012, 1855.495936510780400 ) ) ;
#3355 = EDGE_CURVE ( 'NONE', #1055, #1116, #838, .T. ) ;
#3356 = ORIENTED_EDGE ( 'NONE', *, *, #1556, .F. ) ;
#3357 = CYLINDRICAL_SURFACE ( 'NONE', #1788, 67.50000000000011400 ) ;
#3358 = AXIS2_PLACEMENT_3D ( 'NONE', #65, #610, #543 ) ;
#3359 = VERTEX_POINT ( 'NONE', #1871 ) ;
#3360 = CARTESIAN_POINT ( 'NONE',  ( 1912.999999947923200, 87.46032600002959600, 1868.499999994777500 ) ) ;
#3361 = DIRECTION ( 'NONE',  ( -1.000000000000000000, 0.0000000000000000000, 9.116890249275025600E-011 ) ) ;
#3362 = EDGE_CURVE ( 'NONE', #2423, #1578, #2809, .T. ) ;
#3363 = AXIS2_PLACEMENT_3D ( 'NONE', #2742, #1538, #639 ) ;
#3364 = ORIENTED_EDGE ( 'NONE', *, *, #3274, .F. ) ;
#3365 = ORIENTED_EDGE ( 'NONE', *, *, #1876, .F. ) ;
#3366 = CARTESIAN_POINT ( 'NONE',  ( 1809.312645347225700, 26.03952042166020000, 1853.428203234486300 ) ) ;
#3367 = DIRECTION ( 'NONE',  ( -9.115936689318759100E-011, 3.491483360863812800E-015, -1.000000000000000000 ) ) ;
#3368 = EDGE_CURVE ( 'NONE', #478, #2117, #2176, .T. ) ;
#3369 = CLOSED_SHELL ( 'NONE', ( #1947, #191, #1301, #924, #1466, #477, #629, #1682, #1535, #2128, #2214, #2165, #129, #2145, #221, #1697, #306, #1620, #780, #1580, #788, #2478, #2229, #1487, #1122, #928, #1451, #2401, #546, #2140, #2466, #1678, #1668, #946, #2211, #106, #2039, #2451, #403, #683, #976, #214, #1057, #1172, #1067, #1290, #753, #1553, #1710, #1918, #1703, #2306, #1540, #1482, #1830, #1574, #1109, #674, #2430, #2488, #651, #1744, #143, #871, #187, #5, #1134, #865, #1894, #883, #1130, #1956, #352, #1402, #2418, #2246, #1174, #489, #532, #810, #2328, #1846, #68, #1501, #234, #1094, #832, #1000, #2425, #2357, #1042, #58, #2456, #957, #1995, #1024, #912, #206, #1793, #1409, #1213, #40, #1080, #21, #1610, #1358, #609, #513, #2094, #338, #1712 ) ) ;
#3370 = EDGE_LOOP ( 'NONE', ( #1469, #713, #845, #961 ) ) ;
#3371 = APPLICATION_CONTEXT ( 'automotive_design' ) ;
#3372 = CARTESIAN_POINT ( 'NONE',  ( 1869.861549775620200, 28.10524538119939600, 1844.999999998691000 ) ) ;
#3373 = PLANE ( 'NONE',  #2249 ) ;
#3374 = CARTESIAN_POINT ( 'NONE',  ( 1838.190619615788600, -64.13930936920583300, 1855.495936508549200 ) ) ;
#3375 = DIRECTION ( 'NONE',  ( 1.000000000000000000, 0.0000000000000000000, -9.115936689318757800E-011 ) ) ;
#3376 = PRESENTATION_LAYER_ASSIGNMENT (  '', '', ( #2877 ) ) ;
#3377 = PRODUCT_CONTEXT ( 'NONE', #3371, 'mechanical' ) ;
#3378 = CARTESIAN_POINT ( 'NONE',  ( 1952.499999945506700, -2.664535259100375700E-012, 1841.999999991157900 ) ) ;
#3379 = VECTOR ( 'NONE', #1372, 1000.000000000000200 ) ;
#3380 = DIRECTION ( 'NONE',  ( -9.115936689318759100E-011, 3.366713061171388300E-015, -1.000000000000000000 ) ) ;
#3381 = CARTESIAN_POINT ( 'NONE',  ( 1845.817967641931800, 39.99999999999868500, 1833.000000000883600 ) ) ;
#3382 = CARTESIAN_POINT ( 'NONE',  ( 1960.138450115667000, -28.10524538120384700, 1841.999999990461700 ) ) ;
#3383 = EDGE_CURVE ( 'NONE', #256, #2154, #201, .T. ) ;
#3384 = CIRCLE ( 'NONE', #3207, 10.00000000000000900 ) ;
#3385 = AXIS2_PLACEMENT_3D ( 'NONE', #762, #2582, #1075 ) ;
#3386 = DIRECTION ( 'NONE',  ( 1.000000000000000000, 5.329070518200743500E-015, -9.115819210592227600E-011 ) ) ;
#3387 = CYLINDRICAL_SURFACE ( 'NONE', #3363, 3.000000000000113700 ) ;
#3388 = CARTESIAN_POINT ( 'NONE',  ( 1835.099999944686300, -1.331643059682622600E-012, 1833.000000001859900 ) ) ;
#3389 = CIRCLE ( 'NONE', #49, 49.50000000000009900 ) ;
#3390 = CIRCLE ( 'NONE', #908, 49.50000000000009900 ) ;
#3391 = ORIENTED_EDGE ( 'NONE', *, *, #2131, .T. ) ;
#3392 = FACE_OUTER_BOUND ( 'NONE', #2930, .T. ) ;
#3393 = CYLINDRICAL_SURFACE ( 'NONE', #448, 5.099999999999882400 ) ;
#3394 = DIRECTION ( 'NONE',  ( -1.000000000000000000, 0.0000000000000000000, 9.115998554311590400E-011 ) ) ;
#3395 = ORIENTED_EDGE ( 'NONE', *, *, #907, .F. ) ;
#3396 = FACE_OUTER_BOUND ( 'NONE', #71, .T. ) ;
#3397 = DIRECTION ( 'NONE',  ( 1.000000000000000000, 0.0000000000000000000, -9.114931032172527400E-011 ) ) ;
#3398 = VERTEX_POINT ( 'NONE', #2127 ) ;
#3399 =( NAMED_UNIT ( * ) SI_UNIT ( $, .STERADIAN. ) SOLID_ANGLE_UNIT ( ) );
#3400 = DIRECTION ( 'NONE',  ( -1.000000000000000000, 0.0000000000000000000, 9.116890249275025600E-011 ) ) ;
#3401 = ORIENTED_EDGE ( 'NONE', *, *, #3109, .T. ) ;
#3402 = VERTEX_POINT ( 'NONE', #1385 ) ;
#3403 = ORIENTED_EDGE ( 'NONE', *, *, #2500, .F. ) ;
#3404 = DIRECTION ( 'NONE',  ( -9.115936689318759100E-011, 3.491483360863812800E-015, -1.000000000000000000 ) ) ;
#3405 = AXIS2_PLACEMENT_3D ( 'NONE', #2899, #2796, #2871 ) ;
#3406 = ORIENTED_EDGE ( 'NONE', *, *, #748, .T. ) ;
#3407 = ORIENTED_EDGE ( 'NONE', *, *, #2587, .F. ) ;
#3408 = ORIENTED_EDGE ( 'NONE', *, *, #877, .T. ) ;
#3409 = CARTESIAN_POINT ( 'NONE',  ( 1912.999999947923200, 85.49999999999791100, 1868.499999994758800 ) ) ;
#3411 = CARTESIAN_POINT ( 'NONE',  ( 1878.692409219402200, -94.97435060253425800, 1852.773086463539600 ) ) ;
#3410 = AXIS2_PLACEMENT_3D ( 'NONE', #885, #2691, #1201 ) ;
#3412 = VERTEX_POINT ( 'NONE', #481 ) ;
#3413 = DIRECTION ( 'NONE',  ( -9.115936689318759100E-011, 3.366713061171388300E-015, -1.000000000000000000 ) ) ;
#3414 = CARTESIAN_POINT ( 'NONE',  ( 1809.312645347226000, 26.03952042166023500, 1853.428203234486800 ) ) ;
#3415 = VERTEX_POINT ( 'NONE', #779 ) ;
#3416 = DIRECTION ( 'NONE',  ( 9.115936689318759100E-011, -3.491483360863812800E-015, 1.000000000000000000 ) ) ;
#3417 = DIRECTION ( 'NONE',  ( -9.115936689318759100E-011, 3.491483360863812800E-015, -1.000000000000000000 ) ) ;
#3418 = CARTESIAN_POINT ( 'NONE',  ( 1857.499999945780700, -1.780182262195930000E-012, 1844.999999999817900 ) ) ;
#3419 = DIRECTION ( 'NONE',  ( 9.115936689318759100E-011, -3.366713061171388300E-015, 1.000000000000000000 ) ) ;
#3420 = DIRECTION ( 'NONE',  ( -1.000000000000000000, 0.0000000000000000000, 9.116890249274627600E-011 ) ) ;
#3421 = ORIENTED_EDGE ( 'NONE', *, *, #958, .T. ) ;
#3422 = VECTOR ( 'NONE', #2228, 1000.000000000000000 ) ;
#3423 = EDGE_CURVE ( 'NONE', #363, #647, #1537, .T. ) ;
#3424 = AXIS2_PLACEMENT_3D ( 'NONE', #879, #251, #2684 ) ;
#3425 = DIRECTION ( 'NONE',  ( -9.115936689318759100E-011, 3.491483360863812800E-015, -1.000000000000000000 ) ) ;
#3426 = LINE ( 'NONE', #450, #2820 ) ;
#3427 = ADVANCED_BREP_SHAPE_REPRESENTATION ( 'IRB660_180-315_LINK6_CAD_rev02', ( #1314, #1219 ), #3094 ) ;
#3428 = CIRCLE ( 'NONE', #3111, 10.00000000000000900 ) ;
#3429 = DIRECTION ( 'NONE',  ( 9.115936689318759100E-011, -3.491483360863812800E-015, 1.000000000000000000 ) ) ;
#3430 = DIRECTION ( 'NONE',  ( 1.000000000000000000, 0.0000000000000000000, -9.114931032172527400E-011 ) ) ;
#3431 = ORIENTED_EDGE ( 'NONE', *, *, #2661, .F. ) ;
#3432 = EDGE_CURVE ( 'NONE', #3415, #773, #3436, .T. ) ;
#3433 = STYLED_ITEM ( 'NONE', ( #3142 ), #3427 ) ;
#3434 = CIRCLE ( 'NONE', #3244, 5.100000000000104400 ) ;
#3435 = FACE_OUTER_BOUND ( 'NONE', #430, .T. ) ;
#3436 = B_SPLINE_CURVE_WITH_KNOTS ( 'NONE', 3,
 ( #2603, #2353, #1898, #158, #2134, #492, #2366, #793, #2616, #1121, #2854, #1405, #3097, #1671, #3348, #1907, #183, #2148, #498, #2376, #813, #2626, #1131, #2866, #1420, #3102, #1683, #3360 ),
 .UNSPECIFIED., .F., .F.,
 ( 4, 2, 2, 2, 2, 2, 2, 2, 2, 2, 2, 2, 2, 4 ),
 ( 7.077063580628492200E-011, 0.001295231591583628000, 0.001942847351990124000, 0.002590463112396620100, 0.003238078872803116400, 0.003885694633209612200, 0.004533310393616108100, 0.005180926154022604300, 0.005828541914429100600, 0.006476157674835596900, 0.007123773435242091400, 0.007771389195648588600, 0.009066620716461637500, 0.01036185223727468700 ),
 .UNSPECIFIED. ) ;
#3437 = DIRECTION ( 'NONE',  ( -9.115936689318759100E-011, 3.366713061171388300E-015, -1.000000000000000000 ) ) ;
#3438 = DIRECTION ( 'NONE',  ( -9.115936689318759100E-011, 3.491483360863812800E-015, -1.000000000000000000 ) ) ;
#3439 = CYLINDRICAL_SURFACE ( 'NONE', #1031, 10.00000000000000900 ) ;
#3440 = ORIENTED_EDGE ( 'NONE', *, *, #2612, .F. ) ;
#3441 = CARTESIAN_POINT ( 'NONE',  ( 1979.282032247442200, 39.99999999999648300, 1832.999999988716800 ) ) ;
#3442 = CARTESIAN_POINT ( 'NONE',  ( 1906.999999947923500, 85.49999999999793900, 1868.499999995169200 ) ) ;
#3443 = ORIENTED_EDGE ( 'NONE', *, *, #180, .F. ) ;
#3444 = CYLINDRICAL_SURFACE ( 'NONE', #28, 5.099999999999882400 ) ;
#3445 = CARTESIAN_POINT ( 'NONE',  ( 1831.820922808810800, -56.20026697210251100, 1855.495936509129700 ) ) ;
#3446 = VERTEX_POINT ( 'NONE', #193 ) ;
#3447 = CARTESIAN_POINT ( 'NONE',  ( 1949.999999944687300, 69.28203230275231300, 1832.999999991386200 ) ) ;
#3448 = ORIENTED_EDGE ( 'NONE', *, *, #520, .T. ) ;
#3449 = SURFACE_SIDE_STYLE ('',( #1231 ) ) ;
#3450 = EDGE_CURVE ( 'NONE', #1430, #271, #2103, .T. ) ;
#3452 = DIRECTION ( 'NONE',  ( 1.000000000000000000, 0.0000000000000000000, -9.116000135825862400E-011 ) ) ;
#3451 = AXIS2_PLACEMENT_3D ( 'NONE', #2399, #842, #2655 ) ;
#3453 = CARTESIAN_POINT ( 'NONE',  ( 1909.999999946646300, -2.187276957322107300E-012, 1854.499999995032600 ) ) ;
#3454 = UNCERTAINTY_MEASURE_WITH_UNIT (LENGTH_MEASURE( 1.000000000000000100E-005 ), #309, 'distance_accuracy_value', 'NONE');
#3455 = CARTESIAN_POINT ( 'NONE',  ( 1890.538978683485100, -83.58169373516409500, 1869.999999996806100 ) ) ;
#3456 = CIRCLE ( 'NONE', #3183, 11.50000000000006600 ) ;
#3457 = CARTESIAN_POINT ( 'NONE',  ( 1894.836947405062800, -89.39643654958688000, 1863.812942817991600 ) ) ;
#3458 = VECTOR ( 'NONE', #1074, 1000.000000000000000 ) ;
#3459 = CIRCLE ( 'NONE', #548, 5.099999999999882400 ) ;
#3460 = ORIENTED_EDGE ( 'NONE', *, *, #2535, .F. ) ;
#3461 = CONICAL_SURFACE ( 'NONE', #2713, 100.0000000000003100, 1.308996938995814900 ) ;
#3462 = CIRCLE ( 'NONE', #3002, 50.00000000000004300 ) ;
#3463 = AXIS2_PLACEMENT_3D ( 'NONE', #2363, #787, #2614 ) ;
#3464 = DIRECTION ( 'NONE',  ( 1.000000000000000000, 0.0000000000000000000, -9.114931032172527400E-011 ) ) ;
#3465 = ORIENTED_EDGE ( 'NONE', *, *, #2170, .F. ) ;
#3466 = CARTESIAN_POINT ( 'NONE',  ( 1891.751659719156400, -94.17714317477212700, 1856.023467928273200 ) ) ;
#3467 = ORIENTED_EDGE ( 'NONE', *, *, #1128, .F. ) ;
#3468 = ORIENTED_EDGE ( 'NONE', *, *, #2090, .T. ) ;
#3469 = FACE_OUTER_BOUND ( 'NONE', #208, .T. ) ;
#3470 =( LENGTH_UNIT ( ) NAMED_UNIT ( * ) SI_UNIT ( .MILLI., .METRE. ) );
ENDSEC;
END-ISO-10303-21;
